user,degree_centrality,betweenness_centrality
user_f52e10bc6c,0.017358490566037738,0.01793427867976761
user_af078de613,0.021283018867924528,0.01718218404009219
user_15d9d2ae81,0.011471698113207548,0.016269569021609195
user_0490713ced,0.010415094339622642,0.014944580565094106
user_f6f5721949,0.008150943396226415,0.011053951757021377
user_48fdcf70b6,0.006339622641509435,0.009500323931746537
user_6b786b9c33,0.008452830188679246,0.008923496063047345
user_0c8b9a2842,0.00709433962264151,0.008227256531151923
user_50201ce08e,0.006037735849056604,0.008094575117902016
user_fe753e5087,0.00649056603773585,0.007733997332590559
user_be610be82a,0.0034716981132075476,0.007328790739371859
user_7f2ac59622,0.00860377358490566,0.0065326707910070255
user_8da589bc07,0.005433962264150944,0.006256421329215
user_3411f39029,0.007849056603773585,0.00588138250155695
user_a07526ed54,0.006339622641509435,0.005849976698150949
user_4fed78bfa8,0.0034716981132075476,0.005157367474187266
user_71704f1c68,0.009056603773584906,0.005037416618112568
user_5056171117,0.005886792452830189,0.004926314138760926
user_266041e0dc,0.005886792452830189,0.00487893851702717
user_c273db3f8a,0.008452830188679246,0.0047647110633903785
user_051d6576e0,0.003018867924528302,0.0046773812795454
user_c10cb90d1f,0.003018867924528302,0.004590010166950034
user_84a0a93765,0.015849056603773587,0.0043340199157412655
user_9fa77f24a6,0.0004528301886792453,0.004333038487430264
user_4ea17129ba,0.004377358490566038,0.004312821726584381
user_5104056974,0.0031698113207547173,0.004227750922490939
user_b1b14fea27,0.0019622641509433963,0.004061077976236677
user_1db8a6089c,0.0019622641509433963,0.004028456014845379
user_87979a1aa7,0.0031698113207547173,0.00397074714265363
user_bf1dcad748,0.0016603773584905662,0.0036843361937203088
user_21fa7d0ee3,0.009056603773584906,0.0036595760932697993
user_e14aa10386,0.004679245283018868,0.003534075411132501
user_6e894c92cc,0.002867924528301887,0.0035029133859734085
user_c0022c20f7,0.0036226415094339623,0.0032671261319665275
user_177b8c57d1,0.002867924528301887,0.0032315797027091062
user_f0d0748e8d,0.007849056603773585,0.003212543780379021
user_1386d5cfe8,0.003018867924528302,0.003105795606180601
user_797dc3b683,0.0025660377358490568,0.003085210804930774
user_6b737b1bc5,0.0018113207547169811,0.002987257388626762
user_9a27044c51,0.005584905660377359,0.0029312782900745653
user_e59ed87fd0,0.004981132075471698,0.002861935475581299
user_5a02fbb148,0.004981132075471698,0.002817236635462421
user_d03b6d7016,0.0025660377358490568,0.0027627998369309445
user_67a3f70048,0.0003018867924528302,0.002732398772395784
user_5df781e228,0.00649056603773585,0.0027091304606757494
user_fb036c6591,0.0018113207547169811,0.00266998839429842
user_e8aed96560,0.0025660377358490568,0.0026501394414405344
user_8b17a8bc04,0.003018867924528302,0.002627874288663342
user_77445d1d44,0.004830188679245283,0.002619326759090363
user_9548423ca5,0.0009056603773584906,0.0025913338225679325
user_b2e90905dc,0.004679245283018868,0.0025720664203757425
user_e889db5b82,0.0006037735849056604,0.0024442717000205567
user_7ad1dfa0ec,0.0012075471698113208,0.0024127688526680837
user_27970c6904,0.0025660377358490568,0.002409205437382601
user_f8e8854568,0.0021132075471698114,0.002378368152364476
user_af6db192c9,0.0051320754716981136,0.0022822007670318836
user_8de9c0cff3,0.004075471698113208,0.002272800043561715
user_4de7f39679,0.0033207547169811324,0.0022517144406624602
user_4b53d5500c,0.0039245283018867925,0.0022451167840042987
user_7c27405d6c,0.0021132075471698114,0.002207933561167789
user_141c81a6f4,0.0019622641509433963,0.0022045864148262694
user_2f02cb8494,0.0024150943396226416,0.002162618124226059
user_bffc7495fe,0.002867924528301887,0.002117118153635583
user_74631e9af4,0.004830188679245283,0.0021158166678928087
user_2573384390,0.0025660377358490568,0.00210728914195522
user_fcf12746c5,0.0019622641509433963,0.0020622722982782202
user_6292de9399,0.0018113207547169811,0.002061768635053456
user_545dfb8e9d,0.004377358490566038,0.0020247734776951774
user_edef8f7bd2,0.0021132075471698114,0.0019823778763697467
user_8d1b57050d,0.002716981132075472,0.0019317960382356717
user_d01c50e91b,0.0006037735849056604,0.0018757952810886833
user_2aeac0acb7,0.0024150943396226416,0.0018718546609701335
user_eb8856808a,0.004226415094339623,0.0018702051333598535
user_55450165f7,0.0019622641509433963,0.0018536687482257346
user_89dc76bfec,0.0021132075471698114,0.0018465090286352637
user_c1894f802f,0.0006037735849056604,0.0018236836023263448
user_b7daee08b9,0.0009056603773584906,0.0018134368360973425
user_d96563183a,0.0024150943396226416,0.0018093519431623042
user_ad9cc67aaa,0.0025660377358490568,0.0017986374226897372
user_2e4c9b029b,0.0021132075471698114,0.0017454654755975944
user_9828bf6b46,0.0024150943396226416,0.0017422313004777552
user_9ad05f3c61,0.001509433962264151,0.0017380246973623097
user_c638ccde94,0.001509433962264151,0.0017243898841677173
user_ce492238eb,0.001509433962264151,0.0017073901778963758
user_48f16ce9e8,0.0025660377358490568,0.0016763587515581857
user_d91df4273b,0.001509433962264151,0.0016713571199001083
user_d9c6238148,0.001509433962264151,0.0016451798757757313
user_68cf797086,0.003018867924528302,0.0016304495702203139
user_4dd7d3c740,0.0037735849056603774,0.0016185439294162222
user_6a314b477e,0.0019622641509433963,0.0016044225363982204
user_8944bda0eb,0.0004528301886792453,0.0015506918913355788
user_12bdc8c221,0.0022641509433962265,0.001540767644435996
user_e61da2768b,0.0025660377358490568,0.001525132410377518
user_7bd2d78858,0.0039245283018867925,0.0015004170382070306
user_c6023aae31,0.0021132075471698114,0.0014872904895307229
user_1d5d778336,0.0033207547169811324,0.0014782454527313756
user_ce69bda37f,0.0016603773584905662,0.0014666153663940174
user_1dd35f0367,0.0024150943396226416,0.0014576917916057136
user_57855d6de8,0.0012075471698113208,0.0014511798636940203
user_c6610002c3,0.0034716981132075476,0.0014422710354613053
user_aa5fed8a62,0.0021132075471698114,0.001435577758482656
user_341936a362,0.0016603773584905662,0.0014265942780726701
user_7fd729dd53,0.002867924528301887,0.0014249767159133023
user_0bdb4daf22,0.0034716981132075476,0.0014166581853632394
user_3ba374b73e,0.001509433962264151,0.0014130843706127512
user_75b76eab06,0.0018113207547169811,0.0013837952162628734
user_0603484814,0.004679245283018868,0.0013548247775606382
user_e0cd15a4b9,0.0018113207547169811,0.0013521829137560569
user_35fc4726b6,0.0021132075471698114,0.0013492014707243228
user_a943458de9,0.0037735849056603774,0.0013269394021884864
user_e9e8a67f01,0.0016603773584905662,0.0013146288118508268
user_97be89bb4f,0.0021132075471698114,0.0013062016235253068
user_798230f5b3,0.0006037735849056604,0.0013037890646392135
user_269eb92693,0.0016603773584905662,0.0012936584942133383
user_d2f86a24d3,0.0021132075471698114,0.0012883900415808424
user_0e1788ae60,0.0022641509433962265,0.0012817519301801057
user_23ec49ee88,0.0021132075471698114,0.0012408995486575165
user_2ce8bf0617,0.0004528301886792453,0.0012348676297261525
user_e52e4d89e3,0.002716981132075472,0.0012267898767171683
user_57631b6f89,0.0006037735849056604,0.0012232090514278358
user_d84f77a791,0.004075471698113208,0.0012219236637209495
user_ca07899793,0.0012075471698113208,0.0011973807733026726
user_fc646decee,0.0018113207547169811,0.0011888163610294404
user_21e3efaef1,0.0019622641509433963,0.0011823987299695823
user_482d428827,0.0019622641509433963,0.0011801472529084922
user_2be5d3b1e2,0.002867924528301887,0.0011675829525649806
user_76da0a68e2,0.0018113207547169811,0.0011633523950265287
user_cd360f5588,0.0012075471698113208,0.001161937236698463
user_2f45d1618c,0.0007547169811320755,0.0011025235493252964
user_ee5740d840,0.0019622641509433963,0.0010922195439680604
user_1f0eefeeb4,0.0018113207547169811,0.0010775718328568777
user_0995a4e6c6,0.0033207547169811324,0.0010752462085048035
user_4c7b119ec3,0.0031698113207547173,0.001064420000595592
user_4600298c8c,0.0022641509433962265,0.0010479442054219423
user_e38e0e9898,0.0018113207547169811,0.0010409383894951234
user_ed3b3d3ad2,0.0004528301886792453,0.0010381092044077047
user_fcd2be3960,0.0021132075471698114,0.0010298051929022091
user_6e002fc2a7,0.001358490566037736,0.0010221124340458914
user_86fc1691b4,0.0025660377358490568,0.0010191265985342447
user_35df29d5f7,0.0016603773584905662,0.0010115208632022223
user_a6d844641b,0.0007547169811320755,0.000996169663060078
user_32317add51,0.0007547169811320755,0.0009959600806163575
user_19fd4dc7b8,0.001509433962264151,0.0009900126751344062
user_c9553eab2d,0.0012075471698113208,0.0009828372251464452
user_bb8c9914de,0.0033207547169811324,0.0009521550258903671
user_64d8d9edd3,0.0018113207547169811,0.0009355808895901593
user_0b421249b1,0.0016603773584905662,0.0009227911104091329
user_c9d2ab8a2d,0.0024150943396226416,0.0009142671622443594
user_42a10e8814,0.0018113207547169811,0.0009079857695725092
user_fe07b2e79c,0.0009056603773584906,0.0009070250147798421
user_38d6a50482,0.001509433962264151,0.000896012820348705
user_a8325f67f9,0.0012075471698113208,0.0008940835495311792
user_93e1a8ea84,0.001509433962264151,0.0008715052081833078
user_175337ceb8,0.0031698113207547173,0.0008664028365187823
user_16c189c01b,0.001358490566037736,0.0008625691904667221
user_fa20f2649a,0.0016603773584905662,0.000860949386546004
user_d1a2243574,0.0024150943396226416,0.0008564647813488829
user_5723e80308,0.0010566037735849057,0.000854612067290244
user_8b7b911974,0.001358490566037736,0.000840907604506409
user_bde8733514,0.001358490566037736,0.0008339603092238236
user_56f163167d,0.002867924528301887,0.0008234033960726026
user_63b6542756,0.0009056603773584906,0.0008203555698139306
user_949e39e4a7,0.0021132075471698114,0.0008194756553809207
user_4e26f05738,0.0006037735849056604,0.0008192577469821056
user_a5fa3801e3,0.001358490566037736,0.0008128212574112885
user_52c8285177,0.001358490566037736,0.0007991597027522431
user_b00b71b361,0.0012075471698113208,0.0007913665204497893
user_63cb294229,0.0016603773584905662,0.000790087786054618
user_ab85b7442e,0.001358490566037736,0.0007869841720949271
user_a37ba1e9fc,0.0018113207547169811,0.0007852200608905504
user_c46d044155,0.001509433962264151,0.0007851816505145861
user_cbec0a4e71,0.0016603773584905662,0.0007814140768439574
user_4391089c27,0.0010566037735849057,0.0007785359071495225
user_eadbe8c9bd,0.0009056603773584906,0.0007738288596471565
user_5330a6647a,0.0004528301886792453,0.0007718991809938866
user_c522e82c7a,0.002716981132075472,0.0007689089880186656
user_43260ec600,0.0010566037735849057,0.0007663689753771504
user_9c614dee88,0.0018113207547169811,0.0007590941514293596
user_c1f91a7ba4,0.0016603773584905662,0.0007583657658426157
user_9595ca1490,0.0012075471698113208,0.0007381222206754582
user_22f1156045,0.001358490566037736,0.0007349428938033156
user_637d5dd780,0.001509433962264151,0.0007345814754048549
user_097cb0b69d,0.001358490566037736,0.000730079892769771
user_6832c4e2b4,0.0009056603773584906,0.00072889925713244
user_54fbad909c,0.0006037735849056604,0.0007284632590283482
user_34261c4924,0.0022641509433962265,0.000726440263903399
user_b38a876d0b,0.0009056603773584906,0.000717114525621722
user_0ebb4eed7e,0.001358490566037736,0.000716865179978626
user_d06ab627ff,0.0019622641509433963,0.0007114428218879416
user_cddaf0058a,0.001509433962264151,0.0007086425460391447
user_526688902f,0.0010566037735849057,0.0007019530323416675
user_ec47bf6f49,0.0012075471698113208,0.0006995498033749063
user_7ce84adcca,0.0004528301886792453,0.0006903743511461946
user_99b182119b,0.0021132075471698114,0.000682635322841822
user_b0eed4edd4,0.0009056603773584906,0.0006715706806288841
user_156f63729c,0.0009056603773584906,0.0006654303185532828
user_e40ce2a7b5,0.001509433962264151,0.0006622374405359705
user_d64325f39b,0.0012075471698113208,0.000656813403625171
user_a21ec2b09d,0.0018113207547169811,0.0006559023672807938
user_b26db7872e,0.001509433962264151,0.0006548869561859612
user_66bea7e08a,0.001358490566037736,0.0006539112590332482
user_dfae7bed0a,0.0021132075471698114,0.000649144263344654
user_5de85bcb9b,0.001509433962264151,0.000639791138705505
user_7621355e7f,0.0006037735849056604,0.000627817174064959
user_706e3d26b9,0.0006037735849056604,0.0006272658235453301
user_73af829f6d,0.0019622641509433963,0.0006257385146089668
user_c3b2d4b60e,0.001509433962264151,0.000623193843046189
user_ef36a1827d,0.0039245283018867925,0.0006231369054220144
user_c28890722d,0.0016603773584905662,0.0006227457341687817
user_7247b70c17,0.0009056603773584906,0.0006223500288247945
user_fbae8a0131,0.001358490566037736,0.0006220656115224493
user_30328e0a88,0.0006037735849056604,0.0006185274383757153
user_4b4533e878,0.0025660377358490568,0.0006165628382537035
user_a23500d3bc,0.0004528301886792453,0.0006114431886657785
user_4e9f95b370,0.0019622641509433963,0.0006109373867664893
user_2e6812df53,0.0016603773584905662,0.0006089333778294944
user_d66334c969,0.0004528301886792453,0.0006075041245100719
user_b5e40b5b94,0.0018113207547169811,0.0006073153882964178
user_4d421bcb8b,0.0006037735849056604,0.0006064844830198376
user_7626b5415f,0.0018113207547169811,0.0006028071901389301
user_5cb16b51d9,0.0018113207547169811,0.0005991863634125008
user_a0519e73e5,0.0016603773584905662,0.0005985715721997022
user_ff9c25577e,0.0007547169811320755,0.0005927333205668951
user_b64003d618,0.0004528301886792453,0.0005892762441240941
user_2e49565da2,0.001509433962264151,0.0005888744565897798
user_66713638f4,0.0007547169811320755,0.0005886100809184587
user_cd2e6d500e,0.0010566037735849057,0.0005882398371845735
user_de421f4ad2,0.001509433962264151,0.0005832559784455673
user_d5324aec0c,0.001358490566037736,0.0005756537364128263
user_6683842d2c,0.0018113207547169811,0.0005681285432837686
user_bffff6b9ab,0.001358490566037736,0.0005674209078622084
user_dbfd394abd,0.0009056603773584906,0.0005640242487938992
user_975faea40a,0.0024150943396226416,0.000562498845356042
user_2fd901802f,0.0018113207547169811,0.0005572340496455636
user_95ddedcf25,0.0007547169811320755,0.0005534008609312058
user_1d9de562d6,0.0009056603773584906,0.0005510902109604988
user_728de3e875,0.0006037735849056604,0.000544587970816048
user_6bb0b52420,0.0007547169811320755,0.000544430541099987
user_4c097b73dc,0.0012075471698113208,0.0005404937354057776
user_0ceaeefd8c,0.001358490566037736,0.0005404099277947007
user_60f9dff469,0.0007547169811320755,0.0005315507810685553
user_a99640c79a,0.001509433962264151,0.000531107159816287
user_b3233c0951,0.0016603773584905662,0.0005297598152265632
user_057be5441d,0.001358490566037736,0.0005294115802139985
user_0d3a821799,0.001358490566037736,0.0005218388452916794
user_3ef850452b,0.0009056603773584906,0.0005211095812771196
user_201dfbbb81,0.0018113207547169811,0.0005166707068745463
user_4c1de28463,0.0016603773584905662,0.000516614368488842
user_aa459948a6,0.001358490566037736,0.0005152840677079959
user_b1c18dbceb,0.0006037735849056604,0.000514178403454398
user_66ac5d39fc,0.0004528301886792453,0.0005074297947787176
user_0c391cd1dc,0.0019622641509433963,0.0005060927211691844
user_50c3a1c296,0.0012075471698113208,0.0005054195825249246
user_125d9330b4,0.0006037735849056604,0.0005051448709848
user_8b96e7b617,0.001358490566037736,0.0005037443773847217
user_67b24a28dd,0.0006037735849056604,0.0004965778050218626
user_43cf1eb426,0.0012075471698113208,0.0004931602551818529
user_ebd9891ac9,0.0019622641509433963,0.0004898837161607875
user_7c4f56bf02,0.0010566037735849057,0.0004879529558970544
user_f4e9e7cb65,0.0004528301886792453,0.0004827621895314193
user_fc1d82bfa6,0.0012075471698113208,0.00048249189380844
user_babb7941fb,0.0006037735849056604,0.00048129848909564974
user_28368e01ba,0.0006037735849056604,0.00047267888619257546
user_39b5001a73,0.0006037735849056604,0.00046991569165587136
user_cf5ce68847,0.0009056603773584906,0.0004679397111735774
user_78c81d5701,0.0004528301886792453,0.00046591414422635774
user_7138672f5d,0.0012075471698113208,0.0004638894241724048
user_500fdc09e6,0.001509433962264151,0.000460178807985629
user_47285aac60,0.0016603773584905662,0.00046015520775553783
user_82af80998f,0.001509433962264151,0.00045510577495709673
user_c6bab2e8d2,0.0010566037735849057,0.00045484050480223623
user_8a87c2fc13,0.0006037735849056604,0.0004540158684008736
user_4dfcddcec6,0.0024150943396226416,0.0004526473716163397
user_09933885bb,0.0010566037735849057,0.00045083217919406803
user_3b549f07e1,0.0007547169811320755,0.0004506398851300615
user_6b49c50eee,0.001358490566037736,0.000446674520252226
user_eeca9677ad,0.0004528301886792453,0.0004441791313380559
user_cceae3a629,0.0018113207547169811,0.0004432282204403412
user_e337f810aa,0.0006037735849056604,0.0004406434670087053
user_c1392a569e,0.0009056603773584906,0.00044016421996422326
user_b18bc960de,0.001358490566037736,0.00043686023133595247
user_5c9f40e9ed,0.0006037735849056604,0.00043536594541256145
user_996d679f58,0.0006037735849056604,0.0004312712597307467
user_67746158c7,0.0012075471698113208,0.0004309899288058126
user_3d2fc5d873,0.001509433962264151,0.00042795025488771225
user_952aafd6dd,0.0009056603773584906,0.00042327897598539024
user_594c85f4a4,0.001509433962264151,0.00042118804836126407
user_2af063d97e,0.0012075471698113208,0.0004185686681377975
user_48149ceb7d,0.0004528301886792453,0.00040963872658410824
user_0b399f04b2,0.0012075471698113208,0.00040797546214748487
user_df4eecf848,0.0009056603773584906,0.0004074197116170625
user_2329279dae,0.0010566037735849057,0.0004041367154669278
user_fd4312eb9d,0.0019622641509433963,0.0003991069332654821
user_c102c0760e,0.001509433962264151,0.00039875005778715214
user_c76fb41e7f,0.0009056603773584906,0.0003964503121811092
user_a992e0aa14,0.0004528301886792453,0.0003955954085109031
user_74bf4db037,0.0010566037735849057,0.0003951345871823312
user_6fb66d3816,0.0007547169811320755,0.0003924601790624579
user_c02fb7cc14,0.0007547169811320755,0.00039042625426679114
user_380eb41a2c,0.0012075471698113208,0.0003893325071959874
user_f2411ab10f,0.0007547169811320755,0.0003892048123188931
user_7341b2127d,0.001358490566037736,0.00038877916854369946
user_d4e9dbc6d7,0.0012075471698113208,0.00038668778750037966
user_390dd7c090,0.0003018867924528302,0.00038067542347769895
user_051558ce79,0.0007547169811320755,0.0003784015487258616
user_7b19efd4f2,0.0010566037735849057,0.0003772691314439366
user_8e461ab6e9,0.001358490566037736,0.0003767451608762186
user_c31a326a96,0.0012075471698113208,0.000375946779413694
user_1c8458b087,0.0021132075471698114,0.0003759122079421504
user_6aaf651869,0.0010566037735849057,0.00037395354608672044
user_c5f5cb9b77,0.001358490566037736,0.00037094575715600653
user_006be186c0,0.0004528301886792453,0.0003703678569800902
user_af5c97c8a4,0.001509433962264151,0.00036909061120798194
user_f0ec4642e0,0.001358490566037736,0.00036811682620036456
user_274c9542d6,0.001358490566037736,0.0003679142862025859
user_f3a031a267,0.0012075471698113208,0.00036629924346003094
user_34948e03d4,0.0006037735849056604,0.00036585885896150456
user_940861bd9f,0.0006037735849056604,0.00036456287029441246
user_10677ef27e,0.0012075471698113208,0.00035873111750959086
user_433264da78,0.0010566037735849057,0.0003556769821248876
user_681ffc3931,0.0010566037735849057,0.00035381111289579134
user_5ad809d4e7,0.0007547169811320755,0.00035380277154704767
user_815f37222f,0.002716981132075472,0.00035226872795299376
user_1ab076b2a7,0.0022641509433962265,0.00035027473005130427
user_52b44f9e99,0.0007547169811320755,0.0003461798283776631
user_7d1c8a2f0c,0.0006037735849056604,0.0003457693247037451
user_f4869c6eb2,0.0004528301886792453,0.00034377861163057327
user_f3582a1e04,0.0006037735849056604,0.00034194040883752443
user_379fe8b893,0.0004528301886792453,0.00033987900260142555
user_19b3b8f115,0.0012075471698113208,0.0003392159353484656
user_bac31ef4f4,0.0010566037735849057,0.0003332746457970881
user_41dc94a349,0.0009056603773584906,0.00033069213154273997
user_1b74120305,0.0003018867924528302,0.00033018165486837717
user_a7fed8405e,0.0010566037735849057,0.0003289957813901804
user_236d0332d5,0.0016603773584905662,0.0003285589510151583
user_77d9c62e15,0.0012075471698113208,0.00032635769304830006
user_acc3ea95ce,0.0004528301886792453,0.00032358606980243407
user_06b3e385c9,0.0025660377358490568,0.00032307823111941595
user_7e51067b69,0.0004528301886792453,0.0003227820650546245
user_9402e8bdd7,0.001358490566037736,0.0003226875237570047
user_5d6614947e,0.0007547169811320755,0.0003219095251157048
user_623c670869,0.0006037735849056604,0.0003212794343702117
user_d5b5b7d16b,0.0007547169811320755,0.00031810476226646625
user_5b576341bc,0.0009056603773584906,0.00031386605002427204
user_99e680fb91,0.0007547169811320755,0.00031232222032384345
user_92f6b2c356,0.0007547169811320755,0.000310789245228485
user_26d8057e97,0.0010566037735849057,0.0003094438072125214
user_318096cdff,0.0010566037735849057,0.00030901023682664366
user_ffb8fba011,0.0009056603773584906,0.00030720873632109725
user_efa56a122d,0.0009056603773584906,0.0003069537950337263
user_387a1d4804,0.001358490566037736,0.000306256906370583
user_0b54e35d8d,0.0009056603773584906,0.0003047712378087685
user_e837010ee5,0.0009056603773584906,0.00030389705960012905
user_ffda4de702,0.001358490566037736,0.0003037828262066639
user_4e7890d433,0.0006037735849056604,0.00030222287951062887
user_f5ff77d225,0.0012075471698113208,0.0002986128677550864
user_b7e358ff74,0.0018113207547169811,0.00029444457700568026
user_74a7aecc63,0.0009056603773584906,0.0002927337619344216
user_aedad13a2d,0.0006037735849056604,0.0002916763438873859
user_8012d51bbc,0.0012075471698113208,0.00028999232970756234
user_45de02dc4c,0.0006037735849056604,0.0002879909568137462
user_f465f40e71,0.0003018867924528302,0.0002853065577375925
user_eb37a8e662,0.0009056603773584906,0.00028483268120907217
user_ea3342dbd4,0.001509433962264151,0.0002825525839211575
user_be7bfd6c85,0.0006037735849056604,0.00028020729059016503
user_f1cab2142b,0.0004528301886792453,0.0002780788782053983
user_6fbcd447a8,0.0007547169811320755,0.00027804179673245364
user_08be5b24d5,0.0009056603773584906,0.0002772209843780583
user_ebd7d97222,0.0009056603773584906,0.00027326227337005676
user_9646a6fdbb,0.0012075471698113208,0.00027312071402528737
user_b80be7c7f7,0.0009056603773584906,0.00027236464647406805
user_2b1d704560,0.0012075471698113208,0.0002715243928089808
user_9c88260020,0.0007547169811320755,0.00026999229441522504
user_c292cc4c69,0.0009056603773584906,0.00026917082457105504
user_a25da544dc,0.0010566037735849057,0.0002684944489953376
user_81b4599d34,0.0003018867924528302,0.0002677027781978478
user_5111beabbf,0.0012075471698113208,0.0002662264239954811
user_d8f3f52821,0.0007547169811320755,0.00026609759754571074
user_9b7b1da0d0,0.001358490566037736,0.00026405953491617453
user_3d609597a3,0.0009056603773584906,0.00026236004209301836
user_bfe2f9e6eb,0.0007547169811320755,0.0002621271318846895
user_097f360fdf,0.0006037735849056604,0.00026013983487623065
user_064c760b7a,0.0006037735849056604,0.0002579356573535138
user_16009a7a19,0.0012075471698113208,0.0002575551526607413
user_979cc0ca16,0.0003018867924528302,0.0002574961969480479
user_0f6a45bb02,0.0007547169811320755,0.00025737308113571043
user_34db307c7f,0.001358490566037736,0.00025682627624693406
user_8fcd03ed3e,0.001509433962264151,0.0002556670473691194
user_077a01359d,0.001358490566037736,0.00025401569994600563
user_c8ba8053d0,0.0006037735849056604,0.00025316926286021154
user_2724bb20be,0.0007547169811320755,0.0002521662609252676
user_d983437d62,0.0009056603773584906,0.00025124031234598806
user_5eb7623ff7,0.0007547169811320755,0.0002510984779927406
user_e4954ce7ae,0.0016603773584905662,0.00025082246453098225
user_fd02ca5c6f,0.0004528301886792453,0.0002506956348009944
user_2a9c3fa8b2,0.0004528301886792453,0.0002506762034975325
user_1017ce6ee4,0.0010566037735849057,0.000250509576383192
user_03aa9b5b15,0.0007547169811320755,0.0002502788987887258
user_50ad7391b5,0.004226415094339623,0.00024908523294974014
user_26e0fde08b,0.0006037735849056604,0.00024848254944854624
user_8c8695e5a3,0.0006037735849056604,0.0002475088554454992
user_7e295b90f9,0.001509433962264151,0.0002461875170905113
user_f5f5be9d40,0.0004528301886792453,0.00024596524138953874
user_e7b90966e1,0.0009056603773584906,0.00024584839379198324
user_e8efc2ca73,0.001358490566037736,0.00024573455017774126
user_6380c690d6,0.001358490566037736,0.00024573455017774126
user_d0079e9fad,0.0004528301886792453,0.0002452197496864026
user_6889b8652f,0.0012075471698113208,0.0002451305942940479
user_3994a4ab18,0.0007547169811320755,0.00024346971561389113
user_cfe936b930,0.0010566037735849057,0.00024339422112842945
user_3a2f2f44f9,0.0007547169811320755,0.00024339422112842945
user_aac41a4c44,0.0009056603773584906,0.0002432432321575061
user_f513ec3c6a,0.0007547169811320755,0.00024294125421565942
user_670867519e,0.0006037735849056604,0.00024294125421565942
user_fd3880cddb,0.0004528301886792453,0.00024279026524473609
user_42147d0c21,0.0007547169811320755,0.00024279026524473609
user_7cdb036214,0.0009056603773584906,0.00024279026524473606
user_bcbf21e996,0.0004528301886792453,0.00024203532039011937
user_85027e01d5,0.0006037735849056604,0.0002416862921589531
user_be477fc72f,0.0007547169811320755,0.00024086608435796975
user_d1bbb11267,0.0007547169811320755,0.00024050865438864915
user_967d197d33,0.0006037735849056604,0.0002396493333897379
user_661ec7f6ca,0.0006037735849056604,0.0002363553625947221
user_5229595919,0.0006037735849056604,0.00023555886581497218
user_762b836c97,0.0010566037735849057,0.00023520636485004472
user_af7ea651ee,0.0006037735849056604,0.00023454569644097811
user_48ac3b366c,0.0009056603773584906,0.0002345288599438567
user_71c5cd5408,0.0010566037735849057,0.0002262949962766193
user_ba14cc9119,0.0018113207547169811,0.0002259996301899988
user_1b732fa4d1,0.0007547169811320755,0.00022597455303617625
user_9dcbba9996,0.001358490566037736,0.00022508746077889858
user_2e38365294,0.0006037735849056604,0.00022239172480148462
user_14cfb28b3a,0.0006037735849056604,0.00021981418039678394
user_740773dcc0,0.001509433962264151,0.0002177250708793623
user_96c0279868,0.0006037735849056604,0.00021658010503356422
user_b7de6ce472,0.0007547169811320755,0.0002154288501372348
user_4d004f2555,0.001358490566037736,0.00021375129507110634
user_090b429c0a,0.0007547169811320755,0.00021357382845619695
user_f5a984a93b,0.0010566037735849057,0.00020909461981660158
user_5f335fc674,0.0009056603773584906,0.0002090110148485388
user_7b5267142a,0.0016603773584905662,0.00020792613294717816
user_775ecb85d5,0.0004528301886792453,0.00020783756037660872
user_f127be98e9,0.0010566037735849057,0.00020759439322454352
user_33a83cdae8,0.0006037735849056604,0.00020737181203698518
user_85455926da,0.0006037735849056604,0.0002038526628968295
user_7f00dd6632,0.001509433962264151,0.00019984990463846236
user_b1aa22ac62,0.0007547169811320755,0.0001991018488965662
user_0b015af6dd,0.0004528301886792453,0.00019872663212783522
user_7fe21e2c70,0.0007547169811320755,0.00019837326447213644
user_5fe3a767a1,0.0010566037735849057,0.00019524703177469356
user_4203aea3ec,0.0007547169811320755,0.0001951580429493164
user_96740b1445,0.0009056603773584906,0.00019499975815921207
user_fd9c7ac5b8,0.0004528301886792453,0.00019256208734758938
user_79e5850d19,0.0010566037735849057,0.00019222372934308776
user_72980283a6,0.0004528301886792453,0.00019148267207155805
user_34e8e58168,0.0018113207547169811,0.0001911039952436589
user_e2480fe47b,0.0010566037735849057,0.00019013411987664453
user_a4864af44e,0.0009056603773584906,0.0001898266296390339
user_adb496a05b,0.0007547169811320755,0.00018960996972554428
user_52a2f2df96,0.0016603773584905662,0.00018956730519276296
user_1748a6c6a3,0.0009056603773584906,0.0001889211831044618
user_1eea5e2c90,0.0004528301886792453,0.00018831344453559384
user_8b319a9da4,0.0003018867924528302,0.00018718102725366885
user_d833d9314d,0.0009056603773584906,0.00018674870149188417
user_b9684dcbdb,0.0006037735849056604,0.00018534212354326518
user_d2943de437,0.0009056603773584906,0.0001852155098051033
user_2cb2594b90,0.0009056603773584906,0.00018511139985936953
user_6a261652a7,0.0006037735849056604,0.0001848022998436862
user_0b435cabd3,0.0007547169811320755,0.00018459061046566691
user_82a32e8b94,0.0006037735849056604,0.00018449468181265757
user_1a42fe87e0,0.0009056603773584906,0.00018398006107009384
user_f8ba767e86,0.0007547169811320755,0.0001839045665846322
user_9a36e514ec,0.0003018867924528302,0.00018367808312824718
user_666ca317a0,0.0009056603773584906,0.0001836214622641509
user_1b3ea07f1e,0.0004528301886792453,0.00018345159967186216
user_bf6990ed6d,0.0007547169811320755,0.00018269665481724544
user_9ab7f09758,0.0006037735849056604,0.00018247017136086043
user_fa6c5327ad,0.0009056603773584906,0.00018247017136086043
user_a45fb6a539,0.0006037735849056604,0.00018239467687539875
user_c911829bd8,0.0007547169811320755,0.00018224368790447542
user_b0300765ff,0.0007547169811320755,0.00018145171365550482
user_cb85a85046,0.001358490566037736,0.00018076475049433682
user_50de33108e,0.0004528301886792453,0.00018059790812141097
user_3b087829e6,0.001509433962264151,0.00018045029289672423
user_47d5bbf37a,0.0006037735849056604,0.0001776759120364943
user_9d8f883ae3,0.0006037735849056604,0.00017757154020797648
user_ed0c968bb0,0.0004528301886792453,0.00017729095007689824
user_4ffa06b93b,0.0007547169811320755,0.00017685893316358417
user_091a7a4c50,0.0004528301886792453,0.00017645108300846587
user_13790859fe,0.0007547169811320755,0.0001684878736582592
user_bf6f7cb606,0.0007547169811320755,0.00016837344683080265
user_b6788af815,0.0006037735849056604,0.00016677915184584754
user_7669af0045,0.0012075471698113208,0.00016672735151707834
user_5c04b30e54,0.0009056603773584906,0.00016665167728284182
user_d8f5b075a5,0.001358490566037736,0.00016546303969586202
user_0a9a07dbd8,0.0007547169811320755,0.00016385853619207703
user_f2bbe11133,0.0009056603773584906,0.00016340694771950915
user_b5d0572245,0.0009056603773584906,0.0001633460586599985
user_4d4aa24a0c,0.0006037735849056604,0.0001626596454288743
user_b62ed63076,0.0003018867924528302,0.00016152722814694915
user_71c3d5401d,0.0009056603773584906,0.000161414923522709
user_d69eadb40e,0.0004528301886792453,0.00016132698340891956
user_c6e6b8456b,0.0006037735849056604,0.000161211608886217
user_45eff3b3a4,0.0012075471698113208,0.00015818192276054595
user_a929ca8c39,0.0003018867924528302,0.00015738907653472392
user_00e982233f,0.0007547169811320755,0.00015607078038659743
user_bf0d9427b1,0.0009056603773584906,0.00015212282619546768
user_278707a4e9,0.0009056603773584906,0.00015199799611822622
user_64b56c7fde,0.0010566037735849057,0.000150238639620616
user_9c72ad7dee,0.0009056603773584906,0.00014932061309950537
user_b4f2e0ff93,0.0004528301886792453,0.00014848893994942155
user_765d1b1608,0.0004528301886792453,0.00014802907508158403
user_db2554a118,0.0007547169811320755,0.00014774822306772156
user_8dd84205d2,0.0007547169811320755,0.0001477091213503166
user_9b26719aaf,0.0006037735849056604,0.00014764820104488376
user_e4f042126a,0.0012075471698113208,0.00014721424665025976
user_2255f81329,0.0007547169811320755,0.00014458766786435104
user_65c14d6e30,0.0006037735849056604,0.00014449590592731485
user_f8ee0a06c9,0.0012075471698113208,0.0001410287341125716
user_0fb91b8347,0.0006037735849056604,0.00013986292574467548
user_9d80a25e37,0.0009056603773584906,0.0001380414419806981
user_d162267190,0.001509433962264151,0.00013712078918161254
user_a0935157c8,0.0004528301886792453,0.00013693516316645756
user_abca91e6b9,0.0007547169811320755,0.00013685719967784814
user_91f34289e1,0.0009056603773584906,0.000136403556164665
user_8c5885be82,0.0006037735849056604,0.00013544339812536076
user_a633620457,0.0007547169811320755,0.00013523327180749249
user_7eb4900218,0.0021132075471698114,0.0001350942411457149
user_30660e9690,0.0007547169811320755,0.0001339185892678099
user_8fef452d43,0.0007547169811320755,0.00013351489677357705
user_7a68259487,0.001509433962264151,0.00013342769536353423
user_3b0509c3a4,0.014641509433962264,0.00013289623815238724
user_bcbf6faf1f,0.0006037735849056604,0.00013265646738460217
user_96fb454502,0.0006037735849056604,0.00013251306446265427
user_285ccf7ffa,0.0006037735849056604,0.00013148955419808064
user_19d4a9823e,0.0003018867924528302,0.00013025257340853626
user_7ca2aff12f,0.0004528301886792453,0.00013011827530549848
user_c9e1946b66,0.0007547169811320755,0.00013011061147136818
user_8b50ad46fa,0.0009056603773584906,0.0001294513828393904
user_4cf17ea551,0.0007547169811320755,0.00012938283903423994
user_52ba048dc6,0.001358490566037736,0.0001293250984311519
user_dd4e90dfb0,0.0006037735849056604,0.00012870504466198256
user_7b8dee98c7,0.0006037735849056604,0.0001286223295341545
user_787db25b68,0.0016603773584905662,0.0001285343766076204
user_b35e7ec212,0.0009056603773584906,0.00012852510744415654
user_63b5495c33,0.0022641509433962265,0.00012748831978850114
user_e10d023e02,0.0006037735849056604,0.00012739030440576441
user_c469a837a0,0.0007547169811320755,0.0001271861588198613
user_16f2adddb1,0.0006037735849056604,0.00012665673876149675
user_d55d5e8d22,0.0007547169811320755,0.0001259726149241941
user_1d1b46e013,0.0012075471698113208,0.00012499999430316288
user_53bda180af,0.0007547169811320755,0.00012455960980463644
user_2fe41bfdbf,0.0004528301886792453,0.00012385193887782078
user_bf88b1db79,0.0006037735849056604,0.0001236461265305502
user_364dc35e25,0.0006037735849056604,0.00012335271661364082
user_03621aba03,0.0006037735849056604,0.00012328249475890984
user_dfadcdd1a3,0.0007547169811320755,0.00012327404656648912
user_8e8b3273bc,0.0006037735849056604,0.00012313425921240214
user_bc18e78dbd,0.0009056603773584906,0.00012275403336067814
user_875d7b3f9b,0.0007547169811320755,0.00012275403336067814
user_70debca215,0.0004528301886792453,0.00012267853887521646
user_24d67e28c1,0.0006037735849056604,0.00012260304438975478
user_1081690901,0.0016603773584905662,0.00012260304438975478
user_454a5cb61a,0.0007547169811320755,0.00012257053981962546
user_be2aa59421,0.0009056603773584906,0.00012252754990429312
user_35a9dcc899,0.0004528301886792453,0.00012252754990429312
user_b38f8cdbb5,0.0007547169811320755,0.0001225174839728982
user_3a9483fd40,0.0007547169811320755,0.0001224549083545153
user_3de6a5ca9f,0.0003018867924528302,0.00012245205541883144
user_0407dac734,0.0003018867924528302,0.00012245205541883144
user_d9d5a37782,0.0003018867924528302,0.00012245205541883144
user_3ea3f71737,0.0007547169811320755,0.00012245205541883144
user_7a38cf927a,0.0006037735849056604,0.00012245205541883144
user_81a8efbe9d,0.0007547169811320755,0.00012245205541883144
user_6ab791acc6,0.0007547169811320755,0.00012245205541883144
user_51cb30d53d,0.001358490566037736,0.00012237656093336976
user_8330b0831e,0.0007547169811320755,0.00012237656093336976
user_a24d4d19b4,0.0003018867924528302,0.0001223010664479081
user_3090a1cd1f,0.0004528301886792453,0.0001223010664479081
user_943b14444f,0.0006037735849056604,0.0001223010664479081
user_01eb12684e,0.0009056603773584906,0.0001223010664479081
user_3203fa304a,0.0003018867924528302,0.00012222557196244643
user_bc0eba7abd,0.0004528301886792453,0.00012207458299152307
user_19046671fa,0.0007547169811320755,0.00012206474583129627
user_fd96fe2e99,0.0004528301886792453,0.00012199908850606142
user_e37319a4fa,0.0004528301886792453,0.00012192359402059975
user_4410006b18,0.0010566037735849057,0.00012192359402059975
user_cffbff1506,0.0006037735849056604,0.00012192359402059975
user_3a41294e62,0.0009056603773584906,0.0001217726050496764
user_110f3ef953,0.0006037735849056604,0.00012169711056421472
user_51ea4e031d,0.0009056603773584906,0.00012162161607875307
user_cdc6bfff62,0.0007547169811320755,0.00012162161607875306
user_ffe77aca28,0.0010566037735849057,0.0001215461215932914
user_4705552b8e,0.0009056603773584906,0.0001215461215932914
user_ff97fc237c,0.0009056603773584906,0.00012154612159329139
user_4443e47b96,0.0006037735849056604,0.00012154612159329139
user_e2dcb11777,0.0004528301886792453,0.00012154612159329139
user_52f724badd,0.0003018867924528302,0.00012154612159329139
user_0e125f3c71,0.0003018867924528302,0.00012154612159329139
user_de60c34c1c,0.0009056603773584906,0.00012154612159329139
user_518af38f8b,0.0006037735849056604,0.00012154612159329139
user_7e9572580f,0.0004528301886792453,0.00012147062710782974
user_5e0ae56134,0.0004528301886792453,0.00012147062710782974
user_71798205a7,0.0006037735849056604,0.00012147062710782971
user_1f66d3fa62,0.0007547169811320755,0.00012147062710782971
user_f64bbb8574,0.0006037735849056604,0.00012147062710782971
user_4c7d06218e,0.0003018867924528302,0.00012147062710782971
user_ed6d9f522b,0.0010566037735849057,0.00012147062710782971
user_2888ae3e40,0.0003018867924528302,0.00012147062710782971
user_df5bc43d52,0.0004528301886792453,0.00012147062710782971
user_9b81208651,0.0006037735849056604,0.00012147062710782971
user_a563edd1fa,0.0003018867924528302,0.00012147062710782971
user_04935dcd34,0.0012075471698113208,0.00012147062710782971
user_79ce0347d0,0.0009056603773584906,0.0001214706271078297
user_0a63034c96,0.0009056603773584906,0.0001214706271078297
user_f4a616f16f,0.0004528301886792453,0.00012139513262236808
user_8909558610,0.0003018867924528302,0.00012139513262236806
user_533db00a74,0.0010566037735849057,0.00012139513262236806
user_43a2062acb,0.0003018867924528302,0.00012139513262236806
user_3eba52cb73,0.0003018867924528302,0.00012139513262236806
user_da64ea6e06,0.0004528301886792453,0.00012139513262236804
user_c5bffc08a7,0.0003018867924528302,0.00012139513262236804
user_64eabc4a70,0.0004528301886792453,0.00012139513262236804
user_d4c3fd4586,0.0004528301886792453,0.00012139513262236804
user_a8d8ef8083,0.0004528301886792453,0.00012139513262236804
user_11f94d1ca1,0.0003018867924528302,0.00012139513262236804
user_bc6afcc3ea,0.0003018867924528302,0.00012139513262236804
user_d003e36e6c,0.0003018867924528302,0.00012139513262236804
user_887924d7f6,0.0006037735849056604,0.00012139513262236804
user_8429b6d292,0.0003018867924528302,0.00012139513262236804
user_9518b005f9,0.0003018867924528302,0.00012139513262236804
user_b397429c0f,0.0006037735849056604,0.00012139513262236804
user_cc788b9633,0.0004528301886792453,0.00012139513262236804
user_051834d698,0.0004528301886792453,0.00012139513262236804
user_e52f8034f5,0.0003018867924528302,0.00012139513262236804
user_896a4ac622,0.0003018867924528302,0.00012139513262236804
user_cdceaa1113,0.0006037735849056604,0.00012139513262236804
user_1c6e69cde9,0.0004528301886792453,0.00012139513262236804
user_817b6e1571,0.0003018867924528302,0.00012139513262236804
user_0a4fab40a2,0.0003018867924528302,0.00012139513262236804
user_f462fae2f5,0.0003018867924528302,0.00012139513262236804
user_876a0a24d4,0.0003018867924528302,0.00012139513262236804
user_ed1e80b02f,0.0004528301886792453,0.00012139513262236804
user_782b3aff35,0.0006037735849056604,0.00012139513262236804
user_730bc9690c,0.0004528301886792453,0.00012139513262236803
user_c7866fd57c,0.0004528301886792453,0.00012139513262236803
user_9315c8eb95,0.0003018867924528302,0.00012139513262236803
user_f2353b6ae3,0.0007547169811320755,0.00012139513262236803
user_a71c9f3f9c,0.0003018867924528302,0.00012139513262236803
user_472b1dcb49,0.0003018867924528302,0.00012131963813690639
user_6a351ad302,0.0004528301886792453,0.00012131963813690639
user_550f17e4d9,0.0006037735849056604,0.00012131963813690639
user_5537fc2967,0.0004528301886792453,0.00012131963813690638
user_aab8695c69,0.0004528301886792453,0.00012131963813690638
user_f6cb9b2251,0.0009056603773584906,0.00012131963813690638
user_32e14f673d,0.0007547169811320755,0.00012131963813690638
user_b25c44de88,0.0004528301886792453,0.00012131963813690638
user_f6797f1cd3,0.0004528301886792453,0.00012131963813690638
user_56099d7307,0.0004528301886792453,0.00012131963813690638
user_0493fe4218,0.0004528301886792453,0.00012131963813690638
user_42a0b8d709,0.0004528301886792453,0.00012131963813690638
user_bf5dd9fd46,0.0006037735849056604,0.00012131963813690638
user_fe183a6932,0.0004528301886792453,0.00012131963813690638
user_9c917f808c,0.0003018867924528302,0.00012131963813690638
user_6e1456d84b,0.0004528301886792453,0.00012131963813690635
user_c90e184cbc,0.0004528301886792453,0.00012131963813690635
user_d48014f5c2,0.0004528301886792453,0.0001212441436514447
user_a737c73c68,0.0004528301886792453,0.0001212441436514447
user_587d0e9f20,0.0004528301886792453,0.0001212441436514447
user_73bf40f88b,0.0003018867924528302,0.0001212441436514447
user_472c3fb6ec,0.0003018867924528302,0.00012116864916598303
user_96072373a7,0.0004528301886792453,0.00012094216570959802
user_e2e58b5580,0.0010566037735849057,0.0001197720011849421
user_6855928387,0.001509433962264151,0.00011680436336651984
user_5d6485963a,0.0018113207547169811,0.00011645581603665072
user_ee3eb470b5,0.0010566037735849057,0.00011625464782789096
user_d5b011b4c4,0.0004528301886792453,0.0001155317602664403
user_2d36b153d3,0.0012075471698113208,0.00011092624335438695
user_d4d8624d74,0.0006037735849056604,0.00011090012456097357
user_fcc0c3af2f,0.0016603773584905662,0.00011055743949228624
user_dfe6852636,0.0006037735849056604,0.00011040846641015836
user_559461ca01,0.0007547169811320755,0.00010781382196449024
user_ff0239a288,0.0004528301886792453,0.00010749160893924911
user_989c9f742f,0.0009056603773584906,0.00010672811464334758
user_8c74082652,0.0007547169811320755,0.0001052480751106965
user_2616537ef4,0.0006037735849056604,0.00010353388669025545
user_ce6fe868ab,0.0004528301886792453,0.00010302204381649823
user_951a77cd59,0.0004528301886792453,0.00010188028135208901
user_26f584d908,0.0006037735849056604,0.00010017502445036453
user_3bd44ae7ba,0.0006037735849056604,9.980284818581076e-05
user_12d7da100e,0.0007547169811320755,9.686176158139855e-05
user_6ee0e64618,0.0012075471698113208,9.665313316998784e-05
user_3f7cdd5c17,0.0006037735849056604,9.662348635398265e-05
user_a60a7217e9,0.0003018867924528302,9.448042161552127e-05
user_66a5c29cc5,0.001358490566037736,9.433586733279656e-05
user_e7263dd22e,0.0006037735849056604,9.397156720281212e-05
user_80b6f13d2d,0.0007547169811320755,9.246359852746717e-05
user_b84110785e,0.0003018867924528302,9.246151157163256e-05
user_15316e4718,0.0007547169811320755,9.020344503100164e-05
user_9a5747cef9,0.0004528301886792453,9.005251624745101e-05
user_f0402acd9e,0.0003018867924528302,8.691397750597566e-05
user_336cf5ce58,0.0010566037735849057,8.619568987908303e-05
user_80aa3696cb,0.0004528301886792453,8.45333600103904e-05
user_0fcaab824d,0.0009056603773584906,8.417650065038866e-05
user_1fccc0da63,0.0004528301886792453,8.399309820114339e-05
user_1f80b64409,0.0004528301886792453,8.170276848198642e-05
user_3dcf5bf54e,0.0006037735849056604,8.155177259764865e-05
user_b9cdbf4803,0.0003018867924528302,8.140077419934199e-05
user_6fd832dacd,0.0010566037735849057,8.105817031089964e-05
user_36f2df4ea5,0.0007547169811320755,8.034320866483499e-05
user_333f41ef3c,0.001509433962264151,7.928933615061246e-05
user_78dacfbc15,0.0007547169811320755,7.854901421498018e-05
user_338e6d5f1e,0.0004528301886792453,7.82459230039145e-05
user_4487d8442e,0.0004528301886792453,7.814538423552353e-05
user_b5833de530,0.0006037735849056604,7.801216370259643e-05
user_e01716ad0f,0.001358490566037736,7.761785773966867e-05
user_7d2da23f79,0.0012075471698113208,7.75487719893739e-05
user_dd584be27b,0.0006037735849056604,7.690300967816851e-05
user_dda52b9ab0,0.0006037735849056604,7.67778699267898e-05
user_b4ca6b0815,0.0006037735849056604,7.599752866278787e-05
user_bfc4227def,0.0009056603773584906,7.411622045906995e-05
user_21029c8651,0.0006037735849056604,7.318812716857476e-05
user_b48357749d,0.0006037735849056604,7.287313386760842e-05
user_84ce29da9e,0.0004528301886792453,7.258686927874783e-05
user_07c93d752b,0.0004528301886792453,7.245488874077113e-05
user_006addd59a,0.0006037735849056604,7.233677881659153e-05
user_d1e21bd943,0.0004528301886792453,7.229851033944837e-05
user_6a3aab8e74,0.0007547169811320755,7.089963833880295e-05
user_515f975d44,0.0006037735849056604,6.956271869689117e-05
user_2de6e1af5c,0.0009056603773584906,6.952600385738029e-05
user_08c7c0e40e,0.0006037735849056604,6.950021116516535e-05
user_43b19f6856,0.0007547169811320755,6.903557273287589e-05
user_0d0be9fd50,0.0003018867924528302,6.869923554035874e-05
user_4692d76cb9,0.0004528301886792453,6.824702159209083e-05
user_89916bc9f7,0.0006037735849056604,6.784901189368816e-05
user_6a8f2ea053,0.0004528301886792453,6.692271575821104e-05
user_988c224d3a,0.0007547169811320755,6.666067200252321e-05
user_77e02508b6,0.003018867924528302,6.648071352071045e-05
user_60ade6a727,0.0006037735849056604,6.631699779183031e-05
user_6cfb9a5bc4,0.0007547169811320755,6.616427669634877e-05
user_e846cb883f,0.0004528301886792453,6.6116272879583e-05
user_461e35e339,0.0003018867924528302,6.578608799740706e-05
user_0ae9477f36,0.0004528301886792453,6.571291662868774e-05
user_2503cb0b39,0.0004528301886792453,6.551559772527775e-05
user_d4f416581f,0.0003018867924528302,6.528798842982941e-05
user_0e8d9b1a62,0.0004528301886792453,6.450061798560566e-05
user_a7bef43d09,0.0006037735849056604,6.443036602486498e-05
user_6c427e98c1,0.0004528301886792453,6.397350105546626e-05
user_3114cb5c5e,0.0007547169811320755,6.338068172117939e-05
user_814fcab91c,0.0006037735849056604,6.32085322551996e-05
user_e775070de0,0.0007547169811320755,6.314232939871784e-05
user_f894e298f2,0.0012075471698113208,6.286125762207593e-05
user_73451d2192,0.010264150943396227,6.281141190411083e-05
user_0a70a64cb9,0.0004528301886792453,6.262591116840503e-05
user_8d148c9f80,0.0004528301886792453,6.247168671953331e-05
user_30d8156109,0.0004528301886792453,6.230002663949546e-05
user_4968bf12ce,0.0003018867924528302,6.196587366694011e-05
user_7e6929f276,0.0003018867924528302,6.175448910764743e-05
user_adb9480d3d,0.0004528301886792453,6.169577117451056e-05
user_b752df2b7c,0.0004528301886792453,6.167899462218575e-05
user_5313abf59e,0.0033207547169811324,6.167899462218575e-05
user_351a734afc,0.0003018867924528302,6.166157281784844e-05
user_fc925848f6,0.0009056603773584906,6.160350013672408e-05
user_4d69a6e24d,0.003018867924528302,6.152800565126241e-05
user_42a39fcceb,0.0009056603773584906,6.145251116580073e-05
user_0d14421e65,0.0006037735849056604,6.145251116580073e-05
user_3840e80c8e,0.0004528301886792453,6.143992875155714e-05
user_c7974c89c3,0.0004528301886792453,6.142917650665803e-05
user_547eb3d59f,0.0006037735849056604,6.137701668033907e-05
user_241ae592fb,0.0004528301886792453,6.137701668033907e-05
user_07380ce2ef,0.0012075471698113208,6.137701668033907e-05
user_5996609976,0.0006037735849056604,6.130152219487739e-05
user_2f1470d8fd,0.0006037735849056604,6.130152219487739e-05
user_54f87e20b5,0.0004528301886792453,6.130152219487739e-05
user_583930b58a,0.0003018867924528302,6.130152219487739e-05
user_547eae2601,0.0006037735849056604,6.130152219487739e-05
user_9f395b33ed,0.0006037735849056604,6.126587202118717e-05
user_28a994fd06,0.0004528301886792453,6.12562255036004e-05
user_e311818b94,0.0006037735849056604,6.122602770941572e-05
user_daf10a16e2,0.0004528301886792453,6.122602770941572e-05
user_585349f244,0.0004528301886792453,6.122602770941572e-05
user_49cb891cb3,0.0006037735849056604,6.122602770941572e-05
user_f88dfad7d6,0.0006037735849056604,6.122602770941572e-05
user_35c759c4dc,0.0009056603773584906,6.122602770941572e-05
user_2d872847c8,0.0004528301886792453,6.122602770941572e-05
user_f220334a7b,0.0003018867924528302,6.122602770941572e-05
user_ce76a1d4e0,0.0003018867924528302,6.122602770941572e-05
user_9e1f4c6926,0.0004528301886792453,6.122602770941572e-05
user_780bd7100e,0.0006037735849056604,6.122602770941572e-05
user_2550ff2e1b,0.0003018867924528302,6.122602770941572e-05
user_f22ea233e2,0.0007547169811320755,6.122602770941572e-05
user_33b9234b14,0.0006037735849056604,6.122602770941572e-05
user_80be0ea746,0.0006037735849056604,6.122602770941572e-05
user_19ee179182,0.0003018867924528302,6.122602770941572e-05
user_e66483ec02,0.0004528301886792453,6.122602770941572e-05
user_9e96c0c136,0.0003018867924528302,6.122602770941572e-05
user_f00e409341,0.0003018867924528302,6.122602770941572e-05
user_9126ce7283,0.0004528301886792453,6.122602770941572e-05
user_e63eb3831d,0.0004528301886792453,6.122602770941572e-05
user_8355b8554d,0.0004528301886792453,6.122602770941572e-05
user_010339b775,0.0006037735849056604,6.122602770941572e-05
user_9e177aa3cf,0.0004528301886792453,6.122602770941572e-05
user_cbf6452bba,0.0004528301886792453,6.122602770941572e-05
user_342941eec7,0.0003018867924528302,6.122602770941572e-05
user_8700527e63,0.0006037735849056604,6.122602770941572e-05
user_228b659d43,0.0006037735849056604,6.122602770941572e-05
user_01e58d084b,0.0004528301886792453,6.122602770941572e-05
user_c2a5c6f726,0.0004528301886792453,6.122602770941572e-05
user_7e3b90a6db,0.0004528301886792453,6.122602770941572e-05
user_823a75bfd3,0.0003018867924528302,6.122602770941572e-05
user_0fd8a058ac,0.0003018867924528302,6.122602770941572e-05
user_8058220fc7,0.0004528301886792453,6.122602770941572e-05
user_5699cc9520,0.0012075471698113208,6.122602770941572e-05
user_ac34ce4b98,0.0003018867924528302,6.122602770941572e-05
user_65cf44140d,0.0004528301886792453,6.115053322395405e-05
user_b9b9be3569,0.0009056603773584906,6.115053322395405e-05
user_7a43c8745d,0.0004528301886792453,6.115053322395405e-05
user_a1b05296dc,0.0004528301886792453,6.115053322395405e-05
user_06f2d79e4c,0.0010566037735849057,6.115053322395405e-05
user_91fc0796b3,0.0010566037735849057,6.115053322395405e-05
user_a40f61bb55,0.0004528301886792453,6.107503873849237e-05
user_31f1055a1b,0.0004528301886792453,6.107503873849237e-05
user_b8acfcb3a6,0.0003018867924528302,6.105616511712697e-05
user_cff58105ab,0.001358490566037736,6.086371137199171e-05
user_431ce34453,0.0004528301886792453,6.046769989067636e-05
user_c0542100a7,0.0004528301886792453,5.9807360503448476e-05
user_1eab793fb7,0.0006037735849056604,5.887222619612817e-05
user_b8ca78dd98,0.0007547169811320755,5.780294797586114e-05
user_1918beb846,0.0003018867924528302,5.671145747880776e-05
user_8521b8f205,0.0010566037735849057,5.6601793522679324e-05
user_1bc4c0b94b,0.0003018867924528302,5.6542921214600494e-05
user_02a47aacc7,0.0006037735849056604,5.57838421381609e-05
user_77df292e26,0.0003018867924528302,5.4381227042486266e-05
user_3611984f4f,0.0003018867924528302,5.435906892077933e-05
user_66b9dba7d1,0.0006037735849056604,5.365331405724485e-05
user_2b4b03c9ce,0.0004528301886792453,5.244121485569393e-05
user_ea3b59afb8,0.0004528301886792453,5.213923691384724e-05
user_552ced7865,0.0006037735849056604,5.192232099452669e-05
user_23cc91b951,0.0004528301886792453,5.028379500403673e-05
user_d37c9b8114,0.0010566037735849057,4.998574895848733e-05
user_bdb6778dc6,0.0010566037735849057,4.976728297401663e-05
user_d25c860146,0.0004528301886792453,4.8599395267176195e-05
user_060993f661,0.0009056603773584906,4.6712931874508984e-05
user_62cb5063b6,0.0012075471698113208,4.6418323632433564e-05
user_722893a6de,0.0004528301886792453,4.599315514004979e-05
user_85478f6771,0.0007547169811320755,4.564385152454269e-05
user_92ad648e6b,0.0004528301886792453,4.412237556123427e-05
user_07c562fdc6,0.0007547169811320755,4.2747499598179805e-05
user_4b725beec4,0.0007547169811320755,4.1633429211846294e-05
user_01f85663d1,0.0004528301886792453,4.148745523913695e-05
user_5d63286fad,0.0019622641509433963,4.074929385025946e-05
user_b001e5c868,0.0004528301886792453,4.0661999842362836e-05
user_b4c9784b6d,0.0006037735849056604,3.9767858625843304e-05
user_dcf3d41cdf,0.0006037735849056604,3.899586927171866e-05
user_9acf86a1f1,0.0010566037735849057,3.8869824871946386e-05
user_246d76e627,0.0009056603773584906,3.8409786868771344e-05
user_669f87ecad,0.0004528301886792453,3.763268284496064e-05
user_6d0c40efec,0.0003018867924528302,3.759900103334158e-05
user_290b1c6b81,0.0004528301886792453,3.624404415927351e-05
user_99365b4b22,0.0004528301886792453,3.596216581761598e-05
user_c7e313326e,0.0004528301886792453,3.519304259751176e-05
user_5fc4d97e9e,0.0004528301886792453,3.473878748518822e-05
user_42a66941fd,0.006037735849056604,3.4558409589567284e-05
user_e985261558,0.0004528301886792453,3.393270410411e-05
user_7773b27c7a,0.0010566037735849057,3.385550200528665e-05
user_fb45f20193,0.0009056603773584906,3.382662509225094e-05
user_fd048962c2,0.0009056603773584906,3.3766226780415276e-05
user_c50269fde3,0.001358490566037736,3.303441504843612e-05
user_dc1d889c3b,0.0004528301886792453,3.251763838038388e-05
user_15f779d6b5,0.0009056603773584906,3.191021582603052e-05
user_40e57dc3b8,0.0004528301886792453,3.13134908500765e-05
user_f505879516,0.0009056603773584906,3.128311728756765e-05
user_695f8dc761,0.0004528301886792453,3.1142733494363935e-05
user_dd35e57d31,0.0012075471698113208,3.051674916785833e-05
user_dac0944618,0.0004528301886792453,3.0443690508743828e-05
user_354a3ef161,0.0004528301886792453,2.965900540227857e-05
user_36db44b7ce,0.0016603773584905662,2.9374505095828065e-05
user_a9883912bc,0.0003018867924528302,2.789557011339458e-05
user_6af7f44fdc,0.0004528301886792453,2.6774958096598096e-05
user_ab11e8ebff,0.0006037735849056604,2.5666355765105538e-05
user_965cc15c6b,0.0006037735849056604,2.5495043327528972e-05
user_ff029dd100,0.0004528301886792453,2.541653668835443e-05
user_2c3853e141,0.0004528301886792453,2.5099001259592245e-05
user_daaa24197e,0.0006037735849056604,2.3924664175088015e-05
user_89ec6e3c11,0.0006037735849056604,2.3032065697471076e-05
user_a729f94716,0.0004528301886792453,2.176068627174383e-05
user_69e80d60e4,0.0003018867924528302,2.0754392713546393e-05
user_309c5dddc8,0.0003018867924528302,2.0496752802843857e-05
user_984a427a3b,0.0003018867924528302,2.037548229603876e-05
user_45bb81cefd,0.0006037735849056604,2.029127271846029e-05
user_2b9f50dc71,0.0003018867924528302,2.010334265082692e-05
user_5ac429b2b1,0.0006037735849056604,2.0086925596051926e-05
user_a089196869,0.0004528301886792453,1.9717762464383668e-05
user_ca98d06d4e,0.0010566037735849057,1.866651905635101e-05
user_e0a7ba663f,0.0004528301886792453,1.8631994074746853e-05
user_328bb8ab2c,0.0004528301886792453,1.8627579859639945e-05
user_751495de1c,0.0006037735849056604,1.769590739221584e-05
user_262f550df4,0.0004528301886792453,1.733919594840944e-05
user_d98da70682,0.0003018867924528302,1.7172058707883838e-05
user_0a48c266be,0.0004528301886792453,1.713169937754658e-05
user_5ba0c6d21a,0.0004528301886792453,1.679392803972375e-05
user_6e3b88c5cb,0.0006037735849056604,1.663469401492391e-05
user_5278b69652,0.0004528301886792453,1.643998887509962e-05
user_8d10eb73c6,0.0006037735849056604,1.627295617377994e-05
user_fb3abef451,0.0003018867924528302,1.6262825717183797e-05
user_e09d036901,0.0003018867924528302,1.5965697430803736e-05
user_75a1d97fb5,0.0006037735849056604,1.5879749160307193e-05
user_3f0f6cf88f,0.0004528301886792453,1.5296701401235514e-05
user_84983fc206,0.0006037735849056604,1.5276929035995555e-05
user_682ea7729f,0.0003018867924528302,1.489452273526309e-05
user_3b84c37bbb,0.0003018867924528302,1.4389997882223405e-05
user_231b372012,0.0003018867924528302,1.3550359511018856e-05
user_e20a47149c,0.0006037735849056604,1.258870545073375e-05
user_a89099269b,0.0009056603773584906,1.2573546637383114e-05
user_4cadf34a08,0.0004528301886792453,1.2572737767896025e-05
user_8c10224653,0.0004528301886792453,1.2529568103788772e-05
user_cb737aacbb,0.0006037735849056604,1.1374292769321137e-05
user_9fb3090d48,0.0006037735849056604,1.1273843162276301e-05
user_2fd81c1132,0.0006037735849056604,1.1078098830348564e-05
user_2a97b3dd36,0.0004528301886792453,1.0733817926192136e-05
user_931ebc93e5,0.0004528301886792453,1.0553320198054605e-05
user_52d7790421,0.0004528301886792453,1.0419449814780885e-05
user_e2bb133780,0.0003018867924528302,9.817007227172693e-06
user_f33ce0f582,0.0004528301886792453,9.516439389993538e-06
user_3b3eec5218,0.0004528301886792453,9.042711493721542e-06
user_24938274de,0.0003018867924528302,8.946584027673369e-06
user_a7a7ccd166,0.0004528301886792453,8.686979450291254e-06
user_e985154bcf,0.0012075471698113208,8.554289030352067e-06
user_2163c07394,0.0006037735849056604,8.423926336098198e-06
user_1355b135e4,0.0004528301886792453,7.88587833653803e-06
user_b7a09d9c53,0.0003018867924528302,7.548702316404668e-06
user_4afd447565,0.0007547169811320755,7.476998896013798e-06
user_09c228d9de,0.0004528301886792453,7.385130512242899e-06
user_d6180e8509,0.0003018867924528302,7.232311790969842e-06
user_b5e3ca8423,0.0003018867924528302,6.320116716437129e-06
user_c2fcdb73d7,0.0003018867924528302,5.794920754282934e-06
user_ad975183b5,0.0006037735849056604,5.77218253425698e-06
user_cf3409f8cf,0.0003018867924528302,5.762819885656226e-06
user_32341e3817,0.0006037735849056604,5.3238591315054305e-06
user_1a838cdeec,0.0003018867924528302,5.166464567876245e-06
user_a8a4b848e5,0.0004528301886792453,5.103696840371378e-06
user_7938cdf75a,0.0007547169811320755,5.041234141090584e-06
user_14215f20f9,0.0009056603773584906,5.01099717089087e-06
user_f91117cb1d,0.0003018867924528302,4.933176845220529e-06
user_a51737271d,0.0003018867924528302,4.848746247878049e-06
user_1570236e91,0.0003018867924528302,4.823558374676093e-06
user_cd523a0122,0.0004528301886792453,4.8095978864915136e-06
user_a38fa4fbd1,0.0006037735849056604,4.748063889214421e-06
user_c60522369d,0.0006037735849056604,4.5925811989183595e-06
user_3d62afa73b,0.0003018867924528302,4.588005775557046e-06
user_ad7da0aef8,0.004075471698113208,4.5296691277003e-06
user_c2ef4db922,0.0003018867924528302,4.521580432829406e-06
user_7d897c54b9,0.0009056603773584906,4.487469646083262e-06
user_7b6fd9f516,0.0009056603773584906,4.183805250113016e-06
user_c02f80a774,0.0004528301886792453,3.888325498825912e-06
user_5a1deaee65,0.0004528301886792453,3.6702902348616042e-06
user_b6180a41eb,0.0004528301886792453,3.5479412354070532e-06
user_f64528f407,0.0006037735849056604,3.434999088506061e-06
user_54a568d68c,0.0003018867924528302,3.3922234890207268e-06
user_0d155e8501,0.0004528301886792453,3.3855382172770052e-06
user_eb51682f3c,0.0007547169811320755,3.2824978833242467e-06
user_ba3b2ed5f5,0.0003018867924528302,3.274590276189947e-06
user_7a42b313f2,0.0004528301886792453,3.2637445954474933e-06
user_cdf5e84602,0.0004528301886792453,3.2053700285601433e-06
user_df3e2e4676,0.0004528301886792453,3.0116907235959743e-06
user_f9c4e91d01,0.0004528301886792453,2.955592765026727e-06
user_ddcdb171f1,0.0004528301886792453,2.945695269546787e-06
user_15d04ba973,0.0007547169811320755,2.79785232117916e-06
user_2bf74ddf6c,0.0010566037735849057,2.779455306413878e-06
user_8d028aed23,0.0003018867924528302,2.7665133946204493e-06
user_b67ea021b2,0.0004528301886792453,2.4302933111536457e-06
user_f809ea6a88,0.0004528301886792453,2.4246312247440217e-06
user_be5d9058b1,0.0003018867924528302,2.302581806580986e-06
user_35e1c42a95,0.0004528301886792453,2.2899993923373737e-06
user_a1eef29837,0.0003018867924528302,2.2082136997538963e-06
user_8687a24af7,0.0003018867924528302,2.156625801355088e-06
user_055abe17bb,0.0004528301886792453,2.1515928356576425e-06
user_abb9ca9ce2,0.0019622641509433963,2.1138455929268067e-06
user_c74bf9fddc,0.0003018867924528302,2.1138455929268067e-06
user_4051d51de4,0.0003018867924528302,2.000603864734299e-06
user_ccaba890ee,0.001358490566037736,1.9628566220034634e-06
user_27557d02f5,0.0004528301886792453,1.9439830006380455e-06
user_ed758a892b,0.0003018867924528302,1.8770265819845392e-06
user_6a302181c9,0.0004528301886792453,1.81186765108012e-06
user_2c0008f3d4,0.0004528301886792453,1.7956003869508791e-06
user_8a19791bac,0.0004528301886792453,1.7917357882903408e-06
user_f0cb61f90d,0.0004528301886792453,1.6553064681346056e-06
user_e48bad91d5,0.0003018867924528302,1.6231314374259409e-06
user_6cd42f953c,0.0003018867924528302,1.6143237474554126e-06
user_afb4c02aae,0.0004528301886792453,1.585384194695105e-06
user_49231fc02e,0.0003018867924528302,1.5067441056725305e-06
user_608be6e1c7,0.0007547169811320755,1.35890073831009e-06
user_e971ff22b5,0.0006037735849056604,1.3211534955792542e-06
user_686cc8b583,0.0003018867924528302,1.2645326314830004e-06
user_aa9379f1bf,0.0006037735849056604,1.2483552417412135e-06
user_d153486b76,0.0007547169811320755,1.2172913852774392e-06
user_f4c3f9b82f,0.0003018867924528302,1.2003623188405795e-06
user_163e9d752d,0.0004528301886792453,1.1953293531431349e-06
user_1dff2dd8d6,0.0004528301886792453,1.1746582440286296e-06
user_620ef21ef1,0.0004528301886792453,1.1695354039437302e-06
user_8adcc613c5,0.0003018867924528302,1.1504682069745632e-06
user_9938330957,0.0004528301886792453,1.1494934155414051e-06
user_7702f6edaa,0.0003018867924528302,1.132417281925075e-06
user_088383885c,0.0003018867924528302,1.1225310993050942e-06
user_d0eb71600c,0.0004528301886792453,1.0940409184820585e-06
user_a19ab9cc4e,0.0004528301886792453,1.0757964178288213e-06
user_9aacb4fc6d,0.0004528301886792453,1.0569227964634034e-06
user_00f43cec85,0.0010566037735849057,1.0569227964634034e-06
user_e6fec6ff67,0.0010566037735849057,1.0443403822197913e-06
user_b3843b9070,0.0003018867924528302,1.0191755537325675e-06
user_ef518e908e,0.0003018867924528302,9.814283110017317e-07
user_6d887f136b,0.001358490566037736,9.248074469054779e-07
user_6e9b741d94,0.0006037735849056604,9.0593382554006e-07
user_1a8e396147,0.0007547169811320755,9.0593382554006e-07
user_a95ed1671a,0.0004528301886792453,9.0593382554006e-07
user_a047907186,0.0009056603773584906,9.0593382554006e-07
user_79356fb362,0.0004528301886792453,8.304393400783884e-07
user_53ff43cf78,0.0003018867924528302,8.052745115911644e-07
user_06cf02fb8e,0.0003018867924528302,7.398459575243824e-07
user_ab2509639d,0.0003018867924528302,7.22859698295506e-07
user_4c4c3b99a2,0.0009056603773584906,6.79450369155045e-07
user_ffd4c21eb1,0.0007547169811320755,6.79450369155045e-07
user_56126d54b3,0.0007547169811320755,6.79450369155045e-07
user_c7b463779c,0.0003018867924528302,6.039558836933733e-07
user_9ce8f97f72,0.0004528301886792453,6.039558836933733e-07
user_7915936912,0.0003018867924528302,6.039558836933733e-07
user_27b05dd04d,0.0003018867924528302,6.039558836933733e-07
user_720ed7d594,0.0004528301886792453,6.039558836933733e-07
user_30b7981030,0.0006037735849056604,5.662086409625375e-07
user_89b4991ae6,0.0004528301886792453,5.43560295324036e-07
user_5bff7c5560,0.0006037735849056604,4.781317412572539e-07
user_eb697d00cd,0.0003018867924528302,4.781317412572538e-07
user_32637be0f7,0.0004528301886792453,4.7184053413544793e-07
user_cacc72c181,0.0006037735849056604,4.5296691277003e-07
user_528ed75ab7,0.0006037735849056604,4.5296691277003e-07
user_db348ffbdf,0.0006037735849056604,4.5296691277003e-07
user_0d38f59544,0.0004528301886792453,4.5296691277003e-07
user_eb3f608c61,0.0004528301886792453,4.5296691277003e-07
user_b412e7b5d8,0.0006037735849056604,4.5296691277003e-07
user_1e7bcd2dbf,0.0003018867924528302,4.5296691277003e-07
user_c12e455297,0.0004528301886792453,4.355451084327212e-07
user_77f0a72dfb,0.0003018867924528302,4.152196700391942e-07
user_b15406f735,0.0003018867924528302,4.026372557955822e-07
user_c5b2d6bb32,0.0003018867924528302,3.7747242730835834e-07
user_bc8ef24a00,0.0006037735849056604,3.7747242730835834e-07
user_230814c645,0.0003018867924528302,3.7747242730835834e-07
user_aee19e6a4f,0.0004528301886792453,3.7747242730835834e-07
user_21a6dc5867,0.0003018867924528302,3.7639393465890595e-07
user_a44cc90d41,0.0004528301886792453,3.208515632121046e-07
user_fb3aae753c,0.0003018867924528302,3.0197794184668667e-07
user_6b110b7a1e,0.0006037735849056604,3.0197794184668667e-07
user_c2ce6ef1b1,0.0004528301886792453,3.0197794184668667e-07
user_e76599b1b1,0.0004528301886792453,3.0197794184668667e-07
user_f7de0ddb0a,0.0004528301886792453,3.0197794184668667e-07
user_38defa12f7,0.0004528301886792453,3.0197794184668667e-07
user_dc4852cbc2,0.0003018867924528302,3.0197794184668667e-07
user_2e8b59c1e4,0.0009056603773584906,3.0197794184668667e-07
user_fb70fa99d9,0.0004528301886792453,3.0197794184668667e-07
user_a34e51faba,0.0012075471698113208,3.0197794184668667e-07
user_d1a7314f54,0.0004528301886792453,3.0197794184668667e-07
user_c5a6a5ceba,0.0003018867924528302,2.3906587062862697e-07
user_01b7ddb2d3,0.0007547169811320755,2.26483456385015e-07
user_45529bd73b,0.0003018867924528302,2.26483456385015e-07
user_9f7afe225e,0.0006037735849056604,2.26483456385015e-07
user_e799c104be,0.0004528301886792453,2.26483456385015e-07
user_37a1c802f7,0.0003018867924528302,2.26483456385015e-07
user_75954a51c0,0.0006037735849056604,2.26483456385015e-07
user_d75c5c4691,0.0004528301886792453,2.26483456385015e-07
user_191f98a3aa,0.0004528301886792453,2.26483456385015e-07
user_c686fe8ca4,0.0006037735849056604,2.26483456385015e-07
user_6cad5c21f5,0.0004528301886792453,2.26483456385015e-07
user_4b8857887c,0.0006037735849056604,2.26483456385015e-07
user_1f71747665,0.0006037735849056604,2.26483456385015e-07
user_18bb333459,0.0004528301886792453,1.8873621365417917e-07
user_e82709a970,0.0007547169811320755,1.5098897092334334e-07
user_fdbf3e04a5,0.0003018867924528302,1.5098897092334334e-07
user_6a26175055,0.0004528301886792453,1.5098897092334334e-07
user_cf5e878ab8,0.0004528301886792453,1.5098897092334334e-07
user_67d4cfc3ab,0.0006037735849056604,1.5098897092334334e-07
user_02ee184e3d,0.0004528301886792453,1.5098897092334334e-07
user_371735b167,0.0004528301886792453,1.5098897092334334e-07
user_91a48b27c8,0.0006037735849056604,1.5098897092334334e-07
user_31963d0989,0.0003018867924528302,1.5098897092334334e-07
user_1da03fad69,0.0003018867924528302,1.5098897092334334e-07
user_3343bb9c7a,0.0006037735849056604,1.5098897092334334e-07
user_8cd0e6bc4e,0.0004528301886792453,1.5098897092334334e-07
user_09f46fcca2,0.0004528301886792453,1.5098897092334334e-07
user_9ab8b1cf07,0.0006037735849056604,1.5098897092334334e-07
user_d8917d510f,0.0006037735849056604,1.5098897092334334e-07
user_beb17c0cd9,0.0004528301886792453,1.5098897092334334e-07
user_a2a3b33ebe,0.0003018867924528302,1.5098897092334334e-07
user_c7afde8c04,0.0003018867924528302,1.5098897092334334e-07
user_8b996a4f85,0.0004528301886792453,1.5098897092334334e-07
user_baf5348d4f,0.0006037735849056604,1.5098897092334334e-07
user_df1d26363a,0.0006037735849056604,1.5098897092334334e-07
user_fe1a720cde,0.0004528301886792453,1.5098897092334334e-07
user_9ed2c0d974,0.0004528301886792453,1.5098897092334334e-07
user_7f7c93ad85,0.0003018867924528302,1.5098897092334334e-07
user_9500a54e0f,0.0004528301886792453,1.5098897092334334e-07
user_9cd0dd7886,0.0004528301886792453,1.5098897092334334e-07
user_5c5a3efad3,0.0004528301886792453,1.5098897092334334e-07
user_13beb725e4,0.0003018867924528302,1.5098897092334334e-07
user_54ce08d4cc,0.0003018867924528302,1.5098897092334334e-07
user_3e61ed1ed8,0.0004528301886792453,1.5098897092334334e-07
user_759fc6893b,0.0004528301886792453,1.132417281925075e-07
user_e7c6f99159,0.0006037735849056604,1.0065931394889555e-07
user_712b23eb1a,0.0003018867924528302,7.549448546167167e-08
user_aec2d08526,0.0003018867924528302,7.549448546167167e-08
user_dffa275dfc,0.0003018867924528302,7.549448546167167e-08
user_041ed47ef4,0.0006037735849056604,7.549448546167167e-08
user_2506c4f1c5,0.0003018867924528302,7.549448546167167e-08
user_272241b192,0.0003018867924528302,7.549448546167167e-08
user_38dae13d5f,0.0004528301886792453,7.549448546167167e-08
user_2f19cd35a8,0.0003018867924528302,7.549448546167167e-08
user_8e7e008b28,0.0003018867924528302,7.549448546167167e-08
user_3ec1462272,0.0004528301886792453,7.549448546167167e-08
user_f004ae097c,0.0004528301886792453,7.549448546167167e-08
user_97ab77c3d7,0.0003018867924528302,7.549448546167167e-08
user_ee40238831,0.0003018867924528302,7.549448546167167e-08
user_8a7a528c86,0.0003018867924528302,7.549448546167167e-08
user_4390b12aff,0.0003018867924528302,7.549448546167167e-08
user_b3fc7ca886,0.0003018867924528302,7.549448546167167e-08
user_d6b64c74fb,0.0003018867924528302,7.549448546167167e-08
user_7119deb655,0.0003018867924528302,7.549448546167167e-08
user_9bf566ece7,0.0003018867924528302,7.549448546167167e-08
user_7dd017e1a2,0.0003018867924528302,7.549448546167167e-08
user_5e7fd98202,0.0003018867924528302,7.549448546167167e-08
user_796be0ce3c,0.0003018867924528302,7.549448546167167e-08
user_288d35df17,0.0003018867924528302,7.549448546167167e-08
user_fb53cb82f7,0.0006037735849056604,7.549448546167167e-08
user_1ea1200427,0.0004528301886792453,7.549448546167167e-08
user_ce8686a417,0.0004528301886792453,7.549448546167167e-08
user_46e28b5f70,0.0003018867924528302,7.549448546167167e-08
user_bf15824d1f,0.0003018867924528302,7.549448546167167e-08
user_8e53009a5c,0.0003018867924528302,7.549448546167167e-08
user_6b699590b7,0.0003018867924528302,7.549448546167167e-08
user_0ef193867d,0.0004528301886792453,7.549448546167167e-08
user_c3461bb22d,0.0004528301886792453,7.549448546167167e-08
user_35b7d36454,0.0004528301886792453,7.549448546167167e-08
user_3548be6c42,0.0003018867924528302,7.549448546167167e-08
user_20c5c4fda3,0.0003018867924528302,7.549448546167167e-08
user_6942e51a31,0.0003018867924528302,7.549448546167167e-08
user_0344d98d6a,0.0007547169811320755,7.549448546167167e-08
user_111bf3eb42,0.0004528301886792453,7.549448546167167e-08
user_47332ee4a8,0.0004528301886792453,7.549448546167167e-08
user_b3f766df17,0.0003018867924528302,7.549448546167167e-08
user_945b48705d,0.0003018867924528302,7.549448546167167e-08
user_6f01e49265,0.0003018867924528302,7.549448546167167e-08
user_f325d90527,0.0003018867924528302,7.549448546167167e-08
user_7684d6859e,0.0003018867924528302,7.549448546167167e-08
user_752f3a1768,0.0007547169811320755,7.549448546167167e-08
user_dc4b5bc9bf,0.0004528301886792453,7.549448546167167e-08
user_2fcc505f7d,0.0003018867924528302,5.0329656974447777e-08
user_912561c731,0.0003018867924528302,5.0329656974447777e-08
user_c7fe61a9ef,0.0004528301886792453,3.7747242730835834e-08
user_f7d8705beb,0.0004528301886792453,3.7747242730835834e-08
user_02433d2485,0.0004528301886792453,3.7747242730835834e-08
user_ecca9930c0,0.0003018867924528302,3.7747242730835834e-08
user_b931d93ebe,0.0003018867924528302,3.019779418466867e-08
user_fffdf1ffcf,0.0004528301886792453,2.5164828487223888e-08
user_28ee386887,0.0004528301886792453,2.5164828487223888e-08
user_f3c51c47ad,0.0003018867924528302,0.0
user_b89a33d9f6,0.0001509433962264151,0.0
user_0a00ceacbe,0.0001509433962264151,0.0
user_3351e5f5c2,0.0001509433962264151,0.0
user_1401da1f15,0.0001509433962264151,0.0
user_e06389943c,0.0001509433962264151,0.0
user_17b64c735a,0.0001509433962264151,0.0
user_461596ce82,0.0004528301886792453,0.0
user_5890034276,0.0001509433962264151,0.0
user_6fa1a26af7,0.0003018867924528302,0.0
user_792cd124ff,0.0003018867924528302,0.0
user_1ce10f01c1,0.0001509433962264151,0.0
user_efb1a96752,0.0001509433962264151,0.0
user_110834777e,0.0003018867924528302,0.0
user_f5797d3136,0.0001509433962264151,0.0
user_39f89001f0,0.0001509433962264151,0.0
user_d68e3a56ba,0.0001509433962264151,0.0
user_9192a95ce3,0.0001509433962264151,0.0
user_a4a7033587,0.0001509433962264151,0.0
user_c460270f1c,0.0003018867924528302,0.0
user_93b689e99b,0.0001509433962264151,0.0
user_d9e97c3f49,0.0001509433962264151,0.0
user_f7b27ad237,0.0001509433962264151,0.0
user_1086614911,0.0001509433962264151,0.0
user_32969d4afe,0.0003018867924528302,0.0
user_1676383fd4,0.0001509433962264151,0.0
user_ea68bae148,0.0001509433962264151,0.0
user_b5f2ca1b6a,0.0001509433962264151,0.0
user_0ad4eb6c56,0.0001509433962264151,0.0
user_806d9f3971,0.0006037735849056604,0.0
user_44de1a1c90,0.0001509433962264151,0.0
user_3661ae193f,0.0003018867924528302,0.0
user_97c071e5c6,0.0003018867924528302,0.0
user_a4d9ab42db,0.0001509433962264151,0.0
user_bebbd71007,0.0004528301886792453,0.0
user_3394c8159a,0.0001509433962264151,0.0
user_7211448780,0.0001509433962264151,0.0
user_0fe855dc9d,0.0006037735849056604,0.0
user_9a868fb93a,0.0001509433962264151,0.0
user_3952993a4d,0.0001509433962264151,0.0
user_7f08ce08f4,0.0001509433962264151,0.0
user_d2d0062a61,0.0003018867924528302,0.0
user_20c6a0043a,0.0001509433962264151,0.0
user_f726a16ae6,0.0001509433962264151,0.0
user_4ae43fe0af,0.0001509433962264151,0.0
user_a165807aed,0.0001509433962264151,0.0
user_d6829b15ab,0.0001509433962264151,0.0
user_cec9da45f6,0.0001509433962264151,0.0
user_ee71830bce,0.0001509433962264151,0.0
user_30f7a105c4,0.0001509433962264151,0.0
user_e33fef9eba,0.0003018867924528302,0.0
user_09fb35358c,0.0001509433962264151,0.0
user_f67f4b97a2,0.0001509433962264151,0.0
user_63fbc96a8e,0.0003018867924528302,0.0
user_6497e6d458,0.0001509433962264151,0.0
user_6037bd2637,0.0001509433962264151,0.0
user_9b220d17ae,0.0001509433962264151,0.0
user_38e41b4df1,0.0001509433962264151,0.0
user_339e69d524,0.0003018867924528302,0.0
user_762e3f3f6b,0.0001509433962264151,0.0
user_9e0aa3cbbb,0.0001509433962264151,0.0
user_069a01c05b,0.0001509433962264151,0.0
user_9969e394b4,0.0001509433962264151,0.0
user_f45d376ce7,0.0001509433962264151,0.0
user_3d3bf1802f,0.0003018867924528302,0.0
user_17728b3886,0.0001509433962264151,0.0
user_47f8f7a7f1,0.0001509433962264151,0.0
user_be5e3aa78e,0.0001509433962264151,0.0
user_d6de9d04f6,0.0001509433962264151,0.0
user_cf678a91fb,0.0003018867924528302,0.0
user_6abe077ef1,0.0001509433962264151,0.0
user_278d321094,0.0001509433962264151,0.0
user_dde5a32083,0.0001509433962264151,0.0
user_fd9e4ae058,0.0001509433962264151,0.0
user_cd04af5ad6,0.0001509433962264151,0.0
user_d2510d7d8a,0.0001509433962264151,0.0
user_1ff3737f87,0.0001509433962264151,0.0
user_80cc0fbbb9,0.0001509433962264151,0.0
user_8a8c61295a,0.0004528301886792453,0.0
user_d85b670313,0.0001509433962264151,0.0
user_44c0f23123,0.0003018867924528302,0.0
user_85915533f2,0.0001509433962264151,0.0
user_45a3f1ea2f,0.0001509433962264151,0.0
user_6ec00e1f54,0.0001509433962264151,0.0
user_fe8999b22a,0.0003018867924528302,0.0
user_3dbfbfd7e9,0.0001509433962264151,0.0
user_eef7ee5007,0.0001509433962264151,0.0
user_6947e0f18d,0.0001509433962264151,0.0
user_83159e7893,0.0001509433962264151,0.0
user_473ebc69ad,0.0001509433962264151,0.0
user_5c9e5fbc7b,0.0003018867924528302,0.0
user_d709b2deea,0.0001509433962264151,0.0
user_c91c4fcb72,0.0001509433962264151,0.0
user_ab69f59a4c,0.0001509433962264151,0.0
user_d0f5e15f3a,0.0001509433962264151,0.0
user_3ab7d4d872,0.0001509433962264151,0.0
user_e5f60af455,0.0001509433962264151,0.0
user_6751b8b4a6,0.0001509433962264151,0.0
user_ba02641d4f,0.0001509433962264151,0.0
user_e767fe7bd0,0.0001509433962264151,0.0
user_d46803f806,0.0001509433962264151,0.0
user_a87bf441cf,0.0001509433962264151,0.0
user_30275c6c9e,0.0003018867924528302,0.0
user_f3fdcf8154,0.0001509433962264151,0.0
user_b23de08c49,0.0001509433962264151,0.0
user_ce84336ff7,0.0001509433962264151,0.0
user_efde699bbf,0.0001509433962264151,0.0
user_11851b777b,0.0001509433962264151,0.0
user_df86552a90,0.0001509433962264151,0.0
user_703f309776,0.0001509433962264151,0.0
user_d9494abc71,0.0001509433962264151,0.0
user_fcfec0c85d,0.0001509433962264151,0.0
user_db9ebd8523,0.0001509433962264151,0.0
user_c266ac17ea,0.0001509433962264151,0.0
user_a2acf899ed,0.0001509433962264151,0.0
user_aca5c61de9,0.0001509433962264151,0.0
user_677420fd32,0.0001509433962264151,0.0
user_9b2f568c74,0.0003018867924528302,0.0
user_9c3bcf678e,0.0001509433962264151,0.0
user_81246862b6,0.0001509433962264151,0.0
user_d376748c97,0.0001509433962264151,0.0
user_82ae82f183,0.0001509433962264151,0.0
user_815b3586fb,0.0003018867924528302,0.0
user_cd6bd946b0,0.0001509433962264151,0.0
user_87c578ae21,0.0003018867924528302,0.0
user_48a2be5221,0.0001509433962264151,0.0
user_875adf7443,0.0001509433962264151,0.0
user_fc297deb08,0.0001509433962264151,0.0
user_01da22b7e5,0.0001509433962264151,0.0
user_62cbd59c75,0.0001509433962264151,0.0
user_98b5f74929,0.0004528301886792453,0.0
user_d791a9f040,0.0001509433962264151,0.0
user_e2d314e6f8,0.0006037735849056604,0.0
user_6f026e410b,0.0001509433962264151,0.0
user_32adda9193,0.0003018867924528302,0.0
user_25171d851c,0.0001509433962264151,0.0
user_41c6a18760,0.0001509433962264151,0.0
user_fddc3ea91e,0.0001509433962264151,0.0
user_4611aeb07d,0.0001509433962264151,0.0
user_f750e0291c,0.0001509433962264151,0.0
user_9d1080c6a1,0.0001509433962264151,0.0
user_196aa27be7,0.0001509433962264151,0.0
user_b11d261c58,0.0003018867924528302,0.0
user_5a79124a2b,0.0001509433962264151,0.0
user_8d9ab9341c,0.0003018867924528302,0.0
user_15eceee3ce,0.0001509433962264151,0.0
user_703d0f2fcc,0.0001509433962264151,0.0
user_d3f64e5f02,0.0003018867924528302,0.0
user_2d0a71372d,0.0003018867924528302,0.0
user_3144004f71,0.0001509433962264151,0.0
user_66c4dc797c,0.0001509433962264151,0.0
user_27c3ed9f9f,0.0001509433962264151,0.0
user_ce5b9b8e47,0.0001509433962264151,0.0
user_7075269379,0.0001509433962264151,0.0
user_575448758c,0.0001509433962264151,0.0
user_21e87ed3cc,0.0003018867924528302,0.0
user_0395c6d88a,0.0007547169811320755,0.0
user_45a8da4b77,0.0001509433962264151,0.0
user_ff0559b7d5,0.0001509433962264151,0.0
user_035db17eeb,0.0001509433962264151,0.0
user_75fdd874fa,0.0001509433962264151,0.0
user_7b7a5546b4,0.0001509433962264151,0.0
user_9d10c4d23f,0.0003018867924528302,0.0
user_d7d2ea3f75,0.0001509433962264151,0.0
user_e62751161c,0.0001509433962264151,0.0
user_f1a9484171,0.0001509433962264151,0.0
user_9d563ee2e9,0.0001509433962264151,0.0
user_3f4b5ca428,0.0001509433962264151,0.0
user_06f9d7f534,0.0001509433962264151,0.0
user_080948bce5,0.0001509433962264151,0.0
user_993bbde0c5,0.0001509433962264151,0.0
user_451d64bc57,0.0001509433962264151,0.0
user_90cb06f1aa,0.0003018867924528302,0.0
user_1f059ca0ae,0.0003018867924528302,0.0
user_6b8dd7f3a3,0.0001509433962264151,0.0
user_c5b9697e4d,0.0012075471698113208,0.0
user_61daa33287,0.0001509433962264151,0.0
user_3b6ea9819b,0.0001509433962264151,0.0
user_0e651df5ef,0.0001509433962264151,0.0
user_16e779823f,0.0001509433962264151,0.0
user_51b1a80f1e,0.0001509433962264151,0.0
user_2e8c0357bf,0.0001509433962264151,0.0
user_d5ffccfd9b,0.0001509433962264151,0.0
user_f061897fc8,0.0001509433962264151,0.0
user_8fb52f2a25,0.0001509433962264151,0.0
user_b41d4f67b4,0.0001509433962264151,0.0
user_8b1b40eb53,0.0001509433962264151,0.0
user_80d18562ac,0.0001509433962264151,0.0
user_d8d7e54b98,0.0004528301886792453,0.0
user_8aefddfadf,0.0003018867924528302,0.0
user_9a7efa088b,0.0003018867924528302,0.0
user_7695b07d42,0.0001509433962264151,0.0
user_5041b8a09b,0.0001509433962264151,0.0
user_2b2aeed5cd,0.0003018867924528302,0.0
user_ec4d27a683,0.0003018867924528302,0.0
user_c736841fbd,0.0001509433962264151,0.0
user_c9255ae20a,0.0003018867924528302,0.0
user_b56ae45ab1,0.0001509433962264151,0.0
user_8835797874,0.0001509433962264151,0.0
user_4015337e19,0.0001509433962264151,0.0
user_470cb029b3,0.0001509433962264151,0.0
user_66e471d515,0.0001509433962264151,0.0
user_29edf562c1,0.0001509433962264151,0.0
user_adc1183f71,0.0003018867924528302,0.0
user_a5e9762627,0.0003018867924528302,0.0
user_59b3d16f18,0.0001509433962264151,0.0
user_51678b80bc,0.0001509433962264151,0.0
user_20ac37f744,0.0001509433962264151,0.0
user_7ff3d87a34,0.0001509433962264151,0.0
user_0f53c919a8,0.0001509433962264151,0.0
user_7109b0be25,0.0001509433962264151,0.0
user_38e8d67bd2,0.0001509433962264151,0.0
user_3c94d3359e,0.0001509433962264151,0.0
user_886c212853,0.0001509433962264151,0.0
user_26896b22b7,0.0003018867924528302,0.0
user_0e12ccc308,0.0003018867924528302,0.0
user_17776759e4,0.0003018867924528302,0.0
user_77fbcf34a5,0.0001509433962264151,0.0
user_cc13d92743,0.0001509433962264151,0.0
user_74aaec46e6,0.0001509433962264151,0.0
user_5d91e59ae6,0.0003018867924528302,0.0
user_39afb66452,0.0001509433962264151,0.0
user_0f9f55dae9,0.0001509433962264151,0.0
user_eb0b2393a1,0.0001509433962264151,0.0
user_e92d2fbfff,0.0001509433962264151,0.0
user_39f1e7f531,0.0003018867924528302,0.0
user_2eac8ec8c0,0.0001509433962264151,0.0
user_728d941864,0.0001509433962264151,0.0
user_668599c3b0,0.0001509433962264151,0.0
user_3f0098b6fb,0.0001509433962264151,0.0
user_1e8f425fee,0.0001509433962264151,0.0
user_f5faa05586,0.0001509433962264151,0.0
user_356198bc75,0.0003018867924528302,0.0
user_fff6195472,0.0001509433962264151,0.0
user_5819157a27,0.0001509433962264151,0.0
user_0ab2dbab31,0.0003018867924528302,0.0
user_d2a84a198f,0.0001509433962264151,0.0
user_db073e69c3,0.0004528301886792453,0.0
user_c3267897a4,0.0001509433962264151,0.0
user_09f69a5c02,0.0003018867924528302,0.0
user_38c035089b,0.0001509433962264151,0.0
user_56c82ff34b,0.0003018867924528302,0.0
user_0e4039b245,0.0001509433962264151,0.0
user_90a7f2ea0a,0.0001509433962264151,0.0
user_72fd37d003,0.0003018867924528302,0.0
user_f5cfd827c2,0.0001509433962264151,0.0
user_451f5ca8e4,0.0001509433962264151,0.0
user_ccc130bd61,0.0003018867924528302,0.0
user_8d5a86de65,0.0001509433962264151,0.0
user_4f6df2f530,0.0004528301886792453,0.0
user_cf379b4106,0.0001509433962264151,0.0
user_60f5c1cf22,0.0001509433962264151,0.0
user_6f802583de,0.0001509433962264151,0.0
user_99c08a0dc9,0.0001509433962264151,0.0
user_8ffa97307f,0.0001509433962264151,0.0
user_a1f62e7b04,0.0001509433962264151,0.0
user_33778a4e48,0.0001509433962264151,0.0
user_18933289a0,0.0001509433962264151,0.0
user_35d05ee36c,0.0001509433962264151,0.0
user_6f7f314f3b,0.0001509433962264151,0.0
user_5a19fd370b,0.0004528301886792453,0.0
user_93ea981097,0.0001509433962264151,0.0
user_b7d08b16c6,0.0001509433962264151,0.0
user_4d6589bb70,0.0001509433962264151,0.0
user_556a3d57f3,0.0001509433962264151,0.0
user_c00bb35609,0.0001509433962264151,0.0
user_cf6f6420dc,0.0001509433962264151,0.0
user_3d206ab737,0.0003018867924528302,0.0
user_e97dfec083,0.0001509433962264151,0.0
user_01f66a6ebb,0.0001509433962264151,0.0
user_9353242095,0.0001509433962264151,0.0
user_d3b7f627cc,0.0001509433962264151,0.0
user_4c64ab6e2b,0.0001509433962264151,0.0
user_6ec67a8726,0.0001509433962264151,0.0
user_8bc2fa583b,0.0004528301886792453,0.0
user_57fcb5ebcf,0.0001509433962264151,0.0
user_7e582d7011,0.0004528301886792453,0.0
user_9d948a0ad6,0.0001509433962264151,0.0
user_b935ed9034,0.0003018867924528302,0.0
user_a47914fb12,0.0003018867924528302,0.0
user_c348fb2d6b,0.0001509433962264151,0.0
user_4caefda8f3,0.0001509433962264151,0.0
user_e89aecec52,0.0001509433962264151,0.0
user_8aaddad365,0.0001509433962264151,0.0
user_1165db77da,0.0001509433962264151,0.0
user_97b90f0791,0.0003018867924528302,0.0
user_3728924142,0.0001509433962264151,0.0
user_e1f2fb36a9,0.0001509433962264151,0.0
user_462409dc5a,0.0001509433962264151,0.0
user_101b7d582f,0.0001509433962264151,0.0
user_4fcb0aa829,0.0003018867924528302,0.0
user_2beb56050e,0.0004528301886792453,0.0
user_bb47a12658,0.0001509433962264151,0.0
user_930e21cbfa,0.0001509433962264151,0.0
user_7b1487ec45,0.0003018867924528302,0.0
user_afe4b59512,0.0018113207547169811,0.0
user_58ca0bdf2c,0.0001509433962264151,0.0
user_865efc7ae1,0.0001509433962264151,0.0
user_6159c7c5d6,0.0001509433962264151,0.0
user_48f8d672ff,0.0001509433962264151,0.0
user_a52e36797f,0.0001509433962264151,0.0
user_c9ba887243,0.0006037735849056604,0.0
user_67300cca8e,0.0007547169811320755,0.0
user_3ee69be44f,0.0003018867924528302,0.0
user_3fb2e5d273,0.0001509433962264151,0.0
user_5fae360cef,0.0001509433962264151,0.0
user_8207a55c63,0.0001509433962264151,0.0
user_53540104a0,0.0003018867924528302,0.0
user_cac4161293,0.0001509433962264151,0.0
user_7a576b4787,0.0004528301886792453,0.0
user_5eaae81227,0.0003018867924528302,0.0
user_f01c0c3838,0.0003018867924528302,0.0
user_0ddecef75f,0.0001509433962264151,0.0
user_0bbc0bfc6b,0.0001509433962264151,0.0
user_315c5ad43d,0.0006037735849056604,0.0
user_ddaf84fc5d,0.0003018867924528302,0.0
user_3241aae1e0,0.0003018867924528302,0.0
user_4866b15993,0.0003018867924528302,0.0
user_d8ee684c11,0.0003018867924528302,0.0
user_ce8b6ef146,0.0001509433962264151,0.0
user_eee252a248,0.0001509433962264151,0.0
user_5459184aed,0.0001509433962264151,0.0
user_b12c62d625,0.0001509433962264151,0.0
user_ff22f60d62,0.0001509433962264151,0.0
user_19fa446968,0.0003018867924528302,0.0
user_30a7c98249,0.0003018867924528302,0.0
user_ca3c55cbc2,0.0003018867924528302,0.0
user_d4774e7999,0.0001509433962264151,0.0
user_798d63ff3a,0.0001509433962264151,0.0
user_da997653be,0.0004528301886792453,0.0
user_9b062494ca,0.0001509433962264151,0.0
user_57013dfa3d,0.0004528301886792453,0.0
user_b9b142b62b,0.0001509433962264151,0.0
user_e2fa7b5c76,0.0001509433962264151,0.0
user_b0167d4caa,0.0001509433962264151,0.0
user_d786557711,0.0003018867924528302,0.0
user_d6a0cddc19,0.0001509433962264151,0.0
user_9ecadb1202,0.0004528301886792453,0.0
user_a33e3b4d95,0.0001509433962264151,0.0
user_94a934706e,0.0001509433962264151,0.0
user_20536ca27b,0.0001509433962264151,0.0
user_2ad51d880c,0.0003018867924528302,0.0
user_cd6da8d1dd,0.0001509433962264151,0.0
user_d61650973d,0.0001509433962264151,0.0
user_438920e74c,0.0001509433962264151,0.0
user_8e0ab8a239,0.0001509433962264151,0.0
user_8570942cdd,0.0001509433962264151,0.0
user_5e4e8a7af9,0.0001509433962264151,0.0
user_35c889febb,0.0001509433962264151,0.0
user_277c229b6f,0.0001509433962264151,0.0
user_6dda84510e,0.0007547169811320755,0.0
user_268fc475ca,0.0003018867924528302,0.0
user_427ead4cfc,0.0001509433962264151,0.0
user_f07eec4406,0.0001509433962264151,0.0
user_d8de650198,0.0001509433962264151,0.0
user_cbac46a468,0.0001509433962264151,0.0
user_d198df7b2e,0.0001509433962264151,0.0
user_446b97a25e,0.0001509433962264151,0.0
user_8ced13fcc2,0.0001509433962264151,0.0
user_7d59dbd191,0.0001509433962264151,0.0
user_b4a8d973cd,0.0001509433962264151,0.0
user_435b6546cf,0.0001509433962264151,0.0
user_dc240cf353,0.0003018867924528302,0.0
user_959356f2dc,0.0001509433962264151,0.0
user_5db3c77611,0.0004528301886792453,0.0
user_a4270fafbc,0.0001509433962264151,0.0
user_edef3d05b2,0.0001509433962264151,0.0
user_859c601cd7,0.0006037735849056604,0.0
user_fb32118d62,0.0004528301886792453,0.0
user_6be20cd941,0.0001509433962264151,0.0
user_22a9b500ad,0.0001509433962264151,0.0
user_b097d57913,0.0001509433962264151,0.0
user_5b0a8b282e,0.0001509433962264151,0.0
user_f41796a445,0.0003018867924528302,0.0
user_73ed3f2e4f,0.0001509433962264151,0.0
user_1a2e294c4f,0.0003018867924528302,0.0
user_4342ac1adf,0.0001509433962264151,0.0
user_0e2ca1fb4b,0.0004528301886792453,0.0
user_7224eb21dd,0.0001509433962264151,0.0
user_76f56ec15a,0.0001509433962264151,0.0
user_41873f0b40,0.0001509433962264151,0.0
user_e2e0ecefb9,0.0001509433962264151,0.0
user_202c4d5ef8,0.0003018867924528302,0.0
user_eab0ecff83,0.0003018867924528302,0.0
user_b4dbd56ac1,0.0001509433962264151,0.0
user_2e14e7fbc6,0.0001509433962264151,0.0
user_ce829b2e32,0.0003018867924528302,0.0
user_2a9db61707,0.0001509433962264151,0.0
user_09c33ce2f7,0.0001509433962264151,0.0
user_731c4a8f31,0.0001509433962264151,0.0
user_b573cc345e,0.0001509433962264151,0.0
user_dc4375da21,0.0003018867924528302,0.0
user_2951fb147c,0.0001509433962264151,0.0
user_35abb0a27f,0.0001509433962264151,0.0
user_b25c606681,0.0001509433962264151,0.0
user_b4b65e142c,0.0003018867924528302,0.0
user_f117f76c59,0.0001509433962264151,0.0
user_14b0dbb3f1,0.0003018867924528302,0.0
user_78a79f5e01,0.0001509433962264151,0.0
user_715ed11062,0.0001509433962264151,0.0
user_c8df675fb7,0.0003018867924528302,0.0
user_1b2b76df33,0.0003018867924528302,0.0
user_99c7ffbfa4,0.0001509433962264151,0.0
user_ac80cbdc7c,0.0001509433962264151,0.0
user_4943ce2687,0.0001509433962264151,0.0
user_27db41345b,0.0001509433962264151,0.0
user_86f5f88c0d,0.0001509433962264151,0.0
user_0e7eae4461,0.0001509433962264151,0.0
user_db51cabe7f,0.0001509433962264151,0.0
user_1ab281ebe2,0.0001509433962264151,0.0
user_5c7a0e3791,0.0003018867924528302,0.0
user_f33574cc00,0.0003018867924528302,0.0
user_ce0118c0b0,0.0003018867924528302,0.0
user_dfbb858c64,0.0001509433962264151,0.0
user_1cae9a8b4e,0.0001509433962264151,0.0
user_9ca1cd21a0,0.0001509433962264151,0.0
user_dcebc7fc1a,0.0001509433962264151,0.0
user_a43b4361be,0.0001509433962264151,0.0
user_eabee5f059,0.0001509433962264151,0.0
user_42010c2f1b,0.0001509433962264151,0.0
user_cd0bc40f9b,0.0001509433962264151,0.0
user_acd5ed70b0,0.0001509433962264151,0.0
user_9710f54f18,0.0003018867924528302,0.0
user_b8a4b56017,0.0007547169811320755,0.0
user_e1e4105f5c,0.0001509433962264151,0.0
user_1253922e1c,0.0001509433962264151,0.0
user_401f8c3457,0.0001509433962264151,0.0
user_52eb7538df,0.0001509433962264151,0.0
user_ef4eabeb91,0.0003018867924528302,0.0
user_a04de32078,0.0004528301886792453,0.0
user_d588003b94,0.0001509433962264151,0.0
user_a2765a2d4d,0.0001509433962264151,0.0
user_42a83c28a9,0.0001509433962264151,0.0
user_9e0edb4799,0.0001509433962264151,0.0
user_5507205e38,0.0001509433962264151,0.0
user_6a10053e62,0.0001509433962264151,0.0
user_6146e666ad,0.0001509433962264151,0.0
user_46a0fd9d1b,0.0003018867924528302,0.0
user_cf2da91c38,0.0001509433962264151,0.0
user_2918ef6ad5,0.0001509433962264151,0.0
user_7cda761010,0.0003018867924528302,0.0
user_1fee9bf75a,0.0001509433962264151,0.0
user_54704eaffc,0.0001509433962264151,0.0
user_9179dc7b6e,0.0001509433962264151,0.0
user_c486d24af7,0.0003018867924528302,0.0
user_c30466dce0,0.0003018867924528302,0.0
user_5e7ade9a2c,0.0001509433962264151,0.0
user_2e9099717f,0.001358490566037736,0.0
user_10eaf84661,0.0003018867924528302,0.0
user_affe903133,0.0003018867924528302,0.0
user_68f749bfed,0.0001509433962264151,0.0
user_e9d16bd6a9,0.0001509433962264151,0.0
user_0007e5a472,0.0001509433962264151,0.0
user_cde7dbeca7,0.0001509433962264151,0.0
user_7a1e43a7a5,0.0001509433962264151,0.0
user_d41b0466c8,0.0001509433962264151,0.0
user_e4b3a6104d,0.0001509433962264151,0.0
user_9046ffb463,0.0001509433962264151,0.0
user_4d2c869530,0.0001509433962264151,0.0
user_cb6dad2c24,0.0003018867924528302,0.0
user_8dd6d23286,0.0004528301886792453,0.0
user_09f1a64807,0.0001509433962264151,0.0
user_eaa94188b1,0.0001509433962264151,0.0
user_2452360fd8,0.0006037735849056604,0.0
user_a68e96329b,0.0001509433962264151,0.0
user_65bcaca986,0.0001509433962264151,0.0
user_9a0ffc79e4,0.0001509433962264151,0.0
user_397fa1dce3,0.0001509433962264151,0.0
user_fae4cf18b2,0.0001509433962264151,0.0
user_f45ec97e7f,0.0004528301886792453,0.0
user_611d60592e,0.0001509433962264151,0.0
user_2c5ddb4829,0.0001509433962264151,0.0
user_21b9bc6633,0.0001509433962264151,0.0
user_6c299c77b2,0.0001509433962264151,0.0
user_426d4b8e46,0.0001509433962264151,0.0
user_1c7ef330e7,0.0003018867924528302,0.0
user_1ac22a3f0d,0.0001509433962264151,0.0
user_50892e8136,0.0001509433962264151,0.0
user_b211ea0f39,0.0001509433962264151,0.0
user_799c25e886,0.0003018867924528302,0.0
user_3d1b591ec3,0.0001509433962264151,0.0
user_71f66bcabf,0.0004528301886792453,0.0
user_739c779cfa,0.0001509433962264151,0.0
user_c5b6eb4bbb,0.0001509433962264151,0.0
user_8f39063850,0.0006037735849056604,0.0
user_9d29a6d027,0.0001509433962264151,0.0
user_02eb533fe3,0.0001509433962264151,0.0
user_c49ed50b97,0.0003018867924528302,0.0
user_85fcf59f58,0.0003018867924528302,0.0
user_81db4b535b,0.0001509433962264151,0.0
user_fc76f580e3,0.0001509433962264151,0.0
user_92a4c0abb5,0.0001509433962264151,0.0
user_d3ab8f8540,0.0001509433962264151,0.0
user_60fc57fc61,0.0001509433962264151,0.0
user_5934accdce,0.0001509433962264151,0.0
user_a3f69d8964,0.0001509433962264151,0.0
user_7f1fcfb740,0.0006037735849056604,0.0
user_52f6b623c4,0.0001509433962264151,0.0
user_4c6cff914a,0.0001509433962264151,0.0
user_c4e94e0e28,0.0001509433962264151,0.0
user_148d0dab56,0.0001509433962264151,0.0
user_f9ffd29c1f,0.0001509433962264151,0.0
user_229276f19f,0.0001509433962264151,0.0
user_7ca3e22e1d,0.0003018867924528302,0.0
user_1b10980861,0.0001509433962264151,0.0
user_08f4083dfd,0.0001509433962264151,0.0
user_111730a0d9,0.0001509433962264151,0.0
user_651992a89a,0.0003018867924528302,0.0
user_f878390de2,0.0001509433962264151,0.0
user_687fd588d6,0.0003018867924528302,0.0
user_9267f6cc35,0.0001509433962264151,0.0
user_9d9be409f7,0.0001509433962264151,0.0
user_3091a5db0e,0.0004528301886792453,0.0
user_7637ebaa5e,0.0001509433962264151,0.0
user_ba1d562061,0.0001509433962264151,0.0
user_cad439425e,0.0003018867924528302,0.0
user_6f6d0c27cc,0.0001509433962264151,0.0
user_47c2c75e22,0.0001509433962264151,0.0
user_64b1d57981,0.0001509433962264151,0.0
user_20e230028e,0.0006037735849056604,0.0
user_5a4c02050a,0.0003018867924528302,0.0
user_bff6eb6512,0.0001509433962264151,0.0
user_7a045e2754,0.0001509433962264151,0.0
user_4d7896e9f0,0.0001509433962264151,0.0
user_9abfbcd14c,0.0001509433962264151,0.0
user_623f560910,0.0001509433962264151,0.0
user_1e2ebae688,0.0001509433962264151,0.0
user_a31d41fb92,0.0001509433962264151,0.0
user_7894935412,0.0003018867924528302,0.0
user_4df42bd58f,0.0001509433962264151,0.0
user_bc4aad9035,0.0001509433962264151,0.0
user_b9ea93e6b7,0.0004528301886792453,0.0
user_92277f85ff,0.0001509433962264151,0.0
user_f581d086d6,0.0001509433962264151,0.0
user_90f296c941,0.0001509433962264151,0.0
user_da97a96370,0.0019622641509433963,0.0
user_a213401216,0.0001509433962264151,0.0
user_c9a22fed69,0.0001509433962264151,0.0
user_25de63ad01,0.0003018867924528302,0.0
user_be83e7d06b,0.0001509433962264151,0.0
user_466863369f,0.0001509433962264151,0.0
user_d77d72bae3,0.0001509433962264151,0.0
user_160d6306a6,0.0001509433962264151,0.0
user_267577d2f2,0.0001509433962264151,0.0
user_bd751fcbf8,0.0004528301886792453,0.0
user_e631c2fea3,0.0001509433962264151,0.0
user_006b93c136,0.0001509433962264151,0.0
user_ced76654b1,0.0003018867924528302,0.0
user_f8cdc4c6d3,0.0001509433962264151,0.0
user_8e3e7805b4,0.0006037735849056604,0.0
user_4b605b974d,0.0001509433962264151,0.0
user_cba14cee66,0.0001509433962264151,0.0
user_f5b679ba19,0.0001509433962264151,0.0
user_8b0619cfd8,0.0004528301886792453,0.0
user_bd71dde9c4,0.0001509433962264151,0.0
user_a481b93794,0.0006037735849056604,0.0
user_81fc02d711,0.0001509433962264151,0.0
user_7fd62134f7,0.0001509433962264151,0.0
user_3a85b312e9,0.0004528301886792453,0.0
user_0d4894ec2f,0.0001509433962264151,0.0
user_7e187e704b,0.0001509433962264151,0.0
user_3d628174a7,0.0001509433962264151,0.0
user_82a5e816f3,0.0003018867924528302,0.0
user_6e9fb24ca4,0.0001509433962264151,0.0
user_b111fff01b,0.0001509433962264151,0.0
user_81bd41a51d,0.0001509433962264151,0.0
user_85a0bfb139,0.0001509433962264151,0.0
user_3ff3fbd58f,0.0004528301886792453,0.0
user_0c3c485151,0.0001509433962264151,0.0
user_1d66a8aaed,0.0001509433962264151,0.0
user_7331a20be5,0.0004528301886792453,0.0
user_ee31cf02a3,0.0001509433962264151,0.0
user_856c39444e,0.0001509433962264151,0.0
user_a7af886e62,0.0001509433962264151,0.0
user_2071d96f67,0.0001509433962264151,0.0
user_94070c772e,0.0001509433962264151,0.0
user_206dbf4939,0.0001509433962264151,0.0
user_63c446f3f8,0.0001509433962264151,0.0
user_f4d5f2cdd5,0.0001509433962264151,0.0
user_ab9eda19a1,0.0003018867924528302,0.0
user_970b9bc887,0.0001509433962264151,0.0
user_b4f894ce52,0.0001509433962264151,0.0
user_87e83a15f5,0.0001509433962264151,0.0
user_7b1a3487a7,0.0003018867924528302,0.0
user_7c3b39a52b,0.0001509433962264151,0.0
user_a1d567718b,0.0001509433962264151,0.0
user_17618c9142,0.0003018867924528302,0.0
user_e9eafc9466,0.0001509433962264151,0.0
user_df94a039c3,0.0001509433962264151,0.0
user_47ca5e2a34,0.0003018867924528302,0.0
user_2a24b6bccc,0.0001509433962264151,0.0
user_9d85b23ac6,0.0001509433962264151,0.0
user_05025e2c50,0.0001509433962264151,0.0
user_bb8a9c4bd6,0.0006037735849056604,0.0
user_7e761297b1,0.0001509433962264151,0.0
user_f4ffc3514c,0.0001509433962264151,0.0
user_9ffad412c6,0.0001509433962264151,0.0
user_e2b83ef7cd,0.0001509433962264151,0.0
user_587df1d49d,0.0001509433962264151,0.0
user_898c0d90c8,0.0001509433962264151,0.0
user_2d82717889,0.0003018867924528302,0.0
user_d5aedfd475,0.0001509433962264151,0.0
user_72fe36852d,0.0001509433962264151,0.0
user_e50d7b7613,0.0009056603773584906,0.0
user_82a483bf69,0.0003018867924528302,0.0
user_607b9af353,0.0001509433962264151,0.0
user_a809706b53,0.0001509433962264151,0.0
user_dbf30162f5,0.0001509433962264151,0.0
user_1a74bf5c7a,0.0001509433962264151,0.0
user_034cf083b0,0.0001509433962264151,0.0
user_95d1dee4ec,0.0001509433962264151,0.0
user_2362bff91f,0.0001509433962264151,0.0
user_8d23289294,0.0001509433962264151,0.0
user_18784328f5,0.0001509433962264151,0.0
user_c88e677b57,0.0001509433962264151,0.0
user_34b99b7995,0.0001509433962264151,0.0
user_16557da6ff,0.0001509433962264151,0.0
user_68a36cf01b,0.0001509433962264151,0.0
user_1f5ca54d19,0.0001509433962264151,0.0
user_c579ac3008,0.0003018867924528302,0.0
user_d8daf89d11,0.0001509433962264151,0.0
user_ebae3e2740,0.0004528301886792453,0.0
user_7740ec2528,0.0001509433962264151,0.0
user_c912ad043f,0.0003018867924528302,0.0
user_eda7589944,0.0001509433962264151,0.0
user_49d51a1351,0.0001509433962264151,0.0
user_66f7da63c4,0.0001509433962264151,0.0
user_d511018c1d,0.0004528301886792453,0.0
user_845faa6715,0.0001509433962264151,0.0
user_1f04cdfbea,0.0003018867924528302,0.0
user_0f49f90870,0.0001509433962264151,0.0
user_b120efbe74,0.0003018867924528302,0.0
user_9d7dc8076a,0.0001509433962264151,0.0
user_f08870162c,0.0001509433962264151,0.0
user_33eebe8393,0.0001509433962264151,0.0
user_ccf0b288bc,0.0001509433962264151,0.0
user_fe7b3982d0,0.0001509433962264151,0.0
user_0d74e98de2,0.0001509433962264151,0.0
user_12b26208d8,0.0001509433962264151,0.0
user_843e0fb86c,0.0001509433962264151,0.0
user_05c38f18b5,0.0001509433962264151,0.0
user_fd38a9c0c6,0.0001509433962264151,0.0
user_14bc609e17,0.0001509433962264151,0.0
user_9e2dcf0f0c,0.0001509433962264151,0.0
user_4d42dbcdfb,0.0001509433962264151,0.0
user_c12b142816,0.0001509433962264151,0.0
user_85b24acf5f,0.0001509433962264151,0.0
user_40c182eb62,0.0001509433962264151,0.0
user_c7b0c4e6ee,0.0001509433962264151,0.0
user_910141531e,0.0009056603773584906,0.0
user_e94d01a544,0.0001509433962264151,0.0
user_3fb02c73e0,0.0004528301886792453,0.0
user_c57333e5c6,0.0001509433962264151,0.0
user_1bea7e36fa,0.0001509433962264151,0.0
user_573b8c0216,0.0001509433962264151,0.0
user_a806292a5a,0.0001509433962264151,0.0
user_ade508d6b5,0.0001509433962264151,0.0
user_a1f820e8f0,0.0001509433962264151,0.0
user_851b387df3,0.0003018867924528302,0.0
user_3489f8c82b,0.0001509433962264151,0.0
user_986b59d6f8,0.0001509433962264151,0.0
user_3eb277735a,0.0001509433962264151,0.0
user_7595594b6c,0.0001509433962264151,0.0
user_c0f05361f4,0.0003018867924528302,0.0
user_a5e3935954,0.0003018867924528302,0.0
user_2eb9c10392,0.0003018867924528302,0.0
user_e956fef172,0.0003018867924528302,0.0
user_46f70e33ff,0.0001509433962264151,0.0
user_1d4647ec34,0.0001509433962264151,0.0
user_9a28dae143,0.0001509433962264151,0.0
user_b65e855cf8,0.0001509433962264151,0.0
user_571cfafe4c,0.0003018867924528302,0.0
user_45e4016709,0.0001509433962264151,0.0
user_c201042b5b,0.0001509433962264151,0.0
user_59d6a63e88,0.0001509433962264151,0.0
user_377fe3fec8,0.0001509433962264151,0.0
user_87e4ee5c83,0.0001509433962264151,0.0
user_af7a644ee8,0.0001509433962264151,0.0
user_7a6b3baa22,0.0001509433962264151,0.0
user_a4157ac482,0.0001509433962264151,0.0
user_b3b4a126a9,0.0001509433962264151,0.0
user_bf4ea8f704,0.0003018867924528302,0.0
user_39f19e8373,0.0001509433962264151,0.0
user_de1f8e8f4e,0.0003018867924528302,0.0
user_6fffe3a2b0,0.0003018867924528302,0.0
user_ddb369e9bd,0.0003018867924528302,0.0
user_6dd6148abf,0.0003018867924528302,0.0
user_40e88c5bc2,0.0001509433962264151,0.0
user_01d72b92f0,0.0003018867924528302,0.0
user_0cf4f09ea8,0.0003018867924528302,0.0
user_b6ab530477,0.0001509433962264151,0.0
user_65608555ba,0.0001509433962264151,0.0
user_9c1dbe0669,0.0001509433962264151,0.0
user_87e1436c3c,0.0003018867924528302,0.0
user_be3691dbeb,0.0001509433962264151,0.0
user_24c70f84aa,0.0001509433962264151,0.0
user_c454d164ad,0.0001509433962264151,0.0
user_975c8c1823,0.0001509433962264151,0.0
user_518660ef34,0.0003018867924528302,0.0
user_ea508b3958,0.0003018867924528302,0.0
user_9b08e24f64,0.0001509433962264151,0.0
user_9a84b7f54a,0.0001509433962264151,0.0
user_efa5f32dcc,0.0001509433962264151,0.0
user_5f6b61a60b,0.0001509433962264151,0.0
user_1f6a082da8,0.0001509433962264151,0.0
user_6b7c40b177,0.0001509433962264151,0.0
user_5de3ada367,0.0003018867924528302,0.0
user_b671249c5f,0.0001509433962264151,0.0
user_c08ced6c56,0.0001509433962264151,0.0
user_2035c93b7c,0.0001509433962264151,0.0
user_efc7a01d58,0.0021132075471698114,0.0
user_9340b5adba,0.0012075471698113208,0.0
user_8c4a0a66e3,0.0001509433962264151,0.0
user_94010d1923,0.0001509433962264151,0.0
user_b66ae8a92f,0.0001509433962264151,0.0
user_d8c8197450,0.0001509433962264151,0.0
user_7bcab1aa04,0.0006037735849056604,0.0
user_621804ce12,0.0001509433962264151,0.0
user_6d7b7e53e0,0.0003018867924528302,0.0
user_dcf0875bd0,0.0001509433962264151,0.0
user_577b9f9762,0.0001509433962264151,0.0
user_0d29e58ff7,0.0004528301886792453,0.0
user_e4e040d4a7,0.0001509433962264151,0.0
user_3ff02444f6,0.0001509433962264151,0.0
user_4279cd4c1c,0.0001509433962264151,0.0
user_404e1abd2c,0.0001509433962264151,0.0
user_cf6c8eeb8c,0.0001509433962264151,0.0
user_e315f4be3f,0.0001509433962264151,0.0
user_5b9620afc5,0.0001509433962264151,0.0
user_1b23c6fb6d,0.0001509433962264151,0.0
user_9a27dd7567,0.0001509433962264151,0.0
user_b96c663df4,0.0001509433962264151,0.0
user_5f0175d188,0.0001509433962264151,0.0
user_d10bb9addf,0.0003018867924528302,0.0
user_b7cf65efaa,0.0001509433962264151,0.0
user_b55ea07bbd,0.0003018867924528302,0.0
user_1f7dea212c,0.0003018867924528302,0.0
user_874bace15a,0.0001509433962264151,0.0
user_4e814f41af,0.0001509433962264151,0.0
user_e243521890,0.0003018867924528302,0.0
user_99e96b7f49,0.0003018867924528302,0.0
user_8ee9061b83,0.0001509433962264151,0.0
user_ba50537db8,0.0001509433962264151,0.0
user_c6d2df5e96,0.0007547169811320755,0.0
user_77b5b480f5,0.0003018867924528302,0.0
user_e5968b1164,0.0001509433962264151,0.0
user_a45d20af92,0.0001509433962264151,0.0
user_ae83ba3da5,0.0001509433962264151,0.0
user_de54307d9e,0.0001509433962264151,0.0
user_f60f2cfaf8,0.0001509433962264151,0.0
user_ae81598194,0.0004528301886792453,0.0
user_8fc9ce4e1a,0.0001509433962264151,0.0
user_8146aa518b,0.0001509433962264151,0.0
user_5c90ac3de9,0.0001509433962264151,0.0
user_56ffc1071f,0.0001509433962264151,0.0
user_a94b8e9e06,0.0001509433962264151,0.0
user_75d7d46ded,0.0004528301886792453,0.0
user_033c0fc90a,0.0001509433962264151,0.0
user_1fdd458047,0.0001509433962264151,0.0
user_e87cc4f15d,0.0001509433962264151,0.0
user_9259649ca3,0.0001509433962264151,0.0
user_438986502e,0.0001509433962264151,0.0
user_4ebcfcd4d6,0.0004528301886792453,0.0
user_f980c6fc82,0.0001509433962264151,0.0
user_643c32089a,0.0003018867924528302,0.0
user_d0146780fe,0.0003018867924528302,0.0
user_7ab5feedd9,0.0001509433962264151,0.0
user_2c90fc0c7b,0.0001509433962264151,0.0
user_249de8151a,0.0004528301886792453,0.0
user_c9b6391073,0.0001509433962264151,0.0
user_4e51d32376,0.0003018867924528302,0.0
user_624e0cd601,0.0001509433962264151,0.0
user_3b8315ff07,0.0001509433962264151,0.0
user_3d05eab8af,0.0001509433962264151,0.0
user_1e8f4388b5,0.0001509433962264151,0.0
user_31441eaafe,0.0001509433962264151,0.0
user_9a02364ad8,0.0001509433962264151,0.0
user_106126ae2a,0.0004528301886792453,0.0
user_bebf2dff2a,0.0001509433962264151,0.0
user_a6a41557d4,0.0001509433962264151,0.0
user_fd5f029435,0.0001509433962264151,0.0
user_1fba9014d3,0.0001509433962264151,0.0
user_00be94ce90,0.0003018867924528302,0.0
user_197bbda5e2,0.0001509433962264151,0.0
user_d4c46d5d86,0.0001509433962264151,0.0
user_237ca6d8e8,0.0001509433962264151,0.0
user_4d441225ea,0.0001509433962264151,0.0
user_26521e21dc,0.0001509433962264151,0.0
user_21d4b08afa,0.0001509433962264151,0.0
user_d166083fb5,0.0001509433962264151,0.0
user_94c030e69e,0.0001509433962264151,0.0
user_b3303febd4,0.0001509433962264151,0.0
user_256185035b,0.0004528301886792453,0.0
user_097d33e2de,0.0001509433962264151,0.0
user_2a81ad3ce1,0.0001509433962264151,0.0
user_c610725929,0.0001509433962264151,0.0
user_febbd061bb,0.0001509433962264151,0.0
user_3c9e0d88ad,0.0003018867924528302,0.0
user_6d30941b91,0.0001509433962264151,0.0
user_24c3bba52c,0.0001509433962264151,0.0
user_4fb156cb1b,0.0001509433962264151,0.0
user_11f3d8f9ce,0.0001509433962264151,0.0
user_71d2b6dd6f,0.0001509433962264151,0.0
user_fdcee0d213,0.0003018867924528302,0.0
user_73f79b5343,0.0001509433962264151,0.0
user_c662ea5836,0.0001509433962264151,0.0
user_ee74e0b595,0.0001509433962264151,0.0
user_3e6d7ac435,0.0001509433962264151,0.0
user_52c7233f43,0.0001509433962264151,0.0
user_1421e3bb15,0.0001509433962264151,0.0
user_2ae9295b56,0.0001509433962264151,0.0
user_37f49bdb0d,0.0001509433962264151,0.0
user_6b83282ff8,0.0001509433962264151,0.0
user_6d14a4d57a,0.0004528301886792453,0.0
user_125dc3bf79,0.0003018867924528302,0.0
user_058d850f58,0.0001509433962264151,0.0
user_1e59515acb,0.0001509433962264151,0.0
user_16c4e292f6,0.0001509433962264151,0.0
user_3dcfce2404,0.0001509433962264151,0.0
user_4d11fe6d1f,0.0003018867924528302,0.0
user_888d349c19,0.0001509433962264151,0.0
user_cdb0e8ec62,0.0001509433962264151,0.0
user_1d5dcde4e0,0.0001509433962264151,0.0
user_1ca8deb1cd,0.0001509433962264151,0.0
user_d4bb540627,0.0001509433962264151,0.0
user_8d09a2c679,0.0004528301886792453,0.0
user_f57dbbe236,0.0001509433962264151,0.0
user_5395b16ca8,0.0001509433962264151,0.0
user_7ccea8a6ad,0.0001509433962264151,0.0
user_b127f1c620,0.0003018867924528302,0.0
user_6f6d6fdd4d,0.0001509433962264151,0.0
user_2a095c84c9,0.0001509433962264151,0.0
user_a5790f2981,0.0003018867924528302,0.0
user_470cfa185f,0.0001509433962264151,0.0
user_2d8793be60,0.0001509433962264151,0.0
user_1e36c0d989,0.0003018867924528302,0.0
user_2686e0b24f,0.0001509433962264151,0.0
user_c822875b89,0.0001509433962264151,0.0
user_52b63a91f2,0.0001509433962264151,0.0
user_cdfe12247c,0.0001509433962264151,0.0
user_8ce427048f,0.0001509433962264151,0.0
user_2109f886bd,0.0004528301886792453,0.0
user_c7655c6ebe,0.0001509433962264151,0.0
user_c446e19264,0.0003018867924528302,0.0
user_f51ab0fa76,0.0003018867924528302,0.0
user_408960ac57,0.0003018867924528302,0.0
user_2e011dda35,0.0001509433962264151,0.0
user_53c87c24b3,0.0001509433962264151,0.0
user_c2214f82f9,0.0001509433962264151,0.0
user_1dd4d616ed,0.0001509433962264151,0.0
user_f66f5ddcfe,0.0001509433962264151,0.0
user_98b04b5fa6,0.0003018867924528302,0.0
user_94bb57226b,0.0001509433962264151,0.0
user_b8b1428965,0.0001509433962264151,0.0
user_f81b2bf124,0.0001509433962264151,0.0
user_febea4a987,0.0001509433962264151,0.0
user_092b603f59,0.0001509433962264151,0.0
user_483ce7d6a3,0.0001509433962264151,0.0
user_e312e26b0c,0.0001509433962264151,0.0
user_92d9ab88d2,0.0001509433962264151,0.0
user_28e18a9fe2,0.0003018867924528302,0.0
user_202152053d,0.0001509433962264151,0.0
user_600ffc2f88,0.0001509433962264151,0.0
user_9fe519593e,0.0001509433962264151,0.0
user_335c250fb9,0.0003018867924528302,0.0
user_23cd6d0b1d,0.0003018867924528302,0.0
user_d8db51dbfa,0.0001509433962264151,0.0
user_11c0ec9ad6,0.0001509433962264151,0.0
user_4e83169d4f,0.0001509433962264151,0.0
user_9cdec6e62e,0.0003018867924528302,0.0
user_8e0ef0703f,0.0001509433962264151,0.0
user_38a7e772fb,0.0001509433962264151,0.0
user_5e32dfbfd6,0.0001509433962264151,0.0
user_819209c39d,0.0001509433962264151,0.0
user_2303e6eb59,0.0003018867924528302,0.0
user_cb242454e4,0.0001509433962264151,0.0
user_1f9bf851f4,0.0003018867924528302,0.0
user_6afdcc6afb,0.0003018867924528302,0.0
user_882b0c22e7,0.0003018867924528302,0.0
user_59b60f4497,0.0001509433962264151,0.0
user_57e505a318,0.0003018867924528302,0.0
user_9643be7068,0.0001509433962264151,0.0
user_f1fdfbcfc5,0.0001509433962264151,0.0
user_698c2fe35f,0.0001509433962264151,0.0
user_c18114a62f,0.0001509433962264151,0.0
user_6170e9cbe3,0.0001509433962264151,0.0
user_ea651c6c77,0.0001509433962264151,0.0
user_fcea96b0ea,0.0001509433962264151,0.0
user_db4e4046b8,0.0001509433962264151,0.0
user_5018c3c32b,0.0001509433962264151,0.0
user_215a57cc78,0.0001509433962264151,0.0
user_4439ec3bc6,0.0001509433962264151,0.0
user_482e544b5d,0.0001509433962264151,0.0
user_f1e543fe99,0.0001509433962264151,0.0
user_bfee4dd582,0.0001509433962264151,0.0
user_810f910b6b,0.0003018867924528302,0.0
user_e2f0598b61,0.0001509433962264151,0.0
user_6ab8d8919e,0.005886792452830189,0.0
user_5142ce901a,0.0001509433962264151,0.0
user_244af1915b,0.0001509433962264151,0.0
user_066e607058,0.0004528301886792453,0.0
user_e755bf2958,0.0004528301886792453,0.0
user_924858d289,0.0003018867924528302,0.0
user_47b8f77476,0.0001509433962264151,0.0
user_a89fe4a093,0.0001509433962264151,0.0
user_c74a4dbf74,0.0003018867924528302,0.0
user_095badaa15,0.0001509433962264151,0.0
user_5c41becf76,0.0001509433962264151,0.0
user_0d25bb0866,0.0001509433962264151,0.0
user_bc6532028e,0.0001509433962264151,0.0
user_4f9aa2b780,0.0001509433962264151,0.0
user_f959edcc43,0.0006037735849056604,0.0
user_32f14bf9d6,0.0001509433962264151,0.0
user_a04d309483,0.0001509433962264151,0.0
user_814202e92f,0.0001509433962264151,0.0
user_3889e0e881,0.0001509433962264151,0.0
user_c709a08a8e,0.0001509433962264151,0.0
user_7acf9db713,0.0001509433962264151,0.0
user_6ea5e4a98d,0.0001509433962264151,0.0
user_f429eb34f0,0.0001509433962264151,0.0
user_b1ebd00298,0.0001509433962264151,0.0
user_69a75ddac6,0.0001509433962264151,0.0
user_3ff55b72f2,0.0003018867924528302,0.0
user_406d4e59aa,0.0001509433962264151,0.0
user_f4263d634a,0.0001509433962264151,0.0
user_efd7d239ce,0.0001509433962264151,0.0
user_b6b3faecd9,0.0001509433962264151,0.0
user_45a0c5a5bb,0.0001509433962264151,0.0
user_694c03529a,0.0001509433962264151,0.0
user_1382992f34,0.0001509433962264151,0.0
user_cc1238b5c3,0.0001509433962264151,0.0
user_f166988f5f,0.0001509433962264151,0.0
user_a0b83fe94c,0.0001509433962264151,0.0
user_1fb43119f6,0.0003018867924528302,0.0
user_1aa1e6a539,0.0001509433962264151,0.0
user_6a1bc63df0,0.0001509433962264151,0.0
user_6dd150dd57,0.0001509433962264151,0.0
user_8b73ca5fb0,0.0001509433962264151,0.0
user_fcd0e3d973,0.0001509433962264151,0.0
user_d7520e62fe,0.0006037735849056604,0.0
user_0712807207,0.0010566037735849057,0.0
user_54e38aabe6,0.0001509433962264151,0.0
user_4d4943d32a,0.0001509433962264151,0.0
user_f1a08a791b,0.0003018867924528302,0.0
user_1773958a08,0.0001509433962264151,0.0
user_a3205eb77c,0.0001509433962264151,0.0
user_1b02af4509,0.0001509433962264151,0.0
user_5bd0a500e0,0.0001509433962264151,0.0
user_1a741c3fb6,0.0003018867924528302,0.0
user_d76fa801f8,0.0003018867924528302,0.0
user_fa1ff2057c,0.0001509433962264151,0.0
user_df74ed647a,0.0001509433962264151,0.0
user_a876af337d,0.0001509433962264151,0.0
user_8bbc1139bc,0.0001509433962264151,0.0
user_bf01a1f0c7,0.0001509433962264151,0.0
user_d86954ae49,0.0003018867924528302,0.0
user_36756ffb2c,0.0001509433962264151,0.0
user_9d2457af72,0.0001509433962264151,0.0
user_e7d4d38c25,0.0001509433962264151,0.0
user_0ba0627dc5,0.0001509433962264151,0.0
user_760d520f70,0.0001509433962264151,0.0
user_cdd0306b38,0.0001509433962264151,0.0
user_abe962c40e,0.0004528301886792453,0.0
user_4368e6bdd1,0.0006037735849056604,0.0
user_c8e66d5e36,0.0001509433962264151,0.0
user_5dffa991d0,0.0001509433962264151,0.0
user_cb4a441833,0.0001509433962264151,0.0
user_c1afaf417a,0.0001509433962264151,0.0
user_1b4c399307,0.0001509433962264151,0.0
user_eea1795825,0.0001509433962264151,0.0
user_5b596a67e8,0.0001509433962264151,0.0
user_2b756fbc60,0.0001509433962264151,0.0
user_30b615f48d,0.0001509433962264151,0.0
user_1d0dc0a9ec,0.0001509433962264151,0.0
user_907c1bf8b4,0.0001509433962264151,0.0
user_14baac5d28,0.0001509433962264151,0.0
user_355ca2d77d,0.0001509433962264151,0.0
user_6a081aa2af,0.0001509433962264151,0.0
user_fe6bebd93d,0.0001509433962264151,0.0
user_54b400b949,0.0003018867924528302,0.0
user_d7eb152510,0.0004528301886792453,0.0
user_d7de8799c9,0.0001509433962264151,0.0
user_ff661525f8,0.0001509433962264151,0.0
user_82e5716f0a,0.0003018867924528302,0.0
user_645e3c8d8f,0.0003018867924528302,0.0
user_47b38baa1d,0.0001509433962264151,0.0
user_6230583efe,0.0003018867924528302,0.0
user_7246d493d0,0.0004528301886792453,0.0
user_7d9802bb91,0.0001509433962264151,0.0
user_e028b8cdd6,0.0006037735849056604,0.0
user_237f3e0dcd,0.0001509433962264151,0.0
user_a769b69d72,0.0001509433962264151,0.0
user_91a180c0a1,0.0004528301886792453,0.0
user_20d6b91b12,0.0003018867924528302,0.0
user_0a18023369,0.0001509433962264151,0.0
user_d94baac903,0.0001509433962264151,0.0
user_4314e0d3a7,0.0004528301886792453,0.0
user_925c234a18,0.0001509433962264151,0.0
user_88994656e1,0.0001509433962264151,0.0
user_7f9d2e88fd,0.0003018867924528302,0.0
user_e70cc01ded,0.0001509433962264151,0.0
user_ae1be3eae2,0.0003018867924528302,0.0
user_18ed5ffc81,0.0001509433962264151,0.0
user_6e5e9aecd4,0.0001509433962264151,0.0
user_2086c2eece,0.0001509433962264151,0.0
user_c3af084727,0.0001509433962264151,0.0
user_b939ba9981,0.0001509433962264151,0.0
user_267b1405ab,0.0001509433962264151,0.0
user_a0ad9e0515,0.0001509433962264151,0.0
user_45701e5a5b,0.0001509433962264151,0.0
user_f824ce0798,0.0001509433962264151,0.0
user_d4ca5955fe,0.0001509433962264151,0.0
user_8e4a1826c2,0.0001509433962264151,0.0
user_08b44a0b56,0.0001509433962264151,0.0
user_d11de029bd,0.0001509433962264151,0.0
user_6ffa936108,0.0001509433962264151,0.0
user_1046055969,0.0001509433962264151,0.0
user_3eb706a8a6,0.0001509433962264151,0.0
user_5e129be8de,0.0003018867924528302,0.0
user_73e21ddda4,0.0001509433962264151,0.0
user_61ee84803d,0.0001509433962264151,0.0
user_9d9668dc8b,0.0003018867924528302,0.0
user_a4f4358425,0.0001509433962264151,0.0
user_b3066a6c7c,0.0001509433962264151,0.0
user_969713c734,0.0001509433962264151,0.0
user_e49f486013,0.0001509433962264151,0.0
user_aea92b1de1,0.0001509433962264151,0.0
user_f8c04da977,0.0001509433962264151,0.0
user_f0b531384e,0.0001509433962264151,0.0
user_701df8d5ee,0.0001509433962264151,0.0
user_64df3e25b9,0.0001509433962264151,0.0
user_ffd879133a,0.0001509433962264151,0.0
user_4c924701c9,0.0001509433962264151,0.0
user_4202f7c7a3,0.0001509433962264151,0.0
user_b955616cfd,0.0001509433962264151,0.0
user_2e837d5aa4,0.0001509433962264151,0.0
user_461baf1575,0.0003018867924528302,0.0
user_56cd338716,0.0001509433962264151,0.0
user_830b51832f,0.0004528301886792453,0.0
user_456eed72d2,0.0001509433962264151,0.0
user_dc3d634832,0.0001509433962264151,0.0
user_fb9736f1cd,0.0001509433962264151,0.0
user_ffb354db16,0.0001509433962264151,0.0
user_c030210f19,0.0001509433962264151,0.0
user_5d03371d19,0.0001509433962264151,0.0
user_222cafdf0b,0.0001509433962264151,0.0
user_f9f6a6859c,0.0001509433962264151,0.0
user_20a64470a7,0.0001509433962264151,0.0
user_a74c9e1954,0.0001509433962264151,0.0
user_1fb5398a96,0.0001509433962264151,0.0
user_07d9c5a3d6,0.0001509433962264151,0.0
user_11dfcb80a9,0.0001509433962264151,0.0
user_7382f31c3b,0.0001509433962264151,0.0
user_c4a94a4799,0.0001509433962264151,0.0
user_b886227674,0.0003018867924528302,0.0
user_d7c6926728,0.0001509433962264151,0.0
user_e2ec056d70,0.0001509433962264151,0.0
user_c9b22e7c54,0.0001509433962264151,0.0
user_a57c1675fd,0.0001509433962264151,0.0
user_73e31ce678,0.0001509433962264151,0.0
user_005014d1b9,0.0004528301886792453,0.0
user_9c2ee56db6,0.0001509433962264151,0.0
user_fd0efa312c,0.0025660377358490568,0.0
user_b1dd9d1f4f,0.0001509433962264151,0.0
user_2d00b9222b,0.0001509433962264151,0.0
user_657fbd80ce,0.0003018867924528302,0.0
user_be2ed7bbdb,0.0001509433962264151,0.0
user_245379a819,0.0001509433962264151,0.0
user_f19b48abda,0.0001509433962264151,0.0
user_f6b3c0f839,0.0012075471698113208,0.0
user_2c83dba42a,0.0001509433962264151,0.0
user_59b4ace81a,0.0001509433962264151,0.0
user_7a2892c08f,0.0001509433962264151,0.0
user_14fc06d7b1,0.0003018867924528302,0.0
user_5d0f6e6cf4,0.0001509433962264151,0.0
user_a4778e284c,0.0001509433962264151,0.0
user_676325fd7d,0.0003018867924528302,0.0
user_683f687c12,0.0001509433962264151,0.0
user_2d166cfd26,0.0004528301886792453,0.0
user_4d32255b01,0.0001509433962264151,0.0
user_f195e445e0,0.0001509433962264151,0.0
user_faf4e1d911,0.0001509433962264151,0.0
user_4cb48f1819,0.0003018867924528302,0.0
user_7e2ff5e0fd,0.0003018867924528302,0.0
user_26355ce1b0,0.0001509433962264151,0.0
user_af4194cefe,0.0001509433962264151,0.0
user_edc5e34d3f,0.0001509433962264151,0.0
user_ca022e0892,0.0001509433962264151,0.0
user_9283746a0d,0.0003018867924528302,0.0
user_02f3105657,0.0001509433962264151,0.0
user_6b5235bc0f,0.0003018867924528302,0.0
user_7e2fd26c35,0.0003018867924528302,0.0
user_6ce518ed92,0.0001509433962264151,0.0
user_a8929698c7,0.0001509433962264151,0.0
user_7acc7e11b0,0.0001509433962264151,0.0
user_c382ab090a,0.0001509433962264151,0.0
user_f0003a689c,0.0001509433962264151,0.0
user_d92f057a2e,0.0001509433962264151,0.0
user_cc1a861d84,0.0001509433962264151,0.0
user_c11155d91a,0.0001509433962264151,0.0
user_00ecb18bbb,0.0003018867924528302,0.0
user_64c856a7f9,0.0001509433962264151,0.0
user_4aca8291c2,0.0001509433962264151,0.0
user_e5a115e245,0.0001509433962264151,0.0
user_d6e9819348,0.0001509433962264151,0.0
user_fc9805fc98,0.0001509433962264151,0.0
user_39fbde7f6e,0.0001509433962264151,0.0
user_44f3995bc8,0.0001509433962264151,0.0
user_4a0657b118,0.0001509433962264151,0.0
user_6ce128a0b2,0.0001509433962264151,0.0
user_4435ab8cca,0.0001509433962264151,0.0
user_03cfed47c1,0.0003018867924528302,0.0
user_ba1e101ec5,0.0001509433962264151,0.0
user_06f212455a,0.0001509433962264151,0.0
user_5c66cd444e,0.0001509433962264151,0.0
user_0a1ce8e842,0.0001509433962264151,0.0
user_a2ba72aa54,0.0001509433962264151,0.0
user_f373264420,0.0001509433962264151,0.0
user_98fb480303,0.0003018867924528302,0.0
user_a738a3e244,0.0001509433962264151,0.0
user_ae424caddc,0.0003018867924528302,0.0
user_f6a331a67b,0.0001509433962264151,0.0
user_f15834c7b7,0.0001509433962264151,0.0
user_091d478e8b,0.0001509433962264151,0.0
user_1bbcf5cbe0,0.0001509433962264151,0.0
user_2cc2013f42,0.0001509433962264151,0.0
user_cb94b7ce86,0.0001509433962264151,0.0
user_8a14374711,0.0001509433962264151,0.0
user_215354f701,0.0001509433962264151,0.0
user_33d63d872f,0.0001509433962264151,0.0
user_df49b505e1,0.0001509433962264151,0.0
user_2512b39ed7,0.0003018867924528302,0.0
user_4ffd9d5a9d,0.0006037735849056604,0.0
user_f093270ba3,0.0001509433962264151,0.0
user_4af4e66044,0.0001509433962264151,0.0
user_7d600cf2bf,0.0001509433962264151,0.0
user_74476a5fac,0.0001509433962264151,0.0
user_2ec98c464a,0.0001509433962264151,0.0
user_a138ecf727,0.0003018867924528302,0.0
user_fcf985cebf,0.0001509433962264151,0.0
user_64098611d4,0.0001509433962264151,0.0
user_f34a7648bc,0.0001509433962264151,0.0
user_93ec515579,0.0001509433962264151,0.0
user_c2104aceba,0.0001509433962264151,0.0
user_15b80373e1,0.0004528301886792453,0.0
user_c0b79ef4c2,0.0001509433962264151,0.0
user_dffffa5526,0.0001509433962264151,0.0
user_307a00f36d,0.0001509433962264151,0.0
user_8abfbc0221,0.0001509433962264151,0.0
user_56917f446a,0.0001509433962264151,0.0
user_a0d407787d,0.0001509433962264151,0.0
user_145bd76796,0.0001509433962264151,0.0
user_fd4551d6e0,0.0001509433962264151,0.0
user_df44f10f6a,0.0001509433962264151,0.0
user_5196af6dcc,0.0004528301886792453,0.0
user_e1dba489b4,0.0003018867924528302,0.0
user_0f006e8bf8,0.0001509433962264151,0.0
user_80bc2a8acf,0.0001509433962264151,0.0
user_b0a4482cb3,0.0001509433962264151,0.0
user_b311ebd26c,0.0001509433962264151,0.0
user_e3b29a8454,0.0001509433962264151,0.0
user_f1b67ceebc,0.0001509433962264151,0.0
user_448b4ed27a,0.0001509433962264151,0.0
user_f7441c617a,0.0001509433962264151,0.0
user_d8f6f7b910,0.0001509433962264151,0.0
user_67def57f9e,0.0001509433962264151,0.0
user_1e313352f7,0.0001509433962264151,0.0
user_2bd7504d60,0.0001509433962264151,0.0
user_9695b6df03,0.0004528301886792453,0.0
user_8eae884867,0.0001509433962264151,0.0
user_eaaa2e40a3,0.0001509433962264151,0.0
user_30cf1eb8e9,0.0001509433962264151,0.0
user_6b29a7b485,0.0001509433962264151,0.0
user_3fb452dfa6,0.0001509433962264151,0.0
user_ea8fef5920,0.0001509433962264151,0.0
user_33d7e0faea,0.0001509433962264151,0.0
user_1fab88e8d6,0.0004528301886792453,0.0
user_f27ad0cc90,0.0003018867924528302,0.0
user_3fd7f497fb,0.0001509433962264151,0.0
user_5a6307031a,0.0001509433962264151,0.0
user_921b3ec0f1,0.0004528301886792453,0.0
user_2d7e03a206,0.0001509433962264151,0.0
user_7485a4b4eb,0.0001509433962264151,0.0
user_dc03405f50,0.0001509433962264151,0.0
user_032faf521a,0.0001509433962264151,0.0
user_812857f307,0.0001509433962264151,0.0
user_132213b11c,0.0003018867924528302,0.0
user_e6afa4419e,0.0001509433962264151,0.0
user_88627d68f9,0.0003018867924528302,0.0
user_89f5594cd6,0.0001509433962264151,0.0
user_e3403c7c47,0.0001509433962264151,0.0
user_8f8004717e,0.0001509433962264151,0.0
user_ceb07ed58b,0.0001509433962264151,0.0
user_4af11cf9cd,0.0003018867924528302,0.0
user_942e0228ab,0.0001509433962264151,0.0
user_927687c2a4,0.0003018867924528302,0.0
user_c5855deab5,0.0001509433962264151,0.0
user_119f8a6b79,0.0003018867924528302,0.0
user_79c04e393c,0.0004528301886792453,0.0
user_8413720bb8,0.0001509433962264151,0.0
user_7086a76e04,0.0001509433962264151,0.0
user_f5396504be,0.0001509433962264151,0.0
user_a7a72f083e,0.0001509433962264151,0.0
user_44b4deed5e,0.0001509433962264151,0.0
user_162ae5b88c,0.0003018867924528302,0.0
user_550a043453,0.0001509433962264151,0.0
user_98c75e8293,0.0001509433962264151,0.0
user_30d837b1a9,0.0001509433962264151,0.0
user_8ea4521e89,0.0001509433962264151,0.0
user_ecbcf68acd,0.0001509433962264151,0.0
user_91e777e3bf,0.0001509433962264151,0.0
user_957e81058f,0.0001509433962264151,0.0
user_97a63ffad5,0.0001509433962264151,0.0
user_045f9e8384,0.0001509433962264151,0.0
user_2d34810d91,0.0001509433962264151,0.0
user_fd7c8c0032,0.0001509433962264151,0.0
user_4204eb7f0b,0.0001509433962264151,0.0
user_db3b1b7410,0.0001509433962264151,0.0
user_31a08c7614,0.0004528301886792453,0.0
user_ce6c0ea7e7,0.0003018867924528302,0.0
user_572971e7b5,0.0001509433962264151,0.0
user_2044f5a1ed,0.0001509433962264151,0.0
user_229aad6c04,0.0001509433962264151,0.0
user_f865fdd1cf,0.0004528301886792453,0.0
user_955eab8f24,0.0001509433962264151,0.0
user_a0665df7f8,0.0003018867924528302,0.0
user_176a3481eb,0.0001509433962264151,0.0
user_291027c5fc,0.0003018867924528302,0.0
user_b58f5c5cb3,0.0001509433962264151,0.0
user_176eb343aa,0.0001509433962264151,0.0
user_ebe09bbbc8,0.0001509433962264151,0.0
user_62c3d5f702,0.0001509433962264151,0.0
user_fd676e3022,0.0001509433962264151,0.0
user_d8e42d3dc0,0.0001509433962264151,0.0
user_27e605d543,0.0001509433962264151,0.0
user_b200d5c279,0.0001509433962264151,0.0
user_62c4e57205,0.0001509433962264151,0.0
user_6055f0e2ad,0.0001509433962264151,0.0
user_4955ee7d22,0.0003018867924528302,0.0
user_3357a2bc61,0.0001509433962264151,0.0
user_a5908fe277,0.0001509433962264151,0.0
user_70f22574f3,0.0001509433962264151,0.0
user_4538c97bea,0.0001509433962264151,0.0
user_7c9015c44f,0.0003018867924528302,0.0
user_862125c97b,0.0001509433962264151,0.0
user_e67901da15,0.0003018867924528302,0.0
user_ef856dd4b0,0.0001509433962264151,0.0
user_ec00325b3b,0.0001509433962264151,0.0
user_38afc790e2,0.0001509433962264151,0.0
user_a786580bca,0.0001509433962264151,0.0
user_e4b2b9888f,0.0001509433962264151,0.0
user_9e4ecea5de,0.0001509433962264151,0.0
user_bc26e72687,0.0001509433962264151,0.0
user_4239045a32,0.0001509433962264151,0.0
user_0a7ef54335,0.0001509433962264151,0.0
user_9296ec97e4,0.0001509433962264151,0.0
user_c85b89b940,0.0001509433962264151,0.0
user_4efc70f6eb,0.0001509433962264151,0.0
user_1274fc8c53,0.0001509433962264151,0.0
user_60c6bc1f5c,0.0003018867924528302,0.0
user_dd324bd1ac,0.0003018867924528302,0.0
user_87c4920bcc,0.0003018867924528302,0.0
user_1aca2118ae,0.0001509433962264151,0.0
user_ec280099ec,0.0001509433962264151,0.0
user_76c3fc6c0e,0.0001509433962264151,0.0
user_1142229885,0.0001509433962264151,0.0
user_d3299a233d,0.0001509433962264151,0.0
user_6f17b54294,0.0001509433962264151,0.0
user_356ce3f562,0.0001509433962264151,0.0
user_de2bf09d9f,0.0001509433962264151,0.0
user_0435f0330f,0.0001509433962264151,0.0
user_2657b047cc,0.0001509433962264151,0.0
user_91cba81d96,0.0003018867924528302,0.0
user_c953ba84a6,0.0001509433962264151,0.0
user_08c9afeecd,0.0001509433962264151,0.0
user_f3e5e17cda,0.0001509433962264151,0.0
user_2c7c0b8870,0.0001509433962264151,0.0
user_262cdce221,0.0006037735849056604,0.0
user_1e8c44767b,0.0001509433962264151,0.0
user_2c4cf813a4,0.0006037735849056604,0.0
user_2c12dd9690,0.0001509433962264151,0.0
user_afe70f91ce,0.0001509433962264151,0.0
user_e399044fd8,0.0001509433962264151,0.0
user_a7541c2b2b,0.0001509433962264151,0.0
user_1975361b18,0.0001509433962264151,0.0
user_cfb34dfa47,0.0001509433962264151,0.0
user_2a4786f2ea,0.0001509433962264151,0.0
user_dfc43fa469,0.0001509433962264151,0.0
user_4447d3fb59,0.0001509433962264151,0.0
user_ddf2f19a61,0.0003018867924528302,0.0
user_3d1726a825,0.0001509433962264151,0.0
user_faf76a1bb2,0.0001509433962264151,0.0
user_a9cbc9703c,0.0001509433962264151,0.0
user_1a44a8b5a3,0.0001509433962264151,0.0
user_39dff07239,0.0003018867924528302,0.0
user_cd59c62519,0.0001509433962264151,0.0
user_a92627568f,0.0001509433962264151,0.0
user_e23b41ec2e,0.0001509433962264151,0.0
user_4140964845,0.0001509433962264151,0.0
user_3dc53e42df,0.0001509433962264151,0.0
user_be9bf7f1bf,0.0001509433962264151,0.0
user_32ddcaa079,0.0001509433962264151,0.0
user_1fc0ef63aa,0.0001509433962264151,0.0
user_37639ed58a,0.0001509433962264151,0.0
user_06b093c6b3,0.0001509433962264151,0.0
user_075f906cee,0.0003018867924528302,0.0
user_82c4f8ee2b,0.0001509433962264151,0.0
user_514925df89,0.0001509433962264151,0.0
user_e14a8228d5,0.0001509433962264151,0.0
user_d56923db3e,0.0004528301886792453,0.0
user_bf6909def5,0.0001509433962264151,0.0
user_6079b65204,0.0001509433962264151,0.0
user_004edf67d9,0.0001509433962264151,0.0
user_ebfa61a747,0.0001509433962264151,0.0
user_d413d67d8a,0.0001509433962264151,0.0
user_62649abae6,0.0001509433962264151,0.0
user_9d58885b80,0.0001509433962264151,0.0
user_6435acf92c,0.0003018867924528302,0.0
user_f79925726a,0.0003018867924528302,0.0
user_3bc1eaeaf6,0.0001509433962264151,0.0
user_5c24e586de,0.0003018867924528302,0.0
user_bab12d4edd,0.0001509433962264151,0.0
user_f8afa28d66,0.0001509433962264151,0.0
user_0d5b85a2fe,0.0001509433962264151,0.0
user_b0d9ea5b6d,0.0004528301886792453,0.0
user_e79effd2c2,0.0001509433962264151,0.0
user_8b2c149e0e,0.0003018867924528302,0.0
user_ad2b1247fa,0.0004528301886792453,0.0
user_7a7e956bc9,0.0001509433962264151,0.0
user_3fffe768f2,0.0004528301886792453,0.0
user_f69fb859fd,0.0003018867924528302,0.0
user_c2983d4d8a,0.0001509433962264151,0.0
user_573bf2a8f1,0.0003018867924528302,0.0
user_ca77f0f879,0.0001509433962264151,0.0
user_b227937327,0.0001509433962264151,0.0
user_98f7196d4c,0.0001509433962264151,0.0
user_6796510295,0.0001509433962264151,0.0
user_3ad0901ea0,0.0001509433962264151,0.0
user_97c315eff8,0.0006037735849056604,0.0
user_cd414c73ee,0.0001509433962264151,0.0
user_4e53deb401,0.0001509433962264151,0.0
user_ee3c30dba7,0.0004528301886792453,0.0
user_705d2a8df9,0.0003018867924528302,0.0
user_5b56bd95b0,0.0001509433962264151,0.0
user_6c083f643c,0.0003018867924528302,0.0
user_cfda6a1967,0.0001509433962264151,0.0
user_8044853b7e,0.0001509433962264151,0.0
user_a71746ab79,0.0001509433962264151,0.0
user_adc4979dfa,0.0001509433962264151,0.0
user_d7140f6714,0.0001509433962264151,0.0
user_0dfa44013f,0.0001509433962264151,0.0
user_180cbd1101,0.0003018867924528302,0.0
user_8ae7151b8c,0.0001509433962264151,0.0
user_d49aef0d13,0.0001509433962264151,0.0
user_343d596c8a,0.0001509433962264151,0.0
user_8cc7c5acd5,0.0007547169811320755,0.0
user_9f78418c02,0.0001509433962264151,0.0
user_d596653422,0.0001509433962264151,0.0
user_497eaca185,0.0001509433962264151,0.0
user_b978255090,0.0003018867924528302,0.0
user_b19ac8b169,0.0001509433962264151,0.0
user_5c45f76411,0.0001509433962264151,0.0
user_ad3e495dc2,0.0006037735849056604,0.0
user_075400be3c,0.0001509433962264151,0.0
user_ef5e93306f,0.0001509433962264151,0.0
user_ffccc9c324,0.0001509433962264151,0.0
user_ca99d69cbd,0.0001509433962264151,0.0
user_c61434d7e2,0.0001509433962264151,0.0
user_f98f0dafd7,0.0001509433962264151,0.0
user_3503c71f45,0.0001509433962264151,0.0
user_5994cc86df,0.0001509433962264151,0.0
user_89729a1aa4,0.0001509433962264151,0.0
user_0eb6ff8cbf,0.0001509433962264151,0.0
user_6db5b7dc06,0.0004528301886792453,0.0
user_ca6a8edd27,0.0012075471698113208,0.0
user_fcdb5dac7a,0.0001509433962264151,0.0
user_b1b679f3aa,0.0001509433962264151,0.0
user_f43a939ce9,0.0025660377358490568,0.0
user_b7c50889cc,0.0001509433962264151,0.0
user_4dd8d16c44,0.0003018867924528302,0.0
user_8c62211876,0.0004528301886792453,0.0
user_4eab989ef4,0.0001509433962264151,0.0
user_68026142c6,0.0001509433962264151,0.0
user_a821a0e74b,0.0001509433962264151,0.0
user_58af3573c5,0.0001509433962264151,0.0
user_6b3bf6a8dd,0.0001509433962264151,0.0
user_1520ab709e,0.0001509433962264151,0.0
user_07ad46d4d5,0.0001509433962264151,0.0
user_cfd4c19ec1,0.0001509433962264151,0.0
user_177115e2a8,0.0001509433962264151,0.0
user_88474e8d28,0.0003018867924528302,0.0
user_58693a82d8,0.0004528301886792453,0.0
user_0417206d65,0.0004528301886792453,0.0
user_f45ffd4ba5,0.0003018867924528302,0.0
user_c360d56853,0.0003018867924528302,0.0
user_25a6c8315b,0.0001509433962264151,0.0
user_588d7cbecb,0.0004528301886792453,0.0
user_8f5097ac64,0.0001509433962264151,0.0
user_86ee5c6c5a,0.0004528301886792453,0.0
user_bc2d5791a2,0.0001509433962264151,0.0
user_075b374a1c,0.0006037735849056604,0.0
user_1da7df3f08,0.0001509433962264151,0.0
user_5d8460032d,0.0001509433962264151,0.0
user_3412809fad,0.0001509433962264151,0.0
user_5de0d01fb5,0.0003018867924528302,0.0
user_66e38f8660,0.0001509433962264151,0.0
user_9ffd428624,0.0001509433962264151,0.0
user_633db680c0,0.0001509433962264151,0.0
user_6424b2627c,0.0001509433962264151,0.0
user_98514b48dc,0.0001509433962264151,0.0
user_a34cf5e9c9,0.0004528301886792453,0.0
user_d8dd55dc7d,0.0001509433962264151,0.0
user_0785e21563,0.0001509433962264151,0.0
user_6efd233cc1,0.0001509433962264151,0.0
user_6ad1944f09,0.0001509433962264151,0.0
user_f3c2eb160a,0.0001509433962264151,0.0
user_70650d5cfc,0.0001509433962264151,0.0
user_75e02c21cd,0.0001509433962264151,0.0
user_0ea06756cb,0.0001509433962264151,0.0
user_6fb65a9a89,0.0003018867924528302,0.0
user_1c2a4f5c8f,0.0003018867924528302,0.0
user_f65d7a5e23,0.0001509433962264151,0.0
user_9a26d58b38,0.0001509433962264151,0.0
user_0be0ceeac0,0.0001509433962264151,0.0
user_d21860b366,0.0001509433962264151,0.0
user_99ef0df3f2,0.0003018867924528302,0.0
user_be0f661062,0.0001509433962264151,0.0
user_0cbc37722c,0.0001509433962264151,0.0
user_dfa054bee5,0.0001509433962264151,0.0
user_cecdbb0fd4,0.0001509433962264151,0.0
user_916d895524,0.0001509433962264151,0.0
user_493f96d6c1,0.0001509433962264151,0.0
user_618c79b28f,0.0001509433962264151,0.0
user_a199358de9,0.0001509433962264151,0.0
user_a5c568993c,0.0001509433962264151,0.0
user_1bab94bf77,0.0001509433962264151,0.0
user_a77cedf5c0,0.0001509433962264151,0.0
user_e74a9e31ee,0.0001509433962264151,0.0
user_5783f4dd44,0.0001509433962264151,0.0
user_7675e72ff6,0.0001509433962264151,0.0
user_b4628cb606,0.0001509433962264151,0.0
user_f02c3a7b0c,0.0001509433962264151,0.0
user_cec185feeb,0.0003018867924528302,0.0
user_8661d7ee86,0.0001509433962264151,0.0
user_4ea55bc0ac,0.0003018867924528302,0.0
user_ee76d155a3,0.0006037735849056604,0.0
user_0aa75c43cc,0.0001509433962264151,0.0
user_9a2a9834f5,0.0001509433962264151,0.0
user_25a2079ce5,0.0003018867924528302,0.0
user_03f4121c6f,0.0001509433962264151,0.0
user_24ed8a74d6,0.0001509433962264151,0.0
user_53c9494db4,0.0003018867924528302,0.0
user_7800862911,0.0001509433962264151,0.0
user_5644af943a,0.0001509433962264151,0.0
user_2d50c6338c,0.0001509433962264151,0.0
user_5e3ab0a4bf,0.0001509433962264151,0.0
user_bd3ba7429c,0.0001509433962264151,0.0
user_e1bfff05e1,0.0003018867924528302,0.0
user_6e2f37fb96,0.0001509433962264151,0.0
user_6e33410908,0.0001509433962264151,0.0
user_1b2da129e8,0.0001509433962264151,0.0
user_cb4650cb29,0.0001509433962264151,0.0
user_5f49051c02,0.0001509433962264151,0.0
user_96a36389b7,0.0001509433962264151,0.0
user_c49cd308ff,0.0001509433962264151,0.0
user_f11ef2e81d,0.0003018867924528302,0.0
user_3f3ddee572,0.0001509433962264151,0.0
user_e0e077221b,0.0001509433962264151,0.0
user_0680b0989e,0.0001509433962264151,0.0
user_b3afbdf464,0.0003018867924528302,0.0
user_7754ef6b13,0.0003018867924528302,0.0
user_8b0a764ef5,0.0001509433962264151,0.0
user_0de955eb38,0.0003018867924528302,0.0
user_8920352d95,0.0003018867924528302,0.0
user_b9065a664b,0.0001509433962264151,0.0
user_4297738915,0.0003018867924528302,0.0
user_66b1539926,0.0001509433962264151,0.0
user_e1ca3130c0,0.0001509433962264151,0.0
user_a5969584c3,0.0001509433962264151,0.0
user_5a5ff7b81b,0.0007547169811320755,0.0
user_077b0949d4,0.0001509433962264151,0.0
user_b2becc7827,0.0001509433962264151,0.0
user_923aedbb16,0.0001509433962264151,0.0
user_8a2b3dd9da,0.0003018867924528302,0.0
user_f54b7135b1,0.0003018867924528302,0.0
user_8267e29803,0.0001509433962264151,0.0
user_470d12fdf5,0.0001509433962264151,0.0
user_6a966cd786,0.0003018867924528302,0.0
user_a7527e9dca,0.0001509433962264151,0.0
user_39071a255d,0.0001509433962264151,0.0
user_6e2535f7b3,0.0003018867924528302,0.0
user_e2ee2681e0,0.0003018867924528302,0.0
user_be1a9067d8,0.0003018867924528302,0.0
user_29dd42a357,0.0001509433962264151,0.0
user_1a5ab86fd7,0.0004528301886792453,0.0
user_32489936eb,0.0001509433962264151,0.0
user_2f927e7cf6,0.0001509433962264151,0.0
user_2d8ba32f07,0.0009056603773584906,0.0
user_5dd1184419,0.0001509433962264151,0.0
user_26d4a83638,0.0001509433962264151,0.0
user_181dd2b1c1,0.0001509433962264151,0.0
user_cee2b62c50,0.0001509433962264151,0.0
user_779eb6f668,0.0001509433962264151,0.0
user_384b657722,0.0003018867924528302,0.0
user_edd418d92e,0.0001509433962264151,0.0
user_ebaeae7ab1,0.0001509433962264151,0.0
user_7274a153af,0.0001509433962264151,0.0
user_19ac5b72e2,0.0001509433962264151,0.0
user_57056ec64f,0.0001509433962264151,0.0
user_7497cbe966,0.0001509433962264151,0.0
user_945b254295,0.0003018867924528302,0.0
user_e475b17b40,0.0001509433962264151,0.0
user_61c0111828,0.0003018867924528302,0.0
user_4e453abcae,0.0004528301886792453,0.0
user_4b6fa5e187,0.0001509433962264151,0.0
user_735b082510,0.0003018867924528302,0.0
user_55d87e0d92,0.0001509433962264151,0.0
user_c52ff44fc0,0.0001509433962264151,0.0
user_7172dd3429,0.0003018867924528302,0.0
user_904aec95b9,0.0001509433962264151,0.0
user_a04aed9a44,0.0001509433962264151,0.0
user_ca73206905,0.0003018867924528302,0.0
user_9a9fe0b5e8,0.0003018867924528302,0.0
user_9d2f34e16d,0.0003018867924528302,0.0
user_f194f269ee,0.0001509433962264151,0.0
user_2b70fec56c,0.0001509433962264151,0.0
user_22980d5618,0.0001509433962264151,0.0
user_38de59bd9f,0.0001509433962264151,0.0
user_bbed1a0af3,0.0001509433962264151,0.0
user_f1e204753f,0.0001509433962264151,0.0
user_3106083d96,0.0001509433962264151,0.0
user_7c0281179c,0.0001509433962264151,0.0
user_a80014a501,0.0001509433962264151,0.0
user_d89e036600,0.0003018867924528302,0.0
user_6bb02f3b97,0.0001509433962264151,0.0
user_a6035c71b9,0.0003018867924528302,0.0
user_e2b75f7f14,0.0001509433962264151,0.0
user_cd5758fae3,0.0001509433962264151,0.0
user_56fca3d168,0.0001509433962264151,0.0
user_c58fb8d750,0.0001509433962264151,0.0
user_b35edefb3c,0.0001509433962264151,0.0
user_f65d884a4c,0.0001509433962264151,0.0
user_936941915f,0.0001509433962264151,0.0
user_faf669c4d3,0.0001509433962264151,0.0
user_c1e2c3b0c1,0.0003018867924528302,0.0
user_1739c4a39e,0.0001509433962264151,0.0
user_2ce514c84d,0.0003018867924528302,0.0
user_92157ad447,0.0001509433962264151,0.0
user_f06f8b76d2,0.0003018867924528302,0.0
user_df7e66abf7,0.0003018867924528302,0.0
user_1d75c9ab7d,0.0001509433962264151,0.0
user_7bd790c2e1,0.0003018867924528302,0.0
user_b12b93b110,0.0001509433962264151,0.0
user_93d4af2df6,0.0001509433962264151,0.0
user_c885ac9f02,0.0003018867924528302,0.0
user_42a47eda26,0.0003018867924528302,0.0
user_0f6747fa07,0.0001509433962264151,0.0
user_b56e694b1f,0.0003018867924528302,0.0
user_1dc1b2c975,0.0001509433962264151,0.0
user_e11a8dd612,0.0001509433962264151,0.0
user_c60b1238da,0.0001509433962264151,0.0
user_2ab5fa8f4b,0.0001509433962264151,0.0
user_2403364b38,0.0001509433962264151,0.0
user_bb8c109a0f,0.0001509433962264151,0.0
user_48e775075c,0.0001509433962264151,0.0
user_5f2f46b405,0.0001509433962264151,0.0
user_fa2c1ae4c6,0.0001509433962264151,0.0
user_fdd0498b00,0.0001509433962264151,0.0
user_38c2d086ee,0.0001509433962264151,0.0
user_35dcade835,0.0004528301886792453,0.0
user_91c7e6a541,0.0003018867924528302,0.0
user_6fd2d51f77,0.0001509433962264151,0.0
user_abea50ccfe,0.0001509433962264151,0.0
user_9dce9239ae,0.0001509433962264151,0.0
user_dddc565f41,0.0001509433962264151,0.0
user_387fee0691,0.0003018867924528302,0.0
user_ab1c27d707,0.0001509433962264151,0.0
user_92acc89763,0.0001509433962264151,0.0
user_f22bda0f9f,0.0001509433962264151,0.0
user_95938f9443,0.0001509433962264151,0.0
user_faf0ab4499,0.0001509433962264151,0.0
user_cd14fff86f,0.0001509433962264151,0.0
user_5c8892e047,0.0001509433962264151,0.0
user_24aca6f2b8,0.0001509433962264151,0.0
user_ba9b6b48d4,0.0001509433962264151,0.0
user_434c19b1f9,0.0001509433962264151,0.0
user_ab7e33b42e,0.0001509433962264151,0.0
user_642fa4b12f,0.0003018867924528302,0.0
user_b838f550f5,0.0001509433962264151,0.0
user_872f4736d7,0.0003018867924528302,0.0
user_80760b2eff,0.0003018867924528302,0.0
user_b437dec7ef,0.0001509433962264151,0.0
user_e28dfc8006,0.0001509433962264151,0.0
user_765889d767,0.0003018867924528302,0.0
user_fe11a0e8e5,0.0003018867924528302,0.0
user_999f88dcb4,0.0001509433962264151,0.0
user_e44200eaef,0.0001509433962264151,0.0
user_bf4d434988,0.0001509433962264151,0.0
user_28ab68f9f0,0.0001509433962264151,0.0
user_197025f4b5,0.0001509433962264151,0.0
user_ae70056efc,0.0001509433962264151,0.0
user_c69054ba40,0.0001509433962264151,0.0
user_2dff6e2f96,0.0003018867924528302,0.0
user_32032a28c8,0.0001509433962264151,0.0
user_45a7f70ac2,0.0001509433962264151,0.0
user_43589542e1,0.0003018867924528302,0.0
user_9dfcd5f257,0.0001509433962264151,0.0
user_6bf5134898,0.0001509433962264151,0.0
user_d6bce2abd4,0.0001509433962264151,0.0
user_ed796e647a,0.0001509433962264151,0.0
user_cba40adafa,0.0001509433962264151,0.0
user_15a8614c8b,0.0003018867924528302,0.0
user_88c7dd6151,0.0001509433962264151,0.0
user_0eee4617ef,0.0001509433962264151,0.0
user_c7ba643839,0.0001509433962264151,0.0
user_6095754576,0.0001509433962264151,0.0
user_ba3e25aca4,0.0001509433962264151,0.0
user_c1644357fa,0.0001509433962264151,0.0
user_61427af2a8,0.0003018867924528302,0.0
user_8c7db3bddc,0.0001509433962264151,0.0
user_33d434cbb9,0.0001509433962264151,0.0
user_e18c8997cf,0.0001509433962264151,0.0
user_26750feccd,0.0001509433962264151,0.0
user_57e2f677dd,0.0001509433962264151,0.0
user_e9c10ed62e,0.0003018867924528302,0.0
user_e9ac5c16e4,0.0001509433962264151,0.0
user_3898177fd1,0.0001509433962264151,0.0
user_339b272aa0,0.0001509433962264151,0.0
user_971187c10e,0.0001509433962264151,0.0
user_c9f0c1fa6b,0.0001509433962264151,0.0
user_7396588c7a,0.0001509433962264151,0.0
user_d2a9a1bdb4,0.0001509433962264151,0.0
user_b289e5cf2a,0.0001509433962264151,0.0
user_5730f1ce4e,0.0001509433962264151,0.0
user_dd46be57c7,0.0001509433962264151,0.0
user_d73a5a35d7,0.0001509433962264151,0.0
user_087510e20b,0.0003018867924528302,0.0
user_4d595ae9e1,0.0001509433962264151,0.0
user_c9112549cf,0.0001509433962264151,0.0
user_bf5d920652,0.0001509433962264151,0.0
user_35dde81944,0.0001509433962264151,0.0
user_90a884da31,0.0004528301886792453,0.0
user_6522bcfc38,0.0001509433962264151,0.0
user_4db93e6d5f,0.0001509433962264151,0.0
user_ae7ac4e352,0.0001509433962264151,0.0
user_c270f57a7f,0.0003018867924528302,0.0
user_7ad9f8af8a,0.0001509433962264151,0.0
user_cc0939788a,0.0010566037735849057,0.0
user_81e4a8fdfd,0.0001509433962264151,0.0
user_1035603db2,0.0001509433962264151,0.0
user_ff2ae042a3,0.0001509433962264151,0.0
user_851e96c0ba,0.0004528301886792453,0.0
user_433a07cec8,0.0003018867924528302,0.0
user_fb562248ee,0.0001509433962264151,0.0
user_1205a8cf12,0.0003018867924528302,0.0
user_a66456aae7,0.0001509433962264151,0.0
user_790b7ca936,0.0001509433962264151,0.0
user_6fa80b1b53,0.001358490566037736,0.0
user_ac5df6bdf0,0.0001509433962264151,0.0
user_5d2114dbff,0.0001509433962264151,0.0
user_3139b1c6f7,0.0001509433962264151,0.0
user_3903616add,0.0001509433962264151,0.0
user_1c3f7b2c74,0.0001509433962264151,0.0
user_c7e0f36e23,0.0001509433962264151,0.0
user_95ab32187b,0.0001509433962264151,0.0
user_733bdd1847,0.0003018867924528302,0.0
user_ec1689552c,0.0001509433962264151,0.0
user_ab5cfc510e,0.0001509433962264151,0.0
user_687716c334,0.0001509433962264151,0.0
user_37b81bdb52,0.0004528301886792453,0.0
user_bb35698310,0.0001509433962264151,0.0
user_baaffe78f2,0.0004528301886792453,0.0
user_72341f8f7e,0.0001509433962264151,0.0
user_91f6aca6c2,0.0001509433962264151,0.0
user_0c987e2cb3,0.0001509433962264151,0.0
user_0375bec10f,0.0001509433962264151,0.0
user_57b3b4b62d,0.0001509433962264151,0.0
user_aa56bbcf07,0.0001509433962264151,0.0
user_b2516dabd9,0.0006037735849056604,0.0
user_384dab0db8,0.0001509433962264151,0.0
user_b370c90613,0.0001509433962264151,0.0
user_bc0692616c,0.0001509433962264151,0.0
user_1cc8661bc7,0.0001509433962264151,0.0
user_6891416eaa,0.0003018867924528302,0.0
user_60c41c3af7,0.0001509433962264151,0.0
user_7d6f27c65f,0.0001509433962264151,0.0
user_d7cbcf10fc,0.0001509433962264151,0.0
user_22b3fb174e,0.0001509433962264151,0.0
user_37d2f8810f,0.0001509433962264151,0.0
user_4a53676b7c,0.0001509433962264151,0.0
user_52b7eb1702,0.0001509433962264151,0.0
user_4c16e6411e,0.0001509433962264151,0.0
user_92708e2d58,0.0001509433962264151,0.0
user_68331ea894,0.0001509433962264151,0.0
user_4c4542c4bf,0.0004528301886792453,0.0
user_91aad45a20,0.0001509433962264151,0.0
user_fc43452683,0.0003018867924528302,0.0
user_a7aea154c1,0.0001509433962264151,0.0
user_2a6caf5a8b,0.0001509433962264151,0.0
user_655bb3105a,0.0001509433962264151,0.0
user_f949dc75cd,0.0004528301886792453,0.0
user_72ca865be8,0.0001509433962264151,0.0
user_3a97abc236,0.0001509433962264151,0.0
user_5062e225a7,0.0001509433962264151,0.0
user_8332d6275c,0.0001509433962264151,0.0
user_0f12ad28ef,0.0001509433962264151,0.0
user_4507e66824,0.0001509433962264151,0.0
user_ce98b68946,0.0001509433962264151,0.0
user_fe89ffda6d,0.0001509433962264151,0.0
user_0664be868c,0.0001509433962264151,0.0
user_ae1f7bb2a3,0.0001509433962264151,0.0
user_6126df3a54,0.0001509433962264151,0.0
user_471d7734a7,0.0001509433962264151,0.0
user_142382deb1,0.0001509433962264151,0.0
user_14fffd530f,0.0001509433962264151,0.0
user_d516d881c7,0.0001509433962264151,0.0
user_d131186001,0.0001509433962264151,0.0
user_c394fb1623,0.0001509433962264151,0.0
user_5a2f04a2a8,0.0001509433962264151,0.0
user_19b9e2c396,0.0001509433962264151,0.0
user_06ee86759c,0.0001509433962264151,0.0
user_903adac3a0,0.0003018867924528302,0.0
user_f38ecb23bf,0.0001509433962264151,0.0
user_77779a38dd,0.0001509433962264151,0.0
user_6078ef7957,0.0001509433962264151,0.0
user_b072d80ccb,0.0001509433962264151,0.0
user_d3159d6720,0.0001509433962264151,0.0
user_4e9c5ab5ed,0.0003018867924528302,0.0
user_335dbb4012,0.0001509433962264151,0.0
user_99e729f30f,0.0001509433962264151,0.0
user_89e6676854,0.0001509433962264151,0.0
user_b7950fc9ca,0.0007547169811320755,0.0
user_a22ef9de71,0.0001509433962264151,0.0
user_e963b4da01,0.0001509433962264151,0.0
user_ef2cc9625b,0.0001509433962264151,0.0
user_2a442d4c81,0.0001509433962264151,0.0
user_a8214fa8f2,0.0001509433962264151,0.0
user_ce73a7149f,0.0004528301886792453,0.0
user_73a37a78c3,0.0001509433962264151,0.0
user_1255953ccf,0.0001509433962264151,0.0
user_a5dc377738,0.0001509433962264151,0.0
user_35410536b2,0.0003018867924528302,0.0
user_adf66ae1aa,0.0001509433962264151,0.0
user_c8b1bf5095,0.0001509433962264151,0.0
user_737b4388ce,0.0001509433962264151,0.0
user_86633e400a,0.0003018867924528302,0.0
user_777a007442,0.0001509433962264151,0.0
user_5e3d4ffb85,0.0001509433962264151,0.0
user_d38ab40a02,0.0001509433962264151,0.0
user_85e833a026,0.0001509433962264151,0.0
user_98051e1efb,0.0003018867924528302,0.0
user_aebf7a2185,0.0001509433962264151,0.0
user_141c6dc504,0.0001509433962264151,0.0
user_1be5c0ac28,0.0009056603773584906,0.0
user_377e2d6d85,0.0003018867924528302,0.0
user_abac13a866,0.0001509433962264151,0.0
user_abb4e54c22,0.0001509433962264151,0.0
user_3166e701a7,0.0003018867924528302,0.0
user_2bbd31f0d6,0.0001509433962264151,0.0
user_fb0e0a5fd5,0.0001509433962264151,0.0
user_40f3da0e53,0.0001509433962264151,0.0
user_ac40144ce3,0.0001509433962264151,0.0
user_c94ebf3ea1,0.0001509433962264151,0.0
user_c069cc040b,0.0001509433962264151,0.0
user_e94bfa0549,0.0004528301886792453,0.0
user_7fb48ef13c,0.0001509433962264151,0.0
user_cccbb454e6,0.0001509433962264151,0.0
user_6d6ca6d184,0.0001509433962264151,0.0
user_ba773fc9cf,0.0003018867924528302,0.0
user_6350111b42,0.0001509433962264151,0.0
user_fc35d253e6,0.0003018867924528302,0.0
user_628a4e1e6d,0.0001509433962264151,0.0
user_c7d271b0ca,0.0004528301886792453,0.0
user_cd057551f9,0.0004528301886792453,0.0
user_e48247c964,0.0001509433962264151,0.0
user_0d38e97c00,0.0001509433962264151,0.0
user_72fad29bd8,0.0001509433962264151,0.0
user_078b5275e2,0.0003018867924528302,0.0
user_e8da2fa15f,0.0001509433962264151,0.0
user_4d90eefe12,0.0001509433962264151,0.0
user_cc3c157174,0.0001509433962264151,0.0
user_1f0233fc19,0.0007547169811320755,0.0
user_763d89c2ab,0.0001509433962264151,0.0
user_e7aab5fd06,0.0001509433962264151,0.0
user_7165d23fb2,0.0001509433962264151,0.0
user_4a80620a1d,0.0001509433962264151,0.0
user_beff20f6a8,0.0003018867924528302,0.0
user_a8499041d7,0.0001509433962264151,0.0
user_5dc347ed31,0.0001509433962264151,0.0
user_8b8dc211ec,0.0001509433962264151,0.0
user_52077ac8ba,0.0004528301886792453,0.0
user_02b8bb91e0,0.0001509433962264151,0.0
user_bb6aa996b1,0.0004528301886792453,0.0
user_14762b5190,0.0001509433962264151,0.0
user_33c258cd95,0.0001509433962264151,0.0
user_f1de815212,0.0006037735849056604,0.0
user_7d52d6bb32,0.0001509433962264151,0.0
user_c5d9607911,0.0001509433962264151,0.0
user_4c0d98ca10,0.0001509433962264151,0.0
user_aec1d78ebf,0.0001509433962264151,0.0
user_3e1b725cef,0.0003018867924528302,0.0
user_48b9efba5a,0.0003018867924528302,0.0
user_2624408b4e,0.0001509433962264151,0.0
user_0562a06a57,0.0001509433962264151,0.0
user_e68aec5c35,0.0001509433962264151,0.0
user_9dfebd0ea7,0.0003018867924528302,0.0
user_657efd47ec,0.0003018867924528302,0.0
user_a24def9661,0.0001509433962264151,0.0
user_c674d45b0b,0.0003018867924528302,0.0
user_2050a75ca2,0.0001509433962264151,0.0
user_af5b4cc349,0.0001509433962264151,0.0
user_f542efa5ab,0.0001509433962264151,0.0
user_12419c5b5f,0.0001509433962264151,0.0
user_4dd966aeff,0.0001509433962264151,0.0
user_1d4c51b595,0.0001509433962264151,0.0
user_831999eafc,0.0003018867924528302,0.0
user_fdfc041dbf,0.0001509433962264151,0.0
user_5d20e0f09c,0.0001509433962264151,0.0
user_f8e826d651,0.0001509433962264151,0.0
user_dab7fc805e,0.0003018867924528302,0.0
user_edd9364e38,0.0001509433962264151,0.0
user_09ac50fef7,0.0001509433962264151,0.0
user_9fbe10b8c7,0.0001509433962264151,0.0
user_f9590af467,0.0001509433962264151,0.0
user_f73c57ecee,0.0003018867924528302,0.0
user_a0b2dffeed,0.0001509433962264151,0.0
user_08195c4bfe,0.0001509433962264151,0.0
user_1e446b77a7,0.0001509433962264151,0.0
user_217a824600,0.0001509433962264151,0.0
user_e1df974d07,0.0001509433962264151,0.0
user_845a63c5fe,0.0003018867924528302,0.0
user_6252489cb5,0.0001509433962264151,0.0
user_54a34184b3,0.0001509433962264151,0.0
user_833514688f,0.0001509433962264151,0.0
user_8d868305b8,0.0001509433962264151,0.0
user_d5ebaae7cb,0.0001509433962264151,0.0
user_b778daf320,0.0001509433962264151,0.0
user_e92deb2871,0.0001509433962264151,0.0
user_8407751c53,0.0004528301886792453,0.0
user_b56b8fa839,0.0001509433962264151,0.0
user_30b91c150e,0.0003018867924528302,0.0
user_e615c06aff,0.0001509433962264151,0.0
user_51d1e77dbe,0.0001509433962264151,0.0
user_88b8c3d692,0.0001509433962264151,0.0
user_45475dca38,0.0001509433962264151,0.0
user_1be72a5792,0.0001509433962264151,0.0
user_61415fb56b,0.0001509433962264151,0.0
user_8b731bb6f3,0.0003018867924528302,0.0
user_308adc9f68,0.0001509433962264151,0.0
user_c2c68a7e72,0.0001509433962264151,0.0
user_63fae377cc,0.0001509433962264151,0.0
user_0bea09f23b,0.0001509433962264151,0.0
user_a7fa47ff09,0.0001509433962264151,0.0
user_8733737b37,0.0001509433962264151,0.0
user_06d38eb5ee,0.0007547169811320755,0.0
user_1173912d45,0.0001509433962264151,0.0
user_37efd09c4d,0.0001509433962264151,0.0
user_9ccce8d1c6,0.0001509433962264151,0.0
user_99ee6e886f,0.0001509433962264151,0.0
user_39a700d72f,0.0001509433962264151,0.0
user_70bf0e9ad8,0.0001509433962264151,0.0
user_fbd44ba9a1,0.0001509433962264151,0.0
user_464a8460de,0.0003018867924528302,0.0
user_d10229edd9,0.0003018867924528302,0.0
user_df6f44b4d3,0.0001509433962264151,0.0
user_77562fda71,0.0003018867924528302,0.0
user_7ca6aa6e79,0.0001509433962264151,0.0
user_83d8b4b12b,0.0001509433962264151,0.0
user_0c4fbb8f7b,0.0001509433962264151,0.0
user_1105712c7c,0.0003018867924528302,0.0
user_2cfb86b550,0.0001509433962264151,0.0
user_28a4280882,0.0003018867924528302,0.0
user_13bbe9e935,0.0001509433962264151,0.0
user_d3eaa229d8,0.0004528301886792453,0.0
user_ec13b734ad,0.0001509433962264151,0.0
user_8cfd503e6b,0.0001509433962264151,0.0
user_16c8491659,0.0001509433962264151,0.0
user_0563171457,0.0001509433962264151,0.0
user_00f5117d80,0.0001509433962264151,0.0
user_2b3c16fc11,0.0001509433962264151,0.0
user_7dd1c54d4c,0.0001509433962264151,0.0
user_2c56551919,0.0001509433962264151,0.0
user_75f648b56b,0.0001509433962264151,0.0
user_f5d6c00e3c,0.0001509433962264151,0.0
user_66df7b983f,0.0001509433962264151,0.0
user_08d926a820,0.0001509433962264151,0.0
user_b1a345c225,0.0001509433962264151,0.0
user_264545720f,0.0001509433962264151,0.0
user_ace333824a,0.0003018867924528302,0.0
user_e172163150,0.0001509433962264151,0.0
user_103ca3ad2a,0.0001509433962264151,0.0
user_e480a06159,0.0001509433962264151,0.0
user_12ccc3925a,0.0001509433962264151,0.0
user_a1f8fcd2b4,0.0001509433962264151,0.0
user_4f79885e90,0.0001509433962264151,0.0
user_cb78aadbea,0.0001509433962264151,0.0
user_4bbff9ddf4,0.0003018867924528302,0.0
user_e41bc695f3,0.0003018867924528302,0.0
user_f39e73b3c2,0.0001509433962264151,0.0
user_db0e8a369d,0.0001509433962264151,0.0
user_1110d74073,0.0001509433962264151,0.0
user_ab67c4bb45,0.0001509433962264151,0.0
user_f6b9c82fb6,0.0003018867924528302,0.0
user_258c7a6610,0.0003018867924528302,0.0
user_890623af28,0.0001509433962264151,0.0
user_a249b52662,0.0001509433962264151,0.0
user_44227533bf,0.0001509433962264151,0.0
user_05d3ae43a7,0.0001509433962264151,0.0
user_633abf8969,0.0001509433962264151,0.0
user_25d5cda483,0.0001509433962264151,0.0
user_c4775fcb61,0.0001509433962264151,0.0
user_10b8f61c05,0.0001509433962264151,0.0
user_ba2395d82c,0.0001509433962264151,0.0
user_2832d85b74,0.0004528301886792453,0.0
user_b2f4a2a2f9,0.0003018867924528302,0.0
user_dbb42274f1,0.0003018867924528302,0.0
user_e8919043d9,0.0001509433962264151,0.0
user_95fb464c27,0.0001509433962264151,0.0
user_85385da346,0.0001509433962264151,0.0
user_bb5f8edddc,0.0001509433962264151,0.0
user_b142ca34d7,0.0001509433962264151,0.0
user_3cbe044ad0,0.0001509433962264151,0.0
user_09ba9e7bc7,0.0001509433962264151,0.0
user_2294a39b43,0.0001509433962264151,0.0
user_45ebd82669,0.0003018867924528302,0.0
user_6af25be8a2,0.0001509433962264151,0.0
user_2b144b96e1,0.0001509433962264151,0.0
user_ff2d5882c2,0.0003018867924528302,0.0
user_a5498a54a4,0.0001509433962264151,0.0
user_dc45532ab6,0.0001509433962264151,0.0
user_831b8d4d8b,0.0001509433962264151,0.0
user_47036ba238,0.0001509433962264151,0.0
user_5cc3088a42,0.0001509433962264151,0.0
user_f8acef63b2,0.0001509433962264151,0.0
user_721fec80a3,0.0001509433962264151,0.0
user_81b4072fb6,0.0001509433962264151,0.0
user_a4022f2b78,0.0001509433962264151,0.0
user_04fc432018,0.0001509433962264151,0.0
user_a22be5824e,0.0001509433962264151,0.0
user_dc9eb75d4d,0.0003018867924528302,0.0
user_8d2b19d86d,0.0003018867924528302,0.0
user_a26987d005,0.0001509433962264151,0.0
user_42e60c67a4,0.0001509433962264151,0.0
user_8e61a72051,0.0001509433962264151,0.0
user_4c57880463,0.0001509433962264151,0.0
user_375e2c3cf5,0.0003018867924528302,0.0
user_ed0a32bbe4,0.0001509433962264151,0.0
user_621deafb91,0.0001509433962264151,0.0
user_ece00d74e6,0.0001509433962264151,0.0
user_4bca02ba46,0.0001509433962264151,0.0
user_3cd06b8497,0.0001509433962264151,0.0
user_074fefb62d,0.0001509433962264151,0.0
user_3a13012a44,0.0003018867924528302,0.0
user_92ea6fb5b1,0.0001509433962264151,0.0
user_0b30d2af4a,0.0003018867924528302,0.0
user_49f808e0d1,0.0001509433962264151,0.0
user_f885c26447,0.0001509433962264151,0.0
user_5b60a47911,0.0001509433962264151,0.0
user_b686dc4b4a,0.0001509433962264151,0.0
user_9b1184842f,0.0001509433962264151,0.0
user_2ab95cf850,0.0001509433962264151,0.0
user_0cbbddf9e6,0.0001509433962264151,0.0
user_1ae40a76dd,0.0003018867924528302,0.0
user_58eb81d5ba,0.0004528301886792453,0.0
user_6d34a41ebc,0.0003018867924528302,0.0
user_87c95bc28a,0.0001509433962264151,0.0
user_0faacb2e35,0.0001509433962264151,0.0
user_8ffe79a10b,0.0001509433962264151,0.0
user_e4ce9430db,0.0001509433962264151,0.0
user_c148017964,0.0001509433962264151,0.0
user_2005e51e43,0.0006037735849056604,0.0
user_07e9be6eec,0.0003018867924528302,0.0
user_dd7bb03e76,0.0001509433962264151,0.0
user_4e36e9c65a,0.0001509433962264151,0.0
user_b1139ec31b,0.0004528301886792453,0.0
user_ba5cce0bd3,0.0001509433962264151,0.0
user_142662b035,0.0003018867924528302,0.0
user_5855e6fc51,0.0006037735849056604,0.0
user_ef616f0e38,0.0004528301886792453,0.0
user_b874b61977,0.0003018867924528302,0.0
user_e9d8d09a76,0.0003018867924528302,0.0
user_f61ac95af6,0.0001509433962264151,0.0
user_9f45ba1fd3,0.0001509433962264151,0.0
user_6a41e865f5,0.0001509433962264151,0.0
user_e3ca2b217e,0.0001509433962264151,0.0
user_efdef6519a,0.0003018867924528302,0.0
user_942ee86771,0.0003018867924528302,0.0
user_36cc5f218d,0.0001509433962264151,0.0
user_4a9a4288f3,0.0003018867924528302,0.0
user_9cf81aad50,0.0003018867924528302,0.0
user_18d0e34791,0.0004528301886792453,0.0
user_65be0c2244,0.0003018867924528302,0.0
user_1eee8d8911,0.0001509433962264151,0.0
user_05cd7eacda,0.0001509433962264151,0.0
user_1677e66185,0.0001509433962264151,0.0
user_1ed1d567eb,0.0001509433962264151,0.0
user_d63119beca,0.0001509433962264151,0.0
user_c7facdc0cf,0.0001509433962264151,0.0
user_c2577c4afc,0.0001509433962264151,0.0
user_f81fa5c824,0.0001509433962264151,0.0
user_9a1c285879,0.0001509433962264151,0.0
user_b712091d8d,0.0001509433962264151,0.0
user_076d951cf2,0.0003018867924528302,0.0
user_09efd9e757,0.0003018867924528302,0.0
user_9890a10ccb,0.0001509433962264151,0.0
user_0d7f78583c,0.0001509433962264151,0.0
user_82e54c9684,0.0001509433962264151,0.0
user_e44b5f0b57,0.0004528301886792453,0.0
user_9f118ba338,0.0001509433962264151,0.0
user_2a882bfaf3,0.0001509433962264151,0.0
user_5d0cc2a8c9,0.0001509433962264151,0.0
user_3eb3e9743d,0.0001509433962264151,0.0
user_4c52f658ff,0.0001509433962264151,0.0
user_04ca8dfd09,0.0001509433962264151,0.0
user_a46ddff2e0,0.0001509433962264151,0.0
user_ae206499e4,0.0003018867924528302,0.0
user_1979f9b831,0.0001509433962264151,0.0
user_ba32a26345,0.0001509433962264151,0.0
user_bb864f38e7,0.0003018867924528302,0.0
user_107416a570,0.0001509433962264151,0.0
user_20c2747722,0.0001509433962264151,0.0
user_058f62318a,0.001509433962264151,0.0
user_80ed8563be,0.0001509433962264151,0.0
user_3a0106f7a9,0.0001509433962264151,0.0
user_6828f3d82e,0.0001509433962264151,0.0
user_83f7642764,0.0001509433962264151,0.0
user_dcd54fc438,0.0003018867924528302,0.0
user_7e9c907f30,0.0001509433962264151,0.0
user_aa02179ca5,0.0001509433962264151,0.0
user_487e768f2c,0.0001509433962264151,0.0
user_bf40e42a98,0.0001509433962264151,0.0
user_d8afb7d3d2,0.0001509433962264151,0.0
user_e2b64baa74,0.0001509433962264151,0.0
user_211ae61d4b,0.0001509433962264151,0.0
user_87aa921ecc,0.0001509433962264151,0.0
user_081cb333d6,0.0003018867924528302,0.0
user_c55db1728a,0.0003018867924528302,0.0
user_f097351ddc,0.0001509433962264151,0.0
user_315e421408,0.0001509433962264151,0.0
user_a10f54d996,0.0001509433962264151,0.0
user_789ae88f20,0.0001509433962264151,0.0
user_630872c11e,0.0001509433962264151,0.0
user_1421b428d8,0.0003018867924528302,0.0
user_a6b567aaa9,0.0001509433962264151,0.0
user_f866596b68,0.0001509433962264151,0.0
user_23a506e85c,0.0003018867924528302,0.0
user_239d8139bd,0.0001509433962264151,0.0
user_bfae900502,0.001358490566037736,0.0
user_905b1ceb6c,0.0001509433962264151,0.0
user_b1be293ac0,0.0003018867924528302,0.0
user_9768e13ad1,0.0003018867924528302,0.0
user_bacb3671f0,0.0003018867924528302,0.0
user_c1e8cf5b09,0.0001509433962264151,0.0
user_d920acf1a9,0.0003018867924528302,0.0
user_3d464df6aa,0.0003018867924528302,0.0
user_3924884207,0.0001509433962264151,0.0
user_732ec7c55a,0.0001509433962264151,0.0
user_6c349e1307,0.0001509433962264151,0.0
user_c9cbb47076,0.0001509433962264151,0.0
user_825f4e9936,0.0001509433962264151,0.0
user_5b92c0c92c,0.0001509433962264151,0.0
user_d346fb207f,0.0004528301886792453,0.0
user_e8098fb94c,0.0001509433962264151,0.0
user_b44dc90602,0.0003018867924528302,0.0
user_99aa98a0e5,0.0001509433962264151,0.0
user_5e5bb0b68a,0.0003018867924528302,0.0
user_5e72cef413,0.0001509433962264151,0.0
user_9a68af7914,0.0001509433962264151,0.0
user_8dfb2bedd1,0.0001509433962264151,0.0
user_f28237096b,0.0001509433962264151,0.0
user_578f197e2a,0.0001509433962264151,0.0
user_00a659ae92,0.0003018867924528302,0.0
user_5000c447e4,0.0003018867924528302,0.0
user_76ea5213a2,0.0001509433962264151,0.0
user_276b675396,0.0001509433962264151,0.0
user_0350791634,0.0009056603773584906,0.0
user_dfe34d8fa8,0.0001509433962264151,0.0
user_8f5e4a0d76,0.0001509433962264151,0.0
user_c9b7096ab0,0.0001509433962264151,0.0
user_cce8661dfc,0.0001509433962264151,0.0
user_9540ff98ba,0.0001509433962264151,0.0
user_79dce367d7,0.0001509433962264151,0.0
user_bb425a261e,0.0001509433962264151,0.0
user_7b9fa70cf3,0.0001509433962264151,0.0
user_cbf2dc5c3a,0.0003018867924528302,0.0
user_5442df6f4c,0.0003018867924528302,0.0
user_d8440a21d2,0.0001509433962264151,0.0
user_3aee5c08df,0.0001509433962264151,0.0
user_6158963b78,0.0012075471698113208,0.0
user_6f471d3ece,0.0001509433962264151,0.0
user_8a2d6abe3b,0.0003018867924528302,0.0
user_ec71c357d6,0.0001509433962264151,0.0
user_96258e96b5,0.0001509433962264151,0.0
user_c4b70b2632,0.0003018867924528302,0.0
user_809bedaa7a,0.0001509433962264151,0.0
user_152c84b064,0.0003018867924528302,0.0
user_0851d98d1c,0.0003018867924528302,0.0
user_c5282c33a2,0.0001509433962264151,0.0
user_092f2ae3ca,0.0001509433962264151,0.0
user_5315119cf1,0.0001509433962264151,0.0
user_9566b94a2c,0.0001509433962264151,0.0
user_1155246668,0.0003018867924528302,0.0
user_43d0234cfa,0.001358490566037736,0.0
user_f22c0b4f92,0.0003018867924528302,0.0
user_fde6aa026d,0.0003018867924528302,0.0
user_db0ece18e7,0.0001509433962264151,0.0
user_8c2ca07fec,0.0003018867924528302,0.0
user_7f2272bfec,0.0001509433962264151,0.0
user_08abbab99b,0.0001509433962264151,0.0
user_290a8ed641,0.0001509433962264151,0.0
user_debdb68205,0.0001509433962264151,0.0
user_8fdbe20db0,0.0001509433962264151,0.0
user_7014f411f6,0.0001509433962264151,0.0
user_4cee91baa2,0.0001509433962264151,0.0
user_64fe40d8de,0.0003018867924528302,0.0
user_45c015b5da,0.0001509433962264151,0.0
user_4133a00d0c,0.0003018867924528302,0.0
user_a584e13735,0.0001509433962264151,0.0
user_99bf02ae15,0.0003018867924528302,0.0
user_710ba63e30,0.0003018867924528302,0.0
user_f26706599f,0.0001509433962264151,0.0
user_f160d20fad,0.0001509433962264151,0.0
user_84f21c4713,0.0001509433962264151,0.0
user_78ec2e0fdc,0.0001509433962264151,0.0
user_8e1bd0b6dd,0.0001509433962264151,0.0
user_d631062be5,0.0001509433962264151,0.0
user_583922c5e6,0.0001509433962264151,0.0
user_b4a6258403,0.0001509433962264151,0.0
user_9a7779eb21,0.0001509433962264151,0.0
user_bf968648f9,0.0001509433962264151,0.0
user_c133b838a8,0.0001509433962264151,0.0
user_ac65c4474c,0.0003018867924528302,0.0
user_e7e601244f,0.0004528301886792453,0.0
user_4d3b53e010,0.0001509433962264151,0.0
user_b49f55e590,0.0003018867924528302,0.0
user_6a27eb7b6a,0.0003018867924528302,0.0
user_addb2ff820,0.0006037735849056604,0.0
user_ba27cb1189,0.0003018867924528302,0.0
user_01c5c88988,0.0001509433962264151,0.0
user_1cfbc72297,0.0001509433962264151,0.0
user_88bd966882,0.0003018867924528302,0.0
user_f013130e81,0.0001509433962264151,0.0
user_fce7fcf269,0.0001509433962264151,0.0
user_3bab508278,0.0001509433962264151,0.0
user_217a5ca50c,0.0001509433962264151,0.0
user_f10fccd54f,0.0001509433962264151,0.0
user_962c29e0c4,0.0003018867924528302,0.0
user_7cd2b93b54,0.0001509433962264151,0.0
user_4e60e17699,0.0001509433962264151,0.0
user_effd01dde7,0.0001509433962264151,0.0
user_1e33729d69,0.0009056603773584906,0.0
user_4a00abd099,0.0001509433962264151,0.0
user_9a83b1394a,0.0001509433962264151,0.0
user_c20b0d890b,0.0001509433962264151,0.0
user_2ea8222e31,0.0001509433962264151,0.0
user_6fa297e47e,0.0001509433962264151,0.0
user_07055e5f41,0.0004528301886792453,0.0
user_717298bccb,0.0003018867924528302,0.0
user_81f5279805,0.0001509433962264151,0.0
user_e59fc02f12,0.0001509433962264151,0.0
user_7da8cd3b4c,0.0003018867924528302,0.0
user_24c54f6184,0.0001509433962264151,0.0
user_f003315e95,0.0001509433962264151,0.0
user_e828f9c90f,0.0001509433962264151,0.0
user_11aa3434d1,0.0001509433962264151,0.0
user_d19bb0866e,0.0001509433962264151,0.0
user_4f0fa3907f,0.0003018867924528302,0.0
user_00723d25dc,0.0004528301886792453,0.0
user_67c2e2ad8c,0.0003018867924528302,0.0
user_485e8999c8,0.0003018867924528302,0.0
user_9bf2afece7,0.0001509433962264151,0.0
user_acfaba3ae1,0.0001509433962264151,0.0
user_27132d3e86,0.0001509433962264151,0.0
user_44cbcd855a,0.0001509433962264151,0.0
user_5d269134b2,0.0001509433962264151,0.0
user_9270132b78,0.0001509433962264151,0.0
user_d06e4837ee,0.0001509433962264151,0.0
user_485034ea76,0.0001509433962264151,0.0
user_74522de0a8,0.0001509433962264151,0.0
user_cef0d029d9,0.0001509433962264151,0.0
user_9b0b89e403,0.0001509433962264151,0.0
user_258c028a42,0.0003018867924528302,0.0
user_5c6773990d,0.0001509433962264151,0.0
user_822dc799ee,0.0001509433962264151,0.0
user_3ad6be4eba,0.0001509433962264151,0.0
user_754a9c518c,0.0001509433962264151,0.0
user_a54f32a133,0.0001509433962264151,0.0
user_eb981fa58c,0.0001509433962264151,0.0
user_9e8de18bfd,0.0001509433962264151,0.0
user_bf4161813b,0.0001509433962264151,0.0
user_6bc1adcf79,0.0001509433962264151,0.0
user_9ddec1624c,0.0003018867924528302,0.0
user_e92ed9b32c,0.0001509433962264151,0.0
user_e42c867338,0.0001509433962264151,0.0
user_a05cc951db,0.0001509433962264151,0.0
user_b21f2ea81f,0.0001509433962264151,0.0
user_d61f047577,0.0001509433962264151,0.0
user_b989fb781f,0.0001509433962264151,0.0
user_ea29c9de57,0.0001509433962264151,0.0
user_c3e0a37c2e,0.0003018867924528302,0.0
user_9be5327415,0.0003018867924528302,0.0
user_b0dd4e2c9f,0.0001509433962264151,0.0
user_c24b8024f6,0.0001509433962264151,0.0
user_774cd272f0,0.0007547169811320755,0.0
user_e9ee26ab0f,0.0001509433962264151,0.0
user_8b7a5d4c7a,0.0001509433962264151,0.0
user_35ba5cf3f3,0.0001509433962264151,0.0
user_c15b09fd0a,0.0001509433962264151,0.0
user_49f5ed7576,0.0003018867924528302,0.0
user_6a18754903,0.0003018867924528302,0.0
user_4e89b6b0d9,0.0001509433962264151,0.0
user_570443127b,0.0001509433962264151,0.0
user_6967778a7b,0.0001509433962264151,0.0
user_ffab61ab06,0.0003018867924528302,0.0
user_959a673b29,0.0004528301886792453,0.0
user_ea06cf38d4,0.0001509433962264151,0.0
user_377f4bd7d2,0.0001509433962264151,0.0
user_683266d754,0.0001509433962264151,0.0
user_06fe035cb4,0.0001509433962264151,0.0
user_a0bea245a8,0.0001509433962264151,0.0
user_7456138cf5,0.0003018867924528302,0.0
user_13ebd72911,0.0003018867924528302,0.0
user_7c92ceafee,0.0003018867924528302,0.0
user_3b8ff1510c,0.0004528301886792453,0.0
user_05887e2e26,0.0001509433962264151,0.0
user_9bfcd8434c,0.0001509433962264151,0.0
user_cae896192b,0.0001509433962264151,0.0
user_19e6bce373,0.0003018867924528302,0.0
user_3e04f8fc58,0.0003018867924528302,0.0
user_06f6574a1b,0.0001509433962264151,0.0
user_2f434ff98b,0.0003018867924528302,0.0
user_3544fce694,0.0003018867924528302,0.0
user_3b7692d210,0.0001509433962264151,0.0
user_a03c52c8a4,0.0001509433962264151,0.0
user_a3eda08071,0.0001509433962264151,0.0
user_72ffcd03a1,0.0001509433962264151,0.0
user_b70a0d6871,0.0001509433962264151,0.0
user_8f58c78bcf,0.0001509433962264151,0.0
user_5e2dfaaa07,0.0003018867924528302,0.0
user_4ffd712036,0.0003018867924528302,0.0
user_1ebb0a2080,0.0001509433962264151,0.0
user_b26c5ce310,0.0001509433962264151,0.0
user_540ea92c1b,0.0003018867924528302,0.0
user_ff5bcbb16c,0.0001509433962264151,0.0
user_a0f1191665,0.0001509433962264151,0.0
user_42614be699,0.0001509433962264151,0.0
user_0c59446fdb,0.0001509433962264151,0.0
user_c989a24e72,0.0001509433962264151,0.0
user_2b5afadc3a,0.0001509433962264151,0.0
user_8b5091e25c,0.0001509433962264151,0.0
user_6ff01a7ae3,0.0001509433962264151,0.0
user_81451115d5,0.0001509433962264151,0.0
user_06aac407a0,0.0003018867924528302,0.0
user_89df3d206c,0.001358490566037736,0.0
user_c131fdb569,0.0012075471698113208,0.0
user_073328fb35,0.0001509433962264151,0.0
user_93e75f2a72,0.0004528301886792453,0.0
user_01638abfc6,0.0001509433962264151,0.0
user_87b07b0d89,0.0001509433962264151,0.0
user_cd46b391cf,0.0001509433962264151,0.0
user_56bd4b012c,0.0001509433962264151,0.0
user_f841755a9a,0.0001509433962264151,0.0
user_fe4704ea55,0.0009056603773584906,0.0
user_4e646eb144,0.0001509433962264151,0.0
user_9eeddc28bc,0.0009056603773584906,0.0
user_aea0a4c9c8,0.0009056603773584906,0.0
user_e8800c4ac1,0.0004528301886792453,0.0
user_6b92b296f1,0.0001509433962264151,0.0
user_cf61068bc1,0.0001509433962264151,0.0
user_841b94e1c6,0.0003018867924528302,0.0
user_eb3b706025,0.0001509433962264151,0.0
user_57e5e3d8a4,0.0001509433962264151,0.0
user_bda46cc0ab,0.0001509433962264151,0.0
user_6a8db55ee9,0.0001509433962264151,0.0
user_ffa797d388,0.0001509433962264151,0.0
user_5e494d9b4f,0.0001509433962264151,0.0
user_0914b614c7,0.0001509433962264151,0.0
user_728d73d459,0.0001509433962264151,0.0
user_13d26d02bb,0.0016603773584905662,0.0
user_ddf15d8c14,0.0003018867924528302,0.0
user_0fc3286460,0.0001509433962264151,0.0
user_be7e954280,0.0004528301886792453,0.0
user_da07ee5e30,0.0003018867924528302,0.0
user_d4cc71f012,0.0001509433962264151,0.0
user_77f8288cbf,0.0001509433962264151,0.0
user_d61187cbab,0.0001509433962264151,0.0
user_b2b15a2254,0.0001509433962264151,0.0
user_11b629bf6a,0.0001509433962264151,0.0
user_c83e933cf7,0.0001509433962264151,0.0
user_267ec2112d,0.0001509433962264151,0.0
user_ae579fc137,0.0001509433962264151,0.0
user_321dcecd69,0.0001509433962264151,0.0
user_8955df3a8c,0.0001509433962264151,0.0
user_642152843f,0.0001509433962264151,0.0
user_4168fe7347,0.0001509433962264151,0.0
user_ab11d8680b,0.0001509433962264151,0.0
user_1985715c78,0.0001509433962264151,0.0
user_7b406e70ae,0.0003018867924528302,0.0
user_c4eed6c7c0,0.0001509433962264151,0.0
user_3b22f6d102,0.0001509433962264151,0.0
user_3b36aabce3,0.0001509433962264151,0.0
user_e370fb506a,0.0001509433962264151,0.0
user_bc9be883c1,0.0001509433962264151,0.0
user_bd99216dc2,0.0003018867924528302,0.0
user_20e3401c91,0.0003018867924528302,0.0
user_ec221eb2c2,0.0003018867924528302,0.0
user_6e8492596c,0.0001509433962264151,0.0
user_73f2b68a37,0.0001509433962264151,0.0
user_70ea80d7b1,0.0003018867924528302,0.0
user_4b89bcd33a,0.0001509433962264151,0.0
user_bc35744489,0.0001509433962264151,0.0
user_832fa48e5d,0.0003018867924528302,0.0
user_b4210f34b0,0.0001509433962264151,0.0
user_53ca3c6431,0.0004528301886792453,0.0
user_fc642a3789,0.0001509433962264151,0.0
user_6f620397fc,0.0001509433962264151,0.0
user_59fa8c815a,0.0031698113207547173,0.0
user_0e133fd9e0,0.0001509433962264151,0.0
user_9964a4ca50,0.0003018867924528302,0.0
user_1b9091c9b7,0.0001509433962264151,0.0
user_08aa0d4e45,0.0004528301886792453,0.0
user_b51149b2fb,0.0003018867924528302,0.0
user_591b0a5e24,0.0001509433962264151,0.0
user_1d5393fdad,0.0001509433962264151,0.0
user_e7a80ff9a9,0.0001509433962264151,0.0
user_56f8d522a4,0.0001509433962264151,0.0
user_9fdaccec7c,0.0001509433962264151,0.0
user_69a0a38586,0.0001509433962264151,0.0
user_786e107cf9,0.0001509433962264151,0.0
user_9dba44ee56,0.0001509433962264151,0.0
user_e674f54045,0.0001509433962264151,0.0
user_86710257a3,0.0004528301886792453,0.0
user_ddc0e29236,0.0003018867924528302,0.0
user_99bcc41e9d,0.0001509433962264151,0.0
user_4c5f026a31,0.0003018867924528302,0.0
user_0d8cd9067f,0.0003018867924528302,0.0
user_0409f1e197,0.0003018867924528302,0.0
user_8be3dd9683,0.0003018867924528302,0.0
user_356ccb4ed8,0.0001509433962264151,0.0
user_d1a13fa487,0.0001509433962264151,0.0
user_05cde6f6f0,0.0001509433962264151,0.0
user_be0a8f67d6,0.0001509433962264151,0.0
user_186c71b1f3,0.0001509433962264151,0.0
user_adec7dbb68,0.0003018867924528302,0.0
user_5ec3f5d509,0.0003018867924528302,0.0
user_ea261b554a,0.0001509433962264151,0.0
user_db0af9bac5,0.0001509433962264151,0.0
user_762d24e6fc,0.0001509433962264151,0.0
user_b5b13b0ee0,0.0001509433962264151,0.0
user_31de1c83f0,0.0001509433962264151,0.0
user_d575dc1b6e,0.0001509433962264151,0.0
user_7067a43f41,0.0001509433962264151,0.0
user_233bb12c76,0.0001509433962264151,0.0
user_bc0e19d5f7,0.0001509433962264151,0.0
user_31f37402ac,0.0001509433962264151,0.0
user_8c2ef27cf7,0.0001509433962264151,0.0
user_c019c63789,0.0001509433962264151,0.0
user_7b770499a6,0.0001509433962264151,0.0
user_0a47dde0d2,0.0001509433962264151,0.0
user_4fe54459bd,0.0001509433962264151,0.0
user_20944907ea,0.0001509433962264151,0.0
user_8a336dbe0e,0.004075471698113208,0.0
user_71c42ae731,0.0003018867924528302,0.0
user_49cd59834e,0.0001509433962264151,0.0
user_df6500eab5,0.0001509433962264151,0.0
user_c2cb097369,0.0001509433962264151,0.0
user_b23d39367f,0.0001509433962264151,0.0
user_3b14d5cd2a,0.0001509433962264151,0.0
user_a91a6ee482,0.0003018867924528302,0.0
user_acc4d7d2e4,0.0001509433962264151,0.0
user_94d7cca702,0.0001509433962264151,0.0
user_35addd70b7,0.0001509433962264151,0.0
user_20b4246f1a,0.0001509433962264151,0.0
user_531fe9d62a,0.0001509433962264151,0.0
user_f5082de801,0.0001509433962264151,0.0
user_e2fbbf067b,0.0001509433962264151,0.0
user_a201bb46c3,0.0001509433962264151,0.0
user_e81cb0cb75,0.0001509433962264151,0.0
user_0c12456fa3,0.0001509433962264151,0.0
user_897186d025,0.0007547169811320755,0.0
user_6ec1b2dc80,0.0001509433962264151,0.0
user_40ea0d88b9,0.0001509433962264151,0.0
user_a0568415b4,0.0001509433962264151,0.0
user_9eb5c8fcfa,0.0003018867924528302,0.0
user_00551eef4b,0.0001509433962264151,0.0
user_2e664e947a,0.0001509433962264151,0.0
user_40ad5de00c,0.0001509433962264151,0.0
user_3311c9adc2,0.0001509433962264151,0.0
user_3e7d2fb5db,0.0001509433962264151,0.0
user_e72f21efee,0.0001509433962264151,0.0
user_4e8745736f,0.0001509433962264151,0.0
user_516d1d8261,0.0001509433962264151,0.0
user_e15d8a0bbb,0.0003018867924528302,0.0
user_3302ec120d,0.0001509433962264151,0.0
user_0c2c9d11b6,0.0001509433962264151,0.0
user_a4d52bbcab,0.0001509433962264151,0.0
user_f4b0eb85f2,0.0001509433962264151,0.0
user_199a2394f9,0.0001509433962264151,0.0
user_661cb3e03d,0.0021132075471698114,0.0
user_adafbacb08,0.0001509433962264151,0.0
user_340b57e41e,0.0003018867924528302,0.0
user_2ad7e407f3,0.0001509433962264151,0.0
user_fae5f47fe6,0.0001509433962264151,0.0
user_591bed65a2,0.0001509433962264151,0.0
user_927ce04332,0.0001509433962264151,0.0
user_ee767df1db,0.0001509433962264151,0.0
user_ed7fb248fd,0.0003018867924528302,0.0
user_0f902a7297,0.0001509433962264151,0.0
user_bd09a87701,0.0001509433962264151,0.0
user_53c6f95bfa,0.0001509433962264151,0.0
user_467322bbfe,0.0001509433962264151,0.0
user_ba3f31c2c4,0.0001509433962264151,0.0
user_35229cf3cc,0.0001509433962264151,0.0
user_cdb830b220,0.0001509433962264151,0.0
user_b024cd2560,0.0001509433962264151,0.0
user_d48092bebb,0.0001509433962264151,0.0
user_c2cd9860b1,0.0001509433962264151,0.0
user_158869640b,0.0001509433962264151,0.0
user_cbdc86aff0,0.0004528301886792453,0.0
user_39cd4b6ccb,0.0001509433962264151,0.0
user_13beec48ab,0.0001509433962264151,0.0
user_e07be0fe85,0.0001509433962264151,0.0
user_bc437da611,0.0001509433962264151,0.0
user_79711c5d15,0.0001509433962264151,0.0
user_4e81b9bc6b,0.0003018867924528302,0.0
user_84df781fe3,0.0006037735849056604,0.0
user_abcf0a898c,0.0001509433962264151,0.0
user_b7b3e0d19e,0.0001509433962264151,0.0
user_367b5302d7,0.0003018867924528302,0.0
user_3250948fba,0.0001509433962264151,0.0
user_cccff3d08e,0.0001509433962264151,0.0
user_55af4d8b9b,0.0003018867924528302,0.0
user_778fdfd522,0.0004528301886792453,0.0
user_59e00d8dcc,0.0001509433962264151,0.0
user_8a060df313,0.0001509433962264151,0.0
user_22bc5adfe0,0.0001509433962264151,0.0
user_a718ccbf0b,0.0003018867924528302,0.0
user_b5f12fbb35,0.0001509433962264151,0.0
user_4a3259f4d7,0.0001509433962264151,0.0
user_8e79d33d95,0.0001509433962264151,0.0
user_d5258b8eb7,0.0006037735849056604,0.0
user_058cf20fde,0.0003018867924528302,0.0
user_56f781fecc,0.0004528301886792453,0.0
user_69f7a13e3d,0.0001509433962264151,0.0
user_804277e129,0.0001509433962264151,0.0
user_35ad441c9d,0.0001509433962264151,0.0
user_c1b5619ed9,0.0001509433962264151,0.0
user_1d90931d07,0.0001509433962264151,0.0
user_e90fde88d2,0.0001509433962264151,0.0
user_f1254d2ed0,0.0001509433962264151,0.0
user_53342f083a,0.0001509433962264151,0.0
user_b78d17f50b,0.0001509433962264151,0.0
user_68ec320cef,0.0003018867924528302,0.0
user_56c64a61ad,0.0001509433962264151,0.0
user_e1d3d09ad2,0.0001509433962264151,0.0
user_32ef0397bb,0.0001509433962264151,0.0
user_463ed7a9c7,0.0001509433962264151,0.0
user_a8c6216bc0,0.0001509433962264151,0.0
user_06c85e71f0,0.0001509433962264151,0.0
user_fc9de0e761,0.0001509433962264151,0.0
user_c826a7083b,0.0001509433962264151,0.0
user_96fe36aea1,0.0001509433962264151,0.0
user_dcca50d491,0.0001509433962264151,0.0
user_b72fa06dc2,0.0001509433962264151,0.0
user_b749c9780d,0.0001509433962264151,0.0
user_2bba5d0d64,0.0001509433962264151,0.0
user_c73af5c5ad,0.0001509433962264151,0.0
user_4589988bea,0.0001509433962264151,0.0
user_19031b0ec0,0.0001509433962264151,0.0
user_ff362a5ae4,0.0001509433962264151,0.0
user_b8fb4b5862,0.0003018867924528302,0.0
user_0e9706ed7e,0.0003018867924528302,0.0
user_7acf8e0b84,0.0003018867924528302,0.0
user_e2ffc6f5a6,0.0001509433962264151,0.0
user_313b638f29,0.0001509433962264151,0.0
user_6c753e9a02,0.0001509433962264151,0.0
user_1c19ae8f5c,0.0001509433962264151,0.0
user_7364768ed4,0.0003018867924528302,0.0
user_545293be73,0.0004528301886792453,0.0
user_81c4b4b294,0.0003018867924528302,0.0
user_6ff0db4dc9,0.0001509433962264151,0.0
user_afe2dce027,0.0001509433962264151,0.0
user_1e1cbd1d3a,0.0019622641509433963,0.0
user_4b4caf549c,0.0001509433962264151,0.0
user_e7c9e29a19,0.0001509433962264151,0.0
user_e1c2b4bfcc,0.0003018867924528302,0.0
user_0e3df87646,0.0001509433962264151,0.0
user_019dfd8855,0.0001509433962264151,0.0
user_f945c8cd6b,0.0004528301886792453,0.0
user_9fb2065434,0.0001509433962264151,0.0
user_a48a0be08a,0.0001509433962264151,0.0
user_996dcd0e5c,0.0001509433962264151,0.0
user_13d2418a22,0.0003018867924528302,0.0
user_6455c47345,0.0001509433962264151,0.0
user_25351294c3,0.0003018867924528302,0.0
user_e47140c7bc,0.0001509433962264151,0.0
user_c5a43c8b58,0.0001509433962264151,0.0
user_a4bac4938b,0.0001509433962264151,0.0
user_9ee7c29b0f,0.0003018867924528302,0.0
user_4a7eaafb63,0.0003018867924528302,0.0
user_d25ad46be5,0.0001509433962264151,0.0
user_2e20a8248b,0.0001509433962264151,0.0
user_b8f19c00a1,0.0001509433962264151,0.0
user_842240d720,0.0001509433962264151,0.0
user_c97f9d2f37,0.0001509433962264151,0.0
user_5e8788ceb2,0.0003018867924528302,0.0
user_27f405f640,0.0003018867924528302,0.0
user_4c3beb02f7,0.0001509433962264151,0.0
user_a2d38b2146,0.0001509433962264151,0.0
user_eda3348138,0.0004528301886792453,0.0
user_bd8a24e60e,0.0001509433962264151,0.0
user_fcb784f848,0.0003018867924528302,0.0
user_0982523f8d,0.0003018867924528302,0.0
user_6c73cd559a,0.0001509433962264151,0.0
user_8a42402ee9,0.0009056603773584906,0.0
user_c45598a28e,0.0001509433962264151,0.0
user_0661eed1c7,0.0001509433962264151,0.0
user_d2c6d111f5,0.0001509433962264151,0.0
user_b34249c670,0.0001509433962264151,0.0
user_2ef08d488d,0.0001509433962264151,0.0
user_f81ff729fc,0.0001509433962264151,0.0
user_4bcdd2dc17,0.0001509433962264151,0.0
user_727235e7b8,0.0001509433962264151,0.0
user_1209dc41fd,0.0001509433962264151,0.0
user_7be6cac82b,0.0001509433962264151,0.0
user_6916bf6862,0.0001509433962264151,0.0
user_d3478de4a0,0.0003018867924528302,0.0
user_1e0c5f87e7,0.0001509433962264151,0.0
user_daa8c8eec0,0.0001509433962264151,0.0
user_0f1edd2b83,0.0004528301886792453,0.0
user_3bc5c3543c,0.0001509433962264151,0.0
user_be45921ffa,0.0004528301886792453,0.0
user_cab70602e8,0.0001509433962264151,0.0
user_20b8d2052d,0.0003018867924528302,0.0
user_27dbdf74fd,0.0001509433962264151,0.0
user_c812152be4,0.0001509433962264151,0.0
user_26de383fd9,0.0001509433962264151,0.0
user_6c222b3ad8,0.0034716981132075476,0.0
user_ff3b6b962f,0.0001509433962264151,0.0
user_4ec37106f0,0.0001509433962264151,0.0
user_3378c0f30c,0.0001509433962264151,0.0
user_4ea20d5e53,0.0001509433962264151,0.0
user_d319bbf01e,0.0001509433962264151,0.0
user_3e21c9a6c3,0.0003018867924528302,0.0
user_1341724c04,0.0003018867924528302,0.0
user_0578c414b0,0.0001509433962264151,0.0
user_74c7733550,0.0001509433962264151,0.0
user_cb0135671d,0.0001509433962264151,0.0
user_04b1d3c61d,0.0001509433962264151,0.0
user_0bd4e242c5,0.0001509433962264151,0.0
user_76b04affbc,0.0001509433962264151,0.0
user_df7b305b86,0.0001509433962264151,0.0
user_c5eff9d083,0.0003018867924528302,0.0
user_ea59d3b4b3,0.0001509433962264151,0.0
user_48c211d6c7,0.0003018867924528302,0.0
user_d30c8eab00,0.0006037735849056604,0.0
user_3e00dffbd0,0.0001509433962264151,0.0
user_d6999cb4a7,0.0001509433962264151,0.0
user_8b6cb88862,0.0001509433962264151,0.0
user_6e81ac71fc,0.0001509433962264151,0.0
user_159325adb9,0.0001509433962264151,0.0
user_eb350acd4d,0.0001509433962264151,0.0
user_244b637f67,0.0001509433962264151,0.0
user_9144320dd3,0.0001509433962264151,0.0
user_e1b631b9b2,0.0001509433962264151,0.0
user_e9ec66b30d,0.0001509433962264151,0.0
user_ece80580c2,0.0001509433962264151,0.0
user_01cc6c458d,0.0001509433962264151,0.0
user_0c021a6c66,0.0001509433962264151,0.0
user_8c7a0b75bc,0.0001509433962264151,0.0
user_3dc810bcb9,0.0001509433962264151,0.0
user_a77ed0e23d,0.0003018867924528302,0.0
user_f1e0f57ea4,0.0001509433962264151,0.0
user_f98da14c7d,0.0001509433962264151,0.0
user_4fdbfc1cc4,0.0001509433962264151,0.0
user_cb4e3ea06a,0.0001509433962264151,0.0
user_8f3b4f8c9a,0.0001509433962264151,0.0
user_7ebe9852fc,0.0003018867924528302,0.0
user_07a6e93770,0.0001509433962264151,0.0
user_e53dbba131,0.0003018867924528302,0.0
user_43bf4f466c,0.0001509433962264151,0.0
user_2af68ba9d2,0.0001509433962264151,0.0
user_013923ebf6,0.0001509433962264151,0.0
user_cc874d10aa,0.0001509433962264151,0.0
user_6a4cd76da1,0.0001509433962264151,0.0
user_cc347f1803,0.0001509433962264151,0.0
user_d0b284b4a5,0.0004528301886792453,0.0
user_29b9826429,0.0003018867924528302,0.0
user_d15c6408e1,0.0003018867924528302,0.0
user_f3b944663d,0.0001509433962264151,0.0
user_25183778b7,0.0001509433962264151,0.0
user_e39d2ed346,0.0003018867924528302,0.0
user_a719702586,0.0001509433962264151,0.0
user_df6e7c1be1,0.0001509433962264151,0.0
user_353014c1c1,0.0004528301886792453,0.0
user_61451f752b,0.0003018867924528302,0.0
user_c96f8203a9,0.0001509433962264151,0.0
user_b1894b410c,0.0006037735849056604,0.0
user_b58b262019,0.0001509433962264151,0.0
user_3f1a0236a4,0.0001509433962264151,0.0
user_d3dea1d73f,0.0004528301886792453,0.0
user_f0dedae9dc,0.0001509433962264151,0.0
user_eecba4d6c6,0.0001509433962264151,0.0
user_f41acaa38c,0.0001509433962264151,0.0
user_7ae906fa2e,0.0001509433962264151,0.0
user_417f256d29,0.0001509433962264151,0.0
user_20d998bf52,0.0003018867924528302,0.0
user_0d6df783ce,0.0004528301886792453,0.0
user_fa447c01ad,0.0001509433962264151,0.0
user_b82a94198d,0.0003018867924528302,0.0
user_9492aab981,0.0003018867924528302,0.0
user_1c4980ae3a,0.0001509433962264151,0.0
user_5e814448fe,0.0003018867924528302,0.0
user_04c2a3c91e,0.0007547169811320755,0.0
user_4132d6f5f8,0.0001509433962264151,0.0
user_9d01e2c310,0.0001509433962264151,0.0
user_55d2e33075,0.0001509433962264151,0.0
user_7f272c5c2e,0.0003018867924528302,0.0
user_8b7580741e,0.0006037735849056604,0.0
user_036a106537,0.0003018867924528302,0.0
user_d64e6ace0d,0.0001509433962264151,0.0
user_c6b71c6d96,0.0003018867924528302,0.0
user_0a17cd662c,0.0001509433962264151,0.0
user_6c2a13fe5f,0.0001509433962264151,0.0
user_2676d2042f,0.0003018867924528302,0.0
user_5c29747374,0.0001509433962264151,0.0
user_eb0de322cd,0.0001509433962264151,0.0
user_a4e2508509,0.0001509433962264151,0.0
user_0ccb533966,0.0001509433962264151,0.0
user_d007839077,0.0001509433962264151,0.0
user_f025d89139,0.0001509433962264151,0.0
user_6980000cc6,0.0001509433962264151,0.0
user_df902f0cf6,0.0007547169811320755,0.0
user_4cd546b029,0.0001509433962264151,0.0
user_d7f81762fd,0.0001509433962264151,0.0
user_02bbbab0d2,0.001358490566037736,0.0
user_542a29d5aa,0.0004528301886792453,0.0
user_61d47cbf1a,0.0001509433962264151,0.0
user_5d16585c89,0.0001509433962264151,0.0
user_277c430bc4,0.0003018867924528302,0.0
user_ddd929167c,0.0001509433962264151,0.0
user_5356e60496,0.0001509433962264151,0.0
user_48883be037,0.0001509433962264151,0.0
user_9f28b6b0b5,0.0001509433962264151,0.0
user_3132d2605a,0.0001509433962264151,0.0
user_e94b6c4ec0,0.0001509433962264151,0.0
user_5b4e97d242,0.0007547169811320755,0.0
user_690e1b9da4,0.0001509433962264151,0.0
user_6bc6157621,0.0001509433962264151,0.0
user_be1b15c13a,0.0001509433962264151,0.0
user_0c4441d8f7,0.0004528301886792453,0.0
user_a37430c33a,0.0004528301886792453,0.0
user_0b58af2a35,0.0001509433962264151,0.0
user_a690d43cbe,0.0006037735849056604,0.0
user_4782f9911b,0.0001509433962264151,0.0
user_7a63cdcc35,0.0001509433962264151,0.0
user_eb06629375,0.0001509433962264151,0.0
user_87c99b9dd1,0.0004528301886792453,0.0
user_b19784ccc9,0.0001509433962264151,0.0
user_87f308938d,0.0003018867924528302,0.0
user_1a369fb2e0,0.0004528301886792453,0.0
user_47627065a4,0.0001509433962264151,0.0
user_4cd6242c49,0.0001509433962264151,0.0
user_95d963f1ed,0.0001509433962264151,0.0
user_bf2e944221,0.0001509433962264151,0.0
user_3bb3606bd0,0.0001509433962264151,0.0
user_833807e4af,0.0001509433962264151,0.0
user_1ff542ca9c,0.0007547169811320755,0.0
user_81895435c1,0.0001509433962264151,0.0
user_861a426b46,0.0001509433962264151,0.0
user_8e386ab5f8,0.0003018867924528302,0.0
user_d9e074f025,0.0012075471698113208,0.0
user_39692056ab,0.0001509433962264151,0.0
user_71beb25be0,0.0001509433962264151,0.0
user_497e105ab3,0.0001509433962264151,0.0
user_4e698bd986,0.0003018867924528302,0.0
user_63b21a1ef7,0.0001509433962264151,0.0
user_a55190fd01,0.0003018867924528302,0.0
user_9c55f49ade,0.0003018867924528302,0.0
user_a3b737c3ba,0.0001509433962264151,0.0
user_e39f09136e,0.0001509433962264151,0.0
user_6cada03746,0.0003018867924528302,0.0
user_900d41f339,0.0001509433962264151,0.0
user_b90af301ef,0.0001509433962264151,0.0
user_d1c0190067,0.0003018867924528302,0.0
user_b539d387ce,0.0001509433962264151,0.0
user_8cbd7cbaea,0.0001509433962264151,0.0
user_1607da8422,0.0001509433962264151,0.0
user_a4b9be4e0c,0.0001509433962264151,0.0
user_7519e6a562,0.0003018867924528302,0.0
user_1e5e24019f,0.0003018867924528302,0.0
user_bd3741c198,0.0003018867924528302,0.0
user_a5a59a741c,0.0001509433962264151,0.0
user_6a079ec92c,0.0001509433962264151,0.0
user_1b79d6b06c,0.0003018867924528302,0.0
user_8cc0d1bfdd,0.0001509433962264151,0.0
user_fef96c499e,0.0001509433962264151,0.0
user_5d0e2a0a1f,0.0001509433962264151,0.0
user_62626805ad,0.0001509433962264151,0.0
user_26bb256f48,0.0001509433962264151,0.0
user_ec14ed7295,0.0004528301886792453,0.0
user_eb735506d2,0.0001509433962264151,0.0
user_0159675db9,0.0001509433962264151,0.0
user_1585a0a464,0.0001509433962264151,0.0
user_b2871b9b76,0.0001509433962264151,0.0
user_342c29bfa4,0.0001509433962264151,0.0
user_73661c5fd1,0.0001509433962264151,0.0
user_466de67419,0.0001509433962264151,0.0
user_1e2d36f096,0.0004528301886792453,0.0
user_94e001672a,0.0004528301886792453,0.0
user_6798376266,0.0001509433962264151,0.0
user_a9e8cd69b8,0.0003018867924528302,0.0
user_e940e51fb4,0.0003018867924528302,0.0
user_b9ffab1b8c,0.0003018867924528302,0.0
user_89e8115f51,0.0001509433962264151,0.0
user_28587a3fac,0.0001509433962264151,0.0
user_16987152f9,0.0001509433962264151,0.0
user_98e3ff7366,0.0003018867924528302,0.0
user_b28c0f20ca,0.0001509433962264151,0.0
user_4fa5c8891a,0.0006037735849056604,0.0
user_aa2c4b6226,0.0001509433962264151,0.0
user_0a962faab5,0.0003018867924528302,0.0
user_7e099c14a1,0.0003018867924528302,0.0
user_fc8f53487f,0.0001509433962264151,0.0
user_543038c161,0.0001509433962264151,0.0
user_c85d7dbc48,0.0003018867924528302,0.0
user_395c8a6f41,0.0001509433962264151,0.0
user_e14ebaba38,0.0003018867924528302,0.0
user_a6b378b6bc,0.0003018867924528302,0.0
user_00fa31a007,0.0001509433962264151,0.0
user_9ebd070b21,0.0001509433962264151,0.0
user_1111391e12,0.0003018867924528302,0.0
user_c9bb4aaa0d,0.0001509433962264151,0.0
user_f8f216ee42,0.0003018867924528302,0.0
user_854f61cbb2,0.0001509433962264151,0.0
user_692337a1f7,0.0009056603773584906,0.0
user_c934a6a837,0.0001509433962264151,0.0
user_edbd8b2c5a,0.0001509433962264151,0.0
user_07692ab84e,0.0001509433962264151,0.0
user_3639abd82e,0.0001509433962264151,0.0
user_480304d1c3,0.0001509433962264151,0.0
user_74f804dac0,0.0003018867924528302,0.0
user_77154b4dff,0.0001509433962264151,0.0
user_83d08b2298,0.0001509433962264151,0.0
user_41c44c0ff4,0.0003018867924528302,0.0
user_97266752fe,0.0001509433962264151,0.0
user_b8de4f4e63,0.0001509433962264151,0.0
user_04bf1cb2a4,0.0001509433962264151,0.0
user_d1906974a6,0.0001509433962264151,0.0
user_efa622dbc1,0.0001509433962264151,0.0
user_2885709015,0.0001509433962264151,0.0
user_786f647eca,0.0003018867924528302,0.0
user_a16833c12b,0.0001509433962264151,0.0
user_52fcb00c3d,0.0001509433962264151,0.0
user_305f39eeeb,0.0001509433962264151,0.0
user_0fb265c5ff,0.0001509433962264151,0.0
user_cab4ecb4e5,0.0006037735849056604,0.0
user_682939395e,0.0001509433962264151,0.0
user_1bf5f3da26,0.0003018867924528302,0.0
user_ff903c9748,0.0003018867924528302,0.0
user_6943e6aefc,0.0001509433962264151,0.0
user_1a182de884,0.0006037735849056604,0.0
user_103e0f0f87,0.0007547169811320755,0.0
user_9397c57614,0.0001509433962264151,0.0
user_57426671a4,0.0001509433962264151,0.0
user_2ad1c4055c,0.0001509433962264151,0.0
user_ba5a6b11da,0.0003018867924528302,0.0
user_23a8a76ac8,0.0001509433962264151,0.0
user_8301fa9d1a,0.0003018867924528302,0.0
user_fd403588f8,0.0006037735849056604,0.0
user_aa8555e0da,0.0003018867924528302,0.0
user_a4093d2f62,0.0001509433962264151,0.0
user_963a6bed70,0.0001509433962264151,0.0
user_6258025b79,0.0001509433962264151,0.0
user_b2522a5404,0.0003018867924528302,0.0
user_4c18907bc8,0.0003018867924528302,0.0
user_94a22fcadf,0.0004528301886792453,0.0
user_5b2f5fedf6,0.0004528301886792453,0.0
user_1ee73b389f,0.0004528301886792453,0.0
user_ff19015729,0.0001509433962264151,0.0
user_c1aab41878,0.0001509433962264151,0.0
user_a87cbec5c8,0.0004528301886792453,0.0
user_63155d3f42,0.0001509433962264151,0.0
user_8520829df6,0.0001509433962264151,0.0
user_4175669ea5,0.0003018867924528302,0.0
user_337835a3c1,0.0003018867924528302,0.0
user_522b8a5cb3,0.0004528301886792453,0.0
user_df0a6d96bd,0.0001509433962264151,0.0
user_d9548769ba,0.0001509433962264151,0.0
user_fb424a7b71,0.0001509433962264151,0.0
user_25e67521b1,0.0001509433962264151,0.0
user_9dd6431a5d,0.0001509433962264151,0.0
user_4c65cd3dc7,0.0004528301886792453,0.0
user_d3977a40ac,0.0001509433962264151,0.0
user_aba5feedbe,0.0001509433962264151,0.0
user_fb4f2b6cc9,0.0001509433962264151,0.0
user_f159477da3,0.0001509433962264151,0.0
user_ef414229fd,0.0001509433962264151,0.0
user_abdb74279f,0.0010566037735849057,0.0
user_c8b67a4c55,0.0001509433962264151,0.0
user_c3b37ff63a,0.0001509433962264151,0.0
user_7a1df53923,0.0001509433962264151,0.0
user_d92aa346ce,0.0001509433962264151,0.0
user_1339a6fc72,0.0001509433962264151,0.0
user_3428b1e7b4,0.0003018867924528302,0.0
user_d654275d6d,0.0001509433962264151,0.0
user_f4929754d8,0.0003018867924528302,0.0
user_0d21814a90,0.0001509433962264151,0.0
user_d063fc245f,0.0006037735849056604,0.0
user_6272bd188d,0.0001509433962264151,0.0
user_0b8b62071f,0.0001509433962264151,0.0
user_f684dcae69,0.0001509433962264151,0.0
user_dc5484a9ab,0.0004528301886792453,0.0
user_41da80a8ff,0.0003018867924528302,0.0
user_0066464ab4,0.0001509433962264151,0.0
user_46797d434d,0.0001509433962264151,0.0
user_e5b64a41bb,0.0004528301886792453,0.0
user_351ad7f0c9,0.0001509433962264151,0.0
user_4a052c00f6,0.0003018867924528302,0.0
user_46bdd9a4e8,0.0001509433962264151,0.0
user_5f402b2fa8,0.0001509433962264151,0.0
user_dfc2a19199,0.0006037735849056604,0.0
user_1585ad09c6,0.0004528301886792453,0.0
user_65a2a029a4,0.0001509433962264151,0.0
user_788ff3268c,0.0001509433962264151,0.0
user_15f1e5d08d,0.0007547169811320755,0.0
user_33b3f449dc,0.0006037735849056604,0.0
user_6d0edc1bbd,0.0003018867924528302,0.0
user_a7f15616af,0.0001509433962264151,0.0
user_3d9c17abf3,0.0001509433962264151,0.0
user_05c733beca,0.0001509433962264151,0.0
user_772f126557,0.0001509433962264151,0.0
user_51ce4e76f7,0.0004528301886792453,0.0
user_2d33bdf480,0.0001509433962264151,0.0
user_fca4cf95bc,0.0001509433962264151,0.0
user_f633bfddbc,0.0001509433962264151,0.0
user_c829fd7d93,0.0001509433962264151,0.0
user_866d22c84b,0.0001509433962264151,0.0
user_85cf9b5f3b,0.0001509433962264151,0.0
user_49df005faf,0.0003018867924528302,0.0
user_7cccf08ab5,0.0003018867924528302,0.0
user_dce7b32439,0.0001509433962264151,0.0
user_df05306b16,0.0001509433962264151,0.0
user_0451eea505,0.0006037735849056604,0.0
user_a70c82a2e3,0.0001509433962264151,0.0
user_aecc348e00,0.0003018867924528302,0.0
user_4c50fa609f,0.0001509433962264151,0.0
user_d75e533b36,0.0001509433962264151,0.0
user_1c76325b53,0.0001509433962264151,0.0
user_779de4a6d6,0.0001509433962264151,0.0
user_e4bffdd5eb,0.0001509433962264151,0.0
user_4558aece1c,0.0003018867924528302,0.0
user_e0b761f76e,0.0001509433962264151,0.0
user_bfadb8b041,0.0006037735849056604,0.0
user_9c03afe75c,0.0001509433962264151,0.0
user_ba32fd848a,0.0001509433962264151,0.0
user_9f1f351c06,0.0001509433962264151,0.0
user_45bbce699b,0.0001509433962264151,0.0
user_abb3924882,0.0001509433962264151,0.0
user_b512ea0f9e,0.0004528301886792453,0.0
user_dbf07e405b,0.0001509433962264151,0.0
user_2c30164714,0.0001509433962264151,0.0
user_1b4594fe67,0.0001509433962264151,0.0
user_09f454f2ea,0.0001509433962264151,0.0
user_42da13c134,0.0003018867924528302,0.0
user_2535375b99,0.0001509433962264151,0.0
user_52d9be08a9,0.0003018867924528302,0.0
user_2c8f4e9635,0.0001509433962264151,0.0
user_bb5b0d0bc8,0.0001509433962264151,0.0
user_0de7c4c551,0.0001509433962264151,0.0
user_0469df9e9e,0.0001509433962264151,0.0
user_791ca88e6e,0.0004528301886792453,0.0
user_dc391f7035,0.0001509433962264151,0.0
user_1bb453303b,0.0003018867924528302,0.0
user_00ab66f3a3,0.0001509433962264151,0.0
user_8610d6645e,0.0003018867924528302,0.0
user_b0631c1011,0.0004528301886792453,0.0
user_d96909ce62,0.0001509433962264151,0.0
user_29f3a54888,0.0001509433962264151,0.0
user_7d575fc4d7,0.0001509433962264151,0.0
user_b7d910331e,0.0003018867924528302,0.0
user_17942a0e79,0.0001509433962264151,0.0
user_419c53d20b,0.0001509433962264151,0.0
user_5049cafca7,0.0001509433962264151,0.0
user_350b0869af,0.0001509433962264151,0.0
user_ad8b27bce6,0.0001509433962264151,0.0
user_9f50f05656,0.0001509433962264151,0.0
user_99222e8f1d,0.0001509433962264151,0.0
user_04070b4f26,0.0001509433962264151,0.0
user_fe021a86ab,0.0001509433962264151,0.0
user_6040ad1bc8,0.0001509433962264151,0.0
user_e7a1bc6336,0.0001509433962264151,0.0
user_8974cdff9f,0.0001509433962264151,0.0
user_b5dea869d2,0.0001509433962264151,0.0
user_8e416ff431,0.0003018867924528302,0.0
user_a489b4e419,0.0004528301886792453,0.0
user_ebe0f467f6,0.0022641509433962265,0.0
user_0ed026275a,0.0001509433962264151,0.0
user_afe68e540c,0.0001509433962264151,0.0
user_c9e764a1ff,0.0001509433962264151,0.0
user_a45f0992ac,0.0004528301886792453,0.0
user_afd5678fd3,0.0010566037735849057,0.0
user_bd9b3cdbae,0.0010566037735849057,0.0
user_9cb951c729,0.0003018867924528302,0.0
user_82963c2eb9,0.0001509433962264151,0.0
user_263b3096e0,0.0004528301886792453,0.0
user_ddaeecf8f9,0.0001509433962264151,0.0
user_38d4cca6eb,0.0001509433962264151,0.0
user_39937acd41,0.0001509433962264151,0.0
user_330c23662c,0.0001509433962264151,0.0
user_1e38ea7b37,0.0003018867924528302,0.0
user_c5d434e769,0.0001509433962264151,0.0
user_279d3053cb,0.0004528301886792453,0.0
user_d6101fe2db,0.0003018867924528302,0.0
user_11e07e10fc,0.0003018867924528302,0.0
user_02e372109c,0.0006037735849056604,0.0
user_31b731bb5c,0.0001509433962264151,0.0
user_9a33851143,0.0001509433962264151,0.0
user_0c348f68f0,0.0001509433962264151,0.0
user_3732e722a1,0.0001509433962264151,0.0
user_8f40a0f1da,0.0001509433962264151,0.0
user_9cb965f96a,0.0001509433962264151,0.0
user_fa3fbcd05e,0.0001509433962264151,0.0
user_bc6a7e7e61,0.0001509433962264151,0.0
user_d4593281e2,0.0004528301886792453,0.0
user_4ef127aeed,0.0003018867924528302,0.0
user_7834a7fae6,0.0001509433962264151,0.0
user_dff1b78e09,0.0001509433962264151,0.0
user_72feee5910,0.0001509433962264151,0.0
user_e6d8734352,0.0001509433962264151,0.0
user_fe367be62b,0.0001509433962264151,0.0
user_ce67d28bb3,0.0001509433962264151,0.0
user_95e4a2870f,0.0001509433962264151,0.0
user_843762f5fd,0.0001509433962264151,0.0
user_33e2c121e8,0.0001509433962264151,0.0
user_a22c7f1be7,0.0001509433962264151,0.0
user_99a2dc4a6e,0.0001509433962264151,0.0
user_da36001768,0.0003018867924528302,0.0
user_0e9229e3c4,0.0001509433962264151,0.0
user_25b5ae9b1c,0.0001509433962264151,0.0
user_b05b004fc5,0.0001509433962264151,0.0
user_7e05832ad6,0.0003018867924528302,0.0
user_aa856be044,0.0001509433962264151,0.0
user_5c5fabca3a,0.0001509433962264151,0.0
user_3e5dbf4b28,0.0003018867924528302,0.0
user_4e8e1888bd,0.0001509433962264151,0.0
user_de6856b48a,0.0001509433962264151,0.0
user_7a545a9484,0.0001509433962264151,0.0
user_c024345431,0.0001509433962264151,0.0
user_c1bb99eb1d,0.0004528301886792453,0.0
user_12d7c4f32d,0.0001509433962264151,0.0
user_c7bb93c8da,0.0003018867924528302,0.0
user_490079d132,0.0001509433962264151,0.0
user_0ae2d458cd,0.0001509433962264151,0.0
user_1bbea62ea7,0.0001509433962264151,0.0
user_ae2831baba,0.0006037735849056604,0.0
user_e9f558ab85,0.0004528301886792453,0.0
user_ad546602fc,0.0001509433962264151,0.0
user_42973d25c7,0.0001509433962264151,0.0
user_7abd83590b,0.0003018867924528302,0.0
user_0c3580073f,0.0001509433962264151,0.0
user_7d45b56742,0.0001509433962264151,0.0
user_50f539aafd,0.0004528301886792453,0.0
user_aa4c44fb45,0.0001509433962264151,0.0
user_8b7c78c6e9,0.0001509433962264151,0.0
user_2a906b2988,0.0001509433962264151,0.0
user_93a25d1e30,0.0003018867924528302,0.0
user_e9feab075f,0.0003018867924528302,0.0
user_f57701672e,0.0004528301886792453,0.0
user_8e12f41769,0.0006037735849056604,0.0
user_f600cd6732,0.0004528301886792453,0.0
user_fb8f4dbb71,0.0003018867924528302,0.0
user_a6eb9e344e,0.0001509433962264151,0.0
user_7d92fb1210,0.0007547169811320755,0.0
user_439e50ff7f,0.0001509433962264151,0.0
user_2d106cc011,0.0001509433962264151,0.0
user_5a639f039d,0.0001509433962264151,0.0
user_308359c769,0.0003018867924528302,0.0
user_4c50735455,0.0001509433962264151,0.0
user_3140e2d1b6,0.0001509433962264151,0.0
user_6092d17fdf,0.0004528301886792453,0.0
user_ed4f84b940,0.0003018867924528302,0.0
user_f714d30adc,0.0003018867924528302,0.0
user_e0a04e89c5,0.0001509433962264151,0.0
user_dd7cf340e1,0.0001509433962264151,0.0
user_cff7fd7b73,0.0001509433962264151,0.0
user_131ea1a754,0.0001509433962264151,0.0
user_8ede542633,0.0001509433962264151,0.0
user_355adacd18,0.0001509433962264151,0.0
user_ef688927e6,0.0006037735849056604,0.0
user_ab320ae0c6,0.0004528301886792453,0.0
user_1f46733059,0.0001509433962264151,0.0
user_3b9191b95f,0.0001509433962264151,0.0
user_7d2897c970,0.0001509433962264151,0.0
user_6968ed24c1,0.0004528301886792453,0.0
user_2e23863795,0.0001509433962264151,0.0
user_dd30eca02a,0.0001509433962264151,0.0
user_03446ebddd,0.0001509433962264151,0.0
user_322b2e0ad4,0.0001509433962264151,0.0
user_ceff83d102,0.0001509433962264151,0.0
user_7a5557da70,0.0003018867924528302,0.0
user_ecd076ea1e,0.0001509433962264151,0.0
user_e50d7ba603,0.0001509433962264151,0.0
user_6460aa2f95,0.0006037735849056604,0.0
user_8349692d80,0.0004528301886792453,0.0
user_88e27cc6a7,0.0001509433962264151,0.0
user_c5a9f0d634,0.0003018867924528302,0.0
user_81daa305e1,0.0004528301886792453,0.0
user_de1ba0a243,0.0001509433962264151,0.0
user_08b1ca6e28,0.0001509433962264151,0.0
user_f1ebe858ea,0.0001509433962264151,0.0
user_773c39808e,0.0001509433962264151,0.0
user_084ccf22bf,0.0001509433962264151,0.0
user_2ca9b24eaa,0.0001509433962264151,0.0
user_7fcf6ec8d9,0.0003018867924528302,0.0
user_11df03bb07,0.0001509433962264151,0.0
user_c4406dca72,0.0003018867924528302,0.0
user_123cf54b35,0.0001509433962264151,0.0
user_f13503d13c,0.0003018867924528302,0.0
user_3d4081ac65,0.0001509433962264151,0.0
user_bbb6cee0c9,0.0007547169811320755,0.0
user_87a81f3887,0.0003018867924528302,0.0
user_8b5356a002,0.0003018867924528302,0.0
user_cd4c715846,0.0001509433962264151,0.0
user_b25df901d6,0.0007547169811320755,0.0
user_68e67d0699,0.0001509433962264151,0.0
user_971f782283,0.0003018867924528302,0.0
user_1de56526ba,0.0001509433962264151,0.0
user_d2e476375c,0.0003018867924528302,0.0
user_8c87230f8c,0.0001509433962264151,0.0
user_eae9d92fd9,0.0001509433962264151,0.0
user_a75c7ca078,0.0001509433962264151,0.0
user_45252267ac,0.0001509433962264151,0.0
user_4813d93e82,0.0001509433962264151,0.0
user_2e6a97296c,0.0003018867924528302,0.0
user_f4a13783b7,0.0001509433962264151,0.0
user_215b9539a0,0.0001509433962264151,0.0
user_7ef5b1b1cb,0.0001509433962264151,0.0
user_fa95b5dff2,0.0003018867924528302,0.0
user_cbb5703b77,0.0001509433962264151,0.0
user_87ec67fbae,0.0001509433962264151,0.0
user_e0eda04454,0.0001509433962264151,0.0
user_7eb0744eab,0.0001509433962264151,0.0
user_afabc3e274,0.0001509433962264151,0.0
user_9aebeb64da,0.0001509433962264151,0.0
user_6f47b6a356,0.0001509433962264151,0.0
user_90c55abe7a,0.0001509433962264151,0.0
user_d5685ff9d4,0.0001509433962264151,0.0
user_87ef771fa1,0.0003018867924528302,0.0
user_39839bd882,0.0003018867924528302,0.0
user_8f67e64c0e,0.0003018867924528302,0.0
user_d54a2271d7,0.0001509433962264151,0.0
user_98a0c51c2c,0.0003018867924528302,0.0
user_bf7b7d6735,0.0001509433962264151,0.0
user_87577a8066,0.0001509433962264151,0.0
user_36701a6ef0,0.0001509433962264151,0.0
user_06155e4148,0.0001509433962264151,0.0
user_c3de6170ab,0.0001509433962264151,0.0
user_ae7976dcd2,0.0001509433962264151,0.0
user_027c95b02f,0.0003018867924528302,0.0
user_aa20d7186a,0.0001509433962264151,0.0
user_59cf6cd1ba,0.0001509433962264151,0.0
user_92217644f4,0.0001509433962264151,0.0
user_9766f8171e,0.0003018867924528302,0.0
user_07c6a6f687,0.0001509433962264151,0.0
user_f2a1c391c5,0.0001509433962264151,0.0
user_d422a19ab3,0.0001509433962264151,0.0
user_6715831d9d,0.0001509433962264151,0.0
user_aebc987f4a,0.0001509433962264151,0.0
user_bd372b477e,0.0001509433962264151,0.0
user_61241d70ae,0.0001509433962264151,0.0
user_30650760c9,0.0006037735849056604,0.0
user_484f116dec,0.0003018867924528302,0.0
user_ab6b2b82f9,0.0001509433962264151,0.0
user_0806397aaa,0.0009056603773584906,0.0
user_75727c9dc5,0.0001509433962264151,0.0
user_4f49e1299d,0.0001509433962264151,0.0
user_793d1cdb43,0.0003018867924528302,0.0
user_d92268515d,0.0001509433962264151,0.0
user_8ecd58ff04,0.0003018867924528302,0.0
user_6a474d8a92,0.0001509433962264151,0.0
user_523f46aa49,0.0001509433962264151,0.0
user_b9d69e0f7a,0.0001509433962264151,0.0
user_33a1546dd5,0.0001509433962264151,0.0
user_064a76d900,0.0001509433962264151,0.0
user_fedc4eb22d,0.0001509433962264151,0.0
user_c7d88acaa9,0.0001509433962264151,0.0
user_b4cdb5991d,0.0001509433962264151,0.0
user_ed671af78a,0.0003018867924528302,0.0
user_1d93a361c2,0.0003018867924528302,0.0
user_7427f049b9,0.0001509433962264151,0.0
user_9b52697b77,0.0001509433962264151,0.0
user_8c943a69ad,0.0001509433962264151,0.0
user_14467cf93d,0.0001509433962264151,0.0
user_fcba119459,0.0006037735849056604,0.0
user_e9baac5af4,0.0001509433962264151,0.0
user_5ff4e24b2c,0.0001509433962264151,0.0
user_890a76d54b,0.0001509433962264151,0.0
user_5ebb80cb6b,0.0009056603773584906,0.0
user_952c442f53,0.0001509433962264151,0.0
user_7efccce37d,0.0001509433962264151,0.0
user_4c32491ce8,0.0001509433962264151,0.0
user_739067924b,0.0001509433962264151,0.0
user_b359e9820f,0.0001509433962264151,0.0
user_0cc6e831d6,0.0001509433962264151,0.0
user_5b19b807ff,0.0006037735849056604,0.0
user_9c8639384d,0.0001509433962264151,0.0
user_64cde38a8b,0.0001509433962264151,0.0
user_0553512574,0.0001509433962264151,0.0
user_19de5a46e8,0.0001509433962264151,0.0
user_954f7998d4,0.0001509433962264151,0.0
user_f2673134c4,0.0003018867924528302,0.0
user_bf664f1598,0.0001509433962264151,0.0
user_5fd71ae89a,0.0001509433962264151,0.0
user_7b2625fb5b,0.0001509433962264151,0.0
user_7179fd3f15,0.0001509433962264151,0.0
user_61237095f5,0.0003018867924528302,0.0
user_64ccdd95ae,0.0001509433962264151,0.0
user_7a6969b07d,0.0003018867924528302,0.0
user_5c9fb3c259,0.0001509433962264151,0.0
user_f91528ab5d,0.0001509433962264151,0.0
user_ce2793dc1a,0.0001509433962264151,0.0
user_041807c1c6,0.0003018867924528302,0.0
user_32b9a6f0f9,0.0001509433962264151,0.0
user_c5b37b3a4a,0.0001509433962264151,0.0
user_ee6b561dea,0.0003018867924528302,0.0
user_53b1829312,0.0001509433962264151,0.0
user_fd227ff91b,0.0001509433962264151,0.0
user_8e984940cf,0.0001509433962264151,0.0
user_93e1440e3b,0.0001509433962264151,0.0
user_492f894fb6,0.0001509433962264151,0.0
user_be2af3d8f9,0.0001509433962264151,0.0
user_2c37bbee5f,0.0001509433962264151,0.0
user_de9dab006b,0.0007547169811320755,0.0
user_0c5355b802,0.0001509433962264151,0.0
user_47e7de5870,0.0001509433962264151,0.0
user_3e47dad0a0,0.009207547169811321,0.0
user_07492de732,0.0001509433962264151,0.0
user_654a6c03fa,0.0001509433962264151,0.0
user_3011dcbb5b,0.0003018867924528302,0.0
user_66dd0ce9a4,0.0003018867924528302,0.0
user_1c4cc2f0e3,0.0003018867924528302,0.0
user_e8a0cf8e97,0.0003018867924528302,0.0
user_50b8978de5,0.0001509433962264151,0.0
user_807161df2d,0.0004528301886792453,0.0
user_3911aed9c1,0.0001509433962264151,0.0
user_62e781d2c3,0.0021132075471698114,0.0
user_048cc3b3f4,0.0001509433962264151,0.0
user_3a3d2e9d12,0.0003018867924528302,0.0
user_2865fdce0f,0.0001509433962264151,0.0
user_d6052a4acd,0.0001509433962264151,0.0
user_7638490db4,0.0003018867924528302,0.0
user_1f3de153d0,0.0001509433962264151,0.0
user_d6a4c6baf2,0.0001509433962264151,0.0
user_cd2fb480bd,0.0001509433962264151,0.0
user_26e12438b7,0.0001509433962264151,0.0
user_41d328107e,0.0001509433962264151,0.0
user_941071f12c,0.0001509433962264151,0.0
user_077676b41b,0.0001509433962264151,0.0
user_64c0116254,0.0001509433962264151,0.0
user_0a6fe4d63d,0.0003018867924528302,0.0
user_d1377efa09,0.0001509433962264151,0.0
user_5fb63641ad,0.0001509433962264151,0.0
user_834a40b022,0.0001509433962264151,0.0
user_e6f652f950,0.0003018867924528302,0.0
user_fb29fb9ec7,0.0001509433962264151,0.0
user_acab47bcc1,0.0001509433962264151,0.0
user_ee1e0b4b1a,0.0003018867924528302,0.0
user_f5e40c227b,0.0001509433962264151,0.0
user_f34819e5c7,0.0001509433962264151,0.0
user_100250802d,0.0001509433962264151,0.0
user_458d3fb474,0.0001509433962264151,0.0
user_75a05ffca4,0.0001509433962264151,0.0
user_f303a862df,0.0001509433962264151,0.0
user_b217303448,0.0001509433962264151,0.0
user_3eec6b151a,0.0001509433962264151,0.0
user_960e318bf9,0.0004528301886792453,0.0
user_e898195e0f,0.0009056603773584906,0.0
user_1bdbd3182e,0.0003018867924528302,0.0
user_5650c6285e,0.0001509433962264151,0.0
user_8f00b23deb,0.0001509433962264151,0.0
user_6d6347b9fa,0.0001509433962264151,0.0
user_3f51a8f329,0.0001509433962264151,0.0
user_949b9a09c6,0.0004528301886792453,0.0
user_8f87fd89e8,0.0001509433962264151,0.0
user_24e56def0b,0.0003018867924528302,0.0
user_03d4b3962f,0.0007547169811320755,0.0
user_97171600bd,0.0004528301886792453,0.0
user_fb4f22628b,0.0003018867924528302,0.0
user_9dd2b63202,0.0001509433962264151,0.0
user_95db562195,0.0003018867924528302,0.0
user_ad3f0a7ecf,0.0003018867924528302,0.0
user_b4b1519400,0.0001509433962264151,0.0
user_bcbb849747,0.0001509433962264151,0.0
user_0615f6dbb9,0.0004528301886792453,0.0
user_5f3d8066f3,0.0003018867924528302,0.0
user_27a72abb4b,0.0001509433962264151,0.0
user_f246dd66af,0.0001509433962264151,0.0
user_d2e6b4d333,0.0004528301886792453,0.0
user_cb30b16f23,0.0001509433962264151,0.0
user_576253e8e6,0.0003018867924528302,0.0
user_a6803e3f85,0.0007547169811320755,0.0
user_b28a84115b,0.0001509433962264151,0.0
user_47cf65ff62,0.0001509433962264151,0.0
user_506ce4f61b,0.0004528301886792453,0.0
user_035dfb2c11,0.0001509433962264151,0.0
user_9a00973f89,0.0001509433962264151,0.0
user_ddbef9c26d,0.0001509433962264151,0.0
user_7f1336cd2c,0.0001509433962264151,0.0
user_49519e0337,0.0001509433962264151,0.0
user_770a5a044c,0.0001509433962264151,0.0
user_e0ac5ff1af,0.0001509433962264151,0.0
user_d8b6b28169,0.0001509433962264151,0.0
user_da8e1a9a25,0.0001509433962264151,0.0
user_8d27873c16,0.0001509433962264151,0.0
user_b899a380cc,0.0001509433962264151,0.0
user_b12c839e2c,0.0001509433962264151,0.0
user_27449f469c,0.0001509433962264151,0.0
user_300aa42d9a,0.0001509433962264151,0.0
user_66c66fb8da,0.0001509433962264151,0.0
user_2a6cfcb3eb,0.0001509433962264151,0.0
user_5948563620,0.0001509433962264151,0.0
user_b17b7e35e4,0.0001509433962264151,0.0
user_856c3d8365,0.0001509433962264151,0.0
user_bd168f3f80,0.0003018867924528302,0.0
user_bc0e0c7b0f,0.0003018867924528302,0.0
user_cae73f125e,0.0009056603773584906,0.0
user_68adf48d66,0.0001509433962264151,0.0
user_98114e9caa,0.0001509433962264151,0.0
user_d6ea30385f,0.0001509433962264151,0.0
user_91c0b4804e,0.0001509433962264151,0.0
user_450d2ef83d,0.0001509433962264151,0.0
user_c48c9f1cee,0.0003018867924528302,0.0
user_3faf20f2a2,0.0001509433962264151,0.0
user_335794bfde,0.0001509433962264151,0.0
user_807473e633,0.0001509433962264151,0.0
user_8d9ab363ca,0.0001509433962264151,0.0
user_993ba96fdb,0.0001509433962264151,0.0
user_3a1b39149b,0.0003018867924528302,0.0
user_b028eba659,0.0001509433962264151,0.0
user_b21b560170,0.0001509433962264151,0.0
user_bdc0fe0168,0.0001509433962264151,0.0
user_43c3675d0a,0.0001509433962264151,0.0
user_f131cf0b35,0.0001509433962264151,0.0
user_5b29e1b38a,0.0001509433962264151,0.0
user_e5b16bca3a,0.0001509433962264151,0.0
user_76a4021334,0.0006037735849056604,0.0
user_562cc84a1c,0.0001509433962264151,0.0
user_d557342c37,0.0001509433962264151,0.0
user_860a66c8c9,0.0001509433962264151,0.0
user_e938c1fc27,0.0001509433962264151,0.0
user_e5bb19e898,0.0001509433962264151,0.0
user_783fae8174,0.0036226415094339623,0.0
user_edd2ac3d6d,0.0003018867924528302,0.0
user_5a15d3b519,0.0001509433962264151,0.0
user_1124c69fb9,0.0001509433962264151,0.0
user_8bb5e284f1,0.0001509433962264151,0.0
user_7ce1adcb69,0.0001509433962264151,0.0
user_c2e6fcb4ab,0.0003018867924528302,0.0
user_3bafcb5b95,0.0001509433962264151,0.0
user_d3bda0d500,0.0004528301886792453,0.0
user_1c8bae76d1,0.0003018867924528302,0.0
user_15f2ebc651,0.0006037735849056604,0.0
user_ba8cef3640,0.0001509433962264151,0.0
user_c14f93d0a6,0.0001509433962264151,0.0
user_f0249f5609,0.0001509433962264151,0.0
user_e78460a9cc,0.0003018867924528302,0.0
user_322423da56,0.0001509433962264151,0.0
user_e847ecce65,0.0003018867924528302,0.0
user_fb2d0b3ce4,0.0001509433962264151,0.0
user_44659e48d1,0.0003018867924528302,0.0
user_95b6010015,0.0001509433962264151,0.0
user_b278a5bb68,0.0001509433962264151,0.0
user_d4c82a133d,0.0001509433962264151,0.0
user_14c5a8f7b2,0.0004528301886792453,0.0
user_2916b147a1,0.0003018867924528302,0.0
user_a8342f0214,0.0001509433962264151,0.0
user_238917213b,0.0004528301886792453,0.0
user_e6854315aa,0.0001509433962264151,0.0
user_71151b2bf4,0.0001509433962264151,0.0
user_178b4b64b0,0.0001509433962264151,0.0
user_6915d51a9d,0.0001509433962264151,0.0
user_0bea058084,0.0003018867924528302,0.0
user_4a01b1cbeb,0.0003018867924528302,0.0
user_1c83cdc5c0,0.0001509433962264151,0.0
user_ebb6fe6794,0.0003018867924528302,0.0
user_ef6af6542a,0.0001509433962264151,0.0
user_8035586ada,0.0001509433962264151,0.0
user_e3e6126340,0.0003018867924528302,0.0
user_9d390834cd,0.0004528301886792453,0.0
user_7ffdac3752,0.0001509433962264151,0.0
user_5a89e227ac,0.0001509433962264151,0.0
user_6b960f8606,0.0001509433962264151,0.0
user_f2d7741542,0.0001509433962264151,0.0
user_affea81f28,0.0003018867924528302,0.0
user_7c95f0549a,0.0001509433962264151,0.0
user_7e6b93f760,0.0001509433962264151,0.0
user_289b9e0157,0.0001509433962264151,0.0
user_0a215e0257,0.0003018867924528302,0.0
user_bdc840102f,0.0001509433962264151,0.0
user_876bd5651a,0.0003018867924528302,0.0
user_82b9a38f0b,0.0001509433962264151,0.0
user_47642d076c,0.0001509433962264151,0.0
user_7a341cc66e,0.0001509433962264151,0.0
user_b7e1e76476,0.0001509433962264151,0.0
user_546dddb74b,0.0003018867924528302,0.0
user_c6425ede1d,0.0003018867924528302,0.0
user_0b55ffb987,0.0001509433962264151,0.0
user_e5f3c5c0fb,0.0001509433962264151,0.0
user_d512975e9c,0.0003018867924528302,0.0
user_3790cd3182,0.0001509433962264151,0.0
user_a7520bb036,0.0003018867924528302,0.0
user_4d56db7732,0.0001509433962264151,0.0
user_661043fb86,0.0036226415094339623,0.0
user_e28df57bdf,0.0001509433962264151,0.0
user_9f3ee8dced,0.0001509433962264151,0.0
user_b6bc5b8d91,0.0001509433962264151,0.0
user_6b9e6c4653,0.0001509433962264151,0.0
user_643f399948,0.0003018867924528302,0.0
user_d1541114cb,0.0001509433962264151,0.0
user_c82342d227,0.0003018867924528302,0.0
user_2a3d75fe10,0.0003018867924528302,0.0
user_75fb40afd2,0.0001509433962264151,0.0
user_c7b5a460d7,0.0001509433962264151,0.0
user_bb47607baa,0.0001509433962264151,0.0
user_a24c46c855,0.0031698113207547173,0.0
user_01efa610a6,0.0001509433962264151,0.0
user_6c976f1a53,0.0001509433962264151,0.0
user_a3eab0e4fa,0.0036226415094339623,0.0
user_72e3f128ca,0.0001509433962264151,0.0
user_5e47008203,0.0010566037735849057,0.0
user_bee24797a7,0.0001509433962264151,0.0
user_e7144a069d,0.0001509433962264151,0.0
user_ad757bae3b,0.0001509433962264151,0.0
user_8b8f646a92,0.002716981132075472,0.0
user_330c24c527,0.0001509433962264151,0.0
user_1ef9500bba,0.0007547169811320755,0.0
user_a55ad277d0,0.0016603773584905662,0.0
user_a2f9e6e4d3,0.0004528301886792453,0.0
user_833769d093,0.0001509433962264151,0.0
user_b95a4fdc47,0.0001509433962264151,0.0
user_e31144bd0b,0.0001509433962264151,0.0
user_cf42ba7e30,0.0003018867924528302,0.0
user_0ae0337e6f,0.0001509433962264151,0.0
user_5cfcbefd23,0.0007547169811320755,0.0
user_6808b442ab,0.0001509433962264151,0.0
user_42b27f88b9,0.0004528301886792453,0.0
user_9bbf6215a7,0.0003018867924528302,0.0
user_c8c84fa84a,0.0001509433962264151,0.0
user_91f86ea79d,0.0001509433962264151,0.0
user_be192d305e,0.0003018867924528302,0.0
user_d481084b1b,0.0001509433962264151,0.0
user_1b980211eb,0.0001509433962264151,0.0
user_edf2a4bf93,0.0001509433962264151,0.0
user_aaca89e4fe,0.0001509433962264151,0.0
user_31798036b3,0.0001509433962264151,0.0
user_6e3956a806,0.0001509433962264151,0.0
user_d9ebd6ebf2,0.0001509433962264151,0.0
user_3aac9d2d4c,0.0003018867924528302,0.0
user_f781090242,0.0001509433962264151,0.0
user_ae0eedc903,0.0001509433962264151,0.0
user_2d35941cfb,0.0003018867924528302,0.0
user_1e901cb8ab,0.0001509433962264151,0.0
user_c65a509bc1,0.0001509433962264151,0.0
user_1fd25898ef,0.0003018867924528302,0.0
user_fbbd42e16b,0.0001509433962264151,0.0
user_ce12e27dd7,0.005886792452830189,0.0
user_f026117583,0.0003018867924528302,0.0
user_5efb9c1d79,0.0004528301886792453,0.0
user_a7c9b38067,0.0001509433962264151,0.0
user_8db08c6028,0.0001509433962264151,0.0
user_3faeae97f5,0.0007547169811320755,0.0
user_e45effb0bd,0.0004528301886792453,0.0
user_eae6e4142c,0.0003018867924528302,0.0
user_3246228cc8,0.0001509433962264151,0.0
user_3e9110cd7f,0.0004528301886792453,0.0
user_e37052d782,0.003018867924528302,0.0
user_8a16543722,0.0003018867924528302,0.0
user_d4dc4652dc,0.0001509433962264151,0.0
user_13bf4523f9,0.0004528301886792453,0.0
user_eae39abf74,0.0001509433962264151,0.0
user_c50652195a,0.0003018867924528302,0.0
user_aa0e302d7d,0.0003018867924528302,0.0
user_6c31c89839,0.007849056603773585,0.0
user_ed2e8a2b09,0.0004528301886792453,0.0
user_8e416607cf,0.0001509433962264151,0.0
user_dd87c8df10,0.0001509433962264151,0.0
user_a6c8affa2a,0.0001509433962264151,0.0
user_c7c340e973,0.0001509433962264151,0.0
user_d7ef664340,0.0001509433962264151,0.0
user_e3a0f00103,0.0001509433962264151,0.0
user_82de02854a,0.0001509433962264151,0.0
user_f02e6897c7,0.0001509433962264151,0.0
user_a7e91e1334,0.0001509433962264151,0.0
user_c8225a4c11,0.0001509433962264151,0.0
user_dc468333c0,0.0001509433962264151,0.0
user_d405b8761c,0.0004528301886792453,0.0
user_3f84e9bbce,0.0001509433962264151,0.0
user_e3c39f5c66,0.0003018867924528302,0.0
user_8340eb435b,0.0007547169811320755,0.0
user_4733c22898,0.0001509433962264151,0.0
user_5c1590997a,0.0001509433962264151,0.0
user_4c80916929,0.0003018867924528302,0.0
user_0d1de5cdcc,0.0001509433962264151,0.0
user_9946508b5a,0.0001509433962264151,0.0
user_5fc29694b3,0.0001509433962264151,0.0
user_e737ffa532,0.0006037735849056604,0.0
user_9aa602ef43,0.0001509433962264151,0.0
user_e46aa4ee0d,0.0001509433962264151,0.0
user_c0dae8c516,0.0001509433962264151,0.0
user_7ae54615f2,0.0001509433962264151,0.0
user_248c3ed716,0.0003018867924528302,0.0
user_b376e3c8b2,0.0001509433962264151,0.0
user_9895bb9a40,0.0003018867924528302,0.0
user_b8e2f6f645,0.0001509433962264151,0.0
user_fc91765ffd,0.0004528301886792453,0.0
user_6904ca765a,0.0006037735849056604,0.0
user_51068aa97f,0.0001509433962264151,0.0
user_d1bd6a48d7,0.0001509433962264151,0.0
user_3744fec5e3,0.0007547169811320755,0.0
user_7fb98d31e7,0.0001509433962264151,0.0
user_bd7f80c460,0.0001509433962264151,0.0
user_f475d082cd,0.0003018867924528302,0.0
user_5798d76626,0.0001509433962264151,0.0
user_4e645aa7af,0.0001509433962264151,0.0
user_10e8eab7cc,0.0001509433962264151,0.0
user_6955560b56,0.0001509433962264151,0.0
user_042fae0b12,0.0004528301886792453,0.0
user_42656e37f2,0.0003018867924528302,0.0
user_0425add983,0.0003018867924528302,0.0
user_cd9bc53195,0.0001509433962264151,0.0
user_8a4040905f,0.0004528301886792453,0.0
user_191f3140cb,0.0001509433962264151,0.0
user_d8d9c678f5,0.0001509433962264151,0.0
user_c142f406a6,0.0003018867924528302,0.0
user_4eb62b537d,0.0003018867924528302,0.0
user_437fe3d242,0.0001509433962264151,0.0
user_7635fb852a,0.0001509433962264151,0.0
user_92895c1021,0.0001509433962264151,0.0
user_fe9a802b35,0.0001509433962264151,0.0
user_c8998f09e9,0.0003018867924528302,0.0
user_a3455b8808,0.0001509433962264151,0.0
user_25faddd69a,0.0001509433962264151,0.0
user_9e5d1219e3,0.0001509433962264151,0.0
user_05fac048e2,0.0003018867924528302,0.0
user_856f76fbc1,0.0001509433962264151,0.0
user_0f3bdd4a81,0.0001509433962264151,0.0
user_7e0871a98a,0.0001509433962264151,0.0
user_7f05172983,0.0004528301886792453,0.0
user_0820224dc8,0.0001509433962264151,0.0
user_e5a15c381c,0.0001509433962264151,0.0
user_94cf6402d9,0.0001509433962264151,0.0
user_2137f391f9,0.0004528301886792453,0.0
user_e10261a0d1,0.0006037735849056604,0.0
user_467f893ef6,0.0001509433962264151,0.0
user_1088f48c56,0.001509433962264151,0.0
user_7b59b9ac7d,0.0001509433962264151,0.0
user_b295e80b75,0.0001509433962264151,0.0
user_d1563ac156,0.0003018867924528302,0.0
user_0526cf30dd,0.0001509433962264151,0.0
user_fa2ff48e93,0.0001509433962264151,0.0
user_94465df4cf,0.0001509433962264151,0.0
user_629e9d3573,0.0009056603773584906,0.0
user_a86a30b23f,0.0001509433962264151,0.0
user_e90f42358d,0.0001509433962264151,0.0
user_efc9fc49a9,0.0001509433962264151,0.0
user_7e21a14bfc,0.0001509433962264151,0.0
user_378a54f733,0.0003018867924528302,0.0
user_d04a60e1eb,0.0001509433962264151,0.0
user_5a53b92f80,0.0001509433962264151,0.0
user_79e5663601,0.0006037735849056604,0.0
user_2b1843256c,0.0001509433962264151,0.0
user_b0e0840541,0.0001509433962264151,0.0
user_223b7351cd,0.0004528301886792453,0.0
user_f96e39f093,0.0001509433962264151,0.0
user_81681e0200,0.0001509433962264151,0.0
user_50779d0fef,0.0001509433962264151,0.0
user_8f09cf57d4,0.0007547169811320755,0.0
user_bb1aa6dc67,0.0012075471698113208,0.0
user_c52da8002d,0.0004528301886792453,0.0
user_f8359d2a66,0.0001509433962264151,0.0
user_3e4ae3f45f,0.0003018867924528302,0.0
user_4e9382a9c8,0.0001509433962264151,0.0
user_c2dd39040a,0.0001509433962264151,0.0
user_862cd67dd0,0.0001509433962264151,0.0
user_d25561f6d3,0.0001509433962264151,0.0
user_dff9d1adfa,0.0001509433962264151,0.0
user_70f3d21e78,0.0001509433962264151,0.0
user_a56b2f83af,0.0003018867924528302,0.0
user_e3354e4e8f,0.0001509433962264151,0.0
user_b4fc811ec0,0.0001509433962264151,0.0
user_67bbe3e80e,0.0001509433962264151,0.0
user_62d98e2339,0.0004528301886792453,0.0
user_ae98994ebf,0.0003018867924528302,0.0
user_8c68e8ffaf,0.0003018867924528302,0.0
user_933b6a12a6,0.0001509433962264151,0.0
user_cabb6c6db3,0.0003018867924528302,0.0
user_d9a65c7071,0.0001509433962264151,0.0
user_94fcfe9a49,0.0001509433962264151,0.0
user_2a9cababb9,0.0001509433962264151,0.0
user_e2abe3466e,0.0001509433962264151,0.0
user_25b4e1f93d,0.0001509433962264151,0.0
user_aa41bf3fbc,0.0001509433962264151,0.0
user_0bdca81c5b,0.0001509433962264151,0.0
user_6fb521a309,0.0001509433962264151,0.0
user_42eb85035f,0.0001509433962264151,0.0
user_8e2cc56604,0.0001509433962264151,0.0
user_192cf690a2,0.0001509433962264151,0.0
user_56b6fd8f53,0.0001509433962264151,0.0
user_8442f227ce,0.0001509433962264151,0.0
user_e2848509bc,0.0001509433962264151,0.0
user_3e34f220cd,0.0003018867924528302,0.0
user_8160b52057,0.0001509433962264151,0.0
user_bea37e3f98,0.0001509433962264151,0.0
user_b1a8692b33,0.0001509433962264151,0.0
user_9d0805a158,0.0001509433962264151,0.0
user_18976e6806,0.0010566037735849057,0.0
user_184f7baf88,0.0003018867924528302,0.0
user_838f0a2fd5,0.0001509433962264151,0.0
user_2f466cefb1,0.0001509433962264151,0.0
user_9ed3d890ec,0.0001509433962264151,0.0
user_6847bfacb5,0.0001509433962264151,0.0
user_949e48dfb2,0.0010566037735849057,0.0
user_c22c62ba34,0.0001509433962264151,0.0
user_973b96d0ab,0.0001509433962264151,0.0
user_e7809992da,0.0001509433962264151,0.0
user_fed6d8b957,0.0001509433962264151,0.0
user_03b5b685eb,0.0001509433962264151,0.0
user_7a8c19a476,0.03773584905660378,0.0
user_5dc97d06af,0.003018867924528302,0.0
user_917d19d8dd,0.0001509433962264151,0.0
user_56f0ac7019,0.0001509433962264151,0.0
user_affe441da3,0.0001509433962264151,0.0
user_b9d659b99b,0.0001509433962264151,0.0
user_896955f33d,0.0001509433962264151,0.0
user_5f8371c4ab,0.0001509433962264151,0.0
user_52d77b24e8,0.0001509433962264151,0.0
user_da9f0598ea,0.0004528301886792453,0.0
user_29c3ffc806,0.0001509433962264151,0.0
user_54ffd6caa7,0.0061886792452830195,0.0
user_0e8ff8b339,0.0001509433962264151,0.0
user_f142389c61,0.0003018867924528302,0.0
user_b66459bfb2,0.0004528301886792453,0.0
user_00eb2934a7,0.0024150943396226416,0.0
user_2d473685b6,0.0003018867924528302,0.0
user_aaab42efcc,0.0001509433962264151,0.0
user_4322368304,0.0001509433962264151,0.0
user_2157f1b791,0.0001509433962264151,0.0
user_d86bf16867,0.0004528301886792453,0.0
user_2155aa303b,0.0001509433962264151,0.0
user_9c1daaa08e,0.0003018867924528302,0.0
user_464b9605c4,0.0001509433962264151,0.0
user_c8c7d89eda,0.0018113207547169811,0.0
user_8e6a9b272c,0.0001509433962264151,0.0
user_d39f8d4009,0.0001509433962264151,0.0
user_193f117192,0.0001509433962264151,0.0
user_98498296c4,0.0001509433962264151,0.0
user_0463074c46,0.0001509433962264151,0.0
user_8d5c7adfdb,0.0003018867924528302,0.0
user_1738482640,0.0001509433962264151,0.0
user_f4690597cb,0.0004528301886792453,0.0
user_798329a63a,0.0003018867924528302,0.0
user_37bc3e6768,0.0001509433962264151,0.0
user_b4a2a4a0b8,0.0001509433962264151,0.0
user_2b4f1da654,0.0019622641509433963,0.0
user_5133d462d1,0.0004528301886792453,0.0
user_232b9c08a5,0.0003018867924528302,0.0
user_f7d72a0914,0.0006037735849056604,0.0
user_af324fbdb9,0.0006037735849056604,0.0
user_9dcbfad574,0.0004528301886792453,0.0
user_9bf84d18ac,0.0001509433962264151,0.0
user_688374f504,0.0001509433962264151,0.0
user_4af8a97ce1,0.0003018867924528302,0.0
user_1366634194,0.0001509433962264151,0.0
user_62b5495ac0,0.0004528301886792453,0.0
user_1193148973,0.0003018867924528302,0.0
user_f880186362,0.0003018867924528302,0.0
user_76714c57d4,0.0001509433962264151,0.0
user_e5eeed7075,0.0001509433962264151,0.0
user_348a5cc39c,0.0003018867924528302,0.0
user_1c57aac847,0.0001509433962264151,0.0
user_ac863f912e,0.0001509433962264151,0.0
user_88abc50f7f,0.0001509433962264151,0.0
user_82d7cd75b8,0.0003018867924528302,0.0
user_b91bfc9258,0.0003018867924528302,0.0
user_4b0af2c79f,0.0001509433962264151,0.0
user_a13a33c22e,0.0001509433962264151,0.0
user_5b060bde0c,0.0001509433962264151,0.0
user_46cdbd0aa3,0.0001509433962264151,0.0
user_62a5d95e8f,0.0001509433962264151,0.0
user_0b83e2239d,0.0001509433962264151,0.0
user_42dd8b1c59,0.0001509433962264151,0.0
user_99d56c2e93,0.0004528301886792453,0.0
user_fc9d848bff,0.0001509433962264151,0.0
user_804446c759,0.0004528301886792453,0.0
user_6e48a8f378,0.0001509433962264151,0.0
user_7b60d150a4,0.0001509433962264151,0.0
user_e3c7da53a7,0.0001509433962264151,0.0
user_63275a9311,0.0003018867924528302,0.0
user_912183ece4,0.0001509433962264151,0.0
user_c096b324b1,0.0001509433962264151,0.0
user_01b9734fce,0.0001509433962264151,0.0
user_e28761785b,0.0003018867924528302,0.0
user_d885877921,0.0003018867924528302,0.0
user_8a0a80f544,0.0001509433962264151,0.0
user_ca9aeff26d,0.0001509433962264151,0.0
user_1d553d3637,0.0004528301886792453,0.0
user_09f2db5a49,0.0003018867924528302,0.0
user_eca185bcb8,0.0001509433962264151,0.0
user_c162dae5fe,0.0001509433962264151,0.0
user_66ba594323,0.0001509433962264151,0.0
user_816c446ccd,0.0001509433962264151,0.0
user_95d998e5fd,0.0001509433962264151,0.0
user_18480ff2bb,0.0001509433962264151,0.0
user_533adce040,0.0004528301886792453,0.0
user_5f195b9b34,0.0001509433962264151,0.0
user_9a4a5e7685,0.0001509433962264151,0.0
user_a40e0759a2,0.0001509433962264151,0.0
user_c0941b4c0c,0.0001509433962264151,0.0
user_fa27a00832,0.0001509433962264151,0.0
user_a59ab07f38,0.0003018867924528302,0.0
user_88fc6325bf,0.0001509433962264151,0.0
user_b55a92f7db,0.0001509433962264151,0.0
user_bf18c5faac,0.0003018867924528302,0.0
user_c55e925dda,0.0001509433962264151,0.0
user_2b705236d2,0.0001509433962264151,0.0
user_26a19b25cc,0.0003018867924528302,0.0
user_1bd3a9686c,0.0001509433962264151,0.0
user_b50dafc5d5,0.0001509433962264151,0.0
user_3029357d54,0.0001509433962264151,0.0
user_615ca9f6f5,0.0003018867924528302,0.0
user_9d0fee70b0,0.0003018867924528302,0.0
user_2705adeefa,0.0001509433962264151,0.0
user_8af81f206b,0.0001509433962264151,0.0
user_53b4b8db11,0.0003018867924528302,0.0
user_ea6e0d5446,0.0003018867924528302,0.0
user_d1437c2a0f,0.0001509433962264151,0.0
user_89ad63df46,0.0003018867924528302,0.0
user_5ceb087bbc,0.0003018867924528302,0.0
user_fa67163d2d,0.0001509433962264151,0.0
user_8de6f63e34,0.0001509433962264151,0.0
user_db36d45d55,0.0001509433962264151,0.0
user_13b38fc27a,0.0004528301886792453,0.0
user_e08fc19379,0.0001509433962264151,0.0
user_e9af761c54,0.0001509433962264151,0.0
user_894d9c0ed9,0.0001509433962264151,0.0
user_e81a381a57,0.0001509433962264151,0.0
user_be4e41819c,0.0003018867924528302,0.0
user_e95b4ee2a2,0.0003018867924528302,0.0
user_7231b7da22,0.0001509433962264151,0.0
user_c99655e42a,0.0006037735849056604,0.0
user_70a08349c2,0.0001509433962264151,0.0
user_a2f7da67ff,0.0003018867924528302,0.0
user_39923b557a,0.0001509433962264151,0.0
user_db9709988f,0.0003018867924528302,0.0
user_79ec27ad7b,0.0004528301886792453,0.0
user_9767d85a75,0.0003018867924528302,0.0
user_17f473e5cb,0.0006037735849056604,0.0
user_2e1dcdc182,0.0001509433962264151,0.0
user_8d62d7e9e7,0.0001509433962264151,0.0
user_e89fdfcb9c,0.0003018867924528302,0.0
user_70743a4e74,0.0001509433962264151,0.0
user_7dcbf7921d,0.0001509433962264151,0.0
user_e4c249a8d0,0.0001509433962264151,0.0
user_d88f7b6a7c,0.0004528301886792453,0.0
user_2d90507214,0.0001509433962264151,0.0
user_38015021a1,0.0001509433962264151,0.0
user_fa4d1c4a15,0.0003018867924528302,0.0
user_e0a8f0c7ca,0.0001509433962264151,0.0
user_aa1b612273,0.0001509433962264151,0.0
user_29e727187b,0.0001509433962264151,0.0
user_2012c7681e,0.0001509433962264151,0.0
user_9a2dcceb33,0.0003018867924528302,0.0
user_4937f542d2,0.0001509433962264151,0.0
user_58864628bb,0.0003018867924528302,0.0
user_46056b0b8b,0.0001509433962264151,0.0
user_ad220939b4,0.0003018867924528302,0.0
user_b9975277e5,0.0003018867924528302,0.0
user_c4f13604df,0.0001509433962264151,0.0
user_d59f56fcb9,0.0001509433962264151,0.0
user_1c9e34cdb7,0.0001509433962264151,0.0
user_5b676d053f,0.0001509433962264151,0.0
user_3fe7c99641,0.0006037735849056604,0.0
user_5e6804fdde,0.0001509433962264151,0.0
user_fef63e6886,0.0001509433962264151,0.0
user_f5afaa0ad9,0.0012075471698113208,0.0
user_b8b83011cc,0.0001509433962264151,0.0
user_f0e019a3da,0.0001509433962264151,0.0
user_3738eae4e3,0.0003018867924528302,0.0
user_abad65e617,0.0004528301886792453,0.0
user_cece7cdc13,0.0001509433962264151,0.0
user_f88e621caf,0.0001509433962264151,0.0
user_51336c052e,0.0001509433962264151,0.0
user_dcdeae4e82,0.0001509433962264151,0.0
user_4957a180bb,0.0006037735849056604,0.0
user_26da2e1ff1,0.001358490566037736,0.0
user_3c8851b411,0.0001509433962264151,0.0
user_3356a36a65,0.009207547169811321,0.0
user_49c2787fc5,0.0001509433962264151,0.0
user_e6340a87d8,0.001358490566037736,0.0
user_a955298c58,0.0004528301886792453,0.0
user_767c825f76,0.0001509433962264151,0.0
user_5980c04490,0.0001509433962264151,0.0
user_56a64aeac0,0.0003018867924528302,0.0
user_d043d78525,0.0003018867924528302,0.0
user_4d8d1ac90a,0.0001509433962264151,0.0
user_70d46f1bba,0.0001509433962264151,0.0
user_01121c79c3,0.0001509433962264151,0.0
user_b3bb6cf5b8,0.0001509433962264151,0.0
user_0b95127c93,0.0003018867924528302,0.0
user_5447cc5ea5,0.0003018867924528302,0.0
user_ae85d30895,0.0001509433962264151,0.0
user_db3457bb85,0.0034716981132075476,0.0
user_1f3ff38d24,0.0001509433962264151,0.0
user_bcd54dab68,0.0001509433962264151,0.0
user_32215da9df,0.0003018867924528302,0.0
user_e25ddd1959,0.0004528301886792453,0.0
user_e234b8f928,0.0001509433962264151,0.0
user_b05f28e17e,0.0003018867924528302,0.0
user_030853a72b,0.0006037735849056604,0.0
user_cf77e6746e,0.0001509433962264151,0.0
user_a2985d2fde,0.0003018867924528302,0.0
user_b9c00c186d,0.0001509433962264151,0.0
user_7b9c899e05,0.0003018867924528302,0.0
user_bceae63d73,0.0003018867924528302,0.0
user_bced9eb81d,0.0001509433962264151,0.0
user_31d9c18f17,0.0001509433962264151,0.0
user_43ce00099c,0.0001509433962264151,0.0
user_3f97ec1e47,0.0003018867924528302,0.0
user_ecdec1a095,0.015849056603773587,0.0
user_c12dafee6c,0.0001509433962264151,0.0
user_dfab2ee120,0.0004528301886792453,0.0
user_b6a866af0a,0.0001509433962264151,0.0
user_2701912bba,0.0003018867924528302,0.0
user_b374ee25b4,0.0001509433962264151,0.0
user_39cb400a7b,0.0001509433962264151,0.0
user_d930d92dc4,0.0003018867924528302,0.0
user_c5611ff095,0.0003018867924528302,0.0
user_88b26897cb,0.0006037735849056604,0.0
user_26de11d8ac,0.0001509433962264151,0.0
user_91474b4d67,0.0003018867924528302,0.0
user_86bae9adbe,0.0001509433962264151,0.0
user_f759e66b6b,0.0001509433962264151,0.0
user_88e2a7e949,0.0001509433962264151,0.0
user_92b2c81504,0.0001509433962264151,0.0
user_55ca114bbe,0.0001509433962264151,0.0
user_0978ff21ae,0.0004528301886792453,0.0
user_71aac85741,0.0001509433962264151,0.0
user_b747212e8e,0.0007547169811320755,0.0
user_332d207118,0.0003018867924528302,0.0
user_61909a5d75,0.0001509433962264151,0.0
user_aec1c286b8,0.0001509433962264151,0.0
user_c475ad4728,0.0001509433962264151,0.0
user_2e04f82642,0.0001509433962264151,0.0
user_eba267ac1a,0.0001509433962264151,0.0
user_fc9b61b4cb,0.0003018867924528302,0.0
user_9c2673728e,0.0001509433962264151,0.0
user_74db5a88e9,0.0001509433962264151,0.0
user_d2fe9acd52,0.0003018867924528302,0.0
user_93e8737e62,0.0001509433962264151,0.0
user_537eace524,0.0001509433962264151,0.0
user_f8f55d538b,0.0003018867924528302,0.0
user_547bd365c0,0.0003018867924528302,0.0
user_9293d310f1,0.0004528301886792453,0.0
user_b67b0d2ed9,0.0001509433962264151,0.0
user_037ef23214,0.0001509433962264151,0.0
user_fe74b4a206,0.0001509433962264151,0.0
user_b2cbf252ec,0.0004528301886792453,0.0
user_d080823d0a,0.0004528301886792453,0.0
user_dd51a0d558,0.0001509433962264151,0.0
user_3c3e139ffb,0.0001509433962264151,0.0
user_132bcbb4e3,0.0001509433962264151,0.0
user_c1266b4fd7,0.0001509433962264151,0.0
user_c5b7bd1b20,0.0007547169811320755,0.0
user_cd3c306df8,0.0001509433962264151,0.0
user_3d9dffef03,0.0001509433962264151,0.0
user_4b0dde5f67,0.0001509433962264151,0.0
user_96dd86a6f5,0.002867924528301887,0.0
user_88ea78c118,0.0001509433962264151,0.0
user_cd2984564e,0.0001509433962264151,0.0
user_57bd624fc9,0.0003018867924528302,0.0
user_aa30ecdbef,0.0004528301886792453,0.0
user_1bdb8fa3b4,0.0001509433962264151,0.0
user_69a3b9e4de,0.001509433962264151,0.0
user_6512d74ee7,0.0003018867924528302,0.0
user_7c066aa463,0.0001509433962264151,0.0
user_5f37f7caec,0.0001509433962264151,0.0
user_985f8a8ae6,0.0003018867924528302,0.0
user_94c4c17542,0.0001509433962264151,0.0
user_cfb58efa35,0.0001509433962264151,0.0
user_da00c737a8,0.0001509433962264151,0.0
user_6b97e24281,0.0001509433962264151,0.0
user_ff72d2680c,0.0001509433962264151,0.0
user_c8932edff6,0.0001509433962264151,0.0
user_83e5345e92,0.0003018867924528302,0.0
user_fc30c954f0,0.0006037735849056604,0.0
user_c1ee15442b,0.0001509433962264151,0.0
user_44572c0470,0.0001509433962264151,0.0
user_6acd1e6c5d,0.0003018867924528302,0.0
user_644331ede0,0.0003018867924528302,0.0
user_83995757e2,0.0001509433962264151,0.0
user_d6c1d34d47,0.0003018867924528302,0.0
user_a7c2659b7b,0.0003018867924528302,0.0
user_899a415d75,0.0001509433962264151,0.0
user_54ee2eabff,0.0001509433962264151,0.0
user_9fafe8fab3,0.0001509433962264151,0.0
user_fa004aa2b8,0.0003018867924528302,0.0
user_814393a164,0.0003018867924528302,0.0
user_67fed037ea,0.0001509433962264151,0.0
user_22ac46fdff,0.0001509433962264151,0.0
user_077e874a7b,0.0001509433962264151,0.0
user_04450c5b1e,0.004226415094339623,0.0
user_61f693cdad,0.0001509433962264151,0.0
user_7ce6e6327c,0.0001509433962264151,0.0
user_560269641d,0.0001509433962264151,0.0
user_85ca6ae442,0.0001509433962264151,0.0
user_e5ee84d70d,0.0001509433962264151,0.0
user_6c34817081,0.0001509433962264151,0.0
user_8d34edf268,0.0003018867924528302,0.0
user_cb6bfa3c34,0.0001509433962264151,0.0
user_109a72ce2e,0.0001509433962264151,0.0
user_6ee52ca64b,0.0001509433962264151,0.0
user_48852e49d0,0.0012075471698113208,0.0
user_d13e0dd051,0.0010566037735849057,0.0
user_dd12a10e9b,0.0006037735849056604,0.0
user_7a6235f40d,0.0001509433962264151,0.0
user_78e27c1746,0.0001509433962264151,0.0
user_29cf82ffc5,0.0001509433962264151,0.0
user_216d23cdf5,0.0001509433962264151,0.0
user_041a6be3c4,0.0003018867924528302,0.0
user_1126aa4e03,0.0003018867924528302,0.0
user_6974053cc2,0.0001509433962264151,0.0
user_85fe9a31ab,0.0004528301886792453,0.0
user_26373f1af4,0.0004528301886792453,0.0
user_7a64fa4915,0.0001509433962264151,0.0
user_0c93bcf611,0.0006037735849056604,0.0
user_d4bb0372e0,0.0001509433962264151,0.0
user_bd3442e9f4,0.0003018867924528302,0.0
user_58851f08b3,0.0001509433962264151,0.0
user_13803bbc38,0.0003018867924528302,0.0
user_f0f57a48c8,0.0001509433962264151,0.0
user_7fe134974a,0.0001509433962264151,0.0
user_771271d11a,0.0001509433962264151,0.0
user_d88e92d0b5,0.0003018867924528302,0.0
user_5dfa78e656,0.0001509433962264151,0.0
user_5ee834f554,0.0001509433962264151,0.0
user_32d1c121cf,0.0001509433962264151,0.0
user_c352839203,0.0001509433962264151,0.0
user_341cca2959,0.0001509433962264151,0.0
user_80cea1e2a1,0.0001509433962264151,0.0
user_b3d1feaba8,0.0003018867924528302,0.0
user_a3446408f5,0.0001509433962264151,0.0
user_542c263c33,0.0003018867924528302,0.0
user_32b643a683,0.0003018867924528302,0.0
user_b2bcfc1192,0.0003018867924528302,0.0
user_3153125e9b,0.0001509433962264151,0.0
user_4e8bb4d33c,0.0001509433962264151,0.0
user_4ec8db9ad3,0.0001509433962264151,0.0
user_f877760ead,0.0001509433962264151,0.0
user_bcce3df42d,0.0001509433962264151,0.0
user_464099daa1,0.0003018867924528302,0.0
user_364d8e0bfc,0.0010566037735849057,0.0
user_ae176b84f7,0.0003018867924528302,0.0
user_48cd53690e,0.0004528301886792453,0.0
user_1a48362595,0.0001509433962264151,0.0
user_c6614b7807,0.0001509433962264151,0.0
user_3130d81f4b,0.0001509433962264151,0.0
user_d073a04d4d,0.0001509433962264151,0.0
user_c66b5baf81,0.0001509433962264151,0.0
user_4421fe9ac4,0.0001509433962264151,0.0
user_29f79d168f,0.0001509433962264151,0.0
user_027c4f6e90,0.0001509433962264151,0.0
user_c7de25500b,0.0003018867924528302,0.0
user_d853dedd46,0.0001509433962264151,0.0
user_b1717b3434,0.0001509433962264151,0.0
user_226f3d6c62,0.0001509433962264151,0.0
user_8c57552f8d,0.0003018867924528302,0.0
user_4e05391acf,0.0001509433962264151,0.0
user_b3bdc10669,0.0003018867924528302,0.0
user_e0d0ac22ec,0.0001509433962264151,0.0
user_ac8dc030f6,0.0001509433962264151,0.0
user_249c5048f4,0.0003018867924528302,0.0
user_4d0b33d548,0.0004528301886792453,0.0
user_b1ed6cd1c3,0.0001509433962264151,0.0
user_b49c28b243,0.0001509433962264151,0.0
user_9d97d5dc3b,0.0003018867924528302,0.0
user_b5b37d0f44,0.0003018867924528302,0.0
user_e9589c1a31,0.001358490566037736,0.0
user_1c9692caca,0.0001509433962264151,0.0
user_1c256c14d0,0.0003018867924528302,0.0
user_d0dcf47d8e,0.0001509433962264151,0.0
user_4030857526,0.0001509433962264151,0.0
user_18163f0533,0.0001509433962264151,0.0
user_8ac8ab3c3e,0.0001509433962264151,0.0
user_9b9924a8dd,0.0001509433962264151,0.0
user_ac4b1dc0b2,0.0001509433962264151,0.0
user_bd660fa2c0,0.0003018867924528302,0.0
user_8ea1dffc48,0.0006037735849056604,0.0
user_b2bc61081c,0.0003018867924528302,0.0
user_0f9ba6c2d6,0.0003018867924528302,0.0
user_90af5698ab,0.0003018867924528302,0.0
user_e59c94fea2,0.0006037735849056604,0.0
user_ab308f0891,0.0007547169811320755,0.0
user_6d057d23b5,0.0001509433962264151,0.0
user_9bfedf9f64,0.0001509433962264151,0.0
user_dd502b73cf,0.0001509433962264151,0.0
user_2d2555b939,0.0001509433962264151,0.0
user_7a7d5bdb8f,0.0003018867924528302,0.0
user_1c978c5a22,0.0001509433962264151,0.0
user_4e446fdf4e,0.0001509433962264151,0.0
user_bcc2b9c122,0.0001509433962264151,0.0
user_b055d0fdbb,0.0001509433962264151,0.0
user_d5407fb368,0.0001509433962264151,0.0
user_26bf1ecb9f,0.0001509433962264151,0.0
user_c942c3fd77,0.0001509433962264151,0.0
user_43db215259,0.0003018867924528302,0.0
user_a89820bbec,0.0001509433962264151,0.0
user_27b873754a,0.0012075471698113208,0.0
user_ce7dc2fbe3,0.0003018867924528302,0.0
user_46a929637d,0.0010566037735849057,0.0
user_321c0db10d,0.0001509433962264151,0.0
user_31a12ac53f,0.0001509433962264151,0.0
user_26684849ee,0.0001509433962264151,0.0
user_0be19ec4c2,0.0001509433962264151,0.0
user_4db681d565,0.0001509433962264151,0.0
user_72c29b43ce,0.0004528301886792453,0.0
user_85daa82880,0.0006037735849056604,0.0
user_4fed8f3a3f,0.0004528301886792453,0.0
user_7e32b216e4,0.0001509433962264151,0.0
user_e58109730b,0.0001509433962264151,0.0
user_553886967a,0.0001509433962264151,0.0
user_da43f7b186,0.0001509433962264151,0.0
user_a306fc6a7f,0.0003018867924528302,0.0
user_836b7dd88c,0.0001509433962264151,0.0
user_0dba735b8b,0.0003018867924528302,0.0
user_e2f3b7be74,0.0001509433962264151,0.0
user_5c59bf6dde,0.0001509433962264151,0.0
user_58b2990ab5,0.0001509433962264151,0.0
user_e989bb54b7,0.0003018867924528302,0.0
user_f31ec28d3c,0.0001509433962264151,0.0
user_f21d0116e2,0.0001509433962264151,0.0
user_fe5e45c09f,0.0001509433962264151,0.0
user_2ced82f12d,0.0001509433962264151,0.0
user_becaea866e,0.0001509433962264151,0.0
user_b3f2505fc1,0.0004528301886792453,0.0
user_3177358a27,0.0001509433962264151,0.0
user_b14edb661c,0.0001509433962264151,0.0
user_1d2ea3b2c0,0.0001509433962264151,0.0
user_f0b6c7d749,0.0001509433962264151,0.0
user_fd906d9ca2,0.0001509433962264151,0.0
user_c419bffb5a,0.0003018867924528302,0.0
user_c44825be35,0.0001509433962264151,0.0
user_84ad123de5,0.0001509433962264151,0.0
user_fe8f92dc2b,0.0001509433962264151,0.0
user_eb6a1d93d2,0.0001509433962264151,0.0
user_73c5503ccf,0.0003018867924528302,0.0
user_2e73f24995,0.0001509433962264151,0.0
user_bcd726da63,0.0001509433962264151,0.0
user_d00fd5034d,0.0001509433962264151,0.0
user_4058fb09d7,0.0003018867924528302,0.0
user_39d82aedb0,0.0001509433962264151,0.0
user_b9a70b1d06,0.0001509433962264151,0.0
user_d23036f0f0,0.0001509433962264151,0.0
user_3179d9292a,0.0001509433962264151,0.0
user_5e0b80bf68,0.0004528301886792453,0.0
user_81e5471d4b,0.0001509433962264151,0.0
user_308de2437f,0.0001509433962264151,0.0
user_0b59445679,0.0001509433962264151,0.0
user_8ba83f669e,0.0001509433962264151,0.0
user_50d8585543,0.0001509433962264151,0.0
user_3fd24dd3a0,0.0001509433962264151,0.0
user_1b30a516c6,0.0001509433962264151,0.0
user_d35035dfdd,0.0001509433962264151,0.0
user_557dc254c2,0.0001509433962264151,0.0
user_94be53b0e1,0.0003018867924528302,0.0
user_cfed7b8c01,0.0006037735849056604,0.0
user_949024ee23,0.0003018867924528302,0.0
user_820a1daaf9,0.00739622641509434,0.0
user_7dc76b61f5,0.0003018867924528302,0.0
user_b986e6ade5,0.0001509433962264151,0.0
user_cc69efb98b,0.0003018867924528302,0.0
user_b8371f400a,0.0001509433962264151,0.0
user_5c23f2201d,0.0001509433962264151,0.0
user_d2d892a912,0.0001509433962264151,0.0
user_a377642a78,0.0001509433962264151,0.0
user_ba0a9b434a,0.0003018867924528302,0.0
user_b8314916de,0.0003018867924528302,0.0
user_ce96243d42,0.0003018867924528302,0.0
user_e637be5846,0.0003018867924528302,0.0
user_33865798d4,0.0001509433962264151,0.0
user_934f2089ff,0.0001509433962264151,0.0
user_e047d7f202,0.0001509433962264151,0.0
user_80fbd648d7,0.0001509433962264151,0.0
user_5011714395,0.0003018867924528302,0.0
user_919d3f6452,0.0003018867924528302,0.0
user_622368b9d4,0.0003018867924528302,0.0
user_ac0b312ea4,0.0001509433962264151,0.0
user_c3e8bc40fe,0.0003018867924528302,0.0
user_82b6491384,0.0001509433962264151,0.0
user_807b8b5b01,0.0001509433962264151,0.0
user_213db5898e,0.0001509433962264151,0.0
user_854248c574,0.0001509433962264151,0.0
user_9dbdc36c16,0.0001509433962264151,0.0
user_3ea22243aa,0.0003018867924528302,0.0
user_41b5938a05,0.0003018867924528302,0.0
user_2f2cff924e,0.0001509433962264151,0.0
user_5a8c2d4a9e,0.0001509433962264151,0.0
user_2226e2ebe7,0.0001509433962264151,0.0
user_e8fd3090d3,0.0003018867924528302,0.0
user_bc60182a7e,0.0003018867924528302,0.0
user_1994a40719,0.0004528301886792453,0.0
user_304838bf23,0.0001509433962264151,0.0
user_415b6e175d,0.0001509433962264151,0.0
user_026235b563,0.001509433962264151,0.0
user_6d5fe4f168,0.0001509433962264151,0.0
user_d5321ce3fa,0.0001509433962264151,0.0
user_8e75ced5aa,0.0001509433962264151,0.0
user_da74bc0f37,0.0003018867924528302,0.0
user_a0596c64f5,0.0001509433962264151,0.0
user_2276bc6cf2,0.0001509433962264151,0.0
user_bb829cc842,0.0001509433962264151,0.0
user_b514a1a555,0.0003018867924528302,0.0
user_726cb08ed3,0.0001509433962264151,0.0
user_18f7581d62,0.0001509433962264151,0.0
user_6e6378fbd6,0.0003018867924528302,0.0
user_bd19ed4ef2,0.0006037735849056604,0.0
user_c3569bac71,0.0003018867924528302,0.0
user_216dbaef0c,0.0003018867924528302,0.0
user_225a95cd08,0.0001509433962264151,0.0
user_3859199ba6,0.0003018867924528302,0.0
user_335b14878b,0.0003018867924528302,0.0
user_4bb5a461d6,0.0001509433962264151,0.0
user_dc3c6dde7c,0.0001509433962264151,0.0
user_bb83de6656,0.0001509433962264151,0.0
user_1fc71f53ab,0.0001509433962264151,0.0
user_d3f60a68b9,0.0001509433962264151,0.0
user_a393ad2688,0.0001509433962264151,0.0
user_22e4987d98,0.0001509433962264151,0.0
user_c593bc7b35,0.0001509433962264151,0.0
user_36ec1b113a,0.0004528301886792453,0.0
user_77b7ea83cc,0.0004528301886792453,0.0
user_aa12e712cd,0.0001509433962264151,0.0
user_e7df5a9aba,0.0001509433962264151,0.0
user_cad443a973,0.0003018867924528302,0.0
user_25ebd171c7,0.0001509433962264151,0.0
user_3277c6a492,0.0001509433962264151,0.0
user_2198573303,0.0001509433962264151,0.0
user_36d01cc8e2,0.0003018867924528302,0.0
user_d00e42b09a,0.0001509433962264151,0.0
user_ae29243098,0.0003018867924528302,0.0
user_ffe2db1548,0.0001509433962264151,0.0
user_3e8e4f8a7c,0.0001509433962264151,0.0
user_64e5535302,0.0003018867924528302,0.0
user_1913514ac4,0.0001509433962264151,0.0
user_8eaa83adf2,0.0001509433962264151,0.0
user_d95c74798d,0.0001509433962264151,0.0
user_ace61250a4,0.0001509433962264151,0.0
user_38641cfe28,0.0001509433962264151,0.0
user_ce736a0470,0.0001509433962264151,0.0
user_9e9e536b4f,0.0001509433962264151,0.0
user_f376654367,0.0001509433962264151,0.0
user_33e47e90d1,0.0003018867924528302,0.0
user_c2ba7e9d06,0.0001509433962264151,0.0
user_3b14680fd7,0.0006037735849056604,0.0
user_61ef97d498,0.0001509433962264151,0.0
user_c70e01480f,0.0003018867924528302,0.0
user_7f1e87963a,0.0004528301886792453,0.0
user_7e274f1461,0.0001509433962264151,0.0
user_95110f23b8,0.0004528301886792453,0.0
user_acf2edc765,0.0001509433962264151,0.0
user_1b63230c67,0.0001509433962264151,0.0
user_ff4f9b3121,0.0001509433962264151,0.0
user_35fefbd976,0.0001509433962264151,0.0
user_bb88628b74,0.0001509433962264151,0.0
user_d36d9d6d04,0.0001509433962264151,0.0
user_d197e9a799,0.0001509433962264151,0.0
user_4c8450707e,0.0001509433962264151,0.0
user_c74da7db00,0.0001509433962264151,0.0
user_f1b36babf5,0.0001509433962264151,0.0
user_b93d0684e4,0.0001509433962264151,0.0
user_f4dc30ce98,0.0001509433962264151,0.0
user_e82acb256c,0.0001509433962264151,0.0
user_a0ad357870,0.0001509433962264151,0.0
user_52d5fa11b5,0.0001509433962264151,0.0
user_2155c440fa,0.0003018867924528302,0.0
user_f77f1cd6df,0.0001509433962264151,0.0
user_ee7cc9f611,0.0001509433962264151,0.0
user_57582e3cb1,0.0001509433962264151,0.0
user_20bd1b3cc8,0.0001509433962264151,0.0
user_6c7a59ce87,0.0001509433962264151,0.0
user_2d157bc846,0.0004528301886792453,0.0
user_162dd07263,0.0001509433962264151,0.0
user_b7b829ba6f,0.0003018867924528302,0.0
user_8284566fb0,0.0001509433962264151,0.0
user_223533e8f9,0.0004528301886792453,0.0
user_5905ea1638,0.0001509433962264151,0.0
user_659fa88e80,0.0004528301886792453,0.0
user_8459a25111,0.0001509433962264151,0.0
user_56cdc917b1,0.0001509433962264151,0.0
user_7e388bd15a,0.0003018867924528302,0.0
user_55d984ce13,0.0001509433962264151,0.0
user_40f4a442a6,0.0003018867924528302,0.0
user_f692bfbadc,0.0001509433962264151,0.0
user_8f74d55280,0.0001509433962264151,0.0
user_64c2b48467,0.0003018867924528302,0.0
user_aab2b7ac90,0.0001509433962264151,0.0
user_068a60351f,0.0003018867924528302,0.0
user_01d4814ae9,0.0001509433962264151,0.0
user_fa0d27a712,0.0001509433962264151,0.0
user_ebfe39df00,0.0003018867924528302,0.0
user_51d681eecc,0.0001509433962264151,0.0
user_e6ec6a88b8,0.0003018867924528302,0.0
user_879c465512,0.0003018867924528302,0.0
user_b7d7fd3153,0.0003018867924528302,0.0
user_bffdbfd5eb,0.0003018867924528302,0.0
user_42a80c2de6,0.0001509433962264151,0.0
user_1f166e59b0,0.0001509433962264151,0.0
user_8be07f1e2d,0.0001509433962264151,0.0
user_6bb90519f8,0.0003018867924528302,0.0
user_165fe59526,0.0001509433962264151,0.0
user_0010d2e5cd,0.0003018867924528302,0.0
user_01fcf21757,0.0001509433962264151,0.0
user_6a9fb7381a,0.0001509433962264151,0.0
user_159b39d813,0.0003018867924528302,0.0
user_92cffb45a0,0.0001509433962264151,0.0
user_b9908618f7,0.0001509433962264151,0.0
user_5a4a293fc5,0.0001509433962264151,0.0
user_e6e8dfe27f,0.0001509433962264151,0.0
user_c05a0faaac,0.0001509433962264151,0.0
user_4b6714099c,0.0003018867924528302,0.0
user_9d4d1eab99,0.0001509433962264151,0.0
user_2e296825a9,0.0001509433962264151,0.0
user_9ddeb74b2c,0.0001509433962264151,0.0
user_70c831e7a2,0.0001509433962264151,0.0
user_afbef72a78,0.0003018867924528302,0.0
user_9153d8f592,0.0001509433962264151,0.0
user_3151f27958,0.0001509433962264151,0.0
user_7ac33f8be9,0.0001509433962264151,0.0
user_91738aa601,0.0001509433962264151,0.0
user_7640ead82a,0.0001509433962264151,0.0
user_c647d9d8ef,0.0003018867924528302,0.0
user_8eb359b9fa,0.0001509433962264151,0.0
user_7c85c08452,0.0001509433962264151,0.0
user_42e150df4c,0.0003018867924528302,0.0
user_f3a1b3502f,0.0001509433962264151,0.0
user_d7adb5e9cb,0.0001509433962264151,0.0
user_66b28a6056,0.0001509433962264151,0.0
user_527771716e,0.0001509433962264151,0.0
user_ab1732aaa7,0.0001509433962264151,0.0
user_2a3fe530e4,0.0001509433962264151,0.0
user_b49333c29f,0.0003018867924528302,0.0
user_d44b225a87,0.0001509433962264151,0.0
user_9dc33f7fae,0.0001509433962264151,0.0
user_4066015643,0.0001509433962264151,0.0
user_bf4fdf63ee,0.0001509433962264151,0.0
user_b29b93dc60,0.0001509433962264151,0.0
user_71c39f3440,0.0006037735849056604,0.0
user_80eb4e66f4,0.0003018867924528302,0.0
user_9423370215,0.0003018867924528302,0.0
user_d87e89a0db,0.0001509433962264151,0.0
user_aaa6ebf0ea,0.0001509433962264151,0.0
user_7dbd7ab0d6,0.0001509433962264151,0.0
user_b4a9a461bb,0.0001509433962264151,0.0
user_b6b7ac672f,0.0001509433962264151,0.0
user_eb46fd7273,0.0003018867924528302,0.0
user_2045692097,0.0001509433962264151,0.0
user_3b8e4aa7e2,0.0004528301886792453,0.0
user_ab38b923c1,0.0001509433962264151,0.0
user_a1d91148fc,0.0006037735849056604,0.0
user_ab2de065e3,0.0003018867924528302,0.0
user_4e24ad60f4,0.0001509433962264151,0.0
user_10fc3815a6,0.0001509433962264151,0.0
user_6cd39a645a,0.0004528301886792453,0.0
user_21d2e346e4,0.0003018867924528302,0.0
user_b23dd8c50f,0.0001509433962264151,0.0
user_b7376765f2,0.0001509433962264151,0.0
user_fb6eb2863e,0.0006037735849056604,0.0
user_03d3434ad1,0.0006037735849056604,0.0
user_76bdc8a8c1,0.0001509433962264151,0.0
user_cbe8249647,0.0001509433962264151,0.0
user_d74e6649f6,0.0001509433962264151,0.0
user_a15c4ae768,0.0001509433962264151,0.0
user_2f988dbceb,0.0001509433962264151,0.0
user_dbde8b2369,0.0003018867924528302,0.0
user_043098d85c,0.0001509433962264151,0.0
user_0c3bfb19ef,0.0001509433962264151,0.0
user_34aa4c584b,0.0003018867924528302,0.0
user_812c734f05,0.0001509433962264151,0.0
user_2edda11613,0.0001509433962264151,0.0
user_d47ffbb9cb,0.0003018867924528302,0.0
user_622fc0c2e9,0.0003018867924528302,0.0
user_939d303781,0.0003018867924528302,0.0
user_59f191aa51,0.0004528301886792453,0.0
user_20e9e96063,0.0001509433962264151,0.0
user_cf08a6de56,0.0001509433962264151,0.0
user_0022d6bbce,0.0003018867924528302,0.0
user_ecb115bf1f,0.0001509433962264151,0.0
user_bd38fbaf87,0.0001509433962264151,0.0
user_53fa08d9f0,0.0001509433962264151,0.0
user_9c47a32643,0.0004528301886792453,0.0
user_c5d88e606a,0.0001509433962264151,0.0
user_0e5106e394,0.0001509433962264151,0.0
user_7ab43d90e9,0.0003018867924528302,0.0
user_bd7a15248f,0.0001509433962264151,0.0
user_702d43baf2,0.0001509433962264151,0.0
user_771c7b4235,0.0001509433962264151,0.0
user_9a9a64f61a,0.0004528301886792453,0.0
user_d47290e676,0.0001509433962264151,0.0
user_789dd26f54,0.0001509433962264151,0.0
user_7aebf3addc,0.0001509433962264151,0.0
user_c22b283099,0.0003018867924528302,0.0
user_0b279b1650,0.0001509433962264151,0.0
user_1a7e4f55e3,0.0003018867924528302,0.0
user_4907d14440,0.0001509433962264151,0.0
user_5527a3c477,0.0001509433962264151,0.0
user_20dbcf885e,0.0001509433962264151,0.0
user_03988d84e3,0.0001509433962264151,0.0
user_fde6c2afae,0.0001509433962264151,0.0
user_10d7690d03,0.0004528301886792453,0.0
user_54f39df481,0.0001509433962264151,0.0
user_bdce2b4a22,0.0003018867924528302,0.0
user_0f536950fe,0.0001509433962264151,0.0
user_e66218a188,0.0001509433962264151,0.0
user_f112c5738b,0.0003018867924528302,0.0
user_5087ddc41a,0.0001509433962264151,0.0
user_8c2f2752ec,0.0003018867924528302,0.0
user_0c3c83e25c,0.0001509433962264151,0.0
user_8fa54665c4,0.0003018867924528302,0.0
user_1d2ed98122,0.0003018867924528302,0.0
user_cd39d4a3c7,0.0001509433962264151,0.0
user_137b64de15,0.0003018867924528302,0.0
user_e78827c798,0.0001509433962264151,0.0
user_7a6a7feb00,0.0001509433962264151,0.0
user_b9fe22bb4f,0.0004528301886792453,0.0
user_78b98f2458,0.0001509433962264151,0.0
user_2bc9d450e8,0.0001509433962264151,0.0
user_cd8a90e4ae,0.0001509433962264151,0.0
user_970444924a,0.0001509433962264151,0.0
user_67f5274522,0.0001509433962264151,0.0
user_59c1210a84,0.0001509433962264151,0.0
user_86b5ab4482,0.0001509433962264151,0.0
user_f71508e643,0.0001509433962264151,0.0
user_16e84e698a,0.0003018867924528302,0.0
user_4f87467c6c,0.0003018867924528302,0.0
user_046e7b2562,0.0001509433962264151,0.0
user_8a80d8a11d,0.0001509433962264151,0.0
user_c17349d32c,0.0003018867924528302,0.0
user_0d2baed3e8,0.0001509433962264151,0.0
user_91e1c5ef67,0.0001509433962264151,0.0
user_72b915bda7,0.0001509433962264151,0.0
user_e137c02e77,0.0012075471698113208,0.0
user_16cfc43633,0.0001509433962264151,0.0
user_a149e96092,0.0001509433962264151,0.0
user_e25b63d395,0.0001509433962264151,0.0
user_185fe85d6b,0.0003018867924528302,0.0
user_f4b3ff4aba,0.0001509433962264151,0.0
user_961ecfdf4e,0.0001509433962264151,0.0
user_8a09af7129,0.0001509433962264151,0.0
user_50b936d532,0.0003018867924528302,0.0
user_3a87c714ef,0.0001509433962264151,0.0
user_c15035e338,0.0001509433962264151,0.0
user_9cebb291e2,0.0001509433962264151,0.0
user_e2ec0fdb7e,0.0001509433962264151,0.0
user_f6e53a9bd5,0.0001509433962264151,0.0
user_5ad193da93,0.0001509433962264151,0.0
user_a72594071e,0.0003018867924528302,0.0
user_0468a7b581,0.0001509433962264151,0.0
user_ff04095e5a,0.0001509433962264151,0.0
user_e0b7b20e01,0.0003018867924528302,0.0
user_8e4fc38987,0.0003018867924528302,0.0
user_a85e8e0d21,0.0001509433962264151,0.0
user_b4b918b1de,0.0004528301886792453,0.0
user_cb3dac2192,0.0001509433962264151,0.0
user_b8ef141e74,0.0001509433962264151,0.0
user_5c571125e1,0.0001509433962264151,0.0
user_c5e3c0c5e2,0.0001509433962264151,0.0
user_929cfc8085,0.0001509433962264151,0.0
user_5f410cbd28,0.0003018867924528302,0.0
user_abd4acf9e2,0.0001509433962264151,0.0
user_8685a7ec5e,0.0001509433962264151,0.0
user_28bd323232,0.0003018867924528302,0.0
user_dd0decc008,0.0001509433962264151,0.0
user_516da9c188,0.0001509433962264151,0.0
user_59d439c615,0.0001509433962264151,0.0
user_0dfef56098,0.0001509433962264151,0.0
user_93529b6d82,0.0001509433962264151,0.0
user_78329ccee0,0.0001509433962264151,0.0
user_15d34307ea,0.0001509433962264151,0.0
user_9aea4051e6,0.0001509433962264151,0.0
user_f3c136ec20,0.0003018867924528302,0.0
user_3cf49d2bbc,0.0001509433962264151,0.0
user_4a93a95a6f,0.0003018867924528302,0.0
user_642e048ed6,0.0001509433962264151,0.0
user_7167a79550,0.0003018867924528302,0.0
user_4d37d89f8d,0.0003018867924528302,0.0
user_0488b3da2c,0.0004528301886792453,0.0
user_840002d445,0.0001509433962264151,0.0
user_d414a1b022,0.0001509433962264151,0.0
user_7aa813ec91,0.0012075471698113208,0.0
user_1511543cfe,0.0001509433962264151,0.0
user_b5c1116735,0.0004528301886792453,0.0
user_6d8919f287,0.0001509433962264151,0.0
user_27ee684b8a,0.0001509433962264151,0.0
user_4dd42afc80,0.0001509433962264151,0.0
user_99e0085ac1,0.0003018867924528302,0.0
user_f9a42a6a7c,0.0001509433962264151,0.0
user_b1afe7ab4c,0.0003018867924528302,0.0
user_86270e0559,0.0001509433962264151,0.0
user_5ecb2af1aa,0.0003018867924528302,0.0
user_dd616df8e4,0.0001509433962264151,0.0
user_8041e8a82f,0.0001509433962264151,0.0
user_737c164c59,0.0001509433962264151,0.0
user_ff877d7e14,0.0001509433962264151,0.0
user_cc517a5d7c,0.0001509433962264151,0.0
user_fec9cc342b,0.0001509433962264151,0.0
user_8828c59c0c,0.0003018867924528302,0.0
user_4acbeadf08,0.0001509433962264151,0.0
user_17aa52b6d1,0.0001509433962264151,0.0
user_c1105dc271,0.0003018867924528302,0.0
user_d0dccbc1bc,0.0001509433962264151,0.0
user_afe5d43657,0.0001509433962264151,0.0
user_4e238bef23,0.0001509433962264151,0.0
user_e2e3f1609e,0.0003018867924528302,0.0
user_3f3dbf237a,0.0001509433962264151,0.0
user_8de1cae7e5,0.0001509433962264151,0.0
user_d877a6ef77,0.0004528301886792453,0.0
user_69a22e4e99,0.0001509433962264151,0.0
user_5856dc76be,0.0001509433962264151,0.0
user_97b6798c49,0.0001509433962264151,0.0
user_625a18fa9f,0.0001509433962264151,0.0
user_7a69ff8132,0.0001509433962264151,0.0
user_844fd53a6f,0.0001509433962264151,0.0
user_67acbeb9e7,0.0003018867924528302,0.0
user_541f0cfc07,0.0001509433962264151,0.0
user_00429a5a41,0.0003018867924528302,0.0
user_f17d13b5bc,0.0007547169811320755,0.0
user_0ad997abc9,0.0007547169811320755,0.0
user_ee3f3b6351,0.0004528301886792453,0.0
user_39dcb6d70f,0.0001509433962264151,0.0
user_5582d4c4d8,0.0001509433962264151,0.0
user_03dce8be2e,0.0001509433962264151,0.0
user_6cd8312d2a,0.0001509433962264151,0.0
user_af1ab72cef,0.0001509433962264151,0.0
user_e0725a8255,0.0004528301886792453,0.0
user_2b66bc6af4,0.0003018867924528302,0.0
user_0e69fb9dda,0.0004528301886792453,0.0
user_70194e04c7,0.0004528301886792453,0.0
user_74222284f6,0.0003018867924528302,0.0
user_8874135f94,0.0001509433962264151,0.0
user_048dac8ee2,0.0001509433962264151,0.0
user_5fd39cb79d,0.0006037735849056604,0.0
user_b9174112e7,0.0001509433962264151,0.0
user_1202a67388,0.0004528301886792453,0.0
user_fc7414e339,0.0003018867924528302,0.0
user_f73f7610ff,0.0001509433962264151,0.0
user_dd0ddd7f7b,0.0006037735849056604,0.0
user_94030864b2,0.0001509433962264151,0.0
user_ce6fc7845e,0.0001509433962264151,0.0
user_b145b08133,0.0001509433962264151,0.0
user_7540a57343,0.0001509433962264151,0.0
user_358947ec13,0.0001509433962264151,0.0
user_8744958943,0.0001509433962264151,0.0
user_ec5275fcf3,0.0003018867924528302,0.0
user_503730f47b,0.0001509433962264151,0.0
user_5dcaf5e741,0.0001509433962264151,0.0
user_8a3c64f9a5,0.0001509433962264151,0.0
user_da3a467d97,0.0001509433962264151,0.0
user_de233496c8,0.0001509433962264151,0.0
user_e53cd5e13c,0.0001509433962264151,0.0
user_96cc65ad5f,0.0001509433962264151,0.0
user_7f23ee4623,0.0003018867924528302,0.0
user_6d906af88e,0.0003018867924528302,0.0
user_0043711e34,0.0001509433962264151,0.0
user_0025ba4f28,0.0001509433962264151,0.0
user_ea2a373c88,0.0001509433962264151,0.0
user_eac8a643ab,0.0001509433962264151,0.0
user_e59fdeef59,0.0001509433962264151,0.0
user_4ad7e1a1a7,0.0001509433962264151,0.0
user_0b5092a07b,0.0001509433962264151,0.0
user_5bcd86616b,0.0001509433962264151,0.0
user_6c3065c453,0.0007547169811320755,0.0
user_46f1b3034e,0.0001509433962264151,0.0
user_97edef208b,0.0003018867924528302,0.0
user_822d93051c,0.0001509433962264151,0.0
user_a034997dfb,0.0001509433962264151,0.0
user_b50c80a675,0.0001509433962264151,0.0
user_63c3718ec5,0.0001509433962264151,0.0
user_b2c5222244,0.0001509433962264151,0.0
user_b794bf3a8c,0.0001509433962264151,0.0
user_43c8d0b11e,0.0001509433962264151,0.0
user_e9d29c8218,0.0001509433962264151,0.0
user_4800f4785e,0.0004528301886792453,0.0
user_29be87ffc4,0.0001509433962264151,0.0
user_889379d7b1,0.0003018867924528302,0.0
user_44c502b3a6,0.0001509433962264151,0.0
user_cc9dee6ea9,0.0001509433962264151,0.0
user_4ae77cf817,0.0001509433962264151,0.0
user_8cab960527,0.0003018867924528302,0.0
user_e6da8c6e92,0.0001509433962264151,0.0
user_c14ed171a0,0.0001509433962264151,0.0
user_512f19e522,0.0003018867924528302,0.0
user_4ed111914f,0.0001509433962264151,0.0
user_b542af9c72,0.0001509433962264151,0.0
user_230a7a9d83,0.0001509433962264151,0.0
user_62f3f271e7,0.0001509433962264151,0.0
user_f7015877cb,0.0006037735849056604,0.0
user_ddbfd297ba,0.0003018867924528302,0.0
user_a0d848dc06,0.0001509433962264151,0.0
user_77da568717,0.0001509433962264151,0.0
user_cbd00645bd,0.0006037735849056604,0.0
user_d7faddb19c,0.0009056603773584906,0.0
user_ca59ccb11a,0.0001509433962264151,0.0
user_69cf94a441,0.0001509433962264151,0.0
user_46820a5957,0.0001509433962264151,0.0
user_32ce72e6a9,0.0001509433962264151,0.0
user_5da7412901,0.0003018867924528302,0.0
user_24ecafbc9b,0.0001509433962264151,0.0
user_4c9bffe661,0.0001509433962264151,0.0
user_914bee0022,0.0001509433962264151,0.0
user_7b1ddff4de,0.0006037735849056604,0.0
user_0ca75514a2,0.0003018867924528302,0.0
user_9147ff2dd4,0.0001509433962264151,0.0
user_363e8ad899,0.0001509433962264151,0.0
user_9259fd8d90,0.0001509433962264151,0.0
user_9e737a141a,0.0001509433962264151,0.0
user_82335138f8,0.0001509433962264151,0.0
user_f24ae5bd6f,0.0003018867924528302,0.0
user_c6446ae5b7,0.0004528301886792453,0.0
user_1c0c79530b,0.0001509433962264151,0.0
user_1067aa2558,0.0001509433962264151,0.0
user_48e759c8de,0.0001509433962264151,0.0
user_94e4418c49,0.0001509433962264151,0.0
user_f87b913ea3,0.0001509433962264151,0.0
user_6c2e4a3c1e,0.0001509433962264151,0.0
user_17a6fa1896,0.0001509433962264151,0.0
user_bcaa03ea29,0.0001509433962264151,0.0
user_cfc8048b56,0.0001509433962264151,0.0
user_537bb4ab39,0.0003018867924528302,0.0
user_cf65eae999,0.0001509433962264151,0.0
user_32cc5f4ca1,0.0003018867924528302,0.0
user_9a18889765,0.0001509433962264151,0.0
user_2c21363bd9,0.0001509433962264151,0.0
user_29f944853a,0.0001509433962264151,0.0
user_f0f14aaa34,0.0001509433962264151,0.0
user_fb77d70bd0,0.0001509433962264151,0.0
user_b322e56833,0.0001509433962264151,0.0
user_1747cb0cb5,0.0003018867924528302,0.0
user_c6c294a267,0.0003018867924528302,0.0
user_c28b865793,0.0003018867924528302,0.0
user_0e3362ed3f,0.0001509433962264151,0.0
user_94b85a7704,0.0001509433962264151,0.0
user_aef2001389,0.0001509433962264151,0.0
user_ffcae64c9f,0.0001509433962264151,0.0
user_9ce6c0f609,0.0001509433962264151,0.0
user_326135fd59,0.0001509433962264151,0.0
user_c5899e7ff2,0.0001509433962264151,0.0
user_58758bb37c,0.0001509433962264151,0.0
user_ae392cd8c8,0.0001509433962264151,0.0
user_896653d722,0.0001509433962264151,0.0
user_39a617a562,0.0001509433962264151,0.0
user_f547b7f6fa,0.0004528301886792453,0.0
user_133ebf2de4,0.0003018867924528302,0.0
user_cd5e97f908,0.0003018867924528302,0.0
user_817e95a9fe,0.0001509433962264151,0.0
user_e66b0a932d,0.0001509433962264151,0.0
user_1d88ab889a,0.0001509433962264151,0.0
user_d6d184c87a,0.0001509433962264151,0.0
user_b51f0727d4,0.0001509433962264151,0.0
user_78c3e71b7b,0.0001509433962264151,0.0
user_93b25aaf7d,0.0001509433962264151,0.0
user_401e2f0d8f,0.0003018867924528302,0.0
user_4532b911d3,0.0001509433962264151,0.0
user_7e8f107cd5,0.0003018867924528302,0.0
user_1fb842d791,0.0001509433962264151,0.0
user_f09ea44972,0.0001509433962264151,0.0
user_dda9a4b36e,0.0001509433962264151,0.0
user_db3037f991,0.0001509433962264151,0.0
user_f71c353e62,0.0001509433962264151,0.0
user_e9c4f93296,0.0006037735849056604,0.0
user_a46e3badb6,0.0001509433962264151,0.0
user_5ad7ce9ab5,0.0003018867924528302,0.0
user_b0936a071c,0.0003018867924528302,0.0
user_acbaba37df,0.0003018867924528302,0.0
user_ad54f4b3f1,0.0001509433962264151,0.0
user_631dc2eef6,0.0001509433962264151,0.0
user_fd417d7d97,0.0001509433962264151,0.0
user_533b53b080,0.0001509433962264151,0.0
user_1951fc75a0,0.0001509433962264151,0.0
user_3a89b7c488,0.0001509433962264151,0.0
user_7f7bac493b,0.0003018867924528302,0.0
user_7c7d3465d0,0.0001509433962264151,0.0
user_51e035b308,0.0007547169811320755,0.0
user_b1d8ec7b87,0.0001509433962264151,0.0
user_4796bb75f4,0.0001509433962264151,0.0
user_b74bc9a214,0.0004528301886792453,0.0
user_d4ccf4749b,0.0001509433962264151,0.0
user_f45a595394,0.0003018867924528302,0.0
user_7741993a1a,0.0003018867924528302,0.0
user_dbce9484b7,0.0001509433962264151,0.0
user_f1d817b966,0.004830188679245283,0.0
user_6786002b42,0.0001509433962264151,0.0
user_253b60f253,0.0001509433962264151,0.0
user_6cc37c2561,0.0001509433962264151,0.0
user_e6a52ac7bb,0.0001509433962264151,0.0
user_e97fd7a155,0.0001509433962264151,0.0
user_f9553103e8,0.0003018867924528302,0.0
user_be6a47f6e2,0.0003018867924528302,0.0
user_43ee6f7acb,0.0003018867924528302,0.0
user_70fb2aaafe,0.0003018867924528302,0.0
user_65ed070058,0.0001509433962264151,0.0
user_60ca58a342,0.0001509433962264151,0.0
user_ea9bfe9bd2,0.0003018867924528302,0.0
user_bf28b84694,0.0004528301886792453,0.0
user_e2672f0d15,0.0001509433962264151,0.0
user_c976ac001b,0.0001509433962264151,0.0
user_2f3a5ba9f8,0.0001509433962264151,0.0
user_51932a9ec9,0.0004528301886792453,0.0
user_4175e64507,0.0001509433962264151,0.0
user_b0dcae0766,0.0001509433962264151,0.0
user_1074eba21f,0.0003018867924528302,0.0
user_ce242313f2,0.0001509433962264151,0.0
user_d646ac9b3c,0.0001509433962264151,0.0
user_d5aa972d3a,0.0001509433962264151,0.0
user_d5eda63052,0.0001509433962264151,0.0
user_374857f71d,0.0003018867924528302,0.0
user_25120f7b56,0.0001509433962264151,0.0
user_7b242b5caf,0.0001509433962264151,0.0
user_a69af4cdd6,0.0003018867924528302,0.0
user_0ecb864156,0.0001509433962264151,0.0
user_676063f712,0.0001509433962264151,0.0
user_ce527a85c1,0.0003018867924528302,0.0
user_01f2b37ea0,0.0003018867924528302,0.0
user_d2314a4091,0.0003018867924528302,0.0
user_215c533913,0.0004528301886792453,0.0
user_813317204a,0.0007547169811320755,0.0
user_16eab5b86d,0.0001509433962264151,0.0
user_1cbcc8711c,0.0001509433962264151,0.0
user_b1a80b8624,0.0001509433962264151,0.0
user_99422157d5,0.0001509433962264151,0.0
user_77826abb5e,0.0003018867924528302,0.0
user_433aaea094,0.0001509433962264151,0.0
user_4d640cb70b,0.0001509433962264151,0.0
user_e39b8e40c3,0.0001509433962264151,0.0
user_eed1ae49eb,0.0001509433962264151,0.0
user_3a64cedcd7,0.0012075471698113208,0.0
user_0e83084781,0.0001509433962264151,0.0
user_2ab6c085f3,0.0001509433962264151,0.0
user_25a10ce97b,0.0001509433962264151,0.0
user_d314a22e59,0.0001509433962264151,0.0
user_930ca4a5e1,0.0001509433962264151,0.0
user_74d4c54ccd,0.0001509433962264151,0.0
user_34ae04c202,0.0003018867924528302,0.0
user_c82ca1ab01,0.0003018867924528302,0.0
user_5d47492f6e,0.0001509433962264151,0.0
user_a388d741ea,0.0001509433962264151,0.0
user_c3bf66b4e2,0.0003018867924528302,0.0
user_cd9024c23b,0.0001509433962264151,0.0
user_64aed32c70,0.0001509433962264151,0.0
user_3ac6605080,0.0001509433962264151,0.0
user_8418235d07,0.0001509433962264151,0.0
user_2690c204c1,0.0004528301886792453,0.0
user_214da7ecf1,0.0003018867924528302,0.0
user_c1f3c08f9f,0.0001509433962264151,0.0
user_ebe614b924,0.0001509433962264151,0.0
user_223a76a968,0.0001509433962264151,0.0
user_1f9dfe69e6,0.0001509433962264151,0.0
user_598ce20ec1,0.007849056603773585,0.0
user_dc73b18057,0.0001509433962264151,0.0
user_2c04bbc3bd,0.0001509433962264151,0.0
user_3ee8f60cd3,0.0003018867924528302,0.0
user_d2a3663fda,0.0003018867924528302,0.0
user_cca9e60fbc,0.0006037735849056604,0.0
user_2cdcdabb1e,0.0001509433962264151,0.0
user_d292a58f03,0.0001509433962264151,0.0
user_be2873a400,0.0001509433962264151,0.0
user_5188ac6385,0.0003018867924528302,0.0
user_ac0fa7f07d,0.0001509433962264151,0.0
user_172339a305,0.0003018867924528302,0.0
user_71dec5d228,0.0003018867924528302,0.0
user_c0b4f04a16,0.0003018867924528302,0.0
user_d6ef400499,0.0001509433962264151,0.0
user_9564508bdf,0.0001509433962264151,0.0
user_07a1b6b1c3,0.0001509433962264151,0.0
user_0ac705f01d,0.0001509433962264151,0.0
user_e83914843a,0.0001509433962264151,0.0
user_7be8dbc445,0.0001509433962264151,0.0
user_605b5ee92d,0.0001509433962264151,0.0
user_cbe1783966,0.0001509433962264151,0.0
user_f5395c6b4f,0.0003018867924528302,0.0
user_789c050eb0,0.0001509433962264151,0.0
user_ffc1ac8884,0.0007547169811320755,0.0
user_55a68fcba5,0.0001509433962264151,0.0
user_ecbfacf851,0.0003018867924528302,0.0
user_67581e0966,0.0001509433962264151,0.0
user_bb31209786,0.0001509433962264151,0.0
user_fdb03a5c85,0.0001509433962264151,0.0
user_5a5af349d2,0.0001509433962264151,0.0
user_267f244b07,0.0004528301886792453,0.0
user_c98a27cd32,0.0001509433962264151,0.0
user_902a07365a,0.0001509433962264151,0.0
user_2cf4710bf1,0.0001509433962264151,0.0
user_2f83f6837d,0.0001509433962264151,0.0
user_f07df8efc3,0.0001509433962264151,0.0
user_ee21af4a85,0.0001509433962264151,0.0
user_ee71511bd8,0.0001509433962264151,0.0
user_74af9a2321,0.0001509433962264151,0.0
user_b27a33d197,0.0004528301886792453,0.0
user_744985ea44,0.0001509433962264151,0.0
user_2274f86053,0.0001509433962264151,0.0
user_a8285e3932,0.0001509433962264151,0.0
user_efa6075370,0.0001509433962264151,0.0
user_c70a03b4cd,0.0001509433962264151,0.0
user_8f79f04dab,0.0003018867924528302,0.0
user_cb7869b878,0.0003018867924528302,0.0
user_da61b9a13a,0.0001509433962264151,0.0
user_e1e16fd2f0,0.001358490566037736,0.0
user_c261a6c2c6,0.0001509433962264151,0.0
user_3c41f4fee0,0.0004528301886792453,0.0
user_87b1779cd9,0.0003018867924528302,0.0
user_239478f622,0.0001509433962264151,0.0
user_d3db159476,0.0001509433962264151,0.0
user_2432aa274a,0.0001509433962264151,0.0
user_1f3a14808f,0.0012075471698113208,0.0
user_b30847222d,0.0007547169811320755,0.0
user_abf895915c,0.0003018867924528302,0.0
user_d0f1169ec9,0.0003018867924528302,0.0
user_a945fcdbad,0.0001509433962264151,0.0
user_984ef7b2aa,0.0001509433962264151,0.0
user_d8eef0a994,0.0003018867924528302,0.0
user_4fe6e0e853,0.0001509433962264151,0.0
user_d296fc01f9,0.0001509433962264151,0.0
user_e176f764b5,0.0001509433962264151,0.0
user_ee2e96dac0,0.0001509433962264151,0.0
user_956f6aa0d8,0.0001509433962264151,0.0
user_e0dbb558fc,0.0003018867924528302,0.0
user_3e8ed50fb5,0.0001509433962264151,0.0
user_ac537816aa,0.0001509433962264151,0.0
user_51ee3baa0f,0.0003018867924528302,0.0
user_9f51a4d270,0.0001509433962264151,0.0
user_5ee52d0d6b,0.0001509433962264151,0.0
user_fdf01aa7c7,0.0001509433962264151,0.0
user_ef1a8d2f68,0.0001509433962264151,0.0
user_d52c0378d5,0.0001509433962264151,0.0
user_dee1bd61bb,0.0001509433962264151,0.0
user_f24bd1199c,0.0003018867924528302,0.0
user_ff6b566aac,0.0003018867924528302,0.0
user_eea2b79d50,0.0001509433962264151,0.0
user_ed86087d03,0.0001509433962264151,0.0
user_223c637389,0.0003018867924528302,0.0
user_0b011322d5,0.0001509433962264151,0.0
user_74e66bcbe2,0.0003018867924528302,0.0
user_39cdce156b,0.0003018867924528302,0.0
user_b5a320588e,0.0001509433962264151,0.0
user_b24a3f39bd,0.0003018867924528302,0.0
user_268cc27721,0.0001509433962264151,0.0
user_80bc0a531e,0.0001509433962264151,0.0
user_fc4068ed99,0.0001509433962264151,0.0
user_476a51ddce,0.0001509433962264151,0.0
user_fb60b21e83,0.0001509433962264151,0.0
user_66419b2842,0.0001509433962264151,0.0
user_3a7782aa85,0.0004528301886792453,0.0
user_297f138944,0.0001509433962264151,0.0
user_da0603a851,0.0001509433962264151,0.0
user_f405c964a6,0.0003018867924528302,0.0
user_7bd1729c6b,0.0003018867924528302,0.0
user_8c78e273a3,0.0001509433962264151,0.0
user_db73d55713,0.0001509433962264151,0.0
user_b7e6b8125f,0.0001509433962264151,0.0
user_5b86b8dcba,0.0001509433962264151,0.0
user_f67a30a620,0.0001509433962264151,0.0
user_bbf930eb41,0.0001509433962264151,0.0
user_c8efab3112,0.0001509433962264151,0.0
user_fe082265c1,0.0003018867924528302,0.0
user_9d1712be64,0.0003018867924528302,0.0
user_adbc1e92b5,0.0003018867924528302,0.0
user_ab84d8762f,0.0001509433962264151,0.0
user_e970b29ef5,0.0001509433962264151,0.0
user_bf226f1b77,0.0003018867924528302,0.0
user_85fabda4ff,0.0001509433962264151,0.0
user_e32af0b6eb,0.0001509433962264151,0.0
user_7469d0d8a0,0.0001509433962264151,0.0
user_0ea37aff83,0.0004528301886792453,0.0
user_4f26e60c78,0.0001509433962264151,0.0
user_f450231466,0.0001509433962264151,0.0
user_06d6cc2cc7,0.0004528301886792453,0.0
user_58b8281b71,0.0001509433962264151,0.0
user_96fafdea75,0.0001509433962264151,0.0
user_9926ca695d,0.0001509433962264151,0.0
user_34ba118d66,0.0001509433962264151,0.0
user_5f0db069ac,0.0001509433962264151,0.0
user_bf9c2efef0,0.0001509433962264151,0.0
user_875ecbf25c,0.0003018867924528302,0.0
user_d68fd27308,0.0001509433962264151,0.0
user_96cfcd4c06,0.0001509433962264151,0.0
user_1d05579c48,0.0001509433962264151,0.0
user_f021cd0c2c,0.0003018867924528302,0.0
user_e95bc1f52c,0.0003018867924528302,0.0
user_345a119584,0.0001509433962264151,0.0
user_adb68d2a63,0.0001509433962264151,0.0
user_b80f1b69a4,0.0001509433962264151,0.0
user_6f9111b3e9,0.0003018867924528302,0.0
user_52abc1e7a7,0.0003018867924528302,0.0
user_d125888b70,0.0003018867924528302,0.0
user_ff186a0f19,0.0001509433962264151,0.0
user_0d73300a30,0.0001509433962264151,0.0
user_5bd41d3968,0.0001509433962264151,0.0
user_6a6e1dd68b,0.0001509433962264151,0.0
user_51ec9a7a9b,0.0018113207547169811,0.0
user_5c26cdc124,0.0003018867924528302,0.0
user_ce9ee3159e,0.0003018867924528302,0.0
user_66c8a9ccac,0.0001509433962264151,0.0
user_42c9cd6b05,0.0001509433962264151,0.0
user_640442782a,0.0001509433962264151,0.0
user_56e62ca75b,0.0001509433962264151,0.0
user_3fd9d4ef7b,0.0001509433962264151,0.0
user_775a7bbe6c,0.0001509433962264151,0.0
user_eda752ba28,0.0001509433962264151,0.0
user_61cd74bf05,0.0001509433962264151,0.0
user_efe8875ce0,0.0001509433962264151,0.0
user_0c0246de48,0.0003018867924528302,0.0
user_fd284afdb1,0.0003018867924528302,0.0
user_b54b26e853,0.0001509433962264151,0.0
user_618ed2480a,0.0001509433962264151,0.0
user_15c17062d5,0.0001509433962264151,0.0
user_2f0d4e237f,0.0001509433962264151,0.0
user_a7f3ac390d,0.0004528301886792453,0.0
user_6d062fc33d,0.0003018867924528302,0.0
user_9823f0cac0,0.0003018867924528302,0.0
user_ae552ec9e5,0.0001509433962264151,0.0
user_625f3a9709,0.0001509433962264151,0.0
user_9137415f61,0.0001509433962264151,0.0
user_866fc7915c,0.0001509433962264151,0.0
user_d2caada079,0.0001509433962264151,0.0
user_251620f522,0.0001509433962264151,0.0
user_35dc43f5ef,0.0001509433962264151,0.0
user_f8cb5eaa98,0.0001509433962264151,0.0
user_ec6b23e6a8,0.0003018867924528302,0.0
user_d4fd730a10,0.0003018867924528302,0.0
user_fd6d94d37b,0.0003018867924528302,0.0
user_b9fd520035,0.0001509433962264151,0.0
user_0a2cc3a545,0.0001509433962264151,0.0
user_0ebc54273a,0.0001509433962264151,0.0
user_7c98b8844d,0.0001509433962264151,0.0
user_9a88ddfeba,0.0001509433962264151,0.0
user_b7a367ac78,0.0001509433962264151,0.0
user_fe226181c2,0.0003018867924528302,0.0
user_6be4738099,0.0001509433962264151,0.0
user_5434dbb953,0.0004528301886792453,0.0
user_6ae7d0e095,0.0001509433962264151,0.0
user_4a3d0b758b,0.0003018867924528302,0.0
user_e4f731289b,0.0001509433962264151,0.0
user_cb3539da9f,0.0007547169811320755,0.0
user_eb05b227a7,0.0001509433962264151,0.0
user_a94a541a2d,0.0001509433962264151,0.0
user_b6b7320467,0.0001509433962264151,0.0
user_35869bbdef,0.0009056603773584906,0.0
user_bd5309a442,0.0001509433962264151,0.0
user_967a72645d,0.0001509433962264151,0.0
user_0486c409fe,0.0001509433962264151,0.0
user_094fe15156,0.0001509433962264151,0.0
user_c23b8db8d0,0.0001509433962264151,0.0
user_a76ab820ac,0.0003018867924528302,0.0
user_e3b9e1f49c,0.0001509433962264151,0.0
user_dedc441ce6,0.0001509433962264151,0.0
user_ebb132c476,0.0001509433962264151,0.0
user_755cb35063,0.0001509433962264151,0.0
user_7a010c9fc0,0.0003018867924528302,0.0
user_5eb6c2e68f,0.0001509433962264151,0.0
user_c280f0b458,0.0001509433962264151,0.0
user_d59180fced,0.0001509433962264151,0.0
user_e0d1eaf3bd,0.0001509433962264151,0.0
user_4a314674c7,0.0006037735849056604,0.0
user_5417710fee,0.0001509433962264151,0.0
user_2643f958d1,0.0003018867924528302,0.0
user_4a84f67c01,0.0003018867924528302,0.0
user_b91e769810,0.0003018867924528302,0.0
user_030b48adff,0.0001509433962264151,0.0
user_fb66772711,0.0001509433962264151,0.0
user_e8e8551ce5,0.0001509433962264151,0.0
user_1a3ba2e9c3,0.0001509433962264151,0.0
user_981821cd3b,0.0001509433962264151,0.0
user_bf3aba10e3,0.0003018867924528302,0.0
user_b8944e011d,0.0003018867924528302,0.0
user_ae3a369d48,0.0001509433962264151,0.0
user_feb7f7e521,0.0001509433962264151,0.0
user_6e9cfcbd00,0.0001509433962264151,0.0
user_0724ac9a30,0.0001509433962264151,0.0
user_2700ffa87c,0.0001509433962264151,0.0
user_e5857b3e17,0.0001509433962264151,0.0
user_3f711cae1e,0.0001509433962264151,0.0
user_c7453cd57b,0.0001509433962264151,0.0
user_1cdcf84bb0,0.0001509433962264151,0.0
user_c9f01ad214,0.0003018867924528302,0.0
user_e8fc2ea814,0.0001509433962264151,0.0
user_be1f45d66f,0.0004528301886792453,0.0
user_77573d2950,0.0001509433962264151,0.0
user_e7c7ed6ab8,0.0003018867924528302,0.0
user_700b94057a,0.0001509433962264151,0.0
user_aaea642dab,0.0004528301886792453,0.0
user_c72cb1dafc,0.0003018867924528302,0.0
user_50ef97ad61,0.0004528301886792453,0.0
user_ed1a58e5e4,0.0003018867924528302,0.0
user_e1b43c22dc,0.0001509433962264151,0.0
user_267f77d056,0.0001509433962264151,0.0
user_448f698cf3,0.0001509433962264151,0.0
user_8437c5bae2,0.0001509433962264151,0.0
user_2f45e2404d,0.0003018867924528302,0.0
user_28f4d618a2,0.0003018867924528302,0.0
user_1a81bd33b6,0.0004528301886792453,0.0
user_1264fcc0df,0.0001509433962264151,0.0
user_d21fcbd23b,0.0003018867924528302,0.0
user_0e3006b890,0.0001509433962264151,0.0
user_054db3a34e,0.0001509433962264151,0.0
user_e0dabed374,0.0001509433962264151,0.0
user_6b68eaf1c1,0.0001509433962264151,0.0
user_89f66664d4,0.0001509433962264151,0.0
user_8a71700f0d,0.0003018867924528302,0.0
user_749abf6afc,0.0003018867924528302,0.0
user_2dfc240e87,0.0003018867924528302,0.0
user_2cb7e9ebc6,0.0001509433962264151,0.0
user_71a99184bf,0.0001509433962264151,0.0
user_4979d8f982,0.0001509433962264151,0.0
user_3b478064ec,0.0004528301886792453,0.0
user_7c2af3034b,0.0001509433962264151,0.0
user_f46f27ea3f,0.0001509433962264151,0.0
user_0be437868e,0.0004528301886792453,0.0
user_3d609b786f,0.0004528301886792453,0.0
user_39c1ea146c,0.0003018867924528302,0.0
user_087d9215e0,0.0001509433962264151,0.0
user_807a649233,0.0003018867924528302,0.0
user_2c43e537a5,0.0001509433962264151,0.0
user_a6563a7c0b,0.0001509433962264151,0.0
user_aad8211b09,0.0001509433962264151,0.0
user_e637f509e2,0.0001509433962264151,0.0
user_d5cba3f798,0.0003018867924528302,0.0
user_0cee2badcd,0.0003018867924528302,0.0
user_4b67468a64,0.0001509433962264151,0.0
user_c2e57ace07,0.0001509433962264151,0.0
user_eb95d67f11,0.0001509433962264151,0.0
user_4d28970359,0.0001509433962264151,0.0
user_b5cf6cfecd,0.0003018867924528302,0.0
user_280f235504,0.0001509433962264151,0.0
user_88b4a40156,0.0001509433962264151,0.0
user_f938a7a8b5,0.0003018867924528302,0.0
user_ab49da800b,0.0001509433962264151,0.0
user_dc789faf6a,0.0001509433962264151,0.0
user_de6e9c4635,0.0001509433962264151,0.0
user_568497e5a0,0.0001509433962264151,0.0
user_68fb3c2e9b,0.0001509433962264151,0.0
user_613eb3880d,0.0001509433962264151,0.0
user_39f46cd5e1,0.0003018867924528302,0.0
user_7fe6f8d061,0.0001509433962264151,0.0
user_5e7a02a7de,0.0001509433962264151,0.0
user_940bc6327e,0.0001509433962264151,0.0
user_00df155a69,0.0003018867924528302,0.0
user_cce873b0a0,0.0001509433962264151,0.0
user_8a7cf40143,0.0003018867924528302,0.0
user_ef2fe96ebe,0.0001509433962264151,0.0
user_c7813f1486,0.0001509433962264151,0.0
user_1005745c6f,0.0003018867924528302,0.0
user_834a4fcb14,0.0001509433962264151,0.0
user_9a51580eaf,0.0001509433962264151,0.0
user_13ab571886,0.0001509433962264151,0.0
user_9480616ba2,0.0001509433962264151,0.0
user_f24a6a7ec3,0.0001509433962264151,0.0
user_58e6bdb823,0.0001509433962264151,0.0
user_8ca72e3af4,0.0001509433962264151,0.0
user_16208f2c5d,0.0001509433962264151,0.0
user_1704a7c2ba,0.0001509433962264151,0.0
user_dbc8f6a199,0.0001509433962264151,0.0
user_5c28c3b580,0.0003018867924528302,0.0
user_1f0d7dc30c,0.0001509433962264151,0.0
user_cc4b349d3c,0.0004528301886792453,0.0
user_89e998aa4a,0.0001509433962264151,0.0
user_db2f8c3dcf,0.0001509433962264151,0.0
user_02c4698528,0.0001509433962264151,0.0
user_3aa6da58a2,0.0001509433962264151,0.0
user_a3c3ff4bfd,0.0001509433962264151,0.0
user_541b3b6c0a,0.0001509433962264151,0.0
user_e1ab679d38,0.0001509433962264151,0.0
user_539f761ba8,0.0003018867924528302,0.0
user_dd8ae04d30,0.0001509433962264151,0.0
user_6fd09df9ac,0.0001509433962264151,0.0
user_7800320eda,0.0003018867924528302,0.0
user_2edaa4be31,0.0001509433962264151,0.0
user_d18c81435e,0.0003018867924528302,0.0
user_d950f257bd,0.0001509433962264151,0.0
user_07fdd9f46e,0.0001509433962264151,0.0
user_dccec90d9e,0.0001509433962264151,0.0
user_1a804f4ac7,0.0001509433962264151,0.0
user_3c4e40ae72,0.0001509433962264151,0.0
user_a5f90ad561,0.0001509433962264151,0.0
user_0797022772,0.0001509433962264151,0.0
user_1e24313200,0.0003018867924528302,0.0
user_e3d9851204,0.0003018867924528302,0.0
user_cb571ca2ee,0.0003018867924528302,0.0
user_b26ae684d5,0.0001509433962264151,0.0
user_8ecadae2b9,0.0003018867924528302,0.0
user_d2d7904818,0.0004528301886792453,0.0
user_faa3113326,0.0001509433962264151,0.0
user_099e9171d3,0.0001509433962264151,0.0
user_83ac51ff88,0.0001509433962264151,0.0
user_4b7884c184,0.0003018867924528302,0.0
user_42ca26a106,0.0001509433962264151,0.0
user_a5d8b9a4c5,0.0001509433962264151,0.0
user_d967efd907,0.0001509433962264151,0.0
user_bf8cb4eeff,0.0001509433962264151,0.0
user_10939cee28,0.0001509433962264151,0.0
user_1f5017203c,0.0001509433962264151,0.0
user_bc16296884,0.0003018867924528302,0.0
user_5e656f84a5,0.0001509433962264151,0.0
user_a8148c3b40,0.0001509433962264151,0.0
user_9ae0d48292,0.0001509433962264151,0.0
user_d2b7b6c547,0.0001509433962264151,0.0
user_f8392c86cb,0.0003018867924528302,0.0
user_229fba33de,0.0001509433962264151,0.0
user_f24d807ef1,0.0003018867924528302,0.0
user_2d4d74e76b,0.0001509433962264151,0.0
user_147c874b2b,0.0004528301886792453,0.0
user_32e6a2b05b,0.0001509433962264151,0.0
user_47fafa6dfa,0.001358490566037736,0.0
user_769d95064f,0.0003018867924528302,0.0
user_454b646d5a,0.0003018867924528302,0.0
user_d93f94dddd,0.0003018867924528302,0.0
user_df0c83c791,0.0006037735849056604,0.0
user_0ef6c050e8,0.0003018867924528302,0.0
user_6a7253561a,0.0001509433962264151,0.0
user_7dd345d9dd,0.0001509433962264151,0.0
user_15df3a5ff8,0.0007547169811320755,0.0
user_99ba3eda44,0.0001509433962264151,0.0
user_76fb45c968,0.0001509433962264151,0.0
user_961161259d,0.001358490566037736,0.0
user_9a3541c4a5,0.0001509433962264151,0.0
user_9a9b69093e,0.0003018867924528302,0.0
user_d7dbffd09d,0.0001509433962264151,0.0
user_1204d81575,0.0001509433962264151,0.0
user_cf3e37b3e6,0.0001509433962264151,0.0
user_f60eaa057e,0.0003018867924528302,0.0
user_1c9523479b,0.0001509433962264151,0.0
user_da7868be57,0.0001509433962264151,0.0
user_5ea02b3085,0.0003018867924528302,0.0
user_5e2f9c9181,0.0001509433962264151,0.0
user_b017acd845,0.0003018867924528302,0.0
user_be5cb95df8,0.0004528301886792453,0.0
user_88520818c1,0.0004528301886792453,0.0
user_00979774dd,0.0003018867924528302,0.0
user_dcb875078c,0.0001509433962264151,0.0
user_1bb96a1f10,0.0001509433962264151,0.0
user_418da77e7a,0.0001509433962264151,0.0
user_d28d5d864a,0.0001509433962264151,0.0
user_b559b379da,0.0001509433962264151,0.0
user_e9892c67f1,0.0001509433962264151,0.0
user_7b5c16eecf,0.0001509433962264151,0.0
user_68c87029a9,0.0001509433962264151,0.0
user_ea8bb49a2f,0.0001509433962264151,0.0
user_c9ded3f36e,0.0003018867924528302,0.0
user_e6977edf87,0.0001509433962264151,0.0
user_9518201f22,0.0001509433962264151,0.0
user_8ce70d36fa,0.0004528301886792453,0.0
user_db68c37458,0.0006037735849056604,0.0
user_200b7438fa,0.0003018867924528302,0.0
user_3a51ac316c,0.0001509433962264151,0.0
user_7b54bfcecd,0.0004528301886792453,0.0
user_953615d045,0.0001509433962264151,0.0
user_5fd131b12a,0.0001509433962264151,0.0
user_d7c7e5bb94,0.0001509433962264151,0.0
user_f8b7a84f79,0.0003018867924528302,0.0
user_bd93e901de,0.0001509433962264151,0.0
user_ea368e1118,0.0003018867924528302,0.0
user_4106327d3f,0.0001509433962264151,0.0
user_bd48e382ef,0.0001509433962264151,0.0
user_2747951ce2,0.0001509433962264151,0.0
user_20aba501b7,0.0001509433962264151,0.0
user_0efc35961a,0.0001509433962264151,0.0
user_4f9780b1ac,0.0001509433962264151,0.0
user_f847c94785,0.0003018867924528302,0.0
user_2f8e8998d3,0.0004528301886792453,0.0
user_ce97409bf2,0.0001509433962264151,0.0
user_85c58d0790,0.0001509433962264151,0.0
user_3e7bbe314e,0.0003018867924528302,0.0
user_a556bf243f,0.0001509433962264151,0.0
user_764fb18b5d,0.0001509433962264151,0.0
user_7cd2849d47,0.0001509433962264151,0.0
user_3111f90338,0.0003018867924528302,0.0
user_ec771eef08,0.0001509433962264151,0.0
user_b78ceb4297,0.0001509433962264151,0.0
user_a0de00198b,0.0001509433962264151,0.0
user_6ae8240d85,0.0001509433962264151,0.0
user_8e73293f1e,0.0001509433962264151,0.0
user_c5810559ec,0.0001509433962264151,0.0
user_08157e7d94,0.0004528301886792453,0.0
user_a633f0d9ec,0.0001509433962264151,0.0
user_bae3f262af,0.0001509433962264151,0.0
user_a065ddf69f,0.0001509433962264151,0.0
user_55ae625467,0.0003018867924528302,0.0
user_82da71011a,0.0001509433962264151,0.0
user_85c40bb818,0.0001509433962264151,0.0
user_6ba2a281cd,0.0001509433962264151,0.0
user_22d407a02a,0.0001509433962264151,0.0
user_a26f1d341d,0.0007547169811320755,0.0
user_ea267f4661,0.0001509433962264151,0.0
user_6f98c7ea6d,0.0001509433962264151,0.0
user_f27c37bc19,0.0003018867924528302,0.0
user_88065d55da,0.0001509433962264151,0.0
user_31570263e3,0.0007547169811320755,0.0
user_9d97e928d8,0.0001509433962264151,0.0
user_1942bd14c9,0.0001509433962264151,0.0
user_7bb9dab6a6,0.0001509433962264151,0.0
user_7311b12294,0.0001509433962264151,0.0
user_39dd2bb2f1,0.0001509433962264151,0.0
user_5198cab612,0.0003018867924528302,0.0
user_a95b5434f1,0.0001509433962264151,0.0
user_a6e3109d26,0.0001509433962264151,0.0
user_06b4e5d071,0.0007547169811320755,0.0
user_66cface9df,0.0003018867924528302,0.0
user_6abcb66d7b,0.0001509433962264151,0.0
user_834172a6fd,0.0001509433962264151,0.0
user_f0570f210d,0.0004528301886792453,0.0
user_a1767ab40b,0.0001509433962264151,0.0
user_b4154ebd41,0.0001509433962264151,0.0
user_cb12bbb981,0.0001509433962264151,0.0
user_7ea461d01e,0.0006037735849056604,0.0
user_f32d5f70a6,0.0001509433962264151,0.0
user_0f0cdfb6d2,0.0001509433962264151,0.0
user_bd0edb3b6c,0.0001509433962264151,0.0
user_8d4d9ea0c2,0.0001509433962264151,0.0
user_546bcf97d4,0.0001509433962264151,0.0
user_1b118b1def,0.0001509433962264151,0.0
user_736ef63fd5,0.0003018867924528302,0.0
user_9c2f330827,0.0010566037735849057,0.0
user_ee214357b5,0.0006037735849056604,0.0
user_4aeabb1b7b,0.0001509433962264151,0.0
user_4038d04f54,0.0001509433962264151,0.0
user_fd47d2009c,0.0001509433962264151,0.0
user_b3df31c0dc,0.0001509433962264151,0.0
user_2a4f7b8125,0.0001509433962264151,0.0
user_6ac9459f1c,0.0003018867924528302,0.0
user_502ded97a4,0.0003018867924528302,0.0
user_5e3f6957ee,0.0003018867924528302,0.0
user_fa05e8cf21,0.0001509433962264151,0.0
user_cd89bc89e8,0.0001509433962264151,0.0
user_3989f7681a,0.0001509433962264151,0.0
user_915c5d6997,0.0007547169811320755,0.0
user_d92a6f8b91,0.0004528301886792453,0.0
user_5af88591d1,0.0003018867924528302,0.0
user_dd04aeb51d,0.0001509433962264151,0.0
user_893ecb4e4a,0.0001509433962264151,0.0
user_b3cc79927e,0.0001509433962264151,0.0
user_5c1ac25b92,0.0001509433962264151,0.0
user_bdbba7aa80,0.0003018867924528302,0.0
user_6464957dab,0.0004528301886792453,0.0
user_99abbcbfcb,0.0001509433962264151,0.0
user_06b8891ef3,0.0001509433962264151,0.0
user_2500536271,0.0001509433962264151,0.0
user_97f663a597,0.0001509433962264151,0.0
user_2ba112fdea,0.0001509433962264151,0.0
user_930e0ff0fe,0.0001509433962264151,0.0
user_c2a13c0927,0.0001509433962264151,0.0
user_f4019d8360,0.0003018867924528302,0.0
user_066bace305,0.0001509433962264151,0.0
user_71e29c9975,0.0001509433962264151,0.0
user_28780d51d7,0.0001509433962264151,0.0
user_1a333b759b,0.0003018867924528302,0.0
user_d57f8da6ce,0.0001509433962264151,0.0
user_f65b0d451a,0.0001509433962264151,0.0
user_9c1a273ff8,0.0003018867924528302,0.0
user_7611ef70f0,0.0001509433962264151,0.0
user_7d70d75349,0.0001509433962264151,0.0
user_8111667f06,0.0001509433962264151,0.0
user_27eae48a24,0.0003018867924528302,0.0
user_48ae1ab094,0.0003018867924528302,0.0
user_6aea671401,0.0009056603773584906,0.0
user_e7938f1c57,0.0003018867924528302,0.0
user_118203f599,0.0001509433962264151,0.0
user_9d9bb0df47,0.0001509433962264151,0.0
user_141363b42a,0.0001509433962264151,0.0
user_164d33f58f,0.0001509433962264151,0.0
user_e77c724ed7,0.0001509433962264151,0.0
user_83df5ccf0a,0.0001509433962264151,0.0
user_53bd1e18df,0.0003018867924528302,0.0
user_b0b72a447b,0.0001509433962264151,0.0
user_9750150fa8,0.0003018867924528302,0.0
user_d05cab31db,0.0003018867924528302,0.0
user_f633017275,0.0003018867924528302,0.0
user_5a8ce21bdf,0.0001509433962264151,0.0
user_7c7f46f3f8,0.0004528301886792453,0.0
user_1b7b1d4042,0.0001509433962264151,0.0
user_a7215adaa0,0.0001509433962264151,0.0
user_bcbf8ad788,0.0001509433962264151,0.0
user_3221f71c8b,0.0001509433962264151,0.0
user_5c1480e269,0.0001509433962264151,0.0
user_315428f0b2,0.0001509433962264151,0.0
user_7860921961,0.0001509433962264151,0.0
user_fa417782c0,0.0004528301886792453,0.0
user_a1a42715ce,0.0003018867924528302,0.0
user_be1d73afc4,0.0001509433962264151,0.0
user_e6054465ce,0.0001509433962264151,0.0
user_aafc01f4f4,0.0001509433962264151,0.0
user_9cc1618c25,0.0001509433962264151,0.0
user_e0dfa00352,0.0003018867924528302,0.0
user_cfae6ca88a,0.0001509433962264151,0.0
user_d80682b0f2,0.0003018867924528302,0.0
user_8b8ad4cb7c,0.0003018867924528302,0.0
user_f6f531b9c3,0.0003018867924528302,0.0
user_604833548c,0.0004528301886792453,0.0
user_cfeddb416b,0.0001509433962264151,0.0
user_16a1c68665,0.0001509433962264151,0.0
user_70a62f280a,0.001509433962264151,0.0
user_14ece51761,0.0001509433962264151,0.0
user_1580bc1032,0.0001509433962264151,0.0
user_b4a31ccd85,0.0001509433962264151,0.0
user_fb1cfdb4dc,0.0001509433962264151,0.0
user_523f748ab2,0.0001509433962264151,0.0
user_d062afdb0c,0.0001509433962264151,0.0
user_0b9448766a,0.0001509433962264151,0.0
user_883c0f253e,0.0001509433962264151,0.0
user_bea111a185,0.0001509433962264151,0.0
user_d604139917,0.0001509433962264151,0.0
user_3577f76ce1,0.0003018867924528302,0.0
user_dd4ee9e734,0.0003018867924528302,0.0
user_7e50a8ce4e,0.0001509433962264151,0.0
user_15e69b4f9d,0.0001509433962264151,0.0
user_8c79352d3a,0.0001509433962264151,0.0
user_700bd7cd7d,0.0003018867924528302,0.0
user_4c7ef87392,0.0004528301886792453,0.0
user_1e5608e492,0.0001509433962264151,0.0
user_d7d9f01a86,0.0001509433962264151,0.0
user_b89c3f4b34,0.0001509433962264151,0.0
user_3ee6ab7239,0.0001509433962264151,0.0
user_78ba0c570c,0.0001509433962264151,0.0
user_20da377419,0.0001509433962264151,0.0
user_ff09ae81b1,0.0001509433962264151,0.0
user_b180c32f65,0.0003018867924528302,0.0
user_8796072a2b,0.0001509433962264151,0.0
user_e9dd76d876,0.0003018867924528302,0.0
user_ccef9a4387,0.0001509433962264151,0.0
user_287aa41f86,0.0001509433962264151,0.0
user_471596d2f1,0.0001509433962264151,0.0
user_187a9b388c,0.0001509433962264151,0.0
user_6c1fe91e8e,0.0010566037735849057,0.0
user_6fd683866b,0.0001509433962264151,0.0
user_64b2084ed8,0.0003018867924528302,0.0
user_123d4b2dff,0.0003018867924528302,0.0
user_1eb9f6cb0a,0.0003018867924528302,0.0
user_dce3a10671,0.0001509433962264151,0.0
user_df2f2d42b0,0.0001509433962264151,0.0
user_14088474bd,0.0004528301886792453,0.0
user_da65baf3a0,0.0001509433962264151,0.0
user_5aacc697e8,0.0001509433962264151,0.0
user_b1e58aee88,0.0001509433962264151,0.0
user_c4994755c2,0.0001509433962264151,0.0
user_61a8ca77b8,0.0001509433962264151,0.0
user_6de2505ece,0.0001509433962264151,0.0
user_d2d652b9d6,0.0012075471698113208,0.0
user_4350ac4d8f,0.0001509433962264151,0.0
user_d90dc5ca52,0.0001509433962264151,0.0
user_1ed8654f7a,0.0003018867924528302,0.0
user_1b1ec7df96,0.0003018867924528302,0.0
user_9591e981d2,0.0003018867924528302,0.0
user_bcc23f4bd9,0.0001509433962264151,0.0
user_2b972142ba,0.0006037735849056604,0.0
user_f66aad6af6,0.0001509433962264151,0.0
user_779ae57d5f,0.0003018867924528302,0.0
user_77515a069a,0.0001509433962264151,0.0
user_4162309653,0.0001509433962264151,0.0
user_7634bafa02,0.0006037735849056604,0.0
user_bf934dbedb,0.0003018867924528302,0.0
user_f8ace59a6b,0.0003018867924528302,0.0
user_944b3e5efd,0.0001509433962264151,0.0
user_ecf81177ae,0.0001509433962264151,0.0
user_3f626804d4,0.0004528301886792453,0.0
user_f991017818,0.0001509433962264151,0.0
user_36bebf6f49,0.0001509433962264151,0.0
user_335ed61787,0.0001509433962264151,0.0
user_d2a9feaecd,0.0001509433962264151,0.0
user_bbfdc77209,0.0001509433962264151,0.0
user_c815a1017d,0.0001509433962264151,0.0
user_cd02bf48b6,0.0001509433962264151,0.0
user_a3af2e65ae,0.0001509433962264151,0.0
user_3fe4898bdb,0.0001509433962264151,0.0
user_8268a8792b,0.0003018867924528302,0.0
user_60fc769b4f,0.0001509433962264151,0.0
user_bf8b7dbd91,0.0001509433962264151,0.0
user_05c5c727bc,0.0001509433962264151,0.0
user_d69fdfae2c,0.0007547169811320755,0.0
user_b9d0835aa8,0.0001509433962264151,0.0
user_5e0763425b,0.0003018867924528302,0.0
user_9e98ec826e,0.0004528301886792453,0.0
user_a88367400b,0.0001509433962264151,0.0
user_fb2fc06e4f,0.0001509433962264151,0.0
user_6f7c2d1a90,0.0003018867924528302,0.0
user_39df91c736,0.0007547169811320755,0.0
user_7c7f7d3eb1,0.0001509433962264151,0.0
user_d0bd9f3bd6,0.0001509433962264151,0.0
user_973379bf77,0.0001509433962264151,0.0
user_982784a9ef,0.0001509433962264151,0.0
user_4eec77d808,0.0004528301886792453,0.0
user_c2d123e7e3,0.0003018867924528302,0.0
user_7080de31d5,0.0001509433962264151,0.0
user_1cac04a07a,0.0003018867924528302,0.0
user_824ccfc8a3,0.0001509433962264151,0.0
user_54476c1748,0.0001509433962264151,0.0
user_a4ee5a39c8,0.0003018867924528302,0.0
user_b28460c676,0.0003018867924528302,0.0
user_a03154cef4,0.0004528301886792453,0.0
user_c0768909a2,0.0001509433962264151,0.0
user_6b1c34f43c,0.0001509433962264151,0.0
user_2ecc6bfd4b,0.0003018867924528302,0.0
user_5d750e9383,0.0001509433962264151,0.0
user_4c929f529c,0.0001509433962264151,0.0
user_a207655469,0.0001509433962264151,0.0
user_add7851ca6,0.0004528301886792453,0.0
user_9e2201aa2f,0.0001509433962264151,0.0
user_ff09c6124b,0.0003018867924528302,0.0
user_4ccc8f7da6,0.0001509433962264151,0.0
user_ab3e45da5d,0.001358490566037736,0.0
user_1bb5e609b4,0.0001509433962264151,0.0
user_5153a076bb,0.0001509433962264151,0.0
user_2c8890d70c,0.0003018867924528302,0.0
user_ec119254d5,0.0001509433962264151,0.0
user_368a615dd6,0.0001509433962264151,0.0
user_813c7e5f38,0.0003018867924528302,0.0
user_c305a4a49e,0.0006037735849056604,0.0
user_5f60f070a5,0.0001509433962264151,0.0
user_6bf299cd99,0.0001509433962264151,0.0
user_7fe0bcfb8c,0.0003018867924528302,0.0
user_4bcaebc0cd,0.0001509433962264151,0.0
user_a8f7922132,0.0003018867924528302,0.0
user_4b8d7b17eb,0.0001509433962264151,0.0
user_39c245a427,0.0001509433962264151,0.0
user_c59c28d177,0.0001509433962264151,0.0
user_d9ac48e6f7,0.0003018867924528302,0.0
user_bf850bb055,0.0001509433962264151,0.0
user_7d9f410641,0.0001509433962264151,0.0
user_3477a6cd99,0.0001509433962264151,0.0
user_b08924b4e1,0.0001509433962264151,0.0
user_fae4d65385,0.0001509433962264151,0.0
user_65ce7668e8,0.0001509433962264151,0.0
user_a32ef3b0d3,0.0001509433962264151,0.0
user_436a67296a,0.0010566037735849057,0.0
user_78a80ed2e5,0.0001509433962264151,0.0
user_d506ba6f06,0.0001509433962264151,0.0
user_7a930c6e77,0.0001509433962264151,0.0
user_7df679d0bb,0.0001509433962264151,0.0
user_707e78e757,0.0004528301886792453,0.0
user_eb6a176753,0.0001509433962264151,0.0
user_f086254e84,0.0003018867924528302,0.0
user_df1a2a6197,0.0001509433962264151,0.0
user_6a64a236e4,0.0001509433962264151,0.0
user_58b8ace8fc,0.0001509433962264151,0.0
user_486eea36a9,0.0001509433962264151,0.0
user_cea7f4d9a0,0.0001509433962264151,0.0
user_78c0b8cf10,0.0003018867924528302,0.0
user_29b793270d,0.0001509433962264151,0.0
user_464e22364e,0.0003018867924528302,0.0
user_fc175c0d46,0.0003018867924528302,0.0
user_14d3c69a42,0.0001509433962264151,0.0
user_7e88c65bc5,0.0001509433962264151,0.0
user_8db7e08585,0.0004528301886792453,0.0
user_e9289b0e3a,0.0001509433962264151,0.0
user_fb65338892,0.0001509433962264151,0.0
user_b115c6d4d6,0.0001509433962264151,0.0
user_a34cc30394,0.0009056603773584906,0.0
user_be9ebd4276,0.0001509433962264151,0.0
user_f2a9b9b89f,0.0001509433962264151,0.0
user_bd1f4273f8,0.0001509433962264151,0.0
user_785f115691,0.0001509433962264151,0.0
user_1bdeb47936,0.0001509433962264151,0.0
user_c746a207e5,0.0001509433962264151,0.0
user_4ab63d2b70,0.0001509433962264151,0.0
user_cd72260ae3,0.0001509433962264151,0.0
user_85a23f7973,0.0004528301886792453,0.0
user_5373bcdf82,0.0003018867924528302,0.0
user_a25c73d002,0.0003018867924528302,0.0
user_2f10784c5a,0.0001509433962264151,0.0
user_dc4c1cd160,0.0001509433962264151,0.0
user_b303ecb3d4,0.0001509433962264151,0.0
user_3902c0f1cc,0.0001509433962264151,0.0
user_1fef49bfac,0.0001509433962264151,0.0
user_80974fb655,0.0003018867924528302,0.0
user_2cc18b312e,0.0001509433962264151,0.0
user_f9605eb869,0.0001509433962264151,0.0
user_c8fef981d3,0.0001509433962264151,0.0
user_ad34cd241d,0.0001509433962264151,0.0
user_ac928c2462,0.0001509433962264151,0.0
user_443d5e096d,0.0001509433962264151,0.0
user_c2814f2203,0.0001509433962264151,0.0
user_6e0b160b16,0.0003018867924528302,0.0
user_85f9d5cc6a,0.0001509433962264151,0.0
user_c46a860c7a,0.0001509433962264151,0.0
user_54f69f2dbe,0.0001509433962264151,0.0
user_806afcc0f5,0.0003018867924528302,0.0
user_7ae489bcee,0.0001509433962264151,0.0
user_b97797c2db,0.0003018867924528302,0.0
user_7a697fdce4,0.0003018867924528302,0.0
user_f078c516e4,0.0004528301886792453,0.0
user_ff85921064,0.0001509433962264151,0.0
user_3b263640bc,0.0006037735849056604,0.0
user_d5cb39fa2c,0.0001509433962264151,0.0
user_e1b0f95376,0.0001509433962264151,0.0
user_ac87d8c210,0.0001509433962264151,0.0
user_296d6afc37,0.0003018867924528302,0.0
user_93b7ebc19f,0.0001509433962264151,0.0
user_3d68081439,0.0001509433962264151,0.0
user_85303fa201,0.0001509433962264151,0.0
user_ba7a48cc26,0.0001509433962264151,0.0
user_4d9246b5ea,0.0001509433962264151,0.0
user_89076c5aaf,0.0001509433962264151,0.0
user_a7aa1dd38d,0.0003018867924528302,0.0
user_f889c5d38a,0.0003018867924528302,0.0
user_ab1eef141c,0.0003018867924528302,0.0
user_dab4360f59,0.0003018867924528302,0.0
user_6109d54032,0.0001509433962264151,0.0
user_9ad824f884,0.0001509433962264151,0.0
user_2df008d035,0.0003018867924528302,0.0
user_d7c5e39119,0.0001509433962264151,0.0
user_28dc1d31b5,0.0001509433962264151,0.0
user_3f29fb54c5,0.0003018867924528302,0.0
user_da74c1d579,0.0001509433962264151,0.0
user_648ceabba7,0.0001509433962264151,0.0
user_90a0884c85,0.0001509433962264151,0.0
user_357b7b76b9,0.0003018867924528302,0.0
user_eadc02bc09,0.0003018867924528302,0.0
user_ddc44cb653,0.0001509433962264151,0.0
user_4e3303e540,0.0001509433962264151,0.0
user_6c0fd8f9be,0.0001509433962264151,0.0
user_bf760c07ce,0.0001509433962264151,0.0
user_04ed4d4bb3,0.0001509433962264151,0.0
user_80ab892660,0.0001509433962264151,0.0
user_9904c42119,0.0003018867924528302,0.0
user_fcdd8e7291,0.0001509433962264151,0.0
user_b2b22735f3,0.0001509433962264151,0.0
user_1daca819ca,0.0003018867924528302,0.0
user_d457178727,0.0001509433962264151,0.0
user_2e95309cd6,0.0001509433962264151,0.0
user_e868bbe588,0.0001509433962264151,0.0
user_556fe23e38,0.0003018867924528302,0.0
user_41690e9edc,0.0001509433962264151,0.0
user_acc15e5f7e,0.0001509433962264151,0.0
user_4397c3f85b,0.0003018867924528302,0.0
user_66148bef18,0.0003018867924528302,0.0
user_6fc81c10c5,0.0001509433962264151,0.0
user_ad64fc3a6b,0.0001509433962264151,0.0
user_91eb6f2d71,0.0001509433962264151,0.0
user_959a82bffa,0.0001509433962264151,0.0
user_6bf48e0732,0.0001509433962264151,0.0
user_2dd34bcab2,0.0001509433962264151,0.0
user_224580d8c1,0.0001509433962264151,0.0
user_86eaa745bc,0.0001509433962264151,0.0
user_2b628fcd08,0.0003018867924528302,0.0
user_7e0cd7437d,0.0003018867924528302,0.0
user_7f2b1afc0f,0.0001509433962264151,0.0
user_a398d9e9a1,0.0001509433962264151,0.0
user_03ab00ac46,0.0001509433962264151,0.0
user_4c3229184e,0.0001509433962264151,0.0
user_032bf5cdb4,0.0001509433962264151,0.0
user_60a14a3315,0.0003018867924528302,0.0
user_d9ea23b3a0,0.0001509433962264151,0.0
user_5c2677989e,0.0001509433962264151,0.0
user_fa4787cdf2,0.0001509433962264151,0.0
user_56afb22969,0.0001509433962264151,0.0
user_4c4ab16d55,0.0001509433962264151,0.0
user_dfd6e81d14,0.0001509433962264151,0.0
user_9484631fb6,0.0003018867924528302,0.0
user_7316aaad58,0.0004528301886792453,0.0
user_09563e04ef,0.0003018867924528302,0.0
user_51e05ec12d,0.0001509433962264151,0.0
user_6f59c4d456,0.0001509433962264151,0.0
user_1203aa44b9,0.0001509433962264151,0.0
user_cb7a21519a,0.0009056603773584906,0.0
user_18cafb1e22,0.0003018867924528302,0.0
user_0307eb14b1,0.0001509433962264151,0.0
user_acdbf540fe,0.0001509433962264151,0.0
user_9deccf7f02,0.0001509433962264151,0.0
user_6e52aba634,0.0004528301886792453,0.0
user_69d3adb7e1,0.0001509433962264151,0.0
user_e4bf4f0bf8,0.0001509433962264151,0.0
user_11f906d733,0.0006037735849056604,0.0
user_b0d76a5a13,0.0001509433962264151,0.0
user_e9b8f75add,0.0003018867924528302,0.0
user_fb89c06f66,0.0001509433962264151,0.0
user_51ab1f66d1,0.0001509433962264151,0.0
user_7a78b00855,0.0001509433962264151,0.0
user_a1919906ea,0.0001509433962264151,0.0
user_f27b323c2f,0.0001509433962264151,0.0
user_b7e07aacab,0.0001509433962264151,0.0
user_6d17ddf1cd,0.0001509433962264151,0.0
user_2be4c11d48,0.0001509433962264151,0.0
user_2f74c1f605,0.0001509433962264151,0.0
user_a195613d29,0.0001509433962264151,0.0
user_050358db63,0.0001509433962264151,0.0
user_8466c405f3,0.0003018867924528302,0.0
user_49582fc259,0.0001509433962264151,0.0
user_d48a8ce31a,0.0001509433962264151,0.0
user_541dae03ae,0.0001509433962264151,0.0
user_b339395f51,0.0001509433962264151,0.0
user_4f07e4e41b,0.0003018867924528302,0.0
user_da70a59836,0.0006037735849056604,0.0
user_4e1a62246d,0.0003018867924528302,0.0
user_0df7d859ce,0.0001509433962264151,0.0
user_c3b8e7f52f,0.0001509433962264151,0.0
user_5534c18f4f,0.0001509433962264151,0.0
user_8ed0acf0c0,0.0001509433962264151,0.0
user_1afbe8ab6b,0.0003018867924528302,0.0
user_14779f8ecd,0.0001509433962264151,0.0
user_03e4a72b15,0.0001509433962264151,0.0
user_29c7184845,0.0003018867924528302,0.0
user_1765d5c68a,0.0001509433962264151,0.0
user_f9b097b606,0.0001509433962264151,0.0
user_3286c34596,0.0001509433962264151,0.0
user_ea46c4e342,0.0001509433962264151,0.0
user_57a7d2415c,0.0001509433962264151,0.0
user_89aaa6cc1d,0.0001509433962264151,0.0
user_ad9b0bab23,0.0006037735849056604,0.0
user_52a77c2860,0.0001509433962264151,0.0
user_b80f236ff7,0.0001509433962264151,0.0
user_9d906ca753,0.0001509433962264151,0.0
user_1a066ccb88,0.0001509433962264151,0.0
user_0c06b34517,0.0003018867924528302,0.0
user_0bba9f4747,0.0003018867924528302,0.0
user_8b574f65ec,0.0003018867924528302,0.0
user_a0527a966f,0.0001509433962264151,0.0
user_00b27fe1d4,0.0004528301886792453,0.0
user_28f12693cd,0.0001509433962264151,0.0
user_ff65704f22,0.0001509433962264151,0.0
user_0cdb018095,0.0003018867924528302,0.0
user_e2e29b8c82,0.0001509433962264151,0.0
user_e51062b101,0.0001509433962264151,0.0
user_69221801a8,0.0001509433962264151,0.0
user_60ebdec884,0.0001509433962264151,0.0
user_b9d8fc0e65,0.0003018867924528302,0.0
user_2819dd8940,0.0001509433962264151,0.0
user_563babef2c,0.0006037735849056604,0.0
user_d9b8abda84,0.0012075471698113208,0.0
user_5371a5ec66,0.0001509433962264151,0.0
user_3611be4b03,0.0001509433962264151,0.0
user_a60f3a6be2,0.0001509433962264151,0.0
user_62945fb524,0.0003018867924528302,0.0
user_74427d7c0e,0.0001509433962264151,0.0
user_09fa186451,0.0001509433962264151,0.0
user_06e3ee354e,0.0001509433962264151,0.0
user_2fa9d8ed5e,0.0001509433962264151,0.0
user_dbdbfcc1ae,0.0004528301886792453,0.0
user_7f49c86e06,0.0003018867924528302,0.0
user_b09b4dffc7,0.0003018867924528302,0.0
user_68ddd79a27,0.0001509433962264151,0.0
user_7e422adbf5,0.0001509433962264151,0.0
user_618cf9263a,0.0001509433962264151,0.0
user_1b12390f5b,0.0001509433962264151,0.0
user_3ba4238609,0.0001509433962264151,0.0
user_2b8b8983cd,0.0001509433962264151,0.0
user_03aaffbc21,0.0004528301886792453,0.0
user_52505bf0e0,0.0001509433962264151,0.0
user_8c35d70f8d,0.0001509433962264151,0.0
user_a44f95db40,0.0001509433962264151,0.0
user_ba6eba0745,0.0001509433962264151,0.0
user_a91463f2d3,0.0001509433962264151,0.0
user_fac8a042a8,0.0004528301886792453,0.0
user_15027386ce,0.0004528301886792453,0.0
user_e96dc48899,0.0001509433962264151,0.0
user_e9f8837ef2,0.0001509433962264151,0.0
user_6d8cf092cb,0.0001509433962264151,0.0
user_5831dcabf0,0.0004528301886792453,0.0
user_96a27bc934,0.0001509433962264151,0.0
user_85defdcb05,0.0001509433962264151,0.0
