user,degree_centrality,betweenness_centrality
user_bbc5241347,0.09594966574911522,0.05755547773181307
user_0a404159f1,0.011600471883602045,0.025275301204130202
user_cebd2f4a0f,0.041093197011403855,0.0215605988435891
user_92ad4ac21e,0.019465198584349194,0.02129219334961079
user_09fbbe2cb6,0.011797090051120724,0.016781974972904897
user_9dd62c4155,0.006685017695635076,0.013475166691673743
user_63664a20f4,0.009044435705859222,0.013153904398321944
user_771ccfe47d,0.005898545025560362,0.012770355766779007
user_f8196046ba,0.018088871411718443,0.012402242213570287
user_a2430e51d4,0.001966181675186787,0.011685233809635473
user_526faac3c4,0.0021627998427054657,0.011670537984685737
user_7fc617cd26,0.004915454187966968,0.011217953936446163
user_5d6efbc002,0.013566653558788831,0.010210891276381027
user_5183eccb3d,0.035981124655918205,0.010162996564432458
user_735f0f062f,0.00609516319307904,0.010124880279873558
user_9d6ab456c3,0.003539127015336217,0.009817066891021521
user_171feb4bf7,0.015532835233975618,0.0092093021945528
user_d626c62493,0.006881635863153755,0.009199355222563137
user_c605d741fb,0.005112072355485647,0.009088295922748695
user_b5eb0eeb35,0.017892253244199765,0.009004634164372617
user_72ffeac194,0.002752654345261502,0.008705454010156021
user_8716e01f1e,0.003342508847817538,0.008494325497549844
user_a45fb6a539,0.0021627998427054657,0.008089573233304056
user_3d3eec0e31,0.00766810853322847,0.0080602554118065
user_2f6b940e95,0.0015729453401494297,0.00776606483958461
user_54206d245e,0.014746362563900904,0.007653615140403469
user_f881456a7f,0.007864726700747149,0.007245644358088284
user_ce6113160d,0.001966181675186787,0.007242347193615234
user_744275c552,0.0007864726700747149,0.007049001294899062
user_ff433ea58b,0.004522217852929611,0.006993710424312464
user_585fe3fdbd,0.003932363350373574,0.006439500285797149
user_f08c93c97b,0.007274872198191113,0.006294202238023367
user_3982bc97ae,0.004128981517892253,0.0062909654959336
user_2b8000bafc,0.002949272512780181,0.006225786846631596
user_117132b39c,0.0011797090051120724,0.006151224730839459
user_95a3522919,0.0023594180102241447,0.005962462001332396
user_e4e054dc4c,0.0009830908375933936,0.005877450250933774
user_5ea836b3df,0.0017695635076681085,0.005706136030331213
user_b93a09c7fc,0.0025560361777428233,0.005685426529550338
user_1306151b6c,0.0017695635076681085,0.00560579424382365
user_a4b0d20dd3,0.0011797090051120724,0.005600310359800841
user_1603de610a,0.008257963035784506,0.005279826318209612
user_c25f77098e,0.005701926858041683,0.005213251015198066
user_d1aaa37cdb,0.003539127015336217,0.00493618751008068
user_6f76869151,0.0021627998427054657,0.004866985914498196
user_3222dc614c,0.002752654345261502,0.00468114669885362
user_93dfeac7a1,0.007078254030672434,0.0046735803091779455
user_7805b077dc,0.0025560361777428233,0.004560375694144321
user_e6ad4b159a,0.0023594180102241447,0.004556701525231023
user_25e8325dcf,0.0064883995281163976,0.0045490937921080455
user_4ab63d2b70,0.002752654345261502,0.004458938025358169
user_ea3460b5a2,0.012583562721195438,0.004282982817889624
user_989090c691,0.001966181675186787,0.0042736768261192005
user_ce94923f7f,0.00609516319307904,0.004118842061125036
user_267af24f98,0.0023594180102241447,0.0038915618329228947
user_c7d3e8f7f6,0.002949272512780181,0.0038595868575658776
user_4bf1cb7874,0.001376327172630751,0.0038066391017191467
user_c4cdb10ab8,0.0007864726700747149,0.0037767720562630223
user_c1158f93cf,0.00039323633503735744,0.0036757554760117484
user_43a53c2bbd,0.0025560361777428233,0.0036234885542538774
user_6864eedb2d,0.0037357451828548957,0.00359244764403508
user_2b9ce58069,0.001376327172630751,0.0035482967919266833
user_a362c4f99c,0.0017695635076681085,0.003546401645372988
user_776f50a181,0.001966181675186787,0.0034136527926993876
user_05a6dc38c0,0.0023594180102241447,0.0033716525520922987
user_903e1a7776,0.007274872198191113,0.00330852389548795
user_aa3f28b112,0.0017695635076681085,0.0032241136187068247
user_6834554c33,0.001966181675186787,0.003222137405327579
user_c431506271,0.0037357451828548957,0.0031546509030997314
user_353aab36e7,0.003932363350373574,0.003149409263080672
user_571fba46e5,0.0031458906802988595,0.0030283148758959827
user_04935dcd34,0.0037357451828548957,0.003009070165169315
user_6fe678a2fd,0.0025560361777428233,0.0029672484094298932
user_64fb5f73bd,0.002752654345261502,0.002931479455226887
user_2378dd417f,0.002752654345261502,0.002930464249428963
user_d163d95ea1,0.004325599685410931,0.0028946137563908114
user_4dd7edb20f,0.011993708218639402,0.0028892558304171425
user_820a95ee5d,0.0005898545025560362,0.002888131302658492
user_8bf1d05095,0.004128981517892253,0.002807679959171699
user_b3042b2041,0.001376327172630751,0.002761797146332078
user_22230b2338,0.0025560361777428233,0.0027358356893396494
user_fed46c45d6,0.004128981517892253,0.002721229689348305
user_d9cc7a8675,0.003932363350373574,0.0026890237543634628
user_c235d0cf61,0.003932363350373574,0.0026818545160584017
user_f23340d1ee,0.0009830908375933936,0.002643648810239412
user_e0752097e8,0.004325599685410931,0.002632406185182579
user_adee107de0,0.004128981517892253,0.0026107989353646006
user_82d7cd75b8,0.0025560361777428233,0.0025842944121292543
user_01b4a2b49f,0.0031458906802988595,0.00257413608623407
user_c60935739f,0.0015729453401494297,0.0025726032569126185
user_20c519e228,0.0011797090051120724,0.002529401533009702
user_0fb91b8347,0.004128981517892253,0.0024959969232756694
user_8824a492be,0.001376327172630751,0.002486879776870282
user_b787aea803,0.0005898545025560362,0.0024789599446710933
user_2a3d75fe10,0.0015729453401494297,0.002474101354035592
user_6a569dd7e1,0.002752654345261502,0.0024008475351091495
user_6260c7936e,0.0047188360204482895,0.0023700618144490543
user_5f2914f383,0.0017695635076681085,0.0023609247020502035
user_42e9d43fb3,0.0047188360204482895,0.002360431525610913
user_d7a46ff715,0.004128981517892253,0.002358200449953308
user_70206df05e,0.004325599685410931,0.0023264901199630465
user_a3ce2cea4d,0.002752654345261502,0.0023231848429861425
user_a99640c79a,0.003932363350373574,0.0023212924931972543
user_5e8eddcb6a,0.003539127015336217,0.002226341798759082
user_244434ed4a,0.001966181675186787,0.002207805870587547
user_e04354e2ae,0.0011797090051120724,0.002178636046909142
user_d4ce3e58f6,0.00609516319307904,0.002166442953115698
user_6837ac798c,0.003932363350373574,0.0021549618112281653
user_50b5613474,0.004915454187966968,0.0021510087093864327
user_b6d8c6e2ee,0.0021627998427054657,0.0021442904524398058
user_f83d16d681,0.004128981517892253,0.0021396482576220605
user_47ca5e2a34,0.0017695635076681085,0.002126685357158464
user_ebd9891ac9,0.0031458906802988595,0.0021136573849015305
user_be64071183,0.0047188360204482895,0.002112873733612722
user_fd0a4c3b0f,0.004325599685410931,0.0020988461531027433
user_fe50f4c2c6,0.0015729453401494297,0.0020876405056531157
user_a3032e281e,0.0017695635076681085,0.002085449266926804
user_5650e41a0e,0.0015729453401494297,0.0020846125728534327
user_0b6f25649f,0.0015729453401494297,0.0020689233223271227
user_e87a30865f,0.001376327172630751,0.002059797391922264
user_f5fbbc3ca3,0.0005898545025560362,0.002052927652568439
user_4f6cdfee75,0.005308690523004325,0.0020507988708147466
user_47e142c64b,0.004325599685410931,0.002049942360224376
user_ea8bb49a2f,0.0015729453401494297,0.0020475914994938825
user_cc5fc554fb,0.0009830908375933936,0.0020448050947392713
user_7927feeac0,0.0017695635076681085,0.002039165411634826
user_d40f7526eb,0.0015729453401494297,0.002033767013135015
user_6d062fc33d,0.0011797090051120724,0.002012847646565913
user_fbf8319a25,0.0005898545025560362,0.0020085951734168596
user_cc09e34738,0.002752654345261502,0.0019907691770323344
user_a76836ff98,0.002949272512780181,0.001985410102918786
user_82521493f1,0.001966181675186787,0.001972720515621359
user_9a72bbbd10,0.001376327172630751,0.001939380585573228
user_83f65bd493,0.0015729453401494297,0.0018832516264131822
user_b5cbe5563e,0.004522217852929611,0.0018647116234441568
user_2d872847c8,0.0021627998427054657,0.0018632797856116998
user_ba13fc310e,0.00039323633503735744,0.0018360048269093964
user_ab12a0a4b2,0.004915454187966968,0.001828726097809602
user_024ef23f93,0.001376327172630751,0.0018267251714059775
user_ac1044f9bb,0.001966181675186787,0.001820843027298541
user_15c40d1508,0.0017695635076681085,0.001812651156423882
user_1e5608e492,0.0025560361777428233,0.0017991351232803788
user_3de9b453ee,0.0017695635076681085,0.001798075285176222
user_d02fa5ff0e,0.0009830908375933936,0.0017862174295953182
user_dcacd97738,0.003342508847817538,0.001773874675842471
user_64c835378a,0.0025560361777428233,0.0017614601189414626
user_7850a3f809,0.002949272512780181,0.0017387409063842952
user_d6f2f63628,0.004325599685410931,0.0017364583423289971
user_e01716ad0f,0.0011797090051120724,0.0017324992980357152
user_fda15dd6a1,0.0021627998427054657,0.0017263794959131275
user_749c100c34,0.0023594180102241447,0.0017161835836609597
user_93010efda1,0.0021627998427054657,0.0017113161438301631
user_eabf2b12d1,0.0011797090051120724,0.0017017764574868994
user_5ff2cf6464,0.0025560361777428233,0.0016977152838145299
user_a3b4b8409c,0.0007864726700747149,0.0016883314857940067
user_c1416aca57,0.0009830908375933936,0.001680179518637997
user_eb0d6f13e3,0.0021627998427054657,0.0016720979900537451
user_d84a7a4dc5,0.0021627998427054657,0.0016464866722182886
user_c1716f4baa,0.0031458906802988595,0.001575800758803895
user_bc1a050381,0.0011797090051120724,0.0015743177734018354
user_b1a345c225,0.0007864726700747149,0.0015718433717383745
user_e3e730a485,0.0031458906802988595,0.0015637701262190373
user_6f8394ca1e,0.0011797090051120724,0.001560924292605971
user_8db3c2e9ec,0.0007864726700747149,0.0015473454275279168
user_816b58ec64,0.004325599685410931,0.0015245905232828829
user_ef8b69e597,0.003342508847817538,0.0015196334391088502
user_35c399b5fe,0.0011797090051120724,0.0015190279881332248
user_9e5108e8ed,0.0009830908375933936,0.0014917300711656115
user_75f1ce8883,0.0017695635076681085,0.0014842659611735158
user_ef4c33749e,0.001376327172630751,0.0014743934288838855
user_99fe824d0a,0.0021627998427054657,0.0014711064077845752
user_ee1b89c4bc,0.0015729453401494297,0.0014686292580078932
user_f4616956c7,0.001376327172630751,0.0014679286827046772
user_7b0bdd5e33,0.0007864726700747149,0.0014568149186246406
user_95c4da398a,0.0007864726700747149,0.0014541970803319852
user_646cf981f4,0.0007864726700747149,0.0014468590893167708
user_7c9f3d33b6,0.001966181675186787,0.001415340562202606
user_c813e6e3d2,0.001966181675186787,0.0014140156843496811
user_bf98b07525,0.001376327172630751,0.0014006399035173531
user_a8671bfabb,0.0005898545025560362,0.0013949448173809684
user_7efe46d0a9,0.001376327172630751,0.0013835561282734678
user_f5e98fe91e,0.001376327172630751,0.0013773113780092797
user_f15ca660a8,0.0021627998427054657,0.0013747593264905407
user_fb9bd39ca3,0.0017695635076681085,0.0013698350757138141
user_e7f34514b7,0.001376327172630751,0.001360609865368848
user_c74bf9fddc,0.0017695635076681085,0.001356961648025222
user_d3f96cdf81,0.0007864726700747149,0.0013252631243212188
user_f8e9fe66c3,0.001376327172630751,0.0013148059474618649
user_94792b46a9,0.001376327172630751,0.0012762247921160584
user_6daab86381,0.0007864726700747149,0.0012502460849244778
user_649196fa6b,0.0017695635076681085,0.0012492137331006005
user_63c47c2005,0.0009830908375933936,0.0012476126500694372
user_67ddeb29d5,0.0015729453401494297,0.0012464925909393874
user_9f7c4c2306,0.0037357451828548957,0.0012418124602370675
user_372323f109,0.0011797090051120724,0.001238849766197428
user_a6dd5b046d,0.0011797090051120724,0.0011923251780307355
user_6e4f74a7a8,0.0011797090051120724,0.0011884785463344453
user_21e3efaef1,0.0017695635076681085,0.0011759440475348102
user_f5ea1a428a,0.0025560361777428233,0.0011694718431268466
user_a9e8e26ec2,0.0017695635076681085,0.0011644390779600685
user_117d34d475,0.0011797090051120724,0.0011612953843238435
user_ff65956e66,0.001966181675186787,0.0011496100865241035
user_0746c9fb19,0.0023594180102241447,0.00114917720491274
user_f5f991e585,0.0007864726700747149,0.00114012025241409
user_b3fcba0e54,0.001376327172630751,0.001135381064396628
user_b5dd4d75be,0.002752654345261502,0.001129979851704301
user_1977cf7c9a,0.0025560361777428233,0.0011168370497453629
user_5a284a16fc,0.002949272512780181,0.0011114519446328022
user_9b6b425d69,0.0017695635076681085,0.0011110832380439042
user_107a79edd0,0.0007864726700747149,0.001110824526367354
user_ffacbffa41,0.0011797090051120724,0.001096484832509126
user_0351350fe4,0.001376327172630751,0.0010963257711526886
user_039b04793e,0.0011797090051120724,0.001093600938062256
user_c1a8a405f1,0.0007864726700747149,0.0010881195067261973
user_a3927f7bb1,0.003342508847817538,0.0010873847889171526
user_fb9019ee0a,0.0009830908375933936,0.0010844622138257683
user_d16569d7bc,0.0047188360204482895,0.001080565775090996
user_c289d6bba3,0.003539127015336217,0.001074470892431648
user_239478f622,0.0005898545025560362,0.0010631751659099223
user_59b1e82740,0.002949272512780181,0.0010567351024183998
user_a2cd92ea01,0.0009830908375933936,0.001054304271995296
user_697bc602b9,0.0031458906802988595,0.0010457493441078437
user_7493ad380c,0.001966181675186787,0.0010454070788726913
user_e964c717e9,0.0015729453401494297,0.00103983825460588
user_0de955eb38,0.0011797090051120724,0.0010395526040079372
user_8860b20b32,0.007078254030672434,0.0010363291252272857
user_a701fc5ad2,0.0015729453401494297,0.001028042521529186
user_c1f4da5c9a,0.0017695635076681085,0.0010238402960704971
user_ff9c25577e,0.0023594180102241447,0.0010071643220983593
user_871efc1d8f,0.0015729453401494297,0.000996735607573488
user_8ab9dc0ece,0.001376327172630751,0.0009894116689660069
user_c1cd7d037a,0.001376327172630751,0.0009874461279683294
user_533411ca6e,0.0023594180102241447,0.000979254767688585
user_d66dba5e60,0.0011797090051120724,0.0009620126462526971
user_15891b03fd,0.0009830908375933936,0.0009442198887658744
user_da5728bab8,0.006881635863153755,0.0009383585189695025
user_b3ab12aec1,0.0009830908375933936,0.0009357164818248577
user_e7d5a53eb7,0.0017695635076681085,0.000933369722637549
user_2dac8146a3,0.0007864726700747149,0.0009332431040820705
user_ba5b5a0f94,0.0007864726700747149,0.0009289141689199455
user_b9360e5bec,0.0021627998427054657,0.000915074903652873
user_09ce46a2a6,0.0023594180102241447,0.0009104651669940329
user_3b26a8371e,0.0007864726700747149,0.0009048479057234424
user_1086614911,0.0007864726700747149,0.0008982591839577758
user_0350eded8e,0.0021627998427054657,0.0008946451800056281
user_74226adb66,0.001376327172630751,0.0008859160396200713
user_a0f331644c,0.0023594180102241447,0.0008804393434502924
user_f1e9c9db4f,0.0025560361777428233,0.0008734277591091775
user_096904da5e,0.0007864726700747149,0.0008624160249521558
user_2f42a576db,0.0011797090051120724,0.0008611328995747092
user_f724e16219,0.0021627998427054657,0.000853062814414306
user_7eb708d4e6,0.0015729453401494297,0.0008508466615630828
user_9a5a41d5c1,0.0009830908375933936,0.0008482176108190897
user_86653577e1,0.001376327172630751,0.0008452745590379357
user_f4761dc166,0.0009830908375933936,0.0008308444310994144
user_2fd4ec01aa,0.0005898545025560362,0.0008255757721567619
user_492d858408,0.0007864726700747149,0.000820571302846146
user_26db1a123d,0.0011797090051120724,0.0008174958227465016
user_6d25ca4212,0.0031458906802988595,0.0008166033213598798
user_8a1d1b39f2,0.0007864726700747149,0.0008165233688398092
user_fceb3f233b,0.0017695635076681085,0.0008150458164340328
user_0a1b1c2841,0.001966181675186787,0.0008107019189071777
user_2abffdabc6,0.0005898545025560362,0.0008100605297925718
user_00e982233f,0.0025560361777428233,0.0008072826670800402
user_6bab745a25,0.0025560361777428233,0.0008058182659157457
user_ac947e1e0a,0.0011797090051120724,0.0008020621187344917
user_001c08f2ff,0.00039323633503735744,0.0007960922541979685
user_45baff6357,0.0009830908375933936,0.0007844124813238724
user_c092cece78,0.0031458906802988595,0.0007797666285565603
user_9e30095d0e,0.0015729453401494297,0.0007785264123787112
user_142b364045,0.0011797090051120724,0.0007772350967850051
user_13c863a9b3,0.001966181675186787,0.0007745247345245198
user_3935ea8db8,0.0011797090051120724,0.0007741884930754142
user_1fb43119f6,0.0011797090051120724,0.0007555979583772927
user_a96292978e,0.0021627998427054657,0.0007546664788789792
user_bd9f9fd89a,0.0009830908375933936,0.0007505368940793674
user_00ec50b4d6,0.0007864726700747149,0.000745868399852545
user_e20aee860c,0.0017695635076681085,0.0007435857707572251
user_207f74c574,0.0011797090051120724,0.0007360345614912203
user_ea001ba9be,0.0011797090051120724,0.0007356411704909576
user_d60a8f55d7,0.0007864726700747149,0.0007140748669279937
user_9969ef965e,0.0009830908375933936,0.000712797186152915
user_ff29b2f15d,0.0009830908375933936,0.0007101457868708157
user_b16f8d786b,0.0007864726700747149,0.0006969385209044132
user_ad76748a0a,0.0007864726700747149,0.0006943107626871838
user_517621966d,0.0009830908375933936,0.0006931126187610818
user_9548423ca5,0.0009830908375933936,0.0006919504166856085
user_239c86d87c,0.001966181675186787,0.0006903332484645465
user_21aec7ce86,0.0007864726700747149,0.0006804118697982181
user_091579ea86,0.0025560361777428233,0.0006747057724208786
user_b072d80ccb,0.0007864726700747149,0.0006730014111934468
user_19ed266316,0.0011797090051120724,0.0006686335701129043
user_f0a46ae4a0,0.0005898545025560362,0.0006682787660581581
user_531bfa0527,0.003932363350373574,0.0006549398335343942
user_024f972d11,0.0007864726700747149,0.000652522803684295
user_f3b0f4f7a5,0.0007864726700747149,0.0006488323221025752
user_2bfe4543df,0.0007864726700747149,0.0006487367275218476
user_7500f8247c,0.002752654345261502,0.0006416417926710976
user_32bafeaa01,0.0009830908375933936,0.0006377851591756496
user_ab20f8b2f8,0.0017695635076681085,0.0006374270626709732
user_77f749f694,0.0009830908375933936,0.0006369000294250591
user_b6447a62a9,0.0031458906802988595,0.0006347390327517913
user_543a4a9bdc,0.0007864726700747149,0.0006283781188281017
user_26f53db55d,0.0017695635076681085,0.000627268626518021
user_01d8282cb4,0.0009830908375933936,0.0006252999272720663
user_52148ad906,0.002949272512780181,0.0006212690098494034
user_05d30f1638,0.0009830908375933936,0.0006165719457594779
user_2ea0115590,0.0007864726700747149,0.0006140191912109792
user_868a81e81c,0.001966181675186787,0.0006085758774061558
user_eb9bdcdf54,0.0007864726700747149,0.0006085758774061558
user_64b3ba461b,0.0017695635076681085,0.0006066341583348934
user_fc6ee988bd,0.005112072355485647,0.0005999250219813347
user_a690d43cbe,0.001376327172630751,0.0005942034188678153
user_57acbbfd37,0.0009830908375933936,0.0005924077496441332
user_3a8b7115b2,0.0007864726700747149,0.0005866173600902783
user_d0a1e073ec,0.0011797090051120724,0.0005855789945236364
user_27439bd9a9,0.001966181675186787,0.0005773245510768841
user_23e46e9022,0.0015729453401494297,0.0005715440752011383
user_a7adb347d3,0.0007864726700747149,0.0005692790967147783
user_4aa075ea25,0.0005898545025560362,0.0005629315938479156
user_e0edd46dcc,0.001966181675186787,0.0005613502244698762
user_ffebea5450,0.0015729453401494297,0.000549607503112039
user_101c923d18,0.001376327172630751,0.0005484441897255486
user_977ef4a122,0.0007864726700747149,0.0005440531968464275
user_6dbc0b91ed,0.001376327172630751,0.0005410402940370159
user_07600cb5ee,0.0011797090051120724,0.000539585555165271
user_0f8b05df46,0.001966181675186787,0.0005377040029964942
user_22bce3b8ff,0.0005898545025560362,0.0005376471820353341
user_2f4b0ac636,0.0011797090051120724,0.0005350389558188162
user_5554ee0988,0.0021627998427054657,0.000533260233760653
user_d1f20d877b,0.0009830908375933936,0.0005299945155662106
user_986e27ef3c,0.001966181675186787,0.0005226030842344929
user_9e70491be3,0.015729453401494297,0.0005192761203465583
user_5688e32295,0.0009830908375933936,0.0005185013029518797
user_79c9ae66c3,0.00039323633503735744,0.0005158123816052117
user_7397178ecc,0.0021627998427054657,0.0005128889803561843
user_6b82d459e9,0.004128981517892253,0.0005110149093410449
user_efa6075370,0.0017695635076681085,0.0005109326668674442
user_116acff26c,0.0007864726700747149,0.0005098347363402572
user_f21e2a2b5c,0.0009830908375933936,0.0005057041308375006
user_b5059b3e46,0.00039323633503735744,0.0005009194347430374
user_d3c154ce7f,0.0009830908375933936,0.0004999343961669832
user_ef3a1ceb4a,0.001376327172630751,0.0004996504939045389
user_d2eb8f161c,0.0005898545025560362,0.0004996409139921842
user_40e70be616,0.0017695635076681085,0.000496578180127747
user_da1630ac0b,0.0009830908375933936,0.00048803431840904125
user_243876eb13,0.0007864726700747149,0.0004872475364085162
user_25d00c1c09,0.001966181675186787,0.00048701805832502973
user_a449533eb1,0.0005898545025560362,0.00048701805832502973
user_503d267bf9,0.0005898545025560362,0.0004864607544079911
user_e52a349f33,0.00039323633503735744,0.00048622190987211727
user_68e03b4ffd,0.0007864726700747149,0.0004859362330743078
user_3897c43c33,0.0005898545025560362,0.0004834775393226667
user_070e592f4e,0.0007864726700747149,0.0004831620459847577
user_0277826710,0.0011797090051120724,0.0004830841483224044
user_f1ae36af9c,0.0007864726700747149,0.00048308414832240427
user_d6d63c4452,0.0007864726700747149,0.00048308414832240416
user_313ed3f57d,0.0017695635076681085,0.000482887452822273
user_5e106fb97e,0.00039323633503735744,0.0004826907573221418
user_6796510295,0.001376327172630751,0.0004826907573221417
user_0dedbf0f81,0.0005898545025560362,0.0004826907573221417
user_a5fa3801e3,0.0017695635076681085,0.00048269075732214166
user_3e3e22fa48,0.0007864726700747149,0.00048269075732214166
user_7616d5cc6d,0.00039323633503735744,0.00048229736632187926
user_782b463f8b,0.00039323633503735744,0.00048229736632187926
user_d32995d2a8,0.0005898545025560362,0.00048229736632187916
user_0c25cf753e,0.0007864726700747149,0.00048229736632187916
user_8c040b4759,0.0005898545025560362,0.00048229736632187916
user_2e71692d29,0.0007864726700747149,0.00048229736632187916
user_e2555f8dba,0.00039323633503735744,0.00048229736632187916
user_b919e8f120,0.00039323633503735744,0.00048229736632187916
user_a43e51372e,0.0017695635076681085,0.00048229736632187916
user_142f7a3f5d,0.00039323633503735744,0.00048229736632187916
user_2db02e36a4,0.00039323633503735744,0.00048229736632187916
user_f96b1ddda6,0.00039323633503735744,0.00048229736632187916
user_cf138253b0,0.00039323633503735744,0.00048229736632187916
user_137ba75bb7,0.0007864726700747149,0.00048229736632187916
user_6d558502ba,0.00039323633503735744,0.00048229736632187916
user_4beb855fb9,0.0009830908375933936,0.00048229736632187916
user_34f240f85d,0.0011797090051120724,0.00048229736632187916
user_081841c821,0.0009830908375933936,0.0004822973663218791
user_9ec76631f5,0.0007864726700747149,0.0004822973663218791
user_9eb33f96c0,0.0005898545025560362,0.0004819039753216167
user_312f322dc7,0.0005898545025560362,0.00048190397532161665
user_aaee4fbbb3,0.0007864726700747149,0.00048190397532161665
user_fa2c98a570,0.0005898545025560362,0.00048190397532161654
user_22cc55192e,0.0007864726700747149,0.00048190397532161654
user_a0607c043a,0.0007864726700747149,0.0004815105843213541
user_67ded97889,0.0007864726700747149,0.0004813138888212228
user_77357954ca,0.0007864726700747149,0.0004807238023208291
user_dca9d110b5,0.0005898545025560362,0.000480723802320829
user_8d21bcc5b4,0.0009830908375933936,0.0004803890619057595
user_f7e092f8b4,0.0005898545025560362,0.0004803631939039217
user_3dcaad093d,0.00039323633503735744,0.00047993702032030403
user_9943e3f2ea,0.0007864726700747149,0.00047358890721487684
user_c5d7a7ffd9,0.0009830908375933936,0.000473412349587378
user_7d639b2d8a,0.0009830908375933936,0.0004690274449023087
user_bf3c649255,0.0011797090051120724,0.0004684989117140189
user_3df4c580e8,0.0007864726700747149,0.00046259331694971975
user_9dc50fb950,0.00039323633503735744,0.00046074578380908327
user_69a628a5fa,0.0011797090051120724,0.00046002846726210864
user_5d8983ce38,0.001966181675186787,0.00045965958754724703
user_b139f14db2,0.00039323633503735744,0.00045687003096082565
user_428f7089b8,0.0005898545025560362,0.00045026715144212763
user_95bd050e84,0.0005898545025560362,0.0004502194524012645
user_c3e8bc40fe,0.0009830908375933936,0.00044490908918859147
user_403a498348,0.0011797090051120724,0.00044472389060370185
user_a8d8ef8083,0.0031458906802988595,0.000441933897352833
user_41477479e4,0.0005898545025560362,0.00042845564332562005
user_7c9a83f433,0.001376327172630751,0.0004176224809108588
user_b9b947d90a,0.0011797090051120724,0.0004167317738636192
user_93f6416c8f,0.0015729453401494297,0.00041659451276136343
user_e1f2fb36a9,0.0007864726700747149,0.0004145029839433008
user_5497fc7751,0.0011797090051120724,0.00041215788441548694
user_8fc4c028bf,0.001376327172630751,0.0004064102555480009
user_b10d9240f2,0.0011797090051120724,0.00040249363090750817
user_034f1bccae,0.0009830908375933936,0.0004019046382515541
user_e38edd4b7e,0.0023594180102241447,0.000400879577540349
user_0c1037a614,0.001376327172630751,0.0003999703654007736
user_fb3f7c6a2e,0.0005898545025560362,0.0003982312990243605
user_6a2a2f1172,0.0011797090051120724,0.0003981249614065767
user_24af08c3e5,0.0015729453401494297,0.0003917860377320681
user_1e715ef4cb,0.0007864726700747149,0.00038914047952067225
user_3c2c684df5,0.001376327172630751,0.00038770650030875046
user_1ba5af95bf,0.0007864726700747149,0.00038586411912418754
user_ae098e9a25,0.0011797090051120724,0.0003835562252559806
user_504cf802e7,0.0021627998427054657,0.00038316283425571804
user_29f79d168f,0.0011797090051120724,0.00038237605225519293
user_80e94bbd9b,0.0017695635076681085,0.00038237605225519293
user_603d5cd17e,0.0005898545025560362,0.00038237605225519293
user_bf06b8eed2,0.0017695635076681085,0.00038237605225519293
user_2affd9e92c,0.0011797090051120724,0.00038237605225519293
user_ac169f4a3a,0.0005898545025560362,0.00038043342055523724
user_26f014e492,0.0007864726700747149,0.000380212401753749
user_96022758c2,0.0009830908375933936,0.0003734386587119407
user_a22cd7308b,0.001966181675186787,0.000372511134301856
user_c5b9afc404,0.0009830908375933936,0.00037211144223362407
user_5502970d24,0.0005898545025560362,0.00036829325049276385
user_2238638128,0.00039323633503735744,0.0003676328271411181
user_c65e131839,0.006685017695635076,0.00036758595561317943
user_c2edee62ed,0.0017695635076681085,0.00036066763340964836
user_5cde18883e,0.0005898545025560362,0.0003594385470041706
user_c6797fa75b,0.0009830908375933936,0.00035718094967528944
user_9a206a01c9,0.0007864726700747149,0.000356526776772335
user_d1c457fb7a,0.0007864726700747149,0.0003540509635910511
user_16bc6a7862,0.0017695635076681085,0.0003510316876640361
user_f3267ef82e,0.001376327172630751,0.0003498192004025126
user_ffecb97309,0.0015729453401494297,0.00034815820198758697
user_afec67f641,0.0011797090051120724,0.00034390100746165805
user_6604e43ffd,0.0017695635076681085,0.0003438507408338467
user_bb9db398b5,0.00039323633503735744,0.0003359528062650116
user_e2fa36a416,0.0011797090051120724,0.00033584660645507973
user_2311a3c92a,0.0007864726700747149,0.0003345178275511529
user_165455dc6f,0.0007864726700747149,0.00032587602636363936
user_cceb771a83,0.0009830908375933936,0.000323381079637951
user_c38443917b,0.0005898545025560362,0.00032168893394802454
user_ff3292a099,0.0025560361777428233,0.00032010694013982565
user_ffd6c7d1b0,0.0005898545025560362,0.0003199110535605825
user_b511381e0c,0.0011797090051120724,0.000316609506818444
user_7655da60af,0.0009830908375933936,0.00031235120534814175
user_4aab288478,0.0009830908375933936,0.0003106506850891191
user_8025da6488,0.0007864726700747149,0.00030897758932235556
user_cf1b1748b7,0.0015729453401494297,0.0003088728171466139
user_e981b0034d,0.0064883995281163976,0.00030433477096501396
user_0a42ed0330,0.001376327172630751,0.0003034248292983936
user_b17803dbb6,0.001376327172630751,0.00030082984448172263
user_9ab7f09758,0.0007864726700747149,0.0002986348163647812
user_85ae610e1d,0.0007864726700747149,0.00029780369982295666
user_8608aa2aec,0.0007864726700747149,0.0002974076549945178
user_acddfd344e,0.0009830908375933936,0.00029274609936575746
user_bf0f5cb4a6,0.0009830908375933936,0.000292021731997958
user_995546fd2c,0.0023594180102241447,0.00028345769965678615
user_e024fc7b89,0.0021627998427054657,0.0002819985679407053
user_9715085ac6,0.0005898545025560362,0.00027971698311894644
user_1bb4449d14,0.0011797090051120724,0.0002792879406363933
user_c923ab6f15,0.0011797090051120724,0.00027810458871843174
user_3557f998da,0.0011797090051120724,0.000276407409030978
user_83ba9efb38,0.0021627998427054657,0.000274190957412723
user_eb37a8e662,0.0009830908375933936,0.00027226091584043363
user_df3f1daac9,0.0015729453401494297,0.00027159142736866645
user_42ca9ba39a,0.0005898545025560362,0.00027104258302090584
user_edb38b0bae,0.002752654345261502,0.00027054368050304615
user_4e0bc8761e,0.0005898545025560362,0.0002686204880126072
user_dbc44fe892,0.0025560361777428233,0.0002656602207356316
user_6a3cca5d5c,0.0007864726700747149,0.0002625950491919193
user_ecec3ebb40,0.001966181675186787,0.0002600820300164326
user_7a3cec441b,0.0005898545025560362,0.0002594287199624252
user_626b3d3790,0.0011797090051120724,0.0002590610867062274
user_37a850a000,0.0005898545025560362,0.0002580972787555842
user_d5993eaa31,0.0023594180102241447,0.00025786780067209774
user_b9aac7e751,0.0011797090051120724,0.0002560975411709163
user_1d2b6ce82b,0.0009830908375933936,0.0002553107591703912
user_0d6d0b4f06,0.00039323633503735744,0.00025522646109890634
user_0589060c09,0.0007864726700747149,0.0002549173681701286
user_339392f9a1,0.0007864726700747149,0.0002549173681701286
user_6b5775fd33,0.0007864726700747149,0.0002549173681701286
user_99fbc924e6,0.0009830908375933936,0.0002549173681701286
user_fadf122bd1,0.0005898545025560362,0.0002545239771698661
user_59c31ef43e,0.00039323633503735744,0.00025413058616960356
user_12d1092da4,0.0011797090051120724,0.00025055681626126613
user_c7d5cea84d,0.0005898545025560362,0.00024986097290680283
user_1ce64e520c,0.001966181675186787,0.00024920322197536987
user_d63f842f3f,0.0007864726700747149,0.00024918834208850933
user_76a69b56c8,0.0021627998427054657,0.00024752221341216285
user_aa10600fc6,0.0011797090051120724,0.0002462711839632289
user_26b4c34cbf,0.003342508847817538,0.00024190705358922347
user_7d4301bc26,0.0011797090051120724,0.00024182962424948933
user_dd12a10e9b,0.0011797090051120724,0.00023951137574576055
user_b6ed1f16b3,0.0009830908375933936,0.00023724977597928677
user_c0b941effa,0.001376327172630751,0.00023299576057162678
user_ec9cae366a,0.0017695635076681085,0.0002272615136207134
user_9136d5065a,0.0007864726700747149,0.00022522277207598238
user_87e478402f,0.0009830908375933936,0.00022416068494882842
user_8ae41e06e6,0.0009830908375933936,0.00021850765451116112
user_52ba38cebc,0.0005898545025560362,0.00021843503612197125
user_8e0a46333d,0.0007864726700747149,0.00021766605038098184
user_ec6cd64f4a,0.00039323633503735744,0.00021756161443686452
user_30cb64e9d9,0.0009830908375933936,0.00021747249122324087
user_89407ab41e,0.0017695635076681085,0.00021421716650447386
user_01e7d924ec,0.0007864726700747149,0.00020875012435360291
user_2efa9c2655,0.0011797090051120724,0.00020760631545796454
user_29cd1b5236,0.00039323633503735744,0.00020757931780520248
user_8efc7f6cff,0.0005898545025560362,0.00020736295275505803
user_433aaea094,0.0007864726700747149,0.00020284644941394862
user_70bd51410a,0.0017695635076681085,0.00020064783082359236
user_a55cdc4a37,0.0011797090051120724,0.0002003971221146949
user_974c0d658d,0.001376327172630751,0.00019988548674884117
user_dd240a02f0,0.0007864726700747149,0.00019721346494828445
user_a7a7d8f4cb,0.00039323633503735744,0.0001962538358763986
user_bcacdee1a8,0.0007864726700747149,0.00019179514144976033
user_94d15b0ea6,0.001376327172630751,0.00019164461229828365
user_30c0cca834,0.0005898545025560362,0.00019118802612759646
user_4ab2991ba1,0.0011797090051120724,0.0001888120693720425
user_e5e99cee50,0.0007864726700747149,0.0001876372040276076
user_fd0f61764b,0.001376327172630751,0.00018660033774834422
user_472d7ea40e,0.0009830908375933936,0.0001854533796287143
user_9bc1c64408,0.0005898545025560362,0.0001836887223140551
user_823625c88a,0.001376327172630751,0.00018059587410436588
user_bccd09ef94,0.0011797090051120724,0.00017895018841993415
user_2c022b25f3,0.0007864726700747149,0.00017853834834678773
user_15fea0b8c1,0.0005898545025560362,0.0001784365378476577
user_1fb5398a96,0.0007864726700747149,0.0001782962812272955
user_61495e6107,0.0011797090051120724,0.00017812402474459926
user_d6459708a6,0.0009830908375933936,0.00017798312950248333
user_2e5144a643,0.0007864726700747149,0.0001759460407326839
user_ec5abea857,0.0005898545025560362,0.00017550473890930136
user_3477a6cd99,0.0007864726700747149,0.00017490913187863695
user_1771165d6f,0.001376327172630751,0.00017432466524967545
user_ba35424c3c,0.0005898545025560362,0.0001704101773583828
user_d3bc59f8e9,0.0017695635076681085,0.00017034501573789238
user_864e10b551,0.0005898545025560362,0.00016931548651299904
user_03541d174a,0.0011797090051120724,0.00016890648716041238
user_6e8b328be1,0.001376327172630751,0.00016853526102914493
user_7fdc7aa4a3,0.0009830908375933936,0.000168468603109656
user_03d4b3962f,0.0005898545025560362,0.00016700571935431466
user_77c4f721d9,0.0005898545025560362,0.00016638395721493864
user_194d36e780,0.00039323633503735744,0.00016622081064426704
user_bba77d0f54,0.0011797090051120724,0.0001609297016907358
user_62a08b03a2,0.0009830908375933936,0.00016089286031134608
user_00d614c904,0.00039323633503735744,0.00016076578877395975
user_79db98fb97,0.00039323633503735744,0.00016076578877395975
user_8a9ad9c403,0.00039323633503735744,0.00016076578877395975
user_65b4cc5aef,0.0005898545025560362,0.00016036911951536166
user_038d9329f9,0.0021627998427054657,0.00015837336321878885
user_450d58db01,0.0011797090051120724,0.00015766861518459104
user_9184151af4,0.00039323633503735744,0.00015701436848534496
user_26a119330a,0.0009830908375933936,0.00015564795918959176
user_48619d8e08,0.001376327172630751,0.00015490504340774674
user_d9aef11ca9,0.0015729453401494297,0.00015378216187406083
user_6625921202,0.0009830908375933936,0.0001523903070493224
user_c920ab7e2b,0.0005898545025560362,0.00015225829903388222
user_c26fd0cd8f,0.0005898545025560362,0.00015192198442996223
user_187c6f39ec,0.0009830908375933936,0.00015017314004492062
user_6b529e15ac,0.0011797090051120724,0.00014952885584503173
user_d798b41779,0.00039323633503735744,0.0001494584873694048
user_4d004f2555,0.0009830908375933936,0.0001491139220042787
user_b16af23414,0.00039323633503735744,0.000148379620520311
user_bbaab245fa,0.0007864726700747149,0.0001466096732342091
user_92d9ab88d2,0.0015729453401494297,0.00014419466121051938
user_5f7a7e0557,0.0005898545025560362,0.00014245715590950416
user_4765c8b672,0.0007864726700747149,0.00014171239522037073
user_bd914e7633,0.0007864726700747149,0.00014116180392754294
user_bcafa2e2d9,0.0011797090051120724,0.00013946366610974296
user_72adebf731,0.0007864726700747149,0.00013929538218185284
user_9721d4d371,0.0015729453401494297,0.00013876633372951567
user_9852ff938a,0.0007864726700747149,0.0001381589192922055
user_4af1c55ce2,0.05092410538733779,0.0001353265040903152
user_40d70c7a79,0.0009830908375933936,0.00013526843208551452
user_104fad0006,0.00039323633503735744,0.0001343008775539164
user_1301e430ec,0.0007864726700747149,0.00013358902717248896
user_9aacb4fc6d,0.001376327172630751,0.00013329398392229207
user_a9553cc16c,0.0007864726700747149,0.00013282456855015336
user_a8d19dcb72,0.0005898545025560362,0.00013281283646812477
user_fad8d31e4b,0.001376327172630751,0.0001327891321386218
user_6ac124f708,0.0005898545025560362,0.00013178036521651997
user_f4173c8e5b,0.00039323633503735744,0.0001317766186355651
user_966278f8c5,0.0007864726700747149,0.00013165485475453143
user_9ababed3f0,0.0007864726700747149,0.00013163609783321248
user_5859c683e9,0.0009830908375933936,0.0001316024026211631
user_961774148c,0.0009830908375933936,0.00013094675095405887
user_6e0ae160ae,0.0005898545025560362,0.00013080191154032586
user_63d1716ab5,0.0007864726700747149,0.00012981903008663957
user_d9dc81d1f3,0.0007864726700747149,0.00012929450875295617
user_aad87cc140,0.0005898545025560362,0.00012928139571961408
user_539de7f25e,0.0005898545025560362,0.0001291896044862195
user_52dc96576f,0.0007864726700747149,0.00012890111775269364
user_203efb2b69,0.0011797090051120724,0.00012871675474820552
user_ec2c1738c1,0.0011797090051120724,0.00012871675474820552
user_06dda564ca,0.0007864726700747149,0.00012854050933578632
user_9336b76419,0.0005898545025560362,0.00012844216158572068
user_d4e36070d2,0.0005898545025560362,0.0001284159355190365
user_6c92854c12,0.004128981517892253,0.0001282454660855894
user_bf850bb055,0.0011797090051120724,0.00012785207508532687
user_90914b67f8,0.00039323633503735744,0.00012785207508532687
user_4c67859e2c,0.002949272512780181,0.00012785207508532687
user_1ac593be7f,0.001966181675186787,0.00012776777701384203
user_3aa176c9d0,0.0011797090051120724,0.0001274586840850643
user_ea427e8dcd,0.0011797090051120724,0.0001274586840850643
user_e3c4558416,0.0017695635076681085,0.0001274586840850643
user_a703c70bc5,0.00039323633503735744,0.0001274586840850643
user_9e19cf9e30,0.0009830908375933936,0.0001274586840850643
user_9aa2bfe5a8,0.001966181675186787,0.0001274586840850643
user_707bc1f64c,0.0007864726700747149,0.0001274586840850643
user_b4457377ff,0.001376327172630751,0.0001274586840850643
user_df281a999e,0.00039323633503735744,0.0001274586840850643
user_a77763305c,0.0005898545025560362,0.0001274586840850643
user_7c68225201,0.0007864726700747149,0.0001274586840850643
user_1608029658,0.001966181675186787,0.0001274586840850643
user_23e8da2ed1,0.00039323633503735744,0.0001274586840850643
user_572971e7b5,0.0009830908375933936,0.0001274586840850643
user_81fe09a2d6,0.0007864726700747149,0.0001274586840850643
user_54a25ac50f,0.00039323633503735744,0.0001274586840850643
user_bff756f9f2,0.0009830908375933936,0.0001274586840850643
user_cd90f8c3d4,0.0005898545025560362,0.0001274586840850643
user_08a018f470,0.0007864726700747149,0.0001274586840850643
user_a6662a47b2,0.0009830908375933936,0.0001274586840850643
user_c367bd1bdc,0.0009830908375933936,0.0001274586840850643
user_1150ce55e9,0.001376327172630751,0.0001274586840850643
user_98fc74b7ad,0.001376327172630751,0.0001274586840850643
user_5ce552820d,0.0005898545025560362,0.0001274586840850643
user_f7ea4375cd,0.00039323633503735744,0.0001274586840850643
user_db445d4351,0.0005898545025560362,0.0001274586840850643
user_c8c5045e05,0.00039323633503735744,0.0001274586840850643
user_528a748929,0.0007864726700747149,0.00012706529308480178
user_7616428891,0.0005898545025560362,0.00012706529308480178
user_e7d0f38d5a,0.001376327172630751,0.00012666029116337565
user_25038a0344,0.00039323633503735744,0.00012588512008401414
user_0806397aaa,0.0007864726700747149,0.00012294733229276778
user_ad2c908d3b,0.0005898545025560362,0.00012174453789030561
user_1e23c9c949,0.0005898545025560362,0.00011966298576319487
user_56b70f7573,0.0009830908375933936,0.00011812064327010204
user_e3d10bcd83,0.0005898545025560362,0.00011782462079988286
user_3656144bca,0.0007864726700747149,0.0001176993090202177
user_e767673f97,0.00039323633503735744,0.00011593945195782388
user_c084e9ddb3,0.0005898545025560362,0.00011492343749756365
user_fd0a58248d,0.0005898545025560362,0.00011444836950415919
user_2554d3aa59,0.0007864726700747149,0.00011229377324002276
user_050105f4a5,0.0005898545025560362,0.0001118176026688898
user_fe6a4e4413,0.0011797090051120724,0.00011129593384570606
user_9339d50e88,0.0005898545025560362,0.00011102914606021058
user_35735afb24,0.001376327172630751,0.00010792768660929511
user_7789e38681,0.0009830908375933936,0.0001053605374173026
user_e37ea04afd,0.0007864726700747149,0.00010445301333054977
user_9ac1f5a1c2,0.0005898545025560362,0.00010429763283706725
user_1053f00d35,0.0005898545025560362,0.0001020596456718346
user_ad95219ed1,0.0015729453401494297,0.00010198755346330329
user_4fed78bfa8,0.00039323633503735744,0.0001019632006870966
user_2fab30aa49,0.00039323633503735744,0.00010005884480923832
user_c9c676ccfc,0.0007864726700747149,9.934715053535063e-05
user_c62ec22f9e,0.0007864726700747149,9.818681738371048e-05
user_68fb31df73,0.0007864726700747149,9.801354720748295e-05
user_572f292b81,0.001966181675186787,9.735218132644347e-05
user_98e3ff7366,0.0005898545025560362,9.680122105215803e-05
user_9c2c9d6205,0.0005898545025560362,9.606900573258563e-05
user_ac2794724f,0.0009830908375933936,9.419391292264016e-05
user_5e4caafc88,0.0005898545025560362,9.395885231402276e-05
user_6ae8240d85,0.0009830908375933936,9.36565623875052e-05
user_dc7ba4e627,0.0007864726700747149,9.323366706222297e-05
user_f021cd0c2c,0.0005898545025560362,9.229140195207033e-05
user_73032dac39,0.0011797090051120724,8.570782081860557e-05
user_5223bf07e0,0.0007864726700747149,8.421828634040531e-05
user_464dda13fd,0.00039323633503735744,8.182532805460918e-05
user_b80be7c7f7,0.0007864726700747149,8.07291409102268e-05
user_bada17c9b3,0.0009830908375933936,8.069011402528016e-05
user_633db680c0,0.0009830908375933936,8.012063372013817e-05
user_aed3e1da38,0.0005898545025560362,7.990426866999378e-05
user_fe7c334192,0.0011797090051120724,7.883321483951706e-05
user_58b6a9c897,0.0005898545025560362,7.7956600045642e-05
user_ba27cb1189,0.00039323633503735744,7.718987076818222e-05
user_963406c988,0.0009830908375933936,7.528098777167015e-05
user_44eb8831c7,0.00039323633503735744,7.400294669671188e-05
user_b42fbef8f0,0.0005898545025560362,7.3989197879935e-05
user_ade678c293,0.0005898545025560362,7.331403277035743e-05
user_dcbc991451,0.0007864726700747149,7.132834486427031e-05
user_fef1a7f351,0.0005898545025560362,6.86286352627932e-05
user_4aa4d6b81f,0.00039323633503735744,6.733970115654121e-05
user_8243bbbb72,0.0005898545025560362,6.651601773526497e-05
user_1987e23239,0.0011797090051120724,6.597385624958568e-05
user_7aa325f882,0.0007864726700747149,6.479477600157656e-05
user_0a22bad365,0.0005898545025560362,6.418592821321925e-05
user_55e5ad47f0,0.00039323633503735744,6.418592821321925e-05
user_2c4a875226,0.0007864726700747149,6.372934204253215e-05
user_9789e2f741,0.00039323633503735744,6.353264654240089e-05
user_d91b94b350,0.0005898545025560362,6.309710650639593e-05
user_d37c45cd4d,0.0005898545025560362,6.0285127200623145e-05
user_ec5e48bc28,0.00039323633503735744,6.0285127200623145e-05
user_96ceecc55a,0.0007864726700747149,5.7789322429296585e-05
user_0d4894ec2f,0.0009830908375933936,5.7471955800910185e-05
user_892024e1c0,0.0005898545025560362,5.7323313039844155e-05
user_d9a470e1a3,0.0007864726700747149,5.5898051201591374e-05
user_27a513b128,0.0005898545025560362,5.496571365764025e-05
user_965f7f160c,0.0007864726700747149,5.460376358921965e-05
user_a3f7c17106,0.0005898545025560362,5.433760023388328e-05
user_3a53665029,0.0005898545025560362,5.232100303491839e-05
user_7146265d8c,0.0005898545025560362,5.222780683366571e-05
user_72bae26875,0.00039323633503735744,5.1816627215495294e-05
user_603c584a61,0.00039323633503735744,5.1005016474516294e-05
user_927f2f9352,0.00039323633503735744,5.075399555053924e-05
user_d4175a015e,0.0007864726700747149,5.075243447514137e-05
user_d97d866bda,0.00039323633503735744,4.957382254975161e-05
user_844bbe6637,0.0005898545025560362,4.935511588651041e-05
user_08cfef89da,0.0011797090051120724,4.834588064178925e-05
user_20183fecf8,0.0005898545025560362,4.8205852178600537e-05
user_77826abb5e,0.0011797090051120724,4.666590806498261e-05
user_9f71f3aaec,0.00039323633503735744,4.6613555272775984e-05
user_63b33326a1,0.001376327172630751,4.6447300742903106e-05
user_021f8198c1,0.0005898545025560362,4.62576300820622e-05
user_6fc487f5f5,0.0005898545025560362,4.599396444736247e-05
user_7e3b14563c,0.0005898545025560362,4.4913988470573326e-05
user_9d47b6c98f,0.0005898545025560362,4.379565807208582e-05
user_a55ad277d0,0.0007864726700747149,4.3524981789690154e-05
user_16a710db1d,0.0007864726700747149,4.234854117826288e-05
user_dbaca9fd32,0.0005898545025560362,4.195515017800034e-05
user_b4a238298e,0.0007864726700747149,4.1751898161198024e-05
user_2a8c1f3e1e,0.0005898545025560362,4.170350482386414e-05
user_ed32b63265,0.00039323633503735744,4.00556336338755e-05
user_146adba5ef,0.00039323633503735744,3.876212655920269e-05
user_2dc084ad54,0.001966181675186787,3.8661593303580034e-05
user_af8c9e23bf,0.001376327172630751,3.828350084221659e-05
user_d110e8fd32,0.0007864726700747149,3.8150497218318316e-05
user_5a09ecf105,0.00039323633503735744,3.594703929422869e-05
user_589bb26d5d,0.00039323633503735744,3.5407375529185996e-05
user_a34e51faba,0.0005898545025560362,3.525158020447884e-05
user_1c3a4a2949,0.00039323633503735744,3.448602882936475e-05
user_9fbf982c6a,0.0007864726700747149,3.4218460506170296e-05
user_c14d354438,0.005112072355485647,3.408077365607842e-05
user_a906203410,0.0007864726700747149,3.373437102529173e-05
user_5cba0e49d9,0.0005898545025560362,3.357494265238585e-05
user_645a31d138,0.0007864726700747149,3.3508483415220294e-05
user_b56b8fa839,0.0007864726700747149,3.085122087297068e-05
user_e05d5740d3,0.0005898545025560362,2.9783601408369268e-05
user_32bfd126ec,0.00039323633503735744,2.4856691345160472e-05
user_55f4716fa3,0.0007864726700747149,2.4849198183250686e-05
user_55403375a3,0.0007864726700747149,2.4799614948817902e-05
user_9806791f05,0.0007864726700747149,2.4183711741139904e-05
user_0bf36601d0,0.0005898545025560362,2.400340753268623e-05
user_b00b71b361,0.0005898545025560362,2.3763964766520222e-05
user_348976879d,0.0005898545025560362,2.302367661298476e-05
user_21eba980c5,0.0007864726700747149,2.2070171759967452e-05
user_d5324aec0c,0.0011797090051120724,1.8731968129168142e-05
user_bf6661f89a,0.0005898545025560362,1.7177449247971948e-05
user_2d792c7950,0.0009830908375933936,1.715840412811797e-05
user_10dab6e2af,0.0005898545025560362,1.684965179760888e-05
user_cdfef0d3fe,0.00039323633503735744,1.6165168038909866e-05
user_68a2fb97c6,0.0005898545025560362,1.5804951758167066e-05
user_24273ab600,0.0005898545025560362,1.5348805526910267e-05
user_7c60bba052,0.0005898545025560362,1.4686597343134984e-05
user_eebafa66be,0.0009830908375933936,1.3945710959307193e-05
user_9518b005f9,0.0007864726700747149,1.3945398744227618e-05
user_44b95e84f6,0.00039323633503735744,1.3749952104414638e-05
user_340b3a9bf6,0.0009830908375933936,1.3552007743965074e-05
user_bf82b0469e,0.0007864726700747149,1.3320656370001143e-05
user_9aa4699873,0.0007864726700747149,1.317859850879523e-05
user_b390e89c6a,0.0007864726700747149,1.3010314580905137e-05
user_a5d01a5bba,0.0005898545025560362,1.2902628761641354e-05
user_4a84b8ec74,0.0011797090051120724,1.2510004107483219e-05
user_941f7771e4,0.001966181675186787,1.2487822645238977e-05
user_a155818e9d,0.00039323633503735744,1.2031208091362808e-05
user_a8066a6969,0.0005898545025560362,1.1854182141244662e-05
user_11b2f02ff6,0.0007864726700747149,1.1468284302891883e-05
user_49231fc02e,0.0005898545025560362,1.1071146721674459e-05
user_c536a43800,0.0009830908375933936,1.0877261157259348e-05
user_42dcfc3117,0.0007864726700747149,1.0742852565502976e-05
user_8d2cc3a42e,0.00039323633503735744,1.0585964488017321e-05
user_04c9d3c92d,0.0007864726700747149,1.0549279216167436e-05
user_f9ad023e39,0.0005898545025560362,1.0392078923602208e-05
user_e4b3f7b631,0.0005898545025560362,1.0289047947342971e-05
user_f3f66cd991,0.0005898545025560362,1.0142931290102597e-05
user_c86e105d36,0.00039323633503735744,1.0031172483209828e-05
user_b13de4847d,0.0011797090051120724,9.271113255177322e-06
user_f88b550ede,0.00039323633503735744,9.120114689419983e-06
user_b397429c0f,0.0007864726700747149,8.969314805986006e-06
user_8ba9a67bde,0.0005898545025560362,8.852214501245851e-06
user_6a025629ee,0.00039323633503735744,8.851297505907244e-06
user_d27ed9f9ee,0.0007864726700747149,8.494903992574154e-06
user_24ee4111ae,0.0005898545025560362,8.248097972171343e-06
user_a578883cf1,0.0011797090051120724,7.998950338671734e-06
user_16116c63e0,0.00039323633503735744,7.235584469114652e-06
user_534cdca9e3,0.0005898545025560362,7.232774533398491e-06
user_0811050d14,0.0011797090051120724,7.2121683381466446e-06
user_2c0c04afa5,0.00609516319307904,6.999081546337765e-06
user_2b5f1ff38c,0.0011797090051120724,6.906992289458123e-06
user_fa77b2d287,0.0015729453401494297,6.372934204253216e-06
user_7a33731401,0.0005898545025560362,6.348893643126061e-06
user_e588b870ab,0.00039323633503735744,6.167808896973461e-06
user_7db19b57ba,0.00039323633503735744,6.163125670779859e-06
user_153a84510c,0.00039323633503735744,5.900865003938163e-06
user_5e50e57fac,0.0009830908375933936,5.603607864995188e-06
user_7fd729dd53,0.002752654345261502,5.474691420320406e-06
user_8e1c827c49,0.0005898545025560362,5.441908836965195e-06
user_db214bab58,0.0009830908375933936,5.354152383060473e-06
user_bf39da4d3a,0.00039323633503735744,5.310778503544346e-06
user_abac13a866,0.0005898545025560362,4.720692003150531e-06
user_68be863be6,0.0007864726700747149,4.423434864207555e-06
user_15d3634392,0.00039323633503735744,4.4233071398568215e-06
user_d496f9c336,0.00039323633503735744,4.4233071398568215e-06
user_172d168a84,0.00039323633503735744,4.4233071398568215e-06
user_b74e69f4cf,0.0007864726700747149,4.327301002887986e-06
user_e452b6495d,0.0011797090051120724,4.143718536098799e-06
user_00c31d82d4,0.0005898545025560362,4.06504033604629e-06
user_94cff25ec8,0.0009830908375933936,3.966692585980654e-06
user_b29c2e58ea,0.00039323633503735744,3.90112741927023e-06
user_d0d77681fe,0.0005898545025560362,3.8027796692045937e-06
user_e61f26eee7,0.0005898545025560362,3.7634405691783393e-06
user_532431c1a1,0.0007864726700747149,3.671649335783746e-06
user_fa8fbfede6,0.0005898545025560362,3.5241277106852914e-06
user_bd773008e9,0.00039323633503735744,3.5077364190076864e-06
user_813f430edc,0.0009830908375933936,3.4749538356524734e-06
user_9269fbf496,0.0009830908375933936,3.114345418745142e-06
user_3c91734f5a,0.0015729453401494297,2.9785318591306917e-06
user_e0ce174615,0.0009830908375933936,2.7537370018378095e-06
user_9601d30bc3,0.002752654345261502,2.7537370018378095e-06
user_f6ba680f66,0.00039323633503735744,2.163650501443993e-06
user_266a767c8d,0.00039323633503735744,2.1243114014177388e-06
user_0605f15649,0.0005898545025560362,1.966955001312721e-06
user_4ef2f68726,0.0015729453401494297,1.966955001312721e-06
user_047e1f8047,0.0011797090051120724,1.966955001312721e-06
user_925e63c87e,0.0007864726700747149,1.966955001312721e-06
user_b27576af23,0.0007864726700747149,1.8227116345497885e-06
user_16009a7a19,0.0005898545025560362,1.7702595011814488e-06
user_bbd964e3e1,0.0005898545025560362,1.7237599947907665e-06
user_cf943336cd,0.0011797090051120724,1.6172741121904592e-06
user_108eb3d6dd,0.0005898545025560362,1.5735640010501768e-06
user_c46017387d,0.0009830908375933936,1.5735640010501768e-06
user_fded216522,0.00039323633503735744,1.5735640010501768e-06
user_11be227889,0.0005898545025560362,1.5735640010501768e-06
user_4539a79f89,0.0005898545025560362,1.5735640010501768e-06
user_ee3eb470b5,0.00039323633503735744,1.4905147898836395e-06
user_ff04c3d887,0.0011797090051120724,1.3768685009189047e-06
user_db46dde6b0,0.0005898545025560362,1.2785207508532686e-06
user_d301233b4b,0.0005898545025560362,1.2580706631412077e-06
user_35d87a9c45,0.0007864726700747149,1.2457381674980565e-06
user_a75a19abb0,0.0007864726700747149,1.1801730007876327e-06
user_ec59d6d405,0.0007864726700747149,1.1801730007876327e-06
user_f2bbe11133,0.0011797090051120724,1.1801730007876327e-06
user_571cb56116,0.00039323633503735744,1.1801730007876327e-06
user_90b57ecc40,0.0011797090051120724,1.1801730007876327e-06
user_25b95b5cb7,0.0005898545025560362,1.1801730007876327e-06
user_1f12e1b39c,0.0011797090051120724,1.1801730007876327e-06
user_8adcc613c5,0.0011797090051120724,1.1801730007876327e-06
user_831ee6fd85,0.00039323633503735744,1.1801730007876327e-06
user_d3a0d573b4,0.0011797090051120724,9.834775006563604e-07
user_6dbbb161d0,0.00039323633503735744,9.572514339721908e-07
user_dfa054bee5,0.0005898545025560362,9.047993006038516e-07
user_9ad4f7e305,0.0009830908375933936,8.851297505907244e-07
user_4b1badb463,0.00039323633503735744,8.304921116653711e-07
user_bd80ecf5e0,0.0007864726700747149,7.867820005250884e-07
user_b57b0757d4,0.00039323633503735744,7.867820005250884e-07
user_89e6d080a2,0.00039323633503735744,7.867820005250884e-07
user_76a91d8abf,0.0005898545025560362,7.867820005250884e-07
user_958cc35b71,0.00039323633503735744,7.867820005250884e-07
user_3e3046e390,0.0005898545025560362,7.867820005250884e-07
user_9d39200966,0.0005898545025560362,7.867820005250884e-07
user_2aa1505cfc,0.0009830908375933936,7.867820005250884e-07
user_9e67a1309f,0.0005898545025560362,7.867820005250884e-07
user_665032da16,0.0005898545025560362,7.535736693340943e-07
user_0e45af4818,0.0007864726700747149,5.900865003938163e-07
user_f7124f237d,0.0005898545025560362,5.900865003938163e-07
user_43c1ed250d,0.0005898545025560362,5.900865003938163e-07
user_f03703b27b,0.0007864726700747149,5.900865003938163e-07
user_e49e39418c,0.00039323633503735744,4.917387503281801e-07
user_38e123baab,0.0007864726700747149,4.39286616959841e-07
user_fbddcf75b7,0.0007864726700747149,4.371011114028269e-07
user_ceb4d2992e,0.0009830908375933936,3.933910002625442e-07
user_af22fd63eb,0.001376327172630751,3.933910002625442e-07
user_2e6ccfc719,0.0011797090051120724,3.933910002625442e-07
user_7aa880ae87,0.00039323633503735744,3.933910002625442e-07
user_fb521d841e,0.0007864726700747149,3.933910002625442e-07
user_3a77e0b94f,0.0005898545025560362,3.933910002625442e-07
user_1957869ae6,0.00039323633503735744,3.933910002625442e-07
user_4c97a683ac,0.0005898545025560362,3.933910002625442e-07
user_bec162722a,0.0007864726700747149,3.933910002625442e-07
user_b686cdfbdb,0.0005898545025560362,3.933910002625442e-07
user_d48382a9c2,0.00039323633503735744,3.933910002625442e-07
user_07a9e5bb57,0.0007864726700747149,3.933910002625442e-07
user_8a4883e46b,0.0005898545025560362,3.933910002625442e-07
user_10c1635302,0.00039323633503735744,3.933910002625442e-07
user_fd90226b8f,0.00039323633503735744,3.933910002625442e-07
user_8f44c4ab3c,0.0005898545025560362,3.933910002625442e-07
user_99d56c2e93,0.0007864726700747149,3.933910002625442e-07
user_b3ed5f6d0b,0.00039323633503735744,3.933910002625442e-07
user_131cb6a401,0.0005898545025560362,3.933910002625442e-07
user_c3f2b2e567,0.0007864726700747149,3.933910002625442e-07
user_586c27df30,0.00039323633503735744,3.933910002625442e-07
user_e9d4d9e227,0.0007864726700747149,3.933910002625442e-07
user_366b106102,0.00039323633503735744,7.867820005250884e-08
user_768222ef87,0.0007864726700747149,7.867820005250884e-08
user_bcba9ca5f3,0.0005898545025560362,4.9173875032818024e-08
user_ce8735cf7f,0.00039323633503735744,4.9173875032818024e-08
user_cef091dd73,0.0005898545025560362,4.9173875032818024e-08
user_07bb95c6ad,0.0005898545025560362,4.9173875032818024e-08
user_41f87216f2,0.00019661816751867872,0.0
user_e1b529b966,0.00019661816751867872,0.0
user_535d3bb2f7,0.00019661816751867872,0.0
user_68e17c8844,0.00019661816751867872,0.0
user_30ac40f29f,0.00019661816751867872,0.0
user_df49b505e1,0.0005898545025560362,0.0
user_499e5727c4,0.00019661816751867872,0.0
user_4cb9706a92,0.00039323633503735744,0.0
user_231d9b992a,0.00019661816751867872,0.0
user_cd7fb24c07,0.00019661816751867872,0.0
user_462ba431ed,0.00039323633503735744,0.0
user_c1f278ccf0,0.00039323633503735744,0.0
user_434ec2e4f6,0.00019661816751867872,0.0
user_6775a6c7b9,0.00019661816751867872,0.0
user_b5e3f8f67e,0.00019661816751867872,0.0
user_2f2434c32b,0.00019661816751867872,0.0
user_b8368a4a41,0.00039323633503735744,0.0
user_5f94992093,0.00019661816751867872,0.0
user_e619651bb6,0.00019661816751867872,0.0
user_7199336621,0.00039323633503735744,0.0
user_8345129013,0.00039323633503735744,0.0
user_ae6baed14b,0.00019661816751867872,0.0
user_2a30787fac,0.00039323633503735744,0.0
user_d5ff09bbb0,0.00019661816751867872,0.0
user_b50bdd115f,0.00019661816751867872,0.0
user_b1e3a14b33,0.00019661816751867872,0.0
user_6976441ee1,0.00039323633503735744,0.0
user_286882f097,0.00039323633503735744,0.0
user_d55bb8a243,0.0005898545025560362,0.0
user_fd5d2c9c82,0.00019661816751867872,0.0
user_6c9664ed99,0.00019661816751867872,0.0
user_85c0613bdb,0.00039323633503735744,0.0
user_bd0f4cd9f4,0.0005898545025560362,0.0
user_67aaa7c1b4,0.00019661816751867872,0.0
user_6c4c8d681e,0.00019661816751867872,0.0
user_247edb4fa0,0.00019661816751867872,0.0
user_9988117d2d,0.00019661816751867872,0.0
user_4265637208,0.0005898545025560362,0.0
user_ff354b3d1e,0.00039323633503735744,0.0
user_94b485b3c7,0.00019661816751867872,0.0
user_6bbd7ab917,0.0005898545025560362,0.0
user_39a65ca7b4,0.00019661816751867872,0.0
user_d2a7f51e6e,0.00039323633503735744,0.0
user_d72a9fb709,0.00019661816751867872,0.0
user_04ef4b8781,0.00019661816751867872,0.0
user_7ee25a692d,0.00019661816751867872,0.0
user_ed3a3aa2e0,0.00039323633503735744,0.0
user_54fa367fa0,0.00039323633503735744,0.0
user_b562dde0ab,0.0005898545025560362,0.0
user_d9fbfd2cb7,0.00019661816751867872,0.0
user_b07763d21a,0.00019661816751867872,0.0
user_e71b3cc40e,0.00019661816751867872,0.0
user_9bf92b632f,0.00019661816751867872,0.0
user_9940b8cfdc,0.00039323633503735744,0.0
user_67bfe6a550,0.00039323633503735744,0.0
user_a85af363be,0.00039323633503735744,0.0
user_3de44a477c,0.00019661816751867872,0.0
user_d790adcfbd,0.00019661816751867872,0.0
user_8d8d5fe6aa,0.0007864726700747149,0.0
user_8c552719ce,0.0005898545025560362,0.0
user_2e7136ed77,0.00019661816751867872,0.0
user_1525eca001,0.00019661816751867872,0.0
user_41b0416808,0.00019661816751867872,0.0
user_1c335f997e,0.00039323633503735744,0.0
user_02eb384fc3,0.00019661816751867872,0.0
user_b0bf92fd26,0.00019661816751867872,0.0
user_e553d21b16,0.00039323633503735744,0.0
user_66b1a1dfca,0.0005898545025560362,0.0
user_071d165ba1,0.00019661816751867872,0.0
user_a0efd4aa5f,0.00019661816751867872,0.0
user_68497b420f,0.00019661816751867872,0.0
user_5af5b48c3e,0.00019661816751867872,0.0
user_8ac2b4e622,0.00019661816751867872,0.0
user_8736607836,0.00019661816751867872,0.0
user_4dc7780cf2,0.00019661816751867872,0.0
user_cb4be5a778,0.00039323633503735744,0.0
user_15f9598f97,0.00019661816751867872,0.0
user_7eda1b9c3c,0.00039323633503735744,0.0
user_c042b98287,0.00019661816751867872,0.0
user_aeebb0adec,0.00019661816751867872,0.0
user_b8015a9048,0.00039323633503735744,0.0
user_d66edbdc98,0.00019661816751867872,0.0
user_c45598a28e,0.0005898545025560362,0.0
user_dc83c4d5b9,0.00019661816751867872,0.0
user_7469d0d8a0,0.00019661816751867872,0.0
user_c1dae36d9a,0.00019661816751867872,0.0
user_2d7be03fd5,0.00019661816751867872,0.0
user_f727f963df,0.00039323633503735744,0.0
user_4d4da5ea52,0.00019661816751867872,0.0
user_75bcc2218b,0.00019661816751867872,0.0
user_5011714395,0.00019661816751867872,0.0
user_14148b662c,0.00019661816751867872,0.0
user_a71bd650f9,0.00019661816751867872,0.0
user_bc05a48bb4,0.00019661816751867872,0.0
user_c9bd0d897d,0.00019661816751867872,0.0
user_649055f3ef,0.00019661816751867872,0.0
user_1b99fb42e9,0.00019661816751867872,0.0
user_d45ebb4ca0,0.00039323633503735744,0.0
user_d2f729908b,0.00019661816751867872,0.0
user_915f35d56f,0.00019661816751867872,0.0
user_cc52362456,0.00019661816751867872,0.0
user_7202806b24,0.00019661816751867872,0.0
user_6904ca765a,0.00019661816751867872,0.0
user_e08e7426db,0.00019661816751867872,0.0
user_51db9733ac,0.00039323633503735744,0.0
user_544bc8cf57,0.0007864726700747149,0.0
user_f752d9e275,0.00019661816751867872,0.0
user_17e2c572e2,0.00019661816751867872,0.0
user_47a4b34127,0.00039323633503735744,0.0
user_ef660abcb2,0.00019661816751867872,0.0
user_77ef04eb95,0.00019661816751867872,0.0
user_2ec1cc9b15,0.00019661816751867872,0.0
user_c01ef0dad7,0.00039323633503735744,0.0
user_d6f9d66eb8,0.00019661816751867872,0.0
user_ef11a8594d,0.00019661816751867872,0.0
user_4da1917ca6,0.00019661816751867872,0.0
user_0cf851dbdf,0.00019661816751867872,0.0
user_ae3a369d48,0.00039323633503735744,0.0
user_40a4e951ec,0.00019661816751867872,0.0
user_4edfc45d63,0.00019661816751867872,0.0
user_451a6233ab,0.00019661816751867872,0.0
user_1c987348e6,0.00039323633503735744,0.0
user_63b6d7d799,0.00019661816751867872,0.0
user_8b87306eba,0.00019661816751867872,0.0
user_be716d97f3,0.00039323633503735744,0.0
user_957b00fb4e,0.00019661816751867872,0.0
user_798c85cd16,0.00019661816751867872,0.0
user_5c7bc1fbb2,0.00019661816751867872,0.0
user_055913abda,0.00019661816751867872,0.0
user_6d7875204d,0.00019661816751867872,0.0
user_467771088c,0.00019661816751867872,0.0
user_033d8a0c03,0.00019661816751867872,0.0
user_7c01ae4321,0.00019661816751867872,0.0
user_473e022585,0.00019661816751867872,0.0
user_08759b4fbe,0.00019661816751867872,0.0
user_b6e213d577,0.00039323633503735744,0.0
user_5b765668da,0.00039323633503735744,0.0
user_28b5b026e4,0.00019661816751867872,0.0
user_d59de6ed5d,0.00019661816751867872,0.0
user_abb9960899,0.00039323633503735744,0.0
user_4feae87e6e,0.00039323633503735744,0.0
user_802c4ed97a,0.00019661816751867872,0.0
user_2c09f13280,0.00019661816751867872,0.0
user_f00a2619b7,0.00019661816751867872,0.0
user_1cac770efd,0.00019661816751867872,0.0
user_d4c6bb8990,0.00019661816751867872,0.0
user_41a63c44f2,0.0005898545025560362,0.0
user_a764966f41,0.00019661816751867872,0.0
user_5d69a690b7,0.00019661816751867872,0.0
user_ae25f3754b,0.00019661816751867872,0.0
user_beb866a202,0.00019661816751867872,0.0
user_cade42a978,0.00019661816751867872,0.0
user_c20b8d666d,0.00019661816751867872,0.0
user_735552d321,0.00019661816751867872,0.0
user_c48aa845bd,0.00019661816751867872,0.0
user_f53e15f0fa,0.00039323633503735744,0.0
user_64d454bd9e,0.00019661816751867872,0.0
user_bfd6cd353e,0.0005898545025560362,0.0
user_f551b880aa,0.00019661816751867872,0.0
user_4b0fa11dfa,0.0005898545025560362,0.0
user_b91fc0afaa,0.00019661816751867872,0.0
user_bcedd6704c,0.0009830908375933936,0.0
user_f8962f2ff1,0.00039323633503735744,0.0
user_84254ca088,0.0005898545025560362,0.0
user_70789a41ab,0.00019661816751867872,0.0
user_1d11044756,0.00019661816751867872,0.0
user_e37098e67d,0.00019661816751867872,0.0
user_a085e2b4b0,0.0005898545025560362,0.0
user_8f45385667,0.00039323633503735744,0.0
user_41dfdc050f,0.00019661816751867872,0.0
user_bee0265e20,0.00039323633503735744,0.0
user_046a81cd5c,0.0005898545025560362,0.0
user_8176ea30f2,0.0005898545025560362,0.0
user_100ef75d43,0.00039323633503735744,0.0
user_e26a76f18b,0.00019661816751867872,0.0
user_40cd3abd31,0.00019661816751867872,0.0
user_55f6934dae,0.00039323633503735744,0.0
user_d131186001,0.0007864726700747149,0.0
user_f277ed31c1,0.00019661816751867872,0.0
user_0c106a014e,0.00019661816751867872,0.0
user_ba194dc587,0.00019661816751867872,0.0
user_510ebcec2f,0.0007864726700747149,0.0
user_b7906af261,0.00039323633503735744,0.0
user_ecbde8a385,0.00039323633503735744,0.0
user_a97694312a,0.00019661816751867872,0.0
user_3aace86870,0.00019661816751867872,0.0
user_bc35744489,0.00019661816751867872,0.0
user_1feb91495a,0.00019661816751867872,0.0
user_0b18676b43,0.00019661816751867872,0.0
user_3912a03ad4,0.00019661816751867872,0.0
user_073e735313,0.00039323633503735744,0.0
user_529bfd05e3,0.00019661816751867872,0.0
user_acb92294d0,0.00019661816751867872,0.0
user_686f4d6bda,0.00019661816751867872,0.0
user_0bc48208ca,0.00039323633503735744,0.0
user_d57f8d5f92,0.00019661816751867872,0.0
user_676090e62d,0.00039323633503735744,0.0
user_0e88c8d6a2,0.00019661816751867872,0.0
user_e0d3efbe11,0.00039323633503735744,0.0
user_3a2ffd5bd9,0.00019661816751867872,0.0
user_6423096427,0.00019661816751867872,0.0
user_c5218293aa,0.0011797090051120724,0.0
user_6d74eca6e4,0.00019661816751867872,0.0
user_696d2ef118,0.00019661816751867872,0.0
user_21bf389b7d,0.00039323633503735744,0.0
user_01603c213c,0.00039323633503735744,0.0
user_f71a9e50e6,0.00019661816751867872,0.0
user_294ca46844,0.0005898545025560362,0.0
user_87229c7d4e,0.00019661816751867872,0.0
user_a2b1e77656,0.00019661816751867872,0.0
user_32b7c33852,0.00019661816751867872,0.0
user_635549caf1,0.00039323633503735744,0.0
user_f23fce513d,0.00019661816751867872,0.0
user_72ae6941e5,0.00019661816751867872,0.0
user_d659207d0c,0.0007864726700747149,0.0
user_b3cdef1b2d,0.00019661816751867872,0.0
user_14c121c1a7,0.00019661816751867872,0.0
user_3db73fd5e9,0.00019661816751867872,0.0
user_1a066ccb88,0.00019661816751867872,0.0
user_093ac1f869,0.00019661816751867872,0.0
user_40d1e6baa9,0.0005898545025560362,0.0
user_84d3ea01c5,0.00039323633503735744,0.0
user_0754c2e814,0.00019661816751867872,0.0
user_6d701fe348,0.00019661816751867872,0.0
user_2140ece70a,0.00019661816751867872,0.0
user_7aebf3addc,0.00019661816751867872,0.0
user_1ac976fad2,0.00019661816751867872,0.0
user_689af4710e,0.00019661816751867872,0.0
user_03a07fb684,0.00039323633503735744,0.0
user_e837010ee5,0.00019661816751867872,0.0
user_a7da9cf130,0.0005898545025560362,0.0
user_b6f18544af,0.00019661816751867872,0.0
user_6410c94ccc,0.00019661816751867872,0.0
user_81cddf807b,0.00019661816751867872,0.0
user_177b8c57d1,0.00019661816751867872,0.0
user_b81fcbc7f9,0.00019661816751867872,0.0
user_b58f152d8c,0.00019661816751867872,0.0
user_58293b6437,0.00019661816751867872,0.0
user_83c3aa6a9a,0.00019661816751867872,0.0
user_ba69329ecb,0.00019661816751867872,0.0
user_07bbee8073,0.00019661816751867872,0.0
user_1145e6b04b,0.00019661816751867872,0.0
user_99e729f30f,0.00019661816751867872,0.0
user_ed6aa9f651,0.00019661816751867872,0.0
user_a9e93deea2,0.00019661816751867872,0.0
user_1e2b79f556,0.0005898545025560362,0.0
user_c99c4ddf09,0.00039323633503735744,0.0
user_5c774a3c23,0.00019661816751867872,0.0
user_4e117fb6b5,0.00019661816751867872,0.0
user_4b7466fc4d,0.0011797090051120724,0.0
user_a217e125d4,0.00019661816751867872,0.0
user_d10229edd9,0.00019661816751867872,0.0
user_e4275a4e72,0.00019661816751867872,0.0
user_ff772c2bee,0.00019661816751867872,0.0
user_5481b22515,0.00039323633503735744,0.0
user_875741a069,0.0005898545025560362,0.0
user_8114fa1b07,0.00019661816751867872,0.0
user_b72c191047,0.00039323633503735744,0.0
user_67a42a2bdd,0.0005898545025560362,0.0
user_b724040c41,0.00019661816751867872,0.0
user_8665dd4234,0.00019661816751867872,0.0
user_b216e8b527,0.00019661816751867872,0.0
user_efb20fb253,0.00019661816751867872,0.0
user_69e02214ec,0.00019661816751867872,0.0
user_2c10d419fa,0.00019661816751867872,0.0
user_bc1411884c,0.00019661816751867872,0.0
user_4cb3c89900,0.00039323633503735744,0.0
user_7b9e633bc7,0.00019661816751867872,0.0
user_7a503d5296,0.00019661816751867872,0.0
user_68acb6219c,0.00019661816751867872,0.0
user_189c9d7ed8,0.00019661816751867872,0.0
user_65615ac46d,0.00019661816751867872,0.0
user_f4fb9524e7,0.0007864726700747149,0.0
user_dfab2ee120,0.00019661816751867872,0.0
user_091598d644,0.00019661816751867872,0.0
user_2e11b10511,0.00019661816751867872,0.0
user_2f6b00d326,0.00039323633503735744,0.0
user_4bf0e23fc8,0.00019661816751867872,0.0
user_3221f71c8b,0.00019661816751867872,0.0
user_c984a830ab,0.00019661816751867872,0.0
user_eba267ac1a,0.00039323633503735744,0.0
user_02f0e93c2e,0.00019661816751867872,0.0
user_ac285a19b8,0.00019661816751867872,0.0
user_880f107ee3,0.0005898545025560362,0.0
user_46d1dd50a7,0.00019661816751867872,0.0
user_b787ed4380,0.00039323633503735744,0.0
user_75d749d924,0.00019661816751867872,0.0
user_964a1f1ffa,0.00019661816751867872,0.0
user_b47a1f1c3c,0.00019661816751867872,0.0
user_2ff09c6071,0.0005898545025560362,0.0
user_aa60c019a9,0.00019661816751867872,0.0
user_bf8da278b7,0.00019661816751867872,0.0
user_f0930e0651,0.00019661816751867872,0.0
user_5311d149ca,0.00019661816751867872,0.0
user_9861aa08b2,0.00019661816751867872,0.0
user_e4e5269723,0.00019661816751867872,0.0
user_c803157685,0.00019661816751867872,0.0
user_84e181fe46,0.00019661816751867872,0.0
user_fc4068ed99,0.00019661816751867872,0.0
user_f51ad98660,0.005308690523004325,0.0
user_68e54a8fa1,0.00019661816751867872,0.0
user_270d695bba,0.00019661816751867872,0.0
user_583c82c677,0.00019661816751867872,0.0
user_96e34d3fca,0.00019661816751867872,0.0
user_b37d480ff5,0.00019661816751867872,0.0
user_6002b165c2,0.00039323633503735744,0.0
user_a40385674a,0.00019661816751867872,0.0
user_d837d4fa62,0.0005898545025560362,0.0
user_2ab410e335,0.00019661816751867872,0.0
user_f43db7aeab,0.00019661816751867872,0.0
user_658af009ad,0.00019661816751867872,0.0
user_77eb13f203,0.00039323633503735744,0.0
user_b511a1b45d,0.00019661816751867872,0.0
user_0d5c5d5698,0.00019661816751867872,0.0
user_8703ff2a5c,0.0005898545025560362,0.0
user_5633189af5,0.0007864726700747149,0.0
user_c466c19b23,0.00019661816751867872,0.0
user_807d176748,0.00019661816751867872,0.0
user_d8059b364b,0.00019661816751867872,0.0
user_24ad2aeb59,0.00019661816751867872,0.0
user_554b504102,0.00019661816751867872,0.0
user_a003522439,0.00019661816751867872,0.0
user_d0c7503a52,0.00019661816751867872,0.0
user_3c1324a0a5,0.00039323633503735744,0.0
user_4cf489e275,0.00019661816751867872,0.0
user_bc8cbe5bf0,0.00019661816751867872,0.0
user_e295497c5e,0.00019661816751867872,0.0
user_72024f3eb8,0.00039323633503735744,0.0
user_39d65be852,0.00019661816751867872,0.0
user_014ab20b33,0.00019661816751867872,0.0
user_e6c3f131ee,0.00019661816751867872,0.0
user_bbffccb740,0.00019661816751867872,0.0
user_5e2157d8af,0.00019661816751867872,0.0
user_63a54208b9,0.00039323633503735744,0.0
user_b5b85074c7,0.00019661816751867872,0.0
user_322027a557,0.00019661816751867872,0.0
user_0aaa01190f,0.00019661816751867872,0.0
user_1bb6da10da,0.00019661816751867872,0.0
user_da64ea6e06,0.00039323633503735744,0.0
user_321ba3b49b,0.00019661816751867872,0.0
user_5048bd0400,0.0005898545025560362,0.0
user_29d3bb660e,0.00019661816751867872,0.0
user_a20a619bec,0.00039323633503735744,0.0
user_c5f86e6b02,0.00019661816751867872,0.0
user_57a211be69,0.00039323633503735744,0.0
user_325928b239,0.00019661816751867872,0.0
user_551c84a50a,0.00039323633503735744,0.0
user_1a6b4819e6,0.00019661816751867872,0.0
user_bf92948ef8,0.00039323633503735744,0.0
user_52a11bcbc7,0.00039323633503735744,0.0
user_16df816bce,0.00019661816751867872,0.0
user_eaa705aeef,0.00019661816751867872,0.0
user_a8ba9ca882,0.00019661816751867872,0.0
user_4d1f3a81fb,0.00019661816751867872,0.0
user_ef567b0a36,0.00019661816751867872,0.0
user_ba62dae70d,0.00019661816751867872,0.0
user_6ad15ca839,0.00019661816751867872,0.0
user_69dd8e7ae0,0.0005898545025560362,0.0
user_a8b0b1aeed,0.00019661816751867872,0.0
user_1287f8843c,0.00039323633503735744,0.0
user_ba7a48cc26,0.00019661816751867872,0.0
user_dff7ae3f6a,0.00039323633503735744,0.0
user_de580b46eb,0.00019661816751867872,0.0
user_524a120d39,0.00039323633503735744,0.0
user_1e7776bbe0,0.00039323633503735744,0.0
user_57f72e0a75,0.00019661816751867872,0.0
user_7de59e9560,0.00019661816751867872,0.0
user_e5a2c22fa4,0.00019661816751867872,0.0
user_49a688b894,0.00019661816751867872,0.0
user_be13fb886a,0.00019661816751867872,0.0
user_44fa855908,0.00019661816751867872,0.0
user_34b4eaf1b2,0.00019661816751867872,0.0
user_3937571d7f,0.0005898545025560362,0.0
user_59f00758b2,0.00019661816751867872,0.0
user_b85777e0d8,0.001376327172630751,0.0
user_c9d2ab8a2d,0.00039323633503735744,0.0
user_6fe82faf7f,0.00019661816751867872,0.0
user_e77e1c3b10,0.00019661816751867872,0.0
user_02adc1b670,0.00019661816751867872,0.0
user_04bab7ece6,0.00019661816751867872,0.0
user_7df6959472,0.0007864726700747149,0.0
user_dc326cfa40,0.00019661816751867872,0.0
user_4fec40f083,0.00039323633503735744,0.0
user_1b40bf6bf8,0.00019661816751867872,0.0
user_ed3513cdf8,0.00019661816751867872,0.0
user_82d339e1f1,0.00039323633503735744,0.0
user_8fd4dce5d8,0.0007864726700747149,0.0
user_ed4631e68f,0.00039323633503735744,0.0
user_afdef721ab,0.00019661816751867872,0.0
user_54952268bf,0.0005898545025560362,0.0
user_94c600c3ee,0.00039323633503735744,0.0
user_5af934acda,0.00019661816751867872,0.0
user_ec2a27b7f1,0.00019661816751867872,0.0
user_8328c272ca,0.00039323633503735744,0.0
user_5290b8bb67,0.00019661816751867872,0.0
user_0ed08c95e3,0.00019661816751867872,0.0
user_a3e65d8598,0.00019661816751867872,0.0
user_409a5f09aa,0.00039323633503735744,0.0
user_2665a27409,0.00019661816751867872,0.0
user_c6e4dffeab,0.00039323633503735744,0.0
user_714fc4b176,0.00039323633503735744,0.0
user_fca7540be2,0.00019661816751867872,0.0
user_01845d35e3,0.00039323633503735744,0.0
user_1942f34cc9,0.00019661816751867872,0.0
user_df0012d089,0.0005898545025560362,0.0
user_4b1053aafa,0.0005898545025560362,0.0
user_5f252291da,0.00019661816751867872,0.0
user_9b0acb0adb,0.0005898545025560362,0.0
user_c0022c20f7,0.00019661816751867872,0.0
user_1a6745f940,0.00019661816751867872,0.0
user_5001758eaf,0.0005898545025560362,0.0
user_f205a366f2,0.00019661816751867872,0.0
user_b8dd5393b3,0.00019661816751867872,0.0
user_c0c1a413a2,0.00039323633503735744,0.0
user_f9471f3f79,0.00019661816751867872,0.0
user_39252264d4,0.00019661816751867872,0.0
user_b07951ac4b,0.00019661816751867872,0.0
user_4ae83b1c2f,0.00019661816751867872,0.0
user_e1442eb60e,0.00019661816751867872,0.0
user_6ae4692938,0.00019661816751867872,0.0
user_2026494e48,0.00019661816751867872,0.0
user_be648cba3a,0.00019661816751867872,0.0
user_a1ff811b1a,0.00019661816751867872,0.0
user_202e94e284,0.00019661816751867872,0.0
user_eaf5af876f,0.00039323633503735744,0.0
user_4129f3ec9e,0.00039323633503735744,0.0
user_92b1dd4bdb,0.00039323633503735744,0.0
user_b498b6b83b,0.00039323633503735744,0.0
user_7fe21e2c70,0.00019661816751867872,0.0
user_2fbde50ca7,0.00019661816751867872,0.0
user_4f3064329f,0.00019661816751867872,0.0
user_50c269f858,0.00019661816751867872,0.0
user_ad00d58989,0.00039323633503735744,0.0
user_c5f71a7062,0.0005898545025560362,0.0
user_43835f1910,0.00039323633503735744,0.0
user_d6e5ffefc6,0.00039323633503735744,0.0
user_afed6da568,0.0007864726700747149,0.0
user_a4a1632a0d,0.00039323633503735744,0.0
user_35f214bcbc,0.00039323633503735744,0.0
user_73790574ce,0.00019661816751867872,0.0
user_a8e84063f6,0.00019661816751867872,0.0
user_7c3e0d7d3e,0.00019661816751867872,0.0
user_0d5b85a2fe,0.00019661816751867872,0.0
user_1654f0b618,0.0011797090051120724,0.0
user_97a561c9a8,0.00039323633503735744,0.0
user_705f07bde7,0.00019661816751867872,0.0
user_56c4ab7f71,0.012780180888714117,0.0
user_fc28bd937d,0.00019661816751867872,0.0
user_fdd9d3e981,0.0005898545025560362,0.0
user_97f92b2a94,0.00019661816751867872,0.0
user_e9ecdabea3,0.00019661816751867872,0.0
user_5f3cb70651,0.0005898545025560362,0.0
user_285ccf7ffa,0.00039323633503735744,0.0
user_a13ff47b65,0.00019661816751867872,0.0
user_3bd54ee7b1,0.00039323633503735744,0.0
user_571fe54d39,0.00019661816751867872,0.0
user_ebb8c019f7,0.00039323633503735744,0.0
user_fa0dabdba3,0.00019661816751867872,0.0
user_40ca64f3dc,0.00019661816751867872,0.0
user_90dd84695a,0.00019661816751867872,0.0
user_e3d8b7d0e3,0.00019661816751867872,0.0
user_521b683925,0.00019661816751867872,0.0
user_9613f90860,0.00019661816751867872,0.0
user_b794a175aa,0.00019661816751867872,0.0
user_42900183d6,0.00019661816751867872,0.0
user_8add8b0610,0.00019661816751867872,0.0
user_4d6ea736b4,0.00019661816751867872,0.0
user_b6686f2570,0.00039323633503735744,0.0
user_4a052c00f6,0.00019661816751867872,0.0
user_d5ed40eaf2,0.00019661816751867872,0.0
user_df2ba4b654,0.00039323633503735744,0.0
user_56aba84a2f,0.0005898545025560362,0.0
user_7872873bba,0.00039323633503735744,0.0
user_15fdce2d52,0.00019661816751867872,0.0
user_f4da07e057,0.00019661816751867872,0.0
user_d51aeb94ab,0.00039323633503735744,0.0
user_cfbaa86a52,0.00019661816751867872,0.0
user_7d91637fe2,0.00019661816751867872,0.0
user_c890b85991,0.00019661816751867872,0.0
user_f945f4140c,0.00019661816751867872,0.0
user_8b8256c763,0.00019661816751867872,0.0
user_85b85291fc,0.00019661816751867872,0.0
user_9476e1ada5,0.00019661816751867872,0.0
user_624daae015,0.00019661816751867872,0.0
user_a17fbccde9,0.00019661816751867872,0.0
user_a394dac787,0.00039323633503735744,0.0
user_a9f50d03ab,0.00019661816751867872,0.0
user_49291aade0,0.001376327172630751,0.0
user_0199bb13bb,0.00019661816751867872,0.0
user_14dbd9afa4,0.0005898545025560362,0.0
user_f25b2705d3,0.00039323633503735744,0.0
user_e603587f65,0.00019661816751867872,0.0
user_1f0d7dc30c,0.00039323633503735744,0.0
user_af42b4cecf,0.00039323633503735744,0.0
user_c7a8326eb8,0.00019661816751867872,0.0
user_a4b9be4e0c,0.00019661816751867872,0.0
user_c6079b57f3,0.00019661816751867872,0.0
user_571b2a95d2,0.0005898545025560362,0.0
user_6dca435572,0.00019661816751867872,0.0
user_52bcf9abac,0.0005898545025560362,0.0
user_b270802e0c,0.00019661816751867872,0.0
user_c026fff9a5,0.00039323633503735744,0.0
user_74dfd19365,0.00019661816751867872,0.0
user_f25950e466,0.00019661816751867872,0.0
user_b88519d42d,0.00039323633503735744,0.0
user_77527e57e8,0.0011797090051120724,0.0
user_ebbbd111ba,0.00019661816751867872,0.0
user_67746158c7,0.0005898545025560362,0.0
user_19751b6afa,0.00019661816751867872,0.0
user_1b10980861,0.00019661816751867872,0.0
user_aba73ef3d2,0.00019661816751867872,0.0
user_da5f4650dc,0.00019661816751867872,0.0
user_a2f64aa25d,0.00019661816751867872,0.0
user_9696e35bdc,0.00019661816751867872,0.0
user_c610590629,0.00019661816751867872,0.0
user_720949365c,0.00039323633503735744,0.0
user_f07efbc897,0.00019661816751867872,0.0
user_b38c5ba9b9,0.0031458906802988595,0.0
user_4d14d7f4f2,0.00019661816751867872,0.0
user_16713b2a3b,0.00019661816751867872,0.0
user_0b8c27f35a,0.00019661816751867872,0.0
user_f7110b07bb,0.00019661816751867872,0.0
user_21f24f76b9,0.00019661816751867872,0.0
user_59b5fa280a,0.0005898545025560362,0.0
user_a8fe2c2fb2,0.00019661816751867872,0.0
user_05489526b0,0.00039323633503735744,0.0
user_d5df79ac4f,0.00019661816751867872,0.0
user_e3673e5b73,0.00019661816751867872,0.0
user_07b7b35825,0.00019661816751867872,0.0
user_de5b0de4ef,0.00019661816751867872,0.0
user_a375226bb6,0.00019661816751867872,0.0
user_bc2b66312a,0.00019661816751867872,0.0
user_ffafccbd3d,0.00019661816751867872,0.0
user_03637e7f89,0.00019661816751867872,0.0
user_ef2603bba3,0.0009830908375933936,0.0
user_94ed049693,0.00019661816751867872,0.0
user_4cd6242c49,0.00019661816751867872,0.0
user_9d19aa6a9b,0.00039323633503735744,0.0
user_a80303a941,0.00019661816751867872,0.0
user_f1816e8ecb,0.00019661816751867872,0.0
user_d2571a4b4c,0.00019661816751867872,0.0
user_7520ee5855,0.00019661816751867872,0.0
user_293f5e259b,0.00019661816751867872,0.0
user_a16d54fd5c,0.00019661816751867872,0.0
user_fb9dfc0d41,0.00019661816751867872,0.0
user_3f97cab0bd,0.00019661816751867872,0.0
user_c7974acb5c,0.00019661816751867872,0.0
user_922c686b69,0.00019661816751867872,0.0
user_46a929637d,0.00019661816751867872,0.0
user_d180961609,0.00019661816751867872,0.0
user_4ff0db8eed,0.00019661816751867872,0.0
user_f6f463ed68,0.00019661816751867872,0.0
user_efba4d1f4b,0.00019661816751867872,0.0
user_8d84bdf1cc,0.00019661816751867872,0.0
user_5a32d4b29e,0.00019661816751867872,0.0
user_a1ef7cf8b3,0.00019661816751867872,0.0
user_4eed744d61,0.00019661816751867872,0.0
user_a49469e7df,0.00019661816751867872,0.0
user_7275d533a1,0.00019661816751867872,0.0
user_afc3f2eb77,0.00019661816751867872,0.0
user_6557c8fc0e,0.00039323633503735744,0.0
user_a0c2db3366,0.00019661816751867872,0.0
user_88b93edb3d,0.00039323633503735744,0.0
user_ae8e5043b6,0.0005898545025560362,0.0
user_a3f93d5b0d,0.00039323633503735744,0.0
user_44657a41fd,0.00019661816751867872,0.0
user_894c3509a3,0.00019661816751867872,0.0
user_ce103b0c4a,0.00039323633503735744,0.0
user_67bbb915f9,0.00019661816751867872,0.0
user_a6a7e35e6e,0.00019661816751867872,0.0
user_929a740c3e,0.00019661816751867872,0.0
user_2f98386fac,0.00019661816751867872,0.0
user_a2e431f143,0.00019661816751867872,0.0
user_dbea8077f4,0.00039323633503735744,0.0
user_38ef15c950,0.00019661816751867872,0.0
user_b359e9820f,0.00039323633503735744,0.0
user_a074851852,0.0005898545025560362,0.0
user_6446e1e373,0.00039323633503735744,0.0
user_2143e2ebfb,0.00019661816751867872,0.0
user_028a46f4f9,0.00039323633503735744,0.0
user_45cd8ee621,0.00019661816751867872,0.0
user_e29cd9f104,0.00019661816751867872,0.0
user_bf38ddd670,0.00019661816751867872,0.0
user_384e8ef481,0.00019661816751867872,0.0
user_fe225f5378,0.00039323633503735744,0.0
user_7da05b4cf0,0.00019661816751867872,0.0
user_a38e6fcd5b,0.00019661816751867872,0.0
user_b30e2a97e3,0.00039323633503735744,0.0
user_b35edefb3c,0.00019661816751867872,0.0
user_dee1e1bc22,0.00019661816751867872,0.0
user_9773403611,0.0005898545025560362,0.0
user_fabb4a78fa,0.00039323633503735744,0.0
user_d2dfd35407,0.00019661816751867872,0.0
user_0e8649d6b5,0.00019661816751867872,0.0
user_e9d294d282,0.00019661816751867872,0.0
user_bf94eecc1a,0.00019661816751867872,0.0
user_30efad0f91,0.00019661816751867872,0.0
user_49828fc94a,0.00039323633503735744,0.0
user_6d5d1dc2e1,0.00039323633503735744,0.0
user_40a2c8ead6,0.00019661816751867872,0.0
user_7b58339641,0.00019661816751867872,0.0
user_2c8eff792f,0.00019661816751867872,0.0
user_1d858ad1c0,0.00019661816751867872,0.0
user_8352e6b850,0.0005898545025560362,0.0
user_90cc535c8f,0.00039323633503735744,0.0
user_10fccf4317,0.00019661816751867872,0.0
user_25d284557b,0.00039323633503735744,0.0
user_117a109e8b,0.00019661816751867872,0.0
user_eee81cc950,0.00019661816751867872,0.0
user_28d1c23c0f,0.00019661816751867872,0.0
user_8671ef164f,0.00019661816751867872,0.0
user_92e2cd8ad7,0.00019661816751867872,0.0
user_9a5fc8bde1,0.00019661816751867872,0.0
user_00a47c205c,0.00039323633503735744,0.0
user_2b7591da47,0.00039323633503735744,0.0
user_f63b3164fa,0.00039323633503735744,0.0
user_a5d84e7771,0.00019661816751867872,0.0
user_0b4776c355,0.00039323633503735744,0.0
user_77805d4247,0.00019661816751867872,0.0
user_ad6805677e,0.00039323633503735744,0.0
user_a92b43ff9c,0.00019661816751867872,0.0
user_7f5f262098,0.00039323633503735744,0.0
user_e04eb7f417,0.00019661816751867872,0.0
user_17d431f9fe,0.00019661816751867872,0.0
user_75dc0acb33,0.00019661816751867872,0.0
user_7a5feef3b8,0.00039323633503735744,0.0
user_af39a95526,0.00019661816751867872,0.0
user_215293e3d6,0.00019661816751867872,0.0
user_617383756b,0.00019661816751867872,0.0
user_fe70f75026,0.00019661816751867872,0.0
user_7e868acc9d,0.0011797090051120724,0.0
user_b289e5cf2a,0.00039323633503735744,0.0
user_68a8fd9621,0.00019661816751867872,0.0
user_edd1cb1283,0.00039323633503735744,0.0
user_bde682ac95,0.00019661816751867872,0.0
user_7ba937ff9d,0.00039323633503735744,0.0
user_0064e4ba44,0.00019661816751867872,0.0
user_115774441a,0.00019661816751867872,0.0
user_f977060017,0.00039323633503735744,0.0
user_4409062ada,0.00019661816751867872,0.0
user_d1907c8517,0.00019661816751867872,0.0
user_4ed9733bd9,0.00019661816751867872,0.0
user_0f88ae7f36,0.00019661816751867872,0.0
user_78b36d5080,0.00019661816751867872,0.0
user_9144ae89d4,0.00019661816751867872,0.0
user_315e077ab3,0.00019661816751867872,0.0
user_c541e182ad,0.00019661816751867872,0.0
user_c448bf2260,0.00019661816751867872,0.0
user_8cb2d07c56,0.00019661816751867872,0.0
user_dd686b9760,0.00019661816751867872,0.0
user_0b8260356f,0.00019661816751867872,0.0
user_a59aeefcea,0.00039323633503735744,0.0
user_b70060f4bf,0.00019661816751867872,0.0
user_b2b879603c,0.00019661816751867872,0.0
user_ab29acbffd,0.00019661816751867872,0.0
user_6ddc32a321,0.00039323633503735744,0.0
user_f112f0939e,0.0005898545025560362,0.0
user_5e994fbbb3,0.0021627998427054657,0.0
user_8c73305dc9,0.00019661816751867872,0.0
user_affa55e133,0.00019661816751867872,0.0
user_a5be17d102,0.00019661816751867872,0.0
user_f4a1171656,0.00019661816751867872,0.0
user_d04d0074d1,0.00039323633503735744,0.0
user_2b31dbd187,0.00019661816751867872,0.0
user_b01feb3ee3,0.00019661816751867872,0.0
user_a0525e2a02,0.00019661816751867872,0.0
user_ea1eeccb85,0.00019661816751867872,0.0
user_8f36b6cfc2,0.00019661816751867872,0.0
user_28b830ea67,0.00039323633503735744,0.0
user_fea64f58ee,0.00039323633503735744,0.0
user_de62119e5b,0.00039323633503735744,0.0
user_e73eaae900,0.00039323633503735744,0.0
user_41ffef95a5,0.00019661816751867872,0.0
user_4337923506,0.00019661816751867872,0.0
user_8fed6f273d,0.00039323633503735744,0.0
user_fd4312eb9d,0.0007864726700747149,0.0
user_ed9b32de69,0.00019661816751867872,0.0
user_f41fe0a616,0.00019661816751867872,0.0
user_a45c4b917b,0.00019661816751867872,0.0
user_a5ca4ee34c,0.00019661816751867872,0.0
user_0c863ebc18,0.00019661816751867872,0.0
user_e53a1d1f2f,0.00039323633503735744,0.0
user_3eef1ded5b,0.00039323633503735744,0.0
user_10d7de7333,0.0005898545025560362,0.0
user_f473cc2b15,0.00019661816751867872,0.0
user_4f894057be,0.00019661816751867872,0.0
user_e6d50bbbfb,0.00019661816751867872,0.0
user_a9136ebe51,0.0005898545025560362,0.0
user_cb25ce86ad,0.00019661816751867872,0.0
user_a853b178a6,0.00019661816751867872,0.0
user_86cb2c683e,0.00019661816751867872,0.0
user_628baa63eb,0.00019661816751867872,0.0
user_47940632c7,0.00019661816751867872,0.0
user_53ee929a6b,0.00039323633503735744,0.0
user_a505ac6bc0,0.00019661816751867872,0.0
user_df511e7d25,0.00039323633503735744,0.0
user_6aa85f3a3d,0.00019661816751867872,0.0
user_9c3b9a7150,0.00019661816751867872,0.0
user_8bb33a9df6,0.00019661816751867872,0.0
user_5bf0df3626,0.00039323633503735744,0.0
user_7cda5a193f,0.0005898545025560362,0.0
user_7241612a8a,0.00039323633503735744,0.0
user_87fc99dbef,0.00039323633503735744,0.0
user_57861fbdfc,0.00019661816751867872,0.0
user_1dff2dd8d6,0.00019661816751867872,0.0
user_5b242b28fd,0.0005898545025560362,0.0
user_f85e638f6d,0.0023594180102241447,0.0
user_a4fe42ccfe,0.00019661816751867872,0.0
user_8dee553de8,0.0005898545025560362,0.0
user_460a72544f,0.0005898545025560362,0.0
user_1d5231bfb0,0.00019661816751867872,0.0
user_ee16be1f18,0.00019661816751867872,0.0
user_a0522208d6,0.00019661816751867872,0.0
user_0811a6ebd9,0.00019661816751867872,0.0
user_07eefd93c5,0.00019661816751867872,0.0
user_919d64c4b7,0.00039323633503735744,0.0
user_ae1470c29a,0.0023594180102241447,0.0
user_97c31173ca,0.00019661816751867872,0.0
user_8aaadaf75c,0.00019661816751867872,0.0
user_e7b3e4a06e,0.00039323633503735744,0.0
user_fd9d412216,0.00019661816751867872,0.0
user_443bec9070,0.00019661816751867872,0.0
user_95d9a180df,0.00019661816751867872,0.0
user_fdb1f624b9,0.00019661816751867872,0.0
user_9b4c16e50a,0.00019661816751867872,0.0
user_d0673324dc,0.00019661816751867872,0.0
user_9c40b91229,0.00019661816751867872,0.0
user_53bda180af,0.00019661816751867872,0.0
user_653d361a7c,0.00019661816751867872,0.0
user_5b0a8b282e,0.00019661816751867872,0.0
user_090bf00c72,0.00019661816751867872,0.0
user_5fbe073518,0.00039323633503735744,0.0
user_a324a26680,0.00019661816751867872,0.0
user_b7e0c0f144,0.00019661816751867872,0.0
user_07aaf4e08e,0.0005898545025560362,0.0
user_0c512feea1,0.00039323633503735744,0.0
user_ed0d1540cd,0.00019661816751867872,0.0
user_4a2a3f2176,0.00039323633503735744,0.0
user_6e2abfa935,0.0005898545025560362,0.0
user_b2854dc02d,0.00019661816751867872,0.0
user_a8f99f7075,0.00039323633503735744,0.0
user_aae73fea79,0.00019661816751867872,0.0
user_3fec78faac,0.00019661816751867872,0.0
user_dbc6bc12d9,0.0005898545025560362,0.0
user_8e634ecd8e,0.00019661816751867872,0.0
user_011f75bb60,0.00019661816751867872,0.0
user_cfda6a1967,0.00039323633503735744,0.0
user_99317ddcdb,0.00019661816751867872,0.0
user_e0281d9189,0.00019661816751867872,0.0
user_575913fcce,0.0007864726700747149,0.0
user_08aa0d4e45,0.00039323633503735744,0.0
user_b392066354,0.00019661816751867872,0.0
user_756d5a54b2,0.00039323633503735744,0.0
user_1ede804e3b,0.00039323633503735744,0.0
user_b20f304852,0.00019661816751867872,0.0
user_d21860b366,0.00039323633503735744,0.0
user_7b858e528b,0.00019661816751867872,0.0
user_fb7f9ccc39,0.00019661816751867872,0.0
user_378343a6d4,0.00019661816751867872,0.0
user_905fabd4ac,0.00019661816751867872,0.0
user_7adb957aab,0.00019661816751867872,0.0
user_c7b463779c,0.00019661816751867872,0.0
user_858a17aca5,0.0015729453401494297,0.0
user_cec586e09e,0.00019661816751867872,0.0
user_4c2d860ec6,0.00039323633503735744,0.0
user_843762f5fd,0.00019661816751867872,0.0
user_49f5f17f79,0.00019661816751867872,0.0
user_a1015ad0ad,0.00019661816751867872,0.0
user_53b2a18f90,0.00019661816751867872,0.0
user_4c981c5ae2,0.00019661816751867872,0.0
user_4f0ac9548c,0.00039323633503735744,0.0
user_683188a7f9,0.0011797090051120724,0.0
user_4e96674e41,0.0005898545025560362,0.0
user_50e0bde8be,0.00039323633503735744,0.0
user_16ab9e6bb6,0.00039323633503735744,0.0
user_8e24a87109,0.0005898545025560362,0.0
user_0ede2aec08,0.00019661816751867872,0.0
user_499893a8ea,0.00019661816751867872,0.0
user_d180a083be,0.00019661816751867872,0.0
user_a05512a66b,0.00019661816751867872,0.0
user_ac645a734e,0.00019661816751867872,0.0
user_77384fcb60,0.00019661816751867872,0.0
user_6374d2c966,0.0005898545025560362,0.0
user_763cd499e1,0.00019661816751867872,0.0
user_9b1f400d8c,0.00019661816751867872,0.0
user_9070b0c4af,0.00039323633503735744,0.0
user_956ecd084e,0.00019661816751867872,0.0
user_aae6357547,0.0005898545025560362,0.0
user_accfaae278,0.00019661816751867872,0.0
user_64a8bc7030,0.00019661816751867872,0.0
user_ab13e0e12a,0.00039323633503735744,0.0
user_1b29b6bed9,0.00039323633503735744,0.0
user_483244dfa0,0.00019661816751867872,0.0
user_a229f07ff7,0.00019661816751867872,0.0
user_1bb96a1f10,0.00019661816751867872,0.0
user_2a99834e52,0.00019661816751867872,0.0
user_91a3f23541,0.00019661816751867872,0.0
user_a065957058,0.00019661816751867872,0.0
user_5cfc4fcd4b,0.00039323633503735744,0.0
user_d4f2508615,0.00019661816751867872,0.0
user_1cae9a8b4e,0.00039323633503735744,0.0
user_c32a9ab252,0.00019661816751867872,0.0
user_ce268b8494,0.00019661816751867872,0.0
user_6b89e70c7c,0.00039323633503735744,0.0
user_48a054f1c0,0.0005898545025560362,0.0
user_36f2495b0b,0.00019661816751867872,0.0
user_4f185680c3,0.00039323633503735744,0.0
user_0144f9fa85,0.00019661816751867872,0.0
user_46101e67e9,0.00019661816751867872,0.0
user_0c3e172dc3,0.00019661816751867872,0.0
user_e78c7ff0f4,0.00019661816751867872,0.0
user_c731fe0594,0.00019661816751867872,0.0
user_219ac70a18,0.00019661816751867872,0.0
user_00180fcc4d,0.00019661816751867872,0.0
user_463bb22bdb,0.00039323633503735744,0.0
user_52a2066b6f,0.00019661816751867872,0.0
user_81fc22fcac,0.00019661816751867872,0.0
user_db1f1b30e6,0.00019661816751867872,0.0
user_5f7f8fd6b3,0.00019661816751867872,0.0
user_2864e88414,0.00039323633503735744,0.0
user_67cbdd3bcf,0.00019661816751867872,0.0
user_59db6455dc,0.00019661816751867872,0.0
user_4431a37fe9,0.00019661816751867872,0.0
user_8e7d65ff80,0.00019661816751867872,0.0
user_f24ce2c1b0,0.00019661816751867872,0.0
user_608c2490f1,0.00019661816751867872,0.0
user_13fdfc018f,0.00019661816751867872,0.0
user_950dc471c4,0.00039323633503735744,0.0
user_45529bd73b,0.00039323633503735744,0.0
user_14eebf792c,0.00019661816751867872,0.0
user_d5ec45848b,0.00039323633503735744,0.0
user_a32ef3b0d3,0.0005898545025560362,0.0
user_d5b04371f7,0.00019661816751867872,0.0
user_fe17119a58,0.00019661816751867872,0.0
user_30ffeea88a,0.0009830908375933936,0.0
user_18819c7fd3,0.00039323633503735744,0.0
user_55d013a6c7,0.00019661816751867872,0.0
user_aa627bc929,0.00019661816751867872,0.0
user_f8359d2a66,0.00019661816751867872,0.0
user_fd38a9c0c6,0.0005898545025560362,0.0
user_89613d3ae6,0.0005898545025560362,0.0
user_f52dabff27,0.00019661816751867872,0.0
user_f0b167aad4,0.00019661816751867872,0.0
user_7014f411f6,0.00019661816751867872,0.0
user_526e972f07,0.00039323633503735744,0.0
user_fd9e6cfe04,0.00019661816751867872,0.0
user_55fa057e03,0.00019661816751867872,0.0
user_86ae28a5cb,0.00019661816751867872,0.0
user_cc8d4b650f,0.00039323633503735744,0.0
user_ad0c4251b4,0.00019661816751867872,0.0
user_6ac8bc597f,0.00019661816751867872,0.0
user_b5716979b4,0.00019661816751867872,0.0
user_cf66657cba,0.00019661816751867872,0.0
user_9fc4600b66,0.00019661816751867872,0.0
user_efa681a685,0.00019661816751867872,0.0
user_ce4d925725,0.00019661816751867872,0.0
user_176ecd7c63,0.00019661816751867872,0.0
user_6ed31321f0,0.00019661816751867872,0.0
user_bad153cde2,0.00019661816751867872,0.0
user_32eff4dc06,0.00019661816751867872,0.0
user_f15478ff75,0.00019661816751867872,0.0
user_8683ce5210,0.00039323633503735744,0.0
user_67997ca864,0.00019661816751867872,0.0
user_8a011c5cf8,0.0005898545025560362,0.0
user_8557d00ab9,0.00019661816751867872,0.0
user_6524327122,0.00019661816751867872,0.0
user_5afc90ea0d,0.00019661816751867872,0.0
user_d469032a49,0.00039323633503735744,0.0
user_e7e162c41a,0.00039323633503735744,0.0
user_3b7bd1a5bc,0.00019661816751867872,0.0
user_7d0e7ba2f3,0.00019661816751867872,0.0
user_3a351fdbcf,0.00019661816751867872,0.0
user_0a9866a455,0.00019661816751867872,0.0
user_d37c359b28,0.00019661816751867872,0.0
user_fec108bfa3,0.00019661816751867872,0.0
user_01f9d5169d,0.00019661816751867872,0.0
user_49f25d54ff,0.00019661816751867872,0.0
user_6edc1bfba9,0.00019661816751867872,0.0
user_c4f9d112f8,0.00039323633503735744,0.0
user_b3bc6b1157,0.00019661816751867872,0.0
user_2bd8582e03,0.00019661816751867872,0.0
user_b739837507,0.00019661816751867872,0.0
user_9ccacad761,0.00019661816751867872,0.0
user_3a6b08643a,0.00039323633503735744,0.0
user_74c0ad22d0,0.00019661816751867872,0.0
user_8e6a4695d0,0.00019661816751867872,0.0
user_162ab03e31,0.00019661816751867872,0.0
user_5c52b4bd76,0.0009830908375933936,0.0
user_5395abb62b,0.00019661816751867872,0.0
user_c7543f90a1,0.00019661816751867872,0.0
user_5f11cc21f1,0.00019661816751867872,0.0
user_1c210881c6,0.00039323633503735744,0.0
user_de19a66b8c,0.00039323633503735744,0.0
user_8d0a79aace,0.00019661816751867872,0.0
user_559461ca01,0.00019661816751867872,0.0
user_3331ac9e29,0.00019661816751867872,0.0
user_fed6a7d909,0.00019661816751867872,0.0
user_41a23c2f79,0.00019661816751867872,0.0
user_f90ae20128,0.00019661816751867872,0.0
user_dd603d6563,0.00039323633503735744,0.0
user_c25ce135c0,0.00019661816751867872,0.0
user_277c229b6f,0.00039323633503735744,0.0
user_c50c75b1ee,0.00019661816751867872,0.0
user_f4ded262a6,0.00019661816751867872,0.0
user_dcb04aaa9c,0.00019661816751867872,0.0
user_06de6ad758,0.00019661816751867872,0.0
user_09e535c4e7,0.00019661816751867872,0.0
user_76239345d1,0.00019661816751867872,0.0
user_f680b39a45,0.00019661816751867872,0.0
user_f42b7cfb43,0.00019661816751867872,0.0
user_7626b5415f,0.00019661816751867872,0.0
user_c39611b116,0.00019661816751867872,0.0
user_7bdd3ddd89,0.00019661816751867872,0.0
user_a1964cd7ad,0.00019661816751867872,0.0
user_5766168791,0.00019661816751867872,0.0
user_e8f3f35a2a,0.00019661816751867872,0.0
user_cb416b9f5f,0.00019661816751867872,0.0
user_d19a48ec05,0.00039323633503735744,0.0
user_8019469f24,0.00019661816751867872,0.0
user_361127156f,0.00019661816751867872,0.0
user_4e567cbeb1,0.00019661816751867872,0.0
user_fda0496484,0.00019661816751867872,0.0
user_91019965b0,0.00039323633503735744,0.0
user_f08a725a59,0.00019661816751867872,0.0
user_d950f9f856,0.00019661816751867872,0.0
user_0eccc21ef1,0.00019661816751867872,0.0
user_888d1c125a,0.00019661816751867872,0.0
user_3b478064ec,0.00019661816751867872,0.0
user_53bfdbe14d,0.00019661816751867872,0.0
user_b3adcf76cf,0.00019661816751867872,0.0
user_7b1487ec45,0.00019661816751867872,0.0
user_1462b0e096,0.0005898545025560362,0.0
user_e0746a7bdc,0.00019661816751867872,0.0
user_aedf00e448,0.00019661816751867872,0.0
user_655788bae4,0.00039323633503735744,0.0
user_79d25911b5,0.0005898545025560362,0.0
user_128be16c85,0.00019661816751867872,0.0
user_078d8ab91f,0.00019661816751867872,0.0
user_9b10f07d5b,0.00019661816751867872,0.0
user_814556bc40,0.00019661816751867872,0.0
user_9cb986a914,0.0005898545025560362,0.0
user_ed86087d03,0.00019661816751867872,0.0
user_99b8bdb1e5,0.00039323633503735744,0.0
user_39dbb48ffd,0.00019661816751867872,0.0
user_3a9ca643c5,0.0005898545025560362,0.0
user_338ba15378,0.00019661816751867872,0.0
user_571d2c63f0,0.00039323633503735744,0.0
user_4a0fb0f68c,0.00019661816751867872,0.0
user_b41a9d6ea6,0.00019661816751867872,0.0
user_1a19d1e91c,0.00019661816751867872,0.0
user_2b72b27ed2,0.00019661816751867872,0.0
user_3d1f89e445,0.00039323633503735744,0.0
user_076578d0eb,0.0005898545025560362,0.0
user_24d888555d,0.00019661816751867872,0.0
user_fbc27bae34,0.00019661816751867872,0.0
user_d58c6bca5f,0.00019661816751867872,0.0
user_a99e57f4ac,0.00019661816751867872,0.0
user_0ceaeefd8c,0.00019661816751867872,0.0
user_1d7385d226,0.00019661816751867872,0.0
user_a273fa533e,0.00019661816751867872,0.0
user_a9283ea505,0.00039323633503735744,0.0
user_35f43ac56f,0.00019661816751867872,0.0
user_cba7f7bea2,0.00019661816751867872,0.0
user_f0dbe5e18a,0.00019661816751867872,0.0
user_2dda59d823,0.00039323633503735744,0.0
user_9d590602f6,0.00019661816751867872,0.0
user_48ada8b1e6,0.00019661816751867872,0.0
user_ee85cb9089,0.00019661816751867872,0.0
user_f91caf8f60,0.00019661816751867872,0.0
user_3181876071,0.00019661816751867872,0.0
user_5ac2b12b20,0.00039323633503735744,0.0
user_944b3e5efd,0.00039323633503735744,0.0
user_8416d63ec9,0.00019661816751867872,0.0
user_40db45ee7e,0.00039323633503735744,0.0
user_425bec03c0,0.00019661816751867872,0.0
user_2da922c0d3,0.0007864726700747149,0.0
user_02451a319f,0.00019661816751867872,0.0
user_2c4cf813a4,0.00039323633503735744,0.0
user_cf27a90ac5,0.00019661816751867872,0.0
user_a2e41ae603,0.00019661816751867872,0.0
user_ca465f40fc,0.00019661816751867872,0.0
user_e1dcc23748,0.00039323633503735744,0.0
user_8e77a045ca,0.00019661816751867872,0.0
user_b93097ed0b,0.00019661816751867872,0.0
user_32eda52d95,0.00019661816751867872,0.0
user_686ce1beb1,0.00019661816751867872,0.0
user_ac6d5e4f86,0.0005898545025560362,0.0
user_e433706505,0.00019661816751867872,0.0
user_e6185cba9a,0.00019661816751867872,0.0
user_892a34499c,0.00019661816751867872,0.0
user_3fe6077bd5,0.00019661816751867872,0.0
user_9d2ffdf7b8,0.00019661816751867872,0.0
user_d2c1c65586,0.00019661816751867872,0.0
user_f5f5be9d40,0.00019661816751867872,0.0
user_8990aaf91a,0.00019661816751867872,0.0
user_f426c27c48,0.00019661816751867872,0.0
user_00eb2934a7,0.00039323633503735744,0.0
user_21e0a9a876,0.00019661816751867872,0.0
user_bf404cbd3f,0.0005898545025560362,0.0
user_b79176f9a9,0.0005898545025560362,0.0
user_bf01aa3ee3,0.00019661816751867872,0.0
user_f15a458e92,0.00019661816751867872,0.0
user_0dc9483bf9,0.00019661816751867872,0.0
user_58156a1daf,0.00019661816751867872,0.0
user_ab8067e9f9,0.00019661816751867872,0.0
user_ebbea35e9e,0.00019661816751867872,0.0
user_b9dfa0be96,0.00039323633503735744,0.0
user_a024eac2d2,0.00019661816751867872,0.0
user_d9c484cba2,0.00019661816751867872,0.0
user_fe2f793186,0.00019661816751867872,0.0
user_029d8d3dd9,0.00019661816751867872,0.0
user_c4cd27831f,0.00039323633503735744,0.0
user_63e9e492de,0.00019661816751867872,0.0
user_fbec84e065,0.00039323633503735744,0.0
user_a25ff9f3a8,0.00019661816751867872,0.0
user_c7c192a41a,0.00019661816751867872,0.0
user_0f870d5f55,0.00039323633503735744,0.0
user_0f2ef086a3,0.0005898545025560362,0.0
user_d294206070,0.00019661816751867872,0.0
user_fdb421517d,0.00019661816751867872,0.0
user_4fb765abe1,0.00019661816751867872,0.0
user_d1b650009e,0.00039323633503735744,0.0
user_8aaf5e222a,0.00039323633503735744,0.0
user_209637cbd1,0.00019661816751867872,0.0
user_d7ef83f635,0.00019661816751867872,0.0
user_6531835e9a,0.00019661816751867872,0.0
user_79a3325fba,0.00019661816751867872,0.0
user_161e2dc732,0.00019661816751867872,0.0
user_f309db1f9b,0.00019661816751867872,0.0
user_4a25c800e7,0.00019661816751867872,0.0
user_42aeb6641f,0.00019661816751867872,0.0
user_b76d444706,0.00039323633503735744,0.0
user_e12b9dfa41,0.0007864726700747149,0.0
user_8a83345981,0.00019661816751867872,0.0
user_743db3b11e,0.00019661816751867872,0.0
user_f18644cbd6,0.00019661816751867872,0.0
user_4e1e0aa8c3,0.00019661816751867872,0.0
user_1ecae56661,0.00039323633503735744,0.0
user_b845e26aac,0.00039323633503735744,0.0
user_2890493335,0.00019661816751867872,0.0
user_e38fe59998,0.00019661816751867872,0.0
user_5e58bddc11,0.00019661816751867872,0.0
user_11a185a079,0.00019661816751867872,0.0
user_a385fce8ee,0.00039323633503735744,0.0
user_46e2bd2bd7,0.00019661816751867872,0.0
user_e676f881f5,0.00019661816751867872,0.0
user_275b05505b,0.00019661816751867872,0.0
user_d1467569c2,0.00019661816751867872,0.0
user_809bedaa7a,0.00019661816751867872,0.0
user_02c4fe3f65,0.00019661816751867872,0.0
user_d0146780fe,0.00019661816751867872,0.0
user_8c916e4ea4,0.007274872198191113,0.0
user_51068aa97f,0.00019661816751867872,0.0
user_5ec057b4c6,0.00019661816751867872,0.0
user_e51b3cd7e6,0.00019661816751867872,0.0
user_67a1c02318,0.00019661816751867872,0.0
user_6da19b7660,0.00019661816751867872,0.0
user_f4615d477a,0.00019661816751867872,0.0
user_df624a171f,0.00019661816751867872,0.0
user_20b1cbac5c,0.0005898545025560362,0.0
user_7396b629d5,0.00019661816751867872,0.0
user_ea0ca4ee54,0.00019661816751867872,0.0
user_c250b062d4,0.00019661816751867872,0.0
user_b3ad9be47e,0.00039323633503735744,0.0
user_6adb0db3d5,0.00019661816751867872,0.0
user_19aaa5ad15,0.00019661816751867872,0.0
user_1421f53f3f,0.00019661816751867872,0.0
user_a83f01993f,0.00019661816751867872,0.0
user_61e083d570,0.00019661816751867872,0.0
user_7200ce2ea6,0.00019661816751867872,0.0
user_b8d82e8a9d,0.0005898545025560362,0.0
user_132c48ed79,0.00019661816751867872,0.0
user_99705a2c76,0.00019661816751867872,0.0
user_ba01d72d55,0.00019661816751867872,0.0
user_877894e95d,0.00019661816751867872,0.0
user_c6f4c75fbc,0.00019661816751867872,0.0
user_0fbe615f7d,0.00039323633503735744,0.0
user_9aacc13506,0.00019661816751867872,0.0
user_46850056fa,0.00019661816751867872,0.0
user_563848401d,0.0021627998427054657,0.0
user_54120f03c4,0.00019661816751867872,0.0
user_0f29047c17,0.00019661816751867872,0.0
user_fa8ce51070,0.00019661816751867872,0.0
user_21a6dc5867,0.00019661816751867872,0.0
user_d2cde0db13,0.00019661816751867872,0.0
user_86202aa55b,0.00019661816751867872,0.0
user_65591fd53f,0.00019661816751867872,0.0
user_0917c54259,0.00039323633503735744,0.0
user_2bbfb533f6,0.00019661816751867872,0.0
user_2ba3d0cfaa,0.00019661816751867872,0.0
user_adbd268665,0.00019661816751867872,0.0
user_d6c30c938e,0.00019661816751867872,0.0
user_0695a5822c,0.00019661816751867872,0.0
user_94e591b83b,0.00019661816751867872,0.0
user_b84e83c4a6,0.00019661816751867872,0.0
user_9dc2e98f88,0.00019661816751867872,0.0
user_2859c7202c,0.00019661816751867872,0.0
user_6d94000ad9,0.00019661816751867872,0.0
user_e7cacd0d6b,0.00019661816751867872,0.0
user_77e2c40e5f,0.00019661816751867872,0.0
user_b18924227d,0.00019661816751867872,0.0
user_ed68264e9d,0.00019661816751867872,0.0
user_a0fae2e7e1,0.00019661816751867872,0.0
user_268395b624,0.00019661816751867872,0.0
user_af90677fc1,0.00019661816751867872,0.0
user_04e64265ae,0.00039323633503735744,0.0
user_5475798192,0.00039323633503735744,0.0
user_3962285f15,0.00019661816751867872,0.0
user_c751b51f43,0.00019661816751867872,0.0
user_eb22df9769,0.00019661816751867872,0.0
user_018e17f47a,0.00019661816751867872,0.0
user_63a2b397b9,0.00019661816751867872,0.0
user_c0dde6f1db,0.00019661816751867872,0.0
user_9f68caf94f,0.00019661816751867872,0.0
user_6d757f4f33,0.00019661816751867872,0.0
user_2aefe73ad6,0.00019661816751867872,0.0
user_5a27f79edc,0.00019661816751867872,0.0
user_542398dc8a,0.00019661816751867872,0.0
user_93cae16343,0.00019661816751867872,0.0
user_877b89abd3,0.00019661816751867872,0.0
user_cd32c7774d,0.00019661816751867872,0.0
user_a139cefcfc,0.00019661816751867872,0.0
user_b794f8e397,0.00019661816751867872,0.0
user_0762c98574,0.00019661816751867872,0.0
user_81d5d4a7c3,0.00019661816751867872,0.0
user_561a465005,0.00019661816751867872,0.0
user_cfa44bdbd2,0.00019661816751867872,0.0
user_5f61e4dfc2,0.00019661816751867872,0.0
user_a8707b9345,0.00019661816751867872,0.0
user_e7949187d2,0.0007864726700747149,0.0
user_f610d9ab5e,0.00019661816751867872,0.0
user_ca8cbbeb38,0.00019661816751867872,0.0
user_7a2d9e309f,0.00019661816751867872,0.0
user_fdca9fbb9d,0.00019661816751867872,0.0
user_790cae8c80,0.00019661816751867872,0.0
user_90ee51d3b4,0.00019661816751867872,0.0
user_782ddc2a2d,0.00019661816751867872,0.0
user_35021a0761,0.00019661816751867872,0.0
user_ac0619515e,0.00039323633503735744,0.0
user_89ad9cac74,0.00039323633503735744,0.0
user_97e0244e3f,0.00019661816751867872,0.0
user_d98c92a7c2,0.00019661816751867872,0.0
user_99151058d8,0.00019661816751867872,0.0
user_d1bee2bbff,0.00019661816751867872,0.0
user_70d5ec48d6,0.00019661816751867872,0.0
user_f176b6d8ec,0.00019661816751867872,0.0
user_f116a44f82,0.00019661816751867872,0.0
user_e816892220,0.00019661816751867872,0.0
user_04ed4d4bb3,0.00019661816751867872,0.0
user_47fd0ec241,0.00019661816751867872,0.0
user_e3b3bab4a0,0.00039323633503735744,0.0
user_5afdf0b608,0.00019661816751867872,0.0
user_5027b271e3,0.00019661816751867872,0.0
user_aa429c2fe9,0.00019661816751867872,0.0
user_c12260c06a,0.00019661816751867872,0.0
user_c3a86fba1c,0.00019661816751867872,0.0
user_435910f560,0.00019661816751867872,0.0
user_0e8f11feec,0.00019661816751867872,0.0
user_231e6c253d,0.00019661816751867872,0.0
user_b153c1fcb9,0.00019661816751867872,0.0
user_3e1208c972,0.00019661816751867872,0.0
user_c75913d1de,0.00019661816751867872,0.0
user_e05c3eff04,0.00019661816751867872,0.0
user_90435921ed,0.00019661816751867872,0.0
user_d8645bcd2f,0.00019661816751867872,0.0
user_99ac362f9c,0.00019661816751867872,0.0
user_84db7c3d3d,0.00019661816751867872,0.0
user_4368e6bdd1,0.00019661816751867872,0.0
user_f110de8659,0.00019661816751867872,0.0
user_fe4f116d2b,0.00019661816751867872,0.0
user_89590d7477,0.00019661816751867872,0.0
user_3d19f636db,0.00019661816751867872,0.0
user_1684c65758,0.00039323633503735744,0.0
user_e40e4a101c,0.00019661816751867872,0.0
user_f7edd8a278,0.00019661816751867872,0.0
user_3c275c750e,0.00019661816751867872,0.0
user_29ee4967eb,0.00019661816751867872,0.0
user_e145699f1f,0.00019661816751867872,0.0
user_a976fb713c,0.00019661816751867872,0.0
user_9e68b165d7,0.00019661816751867872,0.0
user_f56a852b98,0.00019661816751867872,0.0
user_4c5d24d654,0.00039323633503735744,0.0
user_0d0908a114,0.00019661816751867872,0.0
user_fa1a6e486c,0.00019661816751867872,0.0
user_1b1666ca82,0.00019661816751867872,0.0
user_95466f391c,0.00019661816751867872,0.0
user_dd1a415e38,0.00019661816751867872,0.0
user_608368c81b,0.00019661816751867872,0.0
user_4d9e79ec20,0.00019661816751867872,0.0
user_e19847722e,0.00019661816751867872,0.0
user_6cc292bf0c,0.00019661816751867872,0.0
user_70b94eab58,0.00019661816751867872,0.0
user_6bb1023507,0.00019661816751867872,0.0
user_1c41d1e432,0.00019661816751867872,0.0
user_9bf77184f7,0.00039323633503735744,0.0
user_326eb5a950,0.00019661816751867872,0.0
user_ec0182f43f,0.00019661816751867872,0.0
user_379113d9a5,0.00019661816751867872,0.0
user_66bc143700,0.00019661816751867872,0.0
user_cce463c5e0,0.00019661816751867872,0.0
user_d8c53b0a73,0.00019661816751867872,0.0
user_b5cf6cfecd,0.00019661816751867872,0.0
user_6e95ce56cc,0.00019661816751867872,0.0
user_f79bde2ec1,0.00019661816751867872,0.0
user_4cf6c1d6e3,0.00019661816751867872,0.0
user_8347920e5c,0.00019661816751867872,0.0
user_5b0e235b23,0.00019661816751867872,0.0
user_dcf044ca21,0.00019661816751867872,0.0
user_cfebb929db,0.00019661816751867872,0.0
user_77519a33a9,0.00019661816751867872,0.0
user_bd7ba27a4d,0.00019661816751867872,0.0
user_1fddcd7354,0.00019661816751867872,0.0
user_cf31a98842,0.00019661816751867872,0.0
user_7d6f27c65f,0.00019661816751867872,0.0
user_ddf224cfbe,0.00019661816751867872,0.0
user_b70b99b512,0.00039323633503735744,0.0
user_38d080b6ce,0.00019661816751867872,0.0
user_4160d40a13,0.00019661816751867872,0.0
user_15e430b3ff,0.00019661816751867872,0.0
user_ea73ea54ad,0.00019661816751867872,0.0
user_7ed5ee7990,0.00019661816751867872,0.0
user_879d8d3c8a,0.00019661816751867872,0.0
user_4ae8289179,0.00019661816751867872,0.0
user_04bcea0ed9,0.00019661816751867872,0.0
user_e786f7880d,0.00019661816751867872,0.0
user_bea6d01aaa,0.00019661816751867872,0.0
user_9cf7d0264d,0.00019661816751867872,0.0
user_b4afa52659,0.00019661816751867872,0.0
user_88d6387093,0.00019661816751867872,0.0
user_259ddb8f8f,0.00019661816751867872,0.0
user_23a963495d,0.00019661816751867872,0.0
user_d14b9e30e6,0.00039323633503735744,0.0
user_9f2f6a191a,0.00019661816751867872,0.0
user_2ef19562ce,0.00019661816751867872,0.0
user_7b1f7a5299,0.00019661816751867872,0.0
user_8aa0297547,0.00019661816751867872,0.0
user_835c93ac3b,0.00019661816751867872,0.0
user_861dfa9b24,0.00019661816751867872,0.0
user_f1ebddc4a7,0.00019661816751867872,0.0
user_6f2f30c050,0.00019661816751867872,0.0
user_5dace6cad7,0.00019661816751867872,0.0
user_855e1db732,0.00019661816751867872,0.0
user_d430685bdb,0.00019661816751867872,0.0
user_304c361bad,0.00019661816751867872,0.0
user_410d28e18c,0.00019661816751867872,0.0
user_c7c959ee99,0.00019661816751867872,0.0
user_361ec95f46,0.00019661816751867872,0.0
user_ae0675450d,0.00039323633503735744,0.0
user_c84adcaff8,0.00039323633503735744,0.0
user_9f5b092b19,0.00019661816751867872,0.0
user_4ba7e55d30,0.00019661816751867872,0.0
user_a875a7305e,0.00019661816751867872,0.0
user_20d615c33e,0.00019661816751867872,0.0
user_49f9ade36d,0.00019661816751867872,0.0
user_1620a47c22,0.00019661816751867872,0.0
user_e2fbbf067b,0.00019661816751867872,0.0
user_7d1f691981,0.00019661816751867872,0.0
user_5a89a4a783,0.00019661816751867872,0.0
user_6f2ff87d56,0.00039323633503735744,0.0
user_c7d5a450cf,0.00019661816751867872,0.0
user_dea788e7ba,0.00019661816751867872,0.0
user_bf7417c79a,0.00019661816751867872,0.0
user_ddd95859c2,0.00019661816751867872,0.0
user_8595dc0a85,0.00019661816751867872,0.0
user_2c45286732,0.0005898545025560362,0.0
user_21c0dd7db7,0.00019661816751867872,0.0
user_280f7d6da1,0.00039323633503735744,0.0
user_c2a48f3cf4,0.00019661816751867872,0.0
user_ecd7105727,0.00019661816751867872,0.0
user_99c407d10b,0.00019661816751867872,0.0
user_d066fcf81a,0.00019661816751867872,0.0
user_ccaca65cdf,0.00039323633503735744,0.0
user_15a72e9624,0.00039323633503735744,0.0
user_97edf48ef6,0.00019661816751867872,0.0
user_2bc6653868,0.00039323633503735744,0.0
user_3bb107e6b0,0.00019661816751867872,0.0
user_9a55e46f8e,0.0007864726700747149,0.0
user_498a3e2e76,0.00019661816751867872,0.0
user_ffd7d7473f,0.00039323633503735744,0.0
user_7d7f6ad5f7,0.00039323633503735744,0.0
user_2b5eed0dcc,0.00019661816751867872,0.0
user_07cb29dab9,0.00039323633503735744,0.0
user_12e1b4605c,0.00039323633503735744,0.0
user_ba1d562061,0.00019661816751867872,0.0
user_86c450deed,0.00019661816751867872,0.0
user_f2cd3186e4,0.00019661816751867872,0.0
user_e870f0904f,0.00019661816751867872,0.0
user_f60238d6f7,0.00019661816751867872,0.0
user_dbe5fc02c5,0.00019661816751867872,0.0
user_1bb4fb26a8,0.00019661816751867872,0.0
user_8cf77bd3ec,0.00019661816751867872,0.0
user_4c55c45962,0.00039323633503735744,0.0
user_e51c484e9e,0.00019661816751867872,0.0
user_d80998caab,0.00019661816751867872,0.0
user_6b5ecf936d,0.00019661816751867872,0.0
user_36490b44a1,0.00019661816751867872,0.0
user_6d616773a4,0.00019661816751867872,0.0
user_c9ac6f79a7,0.00019661816751867872,0.0
user_be7e954280,0.00019661816751867872,0.0
user_7e240490c9,0.00019661816751867872,0.0
user_eb7ebe5e40,0.00019661816751867872,0.0
user_ffcbf93612,0.00019661816751867872,0.0
user_1929e470a7,0.00019661816751867872,0.0
user_1d8a2ddebe,0.00019661816751867872,0.0
user_5d50fb4480,0.00019661816751867872,0.0
user_926e355522,0.00019661816751867872,0.0
user_14c198098f,0.00019661816751867872,0.0
user_e5cbcca4ee,0.00019661816751867872,0.0
user_6a101c6a37,0.00019661816751867872,0.0
user_50d1c8db94,0.00019661816751867872,0.0
user_17d6bbb20d,0.00019661816751867872,0.0
user_9f7a92d4e4,0.00019661816751867872,0.0
user_07ab75d435,0.00019661816751867872,0.0
user_564c2382ba,0.00019661816751867872,0.0
user_1ca05dcdec,0.00019661816751867872,0.0
user_588cf170ce,0.00019661816751867872,0.0
user_101c9ebdd1,0.00039323633503735744,0.0
user_f4cf288190,0.00019661816751867872,0.0
user_fd1db4194e,0.00019661816751867872,0.0
user_6a5875647a,0.00019661816751867872,0.0
user_daac282667,0.00019661816751867872,0.0
user_55021b09fb,0.00019661816751867872,0.0
user_95ca26633c,0.0005898545025560362,0.0
user_efa4341584,0.0007864726700747149,0.0
user_ae13a1d947,0.00019661816751867872,0.0
user_e79edfa004,0.00019661816751867872,0.0
user_8a7bb6fe7f,0.00019661816751867872,0.0
user_4c954a9374,0.00019661816751867872,0.0
user_ce2cd78d25,0.00039323633503735744,0.0
user_772ecb7551,0.00039323633503735744,0.0
user_416c7f3c21,0.00019661816751867872,0.0
user_da1596b816,0.00019661816751867872,0.0
user_18c3102365,0.00039323633503735744,0.0
user_ecc8f1b4f9,0.00039323633503735744,0.0
user_c89b64c605,0.00039323633503735744,0.0
user_0c49fefeb5,0.00019661816751867872,0.0
user_52a71db41b,0.00019661816751867872,0.0
user_b0e1847641,0.00019661816751867872,0.0
user_7186489f10,0.00039323633503735744,0.0
user_213ef25a55,0.00019661816751867872,0.0
user_cb0a177720,0.00019661816751867872,0.0
user_39f40253c7,0.00019661816751867872,0.0
user_defe6f5f40,0.00019661816751867872,0.0
user_588b22a74a,0.00019661816751867872,0.0
user_7f8d237776,0.00039323633503735744,0.0
user_decd24c3b2,0.00019661816751867872,0.0
user_d9a48e2f19,0.00019661816751867872,0.0
user_86c60d7431,0.00039323633503735744,0.0
user_de90e5f1fb,0.00019661816751867872,0.0
user_214a1e1965,0.00019661816751867872,0.0
user_89e998aa4a,0.00019661816751867872,0.0
user_f9bcd6328a,0.00019661816751867872,0.0
user_9a1a18d4c4,0.00019661816751867872,0.0
user_283428eb9b,0.00019661816751867872,0.0
user_572f647771,0.00019661816751867872,0.0
user_a97b0e2dc7,0.00019661816751867872,0.0
user_8b241f67a8,0.00019661816751867872,0.0
user_10855c46f2,0.00019661816751867872,0.0
user_3b0509c3a4,0.00019661816751867872,0.0
user_e7c16f24aa,0.00039323633503735744,0.0
user_6d7f4cfbac,0.00039323633503735744,0.0
user_7e7aad1d21,0.00019661816751867872,0.0
user_15bd1616d7,0.00019661816751867872,0.0
user_46be9a7ca1,0.00019661816751867872,0.0
user_a01276ad9e,0.00019661816751867872,0.0
user_200c036b55,0.00019661816751867872,0.0
user_59d3dcb0b6,0.00019661816751867872,0.0
user_0192f933cb,0.00019661816751867872,0.0
user_948cab5543,0.00039323633503735744,0.0
user_7edf64058f,0.00019661816751867872,0.0
user_916a34d87f,0.0005898545025560362,0.0
user_a997bcbdce,0.00019661816751867872,0.0
user_bbad1212f7,0.00019661816751867872,0.0
user_56d72c3ff7,0.0007864726700747149,0.0
user_ab053a0c90,0.00019661816751867872,0.0
user_72e04008a8,0.00039323633503735744,0.0
user_dd9ca8a0a7,0.00019661816751867872,0.0
user_c21a4a8f67,0.00019661816751867872,0.0
user_bde85bdf5a,0.00039323633503735744,0.0
user_d1ee105c01,0.00019661816751867872,0.0
user_e32ef23597,0.00019661816751867872,0.0
user_1859e62cea,0.00019661816751867872,0.0
user_927e145244,0.00019661816751867872,0.0
user_7b19efd4f2,0.00019661816751867872,0.0
user_ebe7d18cdb,0.00019661816751867872,0.0
user_433ff91a25,0.00039323633503735744,0.0
user_ac17bad862,0.00019661816751867872,0.0
user_31f42e0648,0.00019661816751867872,0.0
user_860dadf65a,0.00039323633503735744,0.0
user_d3e1014951,0.00019661816751867872,0.0
user_3651744469,0.00019661816751867872,0.0
user_68bdf1139a,0.00019661816751867872,0.0
user_a59b4f4787,0.00019661816751867872,0.0
user_5f3ff1333b,0.0007864726700747149,0.0
user_ebd58a29ca,0.0005898545025560362,0.0
user_9f49ca042b,0.00019661816751867872,0.0
user_13bb9af0da,0.00019661816751867872,0.0
user_9be611f7e3,0.00019661816751867872,0.0
user_127a417099,0.00039323633503735744,0.0
user_0ab734a31b,0.00039323633503735744,0.0
user_bd36302b0b,0.00019661816751867872,0.0
user_ffa3ff064f,0.00019661816751867872,0.0
user_8835dddae3,0.00039323633503735744,0.0
user_27a8db8bb7,0.0011797090051120724,0.0
user_482e544b5d,0.00019661816751867872,0.0
user_ac905b905b,0.00019661816751867872,0.0
user_c399c4d891,0.00019661816751867872,0.0
user_3b287d0eb5,0.00019661816751867872,0.0
user_bdefc512ba,0.00019661816751867872,0.0
user_a22711be49,0.00019661816751867872,0.0
user_d94e2871b5,0.00039323633503735744,0.0
user_771112d68b,0.00019661816751867872,0.0
user_4258cb36eb,0.00019661816751867872,0.0
user_eb9a16545e,0.00019661816751867872,0.0
user_26a26cd9d4,0.0007864726700747149,0.0
user_92532da30b,0.0009830908375933936,0.0
user_912e7c3ec1,0.00019661816751867872,0.0
user_d8a049bae8,0.00019661816751867872,0.0
user_f3eb5816df,0.00019661816751867872,0.0
user_24f146f18a,0.00019661816751867872,0.0
user_6fb65a9a89,0.00019661816751867872,0.0
user_9ccf06c53b,0.00019661816751867872,0.0
user_9ea75ea15c,0.00019661816751867872,0.0
user_3f02572fba,0.00019661816751867872,0.0
user_b7762822bd,0.00019661816751867872,0.0
user_a705e8d30c,0.00019661816751867872,0.0
user_c666c0d0f9,0.00019661816751867872,0.0
user_880b82fe1c,0.00019661816751867872,0.0
user_a77cedf5c0,0.00019661816751867872,0.0
user_3ccaea61cb,0.00019661816751867872,0.0
user_08004d5090,0.00019661816751867872,0.0
user_5e486af40e,0.00019661816751867872,0.0
user_332faf9dd3,0.00019661816751867872,0.0
user_f591eedf9a,0.00039323633503735744,0.0
user_a8de495c1f,0.00019661816751867872,0.0
user_a40a34f5a4,0.00019661816751867872,0.0
user_fccf712145,0.00019661816751867872,0.0
user_acf02257a1,0.00019661816751867872,0.0
user_57b4323178,0.00019661816751867872,0.0
user_7316c772f6,0.00019661816751867872,0.0
user_1c83a7bdbd,0.00019661816751867872,0.0
user_366ba0a01e,0.0005898545025560362,0.0
user_2e9a3925f2,0.0005898545025560362,0.0
user_bf72ada130,0.00019661816751867872,0.0
user_577bb8d24c,0.00019661816751867872,0.0
user_ee31cf02a3,0.00039323633503735744,0.0
user_1e930bf043,0.00039323633503735744,0.0
user_2d2b9b5f00,0.00039323633503735744,0.0
user_8a80144ab4,0.00019661816751867872,0.0
user_2c2414199f,0.00019661816751867872,0.0
user_5cfa24c0e0,0.00019661816751867872,0.0
user_04a288c119,0.00019661816751867872,0.0
user_0595be310e,0.00019661816751867872,0.0
user_39ef17ef3a,0.00039323633503735744,0.0
user_a6a9f8b254,0.00039323633503735744,0.0
user_ffd93b7ea4,0.00019661816751867872,0.0
user_ecbe77854d,0.00019661816751867872,0.0
user_6f8927843c,0.00019661816751867872,0.0
user_f4b1645fe7,0.0005898545025560362,0.0
user_3b53d2c73c,0.00019661816751867872,0.0
user_9249d9660a,0.00019661816751867872,0.0
user_22447190a5,0.00019661816751867872,0.0
user_2cffd21ba7,0.00019661816751867872,0.0
user_5d7e62e663,0.00019661816751867872,0.0
user_5e85d50f01,0.00019661816751867872,0.0
user_8e801f38dd,0.00039323633503735744,0.0
user_ba41547f41,0.00019661816751867872,0.0
user_f188bfce6d,0.0009830908375933936,0.0
user_6c9fb072fc,0.00019661816751867872,0.0
user_820c3d74e5,0.00019661816751867872,0.0
user_8d95e2137c,0.00019661816751867872,0.0
user_685034a158,0.00039323633503735744,0.0
user_aeac31e990,0.00039323633503735744,0.0
user_e0b7b20e01,0.0005898545025560362,0.0
user_ecfcf4601c,0.00019661816751867872,0.0
user_4afa133d02,0.00019661816751867872,0.0
user_986d28bd69,0.00019661816751867872,0.0
user_35b253ef0b,0.00039323633503735744,0.0
user_df684c1cf1,0.00019661816751867872,0.0
user_852a602e56,0.00039323633503735744,0.0
user_3084b2fbf2,0.00019661816751867872,0.0
user_105ea6771f,0.00019661816751867872,0.0
user_5f6d679ad5,0.00019661816751867872,0.0
user_70c2835d67,0.00039323633503735744,0.0
user_a7f708bc07,0.00019661816751867872,0.0
user_d73369ae12,0.00019661816751867872,0.0
user_647c0f382d,0.00039323633503735744,0.0
user_8c388d9a6e,0.00039323633503735744,0.0
user_62649abae6,0.00019661816751867872,0.0
user_2ff494ea93,0.00019661816751867872,0.0
user_294107aa45,0.00019661816751867872,0.0
user_33468c49d8,0.0009830908375933936,0.0
user_3c3913839e,0.00039323633503735744,0.0
user_f9b096eb2e,0.00019661816751867872,0.0
user_5dc97d06af,0.00039323633503735744,0.0
user_c28b865793,0.00039323633503735744,0.0
user_0164d0d1c7,0.00019661816751867872,0.0
user_d1213e72de,0.00039323633503735744,0.0
user_364dc35e25,0.00019661816751867872,0.0
user_5393e4c98f,0.00039323633503735744,0.0
user_7c612e9ed1,0.00019661816751867872,0.0
user_01768e6771,0.00019661816751867872,0.0
user_441285ca83,0.00019661816751867872,0.0
user_2bb2bf3abf,0.00019661816751867872,0.0
user_0040834825,0.00019661816751867872,0.0
user_9e605cedbe,0.00019661816751867872,0.0
user_a3b8282501,0.00019661816751867872,0.0
user_60328a6e8e,0.00019661816751867872,0.0
user_3536ee10b5,0.00019661816751867872,0.0
user_cebc9b6535,0.00019661816751867872,0.0
user_5811e1b70a,0.00019661816751867872,0.0
user_392ef58486,0.00019661816751867872,0.0
user_f5f8c8642b,0.00019661816751867872,0.0
user_3f0248e8b6,0.00019661816751867872,0.0
user_89b1722e84,0.00039323633503735744,0.0
user_b70076e288,0.0005898545025560362,0.0
user_abe6365c48,0.00039323633503735744,0.0
user_d326059c29,0.00039323633503735744,0.0
user_20037d776c,0.00019661816751867872,0.0
user_0f27aa7117,0.00019661816751867872,0.0
user_88e552f419,0.00019661816751867872,0.0
user_b2efa85bbf,0.00019661816751867872,0.0
user_f7670b9a28,0.00019661816751867872,0.0
user_caeb124639,0.00019661816751867872,0.0
user_cc547d8997,0.0007864726700747149,0.0
user_dcf7b25a31,0.00019661816751867872,0.0
user_5e236d5055,0.00039323633503735744,0.0
user_90eeaf9879,0.00019661816751867872,0.0
user_4c99684f21,0.00019661816751867872,0.0
user_655bb3105a,0.00019661816751867872,0.0
user_1f9f923b86,0.00019661816751867872,0.0
user_ea822598ed,0.0005898545025560362,0.0
user_d665b58467,0.00019661816751867872,0.0
user_1eae6c8140,0.00019661816751867872,0.0
user_e407689b1a,0.00039323633503735744,0.0
user_93d183c037,0.00019661816751867872,0.0
user_f52a8e39bd,0.00019661816751867872,0.0
user_cfff30cf99,0.00019661816751867872,0.0
user_b7c6044332,0.00019661816751867872,0.0
user_ee54b58af3,0.00019661816751867872,0.0
user_29d36d680f,0.0005898545025560362,0.0
user_cf477561de,0.0005898545025560362,0.0
user_ae6db7943b,0.00019661816751867872,0.0
user_4cadc03771,0.00019661816751867872,0.0
user_fae6fb776d,0.00019661816751867872,0.0
user_fa4b62d97e,0.00019661816751867872,0.0
user_d9cfb023e5,0.00019661816751867872,0.0
user_bef1c0e8d6,0.00019661816751867872,0.0
user_cdecb04334,0.00019661816751867872,0.0
user_3d90ff0844,0.00019661816751867872,0.0
user_890a2a10cc,0.00019661816751867872,0.0
user_3f600596c1,0.00019661816751867872,0.0
user_03dd888ab6,0.0005898545025560362,0.0
user_aa219fdee9,0.00019661816751867872,0.0
user_d3c359ba7b,0.00019661816751867872,0.0
user_69f1639867,0.00019661816751867872,0.0
user_cd1f66984a,0.00039323633503735744,0.0
user_2a8dd23b89,0.00019661816751867872,0.0
user_1692299c32,0.00019661816751867872,0.0
user_95b6e653f1,0.00019661816751867872,0.0
user_3f4689d6d6,0.00019661816751867872,0.0
user_19037177a9,0.00039323633503735744,0.0
user_f175808859,0.00019661816751867872,0.0
user_92653454c4,0.00019661816751867872,0.0
user_1fa5184f78,0.00039323633503735744,0.0
user_8d049beef1,0.00019661816751867872,0.0
user_d3813c8145,0.00039323633503735744,0.0
user_348645e5ec,0.00039323633503735744,0.0
user_9f395b33ed,0.0005898545025560362,0.0
user_4fc79d8ac6,0.00019661816751867872,0.0
user_770487fd70,0.00019661816751867872,0.0
user_7938788014,0.00019661816751867872,0.0
user_e956fef172,0.00019661816751867872,0.0
user_8a5e49f2a4,0.00019661816751867872,0.0
user_56efa10eab,0.00019661816751867872,0.0
user_6fc01ccefb,0.00019661816751867872,0.0
user_6a9c9e3c1e,0.00019661816751867872,0.0
user_9b218f4eb0,0.00019661816751867872,0.0
user_a6d08e7a52,0.00019661816751867872,0.0
user_2721705289,0.0005898545025560362,0.0
user_07e08d69b2,0.00019661816751867872,0.0
user_ee21d2b043,0.00039323633503735744,0.0
user_7e1b5c551f,0.00019661816751867872,0.0
user_ee3d1f0e7d,0.00019661816751867872,0.0
user_2e02ae2434,0.00019661816751867872,0.0
user_a293c36194,0.00019661816751867872,0.0
user_9ca4f10b7c,0.00019661816751867872,0.0
user_3c879a5471,0.00019661816751867872,0.0
user_24a59a3353,0.00019661816751867872,0.0
user_ddfb82b9d5,0.00019661816751867872,0.0
user_b2577516d3,0.00019661816751867872,0.0
user_afb85ae284,0.00019661816751867872,0.0
user_078f95c024,0.00019661816751867872,0.0
user_a1e5c75a66,0.00019661816751867872,0.0
user_3f29fb54c5,0.00019661816751867872,0.0
user_b444204fef,0.00019661816751867872,0.0
user_74c7733550,0.00019661816751867872,0.0
user_a0eb717db8,0.00019661816751867872,0.0
user_70153bef63,0.00019661816751867872,0.0
user_7bbca3be87,0.00039323633503735744,0.0
user_9b50e3427e,0.00019661816751867872,0.0
user_0404737770,0.00019661816751867872,0.0
user_acff2626c3,0.00039323633503735744,0.0
user_a9b286d840,0.00019661816751867872,0.0
user_1bbc675ee9,0.00019661816751867872,0.0
user_d913e446f1,0.00039323633503735744,0.0
user_159b9c4740,0.00039323633503735744,0.0
user_50449f28bf,0.00019661816751867872,0.0
user_9281dfde66,0.00019661816751867872,0.0
user_49cb891cb3,0.00019661816751867872,0.0
user_8828c59c0c,0.00019661816751867872,0.0
user_3273708ca9,0.00019661816751867872,0.0
user_11d121e221,0.00019661816751867872,0.0
user_730aebab98,0.00019661816751867872,0.0
user_0e1c53b0a5,0.00019661816751867872,0.0
user_8712f631e8,0.00019661816751867872,0.0
user_b7ce74f555,0.00019661816751867872,0.0
user_16136b4307,0.00019661816751867872,0.0
user_fbbac81c90,0.00019661816751867872,0.0
user_e9aefe49ea,0.00019661816751867872,0.0
user_58cc37bae1,0.00019661816751867872,0.0
user_7a27fb5415,0.00039323633503735744,0.0
user_9e1f4c6926,0.00019661816751867872,0.0
user_c5e1f65e17,0.00019661816751867872,0.0
user_c579ac3008,0.0005898545025560362,0.0
user_b0b8f70c04,0.00019661816751867872,0.0
user_ff775057ec,0.0005898545025560362,0.0
user_53f3b4b99e,0.00019661816751867872,0.0
user_4015f8a17b,0.00039323633503735744,0.0
user_4e9267d032,0.00019661816751867872,0.0
user_52c01d31dd,0.00019661816751867872,0.0
user_f26706599f,0.00019661816751867872,0.0
user_5e46bdcdd3,0.00019661816751867872,0.0
user_320d607ce8,0.00019661816751867872,0.0
user_9f0cc394d5,0.00019661816751867872,0.0
user_d4f3ec39e9,0.00019661816751867872,0.0
user_a3755d6fd5,0.00019661816751867872,0.0
user_678e9b760c,0.00019661816751867872,0.0
user_b46a13062a,0.00019661816751867872,0.0
user_ae43d97d5b,0.00019661816751867872,0.0
user_c560dc5acd,0.00039323633503735744,0.0
user_ebb587ce04,0.00019661816751867872,0.0
user_151714672d,0.00019661816751867872,0.0
user_1c2c24e855,0.00019661816751867872,0.0
user_758461b0c6,0.00019661816751867872,0.0
user_9886b52b75,0.00019661816751867872,0.0
user_3816a2b311,0.00019661816751867872,0.0
user_6354890aa5,0.00019661816751867872,0.0
user_9a1d9911cd,0.00019661816751867872,0.0
user_352f8116d2,0.00019661816751867872,0.0
user_b8371f400a,0.00019661816751867872,0.0
user_1c9f89ae59,0.00019661816751867872,0.0
user_0393bef2e7,0.00019661816751867872,0.0
user_ae528e4624,0.00019661816751867872,0.0
user_03f7d9354a,0.00019661816751867872,0.0
user_5dede56d17,0.00019661816751867872,0.0
user_ae9fa20499,0.00039323633503735744,0.0
user_79d49bc66b,0.00039323633503735744,0.0
user_5c919024d9,0.00019661816751867872,0.0
user_26b6afc6fa,0.0005898545025560362,0.0
user_09bf785713,0.00019661816751867872,0.0
user_edd8a1592d,0.00019661816751867872,0.0
user_7450b3869c,0.00019661816751867872,0.0
user_ac372f225e,0.00019661816751867872,0.0
user_f9c003e4c9,0.00019661816751867872,0.0
user_5ccc2992f1,0.00019661816751867872,0.0
user_f2da97e8a7,0.00019661816751867872,0.0
user_6e57d4f0c1,0.00019661816751867872,0.0
user_d49dc21fa1,0.00019661816751867872,0.0
user_ab2f92c71d,0.00019661816751867872,0.0
user_d57602d8cf,0.00019661816751867872,0.0
user_ed29a64808,0.00019661816751867872,0.0
user_596cf4e8ee,0.00019661816751867872,0.0
user_d613210f0e,0.0005898545025560362,0.0
user_1e4b73f15f,0.00019661816751867872,0.0
user_d16fecb970,0.00019661816751867872,0.0
user_4cac445ff0,0.00019661816751867872,0.0
user_95e3e5c4ef,0.00019661816751867872,0.0
user_fc7d102d08,0.00019661816751867872,0.0
user_a71ecb38ee,0.00019661816751867872,0.0
user_8909fb1833,0.00019661816751867872,0.0
user_ef0c012e1b,0.00019661816751867872,0.0
user_9e0db18b0e,0.00019661816751867872,0.0
user_9ab6904399,0.00019661816751867872,0.0
user_31d448c44c,0.00039323633503735744,0.0
user_6673add3d3,0.0009830908375933936,0.0
user_4f87474798,0.00019661816751867872,0.0
user_fce5aa0d89,0.00019661816751867872,0.0
user_0f0191a625,0.00039323633503735744,0.0
user_8c23fd88a9,0.00019661816751867872,0.0
user_f491423e8c,0.00019661816751867872,0.0
user_03bfd8ee79,0.00019661816751867872,0.0
user_2573fffc7a,0.00039323633503735744,0.0
user_4c964cd1c1,0.00019661816751867872,0.0
user_c0c1c63a6a,0.00019661816751867872,0.0
user_b09a81e8f6,0.00019661816751867872,0.0
user_db26c46c3a,0.00019661816751867872,0.0
user_e4f954a4fe,0.00019661816751867872,0.0
user_6e314ba169,0.00019661816751867872,0.0
user_301517f2a1,0.00019661816751867872,0.0
user_9912cf8bf1,0.00019661816751867872,0.0
user_00223a2b8d,0.00019661816751867872,0.0
user_ed46d7fb5c,0.00019661816751867872,0.0
user_ee02abdd03,0.00019661816751867872,0.0
user_a699c0dd85,0.00019661816751867872,0.0
user_5d1a3e5b96,0.00019661816751867872,0.0
user_c8aa2e6c87,0.00019661816751867872,0.0
user_4b94347d3d,0.00019661816751867872,0.0
user_0f50fdaf39,0.00039323633503735744,0.0
user_14d1b8c95a,0.00019661816751867872,0.0
user_63be2ac00e,0.00019661816751867872,0.0
user_98c1a860e7,0.00019661816751867872,0.0
user_fbedcb4b06,0.00039323633503735744,0.0
user_d9a5e26b63,0.00019661816751867872,0.0
user_716c333b2e,0.00019661816751867872,0.0
user_d08f9ee129,0.00019661816751867872,0.0
user_71c79d676b,0.00019661816751867872,0.0
user_a48d95f992,0.00019661816751867872,0.0
user_277ebaed99,0.00039323633503735744,0.0
user_5d39bb42ad,0.00019661816751867872,0.0
user_13418d989e,0.00019661816751867872,0.0
user_dd64dd4ac0,0.00019661816751867872,0.0
user_2fa6a1af76,0.00019661816751867872,0.0
user_f0ae0a80b7,0.00019661816751867872,0.0
user_2a922187b4,0.00019661816751867872,0.0
user_ed3d7c1f11,0.00039323633503735744,0.0
user_3128636af5,0.00019661816751867872,0.0
user_cef0d029d9,0.00019661816751867872,0.0
user_82e3dca4ac,0.0015729453401494297,0.0
user_8f0c4a728b,0.00019661816751867872,0.0
user_6a37eddde4,0.00019661816751867872,0.0
user_4a51937a47,0.00039323633503735744,0.0
user_f2e458315b,0.00019661816751867872,0.0
user_e315939acd,0.00019661816751867872,0.0
user_43981776de,0.00019661816751867872,0.0
user_b91a62c429,0.00019661816751867872,0.0
user_b7f44fceec,0.00039323633503735744,0.0
user_a39f0f5ab4,0.00019661816751867872,0.0
user_fe348928cb,0.00019661816751867872,0.0
user_9f0b634835,0.00019661816751867872,0.0
user_22aa53a87f,0.00019661816751867872,0.0
user_088383885c,0.00019661816751867872,0.0
user_5f82f08ee6,0.002752654345261502,0.0
user_35411995af,0.00019661816751867872,0.0
user_87ceb73875,0.00019661816751867872,0.0
user_a8c6a5461a,0.00019661816751867872,0.0
user_8b3cadd950,0.00019661816751867872,0.0
user_17966a3f1e,0.00019661816751867872,0.0
user_7ba76f5ee8,0.00019661816751867872,0.0
user_79819408d3,0.00019661816751867872,0.0
user_62e442931c,0.00019661816751867872,0.0
user_17c4c77da8,0.00019661816751867872,0.0
user_ac0ad469c5,0.00019661816751867872,0.0
user_24f31306b7,0.00019661816751867872,0.0
user_f7c39a3345,0.00019661816751867872,0.0
user_2458a50afe,0.00019661816751867872,0.0
user_b6788af815,0.00019661816751867872,0.0
user_1d0c898efe,0.0007864726700747149,0.0
user_511c8726f1,0.00019661816751867872,0.0
user_6f7731f19f,0.0005898545025560362,0.0
user_abf07b73c2,0.00019661816751867872,0.0
user_81ecbfa6c2,0.00019661816751867872,0.0
user_0284b17815,0.00019661816751867872,0.0
user_6668ef19d9,0.00019661816751867872,0.0
user_fa04c41954,0.00019661816751867872,0.0
user_87316c358e,0.00019661816751867872,0.0
user_cd14c9f1f0,0.00019661816751867872,0.0
user_dae0b6fd94,0.00019661816751867872,0.0
user_c106e418d4,0.0005898545025560362,0.0
user_63dcbfccd6,0.0005898545025560362,0.0
user_c2de3541e6,0.00019661816751867872,0.0
user_206cbf73e0,0.00019661816751867872,0.0
user_3e6d34a7a0,0.00019661816751867872,0.0
user_270b987cc7,0.00019661816751867872,0.0
user_cfef5e8790,0.00039323633503735744,0.0
user_4fd9f73420,0.00019661816751867872,0.0
user_7a0cae5ed7,0.00019661816751867872,0.0
user_8f970de96d,0.00019661816751867872,0.0
user_d1ff50fbcf,0.00019661816751867872,0.0
user_e419530731,0.00019661816751867872,0.0
user_0d6c7eb435,0.00019661816751867872,0.0
user_fc63e13186,0.00019661816751867872,0.0
user_da15d139a8,0.00019661816751867872,0.0
user_74e111e366,0.00019661816751867872,0.0
user_a0b480ac2a,0.00019661816751867872,0.0
user_993e4283e0,0.00019661816751867872,0.0
user_90e0025c21,0.00019661816751867872,0.0
user_d660166b95,0.00019661816751867872,0.0
user_ce6ece541a,0.0005898545025560362,0.0
user_784d8102c3,0.00019661816751867872,0.0
user_77f169d089,0.00019661816751867872,0.0
user_8eeb9f7199,0.00019661816751867872,0.0
user_05fc5c8366,0.00019661816751867872,0.0
user_2999549faa,0.00019661816751867872,0.0
user_772b511840,0.00019661816751867872,0.0
user_27234d41e2,0.00019661816751867872,0.0
user_048417de84,0.001376327172630751,0.0
user_1355b135e4,0.00039323633503735744,0.0
user_4d87ace73e,0.00019661816751867872,0.0
user_5a08dde855,0.00039323633503735744,0.0
user_1154fa61f1,0.00019661816751867872,0.0
user_6bda98c662,0.00019661816751867872,0.0
user_822114d743,0.00019661816751867872,0.0
user_92e3f2f89f,0.00019661816751867872,0.0
user_6397f4718b,0.00019661816751867872,0.0
user_006ad7c881,0.00039323633503735744,0.0
user_dafbfe1936,0.00039323633503735744,0.0
user_906e45287a,0.00019661816751867872,0.0
user_0ec9fcd023,0.00039323633503735744,0.0
user_93f20a9be0,0.00019661816751867872,0.0
user_d92d2e6aac,0.00019661816751867872,0.0
user_8c1036bba4,0.00019661816751867872,0.0
user_ee2a1b8fd6,0.00019661816751867872,0.0
user_3fec87aed1,0.00039323633503735744,0.0
user_4a60589a44,0.00019661816751867872,0.0
user_e2c204ab31,0.00039323633503735744,0.0
user_946a3fdd32,0.00039323633503735744,0.0
user_6f875f76dc,0.00019661816751867872,0.0
user_3a8b18f7ca,0.00019661816751867872,0.0
user_7c2432ed57,0.00039323633503735744,0.0
user_dc0c2d6b5d,0.00019661816751867872,0.0
user_9f1cdc3779,0.006881635863153755,0.0
user_828d45aa92,0.00019661816751867872,0.0
user_fd0201a5e2,0.00019661816751867872,0.0
user_7455ddf990,0.00019661816751867872,0.0
user_1802f704a9,0.00019661816751867872,0.0
user_b905ceba7f,0.00019661816751867872,0.0
user_cb874e2038,0.00019661816751867872,0.0
user_14563b5e1d,0.00019661816751867872,0.0
user_8a1f0b2d29,0.00019661816751867872,0.0
user_c473de599a,0.00019661816751867872,0.0
user_1ae09cdaf4,0.00039323633503735744,0.0
user_0d8c031e6b,0.0005898545025560362,0.0
user_0140c50bc0,0.00019661816751867872,0.0
user_6f4f1fe282,0.00019661816751867872,0.0
user_d5c646a3d8,0.00019661816751867872,0.0
user_0a9721431a,0.00019661816751867872,0.0
user_260a61f01a,0.00019661816751867872,0.0
user_2955739a3c,0.00019661816751867872,0.0
user_27d79c40f7,0.00019661816751867872,0.0
user_204d20b511,0.00019661816751867872,0.0
user_98c477d855,0.00019661816751867872,0.0
user_529bb052a6,0.00019661816751867872,0.0
user_7de1297580,0.00019661816751867872,0.0
user_92964a6450,0.00039323633503735744,0.0
user_ae206b1d15,0.00019661816751867872,0.0
user_703937d057,0.00019661816751867872,0.0
user_b8fc24fcec,0.00019661816751867872,0.0
user_3bd7b780cf,0.00019661816751867872,0.0
user_25c51c40c3,0.00019661816751867872,0.0
user_c0036e9faa,0.00019661816751867872,0.0
user_94e23dd0fe,0.00019661816751867872,0.0
user_85fe9a31ab,0.00019661816751867872,0.0
user_d6b64c74fb,0.00039323633503735744,0.0
user_e535493198,0.00019661816751867872,0.0
user_4fe76bf734,0.00019661816751867872,0.0
user_2fb72554e1,0.00019661816751867872,0.0
user_4e87a9235a,0.00019661816751867872,0.0
user_c5c28fa0ae,0.00019661816751867872,0.0
user_3f8e8fdde1,0.0005898545025560362,0.0
user_66595add25,0.00019661816751867872,0.0
user_995ad99e3f,0.00019661816751867872,0.0
user_c9fe4ff2b8,0.00019661816751867872,0.0
user_300941657b,0.00039323633503735744,0.0
user_71931d0bdb,0.00039323633503735744,0.0
user_2e02290c1a,0.00019661816751867872,0.0
user_b7c6110337,0.00039323633503735744,0.0
user_b4809c0a90,0.00019661816751867872,0.0
user_372df56ef8,0.00039323633503735744,0.0
user_d09ab5e3ed,0.00019661816751867872,0.0
user_7aa3b96d1c,0.00019661816751867872,0.0
user_b6cb161b83,0.00019661816751867872,0.0
user_35e90a6710,0.00019661816751867872,0.0
user_de9637f205,0.00019661816751867872,0.0
user_74e2874355,0.00019661816751867872,0.0
user_c3ce31e450,0.00039323633503735744,0.0
user_478afc602d,0.00019661816751867872,0.0
user_8c62241f28,0.00019661816751867872,0.0
user_67e3daaaef,0.00019661816751867872,0.0
user_d0c8e131f0,0.00019661816751867872,0.0
user_454b646d5a,0.0007864726700747149,0.0
user_850e183ea3,0.00019661816751867872,0.0
user_1c64e7ad39,0.00039323633503735744,0.0
user_bbc00c6c30,0.00019661816751867872,0.0
user_d59b90baf7,0.00019661816751867872,0.0
user_f0ef04986c,0.00039323633503735744,0.0
user_6bbea47a63,0.00039323633503735744,0.0
user_2d48c95f9c,0.00039323633503735744,0.0
user_bd01404776,0.00019661816751867872,0.0
user_8340c9944d,0.00019661816751867872,0.0
user_e1471401b4,0.00019661816751867872,0.0
user_48d23e249a,0.00019661816751867872,0.0
user_fd7082ca04,0.00019661816751867872,0.0
user_93fa4e2a1b,0.0007864726700747149,0.0
user_17e87853e7,0.00019661816751867872,0.0
user_8c42a33b1c,0.00039323633503735744,0.0
user_8de33c8e5d,0.00019661816751867872,0.0
user_38ae7f0ded,0.00019661816751867872,0.0
user_058c436a5d,0.00019661816751867872,0.0
user_573772babe,0.00019661816751867872,0.0
user_7adffa3303,0.00019661816751867872,0.0
user_aeb1a449fb,0.00019661816751867872,0.0
user_78f7b39642,0.00019661816751867872,0.0
user_47ee89d941,0.0005898545025560362,0.0
user_79bbf6f607,0.00019661816751867872,0.0
user_10147fb6ae,0.00039323633503735744,0.0
user_feaa88b3cd,0.00019661816751867872,0.0
user_7233745606,0.00019661816751867872,0.0
user_fa82844d1f,0.00019661816751867872,0.0
user_2f434ff98b,0.00039323633503735744,0.0
user_1d38df10e3,0.0011797090051120724,0.0
user_66fca69912,0.00039323633503735744,0.0
user_3c011affbd,0.00039323633503735744,0.0
user_ea49583a6c,0.00019661816751867872,0.0
user_3f5d8acf87,0.00019661816751867872,0.0
user_005ba0c32c,0.00019661816751867872,0.0
user_94e841583f,0.00019661816751867872,0.0
user_aca6ef93ca,0.00019661816751867872,0.0
user_1821e0aeb2,0.00019661816751867872,0.0
user_04cec479b7,0.00019661816751867872,0.0
user_824c5dc216,0.00019661816751867872,0.0
user_c243aa8a7d,0.00019661816751867872,0.0
user_6d9aaa467e,0.00039323633503735744,0.0
user_ecbaf758f3,0.00019661816751867872,0.0
user_33f299e6d1,0.00019661816751867872,0.0
user_804700b8c1,0.00039323633503735744,0.0
user_52fd3e8923,0.00019661816751867872,0.0
user_ef7a6bb695,0.00039323633503735744,0.0
user_8285ce7c43,0.00039323633503735744,0.0
user_41a19dd29b,0.00039323633503735744,0.0
user_0d848cd771,0.00019661816751867872,0.0
user_a2a1593b55,0.00019661816751867872,0.0
user_aa59d7e8ea,0.00019661816751867872,0.0
user_93bc8a099e,0.00039323633503735744,0.0
user_5b4d6708ff,0.00019661816751867872,0.0
user_e588cd67b5,0.00019661816751867872,0.0
user_e77cffe841,0.00019661816751867872,0.0
user_01af43f157,0.00019661816751867872,0.0
user_4ec37106f0,0.00019661816751867872,0.0
user_ebcfa6c624,0.00039323633503735744,0.0
user_145451b7de,0.00019661816751867872,0.0
user_f8af210777,0.00039323633503735744,0.0
user_edd51f6a53,0.00039323633503735744,0.0
user_4ae766a142,0.00019661816751867872,0.0
user_289e661f2c,0.00019661816751867872,0.0
user_e2897ced3f,0.00019661816751867872,0.0
user_d9f06abfc1,0.00019661816751867872,0.0
user_2989ef2fd9,0.00019661816751867872,0.0
user_648e234888,0.00019661816751867872,0.0
user_55719f454a,0.00019661816751867872,0.0
user_88e9f926d4,0.00039323633503735744,0.0
user_b83d9eb601,0.00039323633503735744,0.0
user_769db73b13,0.00019661816751867872,0.0
user_4760177062,0.00019661816751867872,0.0
user_ba63106c2b,0.00019661816751867872,0.0
user_612c0abc17,0.00019661816751867872,0.0
user_45bbc686b4,0.00019661816751867872,0.0
user_71b172bedf,0.00019661816751867872,0.0
user_5f68a1073e,0.00019661816751867872,0.0
user_33ca6e83e3,0.00019661816751867872,0.0
user_6f170badd0,0.00019661816751867872,0.0
user_02a8f8beed,0.00019661816751867872,0.0
user_5d54555cb2,0.00019661816751867872,0.0
user_d207d28985,0.00019661816751867872,0.0
user_bb74e46b62,0.00019661816751867872,0.0
user_8d529dcbc6,0.00019661816751867872,0.0
user_73b1deeb3b,0.00019661816751867872,0.0
user_c9beabea72,0.00019661816751867872,0.0
user_a87bf441cf,0.00019661816751867872,0.0
user_08b006db6a,0.00039323633503735744,0.0
user_c410ea2c1a,0.00019661816751867872,0.0
user_6df37352a9,0.00019661816751867872,0.0
user_a70322ef7f,0.00019661816751867872,0.0
user_1b9962f322,0.00019661816751867872,0.0
user_6aaefbcd1e,0.00019661816751867872,0.0
user_fc11add01e,0.00019661816751867872,0.0
user_dc0ea804a5,0.00019661816751867872,0.0
user_c6bde0531e,0.00039323633503735744,0.0
user_fbbf3d8085,0.00039323633503735744,0.0
user_6f155a7183,0.00039323633503735744,0.0
user_39970b6a48,0.00019661816751867872,0.0
user_b550a4d133,0.0005898545025560362,0.0
user_ad4b5ac1e4,0.00019661816751867872,0.0
user_394fb85cf5,0.00019661816751867872,0.0
user_c0128cded2,0.00019661816751867872,0.0
user_6fc9917f98,0.00039323633503735744,0.0
user_7005d248a2,0.00019661816751867872,0.0
user_20b5754fc2,0.00019661816751867872,0.0
user_b836513ae0,0.00019661816751867872,0.0
user_8cf421d353,0.0011797090051120724,0.0
user_dcf273020e,0.00039323633503735744,0.0
user_c4c1d27ded,0.00039323633503735744,0.0
user_818d0523fb,0.00019661816751867872,0.0
user_2819dd8940,0.00019661816751867872,0.0
user_7155653125,0.00019661816751867872,0.0
user_44f8ea5cc3,0.00019661816751867872,0.0
user_bc9246de6e,0.00019661816751867872,0.0
user_dd59032c63,0.0005898545025560362,0.0
user_30a2aa4522,0.00019661816751867872,0.0
user_19f1388512,0.00019661816751867872,0.0
user_d490633919,0.00039323633503735744,0.0
user_fefd994846,0.00039323633503735744,0.0
user_f5d391660a,0.00039323633503735744,0.0
user_2eaf063dae,0.0015729453401494297,0.0
user_25ec47c4fc,0.00019661816751867872,0.0
user_1238cbff23,0.00039323633503735744,0.0
user_f86ee5884e,0.00019661816751867872,0.0
user_2cea050870,0.00019661816751867872,0.0
user_8726d5fee4,0.00019661816751867872,0.0
user_bde298ddb1,0.00019661816751867872,0.0
user_1f9ac061fc,0.00019661816751867872,0.0
user_fd9d7a3f07,0.00019661816751867872,0.0
user_baf2ef85d2,0.00039323633503735744,0.0
user_e4f3b6f8b1,0.00019661816751867872,0.0
user_8bf5ea7653,0.00019661816751867872,0.0
user_f2a78e18fd,0.0005898545025560362,0.0
user_16173d6fc1,0.00019661816751867872,0.0
user_c5cd74fe43,0.0005898545025560362,0.0
user_5817041d80,0.00019661816751867872,0.0
user_ab1326d975,0.00019661816751867872,0.0
user_9461e53b97,0.005701926858041683,0.0
user_7b468ae37a,0.00019661816751867872,0.0
user_ccf1f2bea7,0.0007864726700747149,0.0
user_35ff2a82bf,0.00019661816751867872,0.0
user_6cbb096ff4,0.00019661816751867872,0.0
user_9e6fc175cf,0.00019661816751867872,0.0
user_d282492d10,0.00019661816751867872,0.0
user_113fe07f12,0.00019661816751867872,0.0
user_e4d495a86e,0.00019661816751867872,0.0
user_c27cb14ecd,0.00019661816751867872,0.0
user_a9c02fd144,0.00019661816751867872,0.0
user_08aabd7f51,0.00039323633503735744,0.0
user_2a56cdb6ed,0.00039323633503735744,0.0
user_4388163f0f,0.0007864726700747149,0.0
user_97b1640a3a,0.00019661816751867872,0.0
user_25c3f3b894,0.00019661816751867872,0.0
user_d83084792e,0.00019661816751867872,0.0
user_803aac7e12,0.00019661816751867872,0.0
user_cac78b64cb,0.00019661816751867872,0.0
user_b844835a70,0.00019661816751867872,0.0
user_d64bf425f2,0.005701926858041683,0.0
user_19a4c42625,0.00019661816751867872,0.0
user_d7b4240f75,0.00019661816751867872,0.0
user_49b1a408d2,0.00019661816751867872,0.0
user_db6c6d052a,0.00019661816751867872,0.0
user_5bdfd82e6e,0.00019661816751867872,0.0
user_e84effcb6b,0.00039323633503735744,0.0
user_df1d26363a,0.00039323633503735744,0.0
user_ab2ceb24d6,0.00039323633503735744,0.0
user_d8187694cc,0.0009830908375933936,0.0
user_d9d8b0beeb,0.00019661816751867872,0.0
user_3e17efe318,0.00019661816751867872,0.0
user_ac75f54f49,0.0005898545025560362,0.0
user_c44a3b0731,0.00019661816751867872,0.0
user_8274cac22b,0.0005898545025560362,0.0
user_fa9a51ad13,0.00039323633503735744,0.0
user_cdf5e84602,0.00039323633503735744,0.0
user_f5e3a65b45,0.00019661816751867872,0.0
user_ca41461a11,0.00039323633503735744,0.0
user_710f4d696b,0.00019661816751867872,0.0
user_981d97a009,0.00019661816751867872,0.0
user_fb94420779,0.00039323633503735744,0.0
user_f0570f210d,0.00019661816751867872,0.0
user_4e31dc779d,0.00019661816751867872,0.0
user_92ced63d7f,0.0005898545025560362,0.0
user_cd30f21cf0,0.00019661816751867872,0.0
user_0c7f80dd8c,0.0009830908375933936,0.0
user_8a5054f54f,0.0005898545025560362,0.0
user_9f902634b1,0.0009830908375933936,0.0
user_8f13e403bb,0.00019661816751867872,0.0
user_44a0927966,0.009830908375933936,0.0
user_c0575ff771,0.00019661816751867872,0.0
user_1777eccc28,0.0015729453401494297,0.0
user_a742edfeeb,0.00039323633503735744,0.0
user_dca2fa44b0,0.00019661816751867872,0.0
user_a4011ce758,0.00019661816751867872,0.0
user_f4e0098c3d,0.00039323633503735744,0.0
user_bd3fec28ba,0.0005898545025560362,0.0
user_448ac2068e,0.00039323633503735744,0.0
user_e15aeaa3e3,0.00039323633503735744,0.0
user_2ec81c723a,0.00039323633503735744,0.0
user_1773d4517a,0.00019661816751867872,0.0
user_875573f23a,0.00019661816751867872,0.0
user_8755e74ea9,0.00019661816751867872,0.0
user_ba5ec4764c,0.00019661816751867872,0.0
user_fb86e44514,0.0007864726700747149,0.0
user_9aa00c14b3,0.00019661816751867872,0.0
user_d92f3a49b2,0.00019661816751867872,0.0
user_49e4f61e50,0.00039323633503735744,0.0
user_bfdd1954cd,0.00039323633503735744,0.0
user_5cda1628ec,0.0007864726700747149,0.0
user_90ad16b73f,0.00019661816751867872,0.0
user_cafe93de5a,0.00019661816751867872,0.0
user_cfc503b4a4,0.0007864726700747149,0.0
user_960e318bf9,0.00019661816751867872,0.0
user_260c5e4c79,0.00019661816751867872,0.0
user_33c4aa24fc,0.00019661816751867872,0.0
user_9f925e8758,0.00039323633503735744,0.0
user_6267a45b6b,0.00039323633503735744,0.0
user_890635d865,0.00019661816751867872,0.0
user_3794dd24d5,0.00019661816751867872,0.0
user_70cf55dde5,0.00019661816751867872,0.0
user_90e840560c,0.0005898545025560362,0.0
user_3b826255b7,0.00019661816751867872,0.0
user_e72e63d38f,0.001966181675186787,0.0
user_d374193d53,0.00019661816751867872,0.0
user_3b4c0b4f74,0.00019661816751867872,0.0
user_632ebdd474,0.00019661816751867872,0.0
user_706ac6285c,0.00019661816751867872,0.0
user_3d20c47bcd,0.00039323633503735744,0.0
user_969594fd75,0.00039323633503735744,0.0
user_45dd11de90,0.00039323633503735744,0.0
user_f3f5f625b4,0.00019661816751867872,0.0
user_a1adcac029,0.00039323633503735744,0.0
user_2ddadad214,0.00019661816751867872,0.0
user_427d89ef78,0.00039323633503735744,0.0
user_ba5ef9fe57,0.00019661816751867872,0.0
user_1e74f3ea79,0.00019661816751867872,0.0
user_bff086bcf4,0.00039323633503735744,0.0
user_a2fb08c85a,0.00019661816751867872,0.0
user_bb2f7e880c,0.00039323633503735744,0.0
user_fbf17a8740,0.00039323633503735744,0.0
user_5f8e150c24,0.00019661816751867872,0.0
user_3ecb7eb75e,0.00019661816751867872,0.0
user_19752bbbd1,0.00039323633503735744,0.0
user_7a48303d00,0.00039323633503735744,0.0
user_4ee9c0f2b8,0.00019661816751867872,0.0
user_0f3252b845,0.001966181675186787,0.0
user_4284ac218b,0.00019661816751867872,0.0
user_38240257fc,0.00019661816751867872,0.0
user_8ced6eed55,0.00019661816751867872,0.0
user_92e9143d5b,0.0005898545025560362,0.0
user_8f69b01e73,0.00019661816751867872,0.0
user_22fed34294,0.00019661816751867872,0.0
user_86d1a1c5eb,0.00019661816751867872,0.0
user_2a616ec159,0.00019661816751867872,0.0
user_e99a37cb9f,0.00019661816751867872,0.0
user_6fa2c7aae3,0.00019661816751867872,0.0
user_5f380c48ca,0.0005898545025560362,0.0
user_fbc7dc0df7,0.00039323633503735744,0.0
user_322b39cc70,0.00019661816751867872,0.0
user_0b643ba101,0.00039323633503735744,0.0
user_1b23c6fb6d,0.00019661816751867872,0.0
user_24199b8f7c,0.00019661816751867872,0.0
user_51bcbc41c0,0.00019661816751867872,0.0
user_39875eaf6c,0.0005898545025560362,0.0
user_473874ed3b,0.0005898545025560362,0.0
user_ead9a14df2,0.00019661816751867872,0.0
user_0f8ad7f770,0.0007864726700747149,0.0
user_733999eea7,0.00019661816751867872,0.0
user_7b36ccc136,0.00019661816751867872,0.0
user_f77d52ab05,0.00039323633503735744,0.0
user_8fa81ade6a,0.00019661816751867872,0.0
user_57d3a46f21,0.001376327172630751,0.0
user_681cb29b7a,0.0007864726700747149,0.0
user_c4df97a025,0.00039323633503735744,0.0
user_176bacc463,0.00039323633503735744,0.0
user_19773e191c,0.00039323633503735744,0.0
user_9847a4d626,0.00019661816751867872,0.0
user_516b82d49b,0.00039323633503735744,0.0
user_c40222303c,0.00039323633503735744,0.0
user_edf51a1e35,0.0021627998427054657,0.0
user_5ac429b2b1,0.0005898545025560362,0.0
user_e400ecaa49,0.00019661816751867872,0.0
user_c13bdd0dce,0.00019661816751867872,0.0
user_b7678a876f,0.00019661816751867872,0.0
user_70d46f1bba,0.00019661816751867872,0.0
user_2800c8d861,0.00019661816751867872,0.0
user_1c63510346,0.00019661816751867872,0.0
user_d319355938,0.0005898545025560362,0.0
user_2f2365fa8e,0.00019661816751867872,0.0
user_5ff702296c,0.00019661816751867872,0.0
user_054e943c89,0.0007864726700747149,0.0
user_7e295b90f9,0.0005898545025560362,0.0
user_fbbc1f948e,0.0017695635076681085,0.0
user_c90ec229f2,0.00019661816751867872,0.0
user_24dd91d5e8,0.00039323633503735744,0.0
user_4bb3774562,0.00019661816751867872,0.0
user_2b045dff8f,0.00019661816751867872,0.0
user_e1bca1b76b,0.00019661816751867872,0.0
user_d4816d5ab0,0.00019661816751867872,0.0
user_cdb830b220,0.00039323633503735744,0.0
user_0822375520,0.00019661816751867872,0.0
user_a82180ff8a,0.0005898545025560362,0.0
user_b1f9647e0e,0.00019661816751867872,0.0
user_9c0b698033,0.00019661816751867872,0.0
user_d83e2153e9,0.0007864726700747149,0.0
user_3fb2e5d273,0.00019661816751867872,0.0
user_18c110edfb,0.0005898545025560362,0.0
user_a7b4b78b34,0.00019661816751867872,0.0
user_fa582eee40,0.00019661816751867872,0.0
user_cdbabf208c,0.0011797090051120724,0.0
user_67fbb95a53,0.00019661816751867872,0.0
user_b3cb1dd65e,0.00019661816751867872,0.0
user_298f18521c,0.00019661816751867872,0.0
user_214c00e73c,0.00019661816751867872,0.0
user_e0398173ab,0.00019661816751867872,0.0
user_1ab08afd44,0.00019661816751867872,0.0
user_0c5355b802,0.00019661816751867872,0.0
user_bd6b264de0,0.00019661816751867872,0.0
user_eecf1c2cb9,0.00019661816751867872,0.0
user_ed9c7db407,0.00019661816751867872,0.0
user_ba88d6d625,0.00019661816751867872,0.0
user_268da6ed3b,0.00019661816751867872,0.0
user_b1a7708c45,0.00019661816751867872,0.0
user_b8c3160072,0.0005898545025560362,0.0
user_1c2d36b2d3,0.00039323633503735744,0.0
user_64d05981fb,0.00019661816751867872,0.0
user_0ac1002478,0.0009830908375933936,0.0
user_806ba8971f,0.00019661816751867872,0.0
user_30286ce860,0.00019661816751867872,0.0
user_120c0d542a,0.0005898545025560362,0.0
user_625aad07e9,0.00019661816751867872,0.0
user_ca5171d8fe,0.00019661816751867872,0.0
user_86b9263c12,0.00019661816751867872,0.0
user_fe6c92c659,0.00019661816751867872,0.0
user_be825801f0,0.00019661816751867872,0.0
user_119b9ed3e4,0.00039323633503735744,0.0
user_d73e2e1c5c,0.0005898545025560362,0.0
user_7411d2b14d,0.00019661816751867872,0.0
user_b9cd03d3e2,0.00039323633503735744,0.0
user_e06146a6ed,0.00019661816751867872,0.0
user_dace30f112,0.00019661816751867872,0.0
user_212c0be6b1,0.00019661816751867872,0.0
user_698721d377,0.00039323633503735744,0.0
user_16ad512252,0.00019661816751867872,0.0
user_27e1137cdf,0.00019661816751867872,0.0
user_ad5786739c,0.00019661816751867872,0.0
user_b90f909580,0.00019661816751867872,0.0
user_9f12576c7b,0.00019661816751867872,0.0
user_6f1aa3f79d,0.0005898545025560362,0.0
user_bdfea07839,0.003539127015336217,0.0
user_da8cc9ca86,0.00019661816751867872,0.0
user_cc2c95c8b2,0.00039323633503735744,0.0
user_0d2ab3d7ee,0.00019661816751867872,0.0
user_ec1c97abde,0.00019661816751867872,0.0
user_a0842592e4,0.00019661816751867872,0.0
user_a906634459,0.00019661816751867872,0.0
user_1b4dd105cf,0.00039323633503735744,0.0
user_f58b089805,0.00039323633503735744,0.0
user_db8a426e85,0.00019661816751867872,0.0
user_16eae4b422,0.00039323633503735744,0.0
user_9267a5946c,0.00019661816751867872,0.0
user_c0ccb152d6,0.00039323633503735744,0.0
user_bff741eab9,0.00019661816751867872,0.0
user_5542b5f86c,0.00039323633503735744,0.0
user_54e46d9f5c,0.0007864726700747149,0.0
user_6f7fae7479,0.00019661816751867872,0.0
user_af11d6014f,0.00019661816751867872,0.0
user_009e726fae,0.00019661816751867872,0.0
user_41b69c6e28,0.00019661816751867872,0.0
user_1bcc9065e2,0.00019661816751867872,0.0
user_828e93c7f6,0.00019661816751867872,0.0
user_4867c1f265,0.00019661816751867872,0.0
user_150ea21c8a,0.00019661816751867872,0.0
user_d587355632,0.0005898545025560362,0.0
user_c8646947a8,0.0005898545025560362,0.0
user_37c9fae429,0.0007864726700747149,0.0
user_1f5d792e9b,0.0005898545025560362,0.0
user_7ba9a204b7,0.00019661816751867872,0.0
user_4e7468a10f,0.00019661816751867872,0.0
user_795a5b1501,0.00039323633503735744,0.0
user_efaa176059,0.00019661816751867872,0.0
user_cee72a67b0,0.001376327172630751,0.0
user_197a86718b,0.00039323633503735744,0.0
user_695e6ae44d,0.00019661816751867872,0.0
user_7172dd3429,0.00019661816751867872,0.0
user_26f705bd5d,0.00039323633503735744,0.0
user_7f65b91714,0.00019661816751867872,0.0
user_15c4556443,0.001966181675186787,0.0
user_0bd1cf03b4,0.00019661816751867872,0.0
user_5371372b25,0.00019661816751867872,0.0
user_6802d4b227,0.00019661816751867872,0.0
user_63d3dd8bee,0.00039323633503735744,0.0
user_e235b67d50,0.00019661816751867872,0.0
user_7809d1369c,0.0005898545025560362,0.0
user_adf4549347,0.00019661816751867872,0.0
user_b4c028544f,0.00019661816751867872,0.0
user_d62d4c4267,0.00019661816751867872,0.0
user_bc0750ff27,0.00019661816751867872,0.0
user_acc07da343,0.0005898545025560362,0.0
user_b48ebf8c78,0.00019661816751867872,0.0
user_3b4c1f77c9,0.00019661816751867872,0.0
user_3f38530ba6,0.00019661816751867872,0.0
user_681cffb916,0.00019661816751867872,0.0
user_d4ffbd1370,0.00019661816751867872,0.0
user_ae8e7c6d26,0.0005898545025560362,0.0
user_e5ffb968d6,0.00039323633503735744,0.0
user_ebcd00a95d,0.00019661816751867872,0.0
user_63c86725a5,0.0017695635076681085,0.0
user_7d3caa4146,0.00019661816751867872,0.0
user_4603828768,0.00039323633503735744,0.0
user_b0634f3644,0.00019661816751867872,0.0
user_b1f5ca6e1b,0.00019661816751867872,0.0
user_c64429c1ff,0.00019661816751867872,0.0
user_8469dbcc0c,0.0011797090051120724,0.0
user_683266d754,0.00039323633503735744,0.0
user_332a2f4502,0.00019661816751867872,0.0
user_fd6889a1bd,0.00019661816751867872,0.0
user_d1b955ee37,0.00019661816751867872,0.0
user_521e0955ed,0.0005898545025560362,0.0
user_af6aa80f9d,0.00039323633503735744,0.0
user_23ba974125,0.0005898545025560362,0.0
user_eaecd9a21b,0.00019661816751867872,0.0
user_6d47c1a2ad,0.00019661816751867872,0.0
user_f08d3d0b9e,0.00019661816751867872,0.0
user_5173270986,0.00039323633503735744,0.0
user_a204f26b57,0.00019661816751867872,0.0
user_179edcd768,0.00039323633503735744,0.0
user_44e5bbb8cf,0.00019661816751867872,0.0
user_5d26762e2d,0.003342508847817538,0.0
user_f09b810d58,0.0005898545025560362,0.0
user_f81da5d342,0.00039323633503735744,0.0
user_c78ed81a31,0.00019661816751867872,0.0
user_fafd48ba94,0.00019661816751867872,0.0
user_fcbac4e763,0.00019661816751867872,0.0
user_7cf8e58e68,0.00019661816751867872,0.0
user_b2dbc504c9,0.00039323633503735744,0.0
user_951f781062,0.0007864726700747149,0.0
user_020619cded,0.00019661816751867872,0.0
user_f7811a9ec9,0.00019661816751867872,0.0
user_83aaa3d886,0.00019661816751867872,0.0
user_d0ce505ae2,0.0005898545025560362,0.0
user_8a6eb682a1,0.00019661816751867872,0.0
user_a4186b2c85,0.0005898545025560362,0.0
user_525be22d7a,0.00019661816751867872,0.0
user_fdfb3623da,0.00019661816751867872,0.0
user_d331be5189,0.00039323633503735744,0.0
user_46f904c5e4,0.0009830908375933936,0.0
user_6bf0960d9a,0.00039323633503735744,0.0
user_864aa65a16,0.00019661816751867872,0.0
user_a8ea74ad2c,0.00019661816751867872,0.0
user_c9282ea1dc,0.00039323633503735744,0.0
user_dbac7e3852,0.0009830908375933936,0.0
user_0049435da2,0.0005898545025560362,0.0
user_5f8df8b1d0,0.0005898545025560362,0.0
user_b3817664ad,0.00019661816751867872,0.0
user_9e12129e0f,0.00019661816751867872,0.0
user_3cd66e97f9,0.00019661816751867872,0.0
user_33a3dbf5c4,0.00019661816751867872,0.0
user_1a8b37c0d1,0.00019661816751867872,0.0
user_2dd7b035f9,0.00019661816751867872,0.0
user_cde5619990,0.00019661816751867872,0.0
user_453a557992,0.00039323633503735744,0.0
user_eece72f08f,0.00019661816751867872,0.0
user_e4ce606d38,0.00019661816751867872,0.0
user_37dd85aa77,0.0005898545025560362,0.0
user_408eb5fdbf,0.00019661816751867872,0.0
user_a2f0411932,0.00019661816751867872,0.0
user_fa417782c0,0.00019661816751867872,0.0
user_98f0262f08,0.00039323633503735744,0.0
user_763e187fa1,0.00019661816751867872,0.0
user_936603fdfb,0.00019661816751867872,0.0
user_d502dc5f64,0.00039323633503735744,0.0
user_e3ca346358,0.00019661816751867872,0.0
user_cf5181ceae,0.00039323633503735744,0.0
user_e61d5e5a8a,0.00019661816751867872,0.0
user_919e7b997f,0.00019661816751867872,0.0
user_a394df8653,0.00019661816751867872,0.0
user_c05cd159b9,0.00019661816751867872,0.0
user_d94f3f4dc4,0.00019661816751867872,0.0
user_0d3a7a5a86,0.00039323633503735744,0.0
user_0a0a331215,0.00039323633503735744,0.0
user_9bc9c9b045,0.00019661816751867872,0.0
user_b4a9c2f9c8,0.00019661816751867872,0.0
user_6f355fd2c6,0.0005898545025560362,0.0
user_f3050c22c5,0.0007864726700747149,0.0
user_6754cf672d,0.00019661816751867872,0.0
user_1d658f62ad,0.00019661816751867872,0.0
user_553654269b,0.00019661816751867872,0.0
user_ecbd8d401e,0.00039323633503735744,0.0
user_8351df3a9b,0.00019661816751867872,0.0
user_b50cd86335,0.00019661816751867872,0.0
user_790b7ca936,0.0005898545025560362,0.0
user_c71d3638e1,0.00019661816751867872,0.0
user_d8a075f8ac,0.00019661816751867872,0.0
user_6fe7d5e63e,0.00039323633503735744,0.0
user_093be4ba66,0.00039323633503735744,0.0
user_517cba30cb,0.00039323633503735744,0.0
user_21749a618f,0.00019661816751867872,0.0
user_2340c7e327,0.00019661816751867872,0.0
user_cd2a9f7adc,0.0005898545025560362,0.0
user_12bc5ff685,0.00039323633503735744,0.0
user_d3d38494dd,0.00019661816751867872,0.0
user_976c2ee452,0.00019661816751867872,0.0
user_8cbb11e348,0.00019661816751867872,0.0
user_d1e8d800b4,0.00039323633503735744,0.0
user_0751dafd7b,0.0007864726700747149,0.0
user_e0fb0da7cf,0.00039323633503735744,0.0
user_ad57450459,0.0009830908375933936,0.0
user_dbfd394abd,0.0005898545025560362,0.0
user_8a47054864,0.0005898545025560362,0.0
user_f4c35be12b,0.00019661816751867872,0.0
user_805a48c75a,0.0005898545025560362,0.0
user_3288911cd2,0.00019661816751867872,0.0
user_e24df65f32,0.00019661816751867872,0.0
user_9c7972a282,0.00019661816751867872,0.0
user_d159ec19a5,0.00019661816751867872,0.0
user_5743bf2782,0.00039323633503735744,0.0
user_6dd524eb93,0.00039323633503735744,0.0
user_4a0ff638ec,0.00019661816751867872,0.0
user_fd2b14cef3,0.00019661816751867872,0.0
user_8a14052cec,0.00019661816751867872,0.0
user_785d1ea30b,0.0009830908375933936,0.0
user_1b2486db6a,0.00019661816751867872,0.0
user_1ed6c5644d,0.00019661816751867872,0.0
user_fe705c3a8e,0.00039323633503735744,0.0
user_5fcb3d4364,0.00019661816751867872,0.0
user_413b3d8da6,0.0005898545025560362,0.0
user_bddfe6864e,0.00019661816751867872,0.0
user_13b7994fae,0.00019661816751867872,0.0
user_05bc3be089,0.00039323633503735744,0.0
user_0bc003ef5b,0.00039323633503735744,0.0
user_f97f28c20d,0.00019661816751867872,0.0
user_3b9c881cec,0.00039323633503735744,0.0
user_46e22290eb,0.00019661816751867872,0.0
user_9f60fc254e,0.0005898545025560362,0.0
user_d03d0ce5dc,0.00019661816751867872,0.0
user_9d8c108d73,0.0005898545025560362,0.0
user_e6dfb27e68,0.00019661816751867872,0.0
user_8d19952b7b,0.00019661816751867872,0.0
user_5729436002,0.00019661816751867872,0.0
user_8cb26b6e35,0.00019661816751867872,0.0
user_67cf8bf2fd,0.0011797090051120724,0.0
user_4334ae0dee,0.0005898545025560362,0.0
user_54d41068f3,0.00039323633503735744,0.0
user_edd855c54b,0.00019661816751867872,0.0
user_4c432b33c4,0.00019661816751867872,0.0
user_e3bb3df3b8,0.00039323633503735744,0.0
user_9e3d436756,0.0015729453401494297,0.0
user_2b762c2d37,0.00039323633503735744,0.0
user_83e3ee7184,0.00019661816751867872,0.0
user_40fa97adfd,0.00039323633503735744,0.0
user_5e8a612213,0.00019661816751867872,0.0
user_2c5b7a2220,0.00019661816751867872,0.0
user_447eef933d,0.00039323633503735744,0.0
user_5cb244166f,0.00039323633503735744,0.0
user_4766f13829,0.00019661816751867872,0.0
user_2572144d43,0.0005898545025560362,0.0
user_9f814c6cc1,0.00019661816751867872,0.0
user_43b835b3a1,0.00039323633503735744,0.0
user_b6cb8338f6,0.00019661816751867872,0.0
user_5e3b2d6286,0.00039323633503735744,0.0
user_87b00a3c5b,0.00039323633503735744,0.0
user_088551889b,0.00019661816751867872,0.0
user_80bc2a8acf,0.0005898545025560362,0.0
user_11ab87c150,0.0005898545025560362,0.0
user_e208686e99,0.00019661816751867872,0.0
user_309b1298d2,0.00019661816751867872,0.0
user_0b75ad685e,0.00019661816751867872,0.0
user_9aad4e0179,0.00039323633503735744,0.0
user_7788b02ca4,0.00019661816751867872,0.0
user_140c98e86e,0.00019661816751867872,0.0
user_f91948462f,0.00019661816751867872,0.0
user_e98104af84,0.00039323633503735744,0.0
user_c814717da3,0.00019661816751867872,0.0
user_20d0247c26,0.0009830908375933936,0.0
user_be5e3aa78e,0.00039323633503735744,0.0
user_f6a6a49ca4,0.00019661816751867872,0.0
user_0de511efca,0.00019661816751867872,0.0
user_f5c65358c1,0.00019661816751867872,0.0
user_668c1e192c,0.00019661816751867872,0.0
user_6781b8575a,0.00019661816751867872,0.0
user_ddbfc6dbce,0.00039323633503735744,0.0
user_80b4cdf167,0.00019661816751867872,0.0
user_8bf877566a,0.00019661816751867872,0.0
user_86c6a20df0,0.00039323633503735744,0.0
user_6bc5cf9f5d,0.00019661816751867872,0.0
user_f59526d682,0.00039323633503735744,0.0
user_6fcfcef580,0.00039323633503735744,0.0
user_047fd8d922,0.00019661816751867872,0.0
user_45ebd82669,0.00019661816751867872,0.0
user_74b6bac2ad,0.00019661816751867872,0.0
user_fa0d27a712,0.00039323633503735744,0.0
user_dc2c071d5e,0.0011797090051120724,0.0
user_39d8c8ed22,0.00039323633503735744,0.0
user_349ac09bf0,0.0007864726700747149,0.0
user_a28d3c5cb9,0.00039323633503735744,0.0
user_2263e7eaaf,0.00019661816751867872,0.0
user_77b7d924f9,0.0005898545025560362,0.0
user_f99384d4aa,0.0005898545025560362,0.0
user_86a09a72d4,0.00039323633503735744,0.0
user_79f85e0eb2,0.00019661816751867872,0.0
user_76004a5832,0.0005898545025560362,0.0
user_eb0a98c632,0.00019661816751867872,0.0
user_6ff0db4dc9,0.00019661816751867872,0.0
user_ea681fe0bf,0.00019661816751867872,0.0
user_83023fbd5c,0.00019661816751867872,0.0
user_e69da49faa,0.00019661816751867872,0.0
user_cd626442f9,0.00019661816751867872,0.0
user_9c77ed4ad3,0.00019661816751867872,0.0
user_05b0e37999,0.0005898545025560362,0.0
user_abc6865ec8,0.0009830908375933936,0.0
user_dd653d5a07,0.00039323633503735744,0.0
user_cb94b7ce86,0.00019661816751867872,0.0
user_19b1a5d017,0.00039323633503735744,0.0
user_4600298c8c,0.00039323633503735744,0.0
user_a776881902,0.0009830908375933936,0.0
user_b56df38d48,0.00019661816751867872,0.0
user_5df46e2d4a,0.00019661816751867872,0.0
user_87fbf4747d,0.00019661816751867872,0.0
user_671ad8bda8,0.00019661816751867872,0.0
user_6eeafbabcb,0.00019661816751867872,0.0
user_53259b3301,0.00019661816751867872,0.0
user_09987c539d,0.00039323633503735744,0.0
user_3fc7434c69,0.00019661816751867872,0.0
user_faf764049c,0.00039323633503735744,0.0
user_c217a00fd0,0.00019661816751867872,0.0
user_dfbe55ea3e,0.00019661816751867872,0.0
user_7b4f04c445,0.00019661816751867872,0.0
user_79c076b4f8,0.00039323633503735744,0.0
user_afaf0d8dc8,0.00019661816751867872,0.0
user_3cb5a3975c,0.00019661816751867872,0.0
user_ed3df541cd,0.0007864726700747149,0.0
user_53d5b67c53,0.00019661816751867872,0.0
user_e30d43945a,0.0005898545025560362,0.0
user_a88367400b,0.00019661816751867872,0.0
user_d725b9f0e2,0.00019661816751867872,0.0
user_fd3791c9b8,0.00019661816751867872,0.0
user_399a29c925,0.0005898545025560362,0.0
user_ce1bfb4907,0.00019661816751867872,0.0
user_93ac6e63f7,0.00039323633503735744,0.0
user_2cbd2c3b2a,0.009044435705859222,0.0
user_443bd98fd3,0.00019661816751867872,0.0
user_321fdfd8d8,0.00019661816751867872,0.0
user_e86b67e91e,0.002949272512780181,0.0
user_8835fc2fb7,0.00019661816751867872,0.0
user_d4eee700c9,0.00039323633503735744,0.0
user_21967a7bae,0.0005898545025560362,0.0
user_1666ef78a5,0.00019661816751867872,0.0
user_358d27706d,0.00019661816751867872,0.0
user_6e240a9e2f,0.00019661816751867872,0.0
user_5301dd5b7a,0.00039323633503735744,0.0
user_48f7a9d4cf,0.00019661816751867872,0.0
user_5310a3860b,0.0005898545025560362,0.0
user_8e607c38d7,0.0005898545025560362,0.0
user_27c53d56fe,0.0005898545025560362,0.0
user_8e3e7805b4,0.00019661816751867872,0.0
user_4556e12100,0.0007864726700747149,0.0
user_fa54202574,0.004522217852929611,0.0
user_84ba468327,0.00019661816751867872,0.0
user_4addaa373f,0.00019661816751867872,0.0
user_45de92e527,0.00019661816751867872,0.0
user_299ba4f1d6,0.00039323633503735744,0.0
user_5d834e1a50,0.00019661816751867872,0.0
user_dec3687cf1,0.00019661816751867872,0.0
user_8c4dc7f052,0.007078254030672434,0.0
user_408a8bf964,0.00019661816751867872,0.0
user_8c6deb0c43,0.0007864726700747149,0.0
user_dc826283c9,0.00019661816751867872,0.0
user_9ccb246db7,0.00039323633503735744,0.0
user_388334c4cf,0.00019661816751867872,0.0
user_ca81a2cd79,0.00039323633503735744,0.0
user_81292f603c,0.00019661816751867872,0.0
user_acf5baa84b,0.0005898545025560362,0.0
user_9723ca109b,0.0005898545025560362,0.0
user_69caaa9885,0.0005898545025560362,0.0
user_4a0a472847,0.020841525756979944,0.0
user_81573f3a08,0.00019661816751867872,0.0
user_96de4a24bf,0.00019661816751867872,0.0
user_30eb077de9,0.00039323633503735744,0.0
user_ae81caab53,0.00039323633503735744,0.0
user_ef7297a81f,0.00019661816751867872,0.0
user_8253362515,0.00019661816751867872,0.0
user_0eecaba43f,0.00019661816751867872,0.0
user_4088a372d9,0.00039323633503735744,0.0
user_1848482061,0.00019661816751867872,0.0
user_8035586ada,0.00019661816751867872,0.0
user_ca68a5f77b,0.00019661816751867872,0.0
user_af6db192c9,0.00039323633503735744,0.0
user_07c8d6ca55,0.00039323633503735744,0.0
user_6a8db55ee9,0.00039323633503735744,0.0
user_cd901e45b8,0.00019661816751867872,0.0
user_e0dcdd9293,0.0005898545025560362,0.0
user_99419b0f20,0.0009830908375933936,0.0
user_da092c4997,0.0005898545025560362,0.0
user_b9bad7bc86,0.00039323633503735744,0.0
user_7e566fb6fe,0.00019661816751867872,0.0
user_58d211b986,0.00019661816751867872,0.0
user_57c63f9b7e,0.00019661816751867872,0.0
user_019ff63eaa,0.00039323633503735744,0.0
user_7566e6da03,0.00039323633503735744,0.0
user_e18f34d348,0.00019661816751867872,0.0
user_437fc7a312,0.00019661816751867872,0.0
user_ad0f542be2,0.0017695635076681085,0.0
user_fd0b5c608c,0.00019661816751867872,0.0
user_064adfb930,0.0011797090051120724,0.0
user_b9f94b1e38,0.00019661816751867872,0.0
user_e90adf40d7,0.0005898545025560362,0.0
user_930ae82095,0.00039323633503735744,0.0
user_3055c09ae8,0.00039323633503735744,0.0
user_985ac404d2,0.00019661816751867872,0.0
user_147418407a,0.00019661816751867872,0.0
user_e3ab4008ed,0.0007864726700747149,0.0
user_b94c9aa7a8,0.00019661816751867872,0.0
user_9102d41122,0.00019661816751867872,0.0
user_f97c5b5355,0.00019661816751867872,0.0
user_dc8e3025f6,0.00019661816751867872,0.0
user_f08870162c,0.0005898545025560362,0.0
user_f26c9406ac,0.00019661816751867872,0.0
user_a74097c972,0.00039323633503735744,0.0
user_48bf0b3fa7,0.00019661816751867872,0.0
user_56b1cb3988,0.00019661816751867872,0.0
user_4568f4aae3,0.0025560361777428233,0.0
user_98393138e3,0.0017695635076681085,0.0
user_d55545bd1c,0.00039323633503735744,0.0
user_26e12438b7,0.00019661816751867872,0.0
user_53b4b8db11,0.00019661816751867872,0.0
user_71e7e1a1a8,0.0005898545025560362,0.0
user_fb64eea049,0.0005898545025560362,0.0
user_4dcc7ec9e4,0.00019661816751867872,0.0
user_05434818ab,0.00039323633503735744,0.0
user_feb2b3ffa0,0.0005898545025560362,0.0
user_aefaec646e,0.0005898545025560362,0.0
user_28f45adec7,0.00039323633503735744,0.0
user_834841e39a,0.00039323633503735744,0.0
user_69c51729aa,0.00019661816751867872,0.0
user_17372470f3,0.00019661816751867872,0.0
user_8b5b72c7e7,0.00019661816751867872,0.0
user_73b1097cc3,0.00019661816751867872,0.0
user_9f089e7789,0.00019661816751867872,0.0
user_ccf634f7c2,0.00019661816751867872,0.0
user_3e1bd6b6fa,0.00039323633503735744,0.0
user_32e6c9403e,0.00019661816751867872,0.0
user_4442b56108,0.00019661816751867872,0.0
user_47f3583db5,0.00019661816751867872,0.0
user_7f7762051a,0.0009830908375933936,0.0
user_b53fb33de8,0.00019661816751867872,0.0
user_e36f1595f0,0.00019661816751867872,0.0
user_ab6f3864f4,0.00039323633503735744,0.0
user_fc5cb09ddd,0.00039323633503735744,0.0
user_2d3cc60b1f,0.00039323633503735744,0.0
user_3a7782aa85,0.00019661816751867872,0.0
user_aec2d08526,0.00019661816751867872,0.0
user_a5598577fa,0.00039323633503735744,0.0
user_5dadc69909,0.0005898545025560362,0.0
user_e69855a442,0.00019661816751867872,0.0
user_96ff018755,0.00039323633503735744,0.0
user_98c99e3807,0.00019661816751867872,0.0
user_930ca69fa3,0.00039323633503735744,0.0
user_e133786d52,0.00039323633503735744,0.0
user_cdfed9c121,0.00039323633503735744,0.0
user_085165d26f,0.00019661816751867872,0.0
user_34b1d56d0c,0.00039323633503735744,0.0
user_8f09cf57d4,0.001376327172630751,0.0
user_8800b2021c,0.00019661816751867872,0.0
user_437939c8d3,0.0005898545025560362,0.0
user_d2510d7d8a,0.00019661816751867872,0.0
user_1e6fe13647,0.00039323633503735744,0.0
user_9b726933e3,0.004915454187966968,0.0
user_716f0643e4,0.00039323633503735744,0.0
user_3c1370f7e1,0.0005898545025560362,0.0
user_cf58369dbc,0.00039323633503735744,0.0
user_f27aeed011,0.00039323633503735744,0.0
user_7c8bc825e0,0.00019661816751867872,0.0
user_f4e0bbd938,0.01061738104600865,0.0
user_7edd43d20a,0.00019661816751867872,0.0
user_b608e38422,0.00019661816751867872,0.0
user_6bef5065ab,0.0007864726700747149,0.0
user_68808c664e,0.00039323633503735744,0.0
user_c6fe9a4510,0.00039323633503735744,0.0
user_0425add983,0.0005898545025560362,0.0
user_be2d4d709e,0.00039323633503735744,0.0
user_c29cf8d142,0.00039323633503735744,0.0
user_cb1b1c6f1b,0.0005898545025560362,0.0
user_e47acfef19,0.0005898545025560362,0.0
user_c37020d4c6,0.0007864726700747149,0.0
user_86df40e0b9,0.0005898545025560362,0.0
user_7a5557da70,0.0007864726700747149,0.0
user_821cf72276,0.00039323633503735744,0.0
user_9c12a8b370,0.00019661816751867872,0.0
user_dc02618e4f,0.0007864726700747149,0.0
user_6c31c89839,0.009634290208415257,0.0
user_279cabc969,0.0005898545025560362,0.0
user_1ac963c2a3,0.0011797090051120724,0.0
user_71321136e9,0.00019661816751867872,0.0
user_5405bf59fa,0.0005898545025560362,0.0
user_215eb52044,0.0011797090051120724,0.0
user_bea32c118e,0.0009830908375933936,0.0
user_60553a495d,0.00019661816751867872,0.0
user_eb02eefcb6,0.00019661816751867872,0.0
user_b2dec6cf05,0.00019661816751867872,0.0
user_c8d9d1774b,0.00019661816751867872,0.0
user_151b3c312f,0.00019661816751867872,0.0
user_c05a2cd50f,0.00019661816751867872,0.0
user_69a1161c39,0.00019661816751867872,0.0
user_1556a47049,0.0007864726700747149,0.0
user_3ac97e4fe4,0.0005898545025560362,0.0
user_65b8c04087,0.0005898545025560362,0.0
user_61c70c7e5c,0.00039323633503735744,0.0
user_3dc71d3217,0.00039323633503735744,0.0
user_a3610e0bff,0.00019661816751867872,0.0
user_fd18080723,0.00019661816751867872,0.0
user_0e5ef42ac9,0.00019661816751867872,0.0
user_5111beabbf,0.00039323633503735744,0.0
user_2d4b5a182e,0.00019661816751867872,0.0
user_1230dc5798,0.00019661816751867872,0.0
user_1cf33e367d,0.00019661816751867872,0.0
user_53a82a81c0,0.00019661816751867872,0.0
user_5b0f0a6cc6,0.00039323633503735744,0.0
user_6b7a3fd46c,0.0005898545025560362,0.0
user_d54e919468,0.0007864726700747149,0.0
user_266041e0dc,0.00019661816751867872,0.0
user_051d6576e0,0.0005898545025560362,0.0
user_472490e4c7,0.0009830908375933936,0.0
user_7d44dce609,0.00019661816751867872,0.0
user_8af96cbcd4,0.00019661816751867872,0.0
user_a572bdd097,0.00019661816751867872,0.0
user_d1ec6284d6,0.00019661816751867872,0.0
user_584083be89,0.0007864726700747149,0.0
user_0362f38a59,0.00019661816751867872,0.0
user_d233806da5,0.005898545025560362,0.0
user_de801e35d5,0.0007864726700747149,0.0
user_dfb93fae29,0.00019661816751867872,0.0
user_cebfbdbb49,0.00039323633503735744,0.0
user_1951aa1416,0.00019661816751867872,0.0
user_abe7d88537,0.00019661816751867872,0.0
user_e445a190be,0.0007864726700747149,0.0
user_fde6aa026d,0.00039323633503735744,0.0
user_bf6f7cb606,0.0005898545025560362,0.0
user_d270691b3f,0.00039323633503735744,0.0
user_217f6cd0fa,0.00039323633503735744,0.0
user_2163ad46fe,0.0005898545025560362,0.0
user_63155d3f42,0.00019661816751867872,0.0
user_7fb48ef13c,0.00019661816751867872,0.0
user_f18dd4d2a9,0.00039323633503735744,0.0
user_2ead1115c7,0.00019661816751867872,0.0
user_0ddfc6d35f,0.0009830908375933936,0.0
user_f569b0ca6d,0.00039323633503735744,0.0
user_d93099a811,0.0011797090051120724,0.0
user_214c55fd07,0.00019661816751867872,0.0
user_739f095c0c,0.0007864726700747149,0.0
user_73ea5a4b6c,0.00019661816751867872,0.0
user_879737d2fb,0.00039323633503735744,0.0
user_f4b979317e,0.00039323633503735744,0.0
user_192318cc67,0.00019661816751867872,0.0
user_8e30d6222d,0.00019661816751867872,0.0
user_0e0aeea054,0.00039323633503735744,0.0
user_770bc79a55,0.00039323633503735744,0.0
user_13ebd72911,0.0005898545025560362,0.0
user_efccb2425a,0.0009830908375933936,0.0
user_768fa4a613,0.0005898545025560362,0.0
user_b1d2b4b04b,0.00019661816751867872,0.0
user_cc98efca96,0.013173417223751474,0.0
user_488a34f2d2,0.00019661816751867872,0.0
user_f1e543fe99,0.00039323633503735744,0.0
user_5f879885ef,0.00019661816751867872,0.0
user_e6040fcb1c,0.00039323633503735744,0.0
user_2c87beee27,0.00019661816751867872,0.0
user_2aba6ba282,0.0005898545025560362,0.0
user_8cd78f9eff,0.00039323633503735744,0.0
user_7655e3b532,0.00019661816751867872,0.0
user_55067f4de3,0.00019661816751867872,0.0
user_d6188c04b5,0.00019661816751867872,0.0
user_d6ece4e9a8,0.0005898545025560362,0.0
user_a823a032e5,0.00019661816751867872,0.0
user_09a66161fb,0.00019661816751867872,0.0
user_6772908bb3,0.00039323633503735744,0.0
user_624a8c32ef,0.00019661816751867872,0.0
user_447844bca8,0.00019661816751867872,0.0
user_bf4fb8bb39,0.00039323633503735744,0.0
user_8a3a55d5a7,0.00019661816751867872,0.0
user_3da890217e,0.0007864726700747149,0.0
user_175d339bf9,0.00019661816751867872,0.0
user_ec10337be1,0.00019661816751867872,0.0
user_b8764b6b06,0.00039323633503735744,0.0
user_38b2188d86,0.00019661816751867872,0.0
user_8cd186a750,0.0005898545025560362,0.0
user_4c8ace14dd,0.00019661816751867872,0.0
user_d1a51201fe,0.0023594180102241447,0.0
user_be81653b8b,0.00039323633503735744,0.0
user_97bd906e59,0.00019661816751867872,0.0
user_a6464bb774,0.00039323633503735744,0.0
user_9449528be9,0.00019661816751867872,0.0
user_6efe0d5e8d,0.00019661816751867872,0.0
user_1d0d52cea4,0.00019661816751867872,0.0
user_c5d45ef221,0.00019661816751867872,0.0
user_06f212455a,0.0017695635076681085,0.0
user_62dcb430f1,0.00039323633503735744,0.0
user_d330a5184f,0.00019661816751867872,0.0
user_b99b7110da,0.00019661816751867872,0.0
user_c3750693ca,0.00019661816751867872,0.0
user_e0e938ffce,0.00019661816751867872,0.0
user_56126d54b3,0.0005898545025560362,0.0
user_b09c3d5abd,0.00039323633503735744,0.0
user_d2c794f973,0.00019661816751867872,0.0
user_c2fc18cb58,0.0009830908375933936,0.0
user_ab1c27d707,0.00019661816751867872,0.0
user_35fb2d5dfd,0.00019661816751867872,0.0
user_abec3e587b,0.00019661816751867872,0.0
user_761aec2e99,0.00019661816751867872,0.0
user_a871706449,0.00019661816751867872,0.0
user_ce4d60b642,0.00019661816751867872,0.0
user_4455ffaf1e,0.00039323633503735744,0.0
user_10350534bc,0.00019661816751867872,0.0
user_b3219d6001,0.00019661816751867872,0.0
user_f85fefbabf,0.00039323633503735744,0.0
user_b300eda3c6,0.00019661816751867872,0.0
user_815cb139aa,0.00039323633503735744,0.0
user_3d7ba300e4,0.00019661816751867872,0.0
user_b878698f55,0.00019661816751867872,0.0
user_ed758a892b,0.00019661816751867872,0.0
user_2f866b1af8,0.00019661816751867872,0.0
user_eb903331cc,0.00039323633503735744,0.0
user_cb1bda4dc5,0.00019661816751867872,0.0
user_492b1e0e53,0.00039323633503735744,0.0
user_1a2f25e3af,0.00019661816751867872,0.0
user_19f9e2ff6f,0.00019661816751867872,0.0
user_9340b5adba,0.0005898545025560362,0.0
user_668a98b99b,0.0005898545025560362,0.0
user_070d31d261,0.00019661816751867872,0.0
user_83075970f7,0.00039323633503735744,0.0
user_3b2e0a03e4,0.007078254030672434,0.0
user_ad43177b55,0.00019661816751867872,0.0
user_dcb792ebef,0.00019661816751867872,0.0
user_a067e88cc1,0.0007864726700747149,0.0
user_19b436b72a,0.00039323633503735744,0.0
user_5f42e4cf40,0.00019661816751867872,0.0
user_cf462e9e1e,0.00039323633503735744,0.0
user_970eafb9c5,0.00019661816751867872,0.0
user_5506a89e4e,0.00039323633503735744,0.0
user_9004ce2cf1,0.00039323633503735744,0.0
user_e60ae27455,0.00019661816751867872,0.0
user_325d351625,0.00039323633503735744,0.0
user_1088f48c56,0.0017695635076681085,0.0
user_252fe80b44,0.0017695635076681085,0.0
user_6216507e9f,0.0005898545025560362,0.0
user_ecf54e5557,0.00019661816751867872,0.0
user_4918af92ea,0.00019661816751867872,0.0
user_7da8c5e799,0.0009830908375933936,0.0
user_aca05166ea,0.00039323633503735744,0.0
user_e34a266e35,0.00019661816751867872,0.0
user_cf2f5699e0,0.00019661816751867872,0.0
user_b87b050c4a,0.00019661816751867872,0.0
user_35e6e50c07,0.00019661816751867872,0.0
user_0bdb4daf22,0.00019661816751867872,0.0
user_b1f6d66486,0.00019661816751867872,0.0
user_a5da548609,0.0005898545025560362,0.0
user_ce736a0470,0.00019661816751867872,0.0
user_f47660f933,0.0017695635076681085,0.0
user_b085ba69b3,0.00019661816751867872,0.0
user_404ec18d0b,0.0005898545025560362,0.0
user_045d804da8,0.00019661816751867872,0.0
user_ba8e67a834,0.00019661816751867872,0.0
user_ce23a533a1,0.00019661816751867872,0.0
user_0ca7bbbbed,0.00019661816751867872,0.0
user_2c9d47d13b,0.00039323633503735744,0.0
user_1360e2568e,0.0007864726700747149,0.0
user_08f49a3b21,0.0007864726700747149,0.0
user_b9b4145bfc,0.00019661816751867872,0.0
user_fd5ebb8a9b,0.00019661816751867872,0.0
user_0597ae2f60,0.00019661816751867872,0.0
user_7309bf3e59,0.00019661816751867872,0.0
user_bcbf21e996,0.00039323633503735744,0.0
user_c860bffa60,0.00019661816751867872,0.0
user_cd2e6d500e,0.0007864726700747149,0.0
user_b587397989,0.00019661816751867872,0.0
user_050a902ed9,0.00019661816751867872,0.0
user_414c20aa5d,0.0005898545025560362,0.0
user_4b329bea8f,0.0007864726700747149,0.0
user_82b750c147,0.00019661816751867872,0.0
user_6bbe9fafe1,0.00039323633503735744,0.0
user_50383b8ee3,0.00019661816751867872,0.0
user_ae7976dcd2,0.0007864726700747149,0.0
user_71a1c153c1,0.00019661816751867872,0.0
user_aaa4b0f436,0.00019661816751867872,0.0
user_315abd7c84,0.00019661816751867872,0.0
user_6792a40112,0.0005898545025560362,0.0
user_1ea626ff4d,0.00019661816751867872,0.0
user_86d5614ed2,0.00019661816751867872,0.0
user_9f63d7c990,0.0007864726700747149,0.0
user_2eb864cd19,0.00019661816751867872,0.0
user_ed37d910c5,0.00039323633503735744,0.0
user_5330a6647a,0.00019661816751867872,0.0
user_b92113ef49,0.0005898545025560362,0.0
user_00227a4276,0.0007864726700747149,0.0
user_0a58cfe013,0.00039323633503735744,0.0
user_c0e142a2a3,0.00039323633503735744,0.0
user_cf0d2f8b2d,0.003342508847817538,0.0
user_b57806b217,0.00019661816751867872,0.0
user_8f3ec07a9d,0.00019661816751867872,0.0
user_88d4cc5362,0.00039323633503735744,0.0
user_908be680dd,0.0007864726700747149,0.0
user_86c3822369,0.00019661816751867872,0.0
user_427db7ee44,0.00019661816751867872,0.0
user_1e633197f5,0.00039323633503735744,0.0
user_a8a59d0699,0.00039323633503735744,0.0
user_394b79e11a,0.00019661816751867872,0.0
user_fa69d1c578,0.00019661816751867872,0.0
user_ec21bbd953,0.00019661816751867872,0.0
user_09c9ad3114,0.00039323633503735744,0.0
user_2e5a66a883,0.00019661816751867872,0.0
user_91a7729981,0.00019661816751867872,0.0
user_a52e30c222,0.00039323633503735744,0.0
user_9ad54d9c50,0.00039323633503735744,0.0
user_8bc113a5fd,0.00019661816751867872,0.0
user_e45d854312,0.0005898545025560362,0.0
user_3577aff4e6,0.00019661816751867872,0.0
user_4e21ec82e2,0.00019661816751867872,0.0
user_af2d4e0e13,0.00019661816751867872,0.0
user_58b867cf4c,0.00019661816751867872,0.0
user_931bef54a3,0.00019661816751867872,0.0
user_dd7fda760d,0.00019661816751867872,0.0
user_3bd0a24408,0.00019661816751867872,0.0
user_5b8fe92268,0.00019661816751867872,0.0
user_ee2d4b15af,0.0009830908375933936,0.0
user_c2820d8167,0.00019661816751867872,0.0
user_c26118dc75,0.0007864726700747149,0.0
user_6258d89ba5,0.005701926858041683,0.0
user_d3081a6b23,0.00039323633503735744,0.0
user_5de1c5a96e,0.00019661816751867872,0.0
user_76bb508c3e,0.00019661816751867872,0.0
user_c8f9560a5f,0.00019661816751867872,0.0
user_aa9ec8944f,0.00039323633503735744,0.0
user_16fa07ed93,0.00019661816751867872,0.0
user_2f465cd2a8,0.0007864726700747149,0.0
user_cce9e85ee4,0.00019661816751867872,0.0
user_bba8572636,0.00039323633503735744,0.0
user_b52ef720a3,0.00039323633503735744,0.0
user_bf3aba10e3,0.00019661816751867872,0.0
user_62ba8f0f83,0.00039323633503735744,0.0
user_9725bdf87d,0.0005898545025560362,0.0
user_8caee34d29,0.00019661816751867872,0.0
user_f23f4712cd,0.0007864726700747149,0.0
user_eaee79c1fe,0.00019661816751867872,0.0
user_ba038375cf,0.00019661816751867872,0.0
user_9b09e6d067,0.001966181675186787,0.0
user_51a1b002e4,0.0009830908375933936,0.0
user_91c4803ca7,0.0007864726700747149,0.0
user_b1b4741cde,0.00019661816751867872,0.0
user_074432c6cb,0.00039323633503735744,0.0
user_56e7f05b32,0.0005898545025560362,0.0
user_e1522b170e,0.00039323633503735744,0.0
user_403ef155b5,0.00019661816751867872,0.0
user_40deda6015,0.00019661816751867872,0.0
user_c4d19ca008,0.0005898545025560362,0.0
user_0f1ca38ac5,0.0005898545025560362,0.0
user_bbb10f8830,0.00019661816751867872,0.0
user_339daf00c9,0.0005898545025560362,0.0
user_e431599d80,0.00039323633503735744,0.0
user_d77d72bae3,0.00019661816751867872,0.0
user_c7e27b4e43,0.00039323633503735744,0.0
user_60f6c6230a,0.00039323633503735744,0.0
user_6f607614d2,0.00019661816751867872,0.0
user_537506b3a2,0.00019661816751867872,0.0
user_259793a447,0.00019661816751867872,0.0
user_55159500f1,0.00019661816751867872,0.0
user_ccb0393557,0.00019661816751867872,0.0
user_8c41eee501,0.00019661816751867872,0.0
user_daec33e947,0.00019661816751867872,0.0
user_f5fb39c748,0.00019661816751867872,0.0
user_2d2dfe9fd6,0.00019661816751867872,0.0
user_b3f5b63e75,0.00019661816751867872,0.0
user_d57429c74e,0.00019661816751867872,0.0
user_d44b70902f,0.0015729453401494297,0.0
user_2117a8eef2,0.00019661816751867872,0.0
user_7db3e25638,0.00019661816751867872,0.0
user_e4972f163f,0.00019661816751867872,0.0
user_14906f157e,0.00039323633503735744,0.0
user_4c1cfe650a,0.00039323633503735744,0.0
user_e211f13adf,0.00019661816751867872,0.0
user_8c4dc35812,0.0005898545025560362,0.0
user_1b0353021f,0.00019661816751867872,0.0
user_f06444ed38,0.00019661816751867872,0.0
user_d64ef9210e,0.00019661816751867872,0.0
user_aa2be3c650,0.00019661816751867872,0.0
user_9e8ee1f2ff,0.00019661816751867872,0.0
user_aa3de2b91f,0.00019661816751867872,0.0
user_7961bab594,0.00039323633503735744,0.0
user_408f5b7b6c,0.0009830908375933936,0.0
user_7373f4bbda,0.0005898545025560362,0.0
user_c15320ae88,0.00019661816751867872,0.0
user_0395a2388b,0.00039323633503735744,0.0
user_1dd4d616ed,0.0009830908375933936,0.0
user_87ab15ed04,0.00039323633503735744,0.0
user_bb5af8301b,0.00039323633503735744,0.0
user_b8708ee5d1,0.0009830908375933936,0.0
user_83d9978146,0.00019661816751867872,0.0
user_7b3e209efd,0.00019661816751867872,0.0
user_e761cd79ec,0.0009830908375933936,0.0
user_69d6c2f500,0.00019661816751867872,0.0
user_c23ec50b67,0.0005898545025560362,0.0
user_e147f6ca07,0.00019661816751867872,0.0
user_4c7d9eaed2,0.01395988989382619,0.0
user_48142808da,0.00039323633503735744,0.0
user_838cb6c338,0.0005898545025560362,0.0
user_f02a5b7012,0.00019661816751867872,0.0
user_bcb6cede2d,0.00019661816751867872,0.0
user_dbe7cece53,0.00019661816751867872,0.0
user_87191c503d,0.00039323633503735744,0.0
user_4a3d427c90,0.00039323633503735744,0.0
user_4692d76cb9,0.00019661816751867872,0.0
user_2562b59e2e,0.0007864726700747149,0.0
user_cc67dd8a14,0.0005898545025560362,0.0
user_04c4484713,0.00039323633503735744,0.0
user_f726df110a,0.00039323633503735744,0.0
user_3dab3182ef,0.00039323633503735744,0.0
user_76bb5f2806,0.00019661816751867872,0.0
user_435dd15c6e,0.00039323633503735744,0.0
user_4bfd851b23,0.0007864726700747149,0.0
user_225a9937f9,0.0009830908375933936,0.0
user_949667e49c,0.00039323633503735744,0.0
user_25ccc4d77b,0.00019661816751867872,0.0
user_f5737b3566,0.00019661816751867872,0.0
user_bc848c6cc6,0.00019661816751867872,0.0
user_5e898d86ed,0.00019661816751867872,0.0
user_833d79e204,0.00019661816751867872,0.0
user_318efcc092,0.0009830908375933936,0.0
user_e7f707a5e0,0.00019661816751867872,0.0
user_1fd84d55ab,0.00019661816751867872,0.0
user_948b9a6eb4,0.00019661816751867872,0.0
user_4d831b07bd,0.0007864726700747149,0.0
user_e42a27123b,0.0011797090051120724,0.0
user_2a3e5fee0f,0.00019661816751867872,0.0
user_5805288141,0.00019661816751867872,0.0
user_933b5d9ca7,0.00019661816751867872,0.0
user_a513750592,0.00039323633503735744,0.0
user_cc5626018a,0.0015729453401494297,0.0
user_f835d3abae,0.00019661816751867872,0.0
user_8d2806691e,0.00039323633503735744,0.0
user_8595288381,0.0005898545025560362,0.0
user_ec32f563d7,0.00039323633503735744,0.0
user_99faa766a6,0.00019661816751867872,0.0
user_cedd55b748,0.00019661816751867872,0.0
user_c1f1dbb731,0.00019661816751867872,0.0
user_c4dc1a9f3b,0.00019661816751867872,0.0
user_25c713be9c,0.00039323633503735744,0.0
user_e9e2561db8,0.00019661816751867872,0.0
user_de830e0be1,0.00019661816751867872,0.0
user_8cbfda71a0,0.00019661816751867872,0.0
user_1b8a489f02,0.00019661816751867872,0.0
user_cef9092dd2,0.00019661816751867872,0.0
user_8e4483d7be,0.00019661816751867872,0.0
user_c3f54f04f9,0.00019661816751867872,0.0
user_4e43eccf2c,0.00019661816751867872,0.0
user_9d990dc29c,0.00019661816751867872,0.0
user_7d8d3a859b,0.00019661816751867872,0.0
user_d56cf7922a,0.00019661816751867872,0.0
user_02166f98a8,0.00019661816751867872,0.0
user_6d091c24ed,0.00039323633503735744,0.0
user_38ee36bf76,0.00019661816751867872,0.0
user_f575ecedc7,0.00019661816751867872,0.0
user_b626b56c4d,0.00039323633503735744,0.0
user_480be71464,0.00019661816751867872,0.0
user_39ad37af31,0.00039323633503735744,0.0
user_2fddb8a31f,0.00019661816751867872,0.0
user_6c627697f5,0.0017695635076681085,0.0
user_d420ff7e37,0.00019661816751867872,0.0
user_69a605c845,0.0005898545025560362,0.0
user_58565213e5,0.00019661816751867872,0.0
user_fd8a0e7d2e,0.00019661816751867872,0.0
user_5e8cdc773c,0.00039323633503735744,0.0
user_b08de8808c,0.00019661816751867872,0.0
user_93dca9ae9c,0.0005898545025560362,0.0
user_7a3863b33a,0.00019661816751867872,0.0
user_e2938c1b49,0.00039323633503735744,0.0
user_5c23f2201d,0.00019661816751867872,0.0
user_5253241a7d,0.00039323633503735744,0.0
user_1db807cc7e,0.00019661816751867872,0.0
user_dd852a49e0,0.0007864726700747149,0.0
user_bf1a1ab8b7,0.001376327172630751,0.0
user_8a4416135d,0.0005898545025560362,0.0
user_1952db737a,0.00019661816751867872,0.0
user_f0061a641c,0.00019661816751867872,0.0
user_6a2be8a2df,0.00019661816751867872,0.0
user_7b81b9b3b9,0.00019661816751867872,0.0
user_b3e7e85871,0.00019661816751867872,0.0
user_1679e88fbe,0.00019661816751867872,0.0
user_cdab980f8b,0.00019661816751867872,0.0
user_a93a2a029b,0.00039323633503735744,0.0
user_1158fd54f0,0.00019661816751867872,0.0
user_30a4bbd0d8,0.00019661816751867872,0.0
user_ddd929167c,0.0009830908375933936,0.0
user_d080823d0a,0.00019661816751867872,0.0
user_daf9311caa,0.00039323633503735744,0.0
user_8267e29803,0.00019661816751867872,0.0
user_670add1832,0.00019661816751867872,0.0
user_b1eddd09f9,0.00039323633503735744,0.0
user_9e2f52a9dd,0.00019661816751867872,0.0
user_1968c208f4,0.0009830908375933936,0.0
user_62d1aae849,0.00039323633503735744,0.0
user_cdeab5c19b,0.0007864726700747149,0.0
user_a7c2659b7b,0.00019661816751867872,0.0
user_fdbae16207,0.00019661816751867872,0.0
user_ccef00a0b2,0.00019661816751867872,0.0
user_ab29a61daf,0.00019661816751867872,0.0
user_227c6c00e4,0.00019661816751867872,0.0
user_55f31c50ea,0.00019661816751867872,0.0
user_112a0126f4,0.00019661816751867872,0.0
user_0fee007a91,0.00019661816751867872,0.0
user_9da1ebc0b2,0.00039323633503735744,0.0
user_4963223bfe,0.0005898545025560362,0.0
user_c67d87df77,0.00019661816751867872,0.0
user_ced76654b1,0.00019661816751867872,0.0
user_3987dd432c,0.00019661816751867872,0.0
user_109b47eec4,0.00019661816751867872,0.0
user_6c473a34fb,0.0007864726700747149,0.0
user_fbea69e0f3,0.0009830908375933936,0.0
user_ddbd0b166e,0.00019661816751867872,0.0
user_f3b7563bb2,0.00039323633503735744,0.0
user_21df6036d5,0.00039323633503735744,0.0
user_e384eb7438,0.00019661816751867872,0.0
user_3989f7681a,0.00019661816751867872,0.0
user_a8c5063a59,0.00019661816751867872,0.0
user_230f1912be,0.00039323633503735744,0.0
user_57d1372607,0.00039323633503735744,0.0
user_25a2079ce5,0.00019661816751867872,0.0
user_0a23554a59,0.00019661816751867872,0.0
user_5c8edf3a1a,0.00019661816751867872,0.0
user_35ff3b0f37,0.00039323633503735744,0.0
user_7945cc44b7,0.00039323633503735744,0.0
user_c560e4db3f,0.00019661816751867872,0.0
user_6f4f7d443d,0.00019661816751867872,0.0
user_dd16a7947d,0.00019661816751867872,0.0
user_2218e6fdca,0.00019661816751867872,0.0
user_228a0e2aa7,0.00019661816751867872,0.0
user_f27d9a7a0f,0.00019661816751867872,0.0
user_d82807ef1d,0.00019661816751867872,0.0
user_ef304ab752,0.00039323633503735744,0.0
user_c4f0005eb7,0.0009830908375933936,0.0
user_815f37222f,0.0005898545025560362,0.0
user_9a26d58b38,0.00039323633503735744,0.0
user_5c237a5229,0.00019661816751867872,0.0
user_412c909695,0.0005898545025560362,0.0
user_15eb892375,0.00019661816751867872,0.0
user_3f26e8190c,0.00039323633503735744,0.0
user_210f900b49,0.00019661816751867872,0.0
user_c2820ee36e,0.00039323633503735744,0.0
user_7658302ed5,0.0005898545025560362,0.0
user_96533319a7,0.00039323633503735744,0.0
user_8702b0b4a7,0.00019661816751867872,0.0
user_4fce8b30c7,0.00019661816751867872,0.0
user_16077f64ac,0.00039323633503735744,0.0
user_94ce4dc7c9,0.00019661816751867872,0.0
user_139c0ca355,0.00019661816751867872,0.0
user_5a751296e6,0.0015729453401494297,0.0
user_b2a1e45f87,0.00019661816751867872,0.0
user_9a2d9eb30b,0.00019661816751867872,0.0
user_9090b76440,0.0007864726700747149,0.0
user_3481a662c1,0.00039323633503735744,0.0
user_16fd0e9771,0.00019661816751867872,0.0
user_fe07b2e79c,0.00019661816751867872,0.0
user_5e74e96b78,0.00019661816751867872,0.0
user_3929a3b710,0.0005898545025560362,0.0
user_bb430acce1,0.0007864726700747149,0.0
user_67a1c8fe5e,0.00019661816751867872,0.0
user_e53cd5e13c,0.0009830908375933936,0.0
user_b08f2dfb66,0.00019661816751867872,0.0
user_f2b78e0306,0.00039323633503735744,0.0
user_76b53c9b8e,0.0009830908375933936,0.0
user_e50d7ba603,0.00019661816751867872,0.0
user_5c9aa280b9,0.00019661816751867872,0.0
user_1e335e7fc2,0.00019661816751867872,0.0
user_2d422c3081,0.00039323633503735744,0.0
user_9b7fad1c53,0.00019661816751867872,0.0
user_687ad82527,0.00039323633503735744,0.0
user_5d2f3126ac,0.00039323633503735744,0.0
user_82b1cf881b,0.00019661816751867872,0.0
user_616e7fe36c,0.0007864726700747149,0.0
user_ee31e07aef,0.00019661816751867872,0.0
user_3c8251f424,0.00019661816751867872,0.0
user_40b54a970c,0.001376327172630751,0.0
user_80d4a0bc06,0.00019661816751867872,0.0
user_64c856a7f9,0.00019661816751867872,0.0
user_49a33a6703,0.00019661816751867872,0.0
user_8591a42ef8,0.00019661816751867872,0.0
user_78b6d64f82,0.00039323633503735744,0.0
user_faa5edf5b0,0.00019661816751867872,0.0
user_e76afcf59d,0.00019661816751867872,0.0
user_612cdca9bd,0.00039323633503735744,0.0
user_8d9a8f0e66,0.00019661816751867872,0.0
user_0307e631d0,0.00019661816751867872,0.0
user_9197471435,0.00019661816751867872,0.0
user_264b921c99,0.00019661816751867872,0.0
user_356ccb4ed8,0.00019661816751867872,0.0
user_3e8a8d255a,0.0005898545025560362,0.0
user_6d82c58adb,0.00039323633503735744,0.0
user_55a4b2cc35,0.00039323633503735744,0.0
user_deec364e12,0.0007864726700747149,0.0
user_a475146448,0.00019661816751867872,0.0
user_5fbf2dd5c2,0.00019661816751867872,0.0
user_843efbb210,0.0007864726700747149,0.0
user_ab9eab4518,0.00019661816751867872,0.0
user_8b2d44d645,0.00039323633503735744,0.0
user_403bcb70bc,0.00019661816751867872,0.0
user_bdc2d488c0,0.00019661816751867872,0.0
user_480589ab57,0.00039323633503735744,0.0
user_0ea3284ca2,0.00039323633503735744,0.0
user_9c471f6cd0,0.00019661816751867872,0.0
user_da85b19ac4,0.00019661816751867872,0.0
user_4ce3707d87,0.00019661816751867872,0.0
user_1da5edc9a0,0.00019661816751867872,0.0
user_f481bc890b,0.00019661816751867872,0.0
user_50e96a809e,0.0007864726700747149,0.0
user_437ba92f18,0.00019661816751867872,0.0
user_d6af9436f5,0.0007864726700747149,0.0
user_a5abf22bac,0.00039323633503735744,0.0
user_7a47849383,0.00039323633503735744,0.0
user_eb42c64c0e,0.00019661816751867872,0.0
user_690558c0c7,0.001966181675186787,0.0
user_13cf172ce2,0.00019661816751867872,0.0
user_f4fbc7f424,0.00019661816751867872,0.0
user_13e8543fba,0.00039323633503735744,0.0
user_c39432330e,0.00019661816751867872,0.0
user_6b9ebec235,0.00019661816751867872,0.0
user_c81e483384,0.0009830908375933936,0.0
user_1e13fe02a8,0.0005898545025560362,0.0
user_82bbd809a0,0.00039323633503735744,0.0
user_867c219dd5,0.00019661816751867872,0.0
user_2e64764513,0.00019661816751867872,0.0
user_9141a13184,0.00019661816751867872,0.0
user_cfdebb4110,0.00019661816751867872,0.0
user_169c435301,0.005112072355485647,0.0
user_400a617940,0.00019661816751867872,0.0
user_bb7b6349fd,0.00019661816751867872,0.0
user_696049fbee,0.00019661816751867872,0.0
user_99f1e52b92,0.00019661816751867872,0.0
user_86987fe77d,0.00039323633503735744,0.0
user_dc1e54b339,0.00019661816751867872,0.0
user_13b7331556,0.00019661816751867872,0.0
user_dd4fd95579,0.00019661816751867872,0.0
user_0d89529ec1,0.00019661816751867872,0.0
user_67d530dd55,0.00019661816751867872,0.0
user_b623360145,0.0005898545025560362,0.0
user_a8214fa8f2,0.00019661816751867872,0.0
user_c50ea5e582,0.00019661816751867872,0.0
user_5d76ec63bb,0.00019661816751867872,0.0
user_684dbc74d0,0.00019661816751867872,0.0
user_d8f94ce8c8,0.00039323633503735744,0.0
user_5d9b6d3b45,0.00019661816751867872,0.0
user_3f3f60002c,0.00019661816751867872,0.0
user_95b8322492,0.00039323633503735744,0.0
user_38795f490c,0.00019661816751867872,0.0
user_4c9d486904,0.00039323633503735744,0.0
user_6e1456d84b,0.00019661816751867872,0.0
user_6c976f1a53,0.00039323633503735744,0.0
user_3721ada174,0.00039323633503735744,0.0
user_1b5e9e0ea6,0.00019661816751867872,0.0
user_2e95309cd6,0.00019661816751867872,0.0
user_734925b076,0.00019661816751867872,0.0
user_5e6fcf3f02,0.00019661816751867872,0.0
user_4c19b6abcc,0.00039323633503735744,0.0
user_d9167e46b5,0.00019661816751867872,0.0
user_7309830caa,0.00019661816751867872,0.0
user_c5d1acaafa,0.00019661816751867872,0.0
user_97c8fec7b0,0.00039323633503735744,0.0
user_68f7359d5f,0.00019661816751867872,0.0
user_adcda32bc9,0.00019661816751867872,0.0
user_572c158dca,0.00019661816751867872,0.0
user_834ab36522,0.00019661816751867872,0.0
user_4cb886857c,0.00039323633503735744,0.0
user_4b7e0a0aae,0.00019661816751867872,0.0
user_c65296d631,0.00039323633503735744,0.0
user_1a369fb2e0,0.0007864726700747149,0.0
user_1590896538,0.00019661816751867872,0.0
user_6a0a6543b6,0.0007864726700747149,0.0
user_76535f36de,0.00039323633503735744,0.0
user_7a3cb03876,0.0005898545025560362,0.0
user_57e18e09fd,0.0005898545025560362,0.0
user_f18379f17c,0.00019661816751867872,0.0
user_a065d96840,0.00019661816751867872,0.0
user_b8d6ef2445,0.00019661816751867872,0.0
user_f0d32f7034,0.00019661816751867872,0.0
user_587b1e339c,0.00019661816751867872,0.0
user_191d0a97e8,0.00019661816751867872,0.0
user_0796fd4fae,0.00019661816751867872,0.0
user_0e8212894e,0.00019661816751867872,0.0
user_4855db58fc,0.00019661816751867872,0.0
user_1e8c44767b,0.00039323633503735744,0.0
user_ec077adc2c,0.00019661816751867872,0.0
user_7ae43dfaf7,0.003342508847817538,0.0
user_b17a56e530,0.00019661816751867872,0.0
user_d7221234a5,0.00039323633503735744,0.0
user_2172025121,0.00039323633503735744,0.0
user_1415504c50,0.00019661816751867872,0.0
user_f31fb670e2,0.00039323633503735744,0.0
user_9abf9d5051,0.00019661816751867872,0.0
user_5ac9611066,0.00039323633503735744,0.0
user_0112be2fb7,0.00019661816751867872,0.0
user_b7e07aacab,0.00019661816751867872,0.0
user_a81de7279b,0.00019661816751867872,0.0
user_12e108f23c,0.00019661816751867872,0.0
user_c40f0c02b7,0.00019661816751867872,0.0
user_f1c8319069,0.001376327172630751,0.0
user_aababab135,0.00019661816751867872,0.0
user_5d7a9ddf62,0.00019661816751867872,0.0
user_d2036977d3,0.00019661816751867872,0.0
user_4e8f7837c6,0.00039323633503735744,0.0
user_5196af6dcc,0.00019661816751867872,0.0
user_62cb5063b6,0.0011797090051120724,0.0
user_ce74232ac3,0.0005898545025560362,0.0
user_cd088fc23f,0.00019661816751867872,0.0
user_731c4a8f31,0.00019661816751867872,0.0
user_f69f15a614,0.00039323633503735744,0.0
user_05a793148a,0.0011797090051120724,0.0
user_70096cd86e,0.00019661816751867872,0.0
user_849965524d,0.00019661816751867872,0.0
user_320eb5cae1,0.00019661816751867872,0.0
user_e0f871763d,0.00019661816751867872,0.0
user_980a959767,0.00019661816751867872,0.0
user_ce0ab226fd,0.0007864726700747149,0.0
user_fe42d17abe,0.00039323633503735744,0.0
user_0ad9742126,0.00039323633503735744,0.0
user_3d476a4fc8,0.00019661816751867872,0.0
user_d301c42cd4,0.00019661816751867872,0.0
user_7dcad898f2,0.00019661816751867872,0.0
user_8f9311466e,0.00019661816751867872,0.0
user_59bb7d4431,0.00019661816751867872,0.0
user_54adb55bfe,0.00019661816751867872,0.0
user_1a1008d683,0.00019661816751867872,0.0
user_89e8115f51,0.0009830908375933936,0.0
user_10e48b7a3a,0.001376327172630751,0.0
user_b46ab1c31d,0.00019661816751867872,0.0
user_b69e75a2ee,0.0005898545025560362,0.0
user_02ba02dbab,0.00039323633503735744,0.0
user_8b55f96564,0.00019661816751867872,0.0
user_3b180e1a42,0.00039323633503735744,0.0
user_0382351c8e,0.00019661816751867872,0.0
user_236631bb87,0.00019661816751867872,0.0
user_655371ec36,0.00019661816751867872,0.0
user_1705423e1b,0.00039323633503735744,0.0
user_e10fb7751a,0.00019661816751867872,0.0
user_09e82c895b,0.00039323633503735744,0.0
user_cad8e33b59,0.00019661816751867872,0.0
user_64b9368663,0.0007864726700747149,0.0
user_fd382409c3,0.00019661816751867872,0.0
user_8ce25e40bd,0.00019661816751867872,0.0
user_f2411ab10f,0.00019661816751867872,0.0
user_a560ed78d9,0.001966181675186787,0.0
user_dd39219900,0.00019661816751867872,0.0
user_2a4e007527,0.00019661816751867872,0.0
user_7fc175d48b,0.00019661816751867872,0.0
user_ae49820ed9,0.00019661816751867872,0.0
user_dd9c36046b,0.00039323633503735744,0.0
user_b025632a3c,0.00019661816751867872,0.0
user_6ea3e72e45,0.00019661816751867872,0.0
user_dbf7fee266,0.0005898545025560362,0.0
user_a1d6742a9a,0.00019661816751867872,0.0
user_1a659ba3a1,0.00019661816751867872,0.0
user_9421d4e3bb,0.00019661816751867872,0.0
user_75774c922b,0.00019661816751867872,0.0
user_88c39aadb4,0.00039323633503735744,0.0
user_e0975c96b5,0.00019661816751867872,0.0
user_6be71ca0ce,0.00039323633503735744,0.0
user_d125888b70,0.00019661816751867872,0.0
user_bb6f33f7d6,0.00019661816751867872,0.0
user_5825892d2c,0.00019661816751867872,0.0
user_ede459bb5d,0.00019661816751867872,0.0
user_914bcf4d0e,0.0005898545025560362,0.0
user_ae97c32504,0.00019661816751867872,0.0
user_dfe1809290,0.00019661816751867872,0.0
user_3a88a22b85,0.00039323633503735744,0.0
user_5f3f800b37,0.00039323633503735744,0.0
user_e30e7ed732,0.00019661816751867872,0.0
user_d0c386f2bd,0.00019661816751867872,0.0
user_a44a8b233a,0.00019661816751867872,0.0
user_e0afbc5c83,0.00019661816751867872,0.0
user_e729a9070b,0.00039323633503735744,0.0
user_9c2673728e,0.00019661816751867872,0.0
user_a6c1dced4b,0.00019661816751867872,0.0
user_afab670345,0.00019661816751867872,0.0
user_e578dbdf6f,0.00019661816751867872,0.0
user_04ecd9b3d9,0.00019661816751867872,0.0
user_ea2ecdb46e,0.00019661816751867872,0.0
user_f8b4682dfd,0.00019661816751867872,0.0
user_e1c12cd9fa,0.00039323633503735744,0.0
user_e841e8330f,0.00019661816751867872,0.0
user_ffff4f62d7,0.00019661816751867872,0.0
user_c0195d4246,0.00019661816751867872,0.0
user_f4e56a5092,0.00019661816751867872,0.0
user_0157b1b061,0.00039323633503735744,0.0
user_476221171f,0.00019661816751867872,0.0
user_076f942c8c,0.00019661816751867872,0.0
user_6253bd2dea,0.00019661816751867872,0.0
user_a6b47f5db4,0.00039323633503735744,0.0
user_03c4a72f60,0.00019661816751867872,0.0
user_ab5539f56a,0.00039323633503735744,0.0
user_bfad25fe2c,0.0005898545025560362,0.0
user_02fdcc8767,0.00019661816751867872,0.0
user_a393ad2688,0.00019661816751867872,0.0
user_251cf77fed,0.00019661816751867872,0.0
user_8909558610,0.00019661816751867872,0.0
user_2e9a9ec1a8,0.00019661816751867872,0.0
user_8dab9c8e97,0.00039323633503735744,0.0
user_fa09dcbd58,0.00019661816751867872,0.0
user_534e249b82,0.00039323633503735744,0.0
user_149de010ed,0.00039323633503735744,0.0
user_37e7175c9f,0.00019661816751867872,0.0
user_097638af0b,0.00019661816751867872,0.0
user_966e5a960e,0.00019661816751867872,0.0
user_789a024d91,0.00019661816751867872,0.0
user_bead31404c,0.00039323633503735744,0.0
user_61c1836915,0.00019661816751867872,0.0
user_e66d373e61,0.00019661816751867872,0.0
user_07ab535d7c,0.00019661816751867872,0.0
user_3f05b64f42,0.0005898545025560362,0.0
user_b3cd932fa5,0.00019661816751867872,0.0
user_5c0b6e157a,0.00019661816751867872,0.0
user_1458c52c92,0.00019661816751867872,0.0
user_d915b0377d,0.0007864726700747149,0.0
user_40bcf854dd,0.0025560361777428233,0.0
user_52cff63fa8,0.00019661816751867872,0.0
user_2b9c47a00d,0.00019661816751867872,0.0
user_d70cd3411a,0.00019661816751867872,0.0
user_beca1afada,0.00019661816751867872,0.0
user_17893bc646,0.00039323633503735744,0.0
user_4421f3aae3,0.00019661816751867872,0.0
user_3b47684397,0.00019661816751867872,0.0
user_c39634bfaf,0.00019661816751867872,0.0
user_363a354e5d,0.00019661816751867872,0.0
user_692b80469d,0.00019661816751867872,0.0
user_83d84a456a,0.00019661816751867872,0.0
user_b03e2711e4,0.00019661816751867872,0.0
user_5184559173,0.00019661816751867872,0.0
user_74bf848bcb,0.00019661816751867872,0.0
user_ecb115bf1f,0.00019661816751867872,0.0
user_1b5a05cf4a,0.00019661816751867872,0.0
user_d80b0ae902,0.00019661816751867872,0.0
user_45f19cc785,0.00039323633503735744,0.0
user_479de9d7f1,0.00019661816751867872,0.0
user_ecc9866f24,0.0009830908375933936,0.0
user_bc3eadb7f7,0.0007864726700747149,0.0
user_9ddec1624c,0.00039323633503735744,0.0
user_6424b2627c,0.00019661816751867872,0.0
user_918a2c7482,0.00019661816751867872,0.0
user_b339d4ce99,0.00019661816751867872,0.0
user_0e9ea430ba,0.00019661816751867872,0.0
user_80f1be815c,0.00019661816751867872,0.0
user_91271428d7,0.00019661816751867872,0.0
user_70653cb520,0.00019661816751867872,0.0
user_9eef9a1ba7,0.0005898545025560362,0.0
user_a1673ae40d,0.0007864726700747149,0.0
user_fab7fd5dbe,0.00019661816751867872,0.0
user_f11ef2e81d,0.00019661816751867872,0.0
user_3da5dc65b9,0.00039323633503735744,0.0
user_4d4aa24a0c,0.0007864726700747149,0.0
user_3362826ffd,0.0005898545025560362,0.0
user_a55e221b75,0.0007864726700747149,0.0
user_63f31a9437,0.00019661816751867872,0.0
user_68c26aa00f,0.00019661816751867872,0.0
user_e63eb3831d,0.00019661816751867872,0.0
user_a0b2923419,0.00019661816751867872,0.0
user_708a2f0516,0.00039323633503735744,0.0
user_b08c1e4cc5,0.0005898545025560362,0.0
user_096ff8a065,0.00019661816751867872,0.0
user_084f033c34,0.00039323633503735744,0.0
user_3899228ad3,0.00019661816751867872,0.0
user_d7f156a503,0.00019661816751867872,0.0
user_ea458cf335,0.00019661816751867872,0.0
user_3fd9d4ef7b,0.0017695635076681085,0.0
user_8a9a3f1a0f,0.00019661816751867872,0.0
user_7e345a31e1,0.00019661816751867872,0.0
user_d0cf6eb96e,0.00019661816751867872,0.0
user_ea7ac491bf,0.00019661816751867872,0.0
user_d183e5e88c,0.00019661816751867872,0.0
user_2ffbdaeaa6,0.00039323633503735744,0.0
user_3ed0f5d132,0.00019661816751867872,0.0
user_c8a17207a5,0.00019661816751867872,0.0
user_54e0b21bf9,0.00039323633503735744,0.0
user_9cab4bc623,0.00019661816751867872,0.0
user_c98a27cd32,0.00019661816751867872,0.0
user_6030fdf695,0.00019661816751867872,0.0
user_2d1a422e7c,0.00039323633503735744,0.0
user_646071eac8,0.00039323633503735744,0.0
user_cf0ce66459,0.00019661816751867872,0.0
user_ea5375304e,0.00019661816751867872,0.0
user_8994924261,0.00019661816751867872,0.0
user_efb84b0d2e,0.00019661816751867872,0.0
user_983c312527,0.00039323633503735744,0.0
user_8d2b19d86d,0.00039323633503735744,0.0
user_5788dee2bf,0.00019661816751867872,0.0
user_df26d69857,0.00039323633503735744,0.0
user_7fca8a8e29,0.0005898545025560362,0.0
user_8f87597420,0.00019661816751867872,0.0
user_76da0a68e2,0.00019661816751867872,0.0
user_ed352be0a1,0.00019661816751867872,0.0
user_885077c30e,0.00019661816751867872,0.0
user_c8953f7af0,0.00019661816751867872,0.0
user_ec23664dfa,0.00019661816751867872,0.0
user_2a4e1ef623,0.0009830908375933936,0.0
user_8f81c31141,0.00019661816751867872,0.0
user_d719f97f42,0.00019661816751867872,0.0
user_30146dd538,0.00019661816751867872,0.0
user_8c542981f7,0.00039323633503735744,0.0
user_64713b8228,0.00019661816751867872,0.0
user_489e8e317f,0.00019661816751867872,0.0
user_3b2d022084,0.00019661816751867872,0.0
user_1cc4660bb8,0.00039323633503735744,0.0
user_6eb4782af2,0.0005898545025560362,0.0
user_a6f9f786d9,0.00019661816751867872,0.0
user_a570566d4e,0.0011797090051120724,0.0
user_b5ad4b14ad,0.0007864726700747149,0.0
user_1cff971609,0.00019661816751867872,0.0
user_4a95c8704e,0.00019661816751867872,0.0
user_7ae5122bb4,0.00039323633503735744,0.0
user_1bc4874ee5,0.00019661816751867872,0.0
user_c3c4af17fe,0.0005898545025560362,0.0
user_9f1382f759,0.00039323633503735744,0.0
user_31c8c4af16,0.00019661816751867872,0.0
user_a096a5c272,0.00039323633503735744,0.0
user_7d73735f13,0.00019661816751867872,0.0
user_09c8bf1086,0.00019661816751867872,0.0
user_17b0b8e0ec,0.00019661816751867872,0.0
user_9890a10ccb,0.00039323633503735744,0.0
user_7b5186e57d,0.00019661816751867872,0.0
user_e793ad70cb,0.00019661816751867872,0.0
user_1ddec90caa,0.00019661816751867872,0.0
user_25f73d96c6,0.00019661816751867872,0.0
user_56cf2bae3f,0.00039323633503735744,0.0
user_1f9f06d021,0.00039323633503735744,0.0
user_52f724badd,0.00019661816751867872,0.0
user_f27ad0cc90,0.0007864726700747149,0.0
user_52e0dee387,0.00039323633503735744,0.0
user_049f3d5a01,0.00039323633503735744,0.0
user_a64a1bf174,0.00019661816751867872,0.0
user_fb17e38663,0.00019661816751867872,0.0
user_b64eb1c06d,0.00019661816751867872,0.0
user_7d7739ba24,0.00019661816751867872,0.0
user_05a4bbe7d2,0.0007864726700747149,0.0
user_15bf9931ee,0.00019661816751867872,0.0
user_829d817d2f,0.00039323633503735744,0.0
user_35c315956c,0.00039323633503735744,0.0
user_cf856c0cb1,0.00019661816751867872,0.0
user_c0a0165882,0.00019661816751867872,0.0
user_61988a26e8,0.00019661816751867872,0.0
user_febab798c6,0.00019661816751867872,0.0
user_0c42e48554,0.00039323633503735744,0.0
user_0a94584e99,0.00019661816751867872,0.0
user_f7b4f2c568,0.00019661816751867872,0.0
user_91fec01908,0.0009830908375933936,0.0
user_c47ca06d83,0.0005898545025560362,0.0
user_267a2b4772,0.00039323633503735744,0.0
user_dfdb711c4b,0.00039323633503735744,0.0
user_8fb5d0700d,0.00019661816751867872,0.0
user_6d58cf1c47,0.00039323633503735744,0.0
user_d3acbc47a2,0.00039323633503735744,0.0
user_ce1c308ccc,0.00039323633503735744,0.0
user_caf657564f,0.00039323633503735744,0.0
user_ab0bed2d37,0.00019661816751867872,0.0
user_5a98587846,0.00019661816751867872,0.0
user_d7520e62fe,0.00019661816751867872,0.0
user_e952f85d42,0.00019661816751867872,0.0
user_d62dc1e214,0.00019661816751867872,0.0
user_aa86dfde8f,0.00019661816751867872,0.0
user_7ff07a5819,0.00019661816751867872,0.0
user_dd4544f15d,0.00019661816751867872,0.0
user_eda1862b79,0.0007864726700747149,0.0
user_32685c1c52,0.00019661816751867872,0.0
user_b50156f820,0.00019661816751867872,0.0
user_547ac6e856,0.00019661816751867872,0.0
user_96630afc7e,0.00039323633503735744,0.0
user_a409d0d508,0.00039323633503735744,0.0
user_ded7d3c67d,0.00019661816751867872,0.0
user_ad9164da53,0.00019661816751867872,0.0
user_34dbf54b06,0.00019661816751867872,0.0
user_5151550706,0.00019661816751867872,0.0
user_fc6cd4d13c,0.00019661816751867872,0.0
user_d3da47524a,0.00019661816751867872,0.0
user_edcf3bcd37,0.00019661816751867872,0.0
user_0f18ae8a34,0.00019661816751867872,0.0
user_2b1eee59d4,0.00039323633503735744,0.0
user_62c445321f,0.00019661816751867872,0.0
user_ee005c0f1a,0.00019661816751867872,0.0
user_e1696eb9c8,0.00019661816751867872,0.0
user_c20651230d,0.00019661816751867872,0.0
user_71d82f7540,0.00019661816751867872,0.0
user_f462fae2f5,0.00039323633503735744,0.0
user_bba7db55a2,0.00019661816751867872,0.0
user_91f24a7e82,0.00019661816751867872,0.0
user_50785ff405,0.00019661816751867872,0.0
user_adfc6060c4,0.00019661816751867872,0.0
user_ef98c3ecf5,0.00019661816751867872,0.0
user_ad022faba5,0.0005898545025560362,0.0
user_823f74d893,0.00019661816751867872,0.0
user_fe9b07d568,0.00019661816751867872,0.0
user_27fc45d493,0.00019661816751867872,0.0
user_18e4bf9330,0.00019661816751867872,0.0
user_c102c0760e,0.00039323633503735744,0.0
user_e4afaaa7c8,0.00019661816751867872,0.0
user_f8acef63b2,0.00019661816751867872,0.0
user_8451bc104d,0.00019661816751867872,0.0
user_7b77c591e3,0.0005898545025560362,0.0
user_8748aa873d,0.00019661816751867872,0.0
user_cb77df043b,0.00039323633503735744,0.0
user_0684112c5a,0.00019661816751867872,0.0
user_d7b7499714,0.00039323633503735744,0.0
user_300bca7de2,0.00019661816751867872,0.0
user_59447012fe,0.00039323633503735744,0.0
user_c5d8983d32,0.0009830908375933936,0.0
user_ffccc9c324,0.00019661816751867872,0.0
user_655a057222,0.00019661816751867872,0.0
user_a5342de58f,0.00019661816751867872,0.0
user_e3e18ebdb3,0.00039323633503735744,0.0
user_b71f86d174,0.00019661816751867872,0.0
user_0eadddda69,0.00019661816751867872,0.0
user_75b0304b57,0.00019661816751867872,0.0
user_752f0ae778,0.00019661816751867872,0.0
user_b79f48da40,0.00019661816751867872,0.0
user_0c0f991d0f,0.00019661816751867872,0.0
user_ecd7a16359,0.00019661816751867872,0.0
user_3f87d9fa68,0.00019661816751867872,0.0
user_8126a069a4,0.00039323633503735744,0.0
user_961376fe38,0.00019661816751867872,0.0
user_80ab892660,0.00019661816751867872,0.0
user_0bb47d60a9,0.00039323633503735744,0.0
user_b398930723,0.00019661816751867872,0.0
user_374a902ed0,0.00039323633503735744,0.0
user_b805830f90,0.0005898545025560362,0.0
user_b9c1962bfd,0.00019661816751867872,0.0
user_2f7cb0483c,0.0005898545025560362,0.0
user_dafccd3467,0.00019661816751867872,0.0
user_b6a232ed0c,0.00019661816751867872,0.0
user_f42043864d,0.00039323633503735744,0.0
user_535e8ce3f5,0.00019661816751867872,0.0
user_274476dd9d,0.00019661816751867872,0.0
user_2a163dcef5,0.00019661816751867872,0.0
user_1d6babec72,0.00019661816751867872,0.0
user_64cd3333b0,0.00019661816751867872,0.0
user_d2a84a198f,0.0017695635076681085,0.0
user_0e5dc6f2bf,0.00039323633503735744,0.0
user_4ff47a23e1,0.00019661816751867872,0.0
user_d7c2cf5d1a,0.00039323633503735744,0.0
user_cc8f924707,0.00039323633503735744,0.0
user_832b89e1e3,0.00019661816751867872,0.0
user_9461081bb9,0.00019661816751867872,0.0
user_dcdf7796bd,0.00019661816751867872,0.0
user_491f04df55,0.00019661816751867872,0.0
user_8d96f3566b,0.00019661816751867872,0.0
user_c328a5b0e7,0.00039323633503735744,0.0
user_c73b5a927c,0.00019661816751867872,0.0
user_3d1fe2c632,0.0005898545025560362,0.0
user_c04dc21bd8,0.00019661816751867872,0.0
user_14dab72f07,0.00019661816751867872,0.0
user_544de3f22f,0.00019661816751867872,0.0
user_1a0a0f6f71,0.00019661816751867872,0.0
user_27f049232b,0.00039323633503735744,0.0
user_9c18c7b5b7,0.00019661816751867872,0.0
user_1b3c9b3f9f,0.0009830908375933936,0.0
user_889515e904,0.00039323633503735744,0.0
user_68b56df73f,0.00019661816751867872,0.0
user_ca942af1a3,0.00019661816751867872,0.0
user_7fe88a344d,0.00019661816751867872,0.0
user_69221801a8,0.00019661816751867872,0.0
user_c05236fd51,0.00019661816751867872,0.0
user_f708664c00,0.00039323633503735744,0.0
user_423f132fb6,0.00039323633503735744,0.0
user_06d413c16f,0.00019661816751867872,0.0
user_f3ac0e821a,0.0005898545025560362,0.0
user_409515293c,0.00019661816751867872,0.0
user_13f3d42fb6,0.00039323633503735744,0.0
user_b13351d50b,0.00039323633503735744,0.0
user_b781b64e49,0.00019661816751867872,0.0
user_ef66c0eada,0.00039323633503735744,0.0
user_abb4e54c22,0.0009830908375933936,0.0
user_cbc455c907,0.00039323633503735744,0.0
user_72e9815be6,0.00019661816751867872,0.0
user_2faff3fef9,0.00039323633503735744,0.0
user_1d3f353175,0.00019661816751867872,0.0
user_7e82223fd3,0.0005898545025560362,0.0
user_0200292205,0.00019661816751867872,0.0
user_0b056289e4,0.00019661816751867872,0.0
user_ce2e8ba5eb,0.00019661816751867872,0.0
user_d59fb554b9,0.00019661816751867872,0.0
user_0c2c33eb3d,0.00039323633503735744,0.0
user_a3886c4d65,0.00019661816751867872,0.0
user_f2dd4873e3,0.00019661816751867872,0.0
user_9a3d7d1519,0.00039323633503735744,0.0
user_70cbc9e3f9,0.00039323633503735744,0.0
user_fea9eeb5e0,0.0007864726700747149,0.0
user_d2ffbcc832,0.00039323633503735744,0.0
user_a40f61bb55,0.00039323633503735744,0.0
user_1275d35040,0.00019661816751867872,0.0
user_3257853dc0,0.0005898545025560362,0.0
user_d6f63ebef3,0.00019661816751867872,0.0
user_7cebb8bd14,0.0007864726700747149,0.0
user_30b33f3222,0.0007864726700747149,0.0
user_2ac8e393d9,0.00039323633503735744,0.0
user_2efa76954a,0.00019661816751867872,0.0
user_bfad84c882,0.00019661816751867872,0.0
user_41bea8c4ca,0.0007864726700747149,0.0
user_470ff33c29,0.00039323633503735744,0.0
user_b8da8ed199,0.00019661816751867872,0.0
user_aee3348940,0.00039323633503735744,0.0
user_aa7067ba7e,0.00019661816751867872,0.0
user_5f330eeed8,0.00019661816751867872,0.0
user_98dc74968a,0.00039323633503735744,0.0
user_7a5bc5bd9f,0.00039323633503735744,0.0
user_e09fc86885,0.00019661816751867872,0.0
user_cd96390467,0.00019661816751867872,0.0
user_b839acddfc,0.00039323633503735744,0.0
user_debbf78337,0.00019661816751867872,0.0
user_fe2f50e79a,0.00039323633503735744,0.0
user_a11262cba5,0.00019661816751867872,0.0
user_a4a9a2a3ce,0.00019661816751867872,0.0
user_fc79cc45ce,0.00019661816751867872,0.0
user_6c8036ff4b,0.00039323633503735744,0.0
user_0250faeca6,0.0005898545025560362,0.0
user_a24a0ad89b,0.00039323633503735744,0.0
user_923aedbb16,0.00019661816751867872,0.0
user_5683a38dac,0.00019661816751867872,0.0
user_20bde92a48,0.00019661816751867872,0.0
user_1ac53ddff1,0.00039323633503735744,0.0
user_d1c1bfb9b0,0.00019661816751867872,0.0
user_717561ee5e,0.00019661816751867872,0.0
user_c975a679db,0.00039323633503735744,0.0
user_1e2ebae688,0.00019661816751867872,0.0
user_85318337c1,0.00019661816751867872,0.0
user_ac383798e1,0.0011797090051120724,0.0
user_a41423fce3,0.00019661816751867872,0.0
user_2523963df7,0.00019661816751867872,0.0
user_3e286471b1,0.00019661816751867872,0.0
user_e3f5b26cb6,0.00019661816751867872,0.0
user_fa2d0e68bb,0.00019661816751867872,0.0
user_bf233079f7,0.00019661816751867872,0.0
user_bc8e038d08,0.00019661816751867872,0.0
user_413ed8bdfc,0.00019661816751867872,0.0
user_5d112ec47f,0.00019661816751867872,0.0
user_431874fe85,0.00019661816751867872,0.0
user_47e05e27f4,0.00019661816751867872,0.0
user_69644cb184,0.00019661816751867872,0.0
user_b99e1ce8b5,0.00019661816751867872,0.0
user_3a1005d651,0.00019661816751867872,0.0
user_9f671aa336,0.00019661816751867872,0.0
user_0b2dca5921,0.0005898545025560362,0.0
user_71b19ac5fe,0.00019661816751867872,0.0
user_2dba379ba3,0.00039323633503735744,0.0
user_4b15e524c7,0.00039323633503735744,0.0
user_429d5b9897,0.00039323633503735744,0.0
user_b690fcde23,0.00019661816751867872,0.0
user_0b55da69ac,0.00019661816751867872,0.0
user_9f7480d777,0.00019661816751867872,0.0
user_b8a841afae,0.004325599685410931,0.0
user_d6bda404fe,0.00019661816751867872,0.0
user_f98b197ffa,0.00039323633503735744,0.0
user_30c1e397a1,0.00019661816751867872,0.0
user_c8c05bdd6a,0.00039323633503735744,0.0
user_dbb2785bbb,0.00039323633503735744,0.0
user_a9861091e5,0.00019661816751867872,0.0
user_f4ea897c8e,0.0005898545025560362,0.0
user_e9ccf32c16,0.00019661816751867872,0.0
user_2376e354c2,0.00019661816751867872,0.0
user_c1acaeeddf,0.00039323633503735744,0.0
user_2bde69c43f,0.00039323633503735744,0.0
user_baa86e4950,0.0007864726700747149,0.0
user_3cb8b2d7b2,0.00039323633503735744,0.0
user_15af8f9b91,0.00039323633503735744,0.0
user_0efb582af5,0.00019661816751867872,0.0
user_c1fff96d1f,0.00019661816751867872,0.0
user_bffa08a9f7,0.00019661816751867872,0.0
user_dea111b7ab,0.00019661816751867872,0.0
user_fa19360455,0.00019661816751867872,0.0
user_49a6a1a541,0.00019661816751867872,0.0
user_fa83c3bb9b,0.00019661816751867872,0.0
user_a41619ff69,0.00019661816751867872,0.0
user_b5abd77a7f,0.00039323633503735744,0.0
user_2a1eeccb8b,0.00039323633503735744,0.0
user_479be84003,0.00039323633503735744,0.0
user_97dcf96391,0.00019661816751867872,0.0
user_ca85f2ea37,0.00019661816751867872,0.0
user_4c771a91a0,0.0007864726700747149,0.0
user_28ae42ae61,0.00019661816751867872,0.0
user_4005aebc5b,0.00019661816751867872,0.0
user_dbd0739233,0.00019661816751867872,0.0
user_4c58fa82c5,0.00019661816751867872,0.0
user_03b7b725dc,0.00019661816751867872,0.0
user_a6395e54fd,0.0007864726700747149,0.0
user_bc26e72687,0.00039323633503735744,0.0
user_763c541fed,0.00039323633503735744,0.0
user_f34f1f46a7,0.00019661816751867872,0.0
user_0139be9af9,0.00019661816751867872,0.0
user_a9790a6cd9,0.0007864726700747149,0.0
user_01bc4f0a5b,0.00019661816751867872,0.0
user_f889a12bbb,0.00019661816751867872,0.0
user_589389ad27,0.0007864726700747149,0.0
user_c825b61955,0.00019661816751867872,0.0
user_1108635cf5,0.00019661816751867872,0.0
user_4058fb09d7,0.00039323633503735744,0.0
user_3f63f7d8e3,0.00019661816751867872,0.0
user_89c9ecf2a7,0.00019661816751867872,0.0
user_40c01bc4f9,0.0007864726700747149,0.0
user_93e1440e3b,0.00039323633503735744,0.0
user_15b73b3179,0.00019661816751867872,0.0
user_24384eb25f,0.00019661816751867872,0.0
user_36228a9aa7,0.00019661816751867872,0.0
user_1f3609f61a,0.00039323633503735744,0.0
user_0103500e2c,0.00019661816751867872,0.0
user_1f1a1b566a,0.0005898545025560362,0.0
user_de1ccc4f55,0.00019661816751867872,0.0
user_34c1ad5412,0.00019661816751867872,0.0
user_c66c7b763c,0.00019661816751867872,0.0
user_1cf859c965,0.00039323633503735744,0.0
user_810a512ecc,0.00019661816751867872,0.0
user_40fdeb5b3a,0.0007864726700747149,0.0
user_0bd38904d7,0.00019661816751867872,0.0
user_f36b7d9892,0.00019661816751867872,0.0
user_d75c5c4691,0.00039323633503735744,0.0
user_bb776bc01e,0.00019661816751867872,0.0
user_863acd10d0,0.0005898545025560362,0.0
user_0ae63bbc41,0.00019661816751867872,0.0
user_bee2ba4f13,0.0005898545025560362,0.0
user_dbdcad3215,0.00039323633503735744,0.0
user_356b99784b,0.00019661816751867872,0.0
user_cc13d39305,0.0007864726700747149,0.0
user_4b967bfc80,0.00019661816751867872,0.0
user_b1442f8c5b,0.00019661816751867872,0.0
user_121e2c6dcc,0.0005898545025560362,0.0
user_808831c098,0.00019661816751867872,0.0
user_13fa898692,0.00019661816751867872,0.0
user_a1898945d8,0.0005898545025560362,0.0
user_d5084a96db,0.00019661816751867872,0.0
user_c2aa590a68,0.00019661816751867872,0.0
user_46ce95d4e7,0.00019661816751867872,0.0
user_e6ffff3171,0.00019661816751867872,0.0
user_d1ad8b09d6,0.00019661816751867872,0.0
user_778bdfa8e9,0.00019661816751867872,0.0
user_d968329bfa,0.00019661816751867872,0.0
user_5a826a99f3,0.00019661816751867872,0.0
user_7adb9fce87,0.0011797090051120724,0.0
user_b3b7fa9bc3,0.00019661816751867872,0.0
user_1ed5926a76,0.0005898545025560362,0.0
user_09fe665283,0.00019661816751867872,0.0
user_0d26e95855,0.00019661816751867872,0.0
user_e08b34674d,0.00019661816751867872,0.0
user_1a4d963269,0.00019661816751867872,0.0
user_0b71837006,0.00019661816751867872,0.0
user_a3c15f7cd8,0.00019661816751867872,0.0
user_57c7c141a7,0.00019661816751867872,0.0
user_5393d06223,0.00039323633503735744,0.0
user_cc2a809383,0.00019661816751867872,0.0
user_92c771506b,0.00019661816751867872,0.0
user_60bb561730,0.0007864726700747149,0.0
user_d4222a3e80,0.00019661816751867872,0.0
user_ff831e5c83,0.00019661816751867872,0.0
user_f3db531b47,0.00019661816751867872,0.0
user_158c2cf5c4,0.00019661816751867872,0.0
user_a9d83eb279,0.0005898545025560362,0.0
user_3cf0a539b0,0.00019661816751867872,0.0
user_e64affa7ad,0.00019661816751867872,0.0
user_9010a47ee7,0.00019661816751867872,0.0
user_c02208ef6b,0.00019661816751867872,0.0
user_34cc728232,0.0005898545025560362,0.0
user_31c8b62370,0.00039323633503735744,0.0
user_3d73831cb3,0.00019661816751867872,0.0
user_d113ea2acc,0.00019661816751867872,0.0
user_7053344c6d,0.00019661816751867872,0.0
user_3e29e09c4b,0.00019661816751867872,0.0
user_7a9d0eb292,0.00039323633503735744,0.0
user_bceae63d73,0.00019661816751867872,0.0
user_3319529804,0.00019661816751867872,0.0
user_7c8761424a,0.0007864726700747149,0.0
user_436c17dea2,0.00019661816751867872,0.0
user_a842fdcb44,0.00019661816751867872,0.0
user_66e9d15dc1,0.00019661816751867872,0.0
user_07bf419142,0.00039323633503735744,0.0
user_ef0a287eb2,0.00039323633503735744,0.0
user_238e8236df,0.00019661816751867872,0.0
user_f46ed8fd24,0.00039323633503735744,0.0
user_699f9d80a3,0.00019661816751867872,0.0
user_c3a934ef4a,0.00019661816751867872,0.0
user_398c9459f1,0.00019661816751867872,0.0
user_c5ef0e1eb3,0.00019661816751867872,0.0
user_dbe8349d32,0.00019661816751867872,0.0
user_94f2ba745d,0.00019661816751867872,0.0
user_2785b51cb2,0.0005898545025560362,0.0
user_ced82afc8c,0.00019661816751867872,0.0
user_2f6e092bcf,0.00039323633503735744,0.0
user_bd5391006e,0.00019661816751867872,0.0
user_1a9d1395b5,0.00019661816751867872,0.0
user_9701223f07,0.00039323633503735744,0.0
user_4ed5188030,0.00039323633503735744,0.0
user_09d24e9f4a,0.00019661816751867872,0.0
user_50adba64cf,0.0007864726700747149,0.0
user_8d1b7f06be,0.00019661816751867872,0.0
user_161a5eb5bd,0.00039323633503735744,0.0
user_7a7d3de7b0,0.00019661816751867872,0.0
user_d3c66db01c,0.00019661816751867872,0.0
user_95fd876a51,0.00039323633503735744,0.0
user_5414abee19,0.00019661816751867872,0.0
user_22df9b0b29,0.00019661816751867872,0.0
user_10cc5a2daf,0.0007864726700747149,0.0
user_9cf749ba2c,0.00019661816751867872,0.0
user_9ae2691a01,0.00019661816751867872,0.0
user_d87721267c,0.00019661816751867872,0.0
user_c17ea1b41e,0.00019661816751867872,0.0
user_70a1c6e5f2,0.00039323633503735744,0.0
user_66eada05e4,0.00019661816751867872,0.0
user_c49cc76321,0.00019661816751867872,0.0
user_530c28f9af,0.00019661816751867872,0.0
user_3b2c8fb4bf,0.00039323633503735744,0.0
user_bf390f6422,0.00019661816751867872,0.0
user_e8b54b23da,0.00019661816751867872,0.0
user_ce2888ce88,0.00039323633503735744,0.0
user_26050fdd44,0.00039323633503735744,0.0
user_bfdd72cd1a,0.00019661816751867872,0.0
user_2d36b153d3,0.004915454187966968,0.0
user_e6186b70b0,0.00019661816751867872,0.0
user_c8cfab1d2c,0.00019661816751867872,0.0
user_2c50cbcec1,0.00019661816751867872,0.0
user_1d6438ce32,0.00039323633503735744,0.0
user_5933056306,0.00019661816751867872,0.0
user_6ebe1c459f,0.00019661816751867872,0.0
user_da61b9a13a,0.00019661816751867872,0.0
user_b4ccd3dd3f,0.00039323633503735744,0.0
user_23e61911b6,0.00039323633503735744,0.0
user_c4940260fe,0.00019661816751867872,0.0
user_51baf7dfd9,0.00039323633503735744,0.0
user_7af69680e3,0.00039323633503735744,0.0
user_5615b3fce9,0.00019661816751867872,0.0
user_4c1852e727,0.00019661816751867872,0.0
user_fac133a144,0.00019661816751867872,0.0
user_5d892c75cb,0.00019661816751867872,0.0
user_3f523a02b0,0.00019661816751867872,0.0
user_0d33c4abf7,0.00039323633503735744,0.0
user_790313f5f8,0.00019661816751867872,0.0
user_456eed72d2,0.00019661816751867872,0.0
user_b99d947190,0.00039323633503735744,0.0
user_74e407e523,0.00019661816751867872,0.0
user_5beff072be,0.00039323633503735744,0.0
user_5aae26b385,0.00019661816751867872,0.0
user_a5e0e6b179,0.00039323633503735744,0.0
user_fdcb8f4ce9,0.0009830908375933936,0.0
user_819a651f42,0.00019661816751867872,0.0
user_fae5f1e323,0.00039323633503735744,0.0
user_50d7deb89a,0.00019661816751867872,0.0
user_eb50940ecc,0.00019661816751867872,0.0
user_867af78ddb,0.00019661816751867872,0.0
user_f1dd2995ad,0.00019661816751867872,0.0
user_a81b8e42d4,0.0005898545025560362,0.0
user_9e844f38bd,0.00019661816751867872,0.0
user_eb3fa3d610,0.00039323633503735744,0.0
user_5416b33170,0.00019661816751867872,0.0
user_cbb77b9fc9,0.00039323633503735744,0.0
user_4a3f96ef3f,0.00019661816751867872,0.0
user_7513062f5a,0.00019661816751867872,0.0
user_115a48a96c,0.00019661816751867872,0.0
user_ce1890d1d6,0.0005898545025560362,0.0
user_42af0c68dd,0.00039323633503735744,0.0
user_76e0087902,0.00019661816751867872,0.0
user_b84a32cd73,0.00019661816751867872,0.0
user_b25f66d0da,0.00019661816751867872,0.0
user_7ff3c47b42,0.0009830908375933936,0.0
user_299bc27d74,0.0005898545025560362,0.0
user_21dde7efbe,0.00019661816751867872,0.0
user_ebb31af23c,0.00019661816751867872,0.0
user_c0393fbddf,0.00039323633503735744,0.0
user_ecc0ef69da,0.0005898545025560362,0.0
user_12f0e5a596,0.00019661816751867872,0.0
user_46b62c61a8,0.00019661816751867872,0.0
user_65dbc8af26,0.00019661816751867872,0.0
user_df15f35998,0.00039323633503735744,0.0
user_e97e97dc57,0.00019661816751867872,0.0
user_b7f44f9d13,0.0011797090051120724,0.0
user_dd24b3a89d,0.00019661816751867872,0.0
user_5ff6d6ea88,0.00019661816751867872,0.0
user_13690e1579,0.00019661816751867872,0.0
user_e039c62908,0.00039323633503735744,0.0
user_b80b5abbe2,0.00039323633503735744,0.0
user_8e0355f0a9,0.00019661816751867872,0.0
user_9b405bd4ab,0.00019661816751867872,0.0
user_416396787a,0.0007864726700747149,0.0
user_295c9ff0a4,0.00019661816751867872,0.0
user_42ab7ef3ab,0.00039323633503735744,0.0
user_7295233e31,0.00019661816751867872,0.0
user_38254dc392,0.00019661816751867872,0.0
user_ab8dbaace4,0.00019661816751867872,0.0
user_5d28aba645,0.00019661816751867872,0.0
user_b2897cd362,0.00019661816751867872,0.0
user_fa7a6b485e,0.0007864726700747149,0.0
user_84ddaab773,0.00039323633503735744,0.0
user_dfc9ddabe1,0.00039323633503735744,0.0
user_f9d01e72c4,0.00019661816751867872,0.0
user_0e55e9b006,0.00019661816751867872,0.0
user_b076678c44,0.00039323633503735744,0.0
user_0d9a1d4c64,0.00019661816751867872,0.0
user_6d373e97cc,0.00019661816751867872,0.0
user_da1b82e3c5,0.00019661816751867872,0.0
user_d360fab8fb,0.00019661816751867872,0.0
user_4725363d4e,0.00019661816751867872,0.0
user_ff8aa965c7,0.00019661816751867872,0.0
user_cabe652f07,0.00019661816751867872,0.0
user_45dfe80d5c,0.00019661816751867872,0.0
user_ad9c772a28,0.00019661816751867872,0.0
user_14b745169d,0.00019661816751867872,0.0
user_8180bf95e1,0.00019661816751867872,0.0
user_575e596345,0.00019661816751867872,0.0
user_f8c881cbb2,0.0005898545025560362,0.0
user_2b357bde4d,0.00019661816751867872,0.0
user_5b074b5677,0.00039323633503735744,0.0
user_daa7fb4c54,0.00039323633503735744,0.0
user_c8f3080b23,0.00039323633503735744,0.0
user_ddb95e71ed,0.00019661816751867872,0.0
user_c1aab0f202,0.00039323633503735744,0.0
user_d4a32a3fa0,0.00039323633503735744,0.0
user_1b58bbcaf1,0.00019661816751867872,0.0
user_9641e95ed3,0.00019661816751867872,0.0
user_bc5342e414,0.00019661816751867872,0.0
user_60fca4ca92,0.00019661816751867872,0.0
user_ca841b284b,0.00019661816751867872,0.0
user_4f0fa3907f,0.0005898545025560362,0.0
user_59a6550ec2,0.00019661816751867872,0.0
user_83f44e1264,0.00019661816751867872,0.0
user_c95df52bb1,0.00019661816751867872,0.0
user_1c41b4b5e2,0.00019661816751867872,0.0
user_d50486f364,0.0005898545025560362,0.0
user_5180b108c0,0.00039323633503735744,0.0
user_89b10185fb,0.00019661816751867872,0.0
user_9fc06f1013,0.00019661816751867872,0.0
user_f5264b5de0,0.00039323633503735744,0.0
user_09c405b587,0.00019661816751867872,0.0
user_5dd23f2fb2,0.00019661816751867872,0.0
user_135a185749,0.00019661816751867872,0.0
user_d9f0f0641e,0.00039323633503735744,0.0
user_f734a386dd,0.00019661816751867872,0.0
user_43b0e928d6,0.0005898545025560362,0.0
user_5ad9f6cf39,0.00019661816751867872,0.0
user_81e1ad043d,0.00019661816751867872,0.0
user_65214ce752,0.00019661816751867872,0.0
user_c4d0ee7482,0.00019661816751867872,0.0
user_06cc9ac26e,0.0005898545025560362,0.0
user_038d0bd6b1,0.00019661816751867872,0.0
user_d5150b600e,0.00019661816751867872,0.0
user_ed3080bd1d,0.00019661816751867872,0.0
user_1c749fc27e,0.00039323633503735744,0.0
user_9fdc517891,0.00019661816751867872,0.0
user_52bccec13e,0.00019661816751867872,0.0
user_6f77e7b0bc,0.00019661816751867872,0.0
user_922f19a21f,0.00019661816751867872,0.0
user_d112bbf9bd,0.0005898545025560362,0.0
user_21719e9254,0.00019661816751867872,0.0
user_3c6d8d9e11,0.0007864726700747149,0.0
user_bfba0fb338,0.0009830908375933936,0.0
user_2310d396f9,0.00039323633503735744,0.0
user_f6e3c14ad3,0.00019661816751867872,0.0
user_de97d4f64c,0.00039323633503735744,0.0
user_4218bcdf56,0.00019661816751867872,0.0
user_52d5fa11b5,0.00039323633503735744,0.0
user_08dce70c3c,0.00019661816751867872,0.0
user_e11fa0034e,0.00019661816751867872,0.0
user_cd1ac7b573,0.0005898545025560362,0.0
user_aca1332588,0.00039323633503735744,0.0
user_063b564d05,0.0005898545025560362,0.0
user_34c1a1b837,0.00039323633503735744,0.0
user_2295008ace,0.00039323633503735744,0.0
user_bab772f53d,0.00019661816751867872,0.0
user_805052d294,0.00019661816751867872,0.0
user_415ac2917d,0.00039323633503735744,0.0
user_c15cdacb80,0.0005898545025560362,0.0
user_d6bffeafd6,0.00019661816751867872,0.0
user_c5de5725b8,0.00019661816751867872,0.0
user_fcdd0c7514,0.004128981517892253,0.0
user_addb2ff820,0.00019661816751867872,0.0
user_838a9bfaf4,0.00039323633503735744,0.0
user_9d486b6947,0.00019661816751867872,0.0
user_9d07aa1e5a,0.00019661816751867872,0.0
user_629e9d3573,0.00019661816751867872,0.0
user_3a90871ab8,0.00019661816751867872,0.0
user_e406125f98,0.00039323633503735744,0.0
user_217d8c81a9,0.00019661816751867872,0.0
user_dfbe8d73ed,0.0005898545025560362,0.0
user_49d1eceff8,0.0009830908375933936,0.0
user_aa86043333,0.00039323633503735744,0.0
user_f8aeae6888,0.00019661816751867872,0.0
user_a876af337d,0.00019661816751867872,0.0
user_0518498c14,0.00019661816751867872,0.0
user_56ab9687e9,0.0005898545025560362,0.0
user_d3e98f5255,0.00019661816751867872,0.0
user_7a9b88898e,0.00019661816751867872,0.0
user_2551f3bc97,0.00019661816751867872,0.0
user_7df4627353,0.00039323633503735744,0.0
user_d2c3215657,0.00019661816751867872,0.0
user_403f045af0,0.00039323633503735744,0.0
user_c2e302bd8a,0.00019661816751867872,0.0
user_16467d93d7,0.00019661816751867872,0.0
user_5fe3a767a1,0.00019661816751867872,0.0
user_33c734879e,0.0005898545025560362,0.0
user_d895593b77,0.00039323633503735744,0.0
user_912e21f5c1,0.00019661816751867872,0.0
user_8504801751,0.00039323633503735744,0.0
user_8dad200945,0.00019661816751867872,0.0
user_fa65345ee8,0.0005898545025560362,0.0
user_511566e3bd,0.00019661816751867872,0.0
user_289d289001,0.00019661816751867872,0.0
user_63dc88826c,0.00039323633503735744,0.0
user_f431b41203,0.00019661816751867872,0.0
user_69e723fa2f,0.0023594180102241447,0.0
user_8e869a174a,0.00019661816751867872,0.0
user_acd5b9eefa,0.00019661816751867872,0.0
user_a1a4644f4e,0.00039323633503735744,0.0
user_dcc00c5e82,0.00019661816751867872,0.0
user_5e77ea202e,0.0005898545025560362,0.0
user_6ed3ee9395,0.00039323633503735744,0.0
user_2a9c889269,0.00019661816751867872,0.0
user_199c1711bc,0.00019661816751867872,0.0
user_50a5233240,0.00019661816751867872,0.0
user_6c0ef3ae7a,0.00039323633503735744,0.0
user_2bd1a2d8a3,0.00019661816751867872,0.0
user_584a04c9ea,0.00019661816751867872,0.0
user_68b027d1a4,0.0005898545025560362,0.0
user_5fbb3e31be,0.00019661816751867872,0.0
user_adf556a00f,0.0015729453401494297,0.0
user_894db5fafe,0.00019661816751867872,0.0
user_d8461ed5ec,0.00019661816751867872,0.0
user_4adae6151f,0.00019661816751867872,0.0
user_be37cac36f,0.00019661816751867872,0.0
user_0b97d9b6ed,0.00039323633503735744,0.0
user_b8a61f1ce7,0.00019661816751867872,0.0
user_b68658d69e,0.0005898545025560362,0.0
user_c2e351d375,0.00039323633503735744,0.0
user_1fa8d1ab60,0.00019661816751867872,0.0
user_7dde2387cd,0.00039323633503735744,0.0
user_4799fa8fe8,0.00019661816751867872,0.0
user_8e73293f1e,0.00039323633503735744,0.0
user_586596b885,0.00019661816751867872,0.0
user_080b834197,0.00039323633503735744,0.0
user_1ff3737f87,0.00019661816751867872,0.0
user_fbe3372282,0.00019661816751867872,0.0
user_689f21aaa1,0.00019661816751867872,0.0
user_b75dfd38f4,0.00019661816751867872,0.0
user_1ffdce9d84,0.00019661816751867872,0.0
user_4ec98b90fb,0.00019661816751867872,0.0
user_a5bca5726c,0.00019661816751867872,0.0
user_dda18bff46,0.00019661816751867872,0.0
user_be94b4b453,0.00019661816751867872,0.0
user_2458bc1ea6,0.00019661816751867872,0.0
user_245989b71a,0.00039323633503735744,0.0
user_d4ca5955fe,0.00039323633503735744,0.0
user_0d1348dc52,0.00019661816751867872,0.0
user_52ad8a9962,0.00019661816751867872,0.0
user_6c9564adab,0.00019661816751867872,0.0
user_d21aaa47f9,0.00019661816751867872,0.0
user_f6c5502d46,0.00019661816751867872,0.0
user_34ddf74dbe,0.00019661816751867872,0.0
user_43cf1eb426,0.0005898545025560362,0.0
user_fa6d9e0115,0.00019661816751867872,0.0
user_251c584566,0.00019661816751867872,0.0
user_6afce36f1a,0.00039323633503735744,0.0
user_afa6df4102,0.00019661816751867872,0.0
user_b6618a1edc,0.00019661816751867872,0.0
user_54281b2ec6,0.00019661816751867872,0.0
user_27d4ae1241,0.00019661816751867872,0.0
user_3044df183d,0.00019661816751867872,0.0
user_536828b03b,0.0009830908375933936,0.0
user_4f516a030a,0.00019661816751867872,0.0
user_65dd76db93,0.00019661816751867872,0.0
user_d4e41e10d6,0.00039323633503735744,0.0
user_11972610d4,0.0011797090051120724,0.0
user_3ff05cc98e,0.00019661816751867872,0.0
user_5bae8a159e,0.00019661816751867872,0.0
user_91cb45931e,0.00039323633503735744,0.0
user_b8ca8c8a51,0.00019661816751867872,0.0
user_04f6824edd,0.0007864726700747149,0.0
user_fc2ae11d4f,0.00019661816751867872,0.0
user_19e248de6a,0.0005898545025560362,0.0
user_548dd03f63,0.00039323633503735744,0.0
user_4e1a62246d,0.00019661816751867872,0.0
user_cf0f66c4ff,0.00019661816751867872,0.0
user_722a0e7b6a,0.00019661816751867872,0.0
user_ddcaad5c12,0.00039323633503735744,0.0
user_68e3daa2a4,0.00019661816751867872,0.0
user_b50dc1fc27,0.00039323633503735744,0.0
user_2457bacb7a,0.00019661816751867872,0.0
user_671fc77c8d,0.00039323633503735744,0.0
user_4c0e866521,0.00019661816751867872,0.0
user_a6803e3f85,0.00039323633503735744,0.0
user_d75b30fbc4,0.0005898545025560362,0.0
user_3930a17343,0.00039323633503735744,0.0
user_9c3de37205,0.00019661816751867872,0.0
user_aaad1afeb5,0.00019661816751867872,0.0
user_4c91892082,0.00019661816751867872,0.0
user_ffc29c8475,0.00039323633503735744,0.0
user_d9209fe8e9,0.00039323633503735744,0.0
user_a9d9f17f01,0.00019661816751867872,0.0
user_fa3e9d9e90,0.003342508847817538,0.0
user_d240f176ae,0.00019661816751867872,0.0
user_7801cc9747,0.00019661816751867872,0.0
user_56c3b7c48f,0.00019661816751867872,0.0
