user,community_id,in_largest_component
user_0904139047,0,False
user_692337a1f7,0,False
user_76c3fc6c0e,1,True
user_ad4510ad4f,2,True
user_25a773bc82,3,True
user_09fbbe2cb6,3,True
user_23880e8d0d,4,True
user_6c31c89839,4,True
user_ed5d1f34f3,5,True
user_a24a0ad89b,6,True
user_a5ef9f385c,6,True
user_088a3676b2,7,True
user_217f6cd0fa,7,True
user_e5508cbcee,8,True
user_97caf21091,8,True
user_0fac6e5c39,3,True
user_f08870162c,9,True
user_d623540eb2,9,True
user_36d0af555f,8,True
user_b53fb33de8,10,True
user_5f94992093,11,True
user_9177dc66ec,11,True
user_9fc4600b66,12,True
user_7e295b90f9,12,True
user_5001758eaf,13,True
user_11ab64ecd6,13,True
user_4e5a3b741a,8,True
user_23cd6d0b1d,14,False
user_a270032826,14,False
user_d2bf0b5716,5,True
user_a509273051,15,True
user_fa75833bef,15,True
user_75d8747996,8,True
user_b1240335ed,15,True
user_a6395e54fd,2,True
user_04f73017e2,8,True
user_8ed791a117,8,True
user_b39e394aa8,16,False
user_15837909ed,16,False
user_e6e2681ddd,17,False
user_a8d4b6d80e,17,False
user_fa1a6e486c,8,True
user_c890685908,8,True
user_bf3c649255,2,True
user_f1fc9d2a3e,8,True
user_fa97d31633,8,True
user_50baa6d3b3,18,False
user_acb92294d0,18,False
user_ee604a6c84,19,False
user_023ecc4dd1,19,False
user_b3fb033f33,20,False
user_6999be3f0e,20,False
user_e8098fb94c,21,True
user_4f5e825254,21,True
user_cfedb3ab62,8,True
user_8522ec509f,8,True
user_5ad809d4e7,8,True
user_45b890c30a,22,False
user_d8c422406e,22,False
user_ee85b005d1,3,True
user_0afebd4a6e,8,True
user_7bea40d23f,23,True
user_85c6682ab9,23,True
user_fc082d453f,13,True
user_16b8f29e09,8,True
user_f490672f51,8,True
user_fe69e31ca8,18,False
user_16b21062a0,15,True
user_65ab4d9ca0,7,True
user_84a8988f1e,7,True
user_562e387425,8,True
user_343fb4bef4,8,True
user_a4463ae335,24,False
user_7cda5a193f,24,False
user_2b988b95bf,3,True
user_ffd4c21eb1,8,True
user_d173395b9f,3,True
user_5330c768f1,3,True
user_08dc23cbb8,3,True
user_a776881902,8,True
user_9c49725bbd,25,False
user_db5d927a62,25,False
user_cc7950f4c5,25,False
user_4099e2de43,26,False
user_ba47788550,26,False
user_68e03b4ffd,27,True
user_8a1d1b39f2,27,True
user_cc3e2e77a7,3,True
user_c26db810b1,3,True
user_457b1ab443,25,False
user_7085bc9b57,27,True
user_27d79c40f7,27,True
user_f4b2b257e6,3,True
user_06924089f3,28,False
user_d63d1801e5,28,False
user_1d713fecd7,3,True
user_28b9e68a7f,3,True
user_265ef130ed,29,False
user_366dcafe15,29,False
user_7326350107,30,False
user_e20a38ce90,30,False
user_faedc04e2c,31,True
user_181e30ae7d,31,True
user_355ab17516,32,False
user_f53fa83a1a,32,False
user_683266d754,33,True
user_157b6ed505,33,True
user_1cb4300220,34,False
user_97f9f43f52,34,False
user_72aa543f13,63,True
user_d732e218f2,63,True
user_32d3656c72,3,True
user_63adb678ae,63,True
user_0f86ff156a,63,True
user_3bd0806808,63,True
user_5dc97d06af,63,True
user_c4db40548c,11,True
user_1739c4a39e,11,True
user_ebae3e2740,63,True
user_d043d78525,3,True
user_6dc32fdc93,3,True
user_83ba9efb38,36,True
user_bf17ec2ae8,36,True
user_a56a827c47,37,True
user_a8d8ef8083,7,True
user_72e0e3dc23,5,True
user_fa19360455,36,True
user_1901d10e57,38,True
user_8fcd03ed3e,63,True
user_7f2fdc0005,63,True
user_1db29f50b1,63,True
user_2aa1505cfc,3,True
user_af9078f8b4,36,True
user_c2c6d9dbc9,39,True
user_8990aaf91a,39,True
user_59c933650c,40,True
user_46c06e31d0,3,True
user_2033dc94fe,38,True
user_aa11963b0f,63,True
user_0f2c77cec0,41,True
user_7d639b2d8a,2,True
user_2791ff2c23,36,True
user_e0b7b20e01,63,True
user_f405a3f6bb,63,True
user_24af08c3e5,3,True
user_f33574cc00,39,True
user_9598dae70b,39,True
user_850e183ea3,42,True
user_7929376519,36,True
user_9ec76631f5,43,False
user_48a6a2b656,43,False
user_3203c8acdb,33,True
user_decab3988f,33,True
user_7d9f4a1b3a,63,True
user_d163d95ea1,11,True
user_f666070755,11,True
user_50383b8ee3,23,True
user_2fd4ec01aa,44,True
user_3481a662c1,7,True
user_da7868be57,7,True
user_b42fbef8f0,45,False
user_24e47c0b91,45,False
user_05e05e3963,5,True
user_ef8b69e597,46,True
user_30e9b7e097,47,False
user_36b85a0e8b,47,False
user_dc326cfa40,48,True
user_c4265584a8,27,True
user_85618638b3,27,True
user_19d0ac176e,38,True
user_14aa854a02,36,True
user_b83d9eb601,5,True
user_98be819794,49,False
user_709761192f,49,False
user_1e5608e492,39,True
user_acde28434c,39,True
user_47410ccd2d,63,True
user_07600cb5ee,38,True
user_dd16a7947d,11,True
user_6604e43ffd,5,True
user_160a92da1d,63,True
user_2ecf1150bd,39,True
user_4ae8289179,39,True
user_afa3783ef9,39,True
user_d5285162fd,50,False
user_3a59d385c0,50,False
user_4e663d6f59,51,True
user_9fb44d02c8,51,True
user_c9b22e7c54,63,True
user_867af78ddb,41,True
user_90b60460b6,41,True
user_a9663230a5,51,True
user_22113aa135,63,True
user_70bd51410a,51,True
user_6b5be71085,63,True
user_4a2a3f2176,5,True
user_a2f0411932,51,True
user_cd7bd7c6b2,15,True
user_8a7bf4b62d,38,True
user_2b422ec9d3,4,True
user_6681b02b5e,11,True
user_362c73d9b1,52,False
user_f9bb36ac86,52,False
user_04e6407de3,53,True
user_256a2431ea,53,True
user_830844b2bb,41,True
user_ca1e4619ee,3,True
user_b4457377ff,3,True
user_55e9739095,3,True
user_f08c93c97b,39,True
user_097638af0b,39,True
user_fe0447b3de,4,True
user_a99640c79a,4,True
user_ce8735cf7f,37,True
user_3cd3e943ac,12,True
user_150ce96a30,12,True
user_2c87842b52,12,True
user_bd1c7ebeef,12,True
user_08cf1be08e,54,True
user_b562dde0ab,54,True
user_9664934f28,12,True
user_610f4a94a2,12,True
user_bffc7495fe,3,True
user_2c840011e0,3,True
user_9e19cf9e30,55,True
user_c14d354438,46,True
user_4030820ab3,41,True
user_227d48eef6,41,True
user_06dda564ca,33,True
user_4cf771abcb,56,True
user_4954acbf57,3,True
user_a2228da28f,8,True
user_2efa9c2655,8,True
user_13e8543fba,57,True
user_c0036e9faa,57,True
user_7e07c3d12b,58,False
user_8decffa656,58,False
user_cecbad8f38,59,False
user_639eb94def,59,False
user_2a03219b12,63,True
user_ef2ddbae3b,60,False
user_3a5e63b76c,60,False
user_869d17ade1,61,False
user_5d2114dbff,61,False
user_13fa898692,23,True
user_32fd69deab,62,True
user_18a63876c9,62,True
user_b622a3f054,3,True
user_15bb922992,63,True
user_f472363d35,63,True
user_f881456a7f,3,True
user_2a7be791f3,46,True
user_92653454c4,46,True
user_8693f98135,4,True
user_d5f4bf1953,4,True
user_70b94eab58,13,True
user_c0fcefbb3a,13,True
user_4ded225821,63,True
user_2102890bc0,3,True
user_12d1092da4,4,True
user_5e1cb93980,64,False
user_325b38419d,64,False
user_8df6f28a42,21,True
user_a75a19abb0,21,True
user_b39ea9646c,53,True
user_bca6b2ffda,3,True
user_04861bfad4,65,False
user_f45e507f18,65,False
user_27a8db8bb7,66,False
user_f1fd5ff155,66,False
user_d4288f825b,12,True
user_9a27044c51,12,True
user_b35e7ec212,41,True
user_887a565920,41,True
user_8a3c64f9a5,67,False
user_6f6ca3ac2a,67,False
user_334027d70b,23,True
user_77f5c9eb48,23,True
user_ee9828b16a,68,False
user_0140087839,68,False
user_4993445512,69,False
user_eb27e4528e,69,False
user_1000ac9385,70,False
user_1c65f2a2dc,70,False
user_9ea098fe09,4,True
user_da96253a08,71,False
user_4c7a345baa,71,False
user_fc42023745,72,False
user_ba4127d7a1,72,False
user_0607b351ac,27,True
user_7f5b78c3eb,27,True
user_7db19b57ba,41,True
user_0440b9bada,70,False
user_64fb5f73bd,53,True
user_61ff4eddd5,41,True
user_d97d866bda,41,True
user_2dbe877eea,39,True
user_10b4455b93,41,True
user_87bac5ddc7,73,False
user_7005d248a2,73,False
user_e42e73bb58,74,False
user_40fdc93d58,74,False
user_93fa4e2a1b,37,True
user_1d076905eb,37,True
user_0a404159f1,2,True
user_e0752097e8,7,True
user_6b257111fb,75,True
user_d2ff184b63,75,True
user_2dc08fd103,76,True
user_86a09a72d4,76,True
user_9f60fc254e,57,True
user_4a327284be,57,True
user_7a580cc52c,38,True
user_09006c9f74,77,False
user_1355d4b36e,77,False
user_15bdfda2eb,75,True
user_c8cc6fb8fd,78,True
user_43a53c2bbd,78,True
user_9261618617,79,True
user_a45fb6a539,79,True
user_e9f1285249,9,True
user_03bb625fc8,9,True
user_ea190c382b,14,False
user_fd98318c12,79,True
user_2e15d88045,79,True
user_f025c24443,23,True
user_a2dc52ffcb,23,True
user_33aa44438c,36,True
user_d3a6ad2d1f,3,True
user_a55e221b75,80,True
user_f5e964741d,80,True
user_74226adb66,81,True
user_3c0db2e638,81,True
user_e637be5846,36,True
user_daf7c75877,79,True
user_047fd8d922,79,True
user_64a75722a8,75,True
user_9c87bccf29,75,True
user_ccfebd3bc3,3,True
user_171b3b135a,3,True
user_b0e1847641,9,True
user_695f64d58a,9,True
user_7669af0045,76,True
user_be4634c8e7,76,True
user_cf66657cba,82,False
user_7d8bf652ee,82,False
user_80b88bff76,83,False
user_d5d01d1dd4,83,False
user_156aee79a4,84,False
user_0f0b3daf07,84,False
user_69e116c5e9,15,True
user_2dd7b035f9,85,False
user_a56aae9f45,85,False
user_f6c5502d46,39,True
user_4eb50b8e02,86,False
user_0761a51b76,86,False
user_16a3395d08,79,True
user_56126d54b3,15,True
user_d7b4240f75,75,True
user_c41a498a5b,9,True
user_05a6dc38c0,3,True
user_309b1298d2,9,True
user_a3bb2a6af7,9,True
user_4a18e5fbf3,9,True
user_aa86043333,80,True
user_4e9a3f8e74,80,True
user_8d0a79aace,81,True
user_ab4c76082d,48,True
user_3523bcd8a2,48,True
user_c431506271,41,True
user_47940632c7,9,True
user_8e5dc93dee,87,True
user_37ba782881,87,True
user_5498f881af,79,True
user_16ad3b49ba,88,False
user_1b0338b78e,88,False
user_7d9a02135e,79,True
user_95f6a57fba,89,False
user_80a686327b,89,False
user_7927feeac0,90,True
user_dcb9c6641c,90,True
user_c1e57e5977,9,True
user_702521f696,9,True
user_75c4c26947,9,True
user_f9b096eb2e,91,True
user_a3198d7ff9,79,True
user_a3886c4d65,79,True
user_e54bcf0383,79,True
user_a4d2a9d534,79,True
user_26a829c94c,81,True
user_23ce124064,81,True
user_19ed266316,55,True
user_aaee4fbbb3,55,True
user_e914dc9093,79,True
user_2af4a0e084,92,False
user_a567c41e17,92,False
user_e889483bb1,79,True
user_c37020d4c6,93,False
user_35892b4555,93,False
user_41a565aa73,79,True
user_d294206070,94,False
user_ec856999d7,94,False
user_3dce2af00d,79,True
user_f665d75e2a,42,True
user_35a09b1daa,42,True
user_4338b71b14,62,True
user_1b23c6fb6d,62,True
user_fed281ee69,75,True
user_2a8c1f3e1e,75,True
user_4af987da29,62,True
user_5a55d2dea5,62,True
user_b70fbc3c09,95,False
user_1c2c24e855,95,False
user_b44c6ec971,62,True
user_9ccb246db7,79,True
user_2de5f8d506,96,False
user_4e453d8fe8,96,False
user_4c71cfdbd3,8,True
user_8c42a33b1c,81,True
user_171feb4bf7,27,True
user_63664a20f4,62,True
user_59f6cbdc4e,63,True
user_3d533abe83,75,True
user_6848cb073e,90,True
user_cee72a67b0,90,True
user_9b8d8c024c,41,True
user_f5ea1a428a,41,True
user_9325139d5e,75,True
user_80b72cc209,97,False
user_5c49948a26,97,False
user_d8bbc8b769,3,True
user_e837010ee5,3,True
user_1117a52e81,91,True
user_1e568071cc,91,True
user_37bc3e6768,21,True
user_1301e430ec,79,True
user_52df37f1e4,79,True
user_44eda86a1b,62,True
user_777adc59a8,75,True
user_0a4fab40a2,75,True
user_156dff360e,8,True
user_e5fd9aeeea,62,True
user_88b9615b35,98,False
user_170af799a1,98,False
user_8217aca15c,99,True
user_5556f74fb6,99,True
user_c62e1c1c1f,21,True
user_8f85e99b64,75,True
user_e2555f8dba,78,True
user_75f1ce8883,78,True
user_6a6545efc3,100,False
user_c634c2321f,100,False
user_82ceaee521,91,True
user_94add40ed3,8,True
user_37e64be49f,79,True
user_34566a1bfe,101,False
user_b9b74fd009,101,False
user_d125126a99,75,True
user_cd16130453,102,False
user_5d1a6ea359,102,False
user_700ddecdab,62,True
user_72ffeac194,56,True
user_790d70ede3,56,True
user_9269e2a06f,103,False
user_cb09cfbf72,103,False
user_5d232e21e5,8,True
user_24bf643437,62,True
user_ed3d7c1f11,87,True
user_e8382cf234,87,True
user_a3f93d5b0d,40,True
user_7b815d7d44,104,False
user_ba01d72d55,104,False
user_ec318f3d53,3,True
user_174468951b,105,False
user_697306aedb,105,False
user_424c9a4a96,62,True
user_7e30c6b0fd,106,False
user_999f88dcb4,106,False
user_714467fa19,87,True
user_9c61647337,87,True
user_07a08b87c7,75,True
user_4de7f39679,4,True
user_9b5fcec671,91,True
user_7aa3c60b2c,104,False
user_1250d2f550,107,False
user_15a626586c,107,False
user_5dad48baa3,75,True
user_fd9fa2a685,108,False
user_ab2a8dac74,108,False
user_bd7ba27a4d,8,True
user_a3875344a8,91,True
user_8b17a8bc04,15,True
user_c0ca70478c,109,False
user_ddcb47a2fb,109,False
user_3c8251f424,27,True
user_9b5986beb8,27,True
user_1a9d1395b5,75,True
user_8dc9d7d31b,75,True
user_cf93e83728,110,False
user_07515dd506,110,False
user_17ba86e305,111,False
user_c73d1aa602,111,False
user_788b12fb9b,112,False
user_465a3579db,112,False
user_42c16b5810,91,True
user_378343a6d4,8,True
user_ca3c6663c0,113,False
user_269a84eede,113,False
user_70b7db4fe8,75,True
user_bd415eac99,3,True
user_8860b20b32,3,True
user_3bd54ee7b1,8,True
user_844f92943f,114,False
user_6987b1f15c,114,False
user_cf187f4014,75,True
user_36c34ea398,95,False
user_ca25ce5aaf,115,False
user_f43aea1e2a,115,False
user_624d9388ca,116,True
user_d73e2e1c5c,116,True
user_60b7ab8d70,41,True
user_c03f0623e4,75,True
user_8b467d5866,117,False
user_a816508de7,117,False
user_433aaea094,39,True
user_1780bce50b,4,True
user_6361a233b1,4,True
user_041e1f8363,76,True
user_33290cf492,91,True
user_5192f37ba1,118,False
user_9e1684322d,118,False
user_35869bbdef,3,True
user_3a62debeec,27,True
user_94e939d668,27,True
user_aa3f28b112,15,True
user_4d0bdaa3cd,15,True
user_fafa817423,119,False
user_a49469e7df,119,False
user_ab6f3864f4,4,True
user_a456f49e69,91,True
user_dde4fe8c42,7,True
user_4b49989160,76,True
user_135a62deef,4,True
user_30631dea3b,120,False
user_596f9455f4,120,False
user_3a85b312e9,76,True
user_530fb596f6,121,False
user_81914dc380,121,False
user_455ca97c43,122,False
user_89485a0223,122,False
user_f5504229a4,7,True
user_8d5b6ca663,87,True
user_e01716ad0f,87,True
user_762da0a7aa,87,True
user_31e0514db1,99,True
user_1d9b5bd948,40,True
user_747237ac52,81,True
user_8fa81ade6a,40,True
user_6a05df5002,90,True
user_6d25ca4212,7,True
user_5f8df8b1d0,46,True
user_f03d16337f,46,True
user_7ad85ecd25,123,False
user_4d6ea736b4,123,False
user_7929830bfb,4,True
user_a085e2b4b0,124,False
user_0a638143d0,124,False
user_2dda417b7c,37,True
user_5e426e74d8,37,True
user_a5d68cd4fe,46,True
user_5393904ffb,46,True
user_50c303c97f,2,True
user_c5a3796b41,2,True
user_8268a8792b,79,True
user_5a0cb65681,40,True
user_7f310fd434,40,True
user_4491d1034d,125,False
user_40fe3c84ac,125,False
user_cec9da45f6,27,True
user_b7587dd9ef,40,True
user_3d818b15e9,62,True
user_1f3609f61a,62,True
user_fc434b2528,40,True
user_33004046b3,91,True
user_e3e53fbca7,46,True
user_39dec5bb8c,2,True
user_8c97738e65,2,True
user_4299ff99b0,46,True
user_9ec85cff3b,1,True
user_9cf7d0264d,1,True
user_2723a03911,90,True
user_319d647c1a,7,True
user_7ad5329e58,40,True
user_abbb2bbf8b,46,True
user_58554cfc02,46,True
user_fcca731ff7,117,False
user_98ded617a9,3,True
user_da9757b622,40,True
user_90c03902aa,7,True
user_09bf8ca0ae,55,True
user_b2a7d79e52,7,True
user_005979d509,40,True
user_cbf2528834,40,True
user_f75d221925,87,True
user_d0a03a2286,127,False
user_25b36c8be0,127,False
user_61c1836915,7,True
user_3a8dbed7f5,8,True
user_46056b0b8b,90,True
user_1d2b6ce82b,117,False
user_e53cd5e13c,3,True
user_77e525f425,7,True
user_a1ea7bdb54,7,True
user_666bd85ac4,15,True
user_f72b8a2d18,8,True
user_c9b819fb65,8,True
user_e4e233daef,38,True
user_a7c2659b7b,1,True
user_e793ad70cb,40,True
user_b2aee3dadb,7,True
user_43088ea08d,7,True
user_57855d6de8,7,True
user_262ed8f561,128,False
user_f3baf9e6e2,128,False
user_9655581927,128,False
user_a5fa3801e3,128,False
user_25e8325dcf,23,True
user_9ceca36fc2,23,True
user_d3ccec15d2,3,True
user_c20651230d,78,True
user_d6101fe2db,78,True
user_b85c1c4ed0,129,False
user_e44c8b62f9,129,False
user_c9f007c0cb,130,True
user_b4ea7ebdb7,130,True
user_298fa43a62,4,True
user_3136859850,23,True
user_b497548612,23,True
user_94002b672b,23,True
user_c13b6d0043,131,False
user_ce3d6c5093,131,False
user_6dd90348e1,90,True
user_9696e35bdc,90,True
user_b3895914e6,4,True
user_dfb33668c6,132,False
user_e66ab5b1b3,132,False
user_37c2489717,57,True
user_98e6672af7,57,True
user_4f2ea057b2,23,True
user_7655da60af,23,True
user_b2fcfdb8e3,23,True
user_df3e2e4676,133,False
user_f727dd2bee,133,False
user_612e54496f,4,True
user_503e8a73ff,23,True
user_bdad2912b9,130,True
user_346acb8a98,134,False
user_061524cfb1,134,False
user_a02434a408,4,True
user_7b35929932,23,True
user_3fa5497a98,23,True
user_4c9e42a95c,8,True
user_ca8b7e5222,23,True
user_71c5cd5408,3,True
user_6b30cd3e10,4,True
user_176cb85056,51,True
user_8d6c572259,51,True
user_38040ffc80,11,True
user_888e15e2c3,78,True
user_6ff60a5728,56,True
user_c2f397d4f0,56,True
user_1b19ae2713,23,True
user_28db04b989,135,False
user_588549fd45,135,False
user_4a66a23e59,51,True
user_3b282e57e8,78,True
user_e1a4656d99,7,True
user_f4d7d37e98,11,True
user_7359ef208f,4,True
user_bb55c0d179,33,True
user_95273aac9e,78,True
user_bbda239a46,130,True
user_1c84ee3c41,23,True
user_9a7efa088b,23,True
user_faed976d45,23,True
user_612f1462e2,23,True
user_0867c8ca8e,56,True
user_b53c8d8ced,13,True
user_6864eedb2d,13,True
user_3c6d8d9e11,78,True
user_b931edb689,23,True
user_08cfef89da,23,True
user_8fe1e900ee,23,True
user_fbea69e0f3,13,True
user_7e751d773b,13,True
user_ee5c6de939,56,True
user_73b1deeb3b,56,True
user_bf98b07525,78,True
user_25d4778c39,23,True
user_472b1dcb49,23,True
user_394286c4d0,51,True
user_82006dcb4e,56,True
user_58379fd911,51,True
user_6aecfa6044,51,True
user_0b891b705b,4,True
user_23a8a76ac8,8,True
user_338ba15378,55,True
user_ea64af7756,136,False
user_9975cf02c8,136,False
user_e7873225fe,137,False
user_a0ad4b8790,137,False
user_8e148d2d19,51,True
user_c1416aca57,39,True
user_49231fc02e,130,True
user_398c4e5007,87,True
user_94c3db360b,87,True
user_0fe3fbe947,138,True
user_f021cd0c2c,138,True
user_43981776de,139,False
user_4944c1a9ef,139,False
user_23f6de9475,3,True
user_9070670eb2,27,True
user_9ffe1c8922,99,True
user_17372470f3,99,True
user_2a3d75fe10,140,True
user_39f63c20fb,140,True
user_96ceecc55a,81,True
user_e95cc8353d,141,False
user_5c1ac25b92,141,False
user_9725bdf87d,79,True
user_8b748bf769,79,True
user_3208b821a8,130,True
user_7575261037,140,True
user_91a7729981,140,True
user_b277870ee7,8,True
user_d59de6ed5d,2,True
user_48397e082d,27,True
user_3754c58523,27,True
user_08960aaf72,51,True
user_7cae0d7f9e,51,True
user_0fee007a91,75,True
user_6c112fd43b,63,True
user_d182b81ffe,63,True
user_d69c22bad8,142,True
user_6260c7936e,142,True
user_4fbdce7e2f,63,True
user_e8ddf585ea,97,False
user_a4ae3f902a,56,True
user_6b5ecf936d,40,True
user_cba7f7bea2,138,True
user_1fe148b024,138,True
user_24dc1710f7,8,True
user_624db05ba1,138,True
user_c279fefa56,75,True
user_d40f7526eb,142,True
user_40fa97adfd,90,True
user_bb92cb3e43,90,True
user_d59dd11a31,130,True
user_01c9f36758,143,False
user_0781edab50,143,False
user_df26a1b679,75,True
user_787b511143,130,True
user_f113c5ff5d,130,True
user_d41f4fa62f,13,True
user_f9d955323c,37,True
user_5e1ad87ec0,37,True
user_c777ae1a17,144,False
user_82960e79d4,144,False
user_6226f1a3e1,75,True
user_871efc1d8f,27,True
user_055abe17bb,8,True
user_0093de23af,130,True
user_dc3ea94b78,130,True
user_0de2a80141,27,True
user_0c527f002f,27,True
user_99fd8ce6a3,145,False
user_2d0206782a,145,False
user_a812d30ef4,27,True
user_2163c07394,3,True
user_efb6133413,7,True
user_72e04008a8,146,False
user_41befa0f72,146,False
user_afb3999f35,135,False
user_0a23ba3dab,147,False
user_fc9b61b4cb,147,False
user_e37e5eb6ce,144,False
user_3e7da21c19,130,True
user_3671056e51,130,True
user_0ee79381d8,2,True
user_28416dbe7e,148,False
user_c90b273804,148,False
user_4231bd2ab9,149,False
user_57e42b0de1,149,False
user_54bc743440,23,True
user_5a89a4a783,150,False
user_86012705d4,150,False
user_3888f1496c,117,False
user_150ea21c8a,151,False
user_91c673d2f6,151,False
user_4cc7b5256d,63,True
user_39b1f88b99,75,True
user_bea4ad291d,75,True
user_4a9fe97f33,75,True
user_951f781062,8,True
user_1b3c9b3f9f,2,True
user_1453509761,3,True
user_ec59d6d405,3,True
user_571a643e32,75,True
user_58a042e81a,152,False
user_5bc0d9fac0,152,False
user_81039cbe75,4,True
user_9b85d5a107,8,True
user_0314062974,8,True
user_7e4cc9d4f3,153,False
user_c335447c17,153,False
user_00eb2934a7,40,True
user_a3ce2cea4d,3,True
user_9a05ff7dc5,3,True
user_6d628ecf08,40,True
user_ebabe665ac,40,True
user_a2ccfa2419,130,True
user_425b5ddeb8,130,True
user_92522cb7db,129,False
user_fe6a4e4413,8,True
user_9d65195d9b,27,True
user_872e7e327e,31,True
user_c41b4845d5,40,True
user_e8b5bd7bfc,40,True
user_ec5abea857,27,True
user_b8f42b1ff7,44,True
user_bcaa03ea29,149,False
user_400371a24a,9,True
user_7abb398ba7,40,True
user_6ff1bb1ec8,130,True
user_9efcb5d7a1,154,False
user_332595efa6,154,False
user_3d05397515,27,True
user_b4fb45617a,27,True
user_306b530b6a,155,False
user_b9cb222cf9,155,False
user_a236eb4512,140,True
user_d66dba5e60,138,True
user_19db82fa86,2,True
user_17605d89ab,40,True
user_71f6dbe0f8,8,True
user_5bcc8dd1b0,40,True
user_2c31f5a26e,156,False
user_581e8a10e4,156,False
user_2af063d97e,99,True
user_4448b3a8b5,8,True
user_3f5bd081b1,7,True
user_26ae7d599f,7,True
user_58387f61fa,149,False
user_3e60079596,75,True
user_2d1660ec11,99,True
user_72d16f27e6,157,False
user_e8b6638f03,157,False
user_e32a2e7e02,158,False
user_9e605cedbe,158,False
user_e33a5cad21,116,True
user_528aff8783,116,True
user_cf16e4e30a,75,True
user_c925c90e45,75,True
user_340b3a9bf6,75,True
user_a22cd7308b,75,True
user_04f6824edd,138,True
user_fcbb8a6df1,99,True
user_7411d2b14d,39,True
user_6363ea831f,8,True
user_46f980db4b,23,True
user_eb779a5827,23,True
user_c8aa62ab8b,75,True
user_f05b4ae6ac,40,True
user_e8aff4a228,78,True
user_1fa51ad2bb,40,True
user_8969b4dbdc,37,True
user_10c1635302,99,True
user_867c219dd5,116,True
user_d9c4d5054c,3,True
user_dab8984d96,48,True
user_753e2e85a6,48,True
user_ff8cedf26c,159,False
user_a66c7203e7,159,False
user_30b33f3222,142,True
user_231e6c253d,51,True
user_136ee08c94,51,True
user_bf21e426ca,8,True
user_e3df9b4b1a,57,True
user_aac41a4c44,40,True
user_6837ac798c,3,True
user_69b35b8f50,160,False
user_e17d7b48a7,160,False
user_44bc4e68f1,13,True
user_f69829bc83,48,True
user_e452b6495d,48,True
user_4c6eb7977f,75,True
user_5ad7ce9ab5,130,True
user_bf037eeb9a,48,True
user_ebdbf4fea7,161,False
user_02d9b8cb28,161,False
user_3be6fd6d67,8,True
user_aa2be3c650,80,True
user_ebd7d97222,40,True
user_64a3717d5a,12,True
user_83dcfc068f,12,True
user_b99b7110da,15,True
user_e024fc7b89,15,True
user_336a20dbb1,1,True
user_da6c22225b,116,True
user_35c399b5fe,116,True
user_4358de52ff,15,True
user_daa8b1acad,46,True
user_9fc7d49c91,9,True
user_b594910917,9,True
user_10d7de7333,81,True
user_95ffbc3513,23,True
user_bf50cf1102,23,True
user_51f0139d93,162,False
user_8dacdeaa0e,162,False
user_c62ec22f9e,163,False
user_0669ccb80f,163,False
user_4126b49be3,116,True
user_82e6c5d996,3,True
user_d516c683d5,3,True
user_f3a265f54f,57,True
user_b58ebc2d6b,57,True
user_3b1c74bf13,164,False
user_28b0e9f15b,164,False
user_9a1240bb22,7,True
user_6f8394ca1e,81,True
user_d5993eaa31,81,True
user_da3de8bb91,165,False
user_76d6f6fd87,165,False
user_8bc4ca3583,166,False
user_d4c82a133d,166,False
user_940926151e,167,False
user_8f5b640941,167,False
user_893d929d95,165,False
user_4dbab28edb,168,False
user_dc032f1b63,168,False
user_fb5c1ec136,81,True
user_f88e621caf,15,True
user_02b9b6e86a,169,False
user_a4b8210d6f,169,False
user_6efac1daaf,4,True
user_e37d1c1a5b,142,True
user_dbbb35546b,15,True
user_82d7cd75b8,23,True
user_0aaa01190f,80,True
user_7e21cd951d,40,True
user_933cd5f806,7,True
user_54e63fba60,3,True
user_e2938c1b49,15,True
user_67bfe6a550,44,True
user_a944b5c68b,3,True
user_6ba0692af0,170,False
user_fef5587e69,170,False
user_66e9d15dc1,15,True
user_96ae4f0e34,15,True
user_8783c16d80,166,False
user_c217a00fd0,8,True
user_49828fc94a,87,True
user_a513750592,87,True
user_3c712d16f0,4,True
user_9d4e498d33,171,False
user_4125ce0061,171,False
user_efdf6d0c90,7,True
user_205bc4879c,165,False
user_959a4d2094,81,True
user_d6c8e889e2,116,True
user_cac4af8432,3,True
user_420b6d31dd,3,True
user_4c4c3b99a2,81,True
user_9c27bd4643,7,True
user_50531390ef,37,True
user_d1fd57b750,15,True
user_01d67ff23c,8,True
user_6882ce4759,8,True
user_093d3c0b74,46,True
user_b47a1f1c3c,172,False
user_9fa356ecea,172,False
user_fae0c3e89c,2,True
user_b2f119f509,81,True
user_06546ca3d3,81,True
user_d25104cbb1,4,True
user_888f11219f,7,True
user_c64429c1ff,40,True
user_3bafabcb68,142,True
user_fe9b4a10f6,142,True
user_8c5fd3599c,80,True
user_771ccfe47d,80,True
user_9e95e2be86,173,False
user_a542708ecd,173,False
user_4cff786840,174,False
user_de830994bc,174,False
user_40db45ee7e,23,True
user_c8c05bdd6a,23,True
user_385c098dae,15,True
user_f8a6242cb3,90,True
user_5ac9611066,90,True
user_2f231c8a61,63,True
user_1ac307a134,63,True
user_0c0951724b,175,False
user_e0d99bce03,175,False
user_f7ff32d690,11,True
user_68a8fd9621,11,True
user_f6d3efb1c3,55,True
user_b3bc6b1157,55,True
user_21cfef646a,80,True
user_7a5bc5bd9f,80,True
user_32031c9731,46,True
user_acebe2a6bf,15,True
user_f2a5aa0deb,176,False
user_91a641686a,176,False
user_f82a54f718,177,False
user_e903ccf3fb,177,False
user_c1cd7d037a,87,True
user_c56d2b6b1f,55,True
user_3311098cc0,15,True
user_657698c2ea,15,True
user_4d09e97210,90,True
user_efb04a00ef,90,True
user_f53d449bdb,15,True
user_cd2e6d500e,55,True
user_f7ea4375cd,56,True
user_dbdcad3215,178,False
user_b0bed35319,178,False
user_dc56d41a1a,15,True
user_1b29b6bed9,15,True
user_a7a34c7854,55,True
user_dabcd38280,87,True
user_ab12a0a4b2,87,True
user_a6a9eeb846,63,True
user_a63fa8e343,15,True
user_db796921c8,15,True
user_49dc12aa1a,142,True
user_ec70b5e505,55,True
user_d385fbb895,179,False
user_a63e1e267d,179,False
user_0f5ba55f40,81,True
user_e3a550ca20,55,True
user_1b79d6b06c,15,True
user_5736db4c1c,46,True
user_96e9142e5c,81,True
user_4346bdb3a7,90,True
user_19e697a157,180,False
user_1c41b4b5e2,180,False
user_e27298e472,181,False
user_6775a6c7b9,181,False
user_3cf0b63508,182,False
user_45eedbfff4,182,False
user_639951698f,2,True
user_7500f8247c,78,True
user_cfff30cf99,78,True
user_04624c3fc3,55,True
user_6bf0960d9a,55,True
user_fcc3557d27,183,False
user_df4c8cbe06,183,False
user_c631c9a088,15,True
user_ae43dbfee0,55,True
user_62f72d0a27,78,True
user_46d07b24dd,55,True
user_baa86e4950,3,True
user_a8372de2a0,184,False
user_728d73d459,184,False
user_9385ed9bef,181,False
user_b87b050c4a,185,False
user_8b87306eba,185,False
user_af5bc3a1ad,186,False
user_cd7135eaa6,186,False
user_836a87b32c,36,True
user_ad4ecb4f7f,78,True
user_4ab2991ba1,55,True
user_70a1c6e5f2,63,True
user_971baeb061,11,True
user_8e634ecd8e,187,False
user_432e65f971,187,False
user_9518201f22,63,True
user_4f775c3407,55,True
user_63cb3b4c09,15,True
user_1be05e294a,63,True
user_91e9a88173,63,True
user_756d5a54b2,21,True
user_b88519d42d,21,True
user_a96292978e,10,True
user_483f78b5f8,188,False
user_63c446f3f8,188,False
user_faf7e5444e,63,True
user_3990d16831,55,True
user_5e34c1b0bb,15,True
user_ed065f3a95,189,False
user_3c48424ff4,189,False
user_5dd07e6069,190,False
user_f4dbc1b2e3,190,False
user_0e69fb9dda,57,True
user_256621001f,181,False
user_3dcb033bb5,63,True
user_a0712799ce,15,True
user_00e982233f,3,True
user_99002f9aa3,27,True
user_074c0e1405,142,True
user_ea90302b9f,142,True
user_68bd0e1601,15,True
user_99f758f66a,138,True
user_3055c09ae8,138,True
user_6ac124f708,13,True
user_0f168a40b6,13,True
user_b16af23414,41,True
user_7fdc7aa4a3,41,True
user_930663645e,40,True
user_782b3aff35,40,True
user_ea8bb49a2f,41,True
user_f868e7262d,41,True
user_a36966cc52,78,True
user_d9eda1cac3,78,True
user_8e3e7805b4,138,True
user_08f49a3b21,138,True
user_616e7fe36c,9,True
user_33d62b6a4a,138,True
user_cee5c78262,192,True
user_c1bc68a7d3,192,True
user_c00d320646,138,True
user_4a913ae79e,63,True
user_7eeb4e25d2,63,True
user_a701fc5ad2,80,True
user_b8c4be6c36,3,True
user_b28097a943,9,True
user_ad57450459,78,True
user_e5f02e0750,192,True
user_59447012fe,192,True
user_a442b9b430,192,True
user_901405102d,138,True
user_9a665d9bdd,7,True
user_11972610d4,7,True
user_6804d24de7,192,True
user_a37ba1e9fc,142,True
user_2378dd417f,192,True
user_b8c91eac1c,193,False
user_8bf7475c92,193,False
user_aa2c4b6226,8,True
user_ccb6c8a2f5,8,True
user_a5aa8b0709,3,True
user_6cada03746,90,True
user_b4bc4fd942,15,True
user_588cf170ce,36,True
user_4568f4aae3,2,True
user_8d3a03aaba,2,True
user_30f702e068,63,True
user_8e24a87109,138,True
user_d626c62493,2,True
user_99684ae1d5,23,True
user_946a3fdd32,23,True
user_0c7f80dd8c,81,True
user_c60a4b4a29,81,True
user_9366d50745,63,True
user_da92ee28eb,194,False
user_61c17cfebc,194,False
user_c74bf9fddc,7,True
user_462175d439,7,True
user_7953d01298,195,False
user_9b4d9938b7,195,False
user_7f5d88d676,187,False
user_7b18b8efc0,13,True
user_5f7221a5dc,13,True
user_cabc5b23e5,192,True
user_edb752e8ee,192,True
user_62929ee277,15,True
user_cf943336cd,15,True
user_c7ede30320,196,False
user_91498e5e9b,196,False
user_351a2cb931,3,True
user_b44c317b32,36,True
user_7202806b24,197,False
user_a8a628073c,197,False
user_e8b54b23da,90,True
user_b87df341c0,138,True
user_2dd77be543,15,True
user_69a567567d,8,True
user_12d331bb02,90,True
user_51929306be,142,True
user_b84a32cd73,192,True
user_92964a6450,2,True
user_4881b8dfa2,81,True
user_56c46b5d63,90,True
user_184e4e71d5,116,True
user_d6879d50f2,198,False
user_999fd662d0,198,False
user_e07f727cbb,63,True
user_c841112316,57,True
user_655737af4e,57,True
user_aa615e54d0,142,True
user_f338851a1a,55,True
user_b4330d169e,9,True
user_e6c32486c6,200,False
user_c536a43800,200,False
user_45d7671aaa,46,True
user_69ac2d6f3a,192,True
user_c9bc9211e6,57,True
user_e40cd1a7ab,40,True
user_67dd502e22,40,True
user_402556a7b4,192,True
user_40365ac35a,201,False
user_a764b4d1eb,201,False
user_8fd4dce5d8,27,True
user_2b8000bafc,27,True
user_a4188c3717,37,True
user_54f7ce1514,37,True
user_cc6b9c2e48,37,True
user_afed6da568,37,True
user_28d2bb6e5b,62,True
user_9449f3462e,15,True
user_89f5745142,138,True
user_006ad7c881,27,True
user_54bebcfa7f,27,True
user_e8a955cf48,9,True
user_5bc64b89f8,9,True
user_da5728bab8,138,True
user_efabab0ee2,192,True
user_4bc1642025,192,True
user_f42bd782e0,63,True
user_b5f5d1783a,63,True
user_5e23280cf1,23,True
user_6539f93327,62,True
user_1667b79e33,202,False
user_5d3d6807fc,202,False
user_8bf7c18ef5,203,False
user_8a3d565276,203,False
user_a61fde7e36,55,True
user_05ef8dcbd0,204,False
user_01cb1e02d1,204,False
user_54a3e35f4e,39,True
user_d089920660,142,True
user_416c5b754d,37,True
user_337168a34a,192,True
user_7373f4bbda,9,True
user_26d6816aec,81,True
user_8716e01f1e,37,True
user_4883e4b4d0,2,True
user_56a80e3f61,40,True
user_9d83dcc90e,37,True
user_4383b09728,62,True
user_6c8036ff4b,27,True
user_5616df3e56,205,False
user_428c700c8d,205,False
user_b5eb0eeb35,10,True
user_32ffadfa94,9,True
user_15dce36e03,40,True
user_ce2e8ba5eb,40,True
user_6fa297e47e,9,True
user_9356000b83,206,False
user_8c4dc35812,206,False
user_2815caf367,40,True
user_3603672900,55,True
user_9ad5cfd8a9,36,True
user_c2fbc41025,36,True
user_8a94201f76,79,True
user_9bdfbc3216,207,False
user_86cb855157,207,False
user_186c9635a2,40,True
user_75f7070c04,62,True
user_8301fa9d1a,46,True
user_be643e3f99,37,True
user_bd3fec28ba,37,True
user_43309035d4,138,True
user_10147fb6ae,138,True
user_312e6c90f4,192,True
user_984a427a3b,208,False
user_8ab9a8ffb6,208,False
user_e3516e876c,209,False
user_000c8975b6,209,False
user_1e8c44767b,55,True
user_3b25c49840,55,True
user_8257ef1ad6,63,True
user_a842fdcb44,87,True
user_2fb3ee43e6,192,True
user_e7e725d080,192,True
user_c9d2ab8a2d,21,True
user_21555688a1,140,True
user_5b4ceb4f1f,80,True
user_25849852c7,210,False
user_961583a618,210,False
user_8285171692,21,True
user_1a689f7204,21,True
user_73f390393d,211,False
user_89c9fd24ab,211,False
user_f6228b86c4,138,True
user_af39988bd8,56,True
user_bceae63d73,11,True
user_b57b0757d4,11,True
user_d4b23577dc,138,True
user_eb235d2d58,40,True
user_9818d34ec6,116,True
user_c313c78014,40,True
user_369f804cf7,40,True
user_901ec4a9f6,212,False
user_65a0b3ce0a,212,False
user_2c17f71f75,55,True
user_1967555d2a,213,False
user_151db9f0e6,213,False
user_4e567cbeb1,27,True
user_dd12a10e9b,21,True
user_bda4601e01,21,True
user_16fd0e9771,63,True
user_b1b57256c6,40,True
user_e046a9db6e,40,True
user_d8003911cb,63,True
user_b3ad9be47e,27,True
user_1256c29829,214,False
user_a71da702f4,214,False
user_7f55978303,13,True
user_4c9d83c5fd,13,True
user_d81745cb06,80,True
user_25c3f3b894,40,True
user_83f65bd493,40,True
user_e52213d7e1,140,True
user_c5689102c7,140,True
user_8463e8d14f,21,True
user_97edf48ef6,23,True
user_c02d69aca6,40,True
user_bc1808e745,40,True
user_8a9388bf85,138,True
user_65a899df24,192,True
user_e7170e735a,80,True
user_cd050610fc,21,True
user_5cb244166f,21,True
user_4a2b5ca9fd,55,True
user_d7a46ff715,40,True
user_c1f6ee9285,215,False
user_35699267bf,215,False
user_2b478ee10f,216,False
user_eea65e56e5,216,False
user_ac563a5a8c,21,True
user_2529f0ae7d,21,True
user_582c1ab25c,55,True
user_ed758a892b,192,True
user_ac183feb6a,40,True
user_d2dfd35407,140,True
user_403a498348,140,True
user_1014b60df8,40,True
user_f00058035d,80,True
user_d94d6805d7,192,True
user_8cbb11e348,80,True
user_3ad96aa9ef,21,True
user_8ea050531b,140,True
user_86902f7c90,80,True
user_bebc9cc2ed,33,True
user_06f3543715,40,True
user_5d8983ce38,91,True
user_939b5a7675,192,True
user_f30d23523c,40,True
user_66672b27c2,48,True
user_9f5b092b19,48,True
user_0d7b8fcc39,192,True
user_1db6ff4fb6,40,True
user_16d667feb3,40,True
user_745f2da748,21,True
user_4672aa48cd,80,True
user_c1158f93cf,7,True
user_abf26db63c,53,True
user_5ccc2992f1,53,True
user_c98cbaaf5b,27,True
user_c40f0c02b7,27,True
user_77a4e495b3,217,False
user_d132b1e4fb,217,False
user_b398637574,37,True
user_3ac3e0200c,40,True
user_4950821a5c,40,True
user_d2d7904818,37,True
user_e3b18cc98b,7,True
user_16d85948ad,142,True
user_77b998affe,37,True
user_c009137cb6,37,True
user_239ce39e87,37,True
user_d22c633e47,215,False
user_420006ab68,81,True
user_b0d63cf323,218,False
user_ad7a7d7a3b,218,False
user_f3fd5172e3,9,True
user_6aa91b38fd,62,True
user_a8a59d0699,62,True
user_a72003bb5b,219,False
user_09b1fcef8f,219,False
user_b845e26aac,80,True
user_db66ae8d23,220,False
user_9c38d5d912,220,False
user_f83d16d681,80,True
user_ed6068fd74,219,False
user_419f1e1457,221,False
user_0e6dbc415a,221,False
user_614162a18c,51,True
user_6a3881f20d,51,True
user_41f87216f2,87,True
user_bf177c01b3,57,True
user_65d7d6c83b,57,True
user_fd1f015354,7,True
user_a65c60a341,51,True
user_1086614911,51,True
user_45e50104f0,63,True
user_69d3dc135d,222,False
user_efe4acabb8,222,False
user_6216507e9f,90,True
user_06f1994c4f,223,False
user_d9b4f75968,223,False
user_a312980308,224,False
user_6083f31926,224,False
user_4dc1d3ebd0,225,False
user_f350e34ced,225,False
user_8a0aee7b5a,226,False
user_e06fb50442,226,False
user_5f277f31ed,40,True
user_da7aba70b0,8,True
user_5ae7419465,227,False
user_59b0a6c27a,227,False
user_91eb6f2d71,3,True
user_c840f38807,8,True
user_ee8089af10,228,False
user_2958520ce8,228,False
user_f3863dfe49,228,False
user_072d657592,51,True
user_9deb6749d5,51,True
user_463c78f741,229,False
user_d1f20d877b,229,False
user_d6bda404fe,51,True
user_0231ab5d56,228,False
user_bd02220c13,11,True
user_9273d3f523,11,True
user_1266a4fcf0,230,False
user_abf4c75363,230,False
user_5e25d2171e,7,True
user_c2846a13b4,80,True
user_24dd91d5e8,90,True
user_2009f43ea5,79,True
user_e191139f61,79,True
user_b3a8c04f1b,130,True
user_ed352be0a1,51,True
user_adc1696573,53,True
user_41e10d7d81,231,False
user_25ad23d624,231,False
user_9f7c4c2306,130,True
user_0c42e48554,130,True
user_0090f8e88b,76,True
user_cf2834b49f,9,True
user_36b7f39be5,40,True
user_e841e8330f,40,True
user_b850b26ef5,12,True
user_ac383798e1,57,True
user_d5c512df80,9,True
user_0f8b05df46,3,True
user_f28a031c59,218,False
user_b5dd4d75be,41,True
user_1dd4d616ed,41,True
user_b33022aa41,232,False
user_1396c93bbb,232,False
user_a41aa36c30,219,False
user_379113d9a5,21,True
user_4f0fa3907f,21,True
user_7a7572dc0c,3,True
user_65108f574c,3,True
user_9924c30d00,3,True
user_2c394a96fc,21,True
user_749c100c34,21,True
user_9120d63e2b,37,True
user_4476ffb797,62,True
user_58d16a74d8,62,True
user_9ca08dc836,21,True
user_aadb5d8106,21,True
user_7fa6652021,37,True
user_685034a158,37,True
user_b337892894,87,True
user_985b1c26d2,87,True
user_9273a2337a,232,False
user_339faa0a6a,21,True
user_0bd8d831ec,116,True
user_c324f62a42,233,False
user_2fec92bbf7,233,False
user_c72525e71a,37,True
user_499556d5e8,234,False
user_b12cb9c279,234,False
user_f4761dc166,36,True
user_0c439b7fb4,36,True
user_8bf62709f9,3,True
user_572a0d2dda,15,True
user_0994de30df,37,True
user_23e46e9022,2,True
user_78872c172e,2,True
user_2e84f77925,15,True
user_589bb26d5d,15,True
user_21fd839110,21,True
user_2b1c1b89c3,44,True
user_b80b5abbe2,2,True
user_1bb96a1f10,99,True
user_b8371f400a,99,True
user_549a40a8f7,116,True
user_62c95011a0,13,True
user_380e21210c,21,True
user_f375ab278a,3,True
user_995546fd2c,37,True
user_6993dd1577,9,True
user_d10822af29,107,False
user_d6cd8910ed,87,True
user_82e679a80a,3,True
user_3f182e2758,37,True
user_b9360e5bec,33,True
user_0b643ba101,37,True
user_414c45131b,235,False
user_833514688f,235,False
user_e7c16f24aa,36,True
user_7ed9bae513,87,True
user_5c7bc1fbb2,87,True
user_336a6e6d7e,21,True
user_801900a0ce,23,True
user_9e30095d0e,23,True
user_16009a7a19,236,False
user_3e1208c972,236,False
user_282cf930f9,237,False
user_33907315f9,237,False
user_37534a9b0a,238,False
user_5cff27ae7a,238,False
user_4ea17129ba,37,True
user_30a4bbd0d8,239,False
user_03c6c70251,239,False
user_812f00a29e,71,False
user_1837c5701a,240,False
user_e8e27f3c91,240,False
user_0f44d05833,37,True
user_c5f22aea12,37,True
user_45b0bdbc75,10,True
user_84beb15464,23,True
user_e24675f3f5,117,False
user_35d070a527,80,True
user_68d5fbec50,116,True
user_e797132659,23,True
user_658af009ad,42,True
user_5d62d2f543,241,False
user_3a375b03b8,241,False
user_ce6ece541a,36,True
user_21970ff20e,116,True
user_4f70bc24c2,116,True
user_bdd2571c42,242,False
user_f431b41203,242,False
user_96a5cfc922,243,False
user_d2f92c7697,243,False
user_586c27df30,239,False
user_482e544b5d,87,True
user_45d62e12f7,91,True
user_cc5626018a,78,True
user_1e0599e6fb,80,True
user_be1b15c13a,80,True
user_ea01d7d96f,8,True
user_8ffc403f1a,78,True
user_cacdc033a0,78,True
user_c9bb4aaa0d,63,True
user_dd9b4916a3,63,True
user_df7bd40423,244,False
user_ee77a79d82,244,False
user_aa59d7e8ea,39,True
user_89fe53a0d0,2,True
user_805a48c75a,87,True
user_f8cfbb8efb,245,False
user_78c22c8588,245,False
user_671127ef83,130,True
user_8692a0ea95,44,True
user_470ff33c29,2,True
user_f5c9d7f78e,2,True
user_e87a30865f,87,True
user_83e5345e92,87,True
user_6a84a96d8b,2,True
user_3d2fc5d873,2,True
user_4b08ac3b8e,246,False
user_5bdd8cae5f,246,False
user_676b80dee1,37,True
user_7d2da23f79,10,True
user_8683f66398,9,True
user_2465358cba,37,True
user_3de9b453ee,53,True
user_357a074ca2,53,True
user_4fc79d8ac6,3,True
user_8cef25038a,3,True
user_d66c8788ee,192,True
user_2c0c04afa5,9,True
user_305b953897,247,False
user_360152afd8,247,False
user_93e1a8ea84,62,True
user_1e08017d46,130,True
user_c4d7c89de5,9,True
user_c3c0e972ab,248,False
user_290b1c6b81,248,False
user_3fec78faac,37,True
user_1b9afa3917,40,True
user_a5606bc59e,40,True
user_edcf3bcd37,2,True
user_eda6f64bb8,37,True
user_dca1ec7777,116,True
user_1ee8c8dfe1,116,True
user_ff13d3ff17,42,True
user_a99870a00d,42,True
user_df15f35998,87,True
user_e35c1ee8ae,249,False
user_63f8123e8e,249,False
user_fea9eeb5e0,3,True
user_0fcad68104,250,False
user_d1e8d800b4,250,False
user_3132079a8f,251,False
user_a14a31b3b2,251,False
user_be7554a979,33,True
user_792b9bae47,9,True
user_89e6d080a2,251,False
user_002ed02a94,42,True
user_933a7af2bc,3,True
user_7b30bb4640,40,True
user_36adc1215b,99,True
user_6ee52f637b,116,True
user_d191b0297e,2,True
user_ba62dae70d,252,False
user_d5766d27b7,252,False
user_0bc937cbb1,116,True
user_50d8585543,40,True
user_7ef5b1b1cb,116,True
user_2ce3ea4736,38,True
user_616f50d2d7,38,True
user_e9c5592d9e,9,True
user_525be22d7a,2,True
user_935a51ac02,53,True
user_dd24b3a89d,4,True
user_9ac1f5a1c2,51,True
user_d9be43736c,81,True
user_f00140e703,116,True
user_5c9ef501f3,253,False
user_50c269f858,253,False
user_1f38958313,99,True
user_90dd84695a,55,True
user_18c53ebdb1,55,True
user_606bc0e480,54,True
user_7cbe1ee99c,54,True
user_e0870d45e1,91,True
user_9964a4ca50,91,True
user_46a774d8a5,27,True
user_a1673ae40d,12,True
user_7cc19e2dba,55,True
user_7db16419a3,27,True
user_0eda7269c5,78,True
user_065d9ee988,78,True
user_2e6812df53,91,True
user_7dcfb1067e,91,True
user_fd9a795e65,2,True
user_d24c0710a8,2,True
user_6dd5ce7d0b,91,True
user_e30d43945a,91,True
user_fd586a5c92,63,True
user_2fe83fc83a,63,True
user_39ad37af31,42,True
user_52d5fa11b5,23,True
user_fbedcb4b06,79,True
user_99b6432b3a,91,True
user_d131186001,80,True
user_fe64220968,80,True
user_97e0a172a7,142,True
user_4e2285100c,5,True
user_d0554f00d0,12,True
user_882f252f48,99,True
user_8431ace311,99,True
user_a3032e281e,99,True
user_a2d867bc8d,5,True
user_a49d8372f4,5,True
user_3aec457950,254,False
user_b388e78f89,254,False
user_fe232fa48e,4,True
user_a181fcb8a6,63,True
user_4b1e1dfae7,63,True
user_f6662b6ff7,5,True
user_6b79cbea0b,15,True
user_aeb1a449fb,53,True
user_f46a6ee9b5,53,True
user_fda15dd6a1,116,True
user_0f6985a158,12,True
user_e0c121bc79,53,True
user_a34e51faba,7,True
user_145f172035,12,True
user_47ca5e2a34,4,True
user_6410c94ccc,78,True
user_c934a6a837,78,True
user_c381577b9a,4,True
user_09fe665283,11,True
user_e8aed96560,99,True
user_88c39aadb4,78,True
user_20c24a33cc,63,True
user_d36990c2cf,63,True
user_85fe9a31ab,91,True
user_9f5781121e,255,False
user_c4925d5216,255,False
user_68aa83b8fd,9,True
user_d7f156a503,247,False
user_a8066a6969,81,True
user_26db1a123d,81,True
user_cb2031847a,79,True
user_538629cf4d,21,True
user_2e14f349c5,21,True
user_d9fbfd2cb7,56,True
user_5f82b43cf6,11,True
user_9885999422,140,True
user_33d9785bc9,140,True
user_da44269e94,80,True
user_fe225f5378,81,True
user_e8ab07a737,256,False
user_e4acfe9f16,256,False
user_551a459af3,21,True
user_a47e62377b,257,False
user_fcdeb2aa96,257,False
user_3e9fbfb556,216,False
user_b1f6d66486,192,True
user_f4c3896511,4,True
user_6fb91cf7d4,4,True
user_22034288ef,99,True
user_2ebf5f0483,99,True
user_d9f5a4f1e9,116,True
user_b392066354,116,True
user_7817e17278,258,False
user_a114bb53a3,258,False
user_86e4b44165,37,True
user_5225901eb7,4,True
user_57d3a46f21,40,True
user_11795af3d2,40,True
user_58bd6513ac,53,True
user_e009ca1c86,53,True
user_8fa1731f93,4,True
user_642152843f,259,False
user_2e99a867c6,259,False
user_82e559aa4b,192,True
user_903d99e923,142,True
user_1e6b3b48b8,4,True
user_8a0f4bfbe3,53,True
user_472ec230e1,12,True
user_67746158c7,3,True
user_466de67419,9,True
user_affa619eb7,260,False
user_e606c660b2,260,False
user_a253b3e5da,23,True
user_a50c15dcd7,4,True
user_d566c84b1d,40,True
user_77ef04eb95,3,True
user_7455ddf990,2,True
user_d1504a7738,23,True
user_429def1a77,3,True
user_f2c405afe9,99,True
user_6b51a3a8e5,3,True
user_4d0a5fb049,130,True
user_930ca69fa3,4,True
user_23aef58446,99,True
user_cdebb77e65,23,True
user_dddf39e270,12,True
user_bf4b3a31ea,4,True
user_da2aa27f07,3,True
user_820ac4955c,23,True
user_2d872847c8,23,True
user_dc7b241237,62,True
user_ff3292a099,4,True
user_d99065a0f3,23,True
user_0c5eaade71,261,False
user_1097b83030,261,False
user_687c2a9801,259,False
user_a8671bfabb,4,True
user_b9623b0280,53,True
user_df3f1daac9,40,True
user_a22b7f06ff,40,True
user_c7b43e878c,3,True
user_a96dd2df17,262,False
user_1b2a88b5ee,262,False
user_529eac200a,7,True
user_e3dbece4d1,23,True
user_3f97cab0bd,53,True
user_988924409a,4,True
user_3651744469,23,True
user_0de955eb38,2,True
user_23e69be1b5,7,True
user_cc96482b3e,23,True
user_54ef75a50d,53,True
user_a59efc1ba9,263,False
user_e0db3a37f4,263,False
user_458ed26785,53,True
user_6763c6ae59,23,True
user_68dfc8242d,40,True
user_7421a7bf4c,23,True
user_540e93d8e8,79,True
user_f2fb5af268,79,True
user_68610221a5,142,True
user_a7e3a3dee2,9,True
user_b468f15751,53,True
user_44c66115cd,264,False
user_85d35b591c,264,False
user_fe0420b8a4,265,False
user_4ad1d595ea,265,False
user_f52667afac,4,True
user_d6173604b2,9,True
user_f7fafc1b2f,53,True
user_c0825ff4e0,55,True
user_f03703b27b,53,True
user_b83f7cd0b4,80,True
user_9d8c108d73,80,True
user_347c022e18,99,True
user_468cd797d7,80,True
user_ea2b71eed3,80,True
user_d0754ecf6c,80,True
user_14f5360277,15,True
user_9e43d6310e,15,True
user_9df5ce255e,99,True
user_d4cd2dbbb9,266,False
user_7a96fd316b,266,False
user_a636345ad3,41,True
user_5837db8a0f,99,True
user_f7e41d7461,4,True
user_3345f6de00,5,True
user_8e7d65ff80,5,True
user_609d37c4e0,41,True
user_8f586a55d4,37,True
user_d60e3d4a53,99,True
user_19f7349bab,99,True
user_1aca55f926,55,True
user_95492da17f,142,True
user_ff775057ec,56,True
user_bf90fa7c21,56,True
user_835b928d3d,99,True
user_eb7ebe5e40,53,True
user_a1d56b7b64,267,False
user_a6e4feb96f,267,False
user_e250337aed,5,True
user_2d14f42a27,268,False
user_e9220025e0,268,False
user_8581c34e5c,269,False
user_a892dbb1f5,269,False
user_159e9166e3,142,True
user_d8ac85dfe2,3,True
user_c79d46d589,99,True
user_8b03e0f4d2,9,True
user_3d5d7f9039,90,True
user_36c65c2825,99,True
user_7e82223fd3,23,True
user_e597f16c86,23,True
user_fda67dc574,3,True
user_a00105f2a1,270,False
user_84d85e3e01,270,False
user_e0f037657b,192,True
user_0d25fc4e7a,4,True
user_989715518e,4,True
user_4f3064329f,271,False
user_4760177062,271,False
user_a49b91117f,5,True
user_5633189af5,81,True
user_7b964c0da9,81,True
user_36609dc6d5,79,True
user_5819157a27,79,True
user_eee0e937b3,272,False
user_da40dd1400,272,False
user_2a3e5fee0f,99,True
user_bfdd1954cd,39,True
user_04bcbd0c51,62,True
user_bad74e9d1f,40,True
user_932c6a6f64,3,True
user_74e8fc3e83,10,True
user_85318337c1,53,True
user_86adecc1d6,9,True
user_19de3dd0eb,142,True
user_0a1ce8e842,37,True
user_cef32259c8,5,True
user_02329e06dc,79,True
user_ad76950535,79,True
user_9ea75ea15c,3,True
user_f6989822c5,3,True
user_b7311da138,8,True
user_bf9f1e5d4d,40,True
user_fe53d058dd,37,True
user_2a4d6701ae,37,True
user_707bc1f64c,138,True
user_9b2fbe312b,2,True
user_31eab58eb3,116,True
user_4d2c2bf7b5,63,True
user_e2f4bfe1e3,63,True
user_13cc1bf07c,4,True
user_4162309653,2,True
user_4db7281fa2,2,True
user_6625921202,90,True
user_c6e6b8456b,2,True
user_efccb2425a,46,True
user_f5d182192b,12,True
user_e0dcd3de2f,273,False
user_577e725f8a,273,False
user_6c2e8384cc,79,True
user_51082226cc,79,True
user_e91d03b570,63,True
user_e63d0885ad,46,True
user_897d454573,56,True
user_e650327a6c,56,True
user_b27576af23,140,True
user_b58a1b9fb6,62,True
user_b54b02e370,80,True
user_0550aae89e,116,True
user_f07e283bf6,2,True
user_769db73b13,37,True
user_a025c980c8,37,True
user_5d18e0e77a,2,True
user_633325c247,37,True
user_a6803e3f85,42,True
user_e85b72d98e,42,True
user_b665acbf32,8,True
user_302b54a4c4,54,True
user_0d571de66c,15,True
user_5894aaa626,37,True
user_3d27004ca0,37,True
user_2b7b3fbb40,2,True
user_a4a77fc098,2,True
user_4f53a7f412,27,True
user_c35efbeffb,27,True
user_9aafce13eb,142,True
user_4f761513fa,274,False
user_fbd57993a3,274,False
user_1fdb8825b6,7,True
user_ce90a665ad,7,True
user_169e177ab7,275,False
user_dff84d6e60,275,False
user_91ee5bff80,46,True
user_d89ea860a1,21,True
user_cef2c101cf,21,True
user_4997d32f9a,276,False
user_1a0df0674d,276,False
user_6c05d63581,37,True
user_ae8ee1b3ee,2,True
user_ddb6278549,8,True
user_4bb8a1b8b1,7,True
user_73651d768a,192,True
user_1a886e01a9,37,True
user_3fc0e2a3e6,2,True
user_441eb41280,277,False
user_11ecd12b59,277,False
user_514a8a77fa,276,False
user_e58992d3aa,23,True
user_e9eaceb8f3,63,True
user_6c17d3cf5c,31,True
user_ea2f17676b,31,True
user_8f1de796eb,140,True
user_d233806da5,140,True
user_aaf6ada68e,27,True
user_31596cb8f2,27,True
user_3557f998da,63,True
user_c5c8c2c3a9,278,False
user_06d3d16912,278,False
user_5e4d1d7257,37,True
user_d4e5aa6c3f,90,True
user_e1a3b8990f,90,True
user_02eb384fc3,87,True
user_069a5838e8,63,True
user_f7deb6cf9c,63,True
user_2bd8582e03,44,True
user_78b6d64f82,44,True
user_9207c582b0,63,True
user_d8107b218e,63,True
user_1c70083edf,63,True
user_c8691359a5,53,True
user_176bacc463,3,True
user_a0a2786ad8,279,False
user_1b8128873b,279,False
user_0ae63bbc41,99,True
user_194eaf30da,63,True
user_4df3d194d0,63,True
user_bb0691b112,87,True
user_5533f4b71d,37,True
user_776cd3b624,279,False
user_785016cc71,140,True
user_d7c2cf5d1a,87,True
user_b289e5cf2a,63,True
user_4bb3774562,63,True
user_29da8c8f8f,90,True
user_3935ea8db8,37,True
user_01f9dedf68,39,True
user_0859918e40,63,True
user_d490633919,63,True
user_5d8e2605c1,63,True
user_9e2dcb38ff,63,True
user_b39a40eda2,63,True
user_5e8eddcb6a,63,True
user_a6a026af7c,4,True
user_2ee637d13d,40,True
user_b6039c82b4,37,True
user_469ac557e3,87,True
user_23a963495d,63,True
user_5d8e2a4968,280,False
user_e043c1233e,280,False
user_220be894fa,281,True
user_01afdbfbf1,281,True
user_0b1da054a3,63,True
user_e1f0ac9cbc,282,False
user_2f466cefb1,282,False
user_4600298c8c,2,True
user_93010efda1,282,False
user_0122f7b6e5,63,True
user_2afa723e8c,87,True
user_4c97a683ac,8,True
user_4d3bd4bd40,78,True
user_6668ef19d9,87,True
user_f37f68c3d3,87,True
user_25732e4da6,87,True
user_f43db7aeab,40,True
user_ad6846ee94,40,True
user_de54307d9e,27,True
user_d411531946,27,True
user_809e026563,27,True
user_f16cec657d,27,True
user_4d2daca302,87,True
user_b8d12974e6,87,True
user_ce56ddc6cb,39,True
user_950dc471c4,76,True
user_9d7d5733d6,76,True
user_0db9c08bf4,283,False
user_39f5b9dbde,283,False
user_9880144a55,284,False
user_22494e31d7,284,False
user_4e698bd986,76,True
user_f34f1f46a7,3,True
user_2bfe4543df,130,True
user_c1716f4baa,23,True
user_5c26cdc124,91,True
user_165803c11a,40,True
user_118d6fa545,284,False
user_5e32dfbfd6,91,True
user_530ca0b95e,192,True
user_05089c1953,8,True
user_686d3155c5,8,True
user_322738df07,40,True
user_e93467bfdc,41,True
user_bf6990ed6d,285,False
user_fbed700f80,285,False
user_b70b99b512,40,True
user_3b2a8b3c93,91,True
user_282b064ccb,284,False
user_81aca4f789,283,False
user_24570b24be,91,True
user_ffa8b49def,140,True
user_7522fca602,9,True
user_7b927475d3,286,False
user_2e3e9c2ac8,286,False
user_d28b53dff9,87,True
user_5481bebe1d,287,False
user_815fafd632,287,False
user_d6789d1f64,76,True
user_1aa43b552d,76,True
user_e76599b1b1,87,True
user_de7bb42992,87,True
user_cda8f495d9,39,True
user_1595db48aa,76,True
user_0554a35d8c,87,True
user_f8bd0e40fa,87,True
user_dcb8fde68e,288,False
user_8ff8e377e6,288,False
user_d0aad75f73,91,True
user_0b2c665c20,87,True
user_80ffab8e94,87,True
user_7710c24e64,91,True
user_60e62f0dd7,81,True
user_5c45f76411,4,True
user_f23fce513d,40,True
user_0eecbb2b08,40,True
user_f766bbe4b3,75,True
user_55038331ad,140,True
user_ce5dce97c4,254,False
user_b8d1b81a2a,284,False
user_e171ba1bbf,37,True
user_a52e30c222,2,True
user_e6382a692f,2,True
user_a6dd5b046d,91,True
user_3c824a3fee,11,True
user_6f9a934f45,289,False
user_29d6d371f3,289,False
user_72a8565648,40,True
user_7d7978d063,5,True
user_cff129c18a,2,True
user_a66e1411f6,290,False
user_c773ad7698,290,False
user_8828c59c0c,291,False
user_1c285793fa,291,False
user_1727cb3b93,2,True
user_8ce624ef46,9,True
user_a7adb347d3,9,True
user_0f1ca38ac5,38,True
user_4c7d3dc4a1,38,True
user_bbcf58a868,2,True
user_09a029cb96,2,True
user_bcf66f6839,140,True
user_034f1bccae,11,True
user_83b1fbeffd,40,True
user_7ff33e056d,292,False
user_5cb32d2efb,292,False
user_dbea8077f4,293,False
user_910d996872,293,False
user_4ed111914f,2,True
user_5c8f115f86,37,True
user_c7f6b722b3,2,True
user_28792e2f83,281,True
user_69528d9e56,281,True
user_0c2361f462,87,True
user_2b227797ff,294,False
user_d6028b948a,294,False
user_e72e63d38f,142,True
user_fc8696f82f,295,False
user_3506c9cb21,295,False
user_45b592689d,39,True
user_3001ab74ed,39,True
user_e553d21b16,296,False
user_c40f06248e,296,False
user_d3038f945e,142,True
user_6689830826,297,False
user_3aae0b7443,297,False
user_8e6a9b272c,298,False
user_5ac281e3b8,298,False
user_0bdb4daf22,87,True
user_1d9b6b6153,39,True
user_b4d847bc68,53,True
user_ed5ffc441d,57,True
user_96022758c2,57,True
user_3c2c684df5,57,True
user_14c4312301,142,True
user_d8f4f4a5b3,283,False
user_a02bae5a0c,142,True
user_ea58608dc2,53,True
user_51a1b002e4,299,False
user_8d104b7d42,299,False
user_63fc8d30ae,87,True
user_a571ea586a,54,True
user_da1c400894,54,True
user_bc93869cc9,87,True
user_2cb13ce1cb,5,True
user_8918779f52,48,True
user_0dab002abb,31,True
user_156873e3bd,31,True
user_60ceee902f,300,False
user_56df71624a,300,False
user_30286ce860,91,True
user_236965de49,10,True
user_60db0f16c7,10,True
user_18b6ac5a69,21,True
user_a61572e81a,21,True
user_9ce617f644,117,False
user_9a3cf37d8e,142,True
user_361ec95f46,15,True
user_1f1a1b566a,15,True
user_23bcf0d20e,87,True
user_2b37bf7c13,57,True
user_0ea37aff83,57,True
user_e9a152eb1d,81,True
user_a570566d4e,87,True
user_b85d412f77,91,True
user_0bf36601d0,4,True
user_906036b46e,4,True
user_2f4aa34b00,57,True
user_965f7f160c,41,True
user_7690b472e9,41,True
user_3eae846078,21,True
user_78f7b39642,53,True
user_ad76748a0a,91,True
user_c671ebe5cb,91,True
user_bc618cc58b,62,True
user_16633162a5,21,True
user_3b7af30d24,4,True
user_6dc9f6c07e,87,True
user_b7915fb0c1,4,True
user_2f465cd2a8,138,True
user_30146dd538,87,True
user_47a4b34127,3,True
user_4199679a3c,87,True
user_3cea55b184,87,True
user_c428077d35,301,False
user_e8c2b644c0,301,False
user_154ba6a20c,53,True
user_3001942920,302,False
user_587d8566fd,302,False
user_ae10e78fb4,303,False
user_60dd34d93c,303,False
user_ce3c85e160,283,False
user_488767fdf4,283,False
user_2ef91b8c6f,142,True
user_6bae20357e,41,True
user_68ce5acba2,283,False
user_201dc50f36,87,True
user_9aa20db67a,87,True
user_88cff2d3a4,116,True
user_d9f3d13370,37,True
user_8abf41fc82,81,True
user_57ecec2919,81,True
user_d70c00064a,15,True
user_513d72ddf9,11,True
user_46d1dd50a7,8,True
user_0c4441d8f7,8,True
user_bdf7e98e5a,41,True
user_ac50e1a490,8,True
user_5ff2cf6464,8,True
user_0e5724be68,81,True
user_603429c5f6,81,True
user_bc8f931e50,304,False
user_4e32ddc0a9,304,False
user_5d2f3126ac,11,True
user_0806397aaa,11,True
user_c2d4566f76,140,True
user_b9f9ed2e95,10,True
user_a5f0e055a0,41,True
user_c03ff521d5,81,True
user_68331ea894,305,False
user_42ef2acf5b,305,False
user_53e743f990,140,True
user_4d2c869530,41,True
user_a704a875b6,192,True
user_854679c562,62,True
user_ec38739040,62,True
user_5367624ab3,15,True
user_213aafb712,41,True
user_6f04168a17,40,True
user_785d1ea30b,3,True
user_0efb582af5,138,True
user_7b1a3487a7,11,True
user_d8b7d6dde5,41,True
user_e77d1e21c5,79,True
user_65c649014c,8,True
user_0fd22aa43e,79,True
user_090fbff86e,306,False
user_ffecb97309,306,False
user_66dc319e03,307,False
user_f7b97760c3,307,False
user_26ad96debb,7,True
user_05068d28e1,2,True
user_2b3374aee7,308,False
user_42eca32a4c,308,False
user_fbb11a7f76,309,False
user_8d0c0887b1,309,False
user_5e45dd943a,130,True
user_1fb43119f6,130,True
user_f2411ab10f,79,True
user_21e0a9a876,15,True
user_df26d69857,15,True
user_3a7d0ef910,79,True
user_e4f28a22c5,310,False
user_2959c82650,310,False
user_1cae9a8b4e,79,True
user_f8cd94ad60,311,False
user_a2765a2d4d,311,False
user_e34c241a54,13,True
user_c764316a0d,13,True
user_046e7b2562,307,False
user_27a7a2a78b,140,True
user_9af7f66c95,41,True
user_01b9734fce,41,True
user_d706f3efc1,312,False
user_c655db387c,312,False
user_5682da36b7,313,False
user_caed6a68a5,313,False
user_bd9f9fd89a,142,True
user_ad23c25c67,142,True
user_463c94dc38,40,True
user_9ff6564ff0,314,False
user_a4885190d3,314,False
user_61a11d69ab,33,True
user_ce6113160d,33,True
user_46c110d982,41,True
user_eb8856808a,53,True
user_89f8419e5f,53,True
user_4f184e029b,315,False
user_4e829fe39d,315,False
user_e419530731,21,True
user_3e4ae3f45f,316,False
user_836a0d74e0,316,False
user_5abfd05950,79,True
user_e19b79a1ad,91,True
user_01dbd16b99,230,False
user_d5b7f18bb0,317,False
user_3b10a9829f,317,False
user_b6a3c85e66,318,False
user_69ba94a174,318,False
user_6b731817cc,319,False
user_68cf797086,319,False
user_015f1c16bb,138,True
user_129db45730,320,False
user_bc5244c6f1,320,False
user_4cd9dbf36f,87,True
user_4b2c15563f,321,False
user_ecc3e5c510,321,False
user_68b8a36062,321,False
user_8c7e609545,322,False
user_91c0b4804e,322,False
user_99ebeb4e53,27,True
user_c4773164fa,323,False
user_ad00d58989,323,False
user_02f0e93c2e,23,True
user_e4ea62fc2c,40,True
user_892024e1c0,21,True
user_849979fb8a,27,True
user_9f3e8f4102,37,True
user_d419f0a4f2,37,True
user_e37443f531,21,True
user_6f06c60397,21,True
user_859463cb84,324,False
user_b21c9f7928,324,False
user_d284bbb48c,325,False
user_8c51cbf5e9,325,False
user_dc696da82e,7,True
user_959356f2dc,57,True
user_bfae0652bb,4,True
user_eff5833a52,57,True
user_5d63286fad,39,True
user_5c1fe096ff,39,True
user_41c1ae7789,33,True
user_93f1a9f053,27,True
user_dd3daa1ad4,23,True
user_7dd500ad5b,33,True
user_209996b1fc,33,True
user_1bda1ada04,11,True
user_32148f1fb4,39,True
user_cecf2a847b,307,False
user_4028987975,41,True
user_a8fadf72ea,41,True
user_c4adf75131,295,False
user_1253922e1c,27,True
user_238e0ac373,39,True
user_f85e638f6d,57,True
user_af92ba8c43,41,True
user_0049f71018,4,True
user_935260898d,4,True
user_9288c5bb8c,57,True
user_e640d26cd9,57,True
user_f42043864d,38,True
user_51e9a28651,38,True
user_9233f57b32,326,False
user_c143d9d3a8,326,False
user_9192f4bb11,327,False
user_93fb12ff12,327,False
user_e3e730a485,57,True
user_d92cdf3723,79,True
user_7b76dae736,21,True
user_e48cec5be0,80,True
user_ff04af8462,21,True
user_436ef146dc,79,True
user_734c132114,87,True
user_bb7095fee3,57,True
user_0efc35961a,48,True
user_c8f6fe1401,140,True
user_178bacdaf2,328,False
user_448584d7f5,328,False
user_d91b94b350,39,True
user_7a551feb52,39,True
user_de56104b65,80,True
user_4f63ea9b39,21,True
user_2c62cc725d,41,True
user_a6662a47b2,21,True
user_eda1862b79,21,True
user_4f9c4432c5,3,True
user_a5fe61e807,15,True
user_916df9ea99,4,True
user_a7992f8ea7,41,True
user_45743b975b,41,True
user_0112246b3f,329,False
user_84dac280f9,329,False
user_3537d4bcd7,330,False
user_06d8543297,330,False
user_fb921a0816,8,True
user_5571eb753e,331,False
user_44396e836d,331,False
user_11fa78be24,332,False
user_74c0ad22d0,332,False
user_ab243c8bc7,63,True
user_4c4542c4bf,63,True
user_d930d92dc4,3,True
user_c08c8c9b5a,3,True
user_9064bfb2e9,63,True
user_1636d24fb3,63,True
user_e0dcdd9293,53,True
user_24179613f2,3,True
user_247b33891d,333,False
user_492d858408,333,False
user_45b7657373,334,False
user_c8773ab4a1,334,False
user_05342bbb34,38,True
user_577b8e4e97,38,True
user_d40cf0b495,2,True
user_e7b714e3f4,2,True
user_d41478d5af,116,True
user_5ab5fa65fe,51,True
user_e047d2e653,56,True
user_9a206a01c9,56,True
user_eb159a1ae0,63,True
user_50e51bbdb6,63,True
user_aa4d792c13,38,True
user_1d3ef00b9e,38,True
user_cfe114e856,38,True
user_776518aaef,1,True
user_91476e7922,1,True
user_d150e5aa42,63,True
user_f55d836ced,38,True
user_712bf91b91,335,False
user_b5384248b3,335,False
user_ce80acf3f5,1,True
user_b53a90da78,1,True
user_eb0d6f13e3,8,True
user_772611b886,23,True
user_89407ab41e,8,True
user_1d351341ea,1,True
user_a0da20e9c3,336,False
user_b34c68cf5f,336,False
user_671f468459,90,True
user_afb4c02aae,337,False
user_413765e7f2,337,False
user_5a5ee8aecd,334,False
user_ad543b52f8,338,False
user_6e5260d529,338,False
user_66bc143700,339,False
user_1275d35040,339,False
user_5aa10ccb75,38,True
user_3bb3606bd0,3,True
user_564c2382ba,1,True
user_34a8a684d0,340,False
user_b4699e6a78,340,False
user_947e789965,341,False
user_3bef7c7f4d,341,False
user_0cee2e70d2,63,True
user_c395fdae86,55,True
user_7d7739ba24,55,True
user_f9ef253c34,23,True
user_63260a7a48,3,True
user_9a129c6951,116,True
user_0096e76dec,63,True
user_4de3463efc,63,True
user_a2c859f29d,63,True
user_edcc27f0d6,53,True
user_53afb166b9,53,True
user_8a4883e46b,9,True
user_eee02ff6cf,342,False
user_c486f6b130,342,False
user_12c3fa21bd,38,True
user_a49490098c,11,True
user_347461d012,41,True
user_bf3aba10e3,13,True
user_aafa9a6a78,343,False
user_e12c09c138,343,False
user_51dd930cfd,10,True
user_7ab3cf4135,42,True
user_a3375d4bdf,4,True
user_133c48f993,81,True
user_9ec9aad1ca,87,True
user_4cb41df020,87,True
user_9b9964f0d9,344,False
user_862d276854,344,False
user_16eae4b422,116,True
user_5859c683e9,116,True
user_511b747d82,80,True
user_585fe3fdbd,3,True
user_306d877b9f,40,True
user_2fee09538c,116,True
user_45533e142f,345,False
user_3b129d3799,345,False
user_146e5f77b3,41,True
user_833769d093,2,True
user_018d4d533a,2,True
user_3cf49d2bbc,116,True
user_6759fffcd6,346,False
user_4977b02a04,346,False
user_0dfa44013f,38,True
user_b0cf545dd5,38,True
user_ab7b815619,4,True
user_bf06b8eed2,57,True
user_b56b8fa839,57,True
user_dab4360f59,40,True
user_8f6eadf251,31,True
user_fbf17a8740,31,True
user_0e91031c4f,42,True
user_26e12438b7,31,True
user_5f11cc21f1,31,True
user_ce492238eb,3,True
user_f569d2331b,63,True
user_84ea79f445,333,False
user_f222a7f2b4,345,False
user_c5ae91a735,15,True
user_1f4bf8502b,15,True
user_eb7301abaa,347,False
user_e655450565,347,False
user_141332fdc8,348,False
user_f00877a9be,348,False
user_760b34bddf,349,False
user_661ae91683,349,False
user_6ffd0bd5ad,350,False
user_a55fd974fe,350,False
user_e7664fef11,4,True
user_3583a40b8f,40,True
user_2ac7cffd8c,40,True
user_82a168f2c6,40,True
user_f2bbe11133,351,False
user_f16794aa27,351,False
user_176822d703,31,True
user_be06aa7d67,38,True
user_f601e9c2c2,40,True
user_04f9960502,23,True
user_e8c9088ee0,38,True
user_38d3c9e993,40,True
user_8fc4c028bf,15,True
user_db39503fbb,15,True
user_7e3b14563c,15,True
user_5bbcf72201,3,True
user_91a0c318da,352,False
user_1c885ceb37,352,False
user_b321724071,38,True
user_3a1d43aede,353,False
user_0c64e2e36b,353,False
user_5b59ed8145,354,False
user_3ff8364935,354,False
user_385fa30b21,8,True
user_21784fb182,38,True
user_99fe824d0a,138,True
user_e322b7c787,80,True
user_df56d5db8a,37,True
user_9f4a2d2ad2,62,True
user_052151b42e,62,True
user_f52c6422e6,63,True
user_839f03a627,79,True
user_3d74da6a22,79,True
user_b6f030e1e9,8,True
user_cb0ecd5f76,355,False
user_6776680997,355,False
user_6450bdf56a,79,True
user_f88dfad7d6,31,True
user_cf3409f8cf,356,False
user_543603cd59,356,False
user_1ab08afd44,81,True
user_79e5850d19,81,True
user_1b915550ff,63,True
user_c05a2cd50f,357,False
user_693314b9f6,357,False
user_0ae9477f36,356,False
user_40c3c24a3d,3,True
user_9933e61c5c,56,True
user_d76af9e5f5,56,True
user_7860921961,7,True
user_7bde44a517,7,True
user_364dc35e25,27,True
user_d47f6cbeb6,23,True
user_e613f5c6ef,358,False
user_a76d299b20,358,False
user_41263531cb,359,False
user_8d59db8dd8,359,False
user_9e7c2000fe,79,True
user_8b9235aac1,79,True
user_78bc007b03,38,True
user_7638490db4,360,False
user_a7dffe1dcf,360,False
user_be33450079,79,True
user_405119fc9a,38,True
user_3464c063df,3,True
user_4de9bd1255,361,False
user_650310cf7b,361,False
user_f62d971752,38,True
user_054f197747,38,True
user_55a4b2cc35,9,True
user_5e188748d3,54,True
user_0b8c27f35a,54,True
user_aadccfafd0,79,True
user_f9b17f9eda,38,True
user_ecd978482a,38,True
user_dbc4bebe89,356,False
user_1bdeb47936,8,True
user_758461b0c6,8,True
user_60eecd3ece,362,False
user_3f7b3116d4,362,False
user_5111beabbf,13,True
user_0d3e395f1c,13,True
user_7ddf14032a,38,True
user_bbb8b069e5,38,True
user_57b9525a3c,23,True
user_485a912c5f,23,True
user_81c3c47485,53,True
user_fd4d7b690b,38,True
user_9b7fad1c53,13,True
user_0083844c67,23,True
user_2ba3d0cfaa,363,False
user_b977fe4248,363,False
user_c3e8bc40fe,81,True
user_bb879623ea,38,True
user_f21e2a2b5c,78,True
user_9806791f05,3,True
user_fd3af8a53e,364,False
user_ec5f45170c,364,False
user_acf9f8d91b,347,False
user_13952de9f8,3,True
user_b4233d6f6a,46,True
user_ff4322ad17,46,True
user_0f18ae8a34,15,True
user_ae19a66e87,63,True
user_051d6576e0,81,True
user_f98e8443ec,38,True
user_986d25e2ee,38,True
user_fc9bd526e8,3,True
user_9b726933e3,3,True
user_6b9d78b88f,365,False
user_a44a8b233a,365,False
user_cb12bbb981,192,True
user_b1b3d3e425,2,True
user_1e2ba47854,348,False
user_82f9105ad2,3,True
user_3a9a36933b,3,True
user_230b50b8ab,46,True
user_38d6c9a12b,46,True
user_a3cc96f80d,366,False
user_87fbf4747d,366,False
user_c46017387d,367,False
user_42277735cb,367,False
user_78cc224308,3,True
user_0e1dadf86f,27,True
user_b68d319192,23,True
user_3c28eb9652,116,True
user_a2e2730a12,38,True
user_693206ae87,368,False
user_838ff78d00,368,False
user_97cfa908be,369,False
user_c4e7eb0760,369,False
user_2b0be6b42f,38,True
user_26c34dd4e7,3,True
user_8c79d1e82f,40,True
user_72274228cb,76,True
user_3c29e46708,27,True
user_18e4e56461,63,True
user_0442762366,90,True
user_33f19194b5,3,True
user_f35b65d25a,347,False
user_2230202753,38,True
user_c178bc3fbf,38,True
user_546dddb74b,370,False
user_47dc45d5cf,370,False
user_ad4205a7c2,81,True
user_82bbd809a0,76,True
user_3d13653024,371,False
user_20ab5bfcfd,371,False
user_fa85af680d,37,True
user_a38da6fb2d,37,True
user_f625d7d813,12,True
user_3fe1e59c58,12,True
user_e46e29b878,12,True
user_804de080e5,12,True
user_d75e187a63,174,False
user_b608caf6fa,12,True
user_caf44f1e99,15,True
user_2d1a422e7c,12,True
user_7595c7b6ec,10,True
user_824affe236,356,False
user_e03bf6323d,37,True
user_8085d4e0ea,37,True
user_564e91284c,372,False
user_b714323c40,372,False
user_dfb73eabd3,10,True
user_60af42503d,10,True
user_fc4200cdf8,37,True
user_2187a67c8b,15,True
user_64d2721480,78,True
user_1b20eb00f8,78,True
user_80f9698220,10,True
user_28f1001440,111,False
user_fe70f75026,78,True
user_095d3a4f55,78,True
user_13a44e0a13,15,True
user_69b9634222,15,True
user_c2aa590a68,63,True
user_8377f9e922,78,True
user_d215be342a,356,False
user_9648c021ce,41,True
user_d9f0f0641e,37,True
user_bfb6324c63,3,True
user_5bbe4c35b4,3,True
user_e12acb3035,373,False
user_cfb541e4f2,373,False
user_460a72544f,4,True
user_3f3c30381a,374,False
user_718fe01186,374,False
user_45bbce699b,10,True
user_99e24d2460,375,False
user_ef66c0eada,375,False
user_4e52e2a4c5,376,False
user_48ac3b366c,376,False
user_5628f3a92c,377,False
user_b794a175aa,377,False
user_e6a1288576,15,True
user_084f033c34,57,True
user_1bc4874ee5,9,True
user_cce84a80b1,9,True
user_80d6dd448c,37,True
user_1471e54c86,8,True
user_b17803dbb6,8,True
user_05caa05ccc,79,True
user_9465d57a11,7,True
user_526688902f,7,True
user_e07be0fe85,378,False
user_30275c6c9e,378,False
user_0147b9ed6f,37,True
user_9e0b84a43d,37,True
user_45f2da92b5,40,True
user_e78c7ff0f4,8,True
user_86653577e1,8,True
user_23dbfaa5ca,39,True
user_0757125c76,8,True
user_268da6ed3b,90,True
user_b13de4847d,57,True
user_2b3c48d6f2,54,True
user_19aaa057ad,54,True
user_415b1cb1f0,379,False
user_1436660294,379,False
user_2bf04a1a53,41,True
user_494bb6c9b7,379,False
user_6dd6e3ce9e,356,False
user_a8a93da2d9,331,False
user_aca0f69d87,37,True
user_16964390ea,78,True
user_76c900faf9,3,True
user_f5fff4a0be,38,True
user_bbaab245fa,38,True
user_3bd2ca409c,10,True
user_0de4239446,57,True
user_a36e520f12,90,True
user_e9ec9e3e1a,4,True
user_1878d80303,38,True
user_ad4feb8c28,142,True
user_9c2673728e,380,False
user_5d22571ca6,380,False
user_732274456c,78,True
user_44504314f2,78,True
user_42595b2c8f,381,False
user_b408724db8,381,False
user_404ec18d0b,90,True
user_45ebd82669,90,True
user_7aac957efd,382,False
user_b6475922e5,382,False
user_e986aa244f,4,True
user_c2820ee36e,1,True
user_4b7466fc4d,90,True
user_f27ad0cc90,75,True
user_72bd2e290d,75,True
user_21f3526f17,3,True
user_8ab9b7fc24,1,True
user_274476dd9d,55,True
user_b0e66ba21a,55,True
user_b2f0687a67,130,True
user_c9beabea72,383,False
user_df8962fd05,383,False
user_de0c5762fd,90,True
user_a9c0d3ae5a,90,True
user_8c7e759eb3,75,True
user_2988361159,90,True
user_46e88a4328,79,True
user_318a41175f,4,True
user_6b7951a379,384,False
user_52e3b301e7,384,False
user_694963f9c6,3,True
user_861328e58c,91,True
user_26ca4d38c9,46,True
user_1624ffc4db,15,True
user_79478d9808,3,True
user_dd5c91e59d,1,True
user_34e4714eaa,12,True
user_dd543eb649,12,True
user_044d9f18ca,4,True
user_8f4dc2e9af,3,True
user_41ff8c57af,1,True
user_9070b0c4af,75,True
user_3cf89d0e33,75,True
user_30a0c5ee51,4,True
user_cbb361cce9,385,False
user_31a60db988,385,False
user_848f4568a1,1,True
user_cd663dadcc,37,True
user_b3d0d9356e,15,True
user_393e20cea2,1,True
user_32e6a2b05b,12,True
user_fd98642ba9,12,True
user_ec119254d5,41,True
user_0fb91b8347,2,True
user_9692e8b3d5,2,True
user_e20aee860c,21,True
user_3c407bba24,12,True
user_0f9ba6c2d6,4,True
user_3e3046e390,386,False
user_635d77d844,386,False
user_063b9ae6c5,46,True
user_d009011811,1,True
user_e4680b6fca,10,True
user_e3894a6fee,10,True
user_fc63e13186,1,True
user_6175119e36,2,True
user_a71b8a6243,7,True
user_99e077cfae,2,True
user_ef5aee61a8,386,False
user_910141531e,4,True
user_e89e49c49b,3,True
user_c843848b2a,1,True
user_1c6168b670,46,True
user_85dc7a3167,9,True
user_5361a29dad,9,True
user_7dfbb67ada,1,True
user_1202a67388,40,True
user_42f47c1300,12,True
user_6911dca7de,8,True
user_5e345fb1dc,36,True
user_d74a4e57ef,387,False
user_c41285c663,387,False
user_a2c60cdfc2,2,True
user_c0878f96b8,23,True
user_55a0476f0b,36,True
user_0e4fa27e22,36,True
user_1818d2d6fc,51,True
user_8570942cdd,11,True
user_bf664f1598,1,True
user_09a6e03b34,51,True
user_b4dfd57e1b,36,True
user_279cabc969,51,True
user_da64ea6e06,7,True
user_095507d986,7,True
user_7f9b632f4c,36,True
user_1d14737d62,36,True
user_5442df6f4c,2,True
user_875565083b,8,True
user_30a776dab1,21,True
user_6ac671c86c,57,True
user_da54e26e61,75,True
user_6901438b93,3,True
user_fb5a461ab3,7,True
user_64c3e1d469,2,True
user_bcacdee1a8,36,True
user_911075da90,2,True
user_42d3142794,12,True
user_f0570f210d,6,True
user_550f17e4d9,6,True
user_765596900f,81,True
user_6750c06b65,51,True
user_035593631f,8,True
user_fcc13e82e9,12,True
user_3a7782aa85,1,True
user_fef9ae3867,8,True
user_f8359d2a66,36,True
user_6c72668b11,388,False
user_212c0be6b1,388,False
user_10d7690d03,57,True
user_efb4dbcbe4,36,True
user_91c3a627b7,11,True
user_02870fb6dd,51,True
user_bc90019f34,3,True
user_1389a2f05d,51,True
user_e1b0f95376,51,True
user_cbdc2f4154,138,True
user_4fdb3142e7,12,True
user_017f163b1a,389,False
user_385ece4099,389,False
user_009d4a1cd9,3,True
user_269b30ac04,390,False
user_47034c847e,390,False
user_fa41de4e04,391,False
user_9407a402bc,391,False
user_b626b56c4d,75,True
user_ab38b923c1,8,True
user_9d0e8d65d9,346,False
user_85926f2dc8,1,True
user_5ae34bbf5b,392,False
user_6dd524eb93,392,False
user_58b9ecb4e3,23,True
user_aca75adfea,393,False
user_1929e470a7,393,False
user_8824a492be,87,True
user_c71dc2c80e,7,True
user_43c861237f,23,True
user_624daae015,23,True
user_5ffbe2f2d7,91,True
user_94e591b83b,99,True
user_32b1aeaa57,99,True
user_f9dfbafe4b,142,True
user_d71b55dc4b,394,False
user_4e7a7e6bdb,394,False
user_cde4205fa3,3,True
user_6f9872fede,99,True
user_47f3583db5,39,True
user_6d45d1e079,130,True
user_cd9ad69af2,130,True
user_d9552895af,15,True
user_ea001ba9be,31,True
user_b07763d21a,2,True
user_0a241774b4,1,True
user_26f16e9020,39,True
user_71767194a3,9,True
user_ffb600ac20,395,False
user_9ca54473f3,395,False
user_fd1eb8b797,27,True
user_7fa7e139e9,39,True
user_dc152b3a8b,99,True
user_c45598a28e,142,True
user_2a3db4345d,39,True
user_6ac5dcc25c,3,True
user_0c42bf67b9,62,True
user_6dbc0b91ed,62,True
user_e716e5449b,1,True
user_eb4b57bf69,12,True
user_eea36a038d,39,True
user_7495cfa020,39,True
user_84bc842e06,396,False
user_de801e35d5,396,False
user_6663905d1f,99,True
user_93cae16343,80,True
user_10c48ec8d2,3,True
user_2ef9acedae,160,False
user_80164fe12c,99,True
user_6acd1e6c5d,12,True
user_92090fd48f,1,True
user_eadbe8c9bd,397,False
user_255c6c858a,397,False
user_e33a4d5c59,78,True
user_99cb671268,99,True
user_6bd4b294c7,1,True
user_d15a90d9d5,99,True
user_d384388efa,99,True
user_7c60bba052,75,True
user_12529c0d77,75,True
user_62e173b34f,81,True
user_5f86dea94a,81,True
user_17d89cac71,10,True
user_d2036977d3,10,True
user_a66db0dd18,1,True
user_fe1c196775,41,True
user_8ee3fb5a3f,2,True
user_cd88ae303e,1,True
user_32179a6557,91,True
user_028cdfb9b3,398,False
user_5f64b5764e,398,False
user_755b02322e,116,True
user_a5e792f5ad,1,True
user_f24a8a7468,81,True
user_8b68cefd85,399,False
user_9215339530,399,False
user_10f27a0d53,12,True
user_b04e382940,12,True
user_1eefe94cf8,81,True
user_5c71dc146e,99,True
user_bd20618e4a,12,True
user_05fdd447b0,99,True
user_c3569bac71,11,True
user_0917c54259,10,True
user_45e0f9eb3f,99,True
user_b0d15eb256,12,True
user_e384eb7438,3,True
user_69a3b9e4de,140,True
user_41d6e4813b,39,True
user_52eff17f4e,81,True
user_99a24abf0a,53,True
user_24ce0f2509,81,True
user_c4b33b1d93,75,True
user_87db67043a,62,True
user_188b9fa1ca,138,True
user_f214bb6580,23,True
user_9fcf56eb0e,23,True
user_387add3e82,4,True
user_32d2f02fc4,281,True
user_849e5f92e5,281,True
user_f00a343cd1,140,True
user_c860bffa60,99,True
user_cbdb4f4766,99,True
user_1a6b4819e6,385,False
user_8331d00aa6,140,True
user_f4fc72b171,51,True
user_5c538cd655,3,True
user_d60873ba68,53,True
user_3653b1608e,53,True
user_ba4b07b810,53,True
user_25bc5661aa,351,False
user_b3817664ad,53,True
user_4feb3c3989,400,False
user_984c1248e1,400,False
user_ae410c36b3,4,True
user_2aac48dc1e,401,False
user_34c6a56abd,401,False
user_4ebf5d1e9d,79,True
user_a6e460582e,53,True
user_4280b1883c,140,True
user_e78da19b14,1,True
user_c102c0760e,8,True
user_2d2b29b815,81,True
user_27b97c5490,56,True
user_c21a4a8f67,140,True
user_0fbcfb2f06,39,True
user_44e1431d00,371,False
user_a6b47f5db4,27,True
user_2d2b9b5f00,27,True
user_9e5108e8ed,13,True
user_887a201560,13,True
user_ee03a60e76,7,True
user_0609cc989e,8,True
user_3d893ca025,21,True
user_265c063626,80,True
user_28924c5cf3,80,True
user_f87bba3661,140,True
user_a97190d3e5,402,False
user_a64604f01a,402,False
user_43b42cec20,403,False
user_6e47de3adc,403,False
user_9ca4e40061,4,True
user_06f212455a,4,True
user_8eb97d7b2f,80,True
user_c222ff403d,11,True
user_1e4432c9fc,7,True
user_a2059fdb52,7,True
user_a4c42cd6f9,4,True
user_3b90140b18,80,True
user_71ea72a650,4,True
user_e3016a0392,7,True
user_99c2519f32,11,True
user_8003e0fa55,53,True
user_bd75751e00,53,True
user_e40e4a101c,140,True
user_83577d7e81,140,True
user_11c6be0272,57,True
user_a30f7057dc,57,True
user_30ffeea88a,81,True
user_f540e7ec2f,62,True
user_468271859d,404,False
user_40b11fa8e8,404,False
user_e3d4e9a490,99,True
user_103e0f0f87,10,True
user_e7832c835d,23,True
user_63a4c46cb9,53,True
user_462d87a69b,99,True
user_d8023bf11f,405,False
user_cb566988b8,405,False
user_1af229864d,37,True
user_70aca79dba,3,True
user_38093a0f63,2,True
user_8ee99d8f39,11,True
user_ca25390fdf,11,True
user_54e0b21bf9,406,False
user_120058de63,406,False
user_d5aeda8286,407,False
user_4c19b6abcc,407,False
user_92a0ea00d2,408,False
user_e8e0315468,408,False
user_55c60419d2,56,True
user_d5fb77a58d,56,True
user_6a2a2f1172,27,True
user_de3b956430,46,True
user_e691f4519b,408,False
user_fe656f2c75,409,False
user_6eaa427580,409,False
user_1bb44bb8b6,410,False
user_388f400fd2,410,False
user_5447cc5ea5,54,True
user_008f8054aa,46,True
user_c6e4dffeab,3,True
user_02fdcc8767,11,True
user_c27ff1ca9d,11,True
user_635b676312,40,True
user_22b4c69bbb,27,True
user_810a512ecc,411,False
user_b6618a1edc,411,False
user_3364c121bf,11,True
user_bc0dd0eb46,46,True
user_9341240c27,13,True
user_751c8bc775,46,True
user_5de3ada367,31,True
user_fb521d841e,13,True
user_10890b3a5a,90,True
user_68aba83ea5,142,True
user_b11a008db8,11,True
user_017200e7c7,37,True
user_c08a876ec0,1,True
user_c532cc19b8,37,True
user_bbc5241347,33,True
user_1088f48c56,142,True
user_3181876071,37,True
user_3221f71c8b,37,True
user_818d0523fb,91,True
user_2b5f1ff38c,91,True
user_6ddc3ccecf,37,True
user_03cb5882ce,142,True
user_29fdb699f8,80,True
user_6a6ee31d84,217,False
user_5bb0c3b16a,2,True
user_ca942af1a3,62,True
user_6f20f61c57,37,True
user_1ced209db4,31,True
user_dff2b36d4d,56,True
user_8ff658ce7a,27,True
user_37fa99206e,11,True
user_6f4974c9c4,11,True
user_b68f38c115,62,True
user_51e7306fdc,412,False
user_ccf93442e4,412,False
user_bae0ea4dea,81,True
user_cfdebb4110,62,True
user_e11ea18e98,99,True
user_44659e48d1,63,True
user_2286cb6932,54,True
user_4aa6416427,51,True
user_f1df9002a6,56,True
user_05fc8ac949,37,True
user_230f1912be,2,True
user_05a4bbe7d2,39,True
user_c560dc5acd,81,True
user_63c7d42cd7,13,True
user_2002b44d82,140,True
user_bafd3fc76e,140,True
user_c9d4e8f09f,15,True
user_e7767db012,15,True
user_0b056289e4,413,False
user_77ca965d62,413,False
user_195a2146e5,57,True
user_3cd23f01e0,15,True
user_48d01696fe,414,False
user_cf9c434e62,414,False
user_e45810421e,415,False
user_8ad97b5c02,415,False
user_4c73ee853d,140,True
user_7260a5903a,1,True
user_c6c7710821,9,True
user_fa9aef3dc4,15,True
user_a8214fa8f2,138,True
user_9f327d3dbd,416,False
user_021c2d6c3c,416,False
user_9c8e1c4996,41,True
user_13caac8134,417,False
user_4b1053aafa,417,False
user_138cc7fe97,53,True
user_c1627c12cd,15,True
user_2782859bfb,2,True
user_f004ae097c,2,True
user_e5b137eb72,53,True
user_43c1ed250d,23,True
user_081841c821,23,True
user_3996e25f24,418,False
user_4131096a83,418,False
user_13044d3c3c,4,True
user_b02c7076f0,53,True
user_298e675140,416,False
user_d49348f2e3,23,True
user_9f6bd72f74,419,False
user_4f1d373aec,419,False
user_8d74e0ff89,4,True
user_9b3e60193b,15,True
user_de98796d86,420,False
user_ae8ef2f06c,420,False
user_56577f2a07,12,True
user_eb37a8e662,99,True
user_0e55e9b006,8,True
user_e243521890,2,True
user_c5b42c23b8,2,True
user_45529bd73b,75,True
user_d4125f5d47,53,True
user_7fc15c8122,15,True
user_7adffa3303,33,True
user_6809a02068,33,True
user_a41423fce3,91,True
user_6469249f70,91,True
user_605ac1bed7,2,True
user_443d5e096d,3,True
user_c3935b1c59,421,False
user_27a941c95a,421,False
user_03dd888ab6,23,True
user_3e2651cad9,417,False
user_b93a09c7fc,44,True
user_0b814127ed,44,True
user_67ef91ad66,44,True
user_7ed2e287b1,31,True
user_2b73be0efd,37,True
user_a71bd650f9,57,True
user_4bd20ac884,53,True
user_14fd631c4a,53,True
user_5d6efbc002,37,True
user_a76836ff98,130,True
user_62e4d471b2,130,True
user_ed567e60ab,422,False
user_b06645ab1a,422,False
user_b6ed1f16b3,15,True
user_fc79cc45ce,15,True
user_f5bc2da4e4,46,True
user_43124b30e6,423,False
user_17f80798b9,423,False
user_87dc627d53,2,True
user_2db72d67e3,80,True
user_629e9d3573,53,True
user_1a369fb2e0,63,True
user_df39ee9074,80,True
user_4088a372d9,13,True
user_99cda7852c,46,True
user_d60a8f55d7,54,True
user_d4badbb73e,3,True
user_a90da0e15b,54,True
user_88761903ca,140,True
user_37ca2140bc,78,True
user_c50eb8916d,78,True
user_f737e8dca4,78,True
user_fae8da6413,12,True
user_7fc617cd26,78,True
user_3f7c94f431,78,True
user_ccd4e7cc52,424,False
user_f551b880aa,424,False
user_d1bee2bbff,62,True
user_951addea68,23,True
user_9636388039,78,True
user_48131d9adc,5,True
user_473ebc69ad,5,True
user_99bc39fb8d,425,False
user_45deaa5ef6,425,False
user_b26ae684d5,426,False
user_1d8438ac33,426,False
user_2da2514359,23,True
user_d10408ba2d,78,True
user_753f0557a6,44,True
user_ff179a8360,10,True
user_12744fcbf8,9,True
user_577e0a81ac,78,True
user_3ff05cc98e,40,True
user_9b405bd4ab,78,True
user_7fb6687fe8,427,False
user_25f142f784,427,False
user_8db3c2e9ec,428,False
user_730d623ca1,428,False
user_0d1ec2e1cd,427,False
user_d95cce072e,429,False
user_523bba5a0d,429,False
user_16bc6a7862,5,True
user_dc86a032c3,41,True
user_54bcf1ec93,78,True
user_d65dff9d18,430,False
user_aaa018c0e4,430,False
user_90e840560c,5,True
user_3398ea0d30,78,True
user_ea35bc665f,78,True
user_812617f23c,78,True
user_51455783a1,431,False
user_7807144050,431,False
user_785c025ccb,78,True
user_4f07e5d119,5,True
user_3559ef3b3c,78,True
user_21ca89fb6f,78,True
user_4cb886857c,138,True
user_e8d8c9d8ae,138,True
user_ce55e628b5,4,True
user_df9f71fda6,432,False
user_71cf64f325,432,False
user_d75c52ee79,433,False
user_8b6c3e1e46,433,False
user_397b5334f3,78,True
user_a3610e0bff,434,False
user_22dbf09a2e,434,False
user_2f82cc47a1,138,True
user_12bd4e606d,435,False
user_f55b803f6c,435,False
user_c235d0cf61,13,True
user_9c07a7954b,55,True
user_9b161630b5,436,False
user_cc64340ea6,436,False
user_6aaf651869,40,True
user_8f09cf57d4,40,True
user_0192f933cb,433,False
user_43f31484e1,27,True
user_13fb07808d,53,True
user_822a823461,9,True
user_4106327d3f,62,True
user_fbc1b2f27e,62,True
user_52f7a7b1ee,40,True
user_957a26a04e,51,True
user_3cce8fb4ff,437,False
user_578002d512,437,False
user_d22f16035b,51,True
user_9753eef8f5,438,False
user_401dd142e5,438,False
user_bdb6b1c5d9,3,True
user_f780f763ee,62,True
user_94039198d8,5,True
user_1a74819192,5,True
user_dfd6eb32b0,53,True
user_824c5dc216,53,True
user_b480000761,62,True
user_88808f5c93,51,True
user_274107fa31,439,False
user_4112f06794,439,False
user_0e4b889bd1,57,True
user_697b658af1,7,True
user_715f0ed1f1,8,True
user_44fa855908,5,True
user_2e16370bfb,51,True
user_d8cc6cf7ef,78,True
user_4310566158,5,True
user_441285ca83,40,True
user_ee3eb470b5,46,True
user_6ec5f74290,5,True
user_d11457bdd1,51,True
user_598a77f35a,440,False
user_3e0576ccea,440,False
user_cf07416f1c,23,True
user_f5d1af1e68,33,True
user_8590ce5bf5,33,True
user_e3619b26e8,441,False
user_ce03eb15d3,441,False
user_45460b9d4a,142,True
user_91ec317eab,2,True
user_5e8db5dc2f,31,True
user_f505879516,51,True
user_e8be57bef2,13,True
user_467771088c,80,True
user_2842deff10,1,True
user_8b95b00037,442,False
user_3b18cb60fd,442,False
user_d1c8069f8c,51,True
user_e9dea81f7b,23,True
user_ac3130e22f,33,True
user_02f974640e,51,True
user_4b55bbd533,3,True
user_93ba52cef6,3,True
user_9753bfbc99,51,True
user_daab96ad90,51,True
user_1c9732af21,10,True
user_9788cf667e,51,True
user_a616b1a337,8,True
user_93ba6fa393,140,True
user_252fe80b44,8,True
user_a68df203ac,8,True
user_219b881a34,51,True
user_834fce2f61,51,True
user_1b8128c34f,51,True
user_d0936afe62,51,True
user_a301b2b0e2,51,True
user_681ffc3931,48,True
user_ecd904bc62,48,True
user_608297edbe,51,True
user_6f20846405,51,True
user_59f00758b2,80,True
user_547ee9c634,80,True
user_b1b4ec58de,51,True
user_250df4a4a7,33,True
user_281b849984,51,True
user_25aa535b4f,7,True
user_2b475e0686,51,True
user_7905b3d94e,51,True
user_864e10b551,51,True
user_6d89e46e14,443,False
user_df4a1ddff5,443,False
user_949bda3d16,80,True
user_7115b7a22a,8,True
user_69c2557163,7,True
user_5669483718,9,True
user_69221801a8,9,True
user_910d416cec,444,False
user_efee160ad1,444,False
user_4626291ba5,44,True
user_c97ba55b13,44,True
user_9696b89ad5,44,True
user_c39e536f80,51,True
user_64600797fc,445,False
user_6da8c94482,445,False
user_459728f15b,2,True
user_25a74a3232,90,True
user_cd30f21cf0,281,True
user_f4321f30cb,27,True
user_5c456cbbd1,27,True
user_0d89529ec1,446,False
user_8495052741,446,False
user_fbf003f381,11,True
user_b76d444706,11,True
user_7d4443c4fe,3,True
user_2e09eac645,3,True
user_80d43c22a0,21,True
user_9511e2a033,447,False
user_1f0e293258,447,False
user_9a2d9eb30b,447,False
user_f378b878de,8,True
user_635d1bafbb,12,True
user_0f1dad1757,448,False
user_5348a6acc9,448,False
user_a41619ff69,56,True
user_8bf1d05095,56,True
user_7c9f3d33b6,4,True
user_eaaad8c73b,27,True
user_83cbfaf9d2,78,True
user_a718fb0ee5,44,True
user_d542541d6e,51,True
user_669de7ab13,12,True
user_a739d5459f,44,True
user_89595d7bd8,449,False
user_de383c2688,449,False
user_1f1e56b9c0,51,True
user_658741bdb6,37,True
user_b8a841afae,40,True
user_973105bb57,40,True
user_05b7885f22,450,False
user_f0a748d02b,450,False
user_7608fc9bdd,269,False
user_2b3a2c3c58,140,True
user_5d94d1904c,36,True
user_e2ac9df5ed,451,False
user_c60801a86b,451,False
user_ff65956e66,452,False
user_e6a5eb4a1a,452,False
user_bdddcf1844,142,True
user_3e18d4ce5b,138,True
user_c2fe539385,51,True
user_4d1d231083,51,True
user_0a1b1c2841,44,True
user_5e6406876d,142,True
user_e79ca8cb14,444,False
user_1e4d124c94,453,False
user_a5bca5726c,453,False
user_2e1c7256f1,454,False
user_7539d45440,454,False
user_7e5dd1384c,455,False
user_2bb47c25ad,455,False
user_b9bc977286,39,True
user_2bde69c43f,7,True
user_469578f41a,7,True
user_d1d142d345,456,False
user_48f216237d,456,False
user_39a3cbf7d4,142,True
user_f465f20bdd,142,True
user_2dc74e6f56,457,False
user_877f023d59,457,False
user_9952bd1123,458,False
user_0ee69c6726,458,False
user_95a70bfc86,87,True
user_0b682d8d3d,81,True
user_95ab553c4a,78,True
user_8facd5b3f1,8,True
user_f38a382850,8,True
user_ce83c046b1,9,True
user_3240f6de9f,9,True
user_40b84b351b,459,False
user_4184463c63,459,False
user_6cc4dacc6b,8,True
user_0a6ce7169a,23,True
user_b14970c74e,8,True
user_02702f900a,56,True
user_16bca563f7,140,True
user_0416aa2f17,44,True
user_f2ac4ea06d,8,True
user_af12dc55b5,37,True
user_22acefbd98,8,True
user_a8a7429f91,51,True
user_a568254df3,56,True
user_908ac6efe3,3,True
user_f63091bdfe,116,True
user_71409e5f5f,13,True
user_46fbde8bec,13,True
user_38ef15c950,460,False
user_0985253edf,460,False
user_8bc2b16a2f,142,True
user_7fcb988d93,1,True
user_0f6cd53c03,461,False
user_7fcae7b178,461,False
user_18eac0af32,140,True
user_a8dc8eeedf,462,False
user_748044daf2,462,False
user_3d3c23509a,12,True
user_b2c0c6e156,37,True
user_c7a1be6b16,9,True
user_f25b0ec896,56,True
user_a9d83eb279,8,True
user_0292b88195,56,True
user_b2e14e7378,56,True
user_f4b1645fe7,39,True
user_5987c2c44b,80,True
user_698f49c542,2,True
user_74c7733550,1,True
user_bfdd72cd1a,46,True
user_8e0a46333d,11,True
user_516205ea6c,8,True
user_ce36281c87,142,True
user_8025da6488,56,True
user_76e4e75b7e,87,True
user_252681f599,44,True
user_e7b3bd37d6,1,True
user_d5ec45848b,11,True
user_10b312e67c,463,False
user_ebc989125d,463,False
user_cb044069b0,464,False
user_0d9ba1dac9,464,False
user_2aba6ba282,10,True
user_139c0ca355,37,True
user_0fd855f17b,90,True
user_ad17f0a884,465,False
user_0266e1a7c6,465,False
user_1cd9f5ab4b,466,False
user_383d47f63f,466,False
user_146a782a92,44,True
user_aeccbc16f1,9,True
user_00e346f280,1,True
user_074bf8d948,54,True
user_98fb5ea086,2,True
user_1cf33e367d,140,True
user_ea22367cfb,51,True
user_0a3f4a4dd4,11,True
user_6257f98e90,1,True
user_57b1997df7,7,True
user_c15fca3a98,8,True
user_5f94f911d1,467,False
user_2329279dae,467,False
user_a401bf5f5e,21,True
user_fc8d536ee2,11,True
user_9943e3f2ea,11,True
user_8bb3ffe3e9,57,True
user_3e8a45c013,42,True
user_4316f687d0,55,True
user_5332e19433,23,True
user_49f2364239,23,True
user_8c9df53338,51,True
user_9c493dffe4,468,False
user_b60ebd9a96,468,False
user_ebc5f0d610,3,True
user_1ba7e8c22e,469,False
user_029b9eb190,469,False
user_445afbd450,12,True
user_23ba974125,3,True
user_92c686a951,9,True
user_44a86c0ea8,42,True
user_46ab936f47,63,True
user_e441bb2924,42,True
user_e46a2de9ee,470,False
user_c30efea783,470,False
user_93f20a9be0,9,True
user_61402ca192,63,True
user_427f58b083,42,True
user_afafa86d77,471,False
user_27c88e646a,471,False
user_730a1f03a6,42,True
user_5f8a24cf1b,7,True
user_d9a59d3c98,63,True
user_a9cb95cb03,472,False
user_13ce9d6afb,472,False
user_33cb4070ce,63,True
user_e4e0f975bb,42,True
user_b1be19fdaa,23,True
user_0c12456fa3,23,True
user_7dc49882ac,42,True
user_6cb6a7b5a7,54,True
user_63f31a9437,54,True
user_62a08b03a2,56,True
user_5c565ba895,37,True
user_4da027ccc4,39,True
user_1a97518977,63,True
user_7b5477b86c,75,True
user_c506a0d6c0,63,True
user_fab564a326,63,True
user_3a7c656751,75,True
user_c0d96583d4,81,True
user_0619905f06,56,True
user_2855b25dd0,473,False
user_9568cda51f,473,False
user_1b29c5b287,91,True
user_919ecb1481,8,True
user_666ff54641,1,True
user_29db3a6c65,1,True
user_a6c58fa3be,474,False
user_d86f88287e,474,False
user_f2745bc414,365,False
user_a55cdc4a37,51,True
user_51bc97b9eb,475,False
user_5bed8251b8,475,False
user_5301dd5b7a,7,True
user_61988a26e8,37,True
user_259409f3d3,63,True
user_5a0cd586ee,62,True
user_28dccc2c53,63,True
user_4556e12100,63,True
user_f1c1f02452,62,True
user_b3d92ef8af,63,True
user_64d05981fb,87,True
user_d0365520b8,63,True
user_1bb1a589a7,244,False
user_50bbca78ae,4,True
user_085da213e6,10,True
user_d95f7c35ed,476,False
user_f80b7467f9,476,False
user_cac1747b8a,7,True
user_4463de913a,4,True
user_8afde826e8,7,True
user_9a4ca2bdb1,39,True
user_8729f92c9b,444,False
user_8e8786e547,51,True
user_7753262c25,8,True
user_be145dca33,7,True
user_94cff25ec8,81,True
user_19f2161e26,2,True
user_51db9733ac,9,True
user_2e7eedd8b4,10,True
user_78e1d6d311,41,True
user_7f26ac608c,55,True
user_34c1a1b837,4,True
user_1bc1a0ae85,4,True
user_de5710652e,4,True
user_d550022b1a,7,True
user_cd3f111f3e,41,True
user_5d8446a2c4,44,True
user_aa60c019a9,53,True
user_3863c65c3f,477,False
user_1fddcd7354,477,False
user_1464e9d8f1,478,False
user_2cda96e059,478,False
user_bf4fb8bb39,142,True
user_49569b156f,7,True
user_020c7b39f2,479,False
user_de7a3ff1d3,479,False
user_d9a5e26b63,56,True
user_02ee184e3d,4,True
user_37e527b5c4,7,True
user_a59ab07f38,8,True
user_74e0ab2cae,7,True
user_56613bbf4a,480,False
user_dee97765f8,480,False
user_55f4716fa3,7,True
user_c9741c8813,37,True
user_c9bae8796e,8,True
user_e01e1c98ba,468,False
user_5a2f5dc9d8,5,True
user_9ada487268,5,True
user_61bd6dde09,8,True
user_dd0bd7bdc6,90,True
user_40dc5a6953,9,True
user_10c60cfe6a,5,True
user_6d1160ee71,81,True
user_06d6cc2cc7,81,True
user_2252076276,269,False
user_f0e881d011,116,True
user_c3eeb8798e,9,True
user_c28b865793,37,True
user_8c864b0a9c,10,True
user_d231e0e3dc,481,False
user_0b6f25649f,481,False
user_655ea3d5a7,1,True
user_d1db241cd0,10,True
user_7b5e638ba1,142,True
user_d96f5d6c3b,482,False
user_3f78cbb2e6,482,False
user_399c0925ea,10,True
user_3fa330ce75,7,True
user_6dc1a65fe7,44,True
user_0f7ee495a6,483,False
user_70653cb520,483,False
user_fd67da76b8,46,True
user_cfffd35ed9,62,True
user_98b21fc752,7,True
user_0d0c10d874,142,True
user_8e73293f1e,56,True
user_6d02f825bb,56,True
user_62dcb430f1,142,True
user_393dd2a60c,63,True
user_e2fa36a416,130,True
user_a763597817,10,True
user_f5db290c2d,39,True
user_6c702df0d0,15,True
user_ef616f0e38,39,True
user_ccf7092777,10,True
user_2fbde50ca7,90,True
user_df53379e8d,40,True
user_618cf9263a,484,False
user_9ea4d98d91,484,False
user_f58b089805,10,True
user_2ea639ed3b,4,True
user_cd920654c4,3,True
user_4a052c00f6,3,True
user_b1a345c225,57,True
user_ddd929167c,57,True
user_f1fc800bb8,485,False
user_4c1cfe650a,485,False
user_970eafb9c5,2,True
user_a0522208d6,2,True
user_c44bf4e09e,54,True
user_04ed4d4bb3,54,True
user_ed51358b28,53,True
user_04269d5dae,486,False
user_5bcf40cbd7,486,False
user_55375c3cc3,487,False
user_e992c66165,487,False
user_9c552b8d22,488,False
user_cdfef0d3fe,488,False
user_cad1f994e6,12,True
user_65bddb179a,129,False
user_6b9ebec235,39,True
user_46ba3ebcd4,39,True
user_b47cfb4bf6,129,False
user_43f969a1f3,133,False
user_a3c67f5393,39,True
user_600e8f6cd4,12,True
user_7b2cbd4777,54,True
user_9e6fc175cf,5,True
user_929f122550,281,True
user_7eeb4ed418,281,True
user_72448e6d3e,489,False
user_390f24840e,489,False
user_6ae0b582ff,281,True
user_a0d66307e9,490,False
user_80f098dfc9,490,False
user_918c6072fa,491,False
user_86073d734f,491,False
user_21f24f76b9,80,True
user_463f939c23,44,True
user_3b180e1a42,54,True
user_40e70be616,7,True
user_5853f72e3c,8,True
user_f161d78e91,8,True
user_1f0d7dc30c,53,True
user_ce028e7b40,492,False
user_c360d56853,492,False
user_c4c1d27ded,281,True
user_841c753351,493,False
user_2d0162cbfe,493,False
user_aa65b57505,63,True
user_d57f8d5f92,36,True
user_18fd353ba0,281,True
user_21e934bbc6,281,True
user_b25f41bfa1,9,True
user_050ebbe2cd,281,True
user_3a1dba3297,37,True
user_e9aefe49ea,9,True
user_4c9c68cb60,10,True
user_5e236d5055,80,True
user_222e0603af,142,True
user_63d991b5d3,10,True
user_2d059c7ff0,281,True
user_05d30f1638,10,True
user_b975dd958e,10,True
user_4cf285d5d7,281,True
user_26ed6eb0df,494,False
user_b29c2e58ea,494,False
user_204d20b511,81,True
user_22946dbfb0,81,True
user_5d3744481c,81,True
user_db7ba2c54b,2,True
user_a1b158062d,494,False
user_9fc0f16051,10,True
user_4674a43988,281,True
user_ad16dac8fc,494,False
user_aa3395e496,10,True
user_4766f13829,75,True
user_1501188403,36,True
user_c9535c6d3e,37,True
user_cbbd8f31d2,36,True
user_01e7d924ec,62,True
user_5153a076bb,142,True
user_8a273a40a5,142,True
user_ce0d65308b,40,True
user_82237dab93,281,True
user_07c10db3f1,281,True
user_5cd5719e0b,99,True
user_bd95643383,4,True
user_9cc12ee6f8,36,True
user_9f5090848f,36,True
user_4c28cf4c62,494,False
user_530c28f9af,495,False
user_b4f573f16c,495,False
user_bdec977f33,36,True
user_3f3f60002c,10,True
user_0d190d1c28,10,True
user_5eaa2c4500,236,False
user_f40bfeac57,87,True
user_b7c6110337,281,True
user_4d831b07bd,142,True
user_9545a0ed89,2,True
user_f00a2619b7,36,True
user_73212f636e,51,True
user_28b64109ba,485,False
user_744e482a76,496,False
user_f983dc9a91,496,False
user_62cf50572c,4,True
user_f1a08a791b,40,True
user_082a6a4aaa,10,True
user_324782e8d1,10,True
user_f4c0d75d4c,63,True
user_3e4ba1a0d1,5,True
user_ab8b116b3b,5,True
user_4c1931c66e,281,True
user_81eb4e1f4f,497,False
user_f329ec82ff,497,False
user_84c88008fd,37,True
user_812ee1b223,37,True
user_adee107de0,2,True
user_082808a2d1,2,True
user_f0f9774e31,498,False
user_de310f0408,498,False
user_09cb493c18,10,True
user_cd225544cd,10,True
user_f51127c066,78,True
user_48a054f1c0,281,True
user_5b81cbc981,281,True
user_864aecfd23,37,True
user_a00bf7754e,37,True
user_4442b56108,281,True
user_26ed2916dc,281,True
user_59e387c903,63,True
user_4ecd5e5c83,281,True
user_a119cb7e88,281,True
user_de63781bfb,36,True
user_36c7fc553a,63,True
user_abc6bf5280,63,True
user_5f2914f383,11,True
user_4293d6e7a2,11,True
user_50f28bb9e9,10,True
user_9a465ded67,15,True
user_823f74d893,192,True
user_a5d39fb53c,192,True
user_a362c4f99c,281,True
user_a3bdc9b8bc,499,False
user_eab7391d16,499,False
user_0e09abe32d,55,True
user_9ad4f7e305,56,True
user_9192dcbd98,10,True
user_69a605c845,37,True
user_821c17ac8c,500,False
user_48b8531343,500,False
user_e640cf1555,501,False
user_1cbcc8711c,501,False
user_8fe4836d5d,10,True
user_364a84b838,281,True
user_38579e3679,10,True
user_07242b32c5,10,True
user_383c3ecc23,10,True
user_e300ca1f24,502,False
user_c2219fe821,502,False
user_b0c0b25cb1,8,True
user_fe091158d9,37,True
user_a984edb302,10,True
user_7114941320,467,False
user_da19375f51,5,True
user_c084e9ddb3,46,True
user_78aeef098d,503,False
user_33af1d1f7d,503,False
user_4d3290f012,75,True
user_c3cd12958c,62,True
user_62dfd21b1b,498,False
user_a906203410,63,True
user_138459e5d9,281,True
user_8b0e9b75d9,159,False
user_22ab45f93c,62,True
user_e269ed3a0f,504,False
user_06c3202b3c,504,False
user_47d94e0b81,62,True
user_d1fe373506,62,True
user_8f0c724672,81,True
user_f10c74dbdf,10,True
user_e6e1ef87fa,48,True
user_f7a674af15,48,True
user_b47df779f1,504,False
user_7fe21e2c70,505,False
user_efb1a96752,505,False
user_917119642d,23,True
user_eaf9b54424,9,True
user_bfa4021f78,42,True
user_3f7fc96f9e,10,True
user_5c5ef2733d,37,True
user_6b65254d53,53,True
user_0425add983,192,True
user_a742edfeeb,192,True
user_528aa15c4d,55,True
user_5d9bfb98cc,55,True
user_a868a1564c,46,True
user_78ed2730f7,236,False
user_5eb6c2e68f,3,True
user_211ee30a82,48,True
user_3fd9d4ef7b,48,True
user_7b2b824f25,5,True
user_14c63619ca,281,True
user_8570bd9071,506,False
user_f373bdea5f,506,False
user_711b39ebbe,39,True
user_732b29f071,39,True
user_e15cf1c31c,11,True
user_ef61ac69cc,4,True
user_b275676d6a,46,True
user_26dd5f3063,3,True
user_b3ed5f6d0b,48,True
user_3eaa0b9a63,46,True
user_6316ffb19c,46,True
user_ddf29de1ac,78,True
user_fc95d68e18,78,True
user_75d26b6351,27,True
user_f09b810d58,80,True
user_f6cb9b2251,78,True
user_fd4312eb9d,3,True
user_d9843963e2,46,True
user_c629946b41,46,True
user_08437bd387,9,True
user_3b13e80c50,9,True
user_c813e6e3d2,6,True
user_0bd9e91ce1,55,True
user_bf6fd2e2cb,80,True
user_13cc8c19a5,15,True
user_9ca106d106,507,False
user_7338464e17,507,False
user_cbb97718c8,55,True
user_85eed66ed0,508,False
user_1870ff5876,508,False
user_5cb871288a,509,False
user_37ad76cd8a,509,False
user_0edaf4a377,48,True
user_2706dbf2be,510,False
user_6deafd8c85,510,False
user_59e0bfb8c2,48,True
user_c7021da3f0,221,False
user_93e9be6266,53,True
user_12e1b4605c,46,True
user_02bc4d1c66,48,True
user_33cbc0309b,46,True
user_a6629e9a1b,46,True
user_1a182de884,79,True
user_172d168a84,138,True
user_0a0060cd6a,38,True
user_c878507312,46,True
user_a4bd3e1cc4,33,True
user_fd2b14cef3,40,True
user_ddf41ec4f8,3,True
user_f4b4f05c84,37,True
user_bf259be0f1,138,True
user_87979a1aa7,48,True
user_6c1cd71e6b,48,True
user_6cca1fcfc9,15,True
user_32b5a003b1,511,False
user_3359ba7090,511,False
user_0aa29f1dd5,10,True
user_b0439030b7,10,True
user_5dc3dd21c4,80,True
user_70aae520d5,91,True
user_56b70f7573,48,True
user_10f552864f,512,False
user_eeffc33c73,512,False
user_33d8fb7823,23,True
user_730372b70b,5,True
user_8c8885f262,513,False
user_d3ea71d79c,513,False
user_b5a4dc30fc,3,True
user_3b0f1fe3e8,3,True
user_f5fbbc3ca3,138,True
user_6c000cceca,46,True
user_cad044ddc4,13,True
user_9558b96baa,8,True
user_4126dfd9ba,514,False
user_bd5ef76b03,514,False
user_193f3140c2,55,True
user_d75c5c4691,3,True
user_21460a6bd3,3,True
user_9514fbbb4f,515,False
user_d2df007709,515,False
user_16bd67dc4d,48,True
user_1692299c32,81,True
user_f8a321e6db,91,True
user_c851840ff6,23,True
user_ebb8c019f7,48,True
user_55d7c3f456,55,True
user_e9d4d9e227,57,True
user_635549caf1,499,False
user_0f99600ee2,7,True
user_d319355938,7,True
user_167df7bf7c,3,True
user_2690ae3830,55,True
user_8d8b277202,33,True
user_a65d863206,33,True
user_84df8c9b1e,9,True
user_263bc4473c,499,False
user_1417190ff8,516,False
user_7cbb29a581,516,False
user_32b6c46bc7,517,False
user_0a973bed7b,517,False
user_20d0247c26,46,True
user_3982bc97ae,39,True
user_b6a349e2de,518,False
user_0794205c2d,518,False
user_4a093ed5a3,27,True
user_f8196046ba,27,True
user_42b27f88b9,37,True
user_43f71d7995,3,True
user_1078fac519,3,True
user_9d713a77d7,15,True
user_3db73fd5e9,91,True
user_ba7df56dcb,55,True
user_b8e4a7227f,281,True
user_29c3ffc806,33,True
user_9e6dc0d3ba,46,True
user_7998e36d70,12,True
user_7632b75d61,55,True
user_655eeb3eaa,55,True
user_3937571d7f,51,True
user_00f3232c3b,27,True
user_b3d8ff66bf,63,True
user_bfe7f934f6,46,True
user_4a1a7221f4,46,True
user_5e106754a9,2,True
user_8f4f0791ec,40,True
user_d395f2c0e0,40,True
user_7199336621,4,True
user_5c9ad63e0e,40,True
user_5ded73330e,40,True
user_b87e60426c,519,False
user_cf28e22f82,519,False
user_1f277e0854,3,True
user_f68b01f112,2,True
user_0e8649d6b5,40,True
user_cf7dc8b919,44,True
user_800fbdfdc9,37,True
user_a8f99f7075,40,True
user_69da3b1227,40,True
user_a28ded8232,41,True
user_967f3734f8,3,True
user_935a3bb718,40,True
user_3a8b7115b2,40,True
user_52d7790421,55,True
user_5930ff7040,520,False
user_2e5e381ac9,520,False
user_fd7815ab5a,46,True
user_5dfdcf9385,6,True
user_ffcc5bfeb0,55,True
user_578c8c5717,55,True
user_0e448cbaf6,55,True
user_9218b5e07a,521,False
user_ebbab7d6ba,521,False
user_f60e43ae09,80,True
user_00e870375e,51,True
user_e1bca1b76b,55,True
user_82ca5fe531,48,True
user_d02fa5ff0e,8,True
user_36490b44a1,8,True
user_9e2bdaa1de,6,True
user_d669d39dda,130,True
user_bafffaab9f,130,True
user_bf5b2d3671,46,True
user_ed8edff126,4,True
user_14dbd9afa4,522,False
user_a971c1636c,522,False
user_e3cf909a7e,523,False
user_d7228433f3,523,False
user_b095e01d77,41,True
user_3a86a31992,4,True
user_81baddc792,39,True
user_154c462c9c,140,True
user_52cff63fa8,3,True
user_c8c3c975e3,524,False
user_09e82c895b,524,False
user_d85b7c6e09,39,True
user_f0ef04986c,4,True
user_f9c887ca6b,525,False
user_057d1b582c,525,False
user_31f97262c0,15,True
user_eb811fdd44,15,True
user_c6797fa75b,7,True
user_8e1599310d,6,True
user_d9775d669d,37,True
user_14d451bec1,15,True
user_5a7fe63f2a,39,True
user_2e45abfb66,8,True
user_d3f0531f68,37,True
user_66e700ee08,41,True
user_d91d32d8f7,8,True
user_d36255b7de,15,True
user_819c7f5026,15,True
user_63584e94d6,15,True
user_4c85614c44,99,True
user_6aa74fbc05,281,True
user_c54908dd5d,3,True
user_c7f810156d,281,True
user_4ed2537fe7,281,True
user_f826adc4da,281,True
user_9c12a8b370,55,True
user_750af79936,55,True
user_5270b88a31,526,False
user_015aef2924,526,False
user_6f76869151,142,True
user_e0edd46dcc,142,True
user_febefc1231,281,True
user_977b1bebdf,527,False
user_316a6d4fea,527,False
user_62e9d45f23,142,True
user_64713b8228,27,True
user_159325adb9,27,True
user_7f5851ba0a,281,True
user_542a9dfc22,281,True
user_d31e43958c,9,True
user_1eeebfa32f,31,True
user_f26a628795,31,True
user_0cdb4d5e23,281,True
user_863491b2c5,6,True
user_d2091d19e3,281,True
user_232089f1f6,281,True
user_539cc58a79,281,True
user_ff1346f0be,281,True
user_fdba3bbf5e,99,True
user_0fd566d26d,36,True
user_76281e5efd,281,True
user_8937fc44c7,281,True
user_3b4b78d33a,281,True
user_39cfc7af0a,281,True
user_d3ad9b28f9,528,False
user_f67c6d31c2,528,False
user_912c92bf1d,281,True
user_ba2a7b2b9b,27,True
user_05bc9eb59c,529,False
user_ae09ca8682,529,False
user_40af1a1675,40,True
user_9a17047935,530,False
user_579606b695,530,False
user_13c5758dc6,531,False
user_39f8298fa3,531,False
user_443fd04d91,9,True
user_7fb48ef13c,130,True
user_dda5db880f,75,True
user_0435f0330f,3,True
user_7d854c645c,532,False
user_33549c75b5,532,False
user_f7edd8a278,3,True
user_6e58446925,23,True
user_a8e84063f6,281,True
user_bea32c118e,23,True
user_ca27872d0d,533,False
user_c9ca0d110c,533,False
user_4adae6151f,281,True
user_893f74385f,281,True
user_cc553cd24d,140,True
user_32f56ab38a,533,False
user_f7124f237d,10,True
user_cd0f7ff667,10,True
user_8a5a073518,281,True
user_07c2ee46fc,281,True
user_5a23904e3e,281,True
user_9b735c3673,140,True
user_1ddec90caa,12,True
user_39d103cf1d,533,False
user_d16569d7bc,78,True
user_0ece201c27,31,True
user_3eda1574b7,3,True
user_c7829137e2,36,True
user_4ff4043a8c,281,True
user_7931103eda,10,True
user_3d4ff251fd,281,True
user_e8f88f2e06,281,True
user_513f290be9,281,True
user_797aa99f54,281,True
user_fed9d9ae0f,281,True
user_e82c4bc6fa,281,True
user_9a1a18d4c4,91,True
user_0924dbd40e,534,False
user_b5817f5ce5,534,False
user_4576ab1124,5,True
user_2c8eff792f,5,True
user_e1bf879d85,91,True
user_bfe1951553,5,True
user_e6ec6145c8,5,True
user_c8ac962a8c,5,True
user_5cecf4752d,5,True
user_dff642fca0,91,True
user_f8c6fc1c31,39,True
user_8da0fce7ba,91,True
user_46eec2b516,138,True
user_f44e96ca8b,5,True
user_fbe9b52c70,91,True
user_c65296d631,3,True
user_893bf8e929,3,True
user_37e6cfe7fa,5,True
user_3f5acdd176,91,True
user_be5e3aa78e,27,True
user_7086a76e04,140,True
user_48a375ec7a,5,True
user_1e67b329b1,5,True
user_df5db4d29c,5,True
user_7a7af8e782,5,True
user_8a8c9adb83,535,False
user_c589628ef6,535,False
user_b27bb8faa2,138,True
user_42b47b8faa,5,True
user_0c863ebc18,142,True
user_ed7835eb68,44,True
user_2ad871596a,124,False
user_9e979911a1,44,True
user_31d3182db4,5,True
user_6bbea47a63,142,True
user_67e7651831,5,True
user_8d2806691e,8,True
user_4766efa062,8,True
user_bd09a87701,5,True
user_cf58369dbc,5,True
user_87231c186b,91,True
user_48fcc3d80a,91,True
user_83901f3723,8,True
user_c5b9afc404,5,True
user_6705af485d,536,False
user_a36b028e90,536,False
user_eb9a16545e,27,True
user_beac9a065f,91,True
user_6ed798bdef,51,True
user_99e729f30f,91,True
user_ce3ccc5cd8,57,True
user_5428707245,8,True
user_efca2d580f,5,True
user_7809a7c309,54,True
user_697562d4ed,140,True
user_13208a31e5,140,True
user_a87c04743e,532,False
user_70d46f1bba,53,True
user_1065cb169a,5,True
user_67206d50b2,79,True
user_8ab9dc0ece,80,True
user_dd7c80dc4f,537,False
user_e1ed0d7aa7,537,False
user_2b83e9b29a,31,True
user_1875f04860,3,True
user_4c92e81c82,538,False
user_dbb5f8482d,538,False
user_7a09dc5387,23,True
user_77527e57e8,57,True
user_822ccf9ceb,57,True
user_f3b0f4f7a5,46,True
user_a98c449b74,13,True
user_e10093058b,539,False
user_0f27aa7117,539,False
user_5460a047f9,473,False
user_1105670a6d,540,False
user_007179efa2,540,False
user_59fd335bf9,541,False
user_a1c8c29b20,541,False
user_85c0613bdb,40,True
user_95d4fd0149,40,True
user_3f8d2935c2,13,True
user_5080d5fd41,81,True
user_07b51c98fe,81,True
user_7027b47a63,12,True
user_dc7ba4e627,62,True
user_f84e3335f3,23,True
user_cd3a83e8f6,537,False
user_8583ab2176,4,True
user_ae0c5b909d,4,True
user_63b5495c33,142,True
user_8d39de95f6,91,True
user_7c3c2ce486,37,True
user_f35d3f265f,51,True
user_93dfeac7a1,3,True
user_6265192ddc,51,True
user_1a4b6b9e2b,540,False
user_c707b1d140,23,True
user_37e3368050,54,True
user_cdc0b00531,23,True
user_55021b09fb,138,True
user_dd653d5a07,33,True
user_99059735c9,4,True
user_55fa057e03,54,True
user_6bb6b418b5,140,True
user_31c521e0ed,140,True
user_acc14a2061,86,False
user_ec05cef0bf,51,True
user_3ac491544d,542,False
user_b832e34654,542,False
user_977ef4a122,57,True
user_15e38707bc,142,True
user_4cf27614b6,142,True
user_2f82db7af3,540,False
user_fd69122de5,543,False
user_805d5cbeaf,543,False
user_b2308fd825,544,False
user_5f7a7e0557,544,False
user_b2ec0f31e0,509,False
user_407d509ebc,4,True
user_f84d137039,539,False
user_81fe09a2d6,13,True
user_83be7edd3f,4,True
user_c328458fbb,545,False
user_85f544b4ff,545,False
user_58d330448e,42,True
user_2f6b00d326,42,True
user_2a1aa275a4,545,False
user_5efb290c27,254,False
user_c9c83296fe,337,False
user_94b9492427,540,False
user_012973e424,23,True
user_b062909f4a,142,True
user_971e7551be,81,True
user_4dd5a61982,541,False
user_f3bdd5e08e,8,True
user_b551c6b510,41,True
user_37d79583b1,62,True
user_82a0f7a986,62,True
user_37c9fae429,41,True
user_da9a8a559a,546,False
user_11729087d1,546,False
user_9992eda643,547,False
user_60bb63dbe3,547,False
user_dbed8398d5,8,True
user_9ababed3f0,21,True
user_22730c5c2d,548,False
user_e5bde926a0,548,False
user_6bd9faa680,44,True
user_a0b532f003,99,True
user_5506a89e4e,21,True
user_cb416b9f5f,41,True
user_a5b60d4c95,81,True
user_2cd05065e4,142,True
user_743db3b11e,41,True
user_35dd27e94e,5,True
user_56efa10eab,53,True
user_4a51937a47,5,True
user_0e0b5d283c,62,True
user_c70033bb64,62,True
user_8eb3552677,8,True
user_f8919d183b,23,True
user_13937dd42b,15,True
user_313e926947,41,True
user_f13bec6779,192,True
user_10dab6e2af,192,True
user_b79176f9a9,81,True
user_a35bbbe10b,10,True
user_dd66818ee9,41,True
user_976cb5c3f3,512,False
user_26499a963d,39,True
user_1e715ef4cb,91,True
user_d631062be5,549,False
user_4079ae25c8,549,False
user_a8ae40a45d,41,True
user_f08d3d0b9e,91,True
user_361409fcdc,8,True
user_267af24f98,62,True
user_99c407d10b,54,True
user_7405853d1e,539,False
user_ae98994ebf,550,False
user_b12da4af7c,550,False
user_828886b973,41,True
user_d92857c35a,532,False
user_7b1bfa3fb5,116,True
user_863a97a15f,54,True
user_2d5383b1d2,44,True
user_4e1e0aa8c3,142,True
user_96e2140331,54,True
user_e87feb4877,142,True
user_e154e625c7,551,False
user_5cfa24c0e0,551,False
user_2134ebf352,552,False
user_fd9e4ae058,552,False
user_e79edfa004,553,False
user_630d13f6d4,553,False
user_47970f5fac,23,True
user_ccf434c99a,80,True
user_ad9372e28a,554,False
user_b6b7ac672f,554,False
user_392a12e057,142,True
user_c8ca8aed84,3,True
user_22df4983ca,3,True
user_be9bf7f1bf,142,True
user_865c504f2f,23,True
user_ed2c7f4ad1,44,True
user_c68a8bb4e1,41,True
user_64853ae474,5,True
user_ad2c908d3b,37,True
user_db2da506d2,12,True
user_6e95ce56cc,81,True
user_629995b170,41,True
user_f142190328,555,False
user_3e87d8fb06,555,False
user_49ad870eac,171,False
user_e0d065392e,41,True
user_6cd37316af,7,True
user_ee01f7c755,41,True
user_d11525ad47,54,True
user_887d7fc369,99,True
user_d1ce2d9c3c,99,True
user_c564c9f96e,556,False
user_b35d7986f0,556,False
user_1bbc675ee9,557,False
user_cd66420688,557,False
user_603f0149d1,142,True
user_8100287ec9,558,False
user_736daacfc9,558,False
user_7e1666bd26,54,True
user_686f4d6bda,38,True
user_24e469c697,38,True
user_7bdc2fb8ad,142,True
user_e66241eb3d,1,True
user_817786e051,559,False
user_8f6a5cb087,559,False
user_17d320af86,13,True
user_0044e5e420,90,True
user_4accad05d1,8,True
user_4d25598cbd,57,True
user_132ad11c5e,57,True
user_86005e20fc,27,True
user_b0c7447973,41,True
user_0a7a506cb4,171,False
user_6d14981eb9,560,False
user_b0f4c8fd92,560,False
user_b63341b579,41,True
user_819ab107c1,138,True
user_0b97d9b6ed,11,True
user_aaa4b0f436,171,False
user_f1c9a10425,561,False
user_a21aa2e212,561,False
user_6cebb28d61,560,False
user_521d284d31,27,True
user_dd0ddd7f7b,41,True
user_441369b8dd,63,True
user_e389c30acd,55,True
user_2057520bb0,44,True
user_d488fca90e,55,True
user_ab29a61daf,5,True
user_b0bf92fd26,142,True
user_b0db4eaaf5,562,False
user_4d9efcd60a,562,False
user_4c5cc5ae93,563,False
user_e4b3f7b631,563,False
user_5ce3d3ff40,46,True
user_d55d5e8d22,27,True
user_132cf9034b,559,False
user_e2f18bd4bf,142,True
user_1394381f5c,564,False
user_61b79ca072,564,False
user_211187cb7a,48,True
user_a4f4dfc66c,31,True
user_c527f6a55d,555,False
user_059ca3101f,41,True
user_dfe3e49c19,41,True
user_5c1e77bc9e,41,True
user_8d8f22904c,41,True
user_50fe4c2a24,142,True
user_182ec97b69,38,True
user_ca22463258,41,True
user_13a26cb4ab,41,True
user_afe860dbb9,41,True
user_e074f41e69,91,True
user_bcac4a9fa3,555,False
user_d54e919468,27,True
user_3f8ace1f4d,79,True
user_585044d574,41,True
user_847f5a5b51,565,False
user_fc541df0e9,565,False
user_45eb2554f0,539,False
user_5828ba7282,57,True
user_2ee4bc8cd1,91,True
user_2d41578480,81,True
user_10b454a819,99,True
user_f15a458e92,48,True
user_dace2e2f8c,87,True
user_3f34aa8efc,91,True
user_bf2cd1481f,21,True
user_cd76a9b7b1,48,True
user_b35a146dc8,140,True
user_dfc7cce853,38,True
user_2efc198d9b,91,True
user_d5df79ac4f,7,True
user_d2b5eb6bdd,566,False
user_9726010878,566,False
user_d9e67b5951,21,True
user_beca1afada,38,True
user_14872590be,567,False
user_d4f64b3eb7,567,False
user_bddedea946,568,False
user_2a9c889269,568,False
user_400be7e09c,569,False
user_68158fc5aa,569,False
user_e62c2abb43,91,True
user_262f550df4,376,False
user_1124e68cad,79,True
user_2554d3aa59,37,True
user_a6df021e72,38,True
user_34a636d3ed,38,True
user_1b2b76df33,81,True
user_970a44962a,48,True
user_4e522144ef,54,True
user_e538fe2b57,62,True
user_f7c0433ff9,91,True
user_770e153f67,570,False
user_6ecd08a2e3,570,False
user_8130b4ba38,8,True
user_cfbdbc4c66,10,True
user_53201ca86e,571,False
user_005ee12dd4,571,False
user_c95dcc4714,48,True
user_6e6548b87d,75,True
user_2859c4ad70,48,True
user_7da377b423,46,True
user_7493ad380c,46,True
user_439a488179,78,True
user_ff8d056957,48,True
user_784907310e,572,False
user_fa6061291d,572,False
user_d1c1f03647,8,True
user_078ed9e796,40,True
user_ac7c350bc9,40,True
user_6e9fb24ca4,3,True
user_df9022579e,116,True
user_49d1eceff8,116,True
user_6a7bac72e2,57,True
user_9ddeb74b2c,21,True
user_2e71692d29,116,True
user_a4a5b6e28a,51,True
user_fdc83f5827,51,True
user_4bc16e153c,573,False
user_915b8822e6,573,False
user_533a879c2a,10,True
user_3035233d31,10,True
user_bf0d521252,57,True
user_7ed3774499,142,True
user_1fb6332904,142,True
user_f02d1ac3c6,8,True
user_727c56337f,51,True
user_f5c3c6b338,48,True
user_d5a6131d21,48,True
user_41bea8c4ca,80,True
user_1e39a6f92f,80,True
user_22f4395fad,51,True
user_ec9cae366a,53,True
user_dc57788e09,57,True
user_d6acb67888,116,True
user_513f380c06,38,True
user_3222dc614c,138,True
user_e36832664d,574,False
user_d46e209cfe,574,False
user_893d759ba6,57,True
user_639ea8486f,575,False
user_0a87b6f501,575,False
user_a4b9be4e0c,80,True
user_3bfd038446,576,False
user_9c7aa0db02,576,False
user_8b72fd67ba,577,False
user_e591eb122a,577,False
user_dd39219900,116,True
user_932682797d,578,False
user_e76afcf59d,578,False
user_54d6a88280,6,True
user_f798360a8c,8,True
user_19beba166e,48,True
user_c1f236cbb4,48,True
user_52bbfecdb2,63,True
user_85491ab514,8,True
user_032d82eb09,11,True
user_86bd263d2c,11,True
user_d89375999a,116,True
user_9dd62c4155,579,False
user_6b4c089c38,579,False
user_ba6bbbb0eb,10,True
user_5144e9cc3e,3,True
user_b198c37191,8,True
user_dffdbc4a0e,48,True
user_e7c6f99159,116,True
user_6699e83831,27,True
user_8b2d44d645,2,True
user_9f395b33ed,2,True
user_abfacfe87f,9,True
user_6ee4358e1d,130,True
user_a35596a996,48,True
user_ecfcf4601c,7,True
user_be64071183,7,True
user_d8ae336d92,230,False
user_086ef3890c,51,True
user_af0b1fdbed,142,True
user_d659207d0c,7,True
user_5e759fc742,116,True
user_3c9e4fbfff,37,True
user_d2937016a2,75,True
user_79e4ff39aa,57,True
user_99ae43a87c,51,True
user_690c9085d4,51,True
user_08fe34a905,51,True
user_b774b212db,580,False
user_aa2d9294d8,580,False
user_153c7601d3,581,False
user_819a3fa8d8,581,False
user_ef15539c49,142,True
user_38be96dd23,582,False
user_3e76cfb942,582,False
user_6fd34015f5,583,False
user_ee9ad57ee9,583,False
user_172bbf9f86,90,True
user_1669c59c09,57,True
user_c285add5d5,116,True
user_6e6373c6d6,51,True
user_bb6c3b299b,40,True
user_7ae43dfaf7,7,True
user_d3c154ce7f,7,True
user_f4b6299bb1,7,True
user_12e1fa5d06,116,True
user_89e5c280f3,57,True
user_8957e79e7e,37,True
user_f2f4babd3a,57,True
user_c1cb26e858,57,True
user_4a8fc6ce6b,7,True
user_f27d9a7a0f,10,True
user_b152cd577d,51,True
user_71c81226c7,51,True
user_fd676e3022,584,False
user_c12b887638,584,False
user_294457eb87,7,True
user_fdeed1e7b7,585,False
user_283c6cebe4,585,False
user_0bfd9cc408,1,True
user_a9701d0971,8,True
user_93b052dfde,586,False
user_ccb1522a27,586,False
user_96ff82374d,3,True
user_4d51844ea3,51,True
user_dc869c5333,81,True
user_be7e954280,51,True
user_7872873bba,57,True
user_d10cbb3cc4,7,True
user_708c76c87b,7,True
user_f86ee5884e,7,True
user_0140c50bc0,40,True
user_a968e1a49b,7,True
user_e05d91acdc,37,True
user_890365c9ba,48,True
user_173e92f2cc,48,True
user_6790c0edf0,15,True
user_52f6b623c4,577,False
user_6f288cfa86,2,True
user_dc77661994,116,True
user_e8eb5e98d7,56,True
user_f7eec65084,56,True
user_08b78d322e,116,True
user_54f5efd84f,4,True
user_fbe3372282,587,False
user_fadf2fd9fd,587,False
user_8b73a179c7,38,True
user_00430bb393,57,True
user_c25cf62368,588,False
user_c17ea1b41e,588,False
user_66eb03f706,79,True
user_0c97008f2b,587,False
user_6f984e30c1,2,True
user_0ec74ca442,39,True
user_dbac7e3852,10,True
user_f5232a7662,10,True
user_792a71d5fe,589,False
user_39856cff0e,589,False
user_7c83895c6d,3,True
user_302e1d76a0,116,True
user_865faf8e0a,140,True
user_eb903331cc,56,True
user_1fc9dcf9a2,590,False
user_03f7d9354a,590,False
user_308810eee0,38,True
user_235de1f776,38,True
user_e0725a8255,591,False
user_e5358c3434,591,False
user_92d9ab88d2,3,True
user_6d9aaa467e,90,True
user_da3a467d97,589,False
user_6e2a3e5d40,587,False
user_4bf1cb7874,592,False
user_d42db93458,592,False
user_0b1aaa5cb0,80,True
user_cd04af5ad6,80,True
user_7fddfbe5e0,38,True
user_cf993376a9,3,True
user_e63403c9b7,10,True
user_d110e8fd32,3,True
user_7b35eaf479,38,True
user_6b89e70c7c,593,False
user_dcf044ca21,593,False
user_0013b6051e,142,True
user_03d4b3962f,3,True
user_1bb117ea2a,48,True
user_324259155b,594,False
user_7313b06eaf,594,False
user_bd684c9a6c,2,True
user_fe2f2dc846,142,True
user_86f97597ad,3,True
user_cf13e0d72a,595,False
user_4badd68b26,595,False
user_a920b04bca,596,False
user_d6e1520ecb,596,False
user_3927b67289,56,True
user_9f089e7789,3,True
user_d43577f43e,2,True
user_796fe58aa1,597,False
user_a22116982d,597,False
user_d52f7aa94b,23,True
user_954bbb6c75,3,True
user_4f40b0e638,539,False
user_f86c2c328a,8,True
user_0a0e9a15af,587,False
user_d27ed9f9ee,10,True
user_5322f6e183,10,True
user_e8437d2d74,562,False
user_cd648baf69,33,True
user_41c3a4d21b,33,True
user_707737f3e0,10,True
user_630739d67a,2,True
user_e8da982951,2,True
user_4908403f04,51,True
user_4eee58675d,7,True
user_ce69bda37f,598,False
user_a7f0985ec2,598,False
user_c08461355b,38,True
user_d569d114aa,8,True
user_5f3cb70651,53,True
user_400a617940,53,True
user_414c20aa5d,7,True
user_126f813c39,7,True
user_46971aecab,87,True
user_9e714cab82,87,True
user_01bb51744e,48,True
user_0c0dd7637a,48,True
user_069908ccf6,13,True
user_a55ad277d0,13,True
user_2d649c42ce,46,True
user_88ecd0fe37,40,True
user_5db21785c6,48,True
user_a3b4ada9c1,4,True
user_8703ff2a5c,87,True
user_25d5071275,2,True
user_957e9c433a,23,True
user_e64affa7ad,48,True
user_4ef537b896,599,False
user_d9f329a0e4,599,False
user_8a08dc9642,2,True
user_6b125cf67f,10,True
user_a1415e964d,37,True
user_8ce25e40bd,37,True
user_aa952397b3,48,True
user_15d04ba973,48,True
user_626b9fadbe,600,False
user_7a1df53923,600,False
user_e27c2c05f7,23,True
user_9d47b6c98f,13,True
user_68d9033f31,38,True
user_c8a17207a5,3,True
user_ff8a779667,7,True
user_f730be0f4d,23,True
user_dff8d63fd5,23,True
user_a5d84e7771,13,True
user_e9fbe565c7,38,True
user_4976a85c72,48,True
user_0a42b2ee69,601,False
user_55d459ec52,601,False
user_255adddbc5,80,True
user_0c88173bfa,48,True
user_d3035488ad,602,False
user_5eeea97ebb,602,False
user_afd603cc4c,38,True
user_8a83345981,80,True
user_2243c93c59,130,True
user_34261c4924,13,True
user_ab7189f37f,561,False
user_febbe975e6,3,True
user_df74ed647a,603,False
user_b35cdb7029,603,False
user_b77c0ddd21,80,True
user_04cc4d0566,91,True
user_55b25b00c0,27,True
user_36f0143ac6,48,True
user_16d805dab4,604,False
user_b667d72eaa,604,False
user_277ebaed99,4,True
user_2d6d4634f0,7,True
user_b331bfb2cf,37,True
user_3539ff4b6b,37,True
user_f2ec03a78e,27,True
user_24d7a77553,27,True
user_9baf12663f,11,True
user_9a510972b5,605,False
user_8a017ce42a,605,False
user_bcd06ffa11,27,True
user_1ffcddebf0,606,False
user_2d422c3081,606,False
user_f42b7cfb43,192,True
user_4f78edd2b2,192,True
user_bccee9ce2b,607,False
user_ae206b1d15,607,False
user_a39832b9ae,4,True
user_5b7aa56e82,51,True
user_1d4299deb4,4,True
user_b9bff8ce08,27,True
user_c71b295b55,11,True
user_bc2b66312a,604,False
user_1917987540,3,True
user_85239052d6,13,True
user_6c59da78b9,11,True
user_c60ac98efc,90,True
user_5f8c7e0132,11,True
user_bfe500d9fa,55,True
user_b989fb781f,608,False
user_388cc0573c,608,False
user_72eedb8a54,11,True
user_e400ecaa49,609,False
user_5a21c1a75b,609,False
user_9965b6d348,610,False
user_152675e02a,610,False
user_0a7321b0f6,15,True
user_a1979a1043,2,True
user_914ba9e207,608,False
user_ae8e5043b6,11,True
user_6a5da319ed,7,True
user_e4afcaee6f,80,True
user_d1faa93633,11,True
user_f86b1e3e54,62,True
user_5431694fbd,583,False
user_80c6e3da81,611,False
user_9e09474e5c,611,False
user_7ae5122bb4,7,True
user_d9167e46b5,2,True
user_f850d76294,612,False
user_fd392f042b,612,False
user_56f163167d,78,True
user_8561595102,4,True
user_14114f48b3,2,True
user_85b85291fc,7,True
user_604b26d598,40,True
user_c211f7382a,21,True
user_87662f330e,99,True
user_a8bfc27fc5,613,False
user_793570bf65,613,False
user_444a6de0c6,41,True
user_72a16a997a,41,True
user_67847fe47b,40,True
user_a1566be8fa,40,True
user_1cd8479a25,614,False
user_60fae2edb5,614,False
user_08b006db6a,3,True
user_8779314f2a,3,True
user_0db338716a,11,True
user_f47660f933,411,False
user_4fe76bf734,615,False
user_0d8908100c,615,False
user_afaf0d8dc8,11,True
user_b81fcbc7f9,411,False
user_c5d7a7ffd9,27,True
user_c8aca68339,142,True
user_ec47520d84,99,True
user_aa740cdda2,616,False
user_e29547937e,616,False
user_db58e8a25d,56,True
user_4cb642cc99,99,True
user_1a0c1603d5,617,False
user_6a503ed0a7,617,False
user_67758233f9,7,True
user_05e0fefce9,618,False
user_cac5443507,618,False
user_ea3fa51909,23,True
user_9eefa1480e,13,True
user_acccff0648,27,True
user_3777f169ce,25,False
user_eebafa66be,46,True
user_7c9a83f433,46,True
user_419ce170b2,619,False
user_e4861b20fe,619,False
user_ea1eeccb85,2,True
user_4a20f503bf,41,True
user_4f4143322a,41,True
user_7fe9735881,27,True
user_f53a43971b,46,True
user_32df3d4eb0,37,True
user_55f31a1896,27,True
user_de24d1ab7a,620,False
user_8345129013,620,False
user_0a3ce0d0bc,23,True
user_cd3255094a,2,True
user_e36f1595f0,11,True
user_f5b74eaaed,11,True
user_9cbcc5c649,80,True
user_a217e125d4,57,True
user_d168f956e2,41,True
user_bb3fc80de3,192,True
user_cba3d5c864,99,True
user_5ba891496e,57,True
user_a155818e9d,7,True
user_45e1c511d0,11,True
user_2c520ec80d,23,True
user_e18eb41672,48,True
user_8e48cd3d55,116,True
user_3c889cc01b,116,True
user_821b8b22d3,23,True
user_60d1227f50,48,True
user_4500dd4ce3,23,True
user_1f55489895,78,True
user_70891c0964,90,True
user_020dc8aa8e,37,True
user_ac639aa159,78,True
user_cac0dc9d52,621,False
user_8bffc48524,621,False
user_8264815a82,4,True
user_8530c017f7,192,True
user_6773d5e1d2,10,True
user_871955602d,10,True
user_a4fa1ea41c,48,True
user_4ec5f6e09d,622,False
user_0377d6bb5d,622,False
user_2f32b7941a,48,True
user_e9f7487b38,48,True
user_94ba88c409,37,True
user_c26118dc75,3,True
user_06dacfda05,623,False
user_5a1e4c5a94,623,False
user_3959b5640e,39,True
user_26a26cd9d4,624,False
user_ce4d925725,624,False
user_136c370cf1,625,False
user_d5d70f7b7c,625,False
user_d7328e56b4,626,False
user_035666aee6,626,False
user_52148ad906,40,True
user_b64eb1c06d,130,True
user_acef0169e2,48,True
user_0903943d0b,63,True
user_b715127711,9,True
user_a58cf601f1,627,False
user_f1e0cfa77b,627,False
user_68141f759f,23,True
user_67ddeb29d5,48,True
user_05489526b0,10,True
user_b16650ead0,8,True
user_26e3a206b7,48,True
user_60c55813ba,48,True
user_c4e80c1458,467,False
user_6f7bdfe9ed,7,True
user_fc20ddf820,48,True
user_35f33cd814,602,False
user_5c9f40e9ed,192,True
user_6d84c8f5d4,48,True
user_53259b3301,51,True
user_a7c29a166f,628,False
user_9a4cdb6b8a,628,False
user_984e74386b,48,True
user_6f98bfdd5d,629,False
user_89a9ab801e,629,False
user_624ead21a3,630,False
user_81292f603c,630,False
user_36a5015558,23,True
user_7fcc73bf31,10,True
user_cbdc7d5474,48,True
user_b9996359a6,10,True
user_9fea42550f,3,True
user_12ebf9fbd6,3,True
user_0254da97b8,48,True
user_6f82d642b3,48,True
user_517670ffc8,48,True
user_9141a13184,99,True
user_a252a3bb42,7,True
user_e7db4d3656,7,True
user_55e1a13da1,31,True
user_eedc410cbc,9,True
user_783564e3d9,7,True
user_6d701fe348,37,True
user_5c2216a22e,631,False
user_2087fa212b,631,False
user_00227a4276,53,True
user_8cc6dcf897,142,True
user_ccc085f2b2,31,True
user_427db7ee44,37,True
user_47e559e7dc,37,True
user_f1baf2ce92,4,True
user_5f3f800b37,4,True
user_d8e9ec2c52,9,True
user_acd034c919,9,True
user_8fdea81f1b,4,True
user_52bfb2778c,87,True
user_c53d90a8e5,4,True
user_b2e90905dc,4,True
user_c11f324186,37,True
user_7d61dceb3a,2,True
user_fea15ae6e6,40,True
user_0e082db3e3,4,True
user_c0da38cb3e,48,True
user_412d5d9017,632,False
user_1df00a54b6,632,False
user_2339c6e5a4,37,True
user_0b805434de,632,False
user_7ca532a87b,633,False
user_b81cd0bb0e,633,False
user_f714d30adc,37,True
user_5485cd2cee,87,True
user_f14e51d0c1,633,False
user_2c007da3b7,48,True
user_5bfca6082b,31,True
user_a4eebbcb74,4,True
user_d93a98cd70,634,False
user_5c072f4674,634,False
user_f4ea897c8e,87,True
user_2797b26c72,9,True
user_24ad2aeb59,31,True
user_0f928ff77e,635,False
user_a7ac3a500b,635,False
user_54aa5ac1e5,3,True
user_050c30f78c,46,True
user_a63137e9ee,37,True
user_b0e696054a,90,True
user_ec8179460a,636,False
user_9f7f7cf65d,636,False
user_cba860adc9,637,False
user_e50d7ba603,637,False
user_6812a1928e,91,True
user_c5b652cca8,638,False
user_414012490d,638,False
user_c168d4e3a2,4,True
user_551a585e31,63,True
user_e6c58ee10e,142,True
user_c907b0a1ae,142,True
user_6a12779ab4,7,True
user_2854c305f0,142,True
user_1dca606ac5,140,True
user_84ddaab773,31,True
user_ad1aee9bb6,57,True
user_a7811f6808,57,True
user_c74ec49999,639,False
user_952c442f53,639,False
user_de08d01e3f,142,True
user_620f7bf2c4,142,True
user_9255f0a458,57,True
user_609ba46835,42,True
user_ca344dbcee,36,True
user_318359deff,36,True
user_54b400b949,142,True
user_c9ac6f79a7,8,True
user_5190b62fac,8,True
user_fe0a154983,9,True
user_9847e794b6,39,True
user_879ee742cc,36,True
user_092ae4b0a6,48,True
user_a74e30ac54,632,False
user_288ef45f78,41,True
user_a0bd5145d2,640,False
user_577aac4b16,640,False
user_1c987348e6,8,True
user_b090dbb851,641,False
user_065bf0a7da,641,False
user_5329df7040,40,True
user_dbf2df772e,36,True
user_65303e77de,642,False
user_17a7d29c02,642,False
user_f562aa04bd,4,True
user_5b1b3c71ca,31,True
user_898f94ac72,53,True
user_59b60f4497,142,True
user_f5fd13340a,142,True
user_5024406707,142,True
user_c376961529,3,True
user_44084e9133,7,True
user_cd4e49d57c,54,True
user_5805288141,142,True
user_e8bea64c72,641,False
user_f175808859,7,True
user_da61b9a13a,142,True
user_e40957b08e,142,True
user_d3febddf13,643,False
user_0b018d20ed,643,False
user_1823262dd8,4,True
user_c40a97bb8a,54,True
user_a8c8884127,644,False
user_6bbe9fafe1,644,False
user_a25d695e00,23,True
user_ac6d5e4f86,192,True
user_47350697f7,62,True
user_cf18d22e1f,142,True
user_38b48e2dc0,645,False
user_6b7008cce5,645,False
user_d139098534,40,True
user_05f66f1dcf,57,True
user_6dee742557,57,True
user_5184559173,57,True
user_4abbdf5aa8,57,True
user_21b1ec0850,40,True
user_676b095e44,40,True
user_1a19d1e91c,56,True
user_794ecd1a45,9,True
user_429d5b9897,2,True
user_a3882d81ca,2,True
user_927f2f9352,87,True
user_880705f4d5,87,True
user_fddb9ec538,631,False
user_4c09c24051,4,True
user_7fce9e364f,23,True
user_9627addd6e,40,True
user_69c3d41e4b,379,False
user_1ad50bf41d,151,False
user_437a2ba43b,40,True
user_e3c93e4d23,40,True
user_3044a5f5f2,31,True
user_bf6f7cb606,40,True
user_af43ffa2ce,40,True
user_2b9a5d0034,646,False
user_a98023e280,646,False
user_d34ad4e695,44,True
user_656e4128ce,40,True
user_3f609f8dd3,40,True
user_b398680e59,40,True
user_da68befc7f,40,True
user_8317606c64,130,True
user_ad0e1ddb56,130,True
user_e1f8dc2afc,130,True
user_78cf9ce85e,39,True
user_2d8eca359f,40,True
user_3cb0502be3,192,True
user_b1c62cf258,647,False
user_d6477081c1,647,False
user_df1d26363a,23,True
user_2be813c305,142,True
user_d5bbca99dc,142,True
user_f21277d082,36,True
user_c7237c7752,40,True
user_133d0b0dba,40,True
user_1dab0b8de6,90,True
user_d10229edd9,648,False
user_9e7d9ece15,648,False
user_ce8409e288,69,False
user_0e8f11feec,1,True
user_df511e7d25,130,True
user_060b6e358d,649,False
user_5a7eafb0ce,649,False
user_159b39d813,40,True
user_46e779aa6c,31,True
user_8997c268d1,3,True
user_ef2c0f74b5,10,True
user_df7efbbd43,13,True
user_f38b9e0b57,7,True
user_b10b3d5ee1,138,True
user_87a60d25c3,138,True
user_b50dc1fc27,13,True
user_33fa74d800,13,True
user_51c5d6193e,10,True
user_5b030aa480,13,True
user_3a973bd7a5,7,True
user_7921c86d24,5,True
user_f3267ef82e,7,True
user_18d54dcee8,13,True
user_2310d396f9,142,True
user_c10c158a51,9,True
user_9d156458dd,13,True
user_30abdc7b6a,7,True
user_5c7d3bd4d9,7,True
user_a147620ae0,7,True
user_b068c9d174,3,True
user_1e6fe13647,40,True
user_8c552719ce,44,True
user_7aea07d021,650,False
user_296b1560c6,650,False
user_b6f282d870,38,True
user_c0ed90130c,33,True
user_2d294b98c9,33,True
user_2e9a9ec1a8,33,True
user_6732ff9d0b,27,True
user_f7c00db862,142,True
user_b8fc24fcec,13,True
user_43c18c6de8,231,False
user_af3ac811a0,651,False
user_223b8bb63e,651,False
user_6605c6113f,140,True
user_a8ec5a2468,130,True
user_56a5512fa2,652,False
user_a3d2d2a25d,652,False
user_4e7b2938b0,653,False
user_3ffc6963f3,653,False
user_c2589fc41f,48,True
user_c410a9410b,2,True
user_77c6c2ef76,44,True
user_82800164ae,652,False
user_cd03c373a9,75,True
user_d36b1fca55,31,True
user_b57806b217,654,False
user_2e64dcf8ef,654,False
user_ac683e8896,655,False
user_28acc90cc7,655,False
user_c49cc76321,48,True
user_62649abae6,130,True
user_9e67a1309f,8,True
user_c68c29a058,46,True
user_b1200eee15,7,True
user_cc5fc554fb,7,True
user_5f7f7bf8aa,46,True
user_7f0d598f3c,46,True
user_5067016c6b,130,True
user_e1f6863e01,7,True
user_53bda180af,40,True
user_cd7463018e,40,True
user_8d7b5cb1f5,33,True
user_40de241931,4,True
user_b8b576493c,7,True
user_570286c0b3,479,False
user_0210f2ea26,81,True
user_7f0cd0c84a,31,True
user_189c9d7ed8,7,True
user_a3a959100b,7,True
user_cdfbb5d42e,54,True
user_42ab7017e4,80,True
user_8f8aa49ca1,600,False
user_2dfe4d2b26,7,True
user_ddbfc6dbce,656,False
user_5a4b71050a,656,False
user_bb679268f2,7,True
user_fafbce5de8,11,True
user_717edeb40a,657,False
user_2df008d035,657,False
user_addc8c1bac,21,True
user_727c9017b2,21,True
user_b10ea3857b,7,True
user_6194e822a2,7,True
user_89edcf2847,56,True
user_dcd4c56ca5,40,True
user_9293d250a9,31,True
user_992aa228f5,13,True
user_75dc0acb33,46,True
user_4ddec012af,3,True
user_8976f9cb99,7,True
user_98fe24ed50,656,False
user_3899228ad3,54,True
user_110c52b088,3,True
user_577b79dd52,3,True
user_1d8d4e480b,7,True
user_f21fcacb63,59,False
user_08e7891b6c,3,True
user_1ae9c2f521,658,False
user_313f16e4ad,658,False
user_04a4c4bf79,659,False
user_7d0371d0e5,659,False
user_851dad4c3e,4,True
user_d613210f0e,27,True
user_afff941d78,33,True
user_ed5be36d6e,33,True
user_dc2076d5e7,10,True
user_b7a09d9c53,4,True
user_b3d8e5608e,36,True
user_a7c253c377,36,True
user_b865fa732b,660,False
user_a23e330b95,660,False
user_aa1b793e7e,36,True
user_8e91540219,4,True
user_fbbf3d8085,4,True
user_7d0e7ba2f3,27,True
user_5ce552820d,661,False
user_2278c7f16a,661,False
user_ea43d13132,662,False
user_820a95ee5d,662,False
user_a74d73100c,27,True
user_eabf2b12d1,27,True
user_1ec9bbcb69,663,False
user_0404737770,663,False
user_30e47f8710,27,True
user_ea76ea5f3e,11,True
user_d2c52860bb,11,True
user_affb7e796f,4,True
user_f851e23ce7,664,False
user_f75216f16a,664,False
user_ee82b9cb60,665,False
user_2aa7c2506f,665,False
user_8a6560bb41,4,True
user_c8b8cd9d8b,27,True
user_6e04f547fd,40,True
user_2b4d97b42b,666,False
user_4da7994f9a,666,False
user_6464259dbf,4,True
user_4747fa9e23,4,True
user_d1cef734df,4,True
user_dbf07c247b,27,True
user_5b452285e8,41,True
user_9a7acd5d52,667,False
user_983c312527,667,False
user_2cb20e0821,51,True
user_117132b39c,27,True
user_29bbef3a75,23,True
user_efc36bdf06,23,True
user_7416b2052c,4,True
user_abea160936,668,False
user_5cb96d204f,668,False
user_fab7fd5dbe,48,True
user_1241589468,21,True
user_9b3f78591e,27,True
user_a72b3e9193,428,False
user_7a8b52201a,428,False
user_b3cec8c884,4,True
user_3d90ff0844,27,True
user_38181cf83b,665,False
user_d3e98f5255,91,True
user_9a3541c4a5,91,True
user_3b7d03ed85,107,False
user_4db86f8353,4,True
user_f64a745a18,4,True
user_a0e0208208,192,True
user_4afe0aedb5,46,True
user_d28b47438d,667,False
user_1f5c9a348f,668,False
user_d89dc46a92,665,False
user_7ea772d38c,27,True
user_f188bfce6d,27,True
user_2c7c0b8870,4,True
user_bfbaba3b05,669,False
user_9cf3e33aa7,669,False
user_38d672bba1,670,False
user_116535856b,670,False
user_c44f6c7b08,42,True
user_042935d28f,42,True
user_57e4e7db10,596,False
user_d17967cf24,142,True
user_924879b539,142,True
user_b94a405847,36,True
user_5a98400474,7,True
user_3b070bd778,556,False
user_137ba75bb7,13,True
user_b7d8f22888,671,False
user_2889c25a8e,671,False
user_bea768f87d,57,True
user_4289655a28,672,False
user_61714b4298,672,False
user_f82eb84e38,33,True
user_3826336f14,7,True
user_04ce359ac4,91,True
user_46a1c5d8c0,3,True
user_9137fc5017,7,True
user_2d0a1583f9,39,True
user_aade11ab38,63,True
user_b4b7707680,63,True
user_30dc0b6726,596,False
user_7cb2a69477,116,True
user_1b40bf6bf8,27,True
user_372eb0ad30,673,False
user_66c76ed106,673,False
user_5c3f6b0053,613,False
user_ec75a9e13d,142,True
user_9723ca109b,142,True
user_e8399fe871,42,True
user_048d8e125e,56,True
user_89abf77539,56,True
user_2ce1ff078d,33,True
user_74ecca1676,7,True
user_f14a5c5942,613,False
user_6e1456d84b,613,False
user_965cef56ce,674,False
user_3fc5145eba,674,False
user_d04b4f2a18,675,False
user_3e4d351e97,675,False
user_359c228a96,53,True
user_35a8bab42d,53,True
user_8d430eba2b,676,False
user_316f87e7a4,676,False
user_5a68642f2f,116,True
user_2562b59e2e,5,True
user_33c2af7f46,42,True
user_7d68891a86,42,True
user_592f89501e,42,True
user_70cf55dde5,33,True
user_788cc76ff5,4,True
user_f4fbc7f424,62,True
user_de903d4bed,7,True
user_5e7032cb56,27,True
user_cc8d4b650f,42,True
user_cccf96dfe0,7,True
user_915f35d56f,13,True
user_191f3140cb,62,True
user_ea68d25958,62,True
user_557ce3e414,677,False
user_801ae6e665,677,False
user_3318780586,42,True
user_5f94cc368e,63,True
user_128d4eb448,21,True
user_7bfe056d3a,678,False
user_e3c13515c6,678,False
user_b5866b6b4a,41,True
user_b643fdaed4,679,False
user_4ce4a956ba,679,False
user_72c52e777e,7,True
user_f500e65017,680,False
user_aee08f6453,680,False
user_2d15bcff7b,42,True
user_af419e623e,13,True
user_b3c3adb958,681,False
user_6b00aee497,681,False
user_263ec36dd0,42,True
user_61bae74a88,682,False
user_b0beef1cd2,682,False
user_44ee36edc4,683,False
user_437dcb70d4,683,False
user_6aefa64fdb,23,True
user_e3017a2e2f,7,True
user_db8823923d,443,False
user_a8ccf01d87,2,True
user_57f5d7559a,48,True
user_a5c63a7bf9,7,True
user_74ca83a3dd,684,False
user_e8452cd360,684,False
user_a4306e04da,42,True
user_c9c676ccfc,42,True
user_93e879435b,23,True
user_dba57dc6a6,48,True
user_deacc4749e,23,True
user_e350b455a3,37,True
user_9f6347b568,48,True
user_575ec68dab,48,True
user_7aebf3addc,37,True
user_d6650fdfa7,11,True
user_f680b39a45,39,True
user_fe1203fc33,9,True
user_d981c0c4bb,9,True
user_2ff09c6071,56,True
user_d1c1bfb9b0,130,True
user_f1e9c9db4f,48,True
user_335d1b0240,27,True
user_0f903cf016,23,True
user_cb36af2ae0,48,True
user_9116cbe0f7,685,False
user_d1f400fcd6,685,False
user_dd6d152a29,686,False
user_789a024d91,686,False
user_29784259f2,686,False
user_ff357d905a,48,True
user_c78ed81a31,23,True
user_08b92cc29b,48,True
user_18703ef8a9,0,False
user_39b7df12f6,75,True
user_57e1c3a44c,81,True
user_11f94d1ca1,81,True
user_fa65c3ff88,48,True
user_5f380c48ca,4,True
user_07a9e5bb57,4,True
user_709e96bc8e,116,True
user_b73a7ee178,7,True
user_e3b59bc7a2,33,True
user_808893a057,75,True
user_9bc1c64408,37,True
user_039a5d2862,3,True
user_296fcd20a8,48,True
user_fad35a4475,140,True
user_fa3e3f3689,48,True
user_4acee2bf0c,78,True
user_c69ac031ab,116,True
user_e84dfed1aa,57,True
user_7df4bdea55,5,True
user_115b93193a,39,True
user_925e63c87e,48,True
user_408a70e9dc,15,True
user_5789b0a847,15,True
user_0e738dbb61,48,True
user_fe07b2e79c,687,False
user_3b0509c3a4,687,False
user_d9e17c7910,39,True
user_f66c412d3f,57,True
user_59939fcfb7,90,True
user_055c6cff0c,48,True
user_9e98ec826e,10,True
user_25077ea54e,10,True
user_dce2510682,688,False
user_cf138253b0,688,False
user_4312b8bde5,38,True
user_24a2cd1e91,42,True
user_393bfdb176,57,True
user_5bf0df3626,57,True
user_b5cf3ad8e0,48,True
user_066672896e,81,True
user_c636811df1,689,False
user_b844835a70,689,False
user_066ff3c1f2,7,True
user_f41fe0a616,27,True
user_20a679bb10,4,True
user_55128fb462,80,True
user_3c91734f5a,62,True
user_437939c8d3,62,True
user_bb8730a8ce,41,True
user_d1ee105c01,63,True
user_a3ced46ecf,142,True
user_70bd1edbbb,41,True
user_a81db4607c,4,True
user_2d5d72df2b,21,True
user_9e3d436756,21,True
user_b19b8cc5df,41,True
user_7662a45145,27,True
user_e9bfcd7333,81,True
user_7b9e633bc7,21,True
user_32b7c33852,21,True
user_091e79d57b,48,True
user_82278008b1,21,True
user_07b9d6078a,81,True
user_700cb478b5,27,True
user_ac46f75340,44,True
user_96ec7ec2f2,690,False
user_58cc37bae1,690,False
user_a1e73f4261,48,True
user_b1139ec31b,48,True
user_f392d61bb5,42,True
user_6098a9ee85,691,False
user_20229f850a,691,False
user_a0114f3d3e,3,True
user_a9a836b858,3,True
user_218fe7dae3,57,True
user_0e3362ed3f,48,True
user_1366634194,10,True
user_b7f6b4182d,10,True
user_267f8440ae,692,False
user_3343870d7d,692,False
user_aa32c29fd2,81,True
user_2ca7a347ad,48,True
user_75774c922b,55,True
user_78f19167d1,81,True
user_ff25754b9f,54,True
user_1d3b00ff10,21,True
user_83c3aa6a9a,140,True
user_02ad9859b2,81,True
user_f0daeca6d7,81,True
user_667389648c,140,True
user_4aab288478,140,True
user_c1df04ca98,140,True
user_885077c30e,48,True
user_f7b0a6ebc4,91,True
user_109d91c935,7,True
user_4050bc1dbf,138,True
user_0e5ef42ac9,138,True
user_f1c8319069,140,True
user_c6f3f30388,48,True
user_f29b6e39b2,48,True
user_0200edf27e,693,False
user_4bf27d4ea4,693,False
user_0fe666231a,694,False
user_68eeb0ab65,694,False
user_12122267db,48,True
user_319540fb53,695,False
user_dd2b93730d,695,False
user_ec0d26b4d0,10,True
user_90e0365281,39,True
user_6f651d8c24,696,False
user_deef5d2f76,696,False
user_e2b4e1004b,2,True
user_40c2dfbc7d,81,True
user_1f5a508a36,44,True
user_18617a9aed,37,True
user_7955f4facd,63,True
user_c06080fb51,697,False
user_dafccd3467,697,False
user_b516de5748,661,False
user_c7bf375e12,81,True
user_858bb76ec1,81,True
user_cfef5e8790,8,True
user_79c9ae66c3,90,True
user_369fa66cc3,698,False
user_c13a54e472,698,False
user_23007ff1e7,2,True
user_9eed814bd4,3,True
user_256d3bc812,699,False
user_ee84322074,699,False
user_ac0619515e,10,True
user_d159ec19a5,21,True
user_10d6d07e49,700,False
user_8375766d0b,700,False
user_e729a9070b,3,True
user_0ae4e3f7ab,3,True
user_10e48b7a3a,99,True
user_5a61c078db,701,False
user_fe33db3d9b,701,False
user_a2f64aa25d,39,True
user_f491423e8c,81,True
user_21baaea24b,10,True
user_f2510da70b,48,True
user_76dab050ae,81,True
user_8ae7b1111f,48,True
user_2b73e312a7,46,True
user_87a1276e1d,40,True
user_8aa2d7ad76,10,True
user_f15a3f8331,39,True
user_f08dcfa90a,702,False
user_f50531cd9c,702,False
user_e35de1353a,81,True
user_260708fa90,7,True
user_946d32a5df,37,True
user_cac78b64cb,703,False
user_58de60d766,703,False
user_bfd2315b73,704,False
user_f78ea2814a,704,False
user_fa3f3bdedc,81,True
user_33c4aa24fc,48,True
user_41ab157e9c,3,True
user_ec11cd843c,3,True
user_f48f54c253,48,True
user_5245811ef8,63,True
user_d3f96cdf81,90,True
user_6b7c40b177,705,False
user_950e8a10f7,705,False
user_6d12b9fead,36,True
user_2fb2582e46,7,True
user_31343d11e6,48,True
user_4f9b60a1fe,53,True
user_aae6357547,53,True
user_4ab4066b3e,9,True
user_244434ed4a,81,True
user_c84626cc11,36,True
user_6980000cc6,44,True
user_09238d65fe,15,True
user_1a66ebdd95,36,True
user_91c6be8328,21,True
user_f3195e69f0,11,True
user_609a115519,706,False
user_27ddb7d890,706,False
user_47ecfc23d5,21,True
user_155546e9b6,53,True
user_ef192a651f,27,True
user_f5fb39c748,63,True
user_48c9371d10,54,True
user_6eba68a661,81,True
user_9e43ef5d82,81,True
user_ea1a5c600c,707,False
user_d4c6bb8990,707,False
user_e66cb09b26,63,True
user_20e32aaeda,48,True
user_2ae7400e6c,708,False
user_4ad61400fb,708,False
user_d9209fe8e9,10,True
user_ddb369e9bd,62,True
user_a47158afbd,3,True
user_49db3afa98,3,True
user_080b834197,2,True
user_7653cc2d32,15,True
user_0ae591cec7,62,True
user_deec364e12,3,True
user_0e1125ea0d,142,True
user_db19a77ab3,15,True
user_6495b4fc40,37,True
user_7c65e0adb9,709,False
user_a0b0ab4b14,709,False
user_b417d6b3d9,710,False
user_c7ca87a2d9,710,False
user_2faff3fef9,37,True
user_5fd6ac70fe,9,True
user_08a7774bab,48,True
user_447eef933d,15,True
user_6efddc3012,142,True
user_8f90af9737,711,False
user_d03d0ce5dc,711,False
user_e65b0ebd63,36,True
user_c788cc1dbb,62,True
user_ceb87da333,62,True
user_4e4f97f3ba,15,True
user_66a08b0679,15,True
user_e265405ba5,48,True
user_142f7a3f5d,46,True
user_122d71d2cd,48,True
user_630b792af6,8,True
user_864933c485,48,True
user_a911f468e4,379,False
user_544c812067,138,True
user_4fe062a3d4,15,True
user_3d6b18a847,15,True
user_1e313352f7,712,False
user_ffb4e7953a,712,False
user_757aecc66a,4,True
user_a3927f7bb1,4,True
user_df3eade50e,80,True
user_902a9f6d6e,4,True
user_f65bc4c899,4,True
user_e1ee85a773,8,True
user_2aed284923,80,True
user_b94770a23c,4,True
user_96a39dbf7c,51,True
user_7fc4c3b6de,80,True
user_5aea9d7df4,51,True
user_3c1370f7e1,37,True
user_c66d58872d,10,True
user_fd048962c2,142,True
user_c8f3080b23,142,True
user_e38edd4b7e,142,True
user_66533c776c,80,True
user_4b725beec4,712,False
user_df2ba4b654,12,True
user_2a2527df90,310,False
user_249ae6ecd7,48,True
user_35c315956c,23,True
user_c170779436,39,True
user_29a7bd8dae,48,True
user_3cb5a3975c,48,True
user_f95a464046,3,True
user_5de1c5a96e,46,True
user_454b646d5a,46,True
user_ebdab814ba,46,True
user_ac9dc1f4c9,27,True
user_6b4354781a,449,False
user_681cffb916,40,True
user_b7e0c0f144,697,False
user_ed29a64808,40,True
user_54d41068f3,40,True
user_b0aaf7266e,21,True
user_091e375829,713,False
user_dd3e6ffe02,713,False
user_6486b4e44d,10,True
user_ad586b8ec7,57,True
user_d5f984737f,56,True
user_2ad9bb0b87,48,True
user_04e98d10b8,714,False
user_92cf683db5,714,False
user_b348d7c616,46,True
user_e593865f1a,44,True
user_fed5326b2e,78,True
user_27735d0455,3,True
user_67aa446666,87,True
user_abe6365c48,87,True
user_cdf5e84602,87,True
user_39dc0fb4a8,63,True
user_c2df300ccc,2,True
user_4a255e7f37,715,False
user_b25c606681,715,False
user_14a606c9a0,332,False
user_899e8cf97f,716,False
user_2f7cb0483c,716,False
user_010fcc21cd,4,True
user_5daee229c6,717,False
user_b1ac9659d5,717,False
user_9518b005f9,3,True
user_287b82e5b4,718,False
user_1817721ef2,718,False
user_6986f3eebc,3,True
user_b7c6a05644,46,True
user_b623360145,78,True
user_53126e02f0,63,True
user_6315416ebd,91,True
user_a7c8d40399,719,False
user_084a0faa71,719,False
user_78e03919b5,87,True
user_1d5231bfb0,62,True
user_431ce34453,62,True
user_bcc2b9c122,87,True
user_ce8376f0ed,21,True
user_2909e43ec4,87,True
user_f030c4ac6f,140,True
user_56f785e8ff,606,False
user_6040ad1bc8,4,True
user_fa43816145,720,False
user_9a82ecfa7b,720,False
user_db9072f412,721,False
user_bc9204b46e,721,False
user_881889519b,53,True
user_0f47514705,722,False
user_b150701db8,722,False
user_4a3e58dd38,37,True
user_26b4c34cbf,130,True
user_3481046ccc,5,True
user_b8486a2ea8,723,False
user_1a1fbae360,723,False
user_be3d380f85,724,False
user_067d1d51ae,724,False
user_070e592f4e,42,True
user_872acd392c,42,True
user_38ba57ec19,62,True
user_683188a7f9,62,True
user_8dad200945,12,True
user_d47b33abc8,37,True
user_496d805dd5,87,True
user_5b234688da,40,True
user_a816d689ee,54,True
user_9d4fc8c633,4,True
user_1f0eefeeb4,40,True
user_f7d336e41c,56,True
user_35fb4e0381,10,True
user_670e1d74b5,62,True
user_dd48056f2c,40,True
user_a6c293ab71,4,True
user_26a03d80a8,27,True
user_c9932b3da1,48,True
user_8e0b1095ce,40,True
user_ed30ab2948,13,True
user_7ba928393c,13,True
user_dff527c21c,2,True
user_2470de447f,54,True
user_c8b5d196f9,620,False
user_e704437a5b,297,False
user_dcdccf98b8,87,True
user_4d82f7b889,5,True
user_453a557992,27,True
user_ed1c11e54d,725,False
user_048edc2f9f,725,False
user_1dee59c11b,726,False
user_ec839bc01f,726,False
user_aeb982fe2e,78,True
user_de3501d3e0,54,True
user_7b6872e12d,36,True
user_316c19dc02,10,True
user_4dc106c8fc,715,False
user_806ba8971f,3,True
user_75b1334a37,727,False
user_37d34d4dad,727,False
user_efa681a685,27,True
user_803823fe4c,10,True
user_e62469ad8e,726,False
user_32419db487,48,True
user_9f63d7c990,54,True
user_64446bde36,728,False
user_622c984b49,728,False
user_51678b80bc,54,True
user_11a9c9b14b,48,True
user_515b97f014,48,True
user_d69aec6436,39,True
user_c994daa47d,48,True
user_77826abb5e,53,True
user_b6dd527af9,140,True
user_def384e138,42,True
user_3c1e29ea70,42,True
user_fb17e38663,2,True
user_d571d3c4c2,27,True
user_32dbf32dd8,79,True
user_d7752fe759,42,True
user_ac2794724f,42,True
user_431874fe85,42,True
user_72ee15df1e,140,True
user_1602e8720d,53,True
user_bded5b9004,7,True
user_0dcd55c995,42,True
user_21ea492894,7,True
user_c3b4acd293,3,True
user_7fcf9afd6b,42,True
user_eb3fa3d610,53,True
user_2172025121,140,True
user_fd06b8e332,42,True
user_d2510d7d8a,729,False
user_de580b46eb,729,False
user_015462b4e7,3,True
user_3ff2e06c18,57,True
user_560d796303,51,True
user_71ab65f3ba,42,True
user_44e8755d4c,42,True
user_c39ae6b0bb,730,False
user_0f5f0462f3,730,False
user_b5e21492ef,42,True
user_394cf1f702,7,True
user_290e10ac6e,11,True
user_0eccc21ef1,731,False
user_acbf17fc7d,731,False
user_6040164288,732,False
user_a9553cc16c,732,False
user_d4a2e3010e,2,True
user_589099c847,42,True
user_22854574cf,42,True
user_83e2741a33,140,True
user_863b99f306,42,True
user_995825ae15,10,True
user_699f9d80a3,10,True
user_9f0de0af0b,42,True
user_7b3e209efd,733,False
user_fbd092c9c3,733,False
user_481753c7fd,42,True
user_3db28a67a0,734,False
user_086eff3130,734,False
user_b786076ab3,735,False
user_1d0d52cea4,735,False
user_868a81e81c,42,True
user_58e4a7c08e,54,True
user_676471fca5,42,True
user_a28d3c5cb9,42,True
user_935508c848,78,True
user_537506b3a2,42,True
user_8852ba680e,7,True
user_a6accd25fd,2,True
user_6a831614a4,53,True
user_db39f497be,42,True
user_bf09b51736,42,True
user_ba01a604b6,42,True
user_79fcb59944,736,False
user_ffba5512d1,736,False
user_151b3c312f,42,True
user_cc5e6cf8be,42,True
user_e9b2f2c500,735,False
user_ba0ba19bf8,42,True
user_bc77475e5e,90,True
user_0ae83782ad,90,True
user_8d83c61631,737,False
user_7bcab1aa04,737,False
user_58ca0bdf2c,62,True
user_d0e733933d,54,True
user_b756581629,90,True
user_4dcc7ec9e4,80,True
user_7faebc9f20,39,True
user_a497e002ed,42,True
user_f3d73545cf,42,True
user_ea7ac491bf,55,True
user_aefaec646e,55,True
user_879ddda3f0,737,False
user_b6bdf4ce04,728,False
user_c33c15a702,728,False
user_5d26762e2d,57,True
user_abb9960899,90,True
user_c3f1e7eefb,42,True
user_fe021a86ab,39,True
user_97bac33bbe,142,True
user_739900f342,40,True
user_e7df83c0a9,56,True
user_8cc0d0369d,91,True
user_acd80c2ab5,57,True
user_d2a84a198f,39,True
user_2dd7f176c6,8,True
user_5d8b463a78,42,True
user_fde5718b9e,48,True
user_cee41f30c0,3,True
user_207f74c574,57,True
user_06b8d72fd0,90,True
user_ab94c01618,55,True
user_3968e5f1ab,40,True
user_e14badbd02,40,True
user_9ccc0720fa,377,False
user_6637a06518,738,False
user_11a03bfb47,738,False
user_377ff0a84a,87,True
user_1e2aeffe22,142,True
user_7748a356f6,90,True
user_ef1785c80e,90,True
user_71bde3ded8,57,True
user_589389ad27,55,True
user_d07b18907a,55,True
user_6c4831108a,53,True
user_a98f8bfa0c,63,True
user_6846d9cf4b,7,True
user_ee2b283d1f,3,True
user_af04495c5c,90,True
user_d5f77f43d0,62,True
user_ff29b2f15d,56,True
user_65b4cc5aef,8,True
user_1ffa234830,728,False
user_746079b91e,739,False
user_239478f622,739,False
user_9c942e4e0c,57,True
user_8cf421d353,740,False
user_ad0c4251b4,740,False
user_ad09f9ceb6,62,True
user_33fbebbc91,3,True
user_817decd0d7,741,False
user_9cb18bd25b,741,False
user_b60f60af31,57,True
user_b13351d50b,75,True
user_3a3e5e81a5,62,True
user_c3c4af17fe,140,True
user_87e478402f,40,True
user_2713b8b46b,27,True
user_49f9e9e309,57,True
user_4d23613bee,21,True
user_d4e9f43888,31,True
user_985c85e856,7,True
user_18dd571b62,31,True
user_37d9bd5038,37,True
user_789bc124fc,57,True
user_df624a171f,90,True
user_2eb81bd66e,742,False
user_b711417ee3,742,False
user_fb17a5e20b,57,True
user_71b3cb39ee,55,True
user_301d6ac732,140,True
user_093be4ba66,57,True
user_063fc743fb,11,True
user_61da67de10,743,False
user_bae400358d,743,False
user_19eac2ca2b,57,True
user_091579ea86,27,True
user_b8df457de7,31,True
user_2e25380f8d,609,False
user_483a5cabeb,130,True
user_32ec968430,31,True
user_752cd8ab22,31,True
user_b153081f31,140,True
user_3dac907dad,3,True
user_14dad404d6,87,True
user_173ddfeb98,744,False
user_ba113674d4,744,False
user_098f3c5ffb,11,True
user_7e388bd15a,745,False
user_d3f60a68b9,745,False
user_80d4a0bc06,9,True
user_33c1cd48c4,9,True
user_f3ffdcb676,57,True
user_320f167ea9,15,True
user_4ea0652210,31,True
user_54666d5373,11,True
user_b4ff7d1694,53,True
user_aa627bc929,41,True
user_55f38f7fc0,41,True
user_9e1a26c2e1,746,False
user_96d7e8a3cc,746,False
user_a045b40759,80,True
user_d1d3262180,689,False
user_147eaad223,689,False
user_a725569294,747,False
user_879d8d3c8a,747,False
user_45bb378d2f,748,False
user_a2f8d41c32,748,False
user_b00b71b361,749,False
user_fc20f4e8fb,749,False
user_f4b9b5a4e3,142,True
user_6bab745a25,142,True
user_bab772f53d,745,False
user_c7f4596844,142,True
user_16cf238e7a,750,False
user_5c41becf76,750,False
user_7e94ec8364,31,True
user_eb277323e5,745,False
user_e450043a70,63,True
user_9c43506edf,142,True
user_6455fef2e0,57,True
user_c6ba7a89df,749,False
user_ba27cb1189,140,True
user_4d69a6e24d,57,True
user_40cb0b28ac,751,False
user_8f23d68de3,751,False
user_ee276af38f,57,True
user_b06d031849,31,True
user_96c2c4f6e3,310,False
user_b5c1ad7e05,310,False
user_0ce4f97063,38,True
user_32f14bf9d6,38,True
user_1eb7642cf5,57,True
user_477edaba51,31,True
user_38a854e13a,752,False
user_06dbbc5218,752,False
user_cdb830b220,753,False
user_5257843538,753,False
user_05b811647e,754,False
user_86ea7b626d,754,False
user_1968c208f4,755,False
user_0d6d0b4f06,755,False
user_8162d5ae42,192,True
user_12c8e92db7,31,True
user_8a8687e57a,38,True
user_e6463cfb36,310,False
user_ddfbc92490,38,True
user_8506b34a58,38,True
user_2060143f92,756,False
user_2f5d6b90a3,756,False
user_01e2157016,4,True
user_0d258648d2,87,True
user_f73a7653b1,53,True
user_06ff827d60,130,True
user_b6788af815,9,True
user_5f6f43713d,116,True
user_8f36b6cfc2,38,True
user_6b308e77f6,4,True
user_57ba25de40,9,True
user_2820c65c60,54,True
user_3f6f5b9497,752,False
user_b8e24b7173,90,True
user_99b8bdb1e5,9,True
user_a16623d81d,21,True
user_9bd3bdbae3,757,False
user_1fcc0744f8,757,False
user_50201ce08e,51,True
user_c4cdb10ab8,57,True
user_b56874e04e,758,False
user_a3a7dbfa62,758,False
user_5827f72c95,62,True
user_ac820d2f55,759,False
user_c446409104,759,False
user_ca59ccb11a,4,True
user_2995c5acca,38,True
user_300c10aa9b,51,True
user_7968aab93b,7,True
user_ef269f6289,748,False
user_8b4d99288f,752,False
user_7d1f691981,760,False
user_51d8a78759,760,False
user_db4ef6884f,116,True
user_416f894218,42,True
user_805e5fe7c2,21,True
user_6eb95ea721,674,False
user_d6aac15d20,31,True
user_b539d387ce,38,True
user_dc1efc84ff,761,False
user_98e722a8cb,761,False
user_551899ee37,31,True
user_bd1d0f4095,748,False
user_fb79b4d6b5,140,True
user_c60522369d,15,True
user_41d6190333,116,True
user_711beb9528,140,True
user_a7f07ac9d9,140,True
user_a4cb1898d0,11,True
user_d3a3305e3f,142,True
user_edb38b0bae,36,True
user_479bd12ffb,11,True
user_4272024c28,31,True
user_55d82904f2,11,True
user_450d58db01,75,True
user_92c771506b,142,True
user_3d8f9bfb2a,762,False
user_a4186b2c85,762,False
user_fed46c45d6,55,True
user_b52ef720a3,55,True
user_fe506a2f1d,763,False
user_1907452a58,763,False
user_b1a30e1cfd,5,True
user_125470f289,764,False
user_b4b7dc6fd4,764,False
user_c7aeffd94c,140,True
user_2dac8146a3,33,True
user_f62488593c,2,True
user_4f8d50b617,3,True
user_1ca2f6f785,63,True
user_1874da8f19,765,False
user_8099db322a,765,False
user_4336ffa1af,80,True
user_893845e8b9,766,False
user_1d067f0dd5,766,False
user_4c981c5ae2,75,True
user_691fec972e,7,True
user_82090a2940,300,False
user_0880101713,10,True
user_27d5e6d537,57,True
user_68eb267546,767,False
user_b240ce812e,767,False
user_97be89bb4f,768,False
user_b8116a8227,768,False
user_45586fb882,11,True
user_73856520ac,769,False
user_db28caa68d,769,False
user_92e147d4a8,765,False
user_b074f4cb88,99,True
user_6c6b9fe487,27,True
user_f04d8af35e,151,False
user_c09470a2f1,770,False
user_b08de8808c,770,False
user_5f956a6973,771,False
user_b488ad9a87,771,False
user_35ce2a8bae,7,True
user_fa04c41954,140,True
user_b0fcb1e221,752,False
user_749e61119f,140,True
user_9a6b79197f,4,True
user_be53594e09,87,True
user_7ad5116d4c,772,False
user_f4606d6e17,772,False
user_8442ae7c45,48,True
user_65e7dc7ecb,48,True
user_3a55b27ea1,3,True
user_5155421e40,8,True
user_49291aade0,23,True
user_0c002ddbd5,116,True
user_b943c51718,23,True
user_28ae42ae61,23,True
user_ef086b4edd,773,False
user_c1941eb53e,773,False
user_3dc71d3217,48,True
user_f9333b25d8,31,True
user_c729443934,57,True
user_f2c42480c7,8,True
user_60be1a3905,48,True
user_b452350df0,4,True
user_a23500d3bc,48,True
user_de2c7ed470,770,False
user_da4a8d6eb8,42,True
user_d5a9c9913b,48,True
user_5ccf0ee575,80,True
user_f6a6a49ca4,80,True
user_3d36b97183,23,True
user_9c721cc92b,48,True
user_3ab128ce65,48,True
user_38ac0d5a1b,15,True
user_d8d913b6b2,48,True
user_9815d47dda,54,True
user_8f6e9dcf4e,46,True
user_3106ea0684,48,True
user_49d5dd47f1,57,True
user_fe1f5648e2,774,False
user_2b2cbeb717,774,False
user_c6e2d219b0,81,True
user_43b835b3a1,57,True
user_0a42f4acf2,8,True
user_e49c5d8564,57,True
user_51fa29de0a,775,False
user_78dd1e0ad7,775,False
user_e4f6e86548,31,True
user_69741d19b7,776,False
user_cd6f19f9d2,776,False
user_1742551ad0,42,True
user_9255e0faca,15,True
user_671a64e341,15,True
user_950563df3b,27,True
user_5193386d7f,42,True
user_ce0af4282b,23,True
user_be1c643d23,777,False
user_ca74780806,777,False
user_fb0967f7bb,48,True
user_7136198d4f,48,True
user_2143e2ebfb,1,True
user_8909fb1833,48,True
user_478e7c3c98,142,True
user_4e03c92bdb,11,True
user_81bd7cb3e0,752,False
user_4807d9f4ce,39,True
user_3ddad84b54,42,True
user_672a0c2def,31,True
user_4a33dbb4f4,778,False
user_74098848cc,778,False
user_57df099868,779,False
user_06ec0ce5bd,779,False
user_33c8137711,780,False
user_9f59d26961,780,False
user_b74e69f4cf,75,True
user_2569792514,42,True
user_15fdce2d52,57,True
user_903ad582fc,7,True
user_cffdb0c4ff,6,True
user_f4e0bbd938,6,True
user_86f1801bf0,56,True
user_d9dc81d1f3,781,False
user_99fff0372e,781,False
user_bc165b1d0b,79,True
user_d44b70902f,79,True
user_640afd8640,192,True
user_b05f6d5e4a,192,True
user_50b4b4901c,63,True
user_408a8bf964,7,True
user_4ebba76cff,7,True
user_e4f73fe7c8,782,False
user_229ab6a27c,782,False
user_3e0f376482,142,True
user_3b620d0dea,2,True
user_b175e2a80f,2,True
user_f4d5676678,6,True
user_2bb4e437cc,6,True
user_babfbb7005,57,True
user_0641ce0530,783,False
user_3c04db4003,783,False
user_266041e0dc,79,True
user_c73af5c5ad,87,True
user_b3e27d27da,140,True
user_2fa9ed5369,56,True
user_5f68a1073e,91,True
user_60bb9b011b,65,False
user_005b2cae15,33,True
user_58a043082b,33,True
user_760f649587,39,True
user_a4fe42ccfe,57,True
user_577bb8d24c,57,True
user_ff2f475397,23,True
user_b99378d335,784,False
user_2c39cf0154,784,False
user_68dafdfbe4,785,False
user_1e5c60da31,785,False
user_fc79235003,786,False
user_07e08d69b2,786,False
user_198d5e8f56,6,True
user_b24c674b71,79,True
user_5ba36c52dc,91,True
user_8aadba2ac8,91,True
user_59e1135186,79,True
user_ee6f4410d4,33,True
user_dcb95dab02,787,False
user_aa4c7d5643,787,False
user_acb52b131e,6,True
user_34dbf54b06,788,False
user_d6d68c8737,788,False
user_7920dc9cf6,91,True
user_7b4f04c445,91,True
user_68b027d1a4,789,False
user_0497725568,789,False
user_6a08af97b7,6,True
user_2b09a59b42,40,True
user_589045cee4,140,True
user_760c6433cf,91,True
user_2b2512ca62,7,True
user_a5abf22bac,140,True
user_9912cf8bf1,27,True
user_a14b769df8,23,True
user_600a3fce1e,6,True
user_0ede2aec08,6,True
user_a530329d2a,27,True
user_d03bf40c57,56,True
user_6ecb85fee0,731,False
user_786745dd89,6,True
user_dbac673755,91,True
user_47c1283c39,790,False
user_ffed1fd2f6,790,False
user_2c6b783b3e,53,True
user_eded9ac3f3,138,True
user_ad0f542be2,138,True
user_cc347f1803,791,False
user_0f4374b38b,791,False
user_f15001bf66,79,True
user_a673159600,130,True
user_e3980489c6,130,True
user_1c5962aff8,36,True
user_964a1f1ffa,10,True
user_cef0d029d9,10,True
user_2a67d1f625,2,True
user_4eef4a3052,792,False
user_5ece45ea4a,792,False
user_6d21b51537,91,True
user_649196fa6b,38,True
user_0543a38439,4,True
user_d1efb72e81,48,True
user_11767298d9,12,True
user_1449242373,27,True
user_733a4c3210,27,True
user_11b04d999d,793,False
user_4cdfd9856f,793,False
user_dbeda6c299,6,True
user_016e58eb16,130,True
user_e92b869a94,53,True
user_987bd69dd0,138,True
user_92e3f2f89f,53,True
user_f82e50a3fa,53,True
user_90b83d2046,27,True
user_4462c2a9c0,63,True
user_7901a55b86,794,False
user_d72708e143,794,False
user_56506b29bb,795,False
user_bd773008e9,795,False
user_a853b178a6,42,True
user_50adba64cf,138,True
user_807d176748,69,False
user_c4221589c1,796,False
user_d42f2a54f0,796,False
user_6c92854c12,13,True
user_9a40a995dc,5,True
user_49885f4af8,6,True
user_26f53db55d,192,True
user_268395b624,10,True
user_687ad82527,138,True
user_3d946d189e,6,True
user_8c8fa8bda5,78,True
user_54def29116,78,True
user_50e77969f4,764,False
user_8d19952b7b,6,True
user_f9439a378d,6,True
user_ff84a53cba,790,False
user_d1ba81b4de,797,False
user_fffaf58dfd,797,False
user_0bf0f38bfe,138,True
user_461ce6cd93,27,True
user_d968329bfa,138,True
user_a6618ef444,6,True
user_cb2008a3db,11,True
user_cc27a9dbc1,192,True
user_0a92f904cb,798,False
user_4879ed65d2,798,False
user_8f81c31141,79,True
user_1738db0172,620,False
user_7b1deb5e7d,799,False
user_f9bed48162,799,False
user_739cd24acb,138,True
user_8887664fb2,192,True
user_8573a0de66,6,True
user_6b2ca326bb,138,True
user_63b359b1e1,79,True
user_103b94244b,10,True
user_fb01fac819,80,True
user_c66d0c3e3f,75,True
user_6140e08904,36,True
user_bc788e0052,27,True
user_0f3252b845,27,True
user_bdc3cbeeff,27,True
user_49e8fb9d89,800,False
user_19a87f7d37,800,False
user_67232669a8,27,True
user_20497b3032,15,True
user_24384eb25f,6,True
user_3fb2e5d273,27,True
user_a7186065c0,6,True
user_16670ee1cb,6,True
user_c66474a42e,6,True
user_44823f712c,6,True
user_50bd46f697,502,False
user_2c57f8f6fd,36,True
user_5ca3ea4251,801,False
user_39dd2bb2f1,801,False
user_48060d904a,2,True
user_e3ca346358,15,True
user_d617f7317d,27,True
user_efceecd08b,797,False
user_d18c7aaf0a,757,False
user_8b62549bfc,757,False
user_91cb45931e,15,True
user_9035592387,2,True
user_6f355fd2c6,27,True
user_172b71b6aa,138,True
user_c74476774f,802,False
user_a7530757a6,802,False
user_5453e97414,8,True
user_5503d447d1,6,True
user_3438402697,81,True
user_893bd662b8,6,True
user_4f805047a9,10,True
user_acf5baa84b,2,True
user_1771165d6f,140,True
user_eacccc5161,6,True
user_7413b9cc47,6,True
user_dffe0d19ac,6,True
user_443872a9d2,803,False
user_0f40f73ddf,803,False
user_fc31a73256,791,False
user_39a0ddc987,791,False
user_569388b4d1,27,True
user_ed90196a00,6,True
user_b5963cea53,804,False
user_8c920ee6be,804,False
user_ed54b6aa78,138,True
user_27439bd9a9,15,True
user_720e3ad7b8,27,True
user_c66d733237,140,True
user_08c19079cb,15,True
user_9cd39b1d81,6,True
user_695bdf88d0,27,True
user_0d1c8569d0,27,True
user_fcd2912780,15,True
user_a362d631e3,794,False
user_a57791492d,40,True
user_a746d5f43e,11,True
user_9f11741fce,42,True
user_3716f41b75,36,True
user_2d48dd06c7,27,True
user_770b8b3ccf,6,True
user_7743cda190,6,True
user_18233a52af,38,True
user_df408aaff9,6,True
user_259ddb8f8f,192,True
user_1e2ea844d1,805,False
user_15c4556443,805,False
user_cc98efca96,33,True
user_9229ab6638,27,True
user_5f5dadf828,27,True
user_1a583d0871,63,True
user_358d32ad0d,805,False
user_89c2dbe7ab,6,True
user_3f9fcfc7c1,78,True
user_f5db62959a,78,True
user_8a952093ed,15,True
user_d950f9f856,806,False
user_657c0821e2,806,False
user_324ad91734,31,True
user_f638f81f5f,31,True
user_2f214012bc,48,True
user_adc33ee99f,57,True
user_f310d6b3dc,807,False
user_076a900554,807,False
user_f9d4f29c4b,33,True
user_d0fcb6df74,808,False
user_ae505d22aa,808,False
user_7fca8a8e29,689,False
user_57a89d9848,6,True
user_32d26d1a02,53,True
user_711b562496,63,True
user_827abb5e9f,33,True
user_37a1804d94,33,True
user_0c606a6be3,27,True
user_716f0643e4,37,True
user_dd240a02f0,31,True
user_62f8c15c4d,6,True
user_c735d38363,33,True
user_e0ffd35b31,33,True
user_ef1922b046,31,True
user_7aceeb0e6c,6,True
user_c0aa49627b,6,True
user_0262f565b7,6,True
user_09957c1371,33,True
user_46c12a357f,6,True
user_7c5e71f62c,33,True
user_3e2fba5c39,80,True
user_0811050d14,75,True
user_2324620a6a,75,True
user_778dc80c87,33,True
user_a2323bb807,142,True
user_f6919aa05e,53,True
user_1279dd73df,33,True
user_47e142c64b,79,True
user_d8088dcefb,33,True
user_3750bac540,33,True
user_9ab1ddb1ec,809,False
user_65dbc8af26,809,False
user_23c2cb4745,15,True
user_769c69455b,33,True
user_0589060c09,7,True
user_503e3018c8,27,True
user_03a1b29afb,6,True
user_84b0211bd3,6,True
user_04b6a2207d,791,False
user_86b4cf02d0,728,False
user_fd90226b8f,281,True
user_0203b92f49,130,True
user_efba4d1f4b,80,True
user_1f8d1cc32f,87,True
user_bb2530d2a8,54,True
user_5ac46374c6,54,True
user_6ed9468e1b,33,True
user_efa96b3a4e,6,True
user_2febb245d9,57,True
user_3f03bcee15,53,True
user_2b9ce58069,53,True
user_7b3785283b,33,True
user_0ab2dbab31,39,True
user_0179bb8fe8,48,True
user_aede22d3d2,7,True
user_e0cb67fbb5,744,False
user_cf509943fb,54,True
user_0d1e830c59,54,True
user_8c9dac3ac1,810,False
user_b5b41b855a,810,False
user_5d08e3c619,811,False
user_e2fbbf067b,811,False
user_e6ddb0b41b,138,True
user_75dca48be1,138,True
user_1e99d80dcf,23,True
user_e8201bd5f5,5,True
user_0d30be44a8,23,True
user_8bc113a5fd,80,True
user_880922a68d,27,True
user_b550522253,80,True
user_1ff5a8ec79,812,False
user_196a23269c,812,False
user_557dc254c2,54,True
user_1f5ca54d19,33,True
user_8d13a6618b,33,True
user_c0ccb152d6,33,True
user_d7680aa663,33,True
user_ff70703492,38,True
user_97f79797f6,142,True
user_5399d4a55a,54,True
user_77805d4247,8,True
user_8f4d81a6d4,27,True
user_ae228928e2,33,True
user_47ff3872eb,813,False
user_963406c988,813,False
user_6cec30c0da,814,False
user_a591c4e297,814,False
user_4460dab7dd,192,True
user_ada56020fa,3,True
user_a7a34de3a6,815,False
user_f9ad023e39,815,False
user_8ca5990290,3,True
user_2dc084ad54,80,True
user_1f455acff0,80,True
user_ecc7c069fe,48,True
user_c78b0dba2d,53,True
user_d943466e41,27,True
user_ca16e63c64,2,True
user_79610acee7,9,True
user_268a14ea96,477,False
user_14f5713dda,78,True
user_b0444f4822,78,True
user_7ce293a567,78,True
user_816c446ccd,797,False
user_9a6774ad2f,816,False
user_f504d83b28,816,False
user_88346b1bc0,3,True
user_25969c32c5,3,True
user_0bcc9b7b77,192,True
user_ee48cc4431,192,True
user_c18e302689,817,False
user_aba5ca4f22,817,False
user_586172df4f,142,True
user_82346c6980,142,True
user_b8f64ec883,142,True
user_0746c9fb19,142,True
user_e2b321f4ca,817,False
user_46c4690cec,142,True
user_efa6075370,80,True
user_660456ecab,80,True
user_9c784b231b,57,True
user_b902ab7ad1,80,True
user_a8d2d46c5d,40,True
user_a475a6907b,40,True
user_815cb139aa,192,True
user_979a0857dc,57,True
user_f868ba3a4a,90,True
user_4d9333aabb,53,True
user_a0469e38ed,75,True
user_9855430798,75,True
user_2ef9abd2e5,142,True
user_bf404cbd3f,2,True
user_ce4538af1c,48,True
user_62b3e40202,6,True
user_986fba331e,817,False
user_25171d851c,53,True
user_04370af9b6,56,True
user_e57e6a2cfc,56,True
user_fc38a7c887,818,False
user_b3901af184,818,False
user_a11b890c16,80,True
user_254cd9e5eb,818,False
user_ea6ef2d0be,37,True
user_bab423e59f,8,True
user_494fb6b027,80,True
user_a8a56f4e0e,80,True
user_7d6313c726,80,True
user_bc746c356c,57,True
user_e78c11282f,2,True
user_c0db23d1d8,3,True
user_69e02214ec,3,True
user_28a72e1678,10,True
user_092985d879,33,True
user_31c75b308b,53,True
user_f5c146097d,3,True
user_d6ecb21003,75,True
user_ef1120748d,282,False
user_4d3fc36d6a,46,True
user_7bd081a0ac,33,True
user_4248c26f8a,138,True
user_4202d7c199,80,True
user_4ee46444bd,819,False
user_44b95e84f6,819,False
user_45f178333c,5,True
user_53b4b8db11,479,False
user_dbaca9fd32,479,False
user_11b809429e,443,False
user_bdfd0bf3b2,443,False
user_5313278e8e,80,True
user_0a897ef1c7,80,True
user_1398a58279,7,True
user_d1c007eed1,27,True
user_1c728a9f8c,90,True
user_c1460e6923,51,True
user_c0c1a413a2,6,True
user_9e803e5fed,138,True
user_131769a531,38,True
user_1c335f997e,38,True
user_266c17ce4d,2,True
user_abba3e4d4a,46,True
user_33cf913c7f,140,True
user_a2d71102e7,142,True
user_c50ea5e582,140,True
user_16df816bce,9,True
user_9e2b6a82b1,6,True
user_f1d1772307,4,True
user_0cd678edf9,46,True
user_52c01d31dd,9,True
user_745d3f4df8,79,True
user_76234f6f01,142,True
user_82479228a3,38,True
user_89270f4d25,38,True
user_bf4ab7aa54,820,False
user_3d805edd35,820,False
user_b4a8d973cd,38,True
user_7c1a70b0b0,192,True
user_5650e41a0e,11,True
user_ca12e3127e,38,True
user_18517328ef,53,True
user_5a6d11c0c4,21,True
user_b8ad90e729,21,True
user_b7b9f6718e,6,True
user_2cbd1d4163,8,True
user_651a496096,821,False
user_7d91637fe2,821,False
user_dc927c16fd,38,True
user_fc20f9f38f,822,False
user_a0866e983b,822,False
user_8be56d5edd,414,False
user_cde5619990,7,True
user_811f204ff7,809,False
user_bff24ad09c,40,True
user_87a33b48b7,4,True
user_090adfdff0,142,True
user_250378a51a,7,True
user_6f4f7d443d,56,True
user_2d2dfe9fd6,192,True
user_2ca628c49e,21,True
user_d89e734646,6,True
user_eb6d642ec2,823,False
user_6f5136555c,823,False
user_764999a2aa,33,True
user_cc44a414d4,822,False
user_cfa44bdbd2,824,False
user_f64ff7d029,824,False
user_e732ff6185,21,True
user_04e49635cc,825,False
user_51872834cc,825,False
user_9cb965f96a,826,False
user_4b0d8cb6e9,826,False
user_eeefc4dbf0,33,True
user_5831a76120,140,True
user_1c1d9aef87,27,True
user_a5b895a59e,62,True
user_8d6baa5871,8,True
user_5afc1a71f1,39,True
user_9d3a624398,57,True
user_74cd9cfbb9,827,False
user_305764e3eb,827,False
user_82521493f1,40,True
user_1ece455ce0,40,True
user_326eb5a950,15,True
user_52a535e2a8,3,True
user_5e3ec1c13f,3,True
user_190583738e,38,True
user_87229c7d4e,79,True
user_adcbddc399,828,False
user_bda46cc0ab,828,False
user_e86b67e91e,55,True
user_9d0a6a1cd2,829,False
user_3c353d9a18,829,False
user_b095c37a8d,830,False
user_8acd70c275,830,False
user_c2e868d706,40,True
user_4b70d8dc81,831,False
user_c54679591e,831,False
user_d9c2f1d226,55,True
user_844a94e7d8,33,True
user_af57b3318d,63,True
user_1c8912b84c,832,False
user_0aebaa41db,832,False
user_690f666840,79,True
user_331aa587c1,142,True
user_8126a069a4,138,True
user_ed4f750813,55,True
user_3a9456479c,91,True
user_79c40386b8,833,False
user_d3c09846c2,833,False
user_248f3ea839,834,False
user_07331dfe8a,834,False
user_0dd9b31ca8,91,True
user_8ffb25d32f,91,True
user_9a27ca3998,4,True
user_6f587abaff,79,True
user_63878897f1,91,True
user_849f90c101,33,True
user_3a14cfaf3c,38,True
user_19856ea590,81,True
user_0a3da84ac7,79,True
user_5d8172c872,33,True
user_4388163f0f,142,True
user_a8f9552d6d,834,False
user_73309f228e,701,False
user_39252264d4,33,True
user_672ec95747,745,False
user_850a5ddeb3,142,True
user_ef5a56f719,79,True
user_c95a46c2a1,38,True
user_4fedf30cd5,27,True
user_13c863a9b3,39,True
user_7c5bb4638f,130,True
user_5341374373,21,True
user_c1cc6e642b,62,True
user_afa87d5ccf,835,False
user_dd1856f383,835,False
user_d1f5617a4c,130,True
user_227735ada5,7,True
user_b4dabe1269,6,True
user_bbf7d1d064,6,True
user_5df1cfca5c,55,True
user_0760e3bdd6,143,False
user_1128af7822,37,True
user_08f1ca4fdb,836,False
user_6511be649f,836,False
user_d39a8f8f7c,33,True
user_fdc75d4b77,62,True
user_4a9a4288f3,33,True
user_3bafcb5b95,6,True
user_7fc527370f,138,True
user_4f4f4e5596,23,True
user_726723325b,142,True
user_fbe0c31aaa,837,False
user_edd51f6a53,837,False
user_813da64a01,80,True
user_7233745606,80,True
user_56d9472801,488,False
user_d1a51201fe,27,True
user_720949365c,87,True
user_294b5e232e,838,False
user_294ca46844,838,False
user_8cb26b6e35,6,True
user_9e1f4c6926,192,True
user_efdf2a6ad0,3,True
user_f8a82b58bd,192,True
user_4caefda8f3,46,True
user_0c25cf753e,78,True
user_c27a27a28b,40,True
user_9304fa321e,40,True
user_55126f0c51,192,True
user_5dfd2e6126,87,True
user_56aed26532,46,True
user_fd0a08c767,46,True
user_4d75ed941c,53,True
user_bcafa2e2d9,40,True
user_eb90c77d3e,839,False
user_6910acf063,839,False
user_18c4f7aa22,840,False
user_a4cfb7a519,840,False
user_26d6b195e9,78,True
user_df7671a75c,78,True
user_523d9f625b,87,True
user_601329656c,55,True
user_4eff2cff24,78,True
user_393463e2c1,87,True
user_a43e51372e,27,True
user_d19cb4bfcf,27,True
user_f8919ad24d,488,False
user_79f4fe6a3e,87,True
user_99419b0f20,27,True
user_ddfb82b9d5,3,True
user_3bb65a8aca,841,False
user_b7da447113,841,False
user_101c923d18,842,False
user_2ffc9b0b43,842,False
user_cb698edf04,130,True
user_802d4663fa,39,True
user_d76a4582d1,843,False
user_6e8d04420f,843,False
user_d1802084fd,3,True
user_af7d12e26b,27,True
user_676325fd7d,5,True
user_04f345a32e,844,False
user_fb69b0e178,844,False
user_3e663c7721,845,False
user_ef0eedc64d,845,False
user_8b241f67a8,87,True
user_e2ff11addd,428,False
user_8d7dbd540c,846,False
user_c4ecf96d3b,846,False
user_bfe2f9e6eb,90,True
user_bc5951c674,90,True
user_bda6968667,87,True
user_c35cd4a1e2,87,True
user_8f9311466e,7,True
user_021f217ef2,2,True
user_b7af0eeaf2,91,True
user_3df4c580e8,91,True
user_a2a625f08d,10,True
user_2e6ccfc719,10,True
user_7771c086cf,78,True
user_c33f57e632,10,True
user_8a6b06fee7,27,True
user_33180f5860,10,True
user_f62207e2b4,10,True
user_6ffdfe538b,53,True
user_ec81af1af0,10,True
user_9dc470de4b,847,False
user_296aabf70d,847,False
user_3b4c0b4f74,27,True
user_65615ac46d,10,True
user_432ecc03b3,10,True
user_da62653f17,848,False
user_6a3cca5d5c,848,False
user_1a44a8b5a3,10,True
user_9b09e6d067,4,True
user_be660bda48,849,False
user_727dca5da8,849,False
user_f3050c22c5,10,True
user_228a0e2aa7,850,False
user_2332a954f3,850,False
user_5766168791,140,True
user_3a97eb98a7,10,True
user_c5e2e35de8,6,True
user_10406b1714,46,True
user_cac1f6d9a7,33,True
user_60f6c6230a,33,True
user_491f085cbb,33,True
user_192318cc67,138,True
user_8253362515,849,False
user_ed3080bd1d,79,True
user_091919135d,4,True
user_076578d0eb,7,True
user_5dab4068d7,27,True
user_e25f4244e9,4,True
user_a7fab27e5c,40,True
user_6ec71151dd,91,True
user_7f702ec205,5,True
user_d472a66ae5,21,True
user_f63b669333,3,True
user_72c1ddff26,851,False
user_b397429c0f,851,False
user_5cd08c8365,1,True
user_2adfad6d79,79,True
user_cb81e53fa7,27,True
user_6a025629ee,54,True
user_1566f49246,27,True
user_5f033c7b9c,57,True
user_413c6249df,46,True
user_15a2d722c6,852,False
user_b74e1c067d,852,False
user_7e090eb151,10,True
user_2990480d4a,853,False
user_ef0c9db2fb,853,False
user_ef870d3fa4,10,True
user_6eb4782af2,56,True
user_28e0a74e38,10,True
user_2a1eeccb8b,12,True
user_e19b06ffe5,41,True
user_57ded7d76c,7,True
user_ad30dd9ee7,854,False
user_2c34573873,854,False
user_46c3167b3a,46,True
user_d4377ba96c,41,True
user_54295a7f79,7,True
user_cfefe91a25,55,True
user_75f193edab,163,False
user_d496f9c336,855,False
user_23505bf826,855,False
user_a7aa964b86,12,True
user_aedc669720,8,True
user_2c708d189e,99,True
user_f5388947a2,56,True
user_5bace9ef41,41,True
user_9ae2691a01,90,True
user_6fb66d3816,856,False
user_a588fdcb60,856,False
user_c69b305091,27,True
user_1d725e450b,857,False
user_13f43c5cc8,857,False
user_5a751296e6,91,True
user_4f4174b7cc,91,True
user_45de92e527,78,True
user_0d4894ec2f,41,True
user_b70076e288,140,True
user_3d848fd790,23,True
user_f1510469b6,6,True
user_4076e47968,41,True
user_d1b0665b25,12,True
user_6636f5c51a,56,True
user_acc07da343,858,False
user_568e0093c1,858,False
user_5a035fd978,87,True
user_f8af210777,811,False
user_42724dca4b,46,True
user_accfaae278,728,False
user_f80130d61b,12,True
user_ebcc51d813,54,True
user_0093fe7059,6,True
user_ffa386c292,78,True
user_9569c18ce4,12,True
user_05ed602c92,859,False
user_62a8dfcce4,859,False
user_b6b0d3342b,75,True
user_0bebe6b04f,860,False
user_e4544b5804,860,False
user_8a35db3d37,140,True
user_d968a83031,46,True
user_57fae24d77,31,True
user_50b5613474,81,True
user_e6040fcb1c,861,False
user_e13983436c,861,False
user_ff2c1eeeb7,862,False
user_447844bca8,862,False
user_448ac2068e,27,True
user_536828b03b,27,True
user_093fabb428,27,True
user_ffd7d7473f,75,True
user_594c85f4a4,7,True
user_7c40ab1663,863,False
user_c5e1f65e17,863,False
user_acc987358f,40,True
user_9340b5adba,57,True
user_c81ff57bb2,130,True
user_a2f186b104,27,True
user_db46dde6b0,46,True
user_2615c1519c,46,True
user_9541cc725a,87,True
user_69298d1b86,31,True
user_304973160f,39,True
user_b550a4d133,36,True
user_413863703e,46,True
user_22af3a1fa9,2,True
user_6ddc32a321,864,False
user_66c4b22c9f,864,False
user_460f603bd7,46,True
user_88cf21a903,10,True
user_d27b42c856,138,True
user_3920cef264,138,True
user_d479f742ba,865,False
user_b64a95e674,865,False
user_de329bf391,866,False
user_71a12574fc,866,False
user_8568594035,33,True
user_5299610113,239,False
user_d457178727,239,False
user_6649fd35ed,57,True
user_c90cc993fd,41,True
user_6bff667732,15,True
user_875b3c38b4,55,True
user_2fddb8a31f,3,True
user_bfad25fe2c,36,True
user_34fd71ba28,21,True
user_7ce8f1385b,56,True
user_2c4b7ba22d,27,True
user_4066c59980,7,True
user_f223fd1cb6,27,True
user_72db2072d3,80,True
user_50782dbdc0,867,False
user_a1afd2f28f,867,False
user_0b2dca5921,868,False
user_383285036a,868,False
user_bddfe6864e,57,True
user_87b00a3c5b,2,True
user_9f68f114cd,869,False
user_8542c649c0,869,False
user_b5546ad30b,868,False
user_178cf6df0f,868,False
user_735f0f062f,80,True
user_8f409a8747,78,True
user_e9feab075f,3,True
user_d03fe73c25,3,True
user_f7f50e414e,870,False
user_ca9c0fa88d,870,False
user_5d20704b4b,44,True
user_b8b291fa77,2,True
user_e7248e1508,27,True
user_501864b116,871,False
user_bda0122145,871,False
user_48f05b7aff,6,True
user_a6464bb774,2,True
user_a0bea245a8,3,True
user_d5f53a31ef,87,True
user_2573384390,872,False
user_2a5806caf4,872,False
user_2376e354c2,57,True
user_a73c9c1bd7,873,False
user_6ef1b4f4ca,873,False
user_f657515894,62,True
user_69f5627520,3,True
user_838a9bfaf4,57,True
user_765e59940d,2,True
user_69bc361c95,4,True
user_b127f1c620,874,False
user_433ff91a25,874,False
user_5c82ddb5fd,57,True
user_544bc8cf57,57,True
user_8add8b0610,875,False
user_0a2bc2fd49,875,False
user_ff30c2922b,90,True
user_05ece97bb8,876,False
user_01eb930f57,876,False
user_fd1a8aa821,874,False
user_481822b09b,13,True
user_b7290fa45c,13,True
user_ba41547f41,4,True
user_5b1f16aa6e,62,True
user_2026997ae7,877,False
user_1620a47c22,877,False
user_3f4689d6d6,13,True
user_1795d7b5d3,79,True
user_e539491651,4,True
user_7f93fa53e5,23,True
user_b718ba318f,575,False
user_43b0e928d6,878,False
user_99d4e10037,878,False
user_1f877d1aa4,13,True
user_123ea231fe,15,True
user_fafbccd8ab,8,True
user_fae4fc6a96,879,False
user_7f2f029afb,879,False
user_e52639fa65,57,True
user_3fc0d0f18c,57,True
user_5dadb87973,90,True
user_7a6c2f0bcf,90,True
user_930f2b6b2c,57,True
user_b2dec6cf05,27,True
user_e081b1ae96,57,True
user_0c85d0951e,880,False
user_64c835378a,880,False
user_3542ec77c8,62,True
user_7aaf0cc61c,62,True
user_76304eb782,57,True
user_817bd341ab,881,False
user_dbac393ac7,881,False
user_3686c74473,27,True
user_79711c5d15,46,True
user_15bf7b6d30,62,True
user_fed2304c57,882,False
user_28ad3eea8e,882,False
user_3f600596c1,883,False
user_bd194d0c18,883,False
user_28e18a9fe2,877,False
user_25b40e0d7d,875,False
user_d6d5bc6921,884,False
user_e0d3efbe11,884,False
user_ff2245cec5,885,False
user_d59304bd42,885,False
user_4a4f7592aa,886,False
user_071d165ba1,886,False
user_b292fb8a77,80,True
user_df82b397cc,36,True
user_d198297141,57,True
user_2ed293b3e8,3,True
user_57311d4f54,79,True
user_6280e21e96,27,True
user_765ec05875,27,True
user_d132e78a15,79,True
user_164bf10411,79,True
user_3981fefaca,79,True
user_ffebea5450,13,True
user_40fdeb5b3a,57,True
user_6afce36f1a,62,True
user_b3f2505fc1,75,True
user_c57bbbe2f4,56,True
user_c76406fe03,56,True
user_fae8e5c62e,56,True
user_f675749604,80,True
user_d175172815,887,False
user_c535960aa3,887,False
user_b30e2a97e3,56,True
user_60cf962f98,46,True
user_b5285b41ce,40,True
user_ef9ea1407b,40,True
user_263b3096e0,56,True
user_39ff3cf029,3,True
user_29be552058,56,True
user_06bc5519e7,38,True
user_ddc110915d,57,True
user_94792b46a9,7,True
user_a074851852,4,True
user_3b12e2eb31,53,True
user_4269e926d6,6,True
user_0882ff665e,8,True
user_8c4decc81d,56,True
user_fb72ff8e60,81,True
user_e0a3aa39e2,75,True
user_9938330957,56,True
user_9f2f068ff2,40,True
user_bef421f80f,142,True
user_8d84bdf1cc,38,True
user_9d431947d3,888,False
user_c2222a5957,888,False
user_4322494abb,56,True
user_51f4b57163,889,False
user_fd249604b7,889,False
user_397abd0994,890,False
user_f8c881cbb2,890,False
user_3b352eccdb,79,True
user_4e8f7837c6,891,False
user_c410ea2c1a,891,False
user_76a56b6f30,53,True
user_81daa305e1,99,True
user_bda1d1e8d2,3,True
user_186c71b1f3,40,True
user_e20fd12973,892,False
user_c24249a660,892,False
user_155262302e,55,True
user_b3ab12aec1,3,True
user_8dee553de8,81,True
user_82dab8014c,91,True
user_7987217c15,891,False
user_a28a1cf2f7,893,False
user_9fce546a0b,893,False
user_3f2406abc5,55,True
user_22dd57cd3d,4,True
user_33406c0e18,893,False
user_ecf24c6945,37,True
user_f37555f478,282,False
user_5cb4cb5d4f,894,False
user_e597d9cdba,894,False
user_ce2cd78d25,895,False
user_f805748192,895,False
user_539d6feb5c,893,False
user_748c92e1e4,896,False
user_1e444b3236,896,False
user_b9aac7e751,897,False
user_169c435301,897,False
user_18c3102365,78,True
user_c89b64c605,78,True
user_15a2ec7449,53,True
user_01603c213c,898,False
user_23d6572515,898,False
user_f56a852b98,40,True
user_4af1c55ce2,40,True
user_ed02e6ed13,33,True
user_cb0a177720,39,True
user_cebd2f4a0f,53,True
user_e8629b3a6d,40,True
user_c6ff1f4f6e,897,False
user_3a13a0d077,23,True
user_7ba937ff9d,899,False
user_8d1509793b,899,False
user_463ad8a211,78,True
user_0139d28f4a,4,True
user_67674c0709,40,True
user_55e5150ba1,54,True
user_bd80ecf5e0,473,False
user_fcdd0c7514,3,True
user_4ffa5631ce,40,True
user_04bcea0ed9,770,False
user_09faec1cb8,111,False
user_d91be43b72,33,True
user_68cf0701bd,53,True
user_f07efbc897,53,True
user_6d062fc33d,53,True
user_c7e27b4e43,33,True
user_71dcee4d96,57,True
user_339c523093,53,True
user_8455195dcb,33,True
user_fe50f4c2c6,33,True
user_3ed1ad8e31,40,True
user_38254dc392,38,True
user_31cb4edc5d,40,True
user_8d57dc7a5b,40,True
user_08aabd7f51,48,True
user_1603de610a,78,True
user_f004b41d6b,4,True
user_760021dfd3,53,True
user_c6846870e9,53,True
user_923c04cf6c,900,False
user_3836dad0da,900,False
user_fe23e9cac7,33,True
user_b8d82e8a9d,39,True
user_a20066a39e,901,False
user_858a17aca5,901,False
user_9e5e719314,91,True
user_bb38434f7c,40,True
user_275b05505b,33,True
user_a5dca02f09,27,True
user_2dfb46ec29,3,True
user_f46ed8fd24,40,True
user_dcacd97738,111,False
user_e5c4ed3f3d,40,True
user_7e240490c9,53,True
user_298818e8e9,41,True
user_6be71ca0ce,41,True
user_59b5fa280a,40,True
user_7de1297580,33,True
user_4405d0e235,27,True
user_5aef7f08ec,874,False
user_ac1c75a9e9,902,False
user_56d72c3ff7,902,False
user_d270691b3f,78,True
user_79bbf6f607,6,True
user_47ee89d941,75,True
user_ccf1f2bea7,80,True
user_b3fcba0e54,33,True
user_b10d9240f2,33,True
user_1d38df10e3,75,True
user_e0ce174615,75,True
user_4a84b8ec74,53,True
user_573772babe,897,False
user_058c436a5d,33,True
user_38ae7f0ded,6,True
user_3c011affbd,53,True
user_00c31d82d4,75,True
user_142b364045,53,True
user_a578883cf1,75,True
user_3f5d8acf87,33,True
user_ecbaf758f3,87,True
user_54206d245e,87,True
user_ff433ea58b,53,True
user_473874ed3b,33,True
user_41a19dd29b,75,True
user_4ef2f68726,87,True
user_8285ce7c43,75,True
user_52fd3e8923,903,False
user_e3c4558416,903,False
user_804700b8c1,80,True
user_33f299e6d1,3,True
user_903e1a7776,15,True
user_94d15b0ea6,87,True
user_005ba0c32c,53,True
user_571fba46e5,87,True
user_7616428891,4,True
user_2f6e092bcf,53,True
user_c243aa8a7d,13,True
user_8a5054f54f,904,False
user_04cec479b7,904,False
user_be716d97f3,75,True
user_1821e0aeb2,62,True
user_94e841583f,33,True
user_c5c28fa0ae,87,True
user_31be79dcbe,80,True
user_2a4e1ef623,905,False
user_9f1cdc3779,905,False
user_dc0c2d6b5d,906,False
user_9548423ca5,906,False
user_57e18e09fd,33,True
user_74b82eaaa0,4,True
user_7c2432ed57,48,True
user_3128636af5,53,True
user_62b7c64c1d,739,False
user_6021b39498,739,False
user_dd8287bc81,739,False
user_fb9bd39ca3,905,False
user_3477a6cd99,80,True
user_716c333b2e,907,False
user_eb987921c8,907,False
user_00ec50b4d6,452,False
user_f23340d1ee,62,True
user_beb866a202,53,True
user_033d8a0c03,142,True
user_5b765668da,13,True
user_5183eccb3d,62,True
user_1ac976fad2,908,False
user_4455ffaf1e,908,False
user_ed3513cdf8,252,False
user_697bc602b9,44,True
user_ea427e8dcd,44,True
user_a7da9cf130,48,True
user_0d5beb6bc8,909,False
user_382c2dc824,909,False
user_40c01bc4f9,53,True
user_3b2e0a03e4,21,True
user_6b82d459e9,142,True
user_5cba0e49d9,62,True
user_c5d8983d32,90,True
user_fef1a7f351,62,True
user_9b6b425d69,44,True
user_0bc48208ca,884,False
user_c5218293aa,21,True
user_b50bdd115f,27,True
user_b6a232ed0c,584,False
user_3d3eec0e31,910,False
user_4fed78bfa8,910,False
user_412c909695,39,True
user_6976441ee1,5,True
user_816b58ec64,5,True
user_e6ad4b159a,41,True
user_5cde18883e,41,True
user_3f26e8190c,57,True
user_203efb2b69,62,True
user_6bbd7ab917,620,False
user_95266a20c8,911,False
user_21967a7bae,911,False
user_d72a9fb709,62,True
user_e1b529b966,63,True
user_4c7d9eaed2,63,True
user_cd7fb24c07,80,True
user_1b99fb42e9,53,True
user_edf768746c,78,True
user_b390e89c6a,130,True
user_24273ab600,41,True
user_ed3a3aa2e0,23,True
user_14148b662c,62,True
user_0cf851dbdf,41,True
user_d6f9d66eb8,57,True
user_9bf92b632f,62,True
user_c042b98287,142,True
user_15f9598f97,912,False
user_312f322dc7,912,False
user_a690d43cbe,62,True
user_4403bbe141,51,True
user_79561792d7,48,True
user_68497b420f,79,True
user_fad8d31e4b,57,True
user_72adebf731,2,True
user_fded216522,913,False
user_1ce64e520c,913,False
user_8ac2b4e622,914,False
user_7850a3f809,914,False
user_59ffc264f9,915,False
user_ebd121915f,915,False
user_b8015a9048,916,False
user_1977cf7c9a,916,False
user_a85af363be,39,True
user_f26d8b6ff5,917,False
user_26f31e1caf,917,False
user_9940b8cfdc,142,True
user_bdfea07839,142,True
user_6a569dd7e1,7,True
user_bcba9ca5f3,7,True
user_af8c9e23bf,111,False
user_117d34d475,7,True
user_e08e7426db,62,True
user_9aacb4fc6d,3,True
user_02ba02dbab,130,True
user_c1dae36d9a,62,True
user_eaa705aeef,62,True
user_4d14d7f4f2,27,True
user_1e7776bbe0,918,False
user_524a120d39,918,False
user_16713b2a3b,57,True
user_56c4ab7f71,57,True
user_554b504102,55,True
user_54ec63b81c,23,True
user_9601d30bc3,57,True
user_86cb2c683e,57,True
user_628baa63eb,57,True
user_95171e411e,919,False
user_76dbb4a8de,919,False
user_a505ac6bc0,57,True
user_f51ad98660,57,True
user_c81e483384,13,True
user_bf92948ef8,57,True
user_6aa85f3a3d,57,True
user_9c3b9a7150,57,True
user_8bb33a9df6,63,True
user_bc1a050381,57,True
user_9d6ab456c3,24,False
user_afec67f641,11,True
user_7241612a8a,51,True
user_87fc99dbef,57,True
user_57861fbdfc,2,True
user_90b57ecc40,57,True
user_1dff2dd8d6,57,True
user_5b242b28fd,57,True
user_5481b22515,57,True
user_e981b0034d,3,True
user_ee16be1f18,4,True
user_2d36b153d3,81,True
user_e04354e2ae,15,True
user_0811a6ebd9,23,True
user_07eefd93c5,920,False
user_919d64c4b7,920,False
user_55e5ad47f0,62,True
user_ae1470c29a,55,True
user_97c31173ca,33,True
user_72024f3eb8,7,True
user_4b15e524c7,13,True
user_8aaadaf75c,23,True
user_ce94923f7f,5,True
user_09c9ad3114,81,True
user_cb25ce86ad,42,True
user_a9136ebe51,5,True
user_27a513b128,40,True
user_e6d50bbbfb,62,True
user_790b7ca936,740,False
user_f112f0939e,897,False
user_52dc96576f,3,True
user_92ad4ac21e,55,True
user_64b9368663,78,True
user_73032dac39,15,True
user_ee1b89c4bc,39,True
user_8469dbcc0c,39,True
user_ba13fc310e,41,True
user_a560ed78d9,79,True
user_8c040b4759,90,True
user_a2cd92ea01,90,True
user_f3f66cd991,55,True
user_fd0a4c3b0f,116,True
user_f7e092f8b4,524,False
user_cc09e34738,921,False
user_c7d5cea84d,921,False
user_063b564d05,922,False
user_d5324aec0c,922,False
user_2890f69bb4,923,False
user_389a413b5e,923,False
user_2a4e007527,42,True
user_572971e7b5,54,True
user_7fc175d48b,33,True
user_dd9c36046b,924,False
user_ee2d4b15af,924,False
user_b025632a3c,921,False
user_6ea3e72e45,925,False
user_9269fbf496,925,False
user_146adba5ef,44,True
user_479be84003,138,True
user_dbf7fee266,27,True
user_633db680c0,142,True
user_9010a47ee7,926,False
user_be1fd973ea,926,False
user_1a659ba3a1,27,True
user_9421d4e3bb,39,True
user_ef3a1ceb4a,55,True
user_5ac429b2b1,37,True
user_e0975c96b5,33,True
user_e68bdadb46,306,False
user_f15ca660a8,138,True
user_6a0a6543b6,6,True
user_d125888b70,140,True
user_6c976f1a53,90,True
user_bb6f33f7d6,130,True
user_aad87cc140,99,True
user_7146265d8c,116,True
user_69a628a5fa,55,True
user_5825892d2c,116,True
user_ae49820ed9,3,True
user_f98b197ffa,10,True
user_fe2f50e79a,927,False
user_d4ce3e58f6,927,False
user_8b55f96564,57,True
user_ac1044f9bb,10,True
user_b6d8c6e2ee,78,True
user_2f42a576db,23,True
user_b69e75a2ee,55,True
user_70096cd86e,928,False
user_05a793148a,928,False
user_1f12e1b39c,929,False
user_f69f15a614,929,False
user_731c4a8f31,23,True
user_cd088fc23f,930,False
user_ce74232ac3,930,False
user_6d558502ba,37,True
user_4c9d486904,192,True
user_5196af6dcc,80,True
user_12e108f23c,891,False
user_ea3460b5a2,55,True
user_a067e88cc1,10,True
user_4a0a472847,33,True
user_0e0aeea054,379,False
user_3b826255b7,142,True
user_5cda1628ec,33,True
user_1777eccc28,13,True
user_2ec81c723a,11,True
user_5554ee0988,11,True
user_c0575ff771,931,False
user_776f50a181,931,False
user_c44a3b0731,932,False
user_ac75f54f49,932,False
user_3e17efe318,91,True
user_9e70491be3,91,True
user_d8187694cc,27,True
user_ab2ceb24d6,27,True
user_e84effcb6b,689,False
user_5bdfd82e6e,933,False
user_668a98b99b,933,False
user_db6c6d052a,91,True
user_98393138e3,40,True
user_9f2159e54c,934,False
user_f484acdb96,934,False
user_49b1a408d2,91,True
user_abd7aa5eaa,935,False
user_35530e5277,935,False
user_986e27ef3c,39,True
user_997906d30c,379,False
user_dcf273020e,740,False
user_19a4c42625,6,True
user_d64bf425f2,6,True
user_8274cac22b,936,False
user_fa9a51ad13,936,False
user_531bfa0527,80,True
user_739f095c0c,27,True
user_9fbf982c6a,27,True
user_8a5e49f2a4,379,False
user_f5e3a65b45,33,True
user_ca41461a11,91,True
user_7961bab594,91,True
user_68fb31df73,80,True
user_3af312d4cf,937,False
user_f1c4212040,937,False
user_710f4d696b,138,True
user_981d97a009,7,True
user_f9fa244d7a,938,False
user_416c7f3c21,938,False
user_fb94420779,33,True
user_4e31dc779d,91,True
user_92ced63d7f,33,True
user_8c4dc7f052,281,True
user_038d9329f9,81,True
user_9f902634b1,904,False
user_8f13e403bb,939,False
user_44a0927966,939,False
user_548a900e5a,940,False
user_c7d294f03e,940,False
user_1556a47049,33,True
user_626b3d3790,116,True
user_bff741eab9,116,True
user_a2430e51d4,116,True
user_5542b5f86c,80,True
user_d3d38494dd,281,True
user_c092cece78,138,True
user_5729436002,91,True
user_67cf8bf2fd,941,False
user_5dadc69909,941,False
user_be2d4d709e,81,True
user_1bb4449d14,10,True
user_4334ae0dee,40,True
user_4c432b33c4,33,True
user_91c4803ca7,116,True
user_e3bb3df3b8,140,True
user_2b762c2d37,21,True
user_1c29fe5728,39,True
user_c65e131839,39,True
user_9ef77f06d2,37,True
user_baf2ef85d2,37,True
user_98c477d855,39,True
user_020160ef18,936,False
user_d028993f7f,37,True
user_6c1c867613,46,True
user_e4e054dc4c,41,True
user_40cd3abd31,39,True
user_93c3c22cdc,41,True
user_10dc43c449,861,False
user_8cd186a750,87,True
user_f8d730026c,33,True
user_fd608c3f8b,39,True
user_4a5c337d39,942,False
user_1150ce55e9,942,False
user_79c9e8d4c4,740,False
user_2a8dd23b89,39,True
user_813f430edc,8,True
user_41c83f44fe,8,True
user_527633fffd,3,True
user_a66492f13c,39,True
user_60553a495d,6,True
user_c629f3b6b4,37,True
user_4005aebc5b,90,True
user_bee0265e20,23,True
user_4740487025,39,True
user_cbf9770c16,943,False
user_5d834e1a50,943,False
user_f6f1b331f3,81,True
user_c605d741fb,81,True
user_9eb4466883,55,True
user_cef091dd73,7,True
user_a5dc4f2d1c,39,True
user_506a0b0300,944,False
user_dc2c071d5e,944,False
user_b853ac3da7,945,False
user_9485bdb46d,945,False
user_7d44dce609,9,True
user_c64e79cb9f,946,False
user_c7410c7696,946,False
user_0362f38a59,8,True
user_7809d1369c,87,True
user_7ba34bca17,33,True
user_ec9ec65c44,91,True
user_5760326852,81,True
user_502032d4b0,947,False
user_edf51a1e35,947,False
user_8ae9bdc69b,81,True
user_d8126b8682,37,True
user_021f8198c1,78,True
user_5761cf1bf2,39,True
user_7a5557da70,948,False
user_2ead1115c7,948,False
user_1ac963c2a3,138,True
user_fe9b07d568,33,True
user_974c0d658d,555,False
user_647a568dcb,55,True
user_3eba52cb73,3,True
user_01c4f3747d,27,True
user_bc0dc00c1a,6,True
user_3b08e266a9,33,True
user_4372387e05,91,True
user_af4a309ac3,512,False
user_f27aeed011,949,False
user_9cc112fb4a,949,False
user_354de200cf,46,True
user_f5bffc3c77,39,True
user_c266aeeed7,33,True
user_b0e0840541,950,False
user_90b2361bb2,950,False
user_07aab4c495,91,True
user_fc31580206,91,True
user_96d4465239,87,True
user_6eabd79586,87,True
user_52ab541f9a,27,True
user_920117ccfa,39,True
user_66463ac4d5,951,False
user_fc3e090e15,951,False
user_209c8bdffb,949,False
user_eb86c1f1a7,51,True
user_35b4acdb8b,952,False
user_778ed99d17,952,False
user_70e983b7d1,512,False
user_b986e6ade5,3,True
user_6cb3616fe3,40,True
user_5a0abe2d05,23,True
user_77180e7366,953,False
user_749cc7e654,953,False
user_50e96a809e,23,True
user_29ea3528c2,39,True
user_c3e97735c9,91,True
user_11e4bbafc4,87,True
user_91d3acd430,954,False
user_8f632d5768,954,False
user_e8b0c4f12a,954,False
user_d0d87aac5e,955,False
user_8b001bcd12,955,False
user_a0dab08c63,40,True
user_f95cdffe06,956,False
user_f4616956c7,956,False
user_c737447bd1,901,False
user_363ecf5045,87,True
user_e1c8c282b3,438,False
user_ecec3ebb40,87,True
user_7c4d8858b1,954,False
user_b6686f2570,40,True
user_5f61e4dfc2,957,False
user_036f3bd28e,957,False
user_07a594bf2c,87,True
user_b096d8ff09,958,False
user_de19a66b8c,958,False
user_6258d89ba5,55,True
user_5955cb0cd9,36,True
user_c4dc1a9f3b,9,True
user_5628bf51cc,81,True
user_a703c70bc5,9,True
user_d545aae566,40,True
user_abc6865ec8,57,True
user_00d614c904,959,False
user_feb2b3ffa0,959,False
user_a40402ecd0,40,True
user_76b33d1028,46,True
user_f82ee1f7a0,960,False
user_1230dc5798,960,False
user_6d75c5d269,961,False
user_13ebd72911,961,False
user_246c6b55d2,39,True
user_24b0596d8a,23,True
user_13202e3ef3,953,False
user_2071ccb454,138,True
user_a1898945d8,281,True
user_2a15bc77b0,91,True
user_f1aabee66d,81,True
user_475b8df704,33,True
user_994eb51513,39,True
user_d39eb9f64d,87,True
user_d9aef11ca9,7,True
user_a94f22ab90,33,True
user_361e9e1fe4,91,True
user_63de30647e,10,True
user_f9a6ca5cd1,46,True
user_f216797487,10,True
user_48c24363b1,10,True
user_db0c0b0021,10,True
user_e30b4b6ffa,78,True
user_1928c21cae,962,False
user_be648cba3a,962,False
user_753b526b29,78,True
user_c65790a493,10,True
user_47ddcc9dc9,57,True
user_ec5fa63c3a,33,True
user_da15bbf086,1,True
user_716ab2af07,10,True
user_2af25a8d36,8,True
user_b6a490779d,8,True
user_a2ade285e9,8,True
user_fba223c43d,38,True
user_2d0278d729,192,True
user_15c40d1508,963,False
user_ade678c293,963,False
user_5433ecf49a,964,False
user_dd603da21c,964,False
user_14f13e9e25,33,True
user_f85525219e,3,True
user_7d9facfeab,10,True
user_3a0642525e,10,True
user_d66edbdc98,21,True
user_66419676b1,10,True
user_3c8cb65116,78,True
user_11d325e248,648,False
user_a5a46ffcb9,965,False
user_7cf7163831,965,False
user_2b705236d2,966,False
user_3eec6b151a,966,False
user_314b478e77,967,False
user_b210c4c402,967,False
user_eb65598354,10,True
user_920a4767cd,33,True
user_cf9820f6c9,2,True
user_853b16e9fa,55,True
user_6a9fb7381a,37,True
user_28f00e3cb7,37,True
user_b116365146,968,False
user_44ef80d4a3,968,False
user_4f40e02d3e,62,True
user_709025bda9,3,True
user_bf233079f7,33,True
user_4585220239,31,True
user_592a4014ee,31,True
user_b8b96ba448,969,False
user_d13dbfeaf9,969,False
user_4036b76f7c,78,True
user_e20d7b402c,13,True
user_0317153c9a,33,True
user_66524e9b01,10,True
user_a0b480ac2a,40,True
user_8d868305b8,78,True
user_fdb262a42f,56,True
user_74aa708558,10,True
user_bf5c42be66,10,True
user_fb5b1fa905,10,True
user_bce4ec9951,78,True
user_4bf0e23fc8,33,True
user_6a8db55ee9,31,True
user_eca05b96c6,40,True
user_8e6e718eba,10,True
user_72a1f45b4f,62,True
user_580df21919,970,False
user_9a78146e23,970,False
user_bf177893c5,10,True
user_1521bc28ff,27,True
user_fd36852745,78,True
user_488a34f2d2,53,True
user_f03878f3e2,971,False
user_9388c9555b,971,False
user_033c5a6711,138,True
user_24565a6ee5,4,True
user_bee2ba4f13,21,True
user_cc02db298a,4,True
user_64a07572fc,12,True
user_20be42658b,39,True
user_605362811e,91,True
user_5144210d3e,79,True
user_8e65cbe1a7,57,True
user_115774441a,39,True
user_b31f7e0c6d,10,True
user_b99e1ce8b5,57,True
user_f92af5aa63,36,True
user_6e20a7a309,972,False
user_30267e6555,972,False
user_988f25457b,62,True
user_c4cd27831f,973,False
user_e89c715dc9,973,False
user_6fd683866b,2,True
user_80f76246ee,57,True
user_ef40cabc08,37,True
user_eef22359a3,33,True
user_ae07ea5fb4,62,True
user_4cf2bcefd3,10,True
user_b2a12127bb,974,False
user_82a8a2a0dd,974,False
user_b681c2da6b,37,True
user_d7221234a5,62,True
user_20b5754fc2,10,True
user_f3b19aff95,10,True
user_4f9bf4c1c4,40,True
user_fc3c2b0535,62,True
user_9352863ba5,40,True
user_1b02a075b6,975,False
user_d55545bd1c,975,False
user_7a676f4b4b,39,True
user_0c675eb25d,62,True
user_16eb096f30,62,True
user_c737e5be92,62,True
user_d64f2f1899,33,True
user_512f4546fc,62,True
user_aa429c2fe9,151,False
user_7eebb74bbe,10,True
user_0e03715067,39,True
user_f66559d562,696,False
user_50f92cfa4a,62,True
user_324c762dae,41,True
user_a5a6438c01,39,True
user_fc57ea0d0f,4,True
user_b71f86d174,138,True
user_b56df38d48,62,True
user_c90ec229f2,39,True
user_537c8fe37e,62,True
user_63805b7645,53,True
user_45baff6357,41,True
user_530ec26f1f,62,True
user_7adb9fce87,976,False
user_60c87b0a6d,976,False
user_3da890217e,275,False
user_d388301ec8,192,True
user_a8e059f645,977,False
user_de9d2a426d,977,False
user_9cd65b8242,116,True
user_59178f3460,978,False
user_8a4416135d,978,False
user_cfba090ceb,2,True
user_910fb3681f,2,True
user_f726df110a,2,True
user_fd3d0b648e,2,True
user_86a7fd2676,21,True
user_9be611f7e3,8,True
user_c5db8520ea,37,True
user_7b8dee98c7,43,False
user_4f1590c041,54,True
user_55e7048fed,773,False
user_07e341ee6e,2,True
user_03feb27f0c,10,True
user_8dddbd0c51,10,True
user_4ef9464543,979,False
user_6923bd57d9,979,False
user_6772908bb3,75,True
user_fe53d6a4dc,10,True
user_9fe9b75a80,55,True
user_0aa3c9aea5,78,True
user_04e2b3b584,10,True
user_df036b3380,10,True
user_8f3ec07a9d,3,True
user_de8525dd44,980,False
user_fa54202574,980,False
user_b97fb692d8,981,False
user_238eeb3d9d,981,False
user_612cdca9bd,46,True
user_45995c7271,46,True
user_1406d40651,982,False
user_bff756f9f2,982,False
user_993f78a3e7,138,True
user_463d4b2c51,473,False
user_b4fddb179f,929,False
user_7303a87a56,78,True
user_9c05fcaef5,78,True
user_10c0d0571d,40,True
user_d4222a3e80,33,True
user_16136b4307,9,True
user_16e87c2ced,3,True
user_f5e96b6248,33,True
user_47d02018f9,10,True
user_7dde2387cd,78,True
user_91f0e803a3,33,True
user_4b785864f7,3,True
user_da070418c7,39,True
user_1034157f8c,983,False
user_17a4524371,983,False
user_93361609c7,688,False
user_f9b7ac9fe6,57,True
user_10551079ef,46,True
user_a475146448,57,True
user_13690e1579,57,True
user_656562f4df,55,True
user_d3a0d573b4,57,True
user_54dfd96db3,10,True
user_56a4aa7cc7,3,True
user_80cc2bb8cf,48,True
user_cfa0186d1b,80,True
user_9bf99f629c,80,True
user_b0b8f70c04,21,True
user_a2dc802b50,21,True
user_cce0761dc2,80,True
user_b921be79f4,142,True
user_9afd79f9fd,33,True
user_a4c47ac5ee,21,True
user_7938cdf75a,46,True
user_8ffa264bec,21,True
user_026d400c91,21,True
user_6aa368ee3f,36,True
user_e7c62c67bb,984,False
user_4dd7edb20f,984,False
user_4b7683d00a,46,True
user_0a23554a59,80,True
user_fbe10ecbb8,80,True
user_d3299a233d,10,True
user_a153b4ea91,985,False
user_f0c586b655,985,False
user_c96dcc771a,7,True
user_e991050c1f,7,True
user_92f3a05eff,7,True
user_46e2bd2bd7,80,True
user_413b3d8da6,37,True
user_50d6adc058,80,True
user_163db76718,87,True
user_c226354f0d,80,True
user_771107be37,46,True
user_b6fb64924e,986,False
user_e67084865c,986,False
user_721d886684,987,False
user_1a93ee8a76,987,False
user_cc849a60b3,10,True
user_f00961e631,31,True
user_1a392c70be,36,True
user_c54a2680a8,80,True
user_5223bf07e0,806,False
user_27f8289bd6,3,True
user_988683e3a2,33,True
user_1a1bca8445,63,True
user_133a3f1a34,10,True
user_24f70098af,511,False
user_1a5d8cbe3f,39,True
user_fa77b2d287,39,True
user_4c22ade5ec,10,True
user_d84f77a791,80,True
user_418068d069,40,True
user_5a99075f79,4,True
user_de62119e5b,4,True
user_c6747b4358,10,True
user_dcbaffd1c6,80,True
user_1eb1a41d60,21,True
user_782e1cd603,6,True
user_43942c0661,54,True
user_97d2af9b89,511,False
user_d2eb8f161c,988,False
user_fa1f785671,988,False
user_b3f5b63e75,511,False
user_7d73735f13,54,True
user_b9d6662ea2,37,True
user_4d05369a0f,63,True
user_e4753d45e3,33,True
user_4cd6242c49,2,True
user_e416d56b84,8,True
user_be1282fb9c,46,True
user_02ae5a9d24,989,False
user_bba8572636,989,False
user_047e1f8047,78,True
user_6ed3e27018,990,False
user_6439a67ecf,990,False
user_d2eee38bad,991,False
user_7da8c5e799,991,False
user_2bd74f9fea,23,True
user_2510b74d5e,27,True
user_ce2719714c,80,True
user_663f812a68,80,True
user_3a0f5a7cc1,861,False
user_371799b2c8,87,True
user_068f160997,27,True
user_c3a37468a2,37,True
user_e5a09ec276,27,True
user_09ac50fef7,8,True
user_551c166ef6,15,True
user_b96aedb2d9,80,True
user_c05cd159b9,835,False
user_9799ff5f92,63,True
user_5df88a048d,992,False
user_e133786d52,992,False
user_7082f3818d,8,True
user_577530ddc2,993,False
user_192e23e851,993,False
user_89076c5aaf,27,True
user_d536c14d13,56,True
user_7bdfe56816,910,False
user_6e6378fbd6,994,False
user_ad036534b6,994,False
user_7e996a9911,13,True
user_4dff34bf6e,995,False
user_f56fdba807,995,False
user_004614f843,7,True
user_2abcd4c324,40,True
user_2affd9e92c,63,True
user_03f519186b,90,True
user_00613e34b5,10,True
user_9184151af4,56,True
user_c7fd274c6c,27,True
user_f5101a0932,80,True
user_058cf20fde,8,True
user_288630546e,27,True
user_6216f60cd0,13,True
user_7651640e6b,3,True
user_3c0b8a5097,990,False
user_f719e7f264,27,True
user_26b6afc6fa,11,True
user_8af96cbcd4,996,False
user_c40a9292e4,996,False
user_4e1a0c79a1,997,False
user_59e0c9e467,997,False
user_88520818c1,56,True
user_456ab1cf79,46,True
user_4f9a148b34,998,False
user_a0f331644c,998,False
user_be620d48c0,5,True
user_e9012dd23b,87,True
user_5d210118ec,27,True
user_ab864ac628,142,True
user_e20f246589,142,True
user_f13bdfef5b,81,True
user_bdbdd80b6f,999,False
user_a2bfbc68b1,999,False
user_84b9343ce3,81,True
user_9890a10ccb,62,True
user_8b70c0e40c,87,True
user_438f076119,10,True
user_2e49565da2,10,True
user_20e495ac30,63,True
user_05fb9abb37,1000,False
user_7ceeb88b67,1000,False
user_3b0b3337fd,1001,False
user_924fb09b84,1001,False
user_be095ae6db,40,True
user_990395f54e,6,True
user_d080823d0a,42,True
user_d6215744d6,42,True
user_eef6958be0,31,True
user_59653526d7,1002,False
user_648521c88e,1002,False
user_ae7000ed05,10,True
user_e63a1e4af2,10,True
user_59412faccd,31,True
user_41082b0298,1003,False
user_567bc9c16e,1003,False
user_19d7f2ec16,1004,False
user_e0d9ae3a26,1004,False
user_62ceaab31b,8,True
user_e837ca585f,31,True
user_f788a6a2fe,31,True
user_0776233b1f,1005,False
user_46488a6343,1005,False
user_f2d2136511,31,True
user_cde04ed237,1006,False
user_1dc4aa7fdb,1006,False
user_164acb8691,6,True
user_9a3a5046e0,53,True
user_6f45b45b92,13,True
user_932b84f32a,142,True
user_70e4baa5cc,1007,False
user_262f0008bd,1007,False
user_02166f98a8,81,True
user_fc6984eeca,31,True
user_348976879d,53,True
user_ac8441d4f7,31,True
user_554913849b,31,True
user_d614692ed6,80,True
user_0d79182895,1008,False
user_ac6e020c2c,1008,False
user_983f7e598d,90,True
user_338fd78199,31,True
user_c2a3356d8c,1009,False
user_a66be677eb,1009,False
user_115ea53933,78,True
user_d14b9e30e6,10,True
user_df1de52df9,1010,False
user_6cf646fefb,1010,False
user_a51e197430,80,True
user_5adab9af50,27,True
user_5937bd9f6b,53,True
user_e1794aab1d,356,False
user_b3042b2041,10,True
user_7eddab1a6b,81,True
user_6597768c2e,1008,False
user_14d409365c,99,True
user_886e33853a,87,True
user_d63b76815d,99,True
user_5f1656c8e7,7,True
user_8d1a6b8bdc,33,True
user_bf0dd81e7a,99,True
user_29cfd875bc,87,True
user_78d2d98aa5,1011,False
user_ef213b3c97,1011,False
user_ef0deeb1c0,1011,False
user_11df03bb07,62,True
user_1ba9aa38c4,1012,False
user_ec8cdfc57f,1012,False
user_d28e23e4ae,31,True
user_acdb6cefb8,99,True
user_49bc8f6a93,99,True
user_bdc6632b51,40,True
user_dcf5cddd9b,2,True
user_c85b1ef2af,31,True
user_96de4a24bf,142,True
user_526bae4a22,80,True
user_9914f4f6bc,1013,False
user_084c2aed85,1013,False
user_a8c8f4d6da,90,True
user_a031247dfe,31,True
user_c4fe0a10d4,2,True
user_1666ef78a5,2,True
user_e1ca3130c0,31,True
user_b438a4bbca,7,True
user_480be71464,2,True
user_00180fcc4d,1014,False
user_31a5067214,1014,False
user_30c1e397a1,99,True
user_72896c7752,2,True
user_f18dd4d2a9,2,True
user_280a952f25,33,True
user_5d31af83a1,7,True
user_fa66e484fc,1015,False
user_9461e53b97,1015,False
user_17dab4a052,33,True
user_4ba0f6d50d,31,True
user_3b62ed61de,87,True
user_778bdfa8e9,15,True
user_b53734aa50,99,True
user_ebe7d18cdb,87,True
user_1612d0a905,2,True
user_f239927149,7,True
user_b1a7561433,80,True
user_1cf9ea5793,55,True
user_c2957b6cf7,21,True
user_2caa925b38,1016,False
user_a396b10ef7,1016,False
user_b9440083e7,99,True
user_5c69189d09,2,True
user_c6095b85ed,27,True
user_41fc2208ac,99,True
user_01b748e975,54,True
user_5bbf623a1f,99,True
user_a3d070b736,10,True
user_4ba1c80b08,1017,False
user_42b40e9dc2,1017,False
user_c709cdde70,1018,False
user_8787885daa,1018,False
user_3d224266ad,7,True
user_b96d12b5be,31,True
user_de0b481972,31,True
user_23e6478b50,99,True
user_583922c5e6,1019,False
user_c328a5b0e7,1019,False
user_3b1ee305cb,62,True
user_091fcd6199,1020,False
user_5550ed2407,1020,False
user_70dae283e2,62,True
user_2a8d1668a3,10,True
user_9f758b697a,2,True
user_b57a439db1,81,True
user_39d263ac28,31,True
user_b2497a09fe,40,True
user_4256285e96,9,True
user_33d7e0faea,27,True
user_a76474b651,1021,False
user_d37dad8c71,1021,False
user_77d0a4c010,116,True
user_ed697706c3,676,False
user_8b4dcba950,140,True
user_540a1cca1f,140,True
user_0760a68a6e,1022,False
user_6a1acf631f,1022,False
user_09aae22a61,1023,False
user_3ab7476149,1023,False
user_1e00e844ea,99,True
user_03ab00ac46,140,True
user_d8f64e8734,1024,False
user_374dcdd99a,1024,False
user_2663471e50,1025,False
user_236a7b2028,1025,False
user_53e68b0c8c,116,True
user_1a4ab6d0ad,81,True
user_f1b37f2b09,1026,False
user_64e1b63b2a,1026,False
user_e1eea91d57,140,True
user_ab25559bbc,140,True
user_c9fb89b27a,140,True
user_dcd00adb81,10,True
user_d84a7a4dc5,40,True
user_4a5efb5020,116,True
user_ad4f5f277b,40,True
user_ecf74e4628,9,True
user_4fc32a5531,1027,False
user_1dee45a86e,1027,False
user_da2e962723,53,True
user_a4a1632a0d,1028,False
user_b149c2ed8a,1028,False
user_6eb40c1204,87,True
user_96d420a6df,1029,False
user_9f925425f2,1029,False
user_f221a217cb,31,True
user_b5b85074c7,1030,False
user_101878db1e,1030,False
user_71ff053893,31,True
user_7446fe24c4,1031,False
user_d27b888aa2,1031,False
user_1e8f313827,81,True
user_4b0c07e463,116,True
user_ed054601b1,10,True
user_cd85f42fd4,41,True
user_6e0ae160ae,12,True
user_854757f08e,40,True
user_8beccf4343,116,True
user_bc9769f309,116,True
user_696d2ef118,54,True
user_6c94d19c08,27,True
user_7c612e9ed1,99,True
user_26d87b1ff3,116,True
user_96652bc918,239,False
user_0cb084e113,40,True
user_7ba69bf6e0,27,True
user_13714f8b2e,54,True
user_c15cdacb80,1032,False
user_9a10eba28e,1032,False
user_e3e18ebdb3,1033,False
user_57acbbfd37,1033,False
user_8de6c6c8cb,116,True
user_b789813846,368,False
user_2b35bf3ef2,4,True
user_0b2c7058b6,46,True
user_e4422d3631,1034,False
user_55403375a3,1034,False
user_388745e93d,2,True
user_0e88c8d6a2,130,True
user_29afa160ce,46,True
user_d8d7e6ab6b,91,True
user_4fbfa78762,4,True
user_e8c5006a6a,1035,False
user_557b5d26b8,1035,False
user_3523268ec3,23,True
user_8e5ee8f7e1,63,True
user_646cf981f4,1036,False
user_543bebcc9b,1036,False
user_cd72260ae3,33,True
user_1703ff01e7,1037,False
user_d9683382dc,1037,False
user_96a253c14d,1038,False
user_075626a7e2,1038,False
user_49642aa7db,90,True
user_30fb99b1f1,1038,False
user_15392e6a87,995,False
user_431c13a8d4,80,True
user_27a7a68533,31,True
user_948e6716a1,10,True
user_7b76590e09,99,True
user_6397f4718b,1039,False
user_385a4631f8,1039,False
user_780bfaa5e9,1040,False
user_4a4a3f473b,1040,False
user_93b7ebc19f,1041,False
user_794ec3c335,1041,False
user_c28c99b5a8,192,True
user_41e5ae50a9,90,True
user_a57cfc7358,2,True
user_60515416dd,142,True
user_11ad0fec8a,41,True
user_4dd1c0ac2b,4,True
user_82b9a38f0b,42,True
user_86f05eb28f,3,True
user_966821c18c,91,True
user_7107941ae2,438,False
user_5bffb9d15b,438,False
user_ee02abdd03,11,True
user_333be4d56f,11,True
user_0af01a9504,36,True
user_c7c192a41a,63,True
user_470ad3c316,87,True
user_df95b91e1d,116,True
user_8aa0297547,116,True
user_10675e0eb5,62,True
user_a37a34fe91,80,True
user_a48075e1de,1033,False
user_0208026ba4,54,True
user_d1bbb9f80f,57,True
user_1e4439df93,27,True
user_22d503958c,138,True
user_48619d8e08,3,True
user_c057164385,116,True
user_0bd38904d7,11,True
user_04d85820f2,46,True
user_da7bc40485,1042,False
user_135a185749,1042,False
user_935a54de2c,1043,False
user_d2cde0db13,1043,False
user_7309a98693,10,True
user_f9683b4346,140,True
user_9f0bdeb011,99,True
user_fab5e841ea,140,True
user_dd5aacb8d9,1044,False
user_a38e6fcd5b,1044,False
user_df7f1e8d71,31,True
user_0c52242387,80,True
user_c3578bd284,80,True
user_2274f86053,99,True
user_2dbaf45472,11,True
user_7c1fe6153f,99,True
user_5b0a8b282e,1045,False
user_b0278796ce,1045,False
user_80612d73e6,1046,False
user_3ec079ebdf,1046,False
user_f94aea3e39,33,True
user_c294141ad8,142,True
user_2833d55d5c,62,True
user_bf773b44cf,10,True
user_d5ed40eaf2,2,True
user_c64c59c030,1047,False
user_a71c176cd9,1047,False
user_f50f8cbc9a,1048,False
user_9015d1111d,1048,False
user_bd1209bcba,57,True
user_815f37222f,1049,False
user_c5bdcd7ee6,1049,False
user_2fe13356b6,99,True
user_f3f5f625b4,80,True
user_97624ac33c,199,False
user_fbd2775936,199,False
user_f2dd4873e3,80,True
user_41fb7bd872,36,True
user_78d8a4a825,4,True
user_fd47d2009c,116,True
user_70945109bf,140,True
user_ceb6b1cec4,15,True
user_cceb771a83,35,False
user_632e2c4d87,35,False
user_0355194a9d,116,True
user_8800fe79e4,40,True
user_20e58bbb58,2,True
user_ae5aa310ee,80,True
user_0e8cd424cb,31,True
user_92c9f71655,23,True
user_33a5c9e836,126,False
user_ecc62295aa,126,False
user_6fa503380c,116,True
user_54cf929116,80,True
user_29b9826429,13,True
user_634659a7bd,191,False
user_fb068ef93e,191,False
user_3e824b2369,632,False
user_dd7fda760d,99,True
user_5817e8a1fc,116,True
user_241815a476,99,True
user_aaafd696e1,90,True
user_3b549f07e1,757,False
