user,community_id,in_largest_component
user_4d32255b01,0,True
user_598ce20ec1,0,True
user_9c1daaa08e,1,True
user_8da589bc07,1,True
user_2155aa303b,2,True
user_d86bf16867,2,True
user_2157f1b791,3,False
user_4322368304,3,False
user_76da0a68e2,4,True
user_aaab42efcc,4,True
user_2d473685b6,5,True
user_00eb2934a7,5,True
user_b66459bfb2,6,False
user_f142389c61,6,False
user_0e8ff8b339,7,True
user_54ffd6caa7,7,True
user_29c3ffc806,8,False
user_da9f0598ea,8,False
user_f513ec3c6a,1,True
user_ce6fe868ab,1,True
user_52d77b24e8,9,True
user_96740b1445,9,True
user_5f8371c4ab,10,False
user_896955f33d,10,False
user_b9d659b99b,7,True
user_affe441da3,0,True
user_c292cc4c69,11,True
user_73af829f6d,12,True
user_464b9605c4,13,True
user_c8c7d89eda,13,True
user_8e6a9b272c,1,True
user_2b4f1da654,4,True
user_4af8a97ce1,4,True
user_688374f504,13,True
user_9bf84d18ac,14,True
user_c2ce6ef1b1,14,True
user_9dcbfad574,15,True
user_af324fbdb9,16,True
user_f7d72a0914,16,True
user_232b9c08a5,17,True
user_5133d462d1,17,True
user_b4a2a4a0b8,80,True
user_2329279dae,80,True
user_6e002fc2a7,17,True
user_d39f8d4009,7,True
user_37bc3e6768,16,True
user_798329a63a,19,True
user_f4690597cb,19,True
user_1738482640,13,True
user_8d5c7adfdb,1,True
user_0463074c46,20,True
user_42a0b8d709,20,True
user_33b9234b14,1,True
user_98498296c4,21,False
user_193f117192,21,False
user_56f0ac7019,22,True
user_5dc97d06af,22,True
user_dff9d1adfa,23,True
user_7a8c19a476,23,True
user_42eb85035f,22,True
user_6fb521a309,24,False
user_0bdca81c5b,24,False
user_aa41bf3fbc,25,False
user_25b4e1f93d,25,False
user_e2abe3466e,80,True
user_2a9cababb9,13,True
user_94fcfe9a49,26,False
user_d9a65c7071,26,False
user_96c0279868,20,True
user_b1aa22ac62,20,True
user_cabb6c6db3,27,True
user_933b6a12a6,27,True
user_8c68e8ffaf,4,True
user_f88dfad7d6,4,True
user_ae98994ebf,28,True
user_62d98e2339,28,True
user_67bbe3e80e,29,False
user_b4fc811ec0,29,False
user_e3354e4e8f,30,True
user_a56b2f83af,30,True
user_16f2adddb1,31,True
user_70f3d21e78,31,True
user_8e2cc56604,32,False
user_192cf690a2,32,False
user_56b6fd8f53,1,True
user_2f466cefb1,7,True
user_be610be82a,28,True
user_5ba0c6d21a,33,True
user_7e3b90a6db,33,True
user_03b5b685eb,7,True
user_fed6d8b957,1,True
user_4443e47b96,34,True
user_670867519e,34,True
user_e7809992da,35,True
user_91fc0796b3,35,True
user_973b96d0ab,36,False
user_c22c62ba34,36,False
user_949e48dfb2,37,True
user_6847bfacb5,37,True
user_9ed3d890ec,38,False
user_838f0a2fd5,38,False
user_8442f227ce,5,True
user_184f7baf88,39,True
user_18976e6806,39,True
user_9d0805a158,13,True
user_5d6614947e,40,True
user_fd02ca5c6f,40,True
user_b1a8692b33,41,False
user_bea37e3f98,41,False
user_8160b52057,42,True
user_3e34f220cd,42,True
user_e2848509bc,43,False
user_1366634194,43,False
user_917d19d8dd,27,True
user_62b5495ac0,27,True
user_9d80a25e37,13,True
user_a59ab07f38,27,True
user_8de6f63e34,44,False
user_fa67163d2d,44,False
user_5ceb087bbc,9,True
user_9b7b1da0d0,9,True
user_89ad63df46,45,False
user_d1437c2a0f,45,False
user_ea6e0d5446,27,True
user_53b4b8db11,46,True
user_8af81f206b,46,True
user_2705adeefa,47,False
user_9d0fee70b0,47,False
user_615ca9f6f5,40,True
user_c02f80a774,40,True
user_3029357d54,0,True
user_b50dafc5d5,28,True
user_aa5fed8a62,28,True
user_56f163167d,27,True
user_ad9cc67aaa,1,True
user_1bd3a9686c,1,True
user_4b53d5500c,14,True
user_526688902f,20,True
user_26a19b25cc,0,True
user_2b705236d2,0,True
user_c55e925dda,4,True
user_bf18c5faac,4,True
user_b55a92f7db,1,True
user_db36d45d55,48,True
user_13b38fc27a,48,True
user_e08fc19379,7,True
user_db9709988f,1,True
user_7dcbf7921d,0,True
user_70743a4e74,1,True
user_e89fdfcb9c,19,True
user_8d62d7e9e7,19,True
user_71c3d5401d,4,True
user_2e1dcdc182,1,True
user_17f473e5cb,1,True
user_9767d85a75,1,True
user_79ec27ad7b,33,True
user_39923b557a,33,True
user_07c562fdc6,28,True
user_e8aed96560,31,True
user_e9af761c54,49,False
user_a2f7da67ff,49,False
user_70a08349c2,48,True
user_c99655e42a,48,True
user_7231b7da22,0,True
user_e95b4ee2a2,12,True
user_8b17a8bc04,35,True
user_e0a7ba663f,7,True
user_3840e80c8e,22,True
user_f004ae097c,22,True
user_be4e41819c,30,True
user_e81a381a57,30,True
user_b3233c0951,5,True
user_894d9c0ed9,33,True
user_65cf44140d,1,True
user_88fc6325bf,50,False
user_fa27a00832,50,False
user_f880186362,34,True
user_c0941b4c0c,34,True
user_6e48a8f378,51,True
user_804446c759,51,True
user_fc9d848bff,52,False
user_99d56c2e93,52,False
user_42dd8b1c59,28,True
user_0b83e2239d,1,True
user_62a5d95e8f,53,False
user_46cdbd0aa3,53,False
user_5b060bde0c,54,False
user_a13a33c22e,54,False
user_0493fe4218,1,True
user_cf5ce68847,42,True
user_d03b6d7016,42,True
user_4b0af2c79f,1,True
user_b91bfc9258,1,True
user_82d7cd75b8,1,True
user_88abc50f7f,1,True
user_ac863f912e,55,False
user_1c57aac847,55,False
user_97be89bb4f,19,True
user_348a5cc39c,51,True
user_e5eeed7075,51,True
user_76714c57d4,56,True
user_c522e82c7a,56,True
user_7b60d150a4,1,True
user_e3c7da53a7,28,True
user_63275a9311,19,True
user_3203fa304a,19,True
user_7a68259487,39,True
user_c162dae5fe,39,True
user_a40e0759a2,39,True
user_9a4a5e7685,13,True
user_5f195b9b34,13,True
user_34261c4924,46,True
user_8330b0831e,46,True
user_533adce040,56,True
user_64d8d9edd3,56,True
user_18480ff2bb,49,False
user_95d998e5fd,5,True
user_4fed78bfa8,19,True
user_4391089c27,2,True
user_816c446ccd,57,False
user_66ba594323,57,False
user_eca185bcb8,13,True
user_912183ece4,28,True
user_09f2db5a49,28,True
user_68cf797086,58,True
user_1d553d3637,58,True
user_efa56a122d,51,True
user_0490713ced,4,True
user_ca9aeff26d,59,True
user_42147d0c21,59,True
user_8a0a80f544,12,True
user_d885877921,2,True
user_e28761785b,60,False
user_01b9734fce,60,False
user_e4f042126a,61,True
user_c096b324b1,61,True
user_1193148973,62,False
user_d25561f6d3,62,False
user_862cd67dd0,4,True
user_dfae7bed0a,2,True
user_c2dd39040a,1,True
user_8db08c6028,27,True
user_19046671fa,27,True
user_a7c9b38067,51,True
user_5efb9c1d79,4,True
user_f026117583,4,True
user_1f0eefeeb4,40,True
user_ce12e27dd7,59,True
user_fbbd42e16b,15,True
user_1fd25898ef,15,True
user_c65a509bc1,39,True
user_1e901cb8ab,27,True
user_2d35941cfb,27,True
user_ae0eedc903,63,False
user_f781090242,63,False
user_0d3a821799,15,True
user_3aac9d2d4c,15,True
user_2af063d97e,56,True
user_cf3409f8cf,56,True
user_d9ebd6ebf2,20,True
user_6e3956a806,23,True
user_22f1156045,15,True
user_2616537ef4,15,True
user_31798036b3,12,True
user_1d1b46e013,2,True
user_8cd0e6bc4e,2,True
user_14215f20f9,12,True
user_8429b6d292,1,True
user_f6f5721949,27,True
user_aaca89e4fe,59,True
user_edf2a4bf93,0,True
user_9d8f883ae3,15,True
user_1b980211eb,1,True
user_3faeae97f5,28,True
user_77f0a72dfb,28,True
user_e45effb0bd,9,True
user_eae6e4142c,9,True
user_8de9c0cff3,64,True
user_84a0a93765,58,True
user_ed2e8a2b09,27,True
user_f02e6897c7,27,True
user_82de02854a,58,True
user_e3a0f00103,59,True
user_d7ef664340,12,True
user_682ea7729f,51,True
user_c7c340e973,27,True
user_a6c8affa2a,65,False
user_dd87c8df10,65,False
user_8e416607cf,46,True
user_6c31c89839,46,True
user_333f41ef3c,28,True
user_3246228cc8,0,True
user_aa0e302d7d,0,True
user_b9684dcbdb,9,True
user_f894e298f2,59,True
user_c50652195a,80,True
user_3e61ed1ed8,80,True
user_eae39abf74,59,True
user_13bf4523f9,59,True
user_d4dc4652dc,59,True
user_8a16543722,15,True
user_e37052d782,15,True
user_3e9110cd7f,5,True
user_c273db3f8a,39,True
user_c469a837a0,15,True
user_e14aa10386,66,True
user_d481084b1b,66,True
user_be192d305e,51,True
user_91f86ea79d,15,True
user_4cadf34a08,67,True
user_1d5d778336,67,True
user_c8c84fa84a,68,False
user_bb47607baa,68,False
user_c7b5a460d7,69,False
user_75fb40afd2,69,False
user_2a3d75fe10,28,True
user_c82342d227,70,False
user_d1541114cb,70,False
user_643f399948,5,True
user_6b9e6c4653,1,True
user_b6bc5b8d91,71,False
user_9f3ee8dced,71,False
user_e28df57bdf,34,True
user_661043fb86,34,True
user_4d56db7732,28,True
user_a7520bb036,19,True
user_c10cb90d1f,19,True
user_3790cd3182,4,True
user_d512975e9c,1,True
user_e5f3c5c0fb,72,False
user_46e28b5f70,72,False
user_0b55ffb987,58,True
user_c6425ede1d,58,True
user_48ac3b366c,73,True
user_a24c46c855,23,True
user_5699cc9520,73,True
user_546dddb74b,73,True
user_01efa610a6,74,True
user_a3eab0e4fa,74,True
user_9bbf6215a7,67,True
user_9402e8bdd7,67,True
user_42b27f88b9,1,True
user_6808b442ab,1,True
user_5cfcbefd23,11,True
user_0ae0337e6f,11,True
user_051834d698,12,True
user_cf42ba7e30,12,True
user_e31144bd0b,75,False
user_b95a4fdc47,75,False
user_833769d093,76,False
user_a2f9e6e4d3,76,False
user_bf0d9427b1,22,True
user_a55ad277d0,22,True
user_24938274de,74,True
user_1ef9500bba,5,True
user_330c24c527,28,True
user_8b8f646a92,28,True
user_ad757bae3b,74,True
user_e7144a069d,67,True
user_bee24797a7,28,True
user_5e47008203,51,True
user_72e3f128ca,51,True
user_a7e91e1334,51,True
user_e52e4d89e3,12,True
user_c8225a4c11,76,False
user_dc468333c0,78,False
user_c8998f09e9,78,False
user_fa2ff48e93,74,True
user_0526cf30dd,34,True
user_d1563ac156,80,True
user_b295e80b75,80,True
user_7b59b9ac7d,39,True
user_1088f48c56,39,True
user_467f893ef6,64,True
user_e10261a0d1,64,True
user_2137f391f9,19,True
user_1a42fe87e0,19,True
user_94cf6402d9,19,True
user_4705552b8e,22,True
user_9cd0dd7886,22,True
user_e5a15c381c,34,True
user_50ad7391b5,80,True
user_0820224dc8,80,True
user_7f05172983,80,True
user_7e0871a98a,81,False
user_0f3bdd4a81,81,False
user_856f76fbc1,82,False
user_05fac048e2,82,False
user_9e5d1219e3,28,True
user_25faddd69a,74,True
user_94465df4cf,51,True
user_629e9d3573,58,True
user_a86a30b23f,58,True
user_f96e39f093,33,True
user_4e9382a9c8,1,True
user_abb9ca9ce2,22,True
user_3e4ae3f45f,51,True
user_f8359d2a66,42,True
user_c52da8002d,42,True
user_bb1aa6dc67,23,True
user_8f09cf57d4,9,True
user_bb8c9914de,67,True
user_66ac5d39fc,7,True
user_5df781e228,7,True
user_50779d0fef,74,True
user_81681e0200,78,False
user_bffc7495fe,20,True
user_223b7351cd,34,True
user_6a314b477e,83,True
user_e90f42358d,28,True
user_aec2d08526,28,True
user_b0e0840541,72,False
user_2b1843256c,34,True
user_79e5663601,28,True
user_5a53b92f80,51,True
user_d04a60e1eb,34,True
user_d4e9dbc6d7,20,True
user_378a54f733,20,True
user_d5b011b4c4,61,True
user_7e21a14bfc,74,True
user_efc9fc49a9,84,False
user_a3455b8808,84,False
user_fe9a802b35,40,True
user_d405b8761c,40,True
user_92895c1021,12,True
user_fc91765ffd,12,True
user_b8e2f6f645,0,True
user_9895bb9a40,0,True
user_eb8856808a,0,True
user_6aaf651869,27,True
user_b376e3c8b2,74,True
user_a6d844641b,18,True
user_fe07b2e79c,18,True
user_248c3ed716,51,True
user_cbf6452bba,20,True
user_7ae54615f2,20,True
user_e6fec6ff67,48,True
user_c2fcdb73d7,48,True
user_0c391cd1dc,12,True
user_695f8dc761,12,True
user_c0dae8c516,48,True
user_e46aa4ee0d,20,True
user_9aa602ef43,1,True
user_e737ffa532,18,True
user_945b48705d,18,True
user_5fc29694b3,13,True
user_4de7f39679,39,True
user_6b737b1bc5,18,True
user_9946508b5a,76,False
user_0d1de5cdcc,34,True
user_4c80916929,23,True
user_5c1590997a,56,True
user_4733c22898,74,True
user_8340eb435b,51,True
user_e3c39f5c66,51,True
user_775ecb85d5,4,True
user_b7daee08b9,74,True
user_3f84e9bbce,59,True
user_6904ca765a,2,True
user_51068aa97f,20,True
user_d1bd6a48d7,51,True
user_0425add983,12,True
user_7635fb852a,28,True
user_437fe3d242,56,True
user_4eb62b537d,86,False
user_c142f406a6,86,False
user_d8d9c678f5,20,True
user_191f3140cb,27,True
user_8a4040905f,82,False
user_cd9bc53195,82,False
user_42656e37f2,74,True
user_3744fec5e3,74,True
user_042fae0b12,51,True
user_65c14d6e30,20,True
user_6955560b56,0,True
user_10e8eab7cc,56,True
user_4e645aa7af,82,False
user_5798d76626,34,True
user_f475d082cd,51,True
user_af6db192c9,42,True
user_bd7f80c460,87,False
user_7fb98d31e7,87,False
user_e4c249a8d0,28,True
user_1dd35f0367,64,True
user_d88f7b6a7c,51,True
user_7a42b313f2,19,True
user_2d90507214,5,True
user_48fdcf70b6,5,True
user_5ee834f554,20,True
user_bcc2b9c122,34,True
user_4e446fdf4e,34,True
user_1c978c5a22,15,True
user_7a7d5bdb8f,15,True
user_2d2555b939,51,True
user_608be6e1c7,37,True
user_dd502b73cf,37,True
user_482d428827,14,True
user_9bfedf9f64,14,True
user_6d057d23b5,18,True
user_5d63286fad,12,True
user_b412e7b5d8,14,True
user_cfe936b930,59,True
user_ab308f0891,59,True
user_e59c94fea2,74,True
user_90af5698ab,74,True
user_0f9ba6c2d6,88,True
user_b2bc61081c,88,True
user_8ea1dffc48,51,True
user_bd660fa2c0,12,True
user_3f0f6cf88f,59,True
user_ac4b1dc0b2,34,True
user_9b9924a8dd,12,True
user_8ac8ab3c3e,74,True
user_18163f0533,28,True
user_b055d0fdbb,5,True
user_d5407fb368,70,False
user_26bf1ecb9f,12,True
user_4db681d565,17,True
user_a306fc6a7f,17,True
user_da43f7b186,74,True
user_553886967a,22,True
user_e58109730b,12,True
user_7e32b216e4,28,True
user_0b421249b1,0,True
user_4fed8f3a3f,80,True
user_85daa82880,1,True
user_72c29b43ce,1,True
user_0be19ec4c2,89,False
user_c942c3fd77,89,False
user_26684849ee,90,False
user_31a12ac53f,90,False
user_321c0db10d,34,True
user_f809ea6a88,27,True
user_46a929637d,4,True
user_ce7dc2fbe3,22,True
user_27b873754a,27,True
user_a4864af44e,27,True
user_0fd8a058ac,27,True
user_a89820bbec,34,True
user_43db215259,28,True
user_4030857526,39,True
user_1c256c14d0,39,True
user_32d1c121cf,91,False
user_1c9692caca,91,False
user_c6614b7807,92,False
user_1a48362595,92,False
user_a37ba1e9fc,39,True
user_48cd53690e,28,True
user_ae176b84f7,28,True
user_364d8e0bfc,28,True
user_464099daa1,28,True
user_bcce3df42d,20,True
user_f877760ead,46,True
user_4ec8db9ad3,93,False
user_4e8bb4d33c,93,False
user_3153125e9b,59,True
user_b2bcfc1192,22,True
user_32b643a683,56,True
user_542c263c33,56,True
user_7938cdf75a,22,True
user_a3446408f5,74,True
user_b3d1feaba8,39,True
user_80cea1e2a1,94,False
user_341cca2959,94,False
user_c352839203,95,False
user_3130d81f4b,95,False
user_d073a04d4d,34,True
user_c66b5baf81,30,True
user_21029c8651,30,True
user_782b3aff35,22,True
user_e0d0ac22ec,40,True
user_e9589c1a31,28,True
user_b5b37d0f44,28,True
user_9d97d5dc3b,96,True
user_5e0ae56134,96,True
user_b49c28b243,97,False
user_b1ed6cd1c3,97,False
user_4d0b33d548,23,True
user_338e6d5f1e,64,True
user_249c5048f4,5,True
user_5a02fbb148,64,True
user_06b3e385c9,67,True
user_f8e8854568,56,True
user_9828bf6b46,64,True
user_ac8dc030f6,37,True
user_ccaba890ee,37,True
user_74631e9af4,67,True
user_b3bdc10669,67,True
user_4421fe9ac4,34,True
user_4e05391acf,56,True
user_8c57552f8d,5,True
user_226f3d6c62,1,True
user_a51737271d,13,True
user_66b9dba7d1,27,True
user_b1717b3434,67,True
user_269eb92693,27,True
user_f33ce0f582,56,True
user_adb496a05b,22,True
user_21e3efaef1,22,True
user_d853dedd46,64,True
user_42a66941fd,64,True
user_c7de25500b,1,True
user_027c4f6e90,1,True
user_e38e0e9898,96,True
user_29f79d168f,14,True
user_836b7dd88c,27,True
user_d0dcf47d8e,5,True
user_0dba735b8b,67,True
user_30660e9690,22,True
user_e9e8a67f01,31,True
user_cc69efb98b,39,True
user_dd35e57d31,27,True
user_43260ec600,27,True
user_213db5898e,31,True
user_807b8b5b01,0,True
user_82af80998f,19,True
user_82b6491384,64,True
user_c3e8bc40fe,64,True
user_ac0b312ea4,0,True
user_622368b9d4,66,True
user_919d3f6452,66,True
user_e2bb133780,27,True
user_5011714395,64,True
user_35fc4726b6,59,True
user_80fbd648d7,59,True
user_e047d7f202,28,True
user_934f2089ff,74,True
user_a40f61bb55,96,True
user_3d2fc5d873,27,True
user_33865798d4,98,False
user_e637be5846,98,False
user_ce96243d42,99,False
user_b8314916de,99,False
user_ba0a9b434a,67,True
user_a377642a78,22,True
user_d2d892a912,64,True
user_0ebb4eed7e,9,True
user_ed0c968bb0,96,True
user_5c23f2201d,20,True
user_854248c574,1,True
user_f6797f1cd3,67,True
user_9dbdc36c16,100,False
user_3ea22243aa,100,False
user_6d5fe4f168,22,True
user_7bd2d78858,66,True
user_726cb08ed3,67,True
user_b514a1a555,67,True
user_bb829cc842,101,False
user_2276bc6cf2,101,False
user_d5b5b7d16b,67,True
user_a0596c64f5,34,True
user_da74bc0f37,0,True
user_80b6f13d2d,67,True
user_8e75ced5aa,74,True
user_d5321ce3fa,67,True
user_026235b563,67,True
user_41b5938a05,15,True
user_9ab8b1cf07,15,True
user_abca91e6b9,4,True
user_2573384390,58,True
user_d66334c969,11,True
user_6832c4e2b4,4,True
user_415b6e175d,102,False
user_304838bf23,102,False
user_0bdb4daf22,4,True
user_1994a40719,80,True
user_1b732fa4d1,4,True
user_bc60182a7e,103,False
user_e8fd3090d3,103,False
user_7fe21e2c70,42,True
user_2550ff2e1b,42,True
user_2226e2ebe7,23,True
user_6fd832dacd,73,True
user_b38a876d0b,67,True
user_5a8c2d4a9e,23,True
user_4dfcddcec6,23,True
user_7e9572580f,18,True
user_43a2062acb,18,True
user_2f2cff924e,67,True
user_b8371f400a,64,True
user_f52e10bc6c,64,True
user_b986e6ade5,104,False
user_5c59bf6dde,104,False
user_7dc76b61f5,105,False
user_73c5503ccf,105,False
user_318096cdff,106,True
user_eb6a1d93d2,106,True
user_fe8f92dc2b,67,True
user_84ad123de5,23,True
user_c44825be35,18,True
user_c419bffb5a,18,True
user_fd906d9ca2,12,True
user_f0b6c7d749,23,True
user_1d2ea3b2c0,23,True
user_241ae592fb,9,True
user_b14edb661c,9,True
user_3177358a27,46,True
user_a44cc90d41,5,True
user_7cdb036214,5,True
user_b3f2505fc1,0,True
user_becaea866e,23,True
user_78dacfbc15,40,True
user_975faea40a,23,True
user_2ced82f12d,0,True
user_fe5e45c09f,0,True
user_f21d0116e2,18,True
user_060993f661,18,True
user_89ec6e3c11,4,True
user_585349f244,22,True
user_b26db7872e,56,True
user_f31ec28d3c,67,True
user_e989bb54b7,9,True
user_8c74082652,9,True
user_090b429c0a,4,True
user_58b2990ab5,22,True
user_2e73f24995,12,True
user_cceae3a629,9,True
user_bcd726da63,9,True
user_d00fd5034d,9,True
user_54f87e20b5,106,True
user_50d8585543,106,True
user_820a1daaf9,9,True
user_949024ee23,4,True
user_cfed7b8c01,5,True
user_94be53b0e1,5,True
user_557dc254c2,23,True
user_d35035dfdd,23,True
user_1b30a516c6,23,True
user_3fd24dd3a0,103,False
user_8ba83f669e,4,True
user_4058fb09d7,27,True
user_0b59445679,4,True
user_eadbe8c9bd,28,True
user_308de2437f,0,True
user_81e5471d4b,59,True
user_5e0b80bf68,4,True
user_3179d9292a,4,True
user_d23036f0f0,67,True
user_b9a70b1d06,107,False
user_39d82aedb0,107,False
user_e2f3b7be74,108,False
user_5dfa78e656,108,False
user_fc9b61b4cb,67,True
user_d88e92d0b5,7,True
user_c12dafee6c,88,True
user_ecdec1a095,88,True
user_ff9c25577e,106,True
user_3f97ec1e47,33,True
user_43ce00099c,33,True
user_03aa9b5b15,61,True
user_31d9c18f17,61,True
user_bced9eb81d,88,True
user_bceae63d73,27,True
user_0c8b9a2842,27,True
user_7b9c899e05,67,True
user_b9c00c186d,109,False
user_a2985d2fde,109,False
user_bf5dd9fd46,27,True
user_cf77e6746e,0,True
user_8d1b57050d,0,True
user_030853a72b,27,True
user_b05f28e17e,27,True
user_e234b8f928,67,True
user_201dfbbb81,67,True
user_e25ddd1959,27,True
user_57855d6de8,27,True
user_32215da9df,27,True
user_bcd54dab68,67,True
user_1f3ff38d24,13,True
user_db3457bb85,13,True
user_01e58d084b,64,True
user_edef8f7bd2,96,True
user_dfab2ee120,56,True
user_3bd44ae7ba,56,True
user_b00b71b361,74,True
user_b6a866af0a,74,True
user_2701912bba,22,True
user_92b2c81504,34,True
user_c475ad4728,110,False
user_aec1c286b8,110,False
user_d162267190,67,True
user_61909a5d75,67,True
user_332d207118,64,True
user_f8ee0a06c9,17,True
user_9595ca1490,18,True
user_77e02508b6,0,True
user_aa459948a6,64,True
user_66bea7e08a,67,True
user_1bc4c0b94b,5,True
user_cff58105ab,67,True
user_b747212e8e,67,True
user_71aac85741,23,True
user_97ab77c3d7,23,True
user_ffe77aca28,22,True
user_0978ff21ae,22,True
user_55ca114bbe,28,True
user_3411f39029,28,True
user_e40ce2a7b5,27,True
user_88e2a7e949,27,True
user_b374ee25b4,67,True
user_f759e66b6b,23,True
user_e63eb3831d,27,True
user_86bae9adbe,27,True
user_91474b4d67,67,True
user_b6180a41eb,27,True
user_26de11d8ac,5,True
user_f5ff77d225,22,True
user_88b26897cb,22,True
user_c5611ff095,28,True
user_be2aa59421,28,True
user_d930d92dc4,13,True
user_39cb400a7b,13,True
user_ae85d30895,18,True
user_75954a51c0,18,True
user_0b95127c93,22,True
user_aac41a4c44,0,True
user_38015021a1,20,True
user_b3bb6cf5b8,56,True
user_f5afaa0ad9,30,True
user_a95ed1671a,59,True
user_fef63e6886,111,False
user_5e6804fdde,111,False
user_3fe7c99641,5,True
user_9938330957,14,True
user_bf1dcad748,14,True
user_5b676d053f,56,True
user_1c9e34cdb7,112,False
user_d59f56fcb9,112,False
user_c4f13604df,56,True
user_b9975277e5,0,True
user_7626b5415f,0,True
user_ad220939b4,0,True
user_4ffa06b93b,0,True
user_46056b0b8b,28,True
user_58864628bb,28,True
user_4937f542d2,15,True
user_19b3b8f115,15,True
user_9a2dcceb33,13,True
user_2012c7681e,13,True
user_29e727187b,113,False
user_aa1b612273,113,False
user_e0a8f0c7ca,0,True
user_fa4d1c4a15,56,True
user_8fef452d43,67,True
user_b8b83011cc,13,True
user_f0e019a3da,22,True
user_3738eae4e3,22,True
user_e6340a87d8,66,True
user_01121c79c3,67,True
user_70d46f1bba,0,True
user_9126ce7283,17,True
user_4d8d1ac90a,17,True
user_d043d78525,48,True
user_56a64aeac0,48,True
user_b48357749d,18,True
user_5980c04490,114,False
user_767c825f76,114,False
user_a955298c58,9,True
user_b8acfcb3a6,5,True
user_49c2787fc5,67,True
user_abad65e617,0,True
user_c6610002c3,106,True
user_3356a36a65,115,True
user_3c8851b411,64,True
user_e61da2768b,28,True
user_e01716ad0f,64,True
user_26da2e1ff1,58,True
user_364dc35e25,67,True
user_4957a180bb,19,True
user_1eea5e2c90,9,True
user_26e0fde08b,9,True
user_dcdeae4e82,14,True
user_51336c052e,116,False
user_f88e621caf,116,False
user_cece7cdc13,0,True
user_2e04f82642,117,False
user_5447cc5ea5,117,False
user_eba267ac1a,0,True
user_09933885bb,0,True
user_83995757e2,9,True
user_fe753e5087,28,True
user_109a72ce2e,5,True
user_b5d0572245,5,True
user_cb6bfa3c34,5,True
user_8d34edf268,115,True
user_bc8ef24a00,115,True
user_5cb16b51d9,0,True
user_6c34817081,27,True
user_e5ee84d70d,58,True
user_85ca6ae442,56,True
user_560269641d,118,False
user_7ce6e6327c,118,False
user_61f693cdad,0,True
user_04450c5b1e,0,True
user_5de85bcb9b,56,True
user_077e874a7b,56,True
user_22ac46fdff,58,True
user_67fed037ea,119,False
user_814393a164,119,False
user_fa004aa2b8,58,True
user_9fafe8fab3,58,True
user_54ee2eabff,9,True
user_d4d8624d74,61,True
user_899a415d75,61,True
user_a7c2659b7b,27,True
user_6ee52ca64b,115,True
user_48852e49d0,28,True
user_d13e0dd051,28,True
user_965cc15c6b,28,True
user_7a64fa4915,42,True
user_1081690901,42,True
user_771271d11a,120,False
user_7fe134974a,120,False
user_f0f57a48c8,17,True
user_13803bbc38,17,True
user_6ab791acc6,39,True
user_58851f08b3,39,True
user_bd3442e9f4,59,True
user_a633620457,59,True
user_d4bb0372e0,12,True
user_b5833de530,9,True
user_04935dcd34,1,True
user_0c93bcf611,42,True
user_26373f1af4,42,True
user_dd12a10e9b,80,True
user_85fe9a31ab,31,True
user_6974053cc2,31,True
user_1126aa4e03,42,True
user_50201ce08e,28,True
user_175337ceb8,9,True
user_041a6be3c4,121,False
user_216d23cdf5,121,False
user_1e7bcd2dbf,42,True
user_ad7da0aef8,42,True
user_177b8c57d1,40,True
user_29cf82ffc5,121,False
user_78e27c1746,42,True
user_7a6235f40d,1,True
user_815f37222f,96,True
user_d6c1d34d47,115,True
user_644331ede0,115,True
user_9c2673728e,1,True
user_32637be0f7,5,True
user_051d6576e0,12,True
user_6acd1e6c5d,28,True
user_3d9dffef03,56,True
user_cd3c306df8,28,True
user_a5fa3801e3,37,True
user_c5b7bd1b20,51,True
user_fcc0c3af2f,51,True
user_c1266b4fd7,39,True
user_132bcbb4e3,13,True
user_3c3e139ffb,42,True
user_dd51a0d558,51,True
user_d080823d0a,56,True
user_097cb0b69d,9,True
user_b2cbf252ec,9,True
user_728de3e875,4,True
user_2e6812df53,56,True
user_fe74b4a206,42,True
user_037ef23214,42,True
user_b67b0d2ed9,22,True
user_9293d310f1,22,True
user_547bd365c0,4,True
user_f8f55d538b,1,True
user_537eace524,27,True
user_93e8737e62,56,True
user_9c88260020,59,True
user_d2fe9acd52,1,True
user_52d7790421,59,True
user_74db5a88e9,122,False
user_4b0dde5f67,122,False
user_96dd86a6f5,42,True
user_88ea78c118,39,True
user_cfb58efa35,123,False
user_44572c0470,123,False
user_c1ee15442b,42,True
user_006addd59a,39,True
user_fc30c954f0,74,True
user_83e5345e92,74,True
user_c8932edff6,9,True
user_ff72d2680c,34,True
user_6b97e24281,66,True
user_9b81208651,66,True
user_d96563183a,5,True
user_da00c737a8,13,True
user_94c4c17542,39,True
user_cd2984564e,67,True
user_71c5cd5408,42,True
user_5b576341bc,51,True
user_985f8a8ae6,33,True
user_5f37f7caec,33,True
user_7c066aa463,9,True
user_6512d74ee7,9,True
user_69a3b9e4de,19,True
user_1bdb8fa3b4,96,True
user_16009a7a19,96,True
user_aa30ecdbef,19,True
user_57bd624fc9,9,True
user_3611984f4f,9,True
user_6c976f1a53,124,False
user_7a341cc66e,124,False
user_d2f86a24d3,28,True
user_20d998bf52,28,True
user_47642d076c,125,False
user_3d9c17abf3,125,False
user_a7f15616af,96,True
user_6d0edc1bbd,28,True
user_0ceaeefd8c,28,True
user_33b3f449dc,5,True
user_af078de613,5,True
user_15f1e5d08d,73,True
user_788ff3268c,42,True
user_65a2a029a4,126,False
user_1585ad09c6,126,False
user_dfc2a19199,42,True
user_5f402b2fa8,13,True
user_46bdd9a4e8,42,True
user_4a052c00f6,126,False
user_351ad7f0c9,46,True
user_da64ea6e06,46,True
user_e5b64a41bb,28,True
user_46797d434d,2,True
user_56126d54b3,2,True
user_0066464ab4,19,True
user_6a302181c9,19,True
user_41da80a8ff,28,True
user_dc5484a9ab,28,True
user_f684dcae69,13,True
user_05c733beca,73,True
user_772f126557,5,True
user_7119deb655,13,True
user_52c8285177,73,True
user_67b24a28dd,73,True
user_cc788b9633,20,True
user_989c9f742f,19,True
user_51ce4e76f7,9,True
user_a38fa4fbd1,22,True
user_0451eea505,22,True
user_dbfd394abd,4,True
user_4558aece1c,27,True
user_e4bffdd5eb,96,True
user_f4a616f16f,56,True
user_779de4a6d6,22,True
user_1c76325b53,0,True
user_d75e533b36,127,False
user_4c50fa609f,127,False
user_aecc348e00,9,True
user_a70c82a2e3,17,True
user_df05306b16,128,False
user_2d33bdf480,128,False
user_dce7b32439,12,True
user_7cccf08ab5,42,True
user_c2ef4db922,22,True
user_dc1d889c3b,27,True
user_d06ab627ff,20,True
user_99b182119b,5,True
user_49df005faf,0,True
user_4b725beec4,19,True
user_9646a6fdbb,0,True
user_85cf9b5f3b,42,True
user_866d22c84b,5,True
user_c829fd7d93,27,True
user_f633bfddbc,67,True
user_6af7f44fdc,20,True
user_1a838cdeec,19,True
user_fca4cf95bc,129,False
user_0b8b62071f,129,False
user_d063fc245f,5,True
user_2ad1c4055c,5,True
user_0d21814a90,0,True
user_4175669ea5,0,True
user_8520829df6,19,True
user_63155d3f42,42,True
user_a87cbec5c8,58,True
user_c1aab41878,27,True
user_ff19015729,13,True
user_1ee73b389f,59,True
user_43b19f6856,59,True
user_5b2f5fedf6,0,True
user_94a22fcadf,0,True
user_4c18907bc8,13,True
user_b2522a5404,35,True
user_6258025b79,35,True
user_963a6bed70,74,True
user_a4093d2f62,19,True
user_aa8555e0da,0,True
user_fd403588f8,56,True
user_8301fa9d1a,6,False
user_23a8a76ac8,6,False
user_ba5a6b11da,27,True
user_b84110785e,7,True
user_337835a3c1,27,True
user_522b8a5cb3,56,True
user_01f85663d1,59,True
user_39b5001a73,18,True
user_fcd2be3960,0,True
user_df0a6d96bd,22,True
user_abdb74279f,22,True
user_f4929754d8,27,True
user_a7fed8405e,64,True
user_d654275d6d,5,True
user_3428b1e7b4,27,True
user_1339a6fc72,19,True
user_e52f8034f5,27,True
user_12d7da100e,0,True
user_d92aa346ce,5,True
user_7a1df53923,11,True
user_cbec0a4e71,11,True
user_c3b37ff63a,19,True
user_c8b67a4c55,5,True
user_ef414229fd,22,True
user_d9548769ba,34,True
user_f159477da3,1,True
user_fb4f2b6cc9,56,True
user_50c3a1c296,9,True
user_aba5feedbe,42,True
user_d3977a40ac,56,True
user_9e96c0c136,9,True
user_4c65cd3dc7,22,True
user_b752df2b7c,19,True
user_9dd6431a5d,27,True
user_25e67521b1,5,True
user_0e1788ae60,5,True
user_fb424a7b71,130,False
user_e0b761f76e,130,False
user_6272bd188d,27,True
user_f0cb61f90d,56,True
user_09f46fcca2,19,True
user_bfadb8b041,56,True
user_c9e764a1ff,56,True
user_3732e722a1,42,True
user_0c348f68f0,131,False
user_9a33851143,131,False
user_31b731bb5c,22,True
user_02e372109c,22,True
user_11e07e10fc,12,True
user_d6101fe2db,74,True
user_279d3053cb,27,True
user_c5d434e769,27,True
user_9dcbba9996,115,True
user_1e38ea7b37,115,True
user_27970c6904,106,True
user_330c23662c,106,True
user_39937acd41,106,True
user_38d4cca6eb,13,True
user_ddaeecf8f9,17,True
user_762b836c97,17,True
user_263b3096e0,42,True
user_82963c2eb9,42,True
user_9cb951c729,115,True
user_bd9b3cdbae,115,True
user_afd5678fd3,0,True
user_ce69bda37f,88,True
user_8f40a0f1da,5,True
user_9cb965f96a,52,False
user_fa3fbcd05e,132,False
user_843762f5fd,132,False
user_7e05832ad6,64,True
user_b05b004fc5,133,False
user_25b5ae9b1c,133,False
user_7d1c8a2f0c,37,True
user_2b1d704560,37,True
user_d1e21bd943,22,True
user_0e9229e3c4,56,True
user_c9d2ab8a2d,56,True
user_da36001768,30,True
user_99a2dc4a6e,5,True
user_a22c7f1be7,115,True
user_10677ef27e,33,True
user_ab2509639d,33,True
user_33e2c121e8,115,True
user_95e4a2870f,115,True
user_bc6a7e7e61,56,True
user_ce67d28bb3,28,True
user_fe367be62b,115,True
user_e6d8734352,17,True
user_72feee5910,115,True
user_dff1b78e09,115,True
user_f505879516,48,True
user_f0ec4642e0,34,True
user_7834a7fae6,115,True
user_b8ca78dd98,115,True
user_4ef127aeed,115,True
user_d4593281e2,23,True
user_e0cd15a4b9,17,True
user_a45f0992ac,115,True
user_afe68e540c,115,True
user_ba32fd848a,115,True
user_0ed026275a,134,False
user_00ab66f3a3,134,False
user_ce492238eb,12,True
user_1bb453303b,58,True
user_dc391f7035,5,True
user_9fa77f24a6,58,True
user_791ca88e6e,23,True
user_0469df9e9e,42,True
user_0de7c4c551,115,True
user_bb5b0d0bc8,115,True
user_2c8f4e9635,27,True
user_52d9be08a9,7,True
user_2535375b99,115,True
user_380eb41a2c,96,True
user_cdc6bfff62,35,True
user_42da13c134,66,True
user_528ed75ab7,66,True
user_09f454f2ea,28,True
user_1b4594fe67,66,True
user_38defa12f7,66,True
user_a07526ed54,88,True
user_2c30164714,106,True
user_dbf07e405b,135,False
user_b512ea0f9e,135,False
user_fb036c6591,88,True
user_abb3924882,16,True
user_45bbce699b,88,True
user_9f1f351c06,27,True
user_30328e0a88,16,True
user_2be5d3b1e2,88,True
user_8610d6645e,13,True
user_e4954ce7ae,13,True
user_b0631c1011,28,True
user_d2943de437,28,True
user_d96909ce62,23,True
user_04070b4f26,66,True
user_ebe0f467f6,66,True
user_4e9f95b370,39,True
user_2b9f50dc71,13,True
user_a489b4e419,67,True
user_8e416ff431,22,True
user_b5dea869d2,22,True
user_8974cdff9f,5,True
user_5111beabbf,22,True
user_e7a1bc6336,88,True
user_077a01359d,9,True
user_6040ad1bc8,23,True
user_54ce08d4cc,66,True
user_156f63729c,18,True
user_fe021a86ab,88,True
user_99222e8f1d,66,True
user_b1c18dbceb,67,True
user_29f3a54888,67,True
user_9f50f05656,136,False
user_ad8b27bce6,136,False
user_350b0869af,88,True
user_5049cafca7,28,True
user_7ad1dfa0ec,20,True
user_c102c0760e,31,True
user_cb737aacbb,96,True
user_419c53d20b,18,True
user_74bf4db037,18,True
user_17942a0e79,23,True
user_b7d910331e,88,True
user_bde8733514,37,True
user_7d575fc4d7,106,True
user_9c03afe75c,88,True
user_ebd7d97222,31,True
user_57426671a4,2,True
user_533db00a74,2,True
user_9397c57614,39,True
user_103e0f0f87,56,True
user_125d9330b4,88,True
user_be1b15c13a,88,True
user_141c81a6f4,56,True
user_6bc6157621,88,True
user_690e1b9da4,39,True
user_5b4e97d242,18,True
user_e94b6c4ec0,88,True
user_3132d2605a,115,True
user_9f28b6b0b5,88,True
user_b35e7ec212,18,True
user_48883be037,34,True
user_8c5885be82,23,True
user_5356e60496,137,False
user_ddd929167c,137,False
user_92f6b2c356,40,True
user_b25c44de88,40,True
user_3343bb9c7a,66,True
user_277c430bc4,67,True
user_bcbf21e996,28,True
user_5d16585c89,106,True
user_61d47cbf1a,66,True
user_4ea17129ba,17,True
user_ff97fc237c,61,True
user_7d897c54b9,61,True
user_542a29d5aa,59,True
user_02bbbab0d2,56,True
user_d7f81762fd,56,True
user_4cd546b029,59,True
user_df902f0cf6,56,True
user_6980000cc6,59,True
user_0c4441d8f7,61,True
user_a37430c33a,61,True
user_0b58af2a35,28,True
user_95d963f1ed,106,True
user_064c760b7a,67,True
user_d9e074f025,35,True
user_8e386ab5f8,27,True
user_a21ec2b09d,67,True
user_861a426b46,60,False
user_81895435c1,28,True
user_b4c9784b6d,2,True
user_d75c5c4691,2,True
user_1ff542ca9c,88,True
user_833807e4af,88,True
user_3bb3606bd0,2,True
user_bf2e944221,115,True
user_49231fc02e,115,True
user_b1b14fea27,28,True
user_4cd6242c49,59,True
user_45de02dc4c,56,True
user_a690d43cbe,56,True
user_47627065a4,17,True
user_be477fc72f,5,True
user_1a369fb2e0,56,True
user_87f308938d,67,True
user_b19784ccc9,67,True
user_87c99b9dd1,135,False
user_eb06629375,138,False
user_7a63cdcc35,138,False
user_4782f9911b,115,True
user_ebd9891ac9,4,True
user_f025d89139,67,True
user_d007839077,56,True
user_1da03fad69,37,True
user_0ccb533966,37,True
user_a4e2508509,56,True
user_f41acaa38c,115,True
user_eecba4d6c6,28,True
user_5056171117,28,True
user_f0dedae9dc,23,True
user_d3dea1d73f,23,True
user_3f1a0236a4,40,True
user_b58b262019,56,True
user_b1894b410c,14,True
user_2e49565da2,27,True
user_c96f8203a9,139,False
user_61451f752b,139,False
user_d64325f39b,27,True
user_7d2da23f79,46,True
user_0a48c266be,23,True
user_9f395b33ed,23,True
user_af5c97c8a4,27,True
user_353014c1c1,15,True
user_df6e7c1be1,15,True
user_a719702586,139,False
user_e39d2ed346,22,True
user_25183778b7,140,False
user_f3b944663d,140,False
user_6e3b88c5cb,23,True
user_ab11e8ebff,14,True
user_d15c6408e1,74,True
user_29b9826429,23,True
user_d0b284b4a5,15,True
user_77445d1d44,15,True
user_73451d2192,14,True
user_cc347f1803,14,True
user_7ae906fa2e,141,False
user_6a4cd76da1,141,False
user_417f256d29,48,True
user_0d6df783ce,48,True
user_75a1d97fb5,23,True
user_7eb4900218,58,True
user_de421f4ad2,37,True
user_eb0de322cd,142,False
user_5c29747374,142,False
user_2676d2042f,73,True
user_6c2a13fe5f,51,True
user_0a17cd662c,14,True
user_765d1b1608,37,True
user_c6b71c6d96,14,True
user_d64e6ace0d,23,True
user_036a106537,59,True
user_8b7580741e,59,True
user_7f272c5c2e,9,True
user_55d2e33075,9,True
user_9d01e2c310,58,True
user_3114cb5c5e,15,True
user_f220334a7b,15,True
user_4132d6f5f8,4,True
user_04c2a3c91e,14,True
user_5e814448fe,37,True
user_1c4980ae3a,15,True
user_9492aab981,9,True
user_b82a94198d,9,True
user_fa447c01ad,15,True
user_3ba374b73e,46,True
user_39692056ab,51,True
user_c1f91a7ba4,33,True
user_71beb25be0,37,True
user_497e105ab3,51,True
user_2e8b59c1e4,51,True
user_4fa5c8891a,51,True
user_8521b8f205,16,True
user_3639abd82e,16,True
user_07692ab84e,51,True
user_edbd8b2c5a,143,False
user_c934a6a837,143,False
user_055abe17bb,48,True
user_4051d51de4,48,True
user_722893a6de,37,True
user_692337a1f7,61,True
user_854f61cbb2,15,True
user_f8f216ee42,42,True
user_c9bb4aaa0d,48,True
user_0ae9477f36,37,True
user_1111391e12,58,True
user_9ebd070b21,144,False
user_00fa31a007,144,False
user_a6b378b6bc,51,True
user_e14ebaba38,27,True
user_b3f766df17,33,True
user_395c8a6f41,33,True
user_c85d7dbc48,37,True
user_42a10e8814,46,True
user_543038c161,42,True
user_fc8f53487f,51,True
user_7e099c14a1,58,True
user_0a962faab5,145,False
user_480304d1c3,145,False
user_74f804dac0,51,True
user_77154b4dff,40,True
user_bc0eba7abd,40,True
user_454a5cb61a,19,True
user_52fcb00c3d,19,True
user_1a182de884,14,True
user_6943e6aefc,146,False
user_ff903c9748,146,False
user_379fe8b893,64,True
user_1bf5f3da26,22,True
user_682939395e,14,True
user_cab4ecb4e5,14,True
user_84983fc206,28,True
user_0fb265c5ff,12,True
user_a60a7217e9,14,True
user_305f39eeeb,23,True
user_a16833c12b,83,True
user_9548423ca5,83,True
user_83d08b2298,147,False
user_111bf3eb42,147,False
user_786f647eca,31,True
user_53ff43cf78,9,True
user_2885709015,14,True
user_c0022c20f7,5,True
user_efa622dbc1,59,True
user_d1906974a6,23,True
user_04bf1cb2a4,19,True
user_b8de4f4e63,12,True
user_64b56c7fde,12,True
user_f2411ab10f,22,True
user_97266752fe,59,True
user_41c44c0ff4,19,True
user_c5b2d6bb32,31,True
user_aa2c4b6226,23,True
user_b28c0f20ca,100,False
user_fb3aae753c,31,True
user_4e698bd986,22,True
user_c28890722d,23,True
user_2c3853e141,27,True
user_f8ba767e86,31,True
user_98e3ff7366,147,False
user_1b79d6b06c,59,True
user_6a079ec92c,59,True
user_a5a59a741c,148,False
user_bd3741c198,148,False
user_1e5e24019f,28,True
user_7519e6a562,22,True
user_a4b9be4e0c,59,True
user_1607da8422,23,True
user_8cbd7cbaea,27,True
user_71798205a7,27,True
user_b539d387ce,31,True
user_d1c0190067,22,True
user_b90af301ef,149,False
user_900d41f339,149,False
user_1748a6c6a3,27,True
user_6cada03746,31,True
user_e39f09136e,150,False
user_a3b737c3ba,150,False
user_9c55f49ade,22,True
user_aa9379f1bf,14,True
user_ee3eb470b5,14,True
user_a55190fd01,96,True
user_63b21a1ef7,151,False
user_8cc0d1bfdd,151,False
user_96072373a7,27,True
user_c9553eab2d,67,True
user_fef96c499e,152,False
user_5d0e2a0a1f,152,False
user_1e2d36f096,23,True
user_16987152f9,23,True
user_15d9d2ae81,96,True
user_28587a3fac,27,True
user_89e8115f51,59,True
user_b9ffab1b8c,59,True
user_e940e51fb4,59,True
user_a9e8cd69b8,22,True
user_6798376266,23,True
user_3d609597a3,28,True
user_9a27044c51,28,True
user_94e001672a,27,True
user_466de67419,5,True
user_62626805ad,59,True
user_73661c5fd1,5,True
user_342c29bfa4,64,True
user_d55d5e8d22,13,True
user_07380ce2ef,13,True
user_eeca9677ad,96,True
user_b2871b9b76,31,True
user_1585a0a464,153,False
user_0159675db9,153,False
user_eb735506d2,13,True
user_ec14ed7295,13,True
user_26bb256f48,88,True
user_e775070de0,80,True
user_2bf74ddf6c,33,True
user_aa856be044,33,True
user_5c5fabca3a,14,True
user_3e5dbf4b28,18,True
user_c5b37b3a4a,33,True
user_9dd2b63202,27,True
user_fb4f22628b,96,True
user_97171600bd,96,True
user_02433d2485,13,True
user_03d4b3962f,5,True
user_814fcab91c,59,True
user_a71c9f3f9c,5,True
user_24e56def0b,83,True
user_7c27405d6c,83,True
user_8f87fd89e8,31,True
user_b6788af815,7,True
user_949b9a09c6,27,True
user_3f51a8f329,27,True
user_48f16ce9e8,80,True
user_6d6347b9fa,80,True
user_8f00b23deb,154,False
user_5650c6285e,154,False
user_1bdbd3182e,40,True
user_e898195e0f,40,True
user_5229595919,9,True
user_751495de1c,9,True
user_960e318bf9,96,True
user_3eec6b151a,33,True
user_b217303448,155,False
user_f303a862df,155,False
user_75a05ffca4,156,False
user_458d3fb474,156,False
user_95db562195,157,False
user_ad3f0a7ecf,157,False
user_b4b1519400,59,True
user_bf88b1db79,33,True
user_47cf65ff62,59,True
user_e0ac5ff1af,31,True
user_15316e4718,31,True
user_d91df4273b,12,True
user_770a5a044c,0,True
user_49519e0337,96,True
user_7f1336cd2c,5,True
user_ddbef9c26d,106,True
user_9a00973f89,58,True
user_035dfb2c11,59,True
user_506ce4f61b,27,True
user_b28a84115b,59,True
user_bcbb849747,28,True
user_a6803e3f85,28,True
user_576253e8e6,37,True
user_cb30b16f23,158,False
user_d2e6b4d333,158,False
user_1a8e396147,14,True
user_f246dd66af,14,True
user_27a72abb4b,59,True
user_5f3d8066f3,88,True
user_0615f6dbb9,42,True
user_4203aea3ec,30,True
user_952aafd6dd,11,True
user_100250802d,11,True
user_a2a3b33ebe,11,True
user_f5e40c227b,96,True
user_ee6b561dea,11,True
user_ee1e0b4b1a,11,True
user_807161df2d,5,True
user_50b8978de5,27,True
user_e8a0cf8e97,11,True
user_1c4cc2f0e3,11,True
user_1ea1200427,11,True
user_66dd0ce9a4,56,True
user_3011dcbb5b,14,True
user_654a6c03fa,59,True
user_07492de732,0,True
user_3e47dad0a0,11,True
user_47e7de5870,27,True
user_0c5355b802,11,True
user_de9dab006b,11,True
user_2c37bbee5f,59,True
user_be2af3d8f9,11,True
user_492f894fb6,11,True
user_6a351ad302,5,True
user_93e1440e3b,11,True
user_b5e3ca8423,42,True
user_8e984940cf,5,True
user_fd227ff91b,11,True
user_53b1829312,22,True
user_3911aed9c1,40,True
user_62e781d2c3,40,True
user_048cc3b3f4,11,True
user_077676b41b,88,True
user_acab47bcc1,11,True
user_fb29fb9ec7,39,True
user_e6f652f950,42,True
user_834a40b022,42,True
user_6683842d2c,56,True
user_5fb63641ad,11,True
user_d1377efa09,11,True
user_0a6fe4d63d,11,True
user_64c0116254,11,True
user_941071f12c,11,True
user_3a3d2e9d12,159,False
user_41d328107e,159,False
user_26e12438b7,11,True
user_cd2fb480bd,11,True
user_53bda180af,56,True
user_dd4e90dfb0,4,True
user_d6a4c6baf2,11,True
user_1f3de153d0,40,True
user_7638490db4,80,True
user_d6052a4acd,11,True
user_2865fdce0f,11,True
user_d8b6b28169,11,True
user_f34819e5c7,11,True
user_da8e1a9a25,11,True
user_3bafcb5b95,11,True
user_5723e80308,64,True
user_71151b2bf4,14,True
user_e6854315aa,23,True
user_238917213b,40,True
user_5fe3a767a1,40,True
user_a8342f0214,66,True
user_278707a4e9,33,True
user_2916b147a1,40,True
user_14c5a8f7b2,0,True
user_d4c82a133d,160,False
user_b278a5bb68,160,False
user_95b6010015,159,False
user_44659e48d1,51,True
user_5c04b30e54,37,True
user_bcbf6faf1f,11,True
user_4c097b73dc,11,True
user_d5324aec0c,4,True
user_8687a24af7,13,True
user_262f550df4,37,True
user_fb2d0b3ce4,13,True
user_e847ecce65,39,True
user_a7a7ccd166,39,True
user_9ab7f09758,67,True
user_322423da56,67,True
user_e78460a9cc,5,True
user_f0249f5609,11,True
user_c14f93d0a6,161,False
user_ba8cef3640,161,False
user_15f2ebc651,13,True
user_1c8bae76d1,27,True
user_178b4b64b0,96,True
user_d833d9314d,96,True
user_6915d51a9d,27,True
user_dfadcdd1a3,11,True
user_0bea058084,11,True
user_f2d7741542,162,False
user_82b9a38f0b,162,False
user_876bd5651a,80,True
user_bdc840102f,17,True
user_110f3ef953,17,True
user_0a215e0257,67,True
user_8d10eb73c6,11,True
user_289b9e0157,11,True
user_0a4fab40a2,28,True
user_7e6b93f760,115,True
user_7c95f0549a,37,True
user_affea81f28,37,True
user_583930b58a,11,True
user_6b960f8606,11,True
user_4a01b1cbeb,12,True
user_5a89e227ac,163,False
user_7ffdac3752,163,False
user_9d390834cd,14,True
user_e3e6126340,14,True
user_a737c73c68,19,True
user_8035586ada,2,True
user_4410006b18,2,True
user_ef6af6542a,11,True
user_ebb6fe6794,14,True
user_1c83cdc5c0,34,True
user_d3bda0d500,11,True
user_c2e6fcb4ab,11,True
user_eb51682f3c,9,True
user_b899a380cc,11,True
user_7ce1adcb69,164,False
user_335794bfde,164,False
user_3faf20f2a2,11,True
user_c48c9f1cee,42,True
user_450d2ef83d,165,False
user_91c0b4804e,165,False
user_d6ea30385f,166,False
user_98114e9caa,166,False
user_7684d6859e,23,True
user_68adf48d66,5,True
user_cae73f125e,27,True
user_bc0e0c7b0f,11,True
user_bd168f3f80,11,True
user_856c3d8365,15,True
user_b17b7e35e4,167,False
user_5948563620,167,False
user_2a6cfcb3eb,1,True
user_66c66fb8da,66,True
user_300aa42d9a,11,True
user_27449f469c,42,True
user_6e9b741d94,42,True
user_b12c839e2c,23,True
user_807473e633,5,True
user_8d9ab363ca,168,False
user_993ba96fdb,168,False
user_d557342c37,22,True
user_19fd4dc7b8,67,True
user_c31a326a96,20,True
user_8bb5e284f1,20,True
user_1124c69fb9,169,False
user_5a15d3b519,169,False
user_edd2ac3d6d,22,True
user_783fae8174,67,True
user_1dff2dd8d6,0,True
user_e5bb19e898,170,False
user_e938c1fc27,170,False
user_860a66c8c9,11,True
user_b3843b9070,115,True
user_562cc84a1c,171,False
user_3a1b39149b,171,False
user_c60522369d,27,True
user_76a4021334,106,True
user_887924d7f6,106,True
user_e5b16bca3a,67,True
user_e971ff22b5,16,True
user_5b29e1b38a,106,True
user_2fd901802f,59,True
user_f131cf0b35,28,True
user_43c3675d0a,11,True
user_bdc0fe0168,67,True
user_b21b560170,67,True
user_b028eba659,0,True
user_8d27873c16,172,False
user_32b9a6f0f9,172,False
user_5f335fc674,66,True
user_35a9dcc899,17,True
user_2e6a97296c,67,True
user_041807c1c6,67,True
user_08b1ca6e28,17,True
user_e985154bcf,80,True
user_e846cb883f,22,True
user_de1ba0a243,14,True
user_81daa305e1,74,True
user_c5a9f0d634,74,True
user_88e27cc6a7,0,True
user_8349692d80,88,True
user_6460aa2f95,88,True
user_8e461ab6e9,73,True
user_e50d7ba603,11,True
user_55450165f7,96,True
user_623c670869,67,True
user_ecd076ea1e,11,True
user_7a5557da70,80,True
user_ceff83d102,73,True
user_322b2e0ad4,11,True
user_03446ebddd,33,True
user_7341b2127d,11,True
user_dd30eca02a,11,True
user_2e23863795,0,True
user_6968ed24c1,0,True
user_7d2897c970,39,True
user_3b9191b95f,67,True
user_1f46733059,0,True
user_f1ebe858ea,88,True
user_773c39808e,59,True
user_084ccf22bf,173,False
user_cd4c715846,173,False
user_a75c7ca078,73,True
user_eae9d92fd9,67,True
user_433264da78,19,True
user_8c87230f8c,23,True
user_fd96fe2e99,11,True
user_0b435cabd3,4,True
user_0f6a45bb02,31,True
user_6b699590b7,11,True
user_d2e476375c,67,True
user_1de56526ba,64,True
user_971f782283,27,True
user_fa6c5327ad,27,True
user_5330a6647a,80,True
user_68e67d0699,28,True
user_b25df901d6,9,True
user_8b5356a002,1,True
user_2ca9b24eaa,67,True
user_87a81f3887,4,True
user_bbb6cee0c9,66,True
user_3d4081ac65,46,True
user_f13503d13c,66,True
user_123cf54b35,11,True
user_c4406dca72,11,True
user_11df03bb07,31,True
user_7fcf6ec8d9,2,True
user_5104056974,19,True
user_6f01e49265,11,True
user_ab320ae0c6,67,True
user_355adacd18,4,True
user_4e8e1888bd,4,True
user_8ede542633,174,False
user_8b7c78c6e9,174,False
user_21fa7d0ee3,18,True
user_aa4c44fb45,46,True
user_50f539aafd,7,True
user_7d45b56742,67,True
user_0c3580073f,80,True
user_a047907186,80,True
user_7abd83590b,17,True
user_08be5b24d5,46,True
user_38d6a50482,46,True
user_42973d25c7,66,True
user_ad546602fc,5,True
user_e9f558ab85,64,True
user_ae2831baba,64,True
user_1bbea62ea7,46,True
user_0ae2d458cd,23,True
user_490079d132,27,True
user_4600298c8c,15,True
user_eb697d00cd,46,True
user_c7bb93c8da,12,True
user_12d7c4f32d,12,True
user_c1bb99eb1d,58,True
user_c024345431,33,True
user_7a545a9484,58,True
user_de6856b48a,46,True
user_2a906b2988,46,True
user_93a25d1e30,33,True
user_e9feab075f,33,True
user_706e3d26b9,42,True
user_4c50735455,175,False
user_131ea1a754,175,False
user_cff7fd7b73,176,False
user_dd7cf340e1,176,False
user_5278b69652,40,True
user_e0a04e89c5,58,True
user_bf6990ed6d,17,True
user_f714d30adc,67,True
user_ed4f84b940,18,True
user_6092d17fdf,15,True
user_3140e2d1b6,80,True
user_308359c769,80,True
user_f57701672e,67,True
user_5a639f039d,177,False
user_2d106cc011,177,False
user_439e50ff7f,9,True
user_7d92fb1210,35,True
user_a6eb9e344e,27,True
user_fb8f4dbb71,115,True
user_f600cd6732,115,True
user_8e12f41769,73,True
user_ef518e908e,115,True
user_df3e2e4676,2,True
user_26d8057e97,2,True
user_940861bd9f,11,True
user_45252267ac,7,True
user_ef688927e6,17,True
user_4813d93e82,7,True
user_8ecd58ff04,2,True
user_ca07899793,22,True
user_952c442f53,16,True
user_5ebb80cb6b,16,True
user_890a76d54b,178,False
user_5ff4e24b2c,178,False
user_e9baac5af4,7,True
user_fcba119459,7,True
user_14467cf93d,16,True
user_6d887f136b,16,True
user_8c943a69ad,146,False
user_9b52697b77,9,True
user_7427f049b9,7,True
user_7b5267142a,64,True
user_1d93a361c2,19,True
user_ed671af78a,19,True
user_b4cdb5991d,7,True
user_c7d88acaa9,7,True
user_fedc4eb22d,67,True
user_064a76d900,16,True
user_33a1546dd5,179,False
user_b9d69e0f7a,179,False
user_523f46aa49,7,True
user_7efccce37d,180,False
user_4c32491ce8,180,False
user_d6b64c74fb,9,True
user_739067924b,74,True
user_dc4b5bc9bf,74,True
user_5fd71ae89a,7,True
user_ce2793dc1a,9,True
user_f91528ab5d,11,True
user_ac34ce4b98,19,True
user_5c9fb3c259,7,True
user_7a6969b07d,33,True
user_64ccdd95ae,33,True
user_dc4852cbc2,0,True
user_db348ffbdf,0,True
user_61237095f5,5,True
user_7179fd3f15,181,False
user_7b2625fb5b,181,False
user_bf664f1598,182,False
user_b359e9820f,182,False
user_f2673134c4,0,True
user_96fb454502,66,True
user_954f7998d4,16,True
user_2e38365294,19,True
user_19de5a46e8,2,True
user_594c85f4a4,19,True
user_0553512574,171,False
user_64cde38a8b,11,True
user_9c8639384d,66,True
user_5b19b807ff,9,True
user_0cc6e831d6,16,True
user_6a474d8a92,11,True
user_fbae8a0131,5,True
user_70debca215,5,True
user_13790859fe,2,True
user_d92268515d,2,True
user_f4a13783b7,7,True
user_793d1cdb43,27,True
user_87577a8066,27,True
user_bf7b7d6735,88,True
user_98a0c51c2c,96,True
user_d54a2271d7,7,True
user_babb7941fb,5,True
user_8f67e64c0e,30,True
user_c686fe8ca4,18,True
user_371735b167,18,True
user_39839bd882,11,True
user_87ef771fa1,14,True
user_875d7b3f9b,66,True
user_63cb294229,4,True
user_32341e3817,11,True
user_c8ba8053d0,74,True
user_d5685ff9d4,183,False
user_90c55abe7a,183,False
user_669f87ecad,4,True
user_85478f6771,4,True
user_6f47b6a356,115,True
user_b64003d618,16,True
user_c46d044155,16,True
user_9aebeb64da,4,True
user_afabc3e274,31,True
user_7eb0744eab,67,True
user_e0eda04454,11,True
user_87ec67fbae,37,True
user_c5bffc08a7,37,True
user_ab85b7442e,40,True
user_cbb5703b77,11,True
user_d84f77a791,27,True
user_fa95b5dff2,0,True
user_7ef5b1b1cb,66,True
user_215b9539a0,184,False
user_36701a6ef0,184,False
user_3eba52cb73,37,True
user_d8f3f52821,37,True
user_06155e4148,0,True
user_c3de6170ab,15,True
user_aebc987f4a,7,True
user_4f49e1299d,9,True
user_75727c9dc5,2,True
user_0806397aaa,2,True
user_ab6b2b82f9,9,True
user_484f116dec,12,True
user_30650760c9,37,True
user_61241d70ae,42,True
user_bd372b477e,185,False
user_6715831d9d,185,False
user_ae7976dcd2,27,True
user_d422a19ab3,186,False
user_f2a1c391c5,186,False
user_07c6a6f687,187,False
user_9766f8171e,187,False
user_92217644f4,96,True
user_59cf6cd1ba,59,True
user_aa20d7186a,37,True
user_027c95b02f,37,True
user_18f7581d62,31,True
user_6e6378fbd6,31,True
user_bd19ed4ef2,80,True
user_d00e42b09a,7,True
user_a633f0d9ec,7,True
user_80aa3696cb,37,True
user_08157e7d94,14,True
user_c5810559ec,64,True
user_8e73293f1e,9,True
user_6ae8240d85,115,True
user_a0de00198b,7,True
user_b78ceb4297,7,True
user_ec771eef08,80,True
user_3111f90338,80,True
user_7cd2849d47,7,True
user_764fb18b5d,188,False
user_a556bf243f,188,False
user_3e7bbe314e,67,True
user_85c58d0790,27,True
user_ce97409bf2,9,True
user_0e125f3c71,9,True
user_fc1d82bfa6,28,True
user_2f8e8998d3,61,True
user_f847c94785,61,True
user_4f9780b1ac,15,True
user_63b5495c33,15,True
user_f64bbb8574,9,True
user_0efc35961a,115,True
user_6a261652a7,27,True
user_bae3f262af,22,True
user_a065ddf69f,115,True
user_55ae625467,9,True
user_a929ca8c39,30,True
user_d1bbb11267,30,True
user_9d97e928d8,1,True
user_06b4e5d071,33,True
user_a6e3109d26,7,True
user_a95b5434f1,22,True
user_50de33108e,66,True
user_5198cab612,80,True
user_39dd2bb2f1,23,True
user_7311b12294,23,True
user_7bb9dab6a6,67,True
user_1942bd14c9,20,True
user_31570263e3,20,True
user_82da71011a,23,True
user_f2bbe11133,17,True
user_88065d55da,23,True
user_f27c37bc19,46,True
user_6f98c7ea6d,19,True
user_4390b12aff,83,True
user_ea267f4661,9,True
user_a26f1d341d,9,True
user_22d407a02a,9,True
user_f3582a1e04,17,True
user_6ba2a281cd,16,True
user_85c40bb818,189,False
user_20aba501b7,189,False
user_bd48e382ef,9,True
user_7dd345d9dd,28,True
user_4106327d3f,17,True
user_dcb875078c,23,True
user_13beb725e4,16,True
user_00979774dd,17,True
user_88520818c1,17,True
user_be5cb95df8,23,True
user_b017acd845,23,True
user_74a7aecc63,80,True
user_5e2f9c9181,17,True
user_07c93d752b,59,True
user_051558ce79,56,True
user_5ea02b3085,56,True
user_da7868be57,17,True
user_1c9523479b,23,True
user_f60eaa057e,23,True
user_cf3e37b3e6,28,True
user_1204d81575,115,True
user_67746158c7,61,True
user_d7dbffd09d,11,True
user_9a9b69093e,28,True
user_9a3541c4a5,37,True
user_961161259d,28,True
user_759fc6893b,0,True
user_76fb45c968,23,True
user_6292de9399,61,True
user_5ad809d4e7,14,True
user_99ba3eda44,31,True
user_a89099269b,40,True
user_15df3a5ff8,96,True
user_1bb96a1f10,20,True
user_418da77e7a,37,True
user_6ee0e64618,11,True
user_d28d5d864a,23,True
user_6a3aab8e74,5,True
user_200b7438fa,5,True
user_ea368e1118,9,True
user_bd93e901de,7,True
user_f8b7a84f79,31,True
user_36f2df4ea5,96,True
user_285ccf7ffa,56,True
user_d7c7e5bb94,14,True
user_5fd131b12a,22,True
user_953615d045,23,True
user_7b54bfcecd,27,True
user_3a51ac316c,23,True
user_62cb5063b6,35,True
user_df1d26363a,35,True
user_db68c37458,28,True
user_b559b379da,7,True
user_8ce70d36fa,42,True
user_9518201f22,42,True
user_7f2ac59622,12,True
user_e6977edf87,27,True
user_c9ded3f36e,58,True
user_d8f5b075a5,58,True
user_ea8bb49a2f,67,True
user_68c87029a9,27,True
user_7b5c16eecf,83,True
user_f1cab2142b,80,True
user_e9892c67f1,64,True
user_66cface9df,66,True
user_2747951ce2,66,True
user_6abcb66d7b,190,False
user_28780d51d7,190,False
user_cd360f5588,22,True
user_9750150fa8,5,True
user_b0b72a447b,23,True
user_2a97b3dd36,64,True
user_53bd1e18df,0,True
user_83df5ccf0a,9,True
user_e77c724ed7,191,False
user_164d33f58f,191,False
user_141363b42a,46,True
user_9d9bb0df47,46,True
user_118203f599,46,True
user_e7938f1c57,46,True
user_6aea671401,64,True
user_48ae1ab094,42,True
user_f0d0748e8d,61,True
user_27eae48a24,61,True
user_8111667f06,35,True
user_7d70d75349,192,False
user_7611ef70f0,192,False
user_9c1a273ff8,96,True
user_f65b0d451a,96,True
user_d57f8da6ce,30,True
user_d05cab31db,61,True
user_f633017275,42,True
user_5a8ce21bdf,193,False
user_be1d73afc4,193,False
user_f6f531b9c3,35,True
user_8b8ad4cb7c,51,True
user_d80682b0f2,61,True
user_f4e9e7cb65,61,True
user_cfae6ca88a,48,True
user_23ec49ee88,64,True
user_e0dfa00352,64,True
user_9cc1618c25,11,True
user_aafc01f4f4,42,True
user_e6054465ce,42,True
user_77df292e26,61,True
user_a1a42715ce,4,True
user_7c7f46f3f8,4,True
user_fa417782c0,64,True
user_7860921961,42,True
user_315428f0b2,23,True
user_5c1480e269,64,True
user_3221f71c8b,61,True
user_bcbf8ad788,17,True
user_6e1456d84b,17,True
user_a7215adaa0,23,True
user_1b7b1d4042,42,True
user_1c6e69cde9,27,True
user_1a333b759b,35,True
user_71e29c9975,14,True
user_097f360fdf,18,True
user_461e35e339,18,True
user_f0570f210d,0,True
user_066bace305,74,True
user_6ac9459f1c,61,True
user_2a4f7b8125,61,True
user_0a9a07dbd8,42,True
user_4692d76cb9,42,True
user_b3df31c0dc,20,True
user_fd47d2009c,194,False
user_dffa275dfc,194,False
user_4038d04f54,42,True
user_4aeabb1b7b,42,True
user_ee214357b5,31,True
user_9c2f330827,83,True
user_736ef63fd5,83,True
user_52f724badd,96,True
user_2888ae3e40,96,True
user_1b118b1def,42,True
user_546bcf97d4,42,True
user_8d4d9ea0c2,7,True
user_bd0edb3b6c,42,True
user_0f0cdfb6d2,83,True
user_f32d5f70a6,22,True
user_7ea461d01e,115,True
user_cb12bbb981,115,True
user_4c7b119ec3,28,True
user_b4154ebd41,83,True
user_a1767ab40b,83,True
user_979cc0ca16,80,True
user_502ded97a4,28,True
user_5e3f6957ee,42,True
user_fa05e8cf21,74,True
user_6464957dab,40,True
user_f4019d8360,22,True
user_c2a13c0927,61,True
user_89dc76bfec,67,True
user_930e0ff0fe,67,True
user_2ba112fdea,195,False
user_97f663a597,195,False
user_2500536271,11,True
user_06b8891ef3,115,True
user_99abbcbfcb,61,True
user_bdbba7aa80,42,True
user_cd89bc89e8,61,True
user_5c1ac25b92,4,True
user_b3cc79927e,42,True
user_893ecb4e4a,61,True
user_81a8efbe9d,20,True
user_dd04aeb51d,61,True
user_5af88591d1,5,True
user_d92a6f8b91,115,True
user_915c5d6997,115,True
user_3989f7681a,11,True
user_834172a6fd,67,True
user_0ef6c050e8,5,True
user_c0542100a7,15,True
user_4b67468a64,4,True
user_df0c83c791,4,True
user_0e3006b890,11,True
user_d21fcbd23b,61,True
user_1264fcc0df,28,True
user_6b110b7a1e,196,False
user_1a81bd33b6,196,False
user_28f4d618a2,61,True
user_2f45e2404d,61,True
user_baf5348d4f,196,False
user_8437c5bae2,61,True
user_f7de0ddb0a,115,True
user_45529bd73b,115,True
user_448f698cf3,115,True
user_267f77d056,27,True
user_e1b43c22dc,115,True
user_ed1a58e5e4,40,True
user_50ef97ad61,115,True
user_c72cb1dafc,80,True
user_aaea642dab,115,True
user_700b94057a,196,False
user_e7c7ed6ab8,35,True
user_77573d2950,35,True
user_be1f45d66f,115,True
user_e8fc2ea814,16,True
user_054db3a34e,61,True
user_e0dabed374,4,True
user_6b786b9c33,4,True
user_6b68eaf1c1,48,True
user_0be437868e,48,True
user_a992e0aa14,9,True
user_e337f810aa,9,True
user_e637f509e2,67,True
user_7621355e7f,67,True
user_aad8211b09,197,False
user_a6563a7c0b,197,False
user_2c43e537a5,27,True
user_31963d0989,37,True
user_807a649233,40,True
user_b397429c0f,40,True
user_087d9215e0,61,True
user_0a63034c96,67,True
user_39c1ea146c,67,True
user_3d609b786f,59,True
user_f46f27ea3f,198,False
user_89f66664d4,198,False
user_7c2af3034b,61,True
user_3b478064ec,27,True
user_73bf40f88b,14,True
user_4979d8f982,23,True
user_71a99184bf,199,False
user_2cb7e9ebc6,199,False
user_2dfc240e87,61,True
user_749abf6afc,200,False
user_8a71700f0d,200,False
user_c9f01ad214,51,True
user_c7453cd57b,51,True
user_5434dbb953,61,True
user_3f711cae1e,4,True
user_7a010c9fc0,4,True
user_755cb35063,0,True
user_ebb132c476,9,True
user_dedc441ce6,88,True
user_e3b9e1f49c,35,True
user_fc646decee,2,True
user_a76ab820ac,42,True
user_c23b8db8d0,201,False
user_094fe15156,201,False
user_d01c50e91b,74,True
user_0486c409fe,2,True
user_cf5e878ab8,4,True
user_967a72645d,22,True
user_bd5309a442,4,True
user_35869bbdef,64,True
user_b6b7320467,196,False
user_a94a541a2d,202,False
user_eb05b227a7,202,False
user_cb3539da9f,17,True
user_e4f731289b,46,True
user_b67ea021b2,80,True
user_4a3d0b758b,196,False
user_1570236e91,22,True
user_2255f81329,83,True
user_6ae7d0e095,4,True
user_5eb6c2e68f,7,True
user_c280f0b458,196,False
user_d59180fced,203,False
user_981821cd3b,203,False
user_e5857b3e17,80,True
user_2700ffa87c,59,True
user_b2e90905dc,33,True
user_bf6f7cb606,40,True
user_0724ac9a30,204,False
user_6e9cfcbd00,204,False
user_feb7f7e521,205,False
user_ae3a369d48,205,False
user_b8944e011d,67,True
user_6fbcd447a8,67,True
user_bf3aba10e3,33,True
user_35b7d36454,61,True
user_1a3ba2e9c3,206,False
user_e0d1eaf3bd,206,False
user_e8e8551ce5,207,False
user_fb66772711,207,False
user_030b48adff,28,True
user_95ddedcf25,18,True
user_0d155e8501,18,True
user_b91e769810,33,True
user_c90e184cbc,46,True
user_4a84f67c01,33,True
user_2643f958d1,33,True
user_5417710fee,4,True
user_4a314674c7,51,True
user_d5cba3f798,23,True
user_1cdcf84bb0,30,True
user_740773dcc0,30,True
user_0cee2badcd,2,True
user_dd8ae04d30,23,True
user_83ac51ff88,208,False
user_099e9171d3,208,False
user_faa3113326,74,True
user_e8efc2ca73,27,True
user_d2d7904818,27,True
user_8ecadae2b9,27,True
user_7fd729dd53,28,True
user_b26ae684d5,96,True
user_cb571ca2ee,80,True
user_e3d9851204,27,True
user_1e24313200,4,True
user_e2480fe47b,33,True
user_0797022772,1,True
user_a5f90ad561,209,False
user_3c4e40ae72,209,False
user_1a804f4ac7,51,True
user_dccec90d9e,27,True
user_07fdd9f46e,4,True
user_d950f257bd,27,True
user_d18c81435e,59,True
user_2edaa4be31,27,True
user_7800320eda,210,False
user_4b7884c184,210,False
user_42ca26a106,27,True
user_a5d8b9a4c5,4,True
user_bc6afcc3ea,11,True
user_229fba33de,51,True
user_4cf17ea551,12,True
user_d93f94dddd,33,True
user_30d8156109,14,True
user_454b646d5a,33,True
user_769d95064f,96,True
user_47fafa6dfa,51,True
user_32e6a2b05b,23,True
user_4d4aa24a0c,17,True
user_147c874b2b,119,False
user_2d4d74e76b,28,True
user_f24d807ef1,28,True
user_f8392c86cb,33,True
user_d967efd907,4,True
user_967d197d33,30,True
user_d2b7b6c547,211,False
user_9ae0d48292,211,False
user_a8148c3b40,48,True
user_ef36a1827d,48,True
user_5e656f84a5,5,True
user_bc16296884,28,True
user_1f5017203c,5,True
user_52b44f9e99,80,True
user_10939cee28,58,True
user_bf8cb4eeff,28,True
user_6fd09df9ac,56,True
user_539f761ba8,56,True
user_c2e57ace07,212,False
user_e1ab679d38,212,False
user_8a7cf40143,4,True
user_cce873b0a0,115,True
user_00df155a69,42,True
user_d1a2243574,64,True
user_940bc6327e,48,True
user_5e7a02a7de,27,True
user_00e982233f,64,True
user_7fe6f8d061,56,True
user_39f46cd5e1,64,True
user_f91117cb1d,18,True
user_613eb3880d,58,True
user_68fb3c2e9b,213,False
user_568497e5a0,213,False
user_a34e51faba,48,True
user_eb3f608c61,48,True
user_949e39e4a7,42,True
user_de6e9c4635,48,True
user_dc789faf6a,11,True
user_ab49da800b,48,True
user_f938a7a8b5,48,True
user_88b4a40156,214,False
user_280f235504,214,False
user_b5cf6cfecd,48,True
user_4d28970359,27,True
user_eb95d67f11,48,True
user_01eb12684e,28,True
user_5d6485963a,48,True
user_ef2fe96ebe,12,True
user_c7813f1486,27,True
user_1005745c6f,48,True
user_5c28c3b580,42,True
user_541b3b6c0a,48,True
user_e76599b1b1,28,True
user_a3c3ff4bfd,215,False
user_3aa6da58a2,215,False
user_02c4698528,216,False
user_db2f8c3dcf,216,False
user_89e998aa4a,48,True
user_cc4b349d3c,4,True
user_1f0d7dc30c,4,True
user_dbc8f6a199,5,True
user_cb85a85046,58,True
user_834a4fcb14,61,True
user_1704a7c2ba,58,True
user_16208f2c5d,28,True
user_8ca72e3af4,67,True
user_f6cb9b2251,67,True
user_58e6bdb823,19,True
user_f24a6a7ec3,48,True
user_9480616ba2,61,True
user_13ab571886,115,True
user_9a51580eaf,217,False
user_604833548c,217,False
user_6a7253561a,56,True
user_cfeddb416b,58,True
user_c2814f2203,218,False
user_7f2b1afc0f,218,False
user_7e0cd7437d,48,True
user_c7fe61a9ef,0,True
user_5537fc2967,73,True
user_b7e358ff74,73,True
user_2b628fcd08,22,True
user_86eaa745bc,0,True
user_224580d8c1,219,False
user_2dd34bcab2,219,False
user_6bf48e0732,48,True
user_959a82bffa,115,True
user_91eb6f2d71,67,True
user_ad64fc3a6b,0,True
user_6cad5c21f5,15,True
user_d4f416581f,18,True
user_a0519e73e5,15,True
user_6fc81c10c5,0,True
user_943b14444f,83,True
user_66148bef18,46,True
user_4397c3f85b,46,True
user_acc15e5f7e,115,True
user_41690e9edc,217,False
user_dac0944618,0,True
user_545dfb8e9d,12,True
user_556fe23e38,220,False
user_e868bbe588,220,False
user_2e95309cd6,4,True
user_9518b005f9,4,True
user_d457178727,221,False
user_a398d9e9a1,221,False
user_03ab00ac46,48,True
user_8e7e008b28,115,True
user_34db307c7f,64,True
user_47285aac60,96,True
user_4c3229184e,0,True
user_09563e04ef,0,True
user_9deccf7f02,23,True
user_acdbf540fe,83,True
user_0307eb14b1,23,True
user_18cafb1e22,83,True
user_cb7a21519a,48,True
user_87979a1aa7,28,True
user_1203aa44b9,27,True
user_6f59c4d456,48,True
user_51e05ec12d,5,True
user_7316aaad58,5,True
user_032bf5cdb4,48,True
user_bf15824d1f,0,True
user_9484631fb6,0,True
user_c7974c89c3,64,True
user_dfd6e81d14,48,True
user_4c4ab16d55,11,True
user_56afb22969,61,True
user_fa4787cdf2,48,True
user_5c2677989e,0,True
user_d9ea23b3a0,64,True
user_60a14a3315,37,True
user_1daca819ca,67,True
user_fcdd8e7291,19,True
user_6e0b160b16,19,True
user_9904c42119,27,True
user_4d9246b5ea,96,True
user_ba7a48cc26,0,True
user_85303fa201,23,True
user_088383885c,11,True
user_390dd7c090,0,True
user_3d68081439,28,True
user_93b7ebc19f,64,True
user_266041e0dc,40,True
user_296d6afc37,1,True
user_ac87d8c210,222,False
user_e1b0f95376,222,False
user_d5cb39fa2c,80,True
user_3b263640bc,80,True
user_ff85921064,5,True
user_f078c516e4,80,True
user_a7bef43d09,48,True
user_7a697fdce4,223,False
user_b97797c2db,223,False
user_7ae489bcee,27,True
user_806afcc0f5,59,True
user_54f69f2dbe,23,True
user_c46a860c7a,73,True
user_85f9d5cc6a,23,True
user_89076c5aaf,23,True
user_8012d51bbc,67,True
user_7247b70c17,28,True
user_a7aa1dd38d,224,False
user_f889c5d38a,224,False
user_90a0884c85,23,True
user_80ab892660,225,False
user_04ed4d4bb3,225,False
user_bf760c07ce,19,True
user_6c0fd8f9be,61,True
user_4e3303e540,9,True
user_ddc44cb653,23,True
user_eadc02bc09,56,True
user_357b7b76b9,7,True
user_648ceabba7,7,True
user_ab1eef141c,23,True
user_da74c1d579,5,True
user_3f29fb54c5,5,True
user_28dc1d31b5,48,True
user_d7c5e39119,23,True
user_2df008d035,30,True
user_9ad824f884,59,True
user_6109d54032,226,False
user_dab4360f59,226,False
user_6e52aba634,13,True
user_b2b22735f3,13,True
user_69d3adb7e1,96,True
user_4c4c3b99a2,4,True
user_a0527a966f,0,True
user_7dd017e1a2,0,True
user_cacc72c181,23,True
user_2fa9d8ed5e,4,True
user_b15406f735,12,True
user_06e3ee354e,35,True
user_637d5dd780,14,True
user_09fa186451,14,True
user_69e80d60e4,61,True
user_74427d7c0e,23,True
user_62945fb524,58,True
user_52a2f2df96,58,True
user_a60f3a6be2,58,True
user_3611be4b03,73,True
user_6a26175055,73,True
user_48149ceb7d,37,True
user_eb37a8e662,37,True
user_32317add51,64,True
user_5371a5ec66,73,True
user_d9b8abda84,73,True
user_8a87c2fc13,58,True
user_563babef2c,23,True
user_2819dd8940,5,True
user_b9d8fc0e65,5,True
user_60ebdec884,73,True
user_8944bda0eb,5,True
user_69221801a8,23,True
user_e51062b101,64,True
user_e2e29b8c82,4,True
user_0cdb018095,88,True
user_ff65704f22,73,True
user_28f12693cd,28,True
user_dbdbfcc1ae,28,True
user_7f49c86e06,48,True
user_b09b4dffc7,48,True
user_ba6eba0745,115,True
user_96a27bc934,227,False
user_5831dcabf0,227,False
user_6d8cf092cb,64,True
user_e9f8837ef2,27,True
user_e96dc48899,5,True
user_15027386ce,39,True
user_fac8a042a8,39,True
user_a91463f2d3,228,False
user_a44f95db40,228,False
user_68ddd79a27,23,True
user_8c35d70f8d,12,True
user_52505bf0e0,59,True
user_03aaffbc21,61,True
user_2b8b8983cd,48,True
user_3ba4238609,23,True
user_1b12390f5b,48,True
user_618cf9263a,64,True
user_7e422adbf5,61,True
user_547eb3d59f,66,True
user_00b27fe1d4,229,False
user_8b574f65ec,229,False
user_11f906d733,80,True
user_0bba9f4747,66,True
user_4f07e4e41b,9,True
user_b339395f51,9,True
user_541dae03ae,28,True
user_d48a8ce31a,12,True
user_49582fc259,5,True
user_8466c405f3,5,True
user_050358db63,66,True
user_a195613d29,23,True
user_a9883912bc,30,True
user_cdceaa1113,66,True
user_2f74c1f605,11,True
user_2be4c11d48,226,False
user_6d17ddf1cd,23,True
user_b7e07aacab,5,True
user_f27b323c2f,230,False
user_a1919906ea,230,False
user_7a78b00855,229,False
user_51ab1f66d1,37,True
user_fb89c06f66,56,True
user_e9b8f75add,88,True
user_b0d76a5a13,9,True
user_da70a59836,9,True
user_4e1a62246d,58,True
user_0df7d859ce,220,False
user_ea46c4e342,23,True
user_0c06b34517,231,False
user_1a066ccb88,231,False
user_9d906ca753,23,True
user_a8325f67f9,96,True
user_c74bf9fddc,34,True
user_b80f236ff7,27,True
user_52a77c2860,33,True
user_ad9b0bab23,48,True
user_c3b2d4b60e,9,True
user_89aaa6cc1d,23,True
user_57a7d2415c,232,False
user_3286c34596,232,False
user_54a568d68c,33,True
user_c3b8e7f52f,33,True
user_f9b097b606,217,False
user_1765d5c68a,40,True
user_29c7184845,115,True
user_9bf566ece7,115,True
user_03e4a72b15,34,True
user_14779f8ecd,64,True
user_c3461bb22d,115,True
user_1afbe8ab6b,56,True
user_8ed0acf0c0,23,True
user_5534c18f4f,11,True
user_e4bf4f0bf8,28,True
user_443d5e096d,59,True
user_4eec77d808,19,True
user_ac928c2462,18,True
user_f991017818,37,True
user_3f626804d4,0,True
user_ecf81177ae,19,True
user_944b3e5efd,19,True
user_f8ace59a6b,12,True
user_bf934dbedb,0,True
user_7634bafa02,9,True
user_4162309653,56,True
user_77515a069a,5,True
user_60ade6a727,19,True
user_779ae57d5f,64,True
user_f66aad6af6,23,True
user_2b972142ba,73,True
user_bcc23f4bd9,40,True
user_9591e981d2,40,True
user_0407dac734,30,True
user_1b1ec7df96,56,True
user_1ed8654f7a,35,True
user_e20a47149c,35,True
user_d90dc5ca52,23,True
user_4350ac4d8f,56,True
user_d2d652b9d6,56,True
user_36bebf6f49,56,True
user_335ed61787,233,False
user_d2a9feaecd,233,False
user_b9d0835aa8,56,True
user_d0bd9f3bd6,9,True
user_7c7f7d3eb1,40,True
user_39df91c736,40,True
user_6f7c2d1a90,27,True
user_fb2fc06e4f,27,True
user_a88367400b,106,True
user_3b0509c3a4,106,True
user_9e98ec826e,40,True
user_5e0763425b,40,True
user_a99640c79a,34,True
user_d69fdfae2c,34,True
user_bbfdc77209,5,True
user_05c5c727bc,106,True
user_bf8b7dbd91,51,True
user_60fc769b4f,106,True
user_8268a8792b,4,True
user_9c72ad7dee,4,True
user_3fe4898bdb,106,True
user_a3af2e65ae,115,True
user_2f45d1618c,28,True
user_cd02bf48b6,106,True
user_c815a1017d,106,True
user_6de2505ece,106,True
user_c4994755c2,13,True
user_70a62f280a,13,True
user_b1e58aee88,106,True
user_d7d9f01a86,19,True
user_1e5608e492,106,True
user_4c7ef87392,73,True
user_700bd7cd7d,73,True
user_8c79352d3a,106,True
user_e66483ec02,33,True
user_15e69b4f9d,33,True
user_7e50a8ce4e,106,True
user_dd4ee9e734,106,True
user_3577f76ce1,106,True
user_d604139917,106,True
user_bea111a185,106,True
user_883c0f253e,106,True
user_0b9448766a,106,True
user_d062afdb0c,13,True
user_523f748ab2,51,True
user_fb1cfdb4dc,106,True
user_b4a31ccd85,106,True
user_1580bc1032,106,True
user_14ece51761,106,True
user_b89c3f4b34,51,True
user_3ee6ab7239,1,True
user_78ba0c570c,106,True
user_6fd683866b,37,True
user_5aacc697e8,0,True
user_da65baf3a0,106,True
user_c5a6a5ceba,5,True
user_14088474bd,0,True
user_df2f2d42b0,106,True
user_dce3a10671,18,True
user_1eb9f6cb0a,23,True
user_123d4b2dff,46,True
user_64b2084ed8,46,True
user_6c1fe91e8e,4,True
user_1017ce6ee4,34,True
user_20da377419,28,True
user_187a9b388c,106,True
user_471596d2f1,4,True
user_287aa41f86,40,True
user_ccef9a4387,106,True
user_e9dd76d876,0,True
user_8796072a2b,106,True
user_b180c32f65,20,True
user_ff09ae81b1,9,True
user_973379bf77,56,True
user_61a8ca77b8,34,True
user_64eabc4a70,28,True
user_982784a9ef,51,True
user_d506ba6f06,106,True
user_b115c6d4d6,23,True
user_fb65338892,106,True
user_e9289b0e3a,11,True
user_8db7e08585,14,True
user_7e88c65bc5,14,True
user_8b7b911974,28,True
user_14d3c69a42,106,True
user_fc175c0d46,48,True
user_464e22364e,106,True
user_29b793270d,96,True
user_42a39fcceb,48,True
user_78c0b8cf10,48,True
user_cea7f4d9a0,48,True
user_c76fb41e7f,39,True
user_486eea36a9,48,True
user_58b8ace8fc,106,True
user_6a64a236e4,64,True
user_df1a2a6197,106,True
user_f086254e84,106,True
user_eb6a176753,14,True
user_707e78e757,67,True
user_7df679d0bb,28,True
user_a34cc30394,5,True
user_be9ebd4276,5,True
user_f2a9b9b89f,96,True
user_66a5c29cc5,28,True
user_0d14421e65,11,True
user_dc4c1cd160,5,True
user_ec47bf6f49,9,True
user_ad34cd241d,40,True
user_c8fef981d3,106,True
user_f9605eb869,5,True
user_2cc18b312e,106,True
user_80974fb655,58,True
user_1fef49bfac,106,True
user_3902c0f1cc,5,True
user_6cd42f953c,4,True
user_b303ecb3d4,106,True
user_2f10784c5a,56,True
user_bd1f4273f8,106,True
user_a25c73d002,106,True
user_5373bcdf82,67,True
user_85a23f7973,80,True
user_cd72260ae3,5,True
user_4ab63d2b70,106,True
user_c746a207e5,64,True
user_1bdeb47936,46,True
user_785f115691,106,True
user_7a930c6e77,106,True
user_78a80ed2e5,48,True
user_8b996a4f85,48,True
user_c2d123e7e3,106,True
user_77d9c62e15,22,True
user_436a67296a,80,True
user_1bb5e609b4,11,True
user_ab3e45da5d,11,True
user_4ccc8f7da6,19,True
user_ff09c6124b,19,True
user_720ed7d594,42,True
user_9e2201aa2f,40,True
user_add7851ca6,40,True
user_a207655469,64,True
user_4c929f529c,23,True
user_5d750e9383,23,True
user_2ecc6bfd4b,56,True
user_6b1c34f43c,28,True
user_c0768909a2,61,True
user_a03154cef4,28,True
user_341936a362,34,True
user_b28460c676,13,True
user_a4ee5a39c8,40,True
user_54476c1748,40,True
user_824ccfc8a3,13,True
user_1cac04a07a,88,True
user_931ebc93e5,9,True
user_7080de31d5,58,True
user_5153a076bb,23,True
user_2c8890d70c,23,True
user_ec119254d5,40,True
user_c59c28d177,234,False
user_a32ef3b0d3,234,False
user_712b23eb1a,61,True
user_65ce7668e8,106,True
user_99365b4b22,22,True
user_fae4d65385,11,True
user_b08924b4e1,40,True
user_8b50ad46fa,40,True
user_3477a6cd99,12,True
user_7d9f410641,106,True
user_bf850bb055,22,True
user_d9ac48e6f7,11,True
user_39c245a427,40,True
user_368a615dd6,22,True
user_4b8d7b17eb,106,True
user_fcf12746c5,67,True
user_a8f7922132,40,True
user_4bcaebc0cd,115,True
user_7fe0bcfb8c,115,True
user_1fccc0da63,64,True
user_6bf299cd99,9,True
user_5f60f070a5,9,True
user_c305a4a49e,67,True
user_813c7e5f38,67,True
user_16a1c68665,46,True
user_2d872847c8,74,True
user_51cb30d53d,33,True
user_620ef21ef1,33,True
user_6be4738099,33,True
user_fe226181c2,12,True
user_b7a367ac78,17,True
user_45eff3b3a4,40,True
user_b4b918b1de,40,True
user_a85e8e0d21,11,True
user_8e4fc38987,11,True
user_e0b7b20e01,33,True
user_ff04095e5a,28,True
user_0468a7b581,11,True
user_8d148c9f80,34,True
user_f00e409341,23,True
user_a72594071e,42,True
user_5ad193da93,9,True
user_f6e53a9bd5,106,True
user_e2ec0fdb7e,40,True
user_9cebb291e2,67,True
user_3b84c37bbb,34,True
user_2fd81c1132,42,True
user_c15035e338,9,True
user_3a87c714ef,42,True
user_50b936d532,96,True
user_8a09af7129,42,True
user_961ecfdf4e,42,True
user_f4b3ff4aba,42,True
user_185fe85d6b,42,True
user_e25b63d395,235,False
user_cb3dac2192,235,False
user_4c1de28463,83,True
user_b8ef141e74,9,True
user_5c571125e1,73,True
user_02a47aacc7,27,True
user_93529b6d82,236,False
user_7167a79550,236,False
user_642e048ed6,58,True
user_4a93a95a6f,23,True
user_797dc3b683,0,True
user_3cf49d2bbc,12,True
user_f3c136ec20,42,True
user_9aea4051e6,40,True
user_15d34307ea,18,True
user_78329ccee0,20,True
user_0dfef56098,67,True
user_c5e3c0c5e2,237,False
user_59d439c615,237,False
user_516da9c188,238,False
user_dd0decc008,238,False
user_28bd323232,35,True
user_8685a7ec5e,56,True
user_9acf86a1f1,56,True
user_abd4acf9e2,106,True
user_5f410cbd28,106,True
user_929cfc8085,239,False
user_a149e96092,239,False
user_e137c02e77,28,True
user_d47290e676,9,True
user_72b915bda7,27,True
user_3b087829e6,1,True
user_7f00dd6632,22,True
user_661ec7f6ca,28,True
user_0c3c83e25c,115,True
user_8c2f2752ec,2,True
user_5087ddc41a,106,True
user_f112c5738b,4,True
user_e66218a188,9,True
user_0f536950fe,23,True
user_bdce2b4a22,58,True
user_54f39df481,22,True
user_18bb333459,0,True
user_10d7690d03,18,True
user_fde6c2afae,18,True
user_03988d84e3,106,True
user_20dbcf885e,18,True
user_5527a3c477,18,True
user_752f3a1768,18,True
user_4907d14440,73,True
user_1a7e4f55e3,11,True
user_0b279b1650,58,True
user_ee40238831,33,True
user_ffda4de702,64,True
user_c22b283099,64,True
user_fd9c7ac5b8,0,True
user_7aebf3addc,13,True
user_67d4cfc3ab,9,True
user_789dd26f54,9,True
user_8fa54665c4,9,True
user_1d2ed98122,9,True
user_cd39d4a3c7,42,True
user_86b5ab4482,39,True
user_91e1c5ef67,240,False
user_0d2baed3e8,240,False
user_c02fb7cc14,27,True
user_c17349d32c,80,True
user_8a80d8a11d,241,False
user_046e7b2562,241,False
user_4f87467c6c,4,True
user_16e84e698a,4,True
user_f71508e643,106,True
user_59c1210a84,40,True
user_137b64de15,9,True
user_e59ed87fd0,4,True
user_67f5274522,34,True
user_970444924a,106,True
user_cd8a90e4ae,242,False
user_2bc9d450e8,242,False
user_8909558610,18,True
user_78b98f2458,9,True
user_b9fe22bb4f,28,True
user_7a6a7feb00,33,True
user_11f94d1ca1,33,True
user_e78827c798,236,False
user_4d37d89f8d,12,True
user_16cfc43633,106,True
user_0488b3da2c,96,True
user_6cd8312d2a,9,True
user_8744958943,9,True
user_358947ec13,18,True
user_4e7890d433,31,True
user_7540a57343,61,True
user_b145b08133,243,False
user_ce6fc7845e,243,False
user_94030864b2,106,True
user_72980283a6,13,True
user_dd0ddd7f7b,30,True
user_f73f7610ff,88,True
user_fc7414e339,88,True
user_1202a67388,34,True
user_b9174112e7,22,True
user_5fd39cb79d,88,True
user_048dac8ee2,88,True
user_8874135f94,66,True
user_74222284f6,61,True
user_70194e04c7,27,True
user_fc925848f6,64,True
user_0e69fb9dda,58,True
user_2b66bc6af4,58,True
user_d0079e9fad,37,True
user_e0725a8255,66,True
user_ec5275fcf3,66,True
user_23cc91b951,27,True
user_503730f47b,11,True
user_9c614dee88,42,True
user_5dcaf5e741,9,True
user_eac8a643ab,5,True
user_822d93051c,28,True
user_97edef208b,40,True
user_46f1b3034e,28,True
user_6c3065c453,18,True
user_5bcd86616b,40,True
user_0b5092a07b,106,True
user_4ad7e1a1a7,28,True
user_e59fdeef59,9,True
user_ea2a373c88,11,True
user_8a3c64f9a5,23,True
user_0025ba4f28,88,True
user_0043711e34,88,True
user_6d906af88e,244,False
user_7f23ee4623,244,False
user_96cc65ad5f,106,True
user_e53cd5e13c,20,True
user_de233496c8,64,True
user_b3fc7ca886,64,True
user_da3a467d97,20,True
user_af1ab72cef,56,True
user_03dce8be2e,5,True
user_d414a1b022,96,True
user_5582d4c4d8,33,True
user_4acbeadf08,245,False
user_8828c59c0c,245,False
user_fec9cc342b,106,True
user_cc517a5d7c,106,True
user_ff877d7e14,28,True
user_737c164c59,246,False
user_8041e8a82f,246,False
user_dd616df8e4,158,False
user_5ecb2af1aa,0,True
user_86270e0559,35,True
user_b1afe7ab4c,35,True
user_f9a42a6a7c,61,True
user_99e0085ac1,59,True
user_4dd42afc80,59,True
user_27ee684b8a,48,True
user_6d8919f287,16,True
user_b5c1116735,16,True
user_1511543cfe,18,True
user_7aa813ec91,18,True
user_17aa52b6d1,4,True
user_2f1470d8fd,30,True
user_984a427a3b,59,True
user_c1105dc271,16,True
user_6889b8652f,9,True
user_b9cdbf4803,9,True
user_010339b775,20,True
user_d0dccbc1bc,20,True
user_7a69ff8132,106,True
user_bac31ef4f4,9,True
user_39dcb6d70f,46,True
user_ee3f3b6351,46,True
user_0ad997abc9,30,True
user_f17d13b5bc,9,True
user_00429a5a41,9,True
user_541f0cfc07,58,True
user_67acbeb9e7,30,True
user_844fd53a6f,9,True
user_625a18fa9f,58,True
user_afe5d43657,9,True
user_97b6798c49,18,True
user_5856dc76be,28,True
user_ffb8fba011,9,True
user_69a22e4e99,23,True
user_d877a6ef77,9,True
user_8de1cae7e5,20,True
user_3f3dbf237a,58,True
user_e2e3f1609e,9,True
user_4e238bef23,247,False
user_840002d445,247,False
user_9a9a64f61a,20,True
user_771c7b4235,9,True
user_702d43baf2,20,True
user_7a38cf927a,20,True
user_798230f5b3,42,True
user_162dd07263,33,True
user_2d157bc846,9,True
user_6c7a59ce87,248,False
user_20bd1b3cc8,248,False
user_57582e3cb1,9,True
user_ee7cc9f611,249,False
user_f77f1cd6df,249,False
user_2155c440fa,9,True
user_52d5fa11b5,0,True
user_21a6dc5867,28,True
user_a0ad357870,9,True
user_e82acb256c,58,True
user_f4dc30ce98,106,True
user_b93d0684e4,0,True
user_f1b36babf5,18,True
user_666ca317a0,34,True
user_c74da7db00,61,True
user_4c8450707e,28,True
user_d197e9a799,28,True
user_d36d9d6d04,28,True
user_bb88628b74,23,True
user_b7b829ba6f,58,True
user_8284566fb0,15,True
user_223533e8f9,9,True
user_aab2b7ac90,250,False
user_b7d7fd3153,250,False
user_879c465512,28,True
user_e6ec6a88b8,9,True
user_51d681eecc,39,True
user_ebfe39df00,39,True
user_fa0d27a712,30,True
user_01d4814ae9,28,True
user_b18bc960de,74,True
user_068a60351f,9,True
user_80be0ea746,74,True
user_64c2b48467,58,True
user_5905ea1638,27,True
user_8f74d55280,9,True
user_f692bfbadc,28,True
user_40f4a442a6,74,True
user_55d984ce13,250,False
user_51ea4e031d,15,True
user_acc3ea95ce,80,True
user_7e388bd15a,251,False
user_56cdc917b1,251,False
user_db2554a118,22,True
user_8459a25111,37,True
user_659fa88e80,37,True
user_35fefbd976,58,True
user_ff4f9b3121,106,True
user_1b63230c67,34,True
user_acf2edc765,23,True
user_3277c6a492,74,True
user_25ebd171c7,30,True
user_cad443a973,18,True
user_e7df5a9aba,58,True
user_aa12e712cd,30,True
user_77b7ea83cc,18,True
user_36ec1b113a,18,True
user_091a7a4c50,37,True
user_c593bc7b35,37,True
user_22e4987d98,58,True
user_a393ad2688,59,True
user_81b4599d34,15,True
user_89916bc9f7,15,True
user_d3f60a68b9,37,True
user_df4eecf848,115,True
user_1fc71f53ab,18,True
user_2de6e1af5c,18,True
user_bb83de6656,17,True
user_dc3c6dde7c,59,True
user_4bb5a461d6,59,True
user_335b14878b,28,True
user_3859199ba6,12,True
user_225a95cd08,12,True
user_216dbaef0c,5,True
user_2198573303,14,True
user_d1a7314f54,14,True
user_bc18e78dbd,96,True
user_e37319a4fa,96,True
user_c3569bac71,17,True
user_36d01cc8e2,14,True
user_ae29243098,14,True
user_95110f23b8,5,True
user_7e274f1461,58,True
user_7f1e87963a,15,True
user_c70e01480f,15,True
user_61ef97d498,14,True
user_3b14680fd7,14,True
user_24d67e28c1,14,True
user_c2ba7e9d06,14,True
user_33e47e90d1,14,True
user_6380c690d6,14,True
user_f376654367,4,True
user_9e9e536b4f,58,True
user_ce736a0470,15,True
user_38641cfe28,252,False
user_ace61250a4,252,False
user_d95c74798d,15,True
user_8eaa83adf2,13,True
user_1913514ac4,15,True
user_d9d5a37782,14,True
user_8355b8554d,14,True
user_64e5535302,58,True
user_3e8e4f8a7c,253,False
user_ffe2db1548,253,False
user_bffdbfd5eb,14,True
user_42a80c2de6,254,False
user_1f166e59b0,254,False
user_7dbd7ab0d6,11,True
user_f3a031a267,11,True
user_a15c4ae768,11,True
user_d74e6649f6,14,True
user_cbe8249647,0,True
user_76bdc8a8c1,255,False
user_03d3434ad1,255,False
user_fb6eb2863e,16,True
user_b7376765f2,14,True
user_b23dd8c50f,96,True
user_31f1055a1b,16,True
user_3090a1cd1f,16,True
user_21d2e346e4,58,True
user_6cd39a645a,14,True
user_10fc3815a6,46,True
user_4e24ad60f4,83,True
user_28a994fd06,83,True
user_ab2de065e3,14,True
user_a1d91148fc,14,True
user_ab38b923c1,28,True
user_3b8e4aa7e2,28,True
user_2045692097,88,True
user_eb46fd7273,256,False
user_b6b7ac672f,256,False
user_2f988dbceb,251,False
user_dbde8b2369,16,True
user_043098d85c,17,True
user_0022d6bbce,14,True
user_bd7a15248f,256,False
user_7ab43d90e9,15,True
user_0e5106e394,58,True
user_c5d88e606a,0,True
user_9c47a32643,16,True
user_7915936912,14,True
user_53fa08d9f0,257,False
user_bd38fbaf87,257,False
user_ecb115bf1f,58,True
user_cf08a6de56,88,True
user_9500a54e0f,88,True
user_0c3bfb19ef,16,True
user_20e9e96063,33,True
user_59f191aa51,33,True
user_939d303781,33,True
user_622fc0c2e9,33,True
user_d47ffbb9cb,58,True
user_2edda11613,35,True
user_1c8458b087,35,True
user_fd3880cddb,14,True
user_812c734f05,46,True
user_34aa4c584b,46,True
user_b4a9a461bb,66,True
user_aaa6ebf0ea,258,False
user_8be07f1e2d,258,False
user_d87e89a0db,259,False
user_3151f27958,259,False
user_9153d8f592,260,False
user_afbef72a78,260,False
user_70c831e7a2,22,True
user_9ddeb74b2c,58,True
user_2e296825a9,0,True
user_9d4d1eab99,34,True
user_4b6714099c,34,True
user_c05a0faaac,59,True
user_e6e8dfe27f,261,False
user_5a4a293fc5,261,False
user_b9908618f7,9,True
user_92cffb45a0,255,False
user_159b39d813,5,True
user_6a9fb7381a,96,True
user_01fcf21757,15,True
user_0010d2e5cd,67,True
user_165fe59526,67,True
user_1f66d3fa62,15,True
user_6bb90519f8,15,True
user_4487d8442e,56,True
user_7ac33f8be9,5,True
user_91738aa601,58,True
user_7640ead82a,28,True
user_b49333c29f,28,True
user_9423370215,7,True
user_80eb4e66f4,7,True
user_71c39f3440,46,True
user_b29b93dc60,14,True
user_bf4fdf63ee,11,True
user_99e680fb91,64,True
user_f5f5be9d40,9,True
user_4066015643,4,True
user_9dc33f7fae,33,True
user_d44b225a87,14,True
user_2a3fe530e4,4,True
user_c647d9d8ef,262,False
user_ab1732aaa7,262,False
user_527771716e,35,True
user_66b28a6056,262,False
user_d7adb5e9cb,58,True
user_f3a1b3502f,35,True
user_42e150df4c,17,True
user_7c85c08452,17,True
user_8eb359b9fa,33,True
user_a034997dfb,42,True
user_b4f2e0ff93,15,True
user_b50c80a675,14,True
user_63c3718ec5,106,True
user_013923ebf6,31,True
user_e176f764b5,11,True
user_d296fc01f9,19,True
user_4fe6e0e853,263,False
user_d8eef0a994,263,False
user_984ef7b2aa,14,True
user_a945fcdbad,14,True
user_d0f1169ec9,14,True
user_abf895915c,14,True
user_b30847222d,14,True
user_7669af0045,115,True
user_e82709a970,7,True
user_1f3a14808f,0,True
user_c638ccde94,56,True
user_2432aa274a,4,True
user_d3db159476,264,False
user_239478f622,264,False
user_87b1779cd9,265,False
user_3c41f4fee0,265,False
user_c261a6c2c6,35,True
user_e1e16fd2f0,4,True
user_da61b9a13a,4,True
user_cb7869b878,46,True
user_ee2e96dac0,266,False
user_956f6aa0d8,266,False
user_bfe2f9e6eb,23,True
user_e0dbb558fc,267,False
user_ff6b566aac,267,False
user_b24a3f39bd,58,True
user_34948e03d4,58,True
user_2cb2594b90,28,True
user_b5a320588e,28,True
user_39cdce156b,267,False
user_1386d5cfe8,67,True
user_74e66bcbe2,14,True
user_7e6929f276,46,True
user_0b011322d5,14,True
user_223c637389,265,False
user_9aacb4fc6d,59,True
user_afb4c02aae,59,True
user_ed86087d03,265,False
user_eea2b79d50,14,True
user_f24bd1199c,73,True
user_3e8ed50fb5,35,True
user_dee1bd61bb,0,True
user_d52c0378d5,14,True
user_ef1a8d2f68,267,False
user_fdf01aa7c7,0,True
user_5ee52d0d6b,39,True
user_7c4f56bf02,12,True
user_aedad13a2d,83,True
user_9f51a4d270,83,True
user_51ee3baa0f,46,True
user_ac537816aa,46,True
user_8f79f04dab,34,True
user_efa6075370,34,True
user_dc73b18057,59,True
user_a8285e3932,267,False
user_605b5ee92d,255,False
user_7be8dbc445,35,True
user_e83914843a,35,True
user_0ac705f01d,28,True
user_07a1b6b1c3,268,False
user_9564508bdf,268,False
user_d6ef400499,33,True
user_c0b4f04a16,33,True
user_02ee184e3d,18,True
user_5313abf59e,18,True
user_71dec5d228,58,True
user_172339a305,96,True
user_26f584d908,17,True
user_681ffc3931,67,True
user_ac0fa7f07d,9,True
user_5188ac6385,9,True
user_be2873a400,18,True
user_8700527e63,35,True
user_387a1d4804,31,True
user_d292a58f03,31,True
user_2cdcdabb1e,96,True
user_cca9e60fbc,145,False
user_d2a3663fda,28,True
user_3ee8f60cd3,31,True
user_2c04bbc3bd,18,True
user_cbe1783966,46,True
user_f5395c6b4f,40,True
user_789c050eb0,23,True
user_2cf4710bf1,115,True
user_2274f86053,269,False
user_744985ea44,269,False
user_15f779d6b5,31,True
user_b27a33d197,18,True
user_74af9a2321,96,True
user_ee71511bd8,270,False
user_ee21af4a85,270,False
user_f07df8efc3,27,True
user_2f83f6837d,18,True
user_902a07365a,96,True
user_ffc1ac8884,31,True
user_c98a27cd32,31,True
user_267f244b07,271,False
user_5a5af349d2,271,False
user_fdb03a5c85,271,False
user_bb31209786,272,False
user_67581e0966,272,False
user_ecbfacf851,31,True
user_55a68fcba5,271,False
user_268cc27721,145,False
user_c70a03b4cd,273,False
user_80bc0a531e,273,False
user_52abc1e7a7,14,True
user_587d0e9f20,31,True
user_b54b26e853,14,True
user_fd284afdb1,4,True
user_0c0246de48,31,True
user_efe8875ce0,145,False
user_61cd74bf05,274,False
user_eda752ba28,274,False
user_775a7bbe6c,31,True
user_3fd9d4ef7b,58,True
user_56e62ca75b,58,True
user_640442782a,145,False
user_42c9cd6b05,58,True
user_f325d90527,66,True
user_66c8a9ccac,23,True
user_ce9ee3159e,31,True
user_5c26cdc124,23,True
user_51ec9a7a9b,40,True
user_4afd447565,16,True
user_823a75bfd3,5,True
user_6a6e1dd68b,5,True
user_5bd41d3968,46,True
user_0d73300a30,4,True
user_ff186a0f19,15,True
user_618ed2480a,96,True
user_15c17062d5,275,False
user_2f0d4e237f,275,False
user_f8cb5eaa98,27,True
user_9a88ddfeba,66,True
user_7c98b8844d,67,True
user_0ebc54273a,16,True
user_0a2cc3a545,11,True
user_b9fd520035,27,True
user_fd6d94d37b,27,True
user_d4fd730a10,27,True
user_ec6b23e6a8,276,False
user_35dc43f5ef,276,False
user_52ba048dc6,16,True
user_a7f3ac390d,9,True
user_251620f522,15,True
user_d2caada079,64,True
user_866fc7915c,96,True
user_9137415f61,23,True
user_625f3a9709,27,True
user_ae552ec9e5,73,True
user_9823f0cac0,19,True
user_cffbff1506,14,True
user_6d062fc33d,14,True
user_d125888b70,46,True
user_6f9111b3e9,46,True
user_476a51ddce,277,False
user_b80f1b69a4,277,False
user_e970b29ef5,96,True
user_ab84d8762f,64,True
user_34e8e58168,14,True
user_2b4b03c9ce,14,True
user_adbc1e92b5,278,False
user_9d1712be64,278,False
user_fe082265c1,14,True
user_c8efab3112,279,False
user_bbf930eb41,279,False
user_f67a30a620,280,False
user_5b86b8dcba,280,False
user_b7e6b8125f,106,True
user_0b54e35d8d,106,True
user_db73d55713,23,True
user_8c78e273a3,62,False
user_57631b6f89,88,True
user_7bd1729c6b,96,True
user_f405c964a6,281,False
user_da0603a851,281,False
user_297f138944,19,True
user_3a7782aa85,0,True
user_66419b2842,0,True
user_fb60b21e83,282,False
user_bf226f1b77,282,False
user_85fabda4ff,281,False
user_e32af0b6eb,18,True
user_bf9c2efef0,5,True
user_91f34289e1,23,True
user_adb68d2a63,23,True
user_345a119584,64,True
user_550f17e4d9,64,True
user_e95bc1f52c,39,True
user_f021cd0c2c,83,True
user_1d05579c48,0,True
user_96cfcd4c06,56,True
user_d68fd27308,14,True
user_875ecbf25c,64,True
user_5f0db069ac,28,True
user_7469d0d8a0,64,True
user_0d0be9fd50,7,True
user_34ba118d66,283,False
user_9926ca695d,283,False
user_1b3ea07f1e,14,True
user_96fafdea75,96,True
user_ea3b59afb8,14,True
user_9e1f4c6926,88,True
user_58b8281b71,23,True
user_f465f40e71,12,True
user_06d6cc2cc7,28,True
user_f450231466,33,True
user_71704f1c68,33,True
user_beb17c0cd9,31,True
user_3ec1462272,31,True
user_4f26e60c78,9,True
user_df5bc43d52,9,True
user_8dd84205d2,74,True
user_0ea37aff83,16,True
user_fc4068ed99,33,True
user_1f9dfe69e6,33,True
user_db3037f991,33,True
user_223a76a968,33,True
user_aef2001389,106,True
user_7e51067b69,9,True
user_94b85a7704,33,True
user_0e3362ed3f,58,True
user_c28b865793,33,True
user_c6c294a267,96,True
user_4c7d06218e,9,True
user_1747cb0cb5,37,True
user_dda52b9ab0,58,True
user_057be5441d,58,True
user_b322e56833,282,False
user_fb77d70bd0,33,True
user_a8d8ef8083,33,True
user_f0f14aaa34,33,True
user_29f944853a,33,True
user_2c21363bd9,33,True
user_9a18889765,33,True
user_32cc5f4ca1,33,True
user_cf65eae999,67,True
user_537bb4ab39,40,True
user_cfc8048b56,33,True
user_bcaa03ea29,106,True
user_8b96e7b617,39,True
user_17a6fa1896,284,False
user_6c2e4a3c1e,284,False
user_ffcae64c9f,285,False
user_9ce6c0f609,285,False
user_326135fd59,28,True
user_1d88ab889a,286,False
user_1fb842d791,286,False
user_7e8f107cd5,64,True
user_4532b911d3,88,True
user_401e2f0d8f,96,True
user_93b25aaf7d,96,True
user_78c3e71b7b,9,True
user_2d36b153d3,9,True
user_b51f0727d4,64,True
user_787db25b68,64,True
user_d6d184c87a,18,True
user_e66b0a932d,33,True
user_af7ea651ee,4,True
user_c5899e7ff2,23,True
user_817e95a9fe,5,True
user_6e894c92cc,67,True
user_7a43c8745d,18,True
user_cd5e97f908,16,True
user_133ebf2de4,287,False
user_f547b7f6fa,287,False
user_39a617a562,33,True
user_896653d722,288,False
user_ae392cd8c8,288,False
user_a23500d3bc,34,True
user_58758bb37c,23,True
user_f87b913ea3,18,True
user_48e759c8de,16,True
user_b2c5222244,289,False
user_1067aa2558,289,False
user_ddbfd297ba,4,True
user_f7015877cb,16,True
user_62f3f271e7,16,True
user_230a7a9d83,9,True
user_bdb6778dc6,48,True
user_b542af9c72,46,True
user_4ed111914f,30,True
user_512f19e522,30,True
user_c14ed171a0,287,False
user_e6da8c6e92,106,True
user_8cab960527,16,True
user_4ae77cf817,16,True
user_38dae13d5f,9,True
user_cc9dee6ea9,106,True
user_44c502b3a6,4,True
user_889379d7b1,9,True
user_29be87ffc4,14,True
user_4800f4785e,14,True
user_e9d29c8218,23,True
user_43c8d0b11e,14,True
user_b794bf3a8c,23,True
user_a0d848dc06,18,True
user_77da568717,67,True
user_cbd00645bd,290,False
user_0ca75514a2,290,False
user_1c0c79530b,67,True
user_c6446ae5b7,13,True
user_f24ae5bd6f,31,True
user_82335138f8,37,True
user_9e737a141a,5,True
user_9259fd8d90,291,False
user_363e8ad899,291,False
user_9147ff2dd4,5,True
user_7b1ddff4de,5,True
user_d7faddb19c,5,True
user_914bee0022,37,True
user_4c9bffe661,292,False
user_24ecafbc9b,292,False
user_5da7412901,80,True
user_32ce72e6a9,293,False
user_46820a5957,293,False
user_69cf94a441,294,False
user_ca59ccb11a,294,False
user_f09ea44972,295,False
user_94e4418c49,295,False
user_dda9a4b36e,23,True
user_d646ac9b3c,5,True
user_4d640cb70b,23,True
user_433aaea094,296,False
user_77826abb5e,296,False
user_99422157d5,5,True
user_b1a80b8624,39,True
user_1cbcc8711c,28,True
user_16eab5b86d,80,True
user_813317204a,80,True
user_a943458de9,4,True
user_215c533913,2,True
user_d2314a4091,2,True
user_01f2b37ea0,0,True
user_4dd7d3c740,34,True
user_ce527a85c1,34,True
user_676063f712,42,True
user_0ecb864156,4,True
user_a69af4cdd6,40,True
user_336cf5ce58,28,True
user_7b242b5caf,28,True
user_25120f7b56,42,True
user_374857f71d,34,True
user_d5eda63052,66,True
user_e39b8e40c3,34,True
user_eed1ae49eb,27,True
user_3a64cedcd7,27,True
user_c3bf66b4e2,33,True
user_ebe614b924,296,False
user_c1f3c08f9f,23,True
user_214da7ecf1,34,True
user_2690c204c1,64,True
user_8418235d07,80,True
user_3ac6605080,23,True
user_64aed32c70,33,True
user_cd9024c23b,297,False
user_a388d741ea,297,False
user_03621aba03,34,True
user_0e83084781,34,True
user_4e26f05738,39,True
user_5e7fd98202,298,False
user_5d47492f6e,298,False
user_c82ca1ab01,34,True
user_34ae04c202,34,True
user_8c8695e5a3,83,True
user_74d4c54ccd,9,True
user_930ca4a5e1,135,False
user_d314a22e59,299,False
user_25a10ce97b,299,False
user_2ab6c085f3,300,False
user_d5aa972d3a,300,False
user_ce242313f2,23,True
user_f71c353e62,33,True
user_1074eba21f,33,True
user_f45a595394,33,True
user_d4ccf4749b,40,True
user_b74bc9a214,66,True
user_4796bb75f4,66,True
user_b1d8ec7b87,34,True
user_988c224d3a,66,True
user_51e035b308,64,True
user_7c7d3465d0,67,True
user_7f7bac493b,34,True
user_3a89b7c488,301,False
user_1951fc75a0,301,False
user_533b53b080,73,True
user_fd417d7d97,34,True
user_f22ea233e2,66,True
user_631dc2eef6,34,True
user_ad54f4b3f1,34,True
user_acbaba37df,34,True
user_b0936a071c,73,True
user_5ad7ce9ab5,7,True
user_a46e3badb6,7,True
user_e9c4f93296,39,True
user_7741993a1a,39,True
user_dbce9484b7,12,True
user_f1d817b966,12,True
user_60ca58a342,14,True
user_aab8695c69,14,True
user_b0dcae0766,14,True
user_c6023aae31,14,True
user_4175e64507,28,True
user_51932a9ec9,14,True
user_2f3a5ba9f8,302,False
user_c976ac001b,302,False
user_35df29d5f7,42,True
user_e2672f0d15,14,True
user_bf28b84694,31,True
user_ea9bfe9bd2,303,False
user_65ed070058,303,False
user_a24d4d19b4,16,True
user_be5d9058b1,4,True
user_6786002b42,23,True
user_70fb2aaafe,16,True
user_43ee6f7acb,18,True
user_be6a47f6e2,14,True
user_d69eadb40e,31,True
user_3ea3f71737,88,True
user_f9553103e8,88,True
user_e97fd7a155,14,True
user_e6a52ac7bb,4,True
user_89b4991ae6,4,True
user_6cc37c2561,64,True
user_253b60f253,33,True
user_b7e1e76476,5,True
user_cc874d10aa,298,False
user_8d868305b8,12,True
user_2af68ba9d2,31,True
user_a1f62e7b04,80,True
user_60f5c1cf22,64,True
user_35d05ee36c,30,True
user_ca98d06d4e,30,True
user_556a3d57f3,12,True
user_6f7f314f3b,14,True
user_4f6df2f530,31,True
user_5819157a27,12,True
user_09f69a5c02,12,True
user_4fcb0aa829,12,True
user_930e21cbfa,28,True
user_865efc7ae1,33,True
user_48f8d672ff,9,True
user_a52e36797f,30,True
user_c9ba887243,74,True
user_9353242095,61,True
user_d3b7f627cc,304,False
user_57fcb5ebcf,304,False
user_7e582d7011,64,True
user_b935ed9034,148,False
user_a47914fb12,148,False
user_c348fb2d6b,88,True
user_0995a4e6c6,88,True
user_3f0098b6fb,23,True
user_3b6ea9819b,88,True
user_0e651df5ef,73,True
user_dfe6852636,15,True
user_16e779823f,88,True
user_8aefddfadf,12,True
user_7695b07d42,9,True
user_6b8dd7f3a3,28,True
user_45a8da4b77,16,True
user_1f059ca0ae,17,True
user_7b8dee98c7,59,True
user_35c759c4dc,59,True
user_7b7a5546b4,39,True
user_9d563ee2e9,305,False
user_06f9d7f534,305,False
user_e10d023e02,40,True
user_35e1c42a95,88,True
user_451d64bc57,88,True
user_fe183a6932,88,True
user_6cfb9a5bc4,40,True
user_c736841fbd,13,True
user_951a77cd59,13,True
user_ed6d9f522b,15,True
user_0e12ccc308,15,True
user_17776759e4,58,True
user_5d91e59ae6,96,True
user_26896b22b7,96,True
user_39afb66452,39,True
user_39f1e7f531,306,False
user_2eac8ec8c0,306,False
user_886c212853,307,False
user_38e8d67bd2,307,False
user_8835797874,148,False
user_4015337e19,306,False
user_470cb029b3,12,True
user_adc1183f71,12,True
user_0f53c919a8,23,True
user_3ee69be44f,88,True
user_3fb2e5d273,73,True
user_19fa446968,88,True
user_1b2b76df33,88,True
user_4943ce2687,33,True
user_86f5f88c0d,51,True
user_ce0118c0b0,66,True
user_715ed11062,308,False
user_78a79f5e01,308,False
user_14b0dbb3f1,0,True
user_202c4d5ef8,0,True
user_b4dbd56ac1,33,True
user_ce829b2e32,88,True
user_2a9db61707,12,True
user_09c33ce2f7,12,True
user_b573cc345e,23,True
user_dc4375da21,64,True
user_b25c606681,35,True
user_b4b65e142c,12,True
user_2918ef6ad5,12,True
user_7cda761010,22,True
user_54704eaffc,58,True
user_9179dc7b6e,12,True
user_5e7ade9a2c,88,True
user_42010c2f1b,88,True
user_9710f54f18,28,True
user_b8a4b56017,28,True
user_e1e4105f5c,27,True
user_1253922e1c,28,True
user_52eb7538df,12,True
user_d588003b94,0,True
user_42a83c28a9,0,True
user_9e0edb4799,19,True
user_5996609976,19,True
user_7224eb21dd,23,True
user_1db8a6089c,18,True
user_e799c104be,14,True
user_d4774e7999,309,False
user_798d63ff3a,309,False
user_da997653be,48,True
user_9b062494ca,0,True
user_57013dfa3d,88,True
user_d786557711,88,True
user_d6a0cddc19,20,True
user_e2e58b5580,48,True
user_3de6a5ca9f,19,True
user_b4ca6b0815,22,True
user_37a1c802f7,22,True
user_a33e3b4d95,0,True
user_94a934706e,0,True
user_4d421bcb8b,67,True
user_20536ca27b,14,True
user_30a7c98249,61,True
user_ff22f60d62,61,True
user_8207a55c63,27,True
user_7a576b4787,27,True
user_7138672f5d,23,True
user_cddaf0058a,7,True
user_0ddecef75f,19,True
user_315c5ad43d,51,True
user_d8ee684c11,0,True
user_ce8b6ef146,9,True
user_438920e74c,59,True
user_a4270fafbc,117,False
user_6b49c50eee,58,True
user_5b0a8b282e,27,True
user_f41796a445,64,True
user_19ee179182,27,True
user_b097d57913,19,True
user_5e4e8a7af9,0,True
user_6dda84510e,0,True
user_427ead4cfc,48,True
user_cbac46a468,23,True
user_5fae360cef,59,True
user_0a00ceacbe,64,True
user_1401da1f15,0,True
user_44de1a1c90,23,True
user_0ad4eb6c56,35,True
user_b5f2ca1b6a,310,False
user_ea68bae148,310,False
user_5c9f40e9ed,19,True
user_54fbad909c,12,True
user_e06389943c,27,True
user_c460270f1c,28,True
user_be7bfd6c85,34,True
user_efb1a96752,88,True
user_5890034276,4,True
user_806d9f3971,4,True
user_461596ce82,14,True
user_a4d9ab42db,12,True
user_815b3586fb,23,True
user_82ae82f183,4,True
user_3a41294e62,30,True
user_d376748c97,311,False
user_9c3bcf678e,311,False
user_db9ebd8523,9,True
user_d9494abc71,0,True
user_efde699bbf,73,True
user_ce84336ff7,14,True
user_b0eed4edd4,73,True
user_f3fdcf8154,23,True
user_a87bf441cf,4,True
user_0b015af6dd,18,True
user_e767fe7bd0,27,True
user_6751b8b4a6,48,True
user_fb3abef451,12,True
user_196aa27be7,312,False
user_27c3ed9f9f,312,False
user_2d0a71372d,88,True
user_d3f64e5f02,35,True
user_8d9ab9341c,88,True
user_fc297deb08,35,True
user_f750e0291c,66,True
user_fddc3ea91e,33,True
user_63fbc96a8e,67,True
user_30f7a105c4,12,True
user_cec9da45f6,67,True
user_a165807aed,88,True
user_3952993a4d,313,False
user_bebbd71007,313,False
user_17728b3886,314,False
user_83159e7893,314,False
user_eef7ee5007,67,True
user_3dbfbfd7e9,46,True
user_fe8999b22a,9,True
user_8a8c61295a,9,True
user_cf678a91fb,28,True
user_d6de9d04f6,12,True
user_1f9bf851f4,12,True
user_246d76e627,33,True
user_57e505a318,28,True
user_11c0ec9ad6,42,True
user_b8b1428965,4,True
user_92d9ab88d2,5,True
user_6bb0b52420,35,True
user_28e18a9fe2,5,True
user_0603484814,35,True
user_092b603f59,35,True
user_f959edcc43,5,True
user_814202e92f,67,True
user_3889e0e881,35,True
user_c709a08a8e,260,False
user_9ad05f3c61,64,True
user_7acf9db713,35,True
user_b1ebd00298,315,False
user_47b8f77476,315,False
user_215a57cc78,35,True
user_4439ec3bc6,35,True
user_bfee4dd582,58,True
user_5142ce901a,35,True
user_066e607058,80,True
user_924858d289,28,True
user_6170e9cbe3,28,True
user_408960ac57,316,False
user_f51ab0fa76,316,False
user_2a81ad3ce1,13,True
user_15d04ba973,64,True
user_3c9e0d88ad,35,True
user_4d441225ea,35,True
user_78c81d5701,35,True
user_624e0cd601,33,True
user_3b8315ff07,33,True
user_5fc4d97e9e,64,True
user_1e8f4388b5,88,True
user_bebf2dff2a,64,True
user_00be94ce90,0,True
user_84ce29da9e,51,True
user_ee74e0b595,51,True
user_3e6d7ac435,27,True
user_b127f1c620,0,True
user_b9b9be3569,0,True
user_2d8793be60,317,False
user_1e36c0d989,317,False
user_cdfe12247c,64,True
user_228b659d43,106,True
user_c446e19264,106,True
user_5395b16ca8,58,True
user_1421e3bb15,13,True
user_2f19cd35a8,13,True
user_058d850f58,58,True
user_1e59515acb,64,True
user_3dcfce2404,35,True
user_4d11fe6d1f,313,False
user_cdb0e8ec62,64,True
user_3ff55b72f2,27,True
user_e49f486013,35,True
user_461baf1575,14,True
user_56cd338716,14,True
user_1918beb846,0,True
user_9d9668dc8b,9,True
user_6e5e9aecd4,33,True
user_5e129be8de,318,False
user_73e21ddda4,318,False
user_be2ed7bbdb,318,False
user_245379a819,64,True
user_f6b3c0f839,17,True
user_14fc06d7b1,115,True
user_a4778e284c,33,True
user_005014d1b9,64,True
user_222cafdf0b,18,True
user_a74c9e1954,1,True
user_ffb354db16,18,True
user_07d9c5a3d6,27,True
user_c4a94a4799,64,True
user_d7c6926728,319,False
user_e2ec056d70,319,False
user_fb9736f1cd,40,True
user_cd2e6d500e,58,True
user_8a7a528c86,119,False
user_1b02af4509,5,True
user_d76fa801f8,5,True
user_fa1ff2057c,22,True
user_df74ed647a,320,False
user_a876af337d,320,False
user_8bbc1139bc,4,True
user_bf01a1f0c7,33,True
user_d86954ae49,22,True
user_3dcf5bf54e,12,True
user_36756ffb2c,23,True
user_9d2457af72,64,True
user_a3205eb77c,119,False
user_8b319a9da4,9,True
user_4d4943d32a,5,True
user_b6b3faecd9,4,True
user_45a0c5a5bb,35,True
user_694c03529a,317,False
user_f166988f5f,5,True
user_1fb43119f6,14,True
user_8b73ca5fb0,67,True
user_d7520e62fe,56,True
user_1aa1e6a539,74,True
user_47b38baa1d,74,True
user_6230583efe,73,True
user_7246d493d0,73,True
user_7d9802bb91,4,True
user_e028b8cdd6,4,True
user_925c234a18,67,True
user_2ce8bf0617,58,True
user_645e3c8d8f,9,True
user_82e5716f0a,2,True
user_5dffa991d0,88,True
user_cb4a441833,2,True
user_5b596a67e8,5,True
user_30b615f48d,22,True
user_907c1bf8b4,4,True
user_355ca2d77d,4,True
user_54b400b949,4,True
user_d0146780fe,64,True
user_3a85b312e9,16,True
user_0d4894ec2f,4,True
user_6e9fb24ca4,40,True
user_b111fff01b,106,True
user_81bd41a51d,64,True
user_85a0bfb139,12,True
user_a19ab9cc4e,16,True
user_09c228d9de,83,True
user_0c3c485151,321,False
user_1d66a8aaed,321,False
user_bd71dde9c4,35,True
user_f5b679ba19,46,True
user_a213401216,27,True
user_be83e7d06b,64,True
user_bd751fcbf8,56,True
user_006b93c136,56,True
user_354a3ef161,64,True
user_7331a20be5,16,True
user_87e83a15f5,58,True
user_d5aedfd475,96,True
user_e50d7b7613,96,True
user_1a74bf5c7a,64,True
user_bb8a9c4bd6,4,True
user_05025e2c50,96,True
user_9d85b23ac6,52,False
user_94070c772e,28,True
user_2a9c3fa8b2,106,True
user_206dbf4939,96,True
user_f4d5f2cdd5,42,True
user_a7af886e62,46,True
user_b4f894ce52,27,True
user_e9eafc9466,46,True
user_df94a039c3,67,True
user_47ca5e2a34,28,True
user_799c25e886,4,True
user_c49ed50b97,12,True
user_81db4b535b,322,False
user_e4b3a6104d,322,False
user_cb6dad2c24,56,True
user_d37c9b8114,56,True
user_eaa94188b1,4,True
user_2c5ddb4829,5,True
user_20e230028e,5,True
user_bff6eb6512,4,True
user_623f560910,4,True
user_f64528f407,64,True
user_a31d41fb92,4,True
user_4df42bd58f,323,False
user_bc4aad9035,323,False
user_7637ebaa5e,64,True
user_4c6cff914a,4,True
user_c4e94e0e28,4,True
user_a3f69d8964,56,True
user_c5f5cb9b77,56,True
user_111730a0d9,324,False
user_034cf083b0,324,False
user_8c4a0a66e3,14,True
user_94010d1923,23,True
user_b66ae8a92f,56,True
user_d8c8197450,9,True
user_7bcab1aa04,66,True
user_6d7b7e53e0,66,True
user_e4e040d4a7,4,True
user_3ff02444f6,19,True
user_e985261558,19,True
user_2035c93b7c,67,True
user_b671249c5f,325,False
user_24c70f84aa,325,False
user_c454d164ad,9,True
user_9a84b7f54a,326,False
user_efa5f32dcc,326,False
user_5de3ada367,327,False
user_4e814f41af,327,False
user_8146aa518b,255,False
user_9ce8f97f72,61,True
user_1fdd458047,27,True
user_9259649ca3,66,True
user_438986502e,96,True
user_2fe41bfdbf,83,True
user_4ebcfcd4d6,61,True
user_a45d20af92,12,True
user_b96c663df4,4,True
user_75b76eab06,88,True
user_99e96b7f49,61,True
user_8ee9061b83,9,True
user_ba50537db8,35,True
user_77b5b480f5,88,True
user_e5968b1164,61,True
user_e94d01a544,4,True
user_40e88c5bc2,227,False
user_14bc609e17,328,False
user_9e2dcf0f0c,328,False
user_c12b142816,329,False
user_85b24acf5f,329,False
user_d9c6238148,4,True
user_18784328f5,4,True
user_bfc4227def,4,True
user_34b99b7995,61,True
user_c579ac3008,22,True
user_d8daf89d11,46,True
user_c912ad043f,12,True
user_b7de6ce472,67,True
user_ee5740d840,4,True
user_49d51a1351,67,True
user_d511018c1d,67,True
user_986b59d6f8,330,False
user_45e4016709,330,False
user_a4157ac482,4,True
user_fd4312eb9d,67,True
user_bf4ea8f704,4,True
user_c6e6b8456b,4,True
user_6fffe3a2b0,64,True
user_ddb369e9bd,67,True
user_6dd6148abf,7,True
user_571cfafe4c,19,True
user_b65e855cf8,331,False
user_c57333e5c6,331,False
user_a1f820e8f0,327,False
user_851b387df3,37,True
user_3fb02c73e0,64,True
user_3489f8c82b,23,True
user_2eb9c10392,332,False
user_e956fef172,332,False
user_3661ae193f,66,True
user_73f79b5343,12,True
user_46f70e33ff,56,True
user_a5e3935954,67,True
user_c0f05361f4,67,True
user_7595594b6c,333,False
user_3eb277735a,333,False
user_ade508d6b5,7,True
user_a806292a5a,61,True
user_573b8c0216,334,False
user_1bea7e36fa,334,False
user_1d4647ec34,335,False
user_9a28dae143,335,False
user_de1f8e8f4e,67,True
user_39f19e8373,56,True
user_b3b4a126a9,73,True
user_7a6b3baa22,14,True
user_af7a644ee8,67,True
user_87e4ee5c83,14,True
user_377fe3fec8,4,True
user_59d6a63e88,336,False
user_c201042b5b,336,False
user_910141531e,61,True
user_ebae3e2740,96,True
user_c7b0c4e6ee,96,True
user_845faa6715,9,True
user_66f7da63c4,4,True
user_9315c8eb95,4,True
user_6855928387,28,True
user_eda7589944,337,False
user_7740ec2528,337,False
user_8d23289294,28,True
user_1f5ca54d19,9,True
user_68a36cf01b,33,True
user_16557da6ff,4,True
user_c88e677b57,80,True
user_1f04cdfbea,80,True
user_0f49f90870,73,True
user_b120efbe74,4,True
user_9d7dc8076a,80,True
user_40c182eb62,338,False
user_4d42dbcdfb,338,False
user_fd38a9c0c6,339,False
user_05c38f18b5,339,False
user_843e0fb86c,4,True
user_12b26208d8,4,True
user_0d74e98de2,4,True
user_fe7b3982d0,42,True
user_ccf0b288bc,64,True
user_33eebe8393,33,True
user_f08870162c,42,True
user_01d72b92f0,4,True
user_5b9620afc5,12,True
user_c6d2df5e96,5,True
user_e243521890,74,True
user_874bace15a,1,True
user_1b23c6fb6d,88,True
user_1f7dea212c,22,True
user_b55ea07bbd,46,True
user_b7cf65efaa,46,True
user_d10bb9addf,64,True
user_5f0175d188,64,True
user_9a27dd7567,340,False
user_ae83ba3da5,340,False
user_de54307d9e,67,True
user_f60f2cfaf8,46,True
user_643c32089a,5,True
user_20c5c4fda3,341,False
user_f980c6fc82,341,False
user_e87cc4f15d,56,True
user_b5e40b5b94,80,True
user_033c0fc90a,5,True
user_75d7d46ded,48,True
user_a94b8e9e06,5,True
user_56ffc1071f,37,True
user_5c90ac3de9,5,True
user_8fc9ce4e1a,342,False
user_ae81598194,342,False
user_e315f4be3f,5,True
user_dcf3d41cdf,12,True
user_ea508b3958,64,True
user_cf6c8eeb8c,12,True
user_6b7c40b177,64,True
user_1f6a082da8,64,True
user_5f6b61a60b,64,True
user_8e53009a5c,343,False
user_9b08e24f64,343,False
user_518660ef34,4,True
user_b6ab530477,344,False
user_975c8c1823,344,False
user_be3691dbeb,96,True
user_87e1436c3c,18,True
user_9c1dbe0669,64,True
user_65608555ba,88,True
user_c08ced6c56,11,True
user_efc7a01d58,64,True
user_404e1abd2c,64,True
user_4279cd4c1c,4,True
user_7f7c93ad85,345,False
user_9ed2c0d974,345,False
user_d98da70682,0,True
user_0d29e58ff7,80,True
user_577b9f9762,64,True
user_dcf0875bd0,64,True
user_621804ce12,64,True
user_dd584be27b,16,True
user_9340b5adba,96,True
user_780bd7100e,58,True
user_0cf4f09ea8,58,True
user_2362bff91f,4,True
user_95d1dee4ec,58,True
user_9d9be409f7,58,True
user_9267f6cc35,33,True
user_687fd588d6,46,True
user_f878390de2,23,True
user_651992a89a,58,True
user_08f4083dfd,96,True
user_7ca3e22e1d,58,True
user_229276f19f,58,True
user_47332ee4a8,96,True
user_f9ffd29c1f,96,True
user_148d0dab56,96,True
user_52f6b623c4,4,True
user_7f1fcfb740,96,True
user_3091a5db0e,48,True
user_ba1d562061,31,True
user_cad439425e,96,True
user_60f9dff469,35,True
user_c2a5c6f726,28,True
user_7894935412,23,True
user_1e2ebae688,346,False
user_9abfbcd14c,346,False
user_4d7896e9f0,4,True
user_7a045e2754,4,True
user_5a4c02050a,4,True
user_64b1d57981,4,True
user_47c2c75e22,347,False
user_6f6d0c27cc,347,False
user_4b8857887c,19,True
user_1b10980861,9,True
user_5934accdce,83,True
user_60fc57fc61,58,True
user_d3ab8f8540,58,True
user_611d60592e,4,True
user_f45ec97e7f,27,True
user_fae4cf18b2,345,False
user_397fa1dce3,348,False
user_9a0ffc79e4,348,False
user_65bcaca986,96,True
user_2452360fd8,35,True
user_d41b0466c8,58,True
user_09f1a64807,45,False
user_8dd6d23286,2,True
user_4d2c869530,2,True
user_9046ffb463,349,False
user_21b9bc6633,349,False
user_a68e96329b,67,True
user_6c299c77b2,13,True
user_8f39063850,42,True
user_92a4c0abb5,2,True
user_fc76f580e3,64,True
user_274c9542d6,14,True
user_85fcf59f58,14,True
user_02eb533fe3,350,False
user_9d29a6d027,350,False
user_c5b6eb4bbb,351,False
user_1c7ef330e7,351,False
user_739c779cfa,5,True
user_71f66bcabf,46,True
user_3d1b591ec3,96,True
user_e2dcb11777,96,True
user_b211ea0f39,5,True
user_50892e8136,352,False
user_1ac22a3f0d,352,False
user_b9ea93e6b7,7,True
user_92277f85ff,39,True
user_f581d086d6,5,True
user_856c39444e,61,True
user_d003e36e6c,39,True
user_17618c9142,353,False
user_a1d567718b,353,False
user_7c3b39a52b,56,True
user_7b1a3487a7,58,True
user_1d9de562d6,14,True
user_970b9bc887,351,False
user_ab9eda19a1,14,True
user_63c446f3f8,58,True
user_876a0a24d4,58,True
user_2071d96f67,18,True
user_2a24b6bccc,354,False
user_dbf30162f5,354,False
user_a809706b53,12,True
user_607b9af353,96,True
user_82a483bf69,18,True
user_72fe36852d,23,True
user_2d82717889,66,True
user_898c0d90c8,5,True
user_e2b83ef7cd,88,True
user_9ffad412c6,23,True
user_f4ffc3514c,0,True
user_7e761297b1,0,True
user_ee31cf02a3,58,True
user_267577d2f2,58,True
user_fb70fa99d9,14,True
user_431ce34453,80,True
user_4b605b974d,355,False
user_8e3e7805b4,355,False
user_f8cdc4c6d3,12,True
user_ced76654b1,356,False
user_e631c2fea3,356,False
user_160d6306a6,39,True
user_90f296c941,5,True
user_d77d72bae3,35,True
user_466863369f,14,True
user_25de63ad01,18,True
user_c9a22fed69,23,True
user_da97a96370,28,True
user_cba14cee66,15,True
user_8b0619cfd8,15,True
user_0fb91b8347,96,True
user_d983437d62,22,True
user_8e8b3273bc,22,True
user_3ff3fbd58f,88,True
user_ad975183b5,88,True
user_b80be7c7f7,19,True
user_163e9d752d,96,True
user_82a5e816f3,39,True
user_3d628174a7,88,True
user_7e187e704b,33,True
user_b62ed63076,17,True
user_7fd62134f7,64,True
user_81fc02d711,88,True
user_a481b93794,74,True
user_426d4b8e46,341,False
user_7ab5feedd9,88,True
user_26521e21dc,88,True
user_d7eb152510,2,True
user_fe6bebd93d,2,True
user_6a081aa2af,2,True
user_d6180e8509,61,True
user_14baac5d28,5,True
user_c8e66d5e36,33,True
user_2b756fbc60,42,True
user_eea1795825,39,True
user_1b4c399307,357,False
user_c1afaf417a,357,False
user_6d0c40efec,56,True
user_288d35df17,42,True
user_ce76a1d4e0,64,True
user_d7de8799c9,67,True
user_ff661525f8,0,True
user_7f9d2e88fd,12,True
user_88994656e1,74,True
user_4314e0d3a7,19,True
user_d94baac903,358,False
user_0a18023369,358,False
user_20d6b91b12,64,True
user_91a180c0a1,22,True
user_a769b69d72,33,True
user_237f3e0dcd,28,True
user_559461ca01,28,True
user_1d0dc0a9ec,14,True
user_abe962c40e,5,True
user_cdd0306b38,28,True
user_54e38aabe6,359,False
user_0712807207,359,False
user_fcd0e3d973,66,True
user_6dd150dd57,88,True
user_6a1bc63df0,359,False
user_efd7d239ce,359,False
user_a0b83fe94c,88,True
user_cc1238b5c3,28,True
user_896a4ac622,28,True
user_1382992f34,88,True
user_f1a08a791b,80,True
user_01b7ddb2d3,80,True
user_1773958a08,88,True
user_760d520f70,88,True
user_0ba0627dc5,88,True
user_e7d4d38c25,83,True
user_06f2d79e4c,83,True
user_f5a984a93b,67,True
user_041ed47ef4,8,False
user_ba14cc9119,80,True
user_1a741c3fb6,80,True
user_5bd0a500e0,80,True
user_e70cc01ded,17,True
user_4368e6bdd1,17,True
user_ae1be3eae2,8,False
user_a57c1675fd,359,False
user_c9b22e7c54,88,True
user_adb9480d3d,39,True
user_b886227674,115,True
user_7382f31c3b,88,True
user_1fb5398a96,88,True
user_20a64470a7,88,True
user_f9f6a6859c,80,True
user_5d03371d19,345,False
user_c030210f19,88,True
user_73e31ce678,88,True
user_9c2ee56db6,61,True
user_fd0efa312c,61,True
user_683f687c12,88,True
user_676325fd7d,359,False
user_5d0f6e6cf4,88,True
user_7a2892c08f,83,True
user_59b4ace81a,88,True
user_2c83dba42a,88,True
user_f19b48abda,88,True
user_657fbd80ce,83,True
user_2d00b9222b,83,True
user_b1dd9d1f4f,61,True
user_11dfcb80a9,48,True
user_dc3d634832,83,True
user_8e4a1826c2,83,True
user_456eed72d2,88,True
user_3eb706a8a6,360,False
user_1046055969,360,False
user_6ffa936108,88,True
user_d11de029bd,88,True
user_08b44a0b56,67,True
user_d4ca5955fe,361,False
user_f824ce0798,361,False
user_45701e5a5b,362,False
user_a0ad9e0515,362,False
user_267b1405ab,67,True
user_b939ba9981,88,True
user_c3af084727,88,True
user_2086c2eece,13,True
user_61ee84803d,363,False
user_a4f4358425,363,False
user_b3066a6c7c,88,True
user_830b51832f,12,True
user_2e837d5aa4,12,True
user_b955616cfd,61,True
user_4202f7c7a3,28,True
user_4c924701c9,88,True
user_ffd879133a,88,True
user_64df3e25b9,23,True
user_701df8d5ee,61,True
user_f0b531384e,88,True
user_f8c04da977,22,True
user_aea92b1de1,364,False
user_796be0ce3c,364,False
user_969713c734,88,True
user_18ed5ffc81,88,True
user_f4263d634a,88,True
user_406d4e59aa,88,True
user_d4bb540627,61,True
user_1ca8deb1cd,88,True
user_8fcd03ed3e,12,True
user_1d5dcde4e0,88,True
user_888d349c19,61,True
user_52c7233f43,359,False
user_125dc3bf79,66,True
user_6d14a4d57a,365,False
user_6b83282ff8,365,False
user_37f49bdb0d,22,True
user_2ae9295b56,59,True
user_8d09a2c679,59,True
user_f57dbbe236,365,False
user_7ccea8a6ad,365,False
user_c7655c6ebe,88,True
user_2109f886bd,22,True
user_8ce427048f,366,False
user_52b63a91f2,366,False
user_c822875b89,66,True
user_2686e0b24f,61,True
user_470cfa185f,28,True
user_a5790f2981,115,True
user_2a095c84c9,28,True
user_6f6d6fdd4d,66,True
user_006be186c0,61,True
user_16c4e292f6,61,True
user_ff029dd100,67,True
user_8c10224653,0,True
user_e7263dd22e,0,True
user_c662ea5836,367,False
user_d4c46d5d86,367,False
user_197bbda5e2,22,True
user_1fba9014d3,28,True
user_fd5f029435,353,False
user_a6a41557d4,88,True
user_1f71747665,22,True
user_9a02364ad8,28,True
user_249de8151a,51,True
user_31441eaafe,88,True
user_3d05eab8af,88,True
user_ed758a892b,18,True
user_4e51d32376,19,True
user_c9b6391073,19,True
user_6942e51a31,368,False
user_237ca6d8e8,368,False
user_106126ae2a,40,True
user_cde7dbeca7,359,False
user_fdcee0d213,88,True
user_71d2b6dd6f,88,True
user_11f3d8f9ce,88,True
user_4fb156cb1b,96,True
user_24c3bba52c,58,True
user_6d30941b91,364,False
user_febbd061bb,369,False
user_21d4b08afa,369,False
user_c610725929,58,True
user_097d33e2de,83,True
user_256185035b,48,True
user_b3303febd4,96,True
user_94c030e69e,88,True
user_d166083fb5,88,True
user_2e011dda35,11,True
user_e755bf2958,11,True
user_244af1915b,30,True
user_6ab8d8919e,30,True
user_e2f0598b61,61,True
user_ea651c6c77,46,True
user_f1e543fe99,88,True
user_482e544b5d,61,True
user_5018c3c32b,22,True
user_db4e4046b8,370,False
user_fcea96b0ea,370,False
user_3994a4ab18,35,True
user_a89fe4a093,35,True
user_c74a4dbf74,58,True
user_095badaa15,368,False
user_69a75ddac6,35,True
user_f429eb34f0,371,False
user_6ea5e4a98d,371,False
user_a04d309483,61,True
user_32f14bf9d6,28,True
user_4f9aa2b780,96,True
user_bc6532028e,30,True
user_0d25bb0866,372,False
user_5c41becf76,372,False
user_810f910b6b,37,True
user_c18114a62f,37,True
user_698c2fe35f,88,True
user_9fe519593e,30,True
user_600ffc2f88,88,True
user_202152053d,58,True
user_e312e26b0c,88,True
user_483ce7d6a3,22,True
user_febea4a987,88,True
user_53c87c24b3,373,False
user_f81b2bf124,373,False
user_94bb57226b,33,True
user_98b04b5fa6,17,True
user_f66f5ddcfe,88,True
user_1dd4d616ed,88,True
user_c2214f82f9,88,True
user_335c250fb9,4,True
user_23cd6d0b1d,374,False
user_d8db51dbfa,374,False
user_f1fdfbcfc5,88,True
user_9643be7068,61,True
user_59b60f4497,375,False
user_882b0c22e7,375,False
user_6afdcc6afb,42,True
user_cb242454e4,42,True
user_2303e6eb59,27,True
user_819209c39d,27,True
user_5e32dfbfd6,42,True
user_38a7e772fb,28,True
user_8e0ef0703f,58,True
user_9cdec6e62e,58,True
user_4e83169d4f,64,True
user_2c90fc0c7b,374,False
user_7a1e43a7a5,11,True
user_0007e5a472,88,True
user_47f8f7a7f1,88,True
user_3b3eec5218,28,True
user_be5e3aa78e,376,False
user_6abe077ef1,376,False
user_278d321094,27,True
user_dde5a32083,30,True
user_fd9e4ae058,30,True
user_cd04af5ad6,88,True
user_d2510d7d8a,42,True
user_1ff3737f87,22,True
user_80cc0fbbb9,106,True
user_d85b670313,12,True
user_44c0f23123,27,True
user_85915533f2,5,True
user_45a3f1ea2f,377,False
user_6ec00e1f54,377,False
user_6947e0f18d,22,True
user_473ebc69ad,96,True
user_5c9e5fbc7b,61,True
user_d709b2deea,4,True
user_c91c4fcb72,5,True
user_f45d376ce7,18,True
user_9969e394b4,88,True
user_3394c8159a,96,True
user_7211448780,88,True
user_0fe855dc9d,58,True
user_9a868fb93a,5,True
user_92ad648e6b,66,True
user_7f08ce08f4,88,True
user_d2d0062a61,18,True
user_20c6a0043a,58,True
user_f726a16ae6,30,True
user_4ae43fe0af,27,True
user_a8a4b848e5,0,True
user_daaa24197e,27,True
user_d6829b15ab,115,True
user_ee71830bce,115,True
user_e33fef9eba,56,True
user_09fb35358c,378,False
user_f67f4b97a2,378,False
user_6497e6d458,30,True
user_1eab793fb7,64,True
user_6037bd2637,33,True
user_9b220d17ae,20,True
user_38e41b4df1,23,True
user_339e69d524,20,True
user_762e3f3f6b,5,True
user_9e0aa3cbbb,88,True
user_069a01c05b,30,True
user_ab69f59a4c,88,True
user_d0f5e15f3a,30,True
user_3ab7d4d872,22,True
user_e5f60af455,23,True
user_01da22b7e5,88,True
user_62cbd59c75,0,True
user_98b5f74929,12,True
user_d791a9f040,30,True
user_e2d314e6f8,19,True
user_6f026e410b,88,True
user_32adda9193,64,True
user_25171d851c,19,True
user_41c6a18760,30,True
user_4611aeb07d,64,True
user_9d1080c6a1,64,True
user_b11d261c58,12,True
user_5a79124a2b,28,True
user_8adcc613c5,22,True
user_290b1c6b81,40,True
user_15eceee3ce,375,False
user_2163c07394,33,True
user_703d0f2fcc,27,True
user_3144004f71,115,True
user_97c071e5c6,12,True
user_ce5b9b8e47,23,True
user_7075269379,12,True
user_875adf7443,23,True
user_48a2be5221,30,True
user_87c578ae21,5,True
user_ba02641d4f,12,True
user_d46803f806,28,True
user_30275c6c9e,67,True
user_b23de08c49,379,False
user_11851b777b,379,False
user_df86552a90,23,True
user_703f309776,30,True
user_fcfec0c85d,30,True
user_c266ac17ea,380,False
user_a2acf899ed,380,False
user_aca5c61de9,381,False
user_677420fd32,381,False
user_9b2f568c74,80,True
user_81246862b6,80,True
user_cd6bd946b0,22,True
user_309c5dddc8,48,True
user_3d3bf1802f,22,True
user_b0300765ff,30,True
user_e7c6f99159,23,True
user_1676383fd4,30,True
user_32969d4afe,22,True
user_93b689e99b,17,True
user_9192a95ce3,67,True
user_fd048962c2,11,True
user_1ce10f01c1,28,True
user_6fa1a26af7,11,True
user_792cd124ff,19,True
user_110834777e,28,True
user_f5797d3136,23,True
user_39f89001f0,382,False
user_d68e3a56ba,382,False
user_a4a7033587,11,True
user_d9e97c3f49,30,True
user_f7b27ad237,22,True
user_1086614911,106,True
user_6c427e98c1,80,True
user_17b64c735a,88,True
user_f3c51c47ad,40,True
user_b89a33d9f6,40,True
user_3351e5f5c2,18,True
user_575448758c,383,False
user_66c4dc797c,383,False
user_0395c6d88a,40,True
user_7d59dbd191,56,True
user_8ced13fcc2,22,True
user_446b97a25e,384,False
user_d198df7b2e,384,False
user_d8de650198,30,True
user_a1eef29837,4,True
user_f07eec4406,5,True
user_268fc475ca,28,True
user_277c229b6f,64,True
user_35c889febb,33,True
user_8570942cdd,88,True
user_8e0ab8a239,30,True
user_b4a8d973cd,385,False
user_435b6546cf,385,False
user_dc240cf353,67,True
user_33a83cdae8,14,True
user_912561c731,14,True
user_0e2ca1fb4b,19,True
user_4342ac1adf,19,True
user_1a2e294c4f,67,True
user_73ed3f2e4f,18,True
user_66713638f4,15,True
user_3a9483fd40,15,True
user_22a9b500ad,386,False
user_959356f2dc,386,False
user_6be20cd941,35,True
user_fb32118d62,35,True
user_859c601cd7,61,True
user_edef3d05b2,61,True
user_5db3c77611,61,True
user_d61650973d,387,False
user_cd6da8d1dd,387,False
user_2ad51d880c,61,True
user_5459184aed,88,True
user_eee252a248,27,True
user_ea3342dbd4,15,True
user_4866b15993,15,True
user_3241aae1e0,106,True
user_ddaf84fc5d,39,True
user_0bbc0bfc6b,5,True
user_f01c0c3838,35,True
user_5eaae81227,15,True
user_ecca9930c0,16,True
user_cac4161293,30,True
user_53540104a0,30,True
user_b12c62d625,115,True
user_2f02cb8494,15,True
user_c911829bd8,39,True
user_9ecadb1202,35,True
user_f4869c6eb2,15,True
user_21e87ed3cc,388,False
user_b0167d4caa,388,False
user_79356fb362,46,True
user_e2fa7b5c76,15,True
user_b9b142b62b,42,True
user_ca3c55cbc2,48,True
user_e837010ee5,37,True
user_2fcc505f7d,14,True
user_76f56ec15a,96,True
user_41873f0b40,66,True
user_a43b4361be,22,True
user_a2765a2d4d,35,True
user_a04de32078,59,True
user_ef4eabeb91,96,True
user_08c7c0e40e,22,True
user_401f8c3457,15,True
user_0e8d9b1a62,0,True
user_ba3b2ed5f5,0,True
user_acd5ed70b0,5,True
user_cd0bc40f9b,389,False
user_5507205e38,389,False
user_6a10053e62,33,True
user_6146e666ad,22,True
user_c30466dce0,4,True
user_e9d16bd6a9,390,False
user_68f749bfed,390,False
user_affe903133,59,True
user_10eaf84661,46,True
user_2e9099717f,46,True
user_1ab076b2a7,56,True
user_c486d24af7,56,True
user_9fb3090d48,59,True
user_46a0fd9d1b,12,True
user_b001e5c868,18,True
user_1fee9bf75a,27,True
user_3b549f07e1,46,True
user_cf2da91c38,391,False
user_eabee5f059,391,False
user_dcebc7fc1a,28,True
user_e2e0ecefb9,59,True
user_9ca1cd21a0,27,True
user_f117f76c59,392,False
user_35abb0a27f,392,False
user_2951fb147c,30,True
user_9a36e514ec,28,True
user_731c4a8f31,115,True
user_7b19efd4f2,56,True
user_2e14e7fbc6,28,True
user_eab0ecff83,42,True
user_a45fb6a539,42,True
user_db51cabe7f,15,True
user_1cae9a8b4e,28,True
user_dfbb858c64,39,True
user_f33574cc00,17,True
user_5c7a0e3791,11,True
user_1ab281ebe2,11,True
user_0e7eae4461,15,True
user_c8df675fb7,56,True
user_27db41345b,56,True
user_ac80cbdc7c,27,True
user_99c7ffbfa4,12,True
user_c5b9697e4d,23,True
user_7109b0be25,46,True
user_27b05dd04d,19,True
user_7ff3d87a34,115,True
user_20ac37f744,5,True
user_51678b80bc,28,True
user_59b3d16f18,23,True
user_a5e9762627,59,True
user_29edf562c1,46,True
user_66e471d515,27,True
user_b56ae45ab1,18,True
user_c9255ae20a,18,True
user_3c94d3359e,393,False
user_0f9f55dae9,393,False
user_668599c3b0,23,True
user_728d941864,56,True
user_e92d2fbfff,46,True
user_eb0b2393a1,40,True
user_7773b27c7a,80,True
user_a25da544dc,80,True
user_730bc9690c,28,True
user_74aaec46e6,109,False
user_cc13d92743,5,True
user_77fbcf34a5,14,True
user_2503cb0b39,80,True
user_8a19791bac,80,True
user_ec4d27a683,80,True
user_2b2aeed5cd,27,True
user_5041b8a09b,27,True
user_6fb66d3816,9,True
user_90cb06f1aa,28,True
user_993bbde0c5,394,False
user_080948bce5,394,False
user_3f4b5ca428,80,True
user_f1a9484171,4,True
user_e62751161c,28,True
user_d7d2ea3f75,39,True
user_9d10c4d23f,39,True
user_75fdd874fa,12,True
user_035db17eeb,395,False
user_ff0559b7d5,395,False
user_f127be98e9,28,True
user_85027e01d5,28,True
user_61daa33287,40,True
user_9a7efa088b,115,True
user_d8d7e54b98,80,True
user_80d18562ac,396,False
user_8b1b40eb53,396,False
user_b41d4f67b4,56,True
user_8fb52f2a25,5,True
user_f061897fc8,28,True
user_d5ffccfd9b,106,True
user_2e8c0357bf,80,True
user_36db44b7ce,80,True
user_a089196869,22,True
user_51b1a80f1e,64,True
user_1e8f425fee,14,True
user_f5faa05586,67,True
user_e97dfec083,4,True
user_1165db77da,88,True
user_8aaddad365,47,False
user_e89aecec52,40,True
user_4caefda8f3,303,False
user_9d948a0ad6,59,True
user_8bc2fa583b,4,True
user_6ec67a8726,28,True
user_4c64ab6e2b,73,True
user_97b90f0791,80,True
user_3728924142,27,True
user_e1f2fb36a9,28,True
user_58ca0bdf2c,5,True
user_67300cca8e,5,True
user_6159c7c5d6,88,True
user_afe4b59512,19,True
user_462409dc5a,22,True
user_7b1487ec45,22,True
user_bb47a12658,4,True
user_2beb56050e,39,True
user_101b7d582f,397,False
user_01f66a6ebb,397,False
user_3d206ab737,398,False
user_356198bc75,398,False
user_cf6f6420dc,15,True
user_ccc130bd61,15,True
user_451f5ca8e4,40,True
user_f5cfd827c2,399,False
user_72fd37d003,399,False
user_90a7f2ea0a,19,True
user_0e4039b245,23,True
user_56c82ff34b,18,True
user_38c035089b,4,True
user_c3267897a4,4,True
user_db073e69c3,5,True
user_d2a84a198f,80,True
user_0ab2dbab31,399,False
user_fff6195472,19,True
user_8d5a86de65,33,True
user_cf379b4106,19,True
user_c00bb35609,40,True
user_4d6589bb70,23,True
user_b7d08b16c6,4,True
user_93ea981097,5,True
user_5a19fd370b,5,True
user_18933289a0,399,False
user_33778a4e48,28,True
user_8ffa97307f,400,False
user_99c08a0dc9,400,False
user_6f802583de,5,True
user_2d166cfd26,5,True
user_587df1d49d,19,True
user_f195e445e0,19,True
user_bd3ba7429c,4,True
user_6158963b78,51,True
user_3aee5c08df,51,True
user_d8440a21d2,19,True
user_5442df6f4c,401,False
user_cbf2dc5c3a,401,False
user_7b9fa70cf3,14,True
user_bb425a261e,4,True
user_79dce367d7,12,True
user_2aeac0acb7,0,True
user_9540ff98ba,67,True
user_c9b7096ab0,4,True
user_8dfb2bedd1,35,True
user_8f5e4a0d76,12,True
user_dfe34d8fa8,28,True
user_2506c4f1c5,28,True
user_0350791634,28,True
user_2e4c9b029b,0,True
user_276b675396,23,True
user_76ea5213a2,4,True
user_5000c447e4,28,True
user_00a659ae92,0,True
user_578f197e2a,34,True
user_f28237096b,20,True
user_6f471d3ece,0,True
user_8a2d6abe3b,23,True
user_ec71c357d6,39,True
user_96258e96b5,34,True
user_8fdbe20db0,12,True
user_debdb68205,402,False
user_290a8ed641,402,False
user_08abbab99b,16,True
user_c1894f802f,16,True
user_7f2272bfec,74,True
user_8c2ca07fec,4,True
user_db0ece18e7,0,True
user_fde6aa026d,35,True
user_f22c0b4f92,4,True
user_43d0234cfa,11,True
user_1155246668,12,True
user_9566b94a2c,403,False
user_5315119cf1,403,False
user_092f2ae3ca,404,False
user_c5282c33a2,404,False
user_0851d98d1c,0,True
user_152c84b064,96,True
user_809bedaa7a,23,True
user_c4b70b2632,56,True
user_cce8661dfc,0,True
user_5e72cef413,0,True
user_e2b64baa74,115,True
user_5e5bb0b68a,2,True
user_16c189c01b,28,True
user_630872c11e,15,True
user_789ae88f20,15,True
user_a10f54d996,405,False
user_315e421408,405,False
user_f097351ddc,28,True
user_c55db1728a,406,False
user_081cb333d6,406,False
user_87aa921ecc,15,True
user_4968bf12ce,28,True
user_211ae61d4b,23,True
user_d8afb7d3d2,64,True
user_058f62318a,64,True
user_bf40e42a98,23,True
user_487e768f2c,0,True
user_aa02179ca5,5,True
user_7e9c907f30,28,True
user_06cf02fb8e,28,True
user_00f43cec85,37,True
user_aee19e6a4f,37,True
user_dcd54fc438,15,True
user_83f7642764,407,False
user_6828f3d82e,407,False
user_3a0106f7a9,2,True
user_80ed8563be,39,True
user_1421b428d8,39,True
user_5a1deaee65,28,True
user_a6b567aaa9,42,True
user_f866596b68,40,True
user_23a506e85c,4,True
user_99aa98a0e5,80,True
user_b44dc90602,37,True
user_e8098fb94c,64,True
user_d346fb207f,19,True
user_5b92c0c92c,19,True
user_825f4e9936,40,True
user_c9cbb47076,9,True
user_6c349e1307,4,True
user_732ec7c55a,56,True
user_3924884207,64,True
user_ff0239a288,11,True
user_3d464df6aa,59,True
user_d920acf1a9,59,True
user_c1e8cf5b09,11,True
user_bacb3671f0,408,False
user_9768e13ad1,408,False
user_b1be293ac0,28,True
user_d4c3fd4586,28,True
user_905b1ceb6c,58,True
user_bfae900502,48,True
user_2c0008f3d4,28,True
user_239d8139bd,39,True
user_7014f411f6,27,True
user_9a68af7914,18,True
user_4cee91baa2,5,True
user_24c54f6184,23,True
user_5c6773990d,28,True
user_258c028a42,23,True
user_9b0b89e403,28,True
user_cef0d029d9,51,True
user_74522de0a8,88,True
user_485034ea76,48,True
user_d06e4837ee,23,True
user_fe1a720cde,14,True
user_9270132b78,27,True
user_5d269134b2,40,True
user_27132d3e86,409,False
user_f003315e95,409,False
user_acfaba3ae1,410,False
user_9bf2afece7,410,False
user_485e8999c8,15,True
user_67c2e2ad8c,15,True
user_00723d25dc,276,False
user_4f0fa3907f,276,False
user_d19bb0866e,263,False
user_9b26719aaf,28,True
user_11aa3434d1,48,True
user_e828f9c90f,106,True
user_822dc799ee,48,True
user_3ad6be4eba,411,False
user_754a9c518c,411,False
user_a54f32a133,58,True
user_1355b135e4,17,True
user_8b7a5d4c7a,19,True
user_e9ee26ab0f,37,True
user_774cd272f0,61,True
user_c24b8024f6,30,True
user_b0dd4e2c9f,28,True
user_9be5327415,37,True
user_c3e0a37c2e,15,True
user_ea29c9de57,28,True
user_47d5bbf37a,2,True
user_b989fb781f,412,False
user_d61f047577,412,False
user_b21f2ea81f,61,True
user_a05cc951db,74,True
user_e42c867338,413,False
user_e92ed9b32c,413,False
user_9ddec1624c,28,True
user_6bc1adcf79,28,True
user_bf4161813b,19,True
user_9e8de18bfd,61,True
user_eb981fa58c,28,True
user_30b7981030,64,True
user_44cbcd855a,19,True
user_1b74120305,27,True
user_7da8cd3b4c,39,True
user_2724bb20be,61,True
user_583922c5e6,56,True
user_e59fc02f12,27,True
user_6a27eb7b6a,48,True
user_b49f55e590,18,True
user_4d3b53e010,48,True
user_e7e601244f,28,True
user_ac65c4474c,46,True
user_c133b838a8,27,True
user_bf968648f9,4,True
user_9a7779eb21,4,True
user_b4a6258403,40,True
user_d631062be5,40,True
user_45c015b5da,414,False
user_8e1bd0b6dd,414,False
user_78ec2e0fdc,23,True
user_7702f6edaa,22,True
user_84f21c4713,4,True
user_f160d20fad,14,True
user_f26706599f,35,True
user_710ba63e30,74,True
user_99bf02ae15,61,True
user_a584e13735,59,True
user_4133a00d0c,4,True
user_addb2ff820,28,True
user_ba27cb1189,5,True
user_01c5c88988,5,True
user_1cfbc72297,27,True
user_93e1a8ea84,4,True
user_81f5279805,4,True
user_717298bccb,64,True
user_07055e5f41,17,True
user_6fa297e47e,11,True
user_2ea8222e31,28,True
user_c20b0d890b,4,True
user_9a83b1394a,5,True
user_4a00abd099,30,True
user_1e33729d69,30,True
user_effd01dde7,415,False
user_4e60e17699,415,False
user_7cd2b93b54,39,True
user_962c29e0c4,96,True
user_f10fccd54f,11,True
user_217a5ca50c,20,True
user_3bab508278,17,True
user_fce7fcf269,88,True
user_f013130e81,4,True
user_88bd966882,416,False
user_64fe40d8de,416,False
user_107416a570,74,True
user_2b144b96e1,5,True
user_ffd4c21eb1,5,True
user_bb864f38e7,12,True
user_1110d74073,12,True
user_db0e8a369d,88,True
user_f39e73b3c2,23,True
user_e41bc695f3,40,True
user_4bbff9ddf4,5,True
user_cb78aadbea,5,True
user_4f79885e90,11,True
user_a1f8fcd2b4,12,True
user_12ccc3925a,39,True
user_103ca3ad2a,17,True
user_7dd1c54d4c,15,True
user_e172163150,56,True
user_ace333824a,56,True
user_264545720f,28,True
user_67a3f70048,28,True
user_b1a345c225,15,True
user_08d926a820,56,True
user_66df7b983f,417,False
user_f5d6c00e3c,417,False
user_75f648b56b,22,True
user_2c56551919,418,False
user_ab67c4bb45,418,False
user_f6b9c82fb6,35,True
user_0fcaab824d,30,True
user_258c7a6610,30,True
user_0d38f59544,56,True
user_890623af28,11,True
user_2294a39b43,419,False
user_09ba9e7bc7,419,False
user_3cbe044ad0,22,True
user_b142ca34d7,22,True
user_bb5f8edddc,30,True
user_85385da346,420,False
user_95fb464c27,420,False
user_e8919043d9,5,True
user_91a48b27c8,46,True
user_dbb42274f1,46,True
user_b2f4a2a2f9,18,True
user_2832d85b74,28,True
user_ba2395d82c,83,True
user_10b8f61c05,28,True
user_c4775fcb61,421,False
user_25d5cda483,421,False
user_633abf8969,28,True
user_05d3ae43a7,17,True
user_44227533bf,28,True
user_a249b52662,19,True
user_518af38f8b,0,True
user_e480a06159,22,True
user_00f5117d80,22,True
user_45475dca38,46,True
user_0563171457,22,True
user_8733737b37,422,False
user_a7fa47ff09,422,False
user_0bea09f23b,83,True
user_12bdc8c221,80,True
user_63fae377cc,64,True
user_c2c68a7e72,64,True
user_308adc9f68,56,True
user_8b731bb6f3,56,True
user_61415fb56b,28,True
user_1be72a5792,64,True
user_88b8c3d692,15,True
user_833514688f,64,True
user_51d1e77dbe,5,True
user_e615c06aff,11,True
user_30b91c150e,66,True
user_b56b8fa839,64,True
user_8407751c53,9,True
user_d48014f5c2,19,True
user_e92deb2871,64,True
user_b778daf320,64,True
user_d5ebaae7cb,423,False
user_06d38eb5ee,423,False
user_1173912d45,28,True
user_37efd09c4d,424,False
user_9ccce8d1c6,424,False
user_16c8491659,425,False
user_8cfd503e6b,425,False
user_ec13b734ad,88,True
user_d3eaa229d8,39,True
user_13bbe9e935,5,True
user_28a4280882,30,True
user_2cfb86b550,426,False
user_1105712c7c,426,False
user_0c4fbb8f7b,31,True
user_9a5747cef9,31,True
user_83d8b4b12b,15,True
user_7ca6aa6e79,423,False
user_77562fda71,22,True
user_df6f44b4d3,15,True
user_d10229edd9,22,True
user_464a8460de,115,True
user_fbd44ba9a1,23,True
user_70bf0e9ad8,46,True
user_39a700d72f,88,True
user_99ee6e886f,22,True
user_45ebd82669,2,True
user_2b3c16fc11,5,True
user_6af25be8a2,12,True
user_4e36e9c65a,20,True
user_1677e66185,37,True
user_05cd7eacda,22,True
user_1eee8d8911,48,True
user_65be0c2244,35,True
user_18d0e34791,35,True
user_9cf81aad50,35,True
user_7ce84adcca,5,True
user_4a9a4288f3,35,True
user_f4c3f9b82f,61,True
user_36cc5f218d,35,True
user_942ee86771,35,True
user_e3ca2b217e,11,True
user_b1139ec31b,9,True
user_236d0332d5,96,True
user_6a41e865f5,427,False
user_9f45ba1fd3,427,False
user_f61ac95af6,35,True
user_e9d8d09a76,428,False
user_b874b61977,428,False
user_ef616f0e38,35,True
user_5855e6fc51,51,True
user_142662b035,39,True
user_ba5cce0bd3,67,True
user_85455926da,39,True
user_1ed1d567eb,429,False
user_d63119beca,429,False
user_c7facdc0cf,13,True
user_c2577c4afc,17,True
user_c7b463779c,39,True
user_ba32a26345,35,True
user_1979f9b831,35,True
user_ae206499e4,39,True
user_a46ddff2e0,430,False
user_04ca8dfd09,430,False
user_4c52f658ff,96,True
user_3eb3e9743d,96,True
user_5d0cc2a8c9,39,True
user_2a882bfaf3,431,False
user_9f118ba338,431,False
user_e44b5f0b57,432,False
user_82e54c9684,432,False
user_0d7f78583c,5,True
user_9890a10ccb,432,False
user_f462fae2f5,28,True
user_09efd9e757,4,True
user_076d951cf2,30,True
user_b712091d8d,433,False
user_9a1c285879,433,False
user_f81fa5c824,4,True
user_efdef6519a,31,True
user_dd7bb03e76,39,True
user_a22be5824e,96,True
user_07e9be6eec,355,False
user_621deafb91,398,False
user_a729f94716,2,True
user_ed0a32bbe4,96,True
user_375e2c3cf5,83,True
user_4c57880463,28,True
user_8e61a72051,355,False
user_42e60c67a4,434,False
user_a26987d005,434,False
user_8d2b19d86d,15,True
user_dc9eb75d4d,15,True
user_04fc432018,115,True
user_ff2d5882c2,28,True
user_a4022f2b78,423,False
user_81b4072fb6,64,True
user_721fec80a3,28,True
user_c1392a569e,58,True
user_f8acef63b2,2,True
user_5cc3088a42,64,True
user_47036ba238,96,True
user_831b8d4d8b,64,True
user_b38f8cdbb5,16,True
user_dc45532ab6,12,True
user_a5498a54a4,23,True
user_ece00d74e6,28,True
user_de60c34c1c,19,True
user_515f975d44,2,True
user_4bca02ba46,115,True
user_3cd06b8497,28,True
user_074fefb62d,28,True
user_2005e51e43,64,True
user_c148017964,39,True
user_e4ce9430db,20,True
user_79ce0347d0,20,True
user_8ffe79a10b,426,False
user_0faacb2e35,187,False
user_87c95bc28a,7,True
user_6d34a41ebc,7,True
user_58eb81d5ba,56,True
user_1ae40a76dd,7,True
user_0cbbddf9e6,7,True
user_2ab95cf850,7,True
user_9b1184842f,5,True
user_b686dc4b4a,7,True
user_5b60a47911,56,True
user_f885c26447,7,True
user_49f808e0d1,18,True
user_0b30d2af4a,7,True
user_92ea6fb5b1,7,True
user_daf10a16e2,18,True
user_3a13012a44,18,True
user_35ba5cf3f3,7,True
user_c15b09fd0a,4,True
user_49f5ed7576,19,True
user_bc9be883c1,7,True
user_b749c9780d,435,False
user_b72fa06dc2,435,False
user_dcca50d491,2,True
user_a0935157c8,7,True
user_96fe36aea1,7,True
user_c826a7083b,7,True
user_fc9de0e761,436,False
user_06c85e71f0,436,False
user_a8c6216bc0,39,True
user_463ed7a9c7,80,True
user_e1d3d09ad2,437,False
user_804277e129,437,False
user_56c64a61ad,96,True
user_68ec320cef,35,True
user_b78d17f50b,35,True
user_53342f083a,119,False
user_f1254d2ed0,39,True
user_e90fde88d2,23,True
user_1d90931d07,28,True
user_c1b5619ed9,5,True
user_35ad441c9d,80,True
user_2bba5d0d64,15,True
user_c73af5c5ad,438,False
user_4589988bea,438,False
user_19031b0ec0,28,True
user_019dfd8855,1,True
user_0e3df87646,439,False
user_e1c2b4bfcc,439,False
user_e7c9e29a19,51,True
user_f2353b6ae3,5,True
user_4b4caf549c,5,True
user_c9e1946b66,5,True
user_1e1cbd1d3a,15,True
user_fffdf1ffcf,15,True
user_afe2dce027,5,True
user_6ff0db4dc9,15,True
user_81c4b4b294,439,False
user_545293be73,15,True
user_7364768ed4,39,True
user_3ef850452b,51,True
user_1c19ae8f5c,5,True
user_6c753e9a02,39,True
user_5bff7c5560,15,True
user_313b638f29,46,True
user_e2ffc6f5a6,5,True
user_7acf8e0b84,440,False
user_0e9706ed7e,440,False
user_b8fb4b5862,28,True
user_ff362a5ae4,7,True
user_32ef0397bb,5,True
user_56f781fecc,7,True
user_bd09a87701,42,True
user_058cf20fde,441,False
user_158869640b,441,False
user_c2cd9860b1,442,False
user_d48092bebb,442,False
user_b024cd2560,15,True
user_cdb830b220,28,True
user_3548be6c42,46,True
user_35229cf3cc,441,False
user_ba3f31c2c4,46,True
user_cd523a0122,15,True
user_467322bbfe,443,False
user_53c6f95bfa,443,False
user_0f902a7297,28,True
user_199a2394f9,23,True
user_ed7fb248fd,23,True
user_ee767df1db,359,False
user_927ce04332,30,True
user_591bed65a2,398,False
user_fae5f47fe6,30,True
user_2ad7e407f3,11,True
user_340b57e41e,5,True
user_472c3fb6ec,5,True
user_adafbacb08,15,True
user_661cb3e03d,15,True
user_cbdc86aff0,30,True
user_39cd4b6ccb,5,True
user_13beec48ab,39,True
user_e07be0fe85,15,True
user_d5258b8eb7,115,True
user_8e79d33d95,67,True
user_a1b05296dc,73,True
user_4a3259f4d7,5,True
user_b5f12fbb35,14,True
user_a718ccbf0b,28,True
user_22bc5adfe0,444,False
user_8a060df313,444,False
user_7ca2aff12f,18,True
user_59e00d8dcc,83,True
user_778fdfd522,83,True
user_55af4d8b9b,445,False
user_cccff3d08e,445,False
user_3250948fba,5,True
user_367b5302d7,30,True
user_b7b3e0d19e,7,True
user_abcf0a898c,40,True
user_84df781fe3,0,True
user_4e81b9bc6b,56,True
user_79711c5d15,19,True
user_bc437da611,83,True
user_f945c8cd6b,96,True
user_9fb2065434,15,True
user_a48a0be08a,446,False
user_b8f19c00a1,446,False
user_d6999cb4a7,0,True
user_3e00dffbd0,46,True
user_d30c8eab00,17,True
user_48c211d6c7,2,True
user_1f80b64409,2,True
user_ea59d3b4b3,30,True
user_c5eff9d083,30,True
user_df7b305b86,74,True
user_76b04affbc,30,True
user_0bd4e242c5,103,False
user_b7a09d9c53,7,True
user_04b1d3c61d,96,True
user_cb0135671d,15,True
user_74c7733550,115,True
user_0578c414b0,15,True
user_1341724c04,96,True
user_3e21c9a6c3,5,True
user_ed3b3d3ad2,22,True
user_d319bbf01e,46,True
user_4ea20d5e53,15,True
user_3378c0f30c,5,True
user_4ec37106f0,23,True
user_8b6cb88862,13,True
user_ff3b6b962f,40,True
user_6e81ac71fc,447,False
user_eb350acd4d,447,False
user_43bf4f466c,0,True
user_5eb7623ff7,66,True
user_996d679f58,66,True
user_e53dbba131,48,True
user_07a6e93770,5,True
user_7ebe9852fc,15,True
user_8f3b4f8c9a,27,True
user_cb4e3ea06a,42,True
user_4fdbfc1cc4,39,True
user_f98da14c7d,448,False
user_f1e0f57ea4,448,False
user_a77ed0e23d,56,True
user_3dc810bcb9,7,True
user_8c7a0b75bc,28,True
user_0c021a6c66,449,False
user_01cc6c458d,449,False
user_ece80580c2,23,True
user_e9ec66b30d,450,False
user_e1b631b9b2,450,False
user_9144320dd3,58,True
user_244b637f67,80,True
user_4b4533e878,80,True
user_159325adb9,58,True
user_6c222b3ad8,0,True
user_26de383fd9,451,False
user_c812152be4,451,False
user_3d62afa73b,58,True
user_fcb784f848,158,False
user_bd8a24e60e,158,False
user_eda3348138,56,True
user_a2d38b2146,0,True
user_4c3beb02f7,0,True
user_27f405f640,56,True
user_5e8788ceb2,31,True
user_c97f9d2f37,445,False
user_842240d720,15,True
user_2e20a8248b,80,True
user_996dcd0e5c,83,True
user_d25ad46be5,0,True
user_4a7eaafb63,0,True
user_9ee7c29b0f,15,True
user_a4bac4938b,15,True
user_c5a43c8b58,30,True
user_e47140c7bc,194,False
user_25351294c3,80,True
user_6455c47345,7,True
user_13d2418a22,56,True
user_0982523f8d,80,True
user_6c73cd559a,66,True
user_8a42402ee9,13,True
user_c45598a28e,452,False
user_27dbdf74fd,452,False
user_20b8d2052d,15,True
user_cab70602e8,46,True
user_be45921ffa,13,True
user_3bc5c3543c,0,True
user_0f1edd2b83,13,True
user_230814c645,96,True
user_daa8c8eec0,15,True
user_b931d93ebe,83,True
user_1e0c5f87e7,96,True
user_28ee386887,23,True
user_d3478de4a0,23,True
user_6916bf6862,0,True
user_7be6cac82b,4,True
user_1209dc41fd,39,True
user_727235e7b8,88,True
user_4bcdd2dc17,423,False
user_f81ff729fc,453,False
user_2ef08d488d,453,False
user_b34249c670,23,True
user_d2c6d111f5,7,True
user_0661eed1c7,15,True
user_69f7a13e3d,23,True
user_82a32e8b94,33,True
user_f4b0eb85f2,37,True
user_a4d52bbcab,454,False
user_0c2c9d11b6,454,False
user_0914b614c7,15,True
user_5e494d9b4f,4,True
user_ffa797d388,40,True
user_6a8db55ee9,23,True
user_e09d036901,59,True
user_bda46cc0ab,46,True
user_57e5e3d8a4,345,False
user_eb3b706025,5,True
user_841b94e1c6,5,True
user_cf61068bc1,4,True
user_552ced7865,16,True
user_e8800c4ac1,18,True
user_93e75f2a72,56,True
user_aea0a4c9c8,56,True
user_9eeddc28bc,115,True
user_4e646eb144,16,True
user_fe4704ea55,19,True
user_f841755a9a,56,True
user_56bd4b012c,23,True
user_cd46b391cf,455,False
user_87b07b0d89,455,False
user_01638abfc6,56,True
user_728d73d459,28,True
user_13d26d02bb,7,True
user_500fdc09e6,0,True
user_ddf15d8c14,64,True
user_0fc3286460,0,True
user_3b22f6d102,0,True
user_c4eed6c7c0,7,True
user_7b406e70ae,28,True
user_1985715c78,0,True
user_ab11d8680b,80,True
user_4168fe7347,0,True
user_642152843f,7,True
user_8955df3a8c,19,True
user_6a8f2ea053,88,True
user_321dcecd69,7,True
user_ae579fc137,34,True
user_79e5850d19,80,True
user_267ec2112d,80,True
user_c83e933cf7,7,True
user_11b629bf6a,7,True
user_b2b15a2254,0,True
user_7e295b90f9,23,True
user_d61187cbab,456,False
user_77f8288cbf,456,False
user_e48bad91d5,37,True
user_d4cc71f012,23,True
user_da07ee5e30,56,True
user_be7e954280,19,True
user_6b92b296f1,19,True
user_c131fdb569,19,True
user_7456138cf5,23,True
user_d25c860146,16,True
user_89df3d206c,16,True
user_06f6574a1b,30,True
user_3e04f8fc58,64,True
user_19e6bce373,67,True
user_cae896192b,457,False
user_9bfcd8434c,457,False
user_05887e2e26,5,True
user_3b8ff1510c,5,True
user_7c92ceafee,66,True
user_13ebd72911,37,True
user_a0bea245a8,19,True
user_6a18754903,458,False
user_06fe035cb4,458,False
user_683266d754,7,True
user_547eae2601,16,True
user_377f4bd7d2,115,True
user_ea06cf38d4,16,True
user_959a673b29,459,False
user_ffab61ab06,459,False
user_6967778a7b,459,False
user_570443127b,64,True
user_4e89b6b0d9,2,True
user_2f434ff98b,16,True
user_e7b90966e1,16,True
user_3544fce694,22,True
user_3b7692d210,80,True
user_a03c52c8a4,7,True
user_06aac407a0,48,True
user_81451115d5,88,True
user_6ff01a7ae3,343,False
user_8b5091e25c,64,True
user_2b5afadc3a,83,True
user_c989a24e72,28,True
user_0c59446fdb,67,True
user_42614be699,16,True
user_a0f1191665,23,True
user_ff5bcbb16c,16,True
user_540ea92c1b,115,True
user_b26c5ce310,30,True
user_1ebb0a2080,7,True
user_4ffd712036,80,True
user_63b6542756,20,True
user_5e2dfaaa07,5,True
user_8f58c78bcf,67,True
user_b70a0d6871,88,True
user_72ffcd03a1,64,True
user_a3eda08071,80,True
user_3b36aabce3,0,True
user_073328fb35,19,True
user_e370fb506a,460,False
user_31de1c83f0,460,False
user_43cf1eb426,19,True
user_14cfb28b3a,19,True
user_94d7cca702,461,False
user_acc4d7d2e4,461,False
user_a91a6ee482,19,True
user_3b14d5cd2a,20,True
user_b23d39367f,462,False
user_c2cb097369,462,False
user_df6500eab5,30,True
user_49cd59834e,15,True
user_71c42ae731,15,True
user_20944907ea,7,True
user_d575dc1b6e,20,True
user_4fe54459bd,58,True
user_0a47dde0d2,19,True
user_7b770499a6,463,False
user_c019c63789,463,False
user_8c2ef27cf7,51,True
user_31f37402ac,19,True
user_bc0e19d5f7,7,True
user_233bb12c76,0,True
user_7067a43f41,0,True
user_35addd70b7,16,True
user_20b4246f1a,464,False
user_531fe9d62a,464,False
user_f5082de801,19,True
user_3302ec120d,64,True
user_e15d8a0bbb,46,True
user_516d1d8261,7,True
user_4e8745736f,48,True
user_e72f21efee,0,True
user_3e7d2fb5db,5,True
user_3311c9adc2,19,True
user_40ad5de00c,9,True
user_2e664e947a,465,False
user_00551eef4b,465,False
user_9eb5c8fcfa,37,True
user_a0568415b4,19,True
user_40ea0d88b9,96,True
user_6ec1b2dc80,290,False
user_897186d025,290,False
user_0c12456fa3,19,True
user_e81cb0cb75,39,True
user_a201bb46c3,466,False
user_e2fbbf067b,466,False
user_8a336dbe0e,64,True
user_b5b13b0ee0,64,True
user_fc642a3789,64,True
user_762d24e6fc,467,False
user_1d5393fdad,467,False
user_591b0a5e24,64,True
user_b51149b2fb,64,True
user_08aa0d4e45,64,True
user_1b9091c9b7,64,True
user_9964a4ca50,0,True
user_0e133fd9e0,56,True
user_191f98a3aa,56,True
user_59fa8c815a,17,True
user_6f620397fc,12,True
user_53ca3c6431,88,True
user_bd99216dc2,64,True
user_b4210f34b0,64,True
user_832fa48e5d,64,True
user_bc35744489,58,True
user_4b89bcd33a,64,True
user_fa20f2649a,12,True
user_70ea80d7b1,64,True
user_73f2b68a37,64,True
user_6e8492596c,64,True
user_ec221eb2c2,64,True
user_20e3401c91,56,True
user_e7a80ff9a9,17,True
user_56f8d522a4,17,True
user_9fdaccec7c,64,True
user_69a0a38586,17,True
user_db0af9bac5,17,True
user_ea261b554a,17,True
user_5ec3f5d509,4,True
user_adec7dbb68,17,True
user_186c71b1f3,17,True
user_be0a8f67d6,17,True
user_05cde6f6f0,468,False
user_d1a13fa487,468,False
user_356ccb4ed8,64,True
user_8be3dd9683,28,True
user_0409f1e197,64,True
user_0d8cd9067f,37,True
user_4c5f026a31,64,True
user_99bcc41e9d,30,True
user_ddc0e29236,64,True
user_86710257a3,28,True
user_e674f54045,96,True
user_9dba44ee56,12,True
user_786e107cf9,469,False
user_20c2747722,469,False
user_54a34184b3,96,True
user_6252489cb5,96,True
user_845a63c5fe,56,True
user_32e14f673d,96,True
user_817b6e1571,96,True
user_6796510295,96,True
user_98f7196d4c,96,True
user_b227937327,115,True
user_ca77f0f879,28,True
user_573bf2a8f1,56,True
user_c2983d4d8a,56,True
user_f69fb859fd,15,True
user_3fffe768f2,23,True
user_7a7e956bc9,74,True
user_fb45f20193,16,True
user_8b2c149e0e,39,True
user_f7d8705beb,39,True
user_9d58885b80,64,True
user_e79effd2c2,23,True
user_5ac429b2b1,27,True
user_b0d9ea5b6d,39,True
user_0d5b85a2fe,18,True
user_f8afa28d66,14,True
user_bab12d4edd,470,False
user_5c24e586de,470,False
user_3bc1eaeaf6,27,True
user_f79925726a,28,True
user_6435acf92c,0,True
user_3ad0901ea0,18,True
user_4d004f2555,4,True
user_97c315eff8,66,True
user_cd414c73ee,66,True
user_4e53deb401,66,True
user_b978255090,66,True
user_49cb891cb3,18,True
user_8d028aed23,64,True
user_497eaca185,18,True
user_d596653422,458,False
user_328bb8ab2c,80,True
user_9f78418c02,27,True
user_8cc7c5acd5,27,True
user_343d596c8a,22,True
user_d49aef0d13,80,True
user_8ae7151b8c,19,True
user_180cbd1101,290,False
user_0dfa44013f,22,True
user_d7140f6714,9,True
user_adc4979dfa,471,False
user_a71746ab79,471,False
user_8044853b7e,18,True
user_cfda6a1967,470,False
user_6c083f643c,18,True
user_5b56bd95b0,17,True
user_705d2a8df9,472,False
user_ee3c30dba7,472,False
user_ad2b1247fa,14,True
user_d413d67d8a,40,True
user_472b1dcb49,18,True
user_2c12dd9690,22,True
user_ebfa61a747,18,True
user_ddf2f19a61,27,True
user_4447d3fb59,4,True
user_dfc43fa469,4,True
user_2a4786f2ea,18,True
user_cfb34dfa47,18,True
user_1975361b18,96,True
user_a7541c2b2b,59,True
user_e399044fd8,18,True
user_afe70f91ce,80,True
user_2c4cf813a4,14,True
user_de2bf09d9f,64,True
user_1e8c44767b,2,True
user_262cdce221,2,True
user_2c7c0b8870,0,True
user_f3e5e17cda,5,True
user_08c9afeecd,473,False
user_c953ba84a6,473,False
user_91cba81d96,28,True
user_2657b047cc,0,True
user_0435f0330f,2,True
user_3d1726a825,474,False
user_faf76a1bb2,474,False
user_231b372012,12,True
user_a9cbc9703c,56,True
user_1a44a8b5a3,40,True
user_004edf67d9,106,True
user_6079b65204,439,False
user_bf6909def5,106,True
user_d56923db3e,22,True
user_e14a8228d5,66,True
user_514925df89,0,True
user_82c4f8ee2b,106,True
user_075f906cee,0,True
user_06b093c6b3,22,True
user_37639ed58a,17,True
user_1fc0ef63aa,34,True
user_32ddcaa079,0,True
user_be9bf7f1bf,475,False
user_3dc53e42df,475,False
user_4140964845,22,True
user_e23b41ec2e,67,True
user_a92627568f,5,True
user_cd59c62519,28,True
user_39dff07239,58,True
user_b19ac8b169,30,True
user_d153486b76,56,True
user_62649abae6,4,True
user_5c45f76411,67,True
user_98514b48dc,59,True
user_916d895524,18,True
user_cecdbb0fd4,18,True
user_dfa054bee5,23,True
user_0cbc37722c,23,True
user_be0f661062,476,False
user_99ef0df3f2,476,False
user_d21860b366,28,True
user_0be0ceeac0,477,False
user_9a26d58b38,477,False
user_1c2a4f5c8f,106,True
user_a34cf5e9c9,56,True
user_6fb65a9a89,5,True
user_0ea06756cb,73,True
user_75e02c21cd,80,True
user_70650d5cfc,4,True
user_f3c2eb160a,46,True
user_6ad1944f09,56,True
user_6efd233cc1,37,True
user_0785e21563,106,True
user_d8dd55dc7d,23,True
user_493f96d6c1,39,True
user_618c79b28f,11,True
user_a199358de9,478,False
user_a5c568993c,478,False
user_5644af943a,5,True
user_3f7cdd5c17,80,True
user_7800862911,20,True
user_53c9494db4,80,True
user_24ed8a74d6,28,True
user_03f4121c6f,56,True
user_25a2079ce5,80,True
user_9a2a9834f5,23,True
user_0aa75c43cc,9,True
user_ee76d155a3,9,True
user_f9c4e91d01,106,True
user_4ea55bc0ac,106,True
user_8661d7ee86,9,True
user_cec185feeb,56,True
user_f02c3a7b0c,67,True
user_b4628cb606,18,True
user_7675e72ff6,18,True
user_5783f4dd44,18,True
user_e74a9e31ee,18,True
user_a77cedf5c0,19,True
user_1bab94bf77,12,True
user_f65d7a5e23,12,True
user_6424b2627c,27,True
user_ca6a8edd27,27,True
user_633db680c0,7,True
user_a821a0e74b,28,True
user_68026142c6,9,True
user_ddcdb171f1,80,True
user_4eab989ef4,0,True
user_8c62211876,27,True
user_cdf5e84602,39,True
user_4dd8d16c44,39,True
user_b7c50889cc,35,True
user_f43a939ce9,35,True
user_b1b679f3aa,28,True
user_fcdb5dac7a,46,True
user_6db5b7dc06,46,True
user_075400be3c,12,True
user_0eb6ff8cbf,18,True
user_89729a1aa4,479,False
user_5994cc86df,479,False
user_3503c71f45,12,True
user_f98f0dafd7,12,True
user_c61434d7e2,28,True
user_ca99d69cbd,35,True
user_ffccc9c324,27,True
user_ef5e93306f,13,True
user_58af3573c5,13,True
user_6b3bf6a8dd,13,True
user_1520ab709e,480,False
user_07ad46d4d5,480,False
user_9ffd428624,12,True
user_66e38f8660,80,True
user_5de0d01fb5,80,True
user_3412809fad,12,True
user_5d8460032d,12,True
user_1da7df3f08,31,True
user_075b374a1c,31,True
user_bc2d5791a2,56,True
user_86ee5c6c5a,12,True
user_8f5097ac64,31,True
user_588d7cbecb,31,True
user_25a6c8315b,5,True
user_c360d56853,18,True
user_f45ffd4ba5,481,False
user_0417206d65,481,False
user_58693a82d8,28,True
user_88474e8d28,28,True
user_177115e2a8,481,False
user_3a2f2f44f9,96,True
user_cfd4c19ec1,88,True
user_ad3e495dc2,35,True
user_6f17b54294,35,True
user_ea8fef5920,83,True
user_d3299a233d,35,True
user_8abfbc0221,476,False
user_307a00f36d,35,True
user_dffffa5526,35,True
user_c0b79ef4c2,12,True
user_15b80373e1,66,True
user_c2104aceba,9,True
user_93ec515579,4,True
user_f34a7648bc,35,True
user_64098611d4,13,True
user_a138ecf727,39,True
user_215354f701,482,False
user_2ec98c464a,482,False
user_74476a5fac,18,True
user_7d600cf2bf,227,False
user_4af4e66044,19,True
user_f093270ba3,35,True
user_4ffd9d5a9d,80,True
user_2512b39ed7,80,True
user_df49b505e1,80,True
user_33d63d872f,80,True
user_56917f446a,0,True
user_a0d407787d,66,True
user_145bd76796,28,True
user_fd4551d6e0,12,True
user_30cf1eb8e9,28,True
user_eaaa2e40a3,80,True
user_8eae884867,80,True
user_9695b6df03,80,True
user_2bd7504d60,46,True
user_1e313352f7,483,False
user_67def57f9e,483,False
user_d8f6f7b910,484,False
user_f7441c617a,484,False
user_448b4ed27a,485,False
user_f1b67ceebc,485,False
user_e3b29a8454,80,True
user_b311ebd26c,486,False
user_b0a4482cb3,486,False
user_80bc2a8acf,487,False
user_0f006e8bf8,487,False
user_e1dba489b4,80,True
user_5196af6dcc,488,False
user_df44f10f6a,488,False
user_fcf985cebf,18,True
user_cb94b7ce86,489,False
user_6ce518ed92,489,False
user_2cc2013f42,35,True
user_64c856a7f9,0,True
user_00ecb18bbb,0,True
user_c11155d91a,80,True
user_cc1a861d84,2,True
user_d92f057a2e,2,True
user_f0003a689c,80,True
user_c382ab090a,80,True
user_7acc7e11b0,80,True
user_a8929698c7,14,True
user_7e2fd26c35,14,True
user_faf4e1d911,15,True
user_6b5235bc0f,56,True
user_02f3105657,15,True
user_9283746a0d,15,True
user_ca022e0892,15,True
user_edc5e34d3f,16,True
user_8058220fc7,22,True
user_af4194cefe,14,True
user_26355ce1b0,14,True
user_7e2ff5e0fd,14,True
user_4cb48f1819,59,True
user_4aca8291c2,59,True
user_e5a115e245,14,True
user_c7afde8c04,14,True
user_d6e9819348,66,True
user_fc9805fc98,490,False
user_1bbcf5cbe0,490,False
user_091d478e8b,15,True
user_f15834c7b7,64,True
user_f6a331a67b,14,True
user_ae424caddc,14,True
user_a738a3e244,14,True
user_98fb480303,14,True
user_f373264420,14,True
user_a2ba72aa54,22,True
user_0a1ce8e842,28,True
user_5c66cd444e,7,True
user_06f212455a,491,False
user_ba1e101ec5,491,False
user_03cfed47c1,0,True
user_fdbf3e04a5,14,True
user_4435ab8cca,15,True
user_6ce128a0b2,15,True
user_4a0657b118,492,False
user_44f3995bc8,492,False
user_39fbde7f6e,493,False
user_6b29a7b485,493,False
user_8a14374711,7,True
user_3fb452dfa6,14,True
user_2044f5a1ed,33,True
user_4538c97bea,14,True
user_d8917d510f,14,True
user_9f7afe225e,14,True
user_70f22574f3,2,True
user_a5908fe277,494,False
user_3357a2bc61,494,False
user_4955ee7d22,14,True
user_6055f0e2ad,67,True
user_62c4e57205,14,True
user_b200d5c279,15,True
user_27e605d543,388,False
user_fd676e3022,15,True
user_229aad6c04,14,True
user_62c3d5f702,58,True
user_ebe09bbbc8,14,True
user_176eb343aa,14,True
user_b58f5c5cb3,46,True
user_291027c5fc,495,False
user_fb53cb82f7,495,False
user_176a3481eb,14,True
user_0b399f04b2,0,True
user_a0665df7f8,14,True
user_955eab8f24,14,True
user_f865fdd1cf,35,True
user_7c9015c44f,35,True
user_862125c97b,495,False
user_e67901da15,495,False
user_ef856dd4b0,496,False
user_1142229885,496,False
user_76c3fc6c0e,0,True
user_ec280099ec,4,True
user_1aca2118ae,15,True
user_87c4920bcc,15,True
user_dd324bd1ac,14,True
user_60c6bc1f5c,14,True
user_1274fc8c53,14,True
user_4efc70f6eb,15,True
user_c85b89b940,80,True
user_9296ec97e4,12,True
user_0a7ef54335,18,True
user_4239045a32,497,False
user_bc26e72687,497,False
user_9c917f808c,0,True
user_9e4ecea5de,7,True
user_e4b2b9888f,31,True
user_a786580bca,15,True
user_38afc790e2,35,True
user_ec00325b3b,498,False
user_d8e42d3dc0,498,False
user_572971e7b5,472,False
user_132213b11c,499,False
user_ce6c0ea7e7,499,False
user_927687c2a4,0,True
user_942e0228ab,14,True
user_4af11cf9cd,66,True
user_ceb07ed58b,27,True
user_8f8004717e,495,False
user_5c5a3efad3,495,False
user_e3403c7c47,495,False
user_89f5594cd6,96,True
user_88627d68f9,15,True
user_e6afa4419e,15,True
user_812857f307,16,True
user_33d7e0faea,35,True
user_032faf521a,96,True
user_dc03405f50,58,True
user_7485a4b4eb,96,True
user_2d7e03a206,7,True
user_bffff6b9ab,19,True
user_921b3ec0f1,500,False
user_5a6307031a,500,False
user_3fd7f497fb,96,True
user_f27ad0cc90,500,False
user_1fab88e8d6,19,True
user_c5855deab5,80,True
user_119f8a6b79,66,True
user_79c04e393c,66,True
user_8413720bb8,13,True
user_31a08c7614,13,True
user_db3b1b7410,19,True
user_4204eb7f0b,23,True
user_fd7c8c0032,23,True
user_2d34810d91,19,True
user_0a70a64cb9,83,True
user_045f9e8384,19,True
user_97a63ffad5,23,True
user_957e81058f,80,True
user_91e777e3bf,23,True
user_ecbcf68acd,501,False
user_8ea4521e89,501,False
user_30d837b1a9,15,True
user_98c75e8293,19,True
user_19d4a9823e,34,True
user_550a043453,19,True
user_162ae5b88c,19,True
user_44b4deed5e,23,True
user_a7a72f083e,80,True
user_f5396504be,31,True
user_7086a76e04,56,True
user_2d50c6338c,23,True
user_356ce3f562,245,False
user_5e3ab0a4bf,502,False
user_ae7ac4e352,502,False
user_471d7734a7,23,True
user_6126df3a54,28,True
user_351a734afc,40,True
user_ae1f7bb2a3,19,True
user_0664be868c,13,True
user_fe89ffda6d,96,True
user_ce98b68946,39,True
user_4507e66824,15,True
user_0f12ad28ef,27,True
user_8332d6275c,23,True
user_3a97abc236,503,False
user_92708e2d58,503,False
user_72ca865be8,504,False
user_f949dc75cd,504,False
user_655bb3105a,23,True
user_2a6caf5a8b,504,False
user_a7aea154c1,505,False
user_fc43452683,505,False
user_56099d7307,66,True
user_91aad45a20,16,True
user_4c4542c4bf,64,True
user_68331ea894,64,True
user_142382deb1,506,False
user_14fffd530f,506,False
user_d516d881c7,12,True
user_d131186001,507,False
user_2a442d4c81,507,False
user_ef2cc9625b,23,True
user_e963b4da01,356,False
user_a22ef9de71,508,False
user_b7950fc9ca,508,False
user_89e6676854,23,True
user_99e729f30f,23,True
user_335dbb4012,15,True
user_4e9c5ab5ed,66,True
user_d3159d6720,37,True
user_b072d80ccb,504,False
user_6078ef7957,509,False
user_77779a38dd,509,False
user_f38ecb23bf,15,True
user_903adac3a0,15,True
user_06ee86759c,508,False
user_19b9e2c396,28,True
user_5a2f04a2a8,115,True
user_c394fb1623,15,True
user_5062e225a7,510,False
user_52b7eb1702,510,False
user_790b7ca936,33,True
user_4a53676b7c,39,True
user_733bdd1847,15,True
user_95ab32187b,40,True
user_c7e0f36e23,508,False
user_1c3f7b2c74,508,False
user_c12e455297,40,True
user_3903616add,30,True
user_86fc1691b4,39,True
user_3139b1c6f7,66,True
user_5d2114dbff,66,True
user_ac5df6bdf0,39,True
user_6fa80b1b53,37,True
user_f0402acd9e,5,True
user_a66456aae7,23,True
user_c270f57a7f,9,True
user_1205a8cf12,34,True
user_fb562248ee,5,True
user_c6bab2e8d2,39,True
user_433a07cec8,342,False
user_851e96c0ba,9,True
user_ff2ae042a3,37,True
user_1035603db2,39,True
user_81e4a8fdfd,39,True
user_cc0939788a,37,True
user_7ad9f8af8a,39,True
user_ec1689552c,39,True
user_ab5cfc510e,7,True
user_687716c334,4,True
user_37b81bdb52,4,True
user_37d2f8810f,39,True
user_22b3fb174e,39,True
user_d7cbcf10fc,39,True
user_7d6f27c65f,511,False
user_60c41c3af7,511,False
user_6891416eaa,23,True
user_a563edd1fa,40,True
user_1cc8661bc7,23,True
user_bc0692616c,64,True
user_40e57dc3b8,28,True
user_b370c90613,39,True
user_384dab0db8,39,True
user_b2516dabd9,88,True
user_aa56bbcf07,20,True
user_57b3b4b62d,23,True
user_0375bec10f,2,True
user_0c987e2cb3,40,True
user_91f6aca6c2,88,True
user_72341f8f7e,40,True
user_baaffe78f2,40,True
user_bb35698310,27,True
user_a8214fa8f2,23,True
user_4c16e6411e,42,True
user_ce73a7149f,42,True
user_4a80620a1d,39,True
user_657efd47ec,39,True
user_9dfebd0ea7,37,True
user_e68aec5c35,28,True
user_0562a06a57,19,True
user_2624408b4e,37,True
user_48b9efba5a,5,True
user_3e1b725cef,37,True
user_aec1d78ebf,512,False
user_4c0d98ca10,512,False
user_7d52d6bb32,58,True
user_beff20f6a8,37,True
user_f1de815212,39,True
user_33c258cd95,432,False
user_14762b5190,80,True
user_bb6aa996b1,80,True
user_02b8bb91e0,88,True
user_52077ac8ba,513,False
user_8b8dc211ec,513,False
user_5dc347ed31,513,False
user_a8499041d7,15,True
user_a24def9661,28,True
user_c674d45b0b,28,True
user_2050a75ca2,39,True
user_af5b4cc349,37,True
user_e1df974d07,40,True
user_217a824600,423,False
user_1e446b77a7,40,True
user_08195c4bfe,23,True
user_a0b2dffeed,37,True
user_f73c57ecee,40,True
user_f9590af467,4,True
user_9fbe10b8c7,66,True
user_09ac50fef7,15,True
user_edd9364e38,56,True
user_dab7fc805e,56,True
user_f8e826d651,514,False
user_5d20e0f09c,514,False
user_fdfc041dbf,22,True
user_831999eafc,73,True
user_1d4c51b595,73,True
user_4dd966aeff,66,True
user_12419c5b5f,96,True
user_f542efa5ab,28,True
user_c5d9607911,56,True
user_7165d23fb2,64,True
user_98051e1efb,64,True
user_e7aab5fd06,23,True
user_fb0e0a5fd5,14,True
user_2bbd31f0d6,80,True
user_9e177aa3cf,19,True
user_3166e701a7,73,True
user_abb4e54c22,39,True
user_abac13a866,7,True
user_377e2d6d85,39,True
user_1be5c0ac28,106,True
user_e311818b94,73,True
user_141c6dc504,46,True
user_aebf7a2185,106,True
user_85e833a026,23,True
user_1255953ccf,64,True
user_d38ab40a02,5,True
user_5e3d4ffb85,515,False
user_777a007442,515,False
user_28368e01ba,40,True
user_86633e400a,106,True
user_737b4388ce,106,True
user_c8b1bf5095,22,True
user_272241b192,19,True
user_adf66ae1aa,106,True
user_35410536b2,231,False
user_a5dc377738,37,True
user_ed1e80b02f,51,True
user_40f3da0e53,17,True
user_ac40144ce3,58,True
user_c94ebf3ea1,56,True
user_c069cc040b,23,True
user_763d89c2ab,30,True
user_1f0233fc19,30,True
user_cc3c157174,23,True
user_4d90eefe12,505,False
user_e8da2fa15f,231,False
user_078b5275e2,19,True
user_72fad29bd8,35,True
user_0d38e97c00,28,True
user_e48247c964,17,True
user_cd057551f9,51,True
user_c7d271b0ca,23,True
user_628a4e1e6d,67,True
user_fc35d253e6,56,True
user_6350111b42,42,True
user_ba773fc9cf,88,True
user_6d6ca6d184,39,True
user_cccbb454e6,40,True
user_7fb48ef13c,23,True
user_e94bfa0549,51,True
user_73a37a78c3,516,False
user_4db93e6d5f,516,False
user_1d75c9ab7d,12,True
user_6522bcfc38,30,True
user_4d69a6e24d,51,True
user_f194f269ee,51,True
user_9d2f34e16d,51,True
user_9a9fe0b5e8,67,True
user_ca73206905,16,True
user_c7866fd57c,16,True
user_a04aed9a44,19,True
user_904aec95b9,51,True
user_7172dd3429,13,True
user_c52ff44fc0,51,True
user_55d87e0d92,51,True
user_4b6fa5e187,51,True
user_edd418d92e,51,True
user_4e453abcae,96,True
user_61c0111828,96,True
user_e475b17b40,17,True
user_945b254295,17,True
user_7497cbe966,51,True
user_57056ec64f,20,True
user_19ac5b72e2,30,True
user_7274a153af,34,True
user_ebaeae7ab1,9,True
user_2b70fec56c,51,True
user_22980d5618,73,True
user_38de59bd9f,13,True
user_bbed1a0af3,488,False
user_92157ad447,17,True
user_2ce514c84d,23,True
user_1739c4a39e,51,True
user_c1e2c3b0c1,7,True
user_faf669c4d3,488,False
user_936941915f,98,False
user_f65d884a4c,18,True
user_b35edefb3c,37,True
user_c58fb8d750,27,True
user_56fca3d168,27,True
user_cd5758fae3,51,True
user_c7e313326e,88,True
user_e2b75f7f14,39,True
user_a6035c71b9,22,True
user_6bb02f3b97,513,False
user_d89e036600,30,True
user_a80014a501,517,False
user_7c0281179c,517,False
user_3106083d96,2,True
user_ce8686a417,73,True
user_f1e204753f,17,True
user_735b082510,64,True
user_7b6fd9f516,30,True
user_779eb6f668,64,True
user_0680b0989e,64,True
user_cee2b62c50,40,True
user_e1ca3130c0,64,True
user_66b1539926,9,True
user_4297738915,37,True
user_b9065a664b,37,True
user_8920352d95,34,True
user_0de955eb38,64,True
user_8b0a764ef5,14,True
user_45bb81cefd,40,True
user_7754ef6b13,518,False
user_b3afbdf464,518,False
user_e0e077221b,13,True
user_e1bfff05e1,39,True
user_3f3ddee572,34,True
user_f11ef2e81d,27,True
user_c49cd308ff,27,True
user_96a36389b7,35,True
user_5f49051c02,519,False
user_cb4650cb29,519,False
user_1b2da129e8,520,False
user_6e33410908,520,False
user_6e2f37fb96,18,True
user_a5969584c3,23,True
user_5a5ff7b81b,64,True
user_077b0949d4,39,True
user_b2becc7827,521,False
user_181dd2b1c1,521,False
user_26d4a83638,83,True
user_5dd1184419,18,True
user_2d8ba32f07,19,True
user_2f927e7cf6,19,True
user_32489936eb,19,True
user_1a5ab86fd7,19,True
user_29dd42a357,19,True
user_e889db5b82,13,True
user_be1a9067d8,19,True
user_e2ee2681e0,5,True
user_6e2535f7b3,64,True
user_39071a255d,42,True
user_a7527e9dca,64,True
user_6a966cd786,14,True
user_470d12fdf5,14,True
user_8267e29803,13,True
user_f54b7135b1,522,False
user_8a2b3dd9da,522,False
user_923aedbb16,5,True
user_f06f8b76d2,5,True
user_384b657722,523,False
user_df7e66abf7,523,False
user_bf4d434988,22,True
user_0344d98d6a,22,True
user_61427af2a8,28,True
user_c1644357fa,39,True
user_ba3e25aca4,5,True
user_6095754576,19,True
user_c7ba643839,64,True
user_0eee4617ef,28,True
user_88c7dd6151,13,True
user_15a8614c8b,13,True
user_cba40adafa,5,True
user_d6bce2abd4,524,False
user_28ab68f9f0,524,False
user_6bf5134898,64,True
user_9dfcd5f257,5,True
user_43589542e1,22,True
user_45a7f70ac2,525,False
user_32032a28c8,525,False
user_2dff6e2f96,59,True
user_c69054ba40,39,True
user_342941eec7,5,True
user_ae70056efc,23,True
user_197025f4b5,64,True
user_8c7db3bddc,59,True
user_33d434cbb9,14,True
user_e18c8997cf,18,True
user_26750feccd,1,True
user_90a884da31,1,True
user_35dde81944,64,True
user_bf5d920652,526,False
user_c9112549cf,526,False
user_4d595ae9e1,48,True
user_087510e20b,28,True
user_d73a5a35d7,22,True
user_dd46be57c7,106,True
user_5730f1ce4e,19,True
user_b289e5cf2a,5,True
user_41dc94a349,40,True
user_d2a9a1bdb4,96,True
user_7396588c7a,23,True
user_c9f0c1fa6b,40,True
user_c50269fde3,40,True
user_971187c10e,30,True
user_339b272aa0,23,True
user_3898177fd1,19,True
user_0ef193867d,22,True
user_e9ac5c16e4,5,True
user_e9c10ed62e,58,True
user_57e2f677dd,58,True
user_ed796e647a,59,True
user_e44200eaef,23,True
user_2403364b38,22,True
user_999f88dcb4,35,True
user_6fd2d51f77,106,True
user_91c7e6a541,28,True
user_35dcade835,40,True
user_38c2d086ee,27,True
user_fdd0498b00,73,True
user_fa2c1ae4c6,9,True
user_5f2f46b405,7,True
user_27557d02f5,80,True
user_48e775075c,64,True
user_bb8c109a0f,40,True
user_2ab5fa8f4b,508,False
user_7bd790c2e1,51,True
user_c60b1238da,34,True
user_e11a8dd612,64,True
user_1dc1b2c975,40,True
user_b56e694b1f,0,True
user_0f6747fa07,58,True
user_42a47eda26,4,True
user_c885ac9f02,4,True
user_93d4af2df6,59,True
user_b12b93b110,527,False
user_abea50ccfe,527,False
user_9dce9239ae,85,False
user_dddc565f41,85,False
user_387fee0691,14,True
user_fe11a0e8e5,58,True
user_765889d767,58,True
user_e28dfc8006,58,True
user_b437dec7ef,40,True
user_80760b2eff,77,False
user_872f4736d7,77,False
user_686cc8b583,28,True
user_d0eb71600c,33,True
user_b838f550f5,58,True
user_642fa4b12f,5,True
user_ab7e33b42e,58,True
user_434c19b1f9,16,True
user_ba9b6b48d4,22,True
user_24aca6f2b8,58,True
user_5c8892e047,12,True
user_cd14fff86f,58,True
user_faf0ab4499,79,False
user_95938f9443,79,False
user_f22bda0f9f,80,True
user_92acc89763,4,True
user_ab1c27d707,58,True
user_85defdcb05,58,True
