kind,id,author
t1,p7ix6dq,user_0904139047
t1,p7ix5xl,user_76c3fc6c0e
t1,p7ix2w6,user_7d70d75349
t1,p7ix23k,user_25a773bc82
t1,p7ix02q,user_23880e8d0d
t1,p7iwzaw,user_ed5d1f34f3
t1,p7iwz0n,user_a24a0ad89b
t1,p7iwyga,user_088a3676b2
t1,p7iwx6u,user_e5508cbcee
t1,p7iww0n,user_0fac6e5c39
t1,p7iwv5l,user_f08870162c
t1,p7iwuzm,user_36d0af555f
t1,p7iwu79,user_5f94992093
t1,p7iwt0w,user_9fc4600b66
t1,p7iwroc,user_8d2b19d86d
t1,p7iwpgp,user_5001758eaf
t1,p7iwp89,user_4e5a3b741a
t1,p7iwo85,user_23cd6d0b1d
t1,p7iwmtx,user_d2bf0b5716
t1,p7iwm7g,user_a509273051
t1,p7iwlv7,user_75d8747996
t1,p7iwj2s,user_a509273051
t1,p7iwgs4,user_a6395e54fd
t1,p7iwgnf,user_04f73017e2
t1,p7iwfxz,user_8ed791a117
t1,p7iweu7,user_b39e394aa8
t1,p7iwefo,user_e6e2681ddd
t1,p7iwdb8,user_fa1a6e486c
t1,p7iwc4h,user_c890685908
t1,p7iwc3r,user_ad1e32bd9e
t1,p7iwbrv,user_bf3c649255
t1,p7iwasb,user_f1fc9d2a3e
t1,p7iwa9o,user_fa97d31633
t1,p7iwa1k,user_50baa6d3b3
t1,p7iw7tu,user_ee604a6c84
t1,p7iw771,user_b3fb033f33
t1,p7iw5l3,user_e8098fb94c
t1,p7iw486,user_cfedb3ab62
t1,p7iw2x3,user_8522ec509f
t1,p7iw2yd,user_6d0edf06c3
t1,p7iw16y,user_5ad809d4e7
t1,p7iw06v,user_45b890c30a
t1,p7ivzy3,user_b53fb33de8
t1,p7ivzx3,user_ee85b005d1
t1,p7ivy8v,user_0afebd4a6e
t1,p7ivy5t,user_cfedb3ab62
t1,p7ivy5c,user_7bea40d23f
t1,p7ivwh2,user_11ab64ecd6
t1,p7ivwb3,user_16b8f29e09
t1,p7ivw0v,user_f490672f51
t1,p7ivuna,user_50baa6d3b3
t1,p7ivu94,user_a5ef9f385c
t1,p7ivtka,user_16b21062a0
t1,p7ivt6d,user_97caf21091
t1,p7ivnc7,user_65ab4d9ca0
t1,p7ivmvb,user_562e387425
t1,p7ivl7h,user_473ebc69ad
t1,p7ivksz,user_343fb4bef4
t1,p7ivhrc,user_a4463ae335
t1,p7ivgi1,user_2b988b95bf
t1,p7ivfzl,user_ffd4c21eb1
t1,p7ivftm,user_d173395b9f
t1,p7ivfcs,user_5ad809d4e7
t1,p7iveue,user_08dc23cbb8
t1,p7ivd6j,user_a776881902
t1,p7ivcwb,user_36d0af555f
t1,p7ivawf,user_9c49725bbd
t1,p7ivat7,user_343fb4bef4
t1,p7iv6qp,user_9c49725bbd
t1,p7iv5g2,user_4099e2de43
t1,p7iv4em,user_1a182de884
t1,p7iv3dv,user_b1b4741cde
t1,p7iv31n,user_5330c768f1
t1,p7iv2p9,user_68e03b4ffd
t1,p7iv2k2,user_cc3e2e77a7
t1,p7iv0yo,user_c26db810b1
t1,p7iv0a4,user_09fbbe2cb6
t1,p7iuzow,user_9c49725bbd
t1,p7iuz5k,user_7085bc9b57
t1,p7iuyum,user_f4b2b257e6
t1,p7iuw51,user_06924089f3
t1,p7iuusa,user_1d713fecd7
t1,p7iupch,user_28b9e68a7f
t1,p7iuihn,user_265ef130ed
t1,p7iuh6l,user_5330c768f1
t1,p7iucij,user_7326350107
t1,p7iu9da,user_faedc04e2c
t1,p7iu20g,user_6999be3f0e
t1,p7iu1r5,user_355ab17516
t1,p7itz7c,user_683266d754
t1,p7k7dnd,user_1cb4300220
t1,p7k7dbb,user_72aa543f13
t1,p7k7bgk,user_32d3656c72
t1,p7k7an3,user_63adb678ae
t1,p7k7ahw,user_3bd0806808
t1,p7k7afm,user_c4db40548c
t1,p7k799w,user_ebae3e2740
t1,p7k776o,user_d043d78525
t1,p7k76ak,user_6dc32fdc93
t1,p7k74y6,user_83ba9efb38
t1,p7k74fs,user_83ba9efb38
t1,p7k74cl,user_a56a827c47
t1,p7k73oa,user_a8d8ef8083
t1,p7k72vp,user_fa19360455
t1,p7k71ju,user_8fcd03ed3e
t1,p7k71hb,user_7f2fdc0005
t1,p7k70xk,user_1db29f50b1
t1,p7k7060,user_2aa1505cfc
t1,p7k6xo7,user_bf17ec2ae8
t1,p7k6x20,user_c2c6d9dbc9
t1,p7k6vw2,user_59c933650c
t1,p7k6vtn,user_46c06e31d0
t1,p7k6vp7,user_a8d8ef8083
t1,p7k6v6v,user_2033dc94fe
t1,p7k6uvt,user_aa11963b0f
t1,p7k6ugv,user_0f2c77cec0
t1,p7k6sr0,user_2791ff2c23
t1,p7k6s2i,user_e0b7b20e01
t1,p7k6r40,user_24af08c3e5
t1,p7k6qcb,user_f33574cc00
t1,p7k6o6q,user_850e183ea3
t1,p7k6nhm,user_7929376519
t1,p7k6nbt,user_9ec76631f5
t1,p7k6mgg,user_d732e218f2
t1,p7k6l60,user_3203c8acdb
t1,p7k6kba,user_6386c7bf9e
t1,p7k6jv6,user_7d9f4a1b3a
t1,p7k6gmi,user_e0b7b20e01
t1,p7k6ful,user_d163d95ea1
t1,p7k6c6a,user_af9078f8b4
t1,p7k6c3x,user_50383b8ee3
t1,p7k69tx,user_3481a662c1
t1,p7k67z4,user_b42fbef8f0
t1,p7k66xe,user_05e05e3963
t1,p7k66yk,user_ef8b69e597
t1,p7k64qi,user_e793ad70cb
t1,p7k621g,user_30e9b7e097
t1,p7k61d2,user_dc326cfa40
t1,p7k616t,user_c4265584a8
t1,p7k610j,user_fa19360455
t1,p7k609x,user_19d0ac176e
t1,p7k5z1i,user_14aa854a02
t1,p7k5yk8,user_72e0e3dc23
t1,p7k5yec,user_98be819794
t1,p7k5xwi,user_1e5608e492
t1,p7k5x17,user_72aa543f13
t1,p7k5w43,user_07600cb5ee
t1,p7k5ug0,user_dd16a7947d
t1,p7k5tgz,user_6604e43ffd
t1,p7k5t6y,user_9598dae70b
t1,p7k5rhs,user_72aa543f13
t1,p7k5qox,user_160a92da1d
t1,p7k5qp2,user_47410ccd2d
t1,p7k5qq1,user_72e0e3dc23
t1,p7k5p1j,user_2ecf1150bd
t1,p7k5oy2,user_4ae8289179
t1,p7k5nwg,user_d5285162fd
t1,p7k5ndm,user_9598dae70b
t1,p7k5lkh,user_b83d9eb601
t1,p7k5lc2,user_4e663d6f59
t1,p7k5kg6,user_72aa543f13
t1,p7k5jqz,user_c9b22e7c54
t1,p7k5jjc,user_867af78ddb
t1,p7k5jgh,user_a9663230a5
t1,p7k5j5u,user_22113aa135
t1,p7k5hci,user_0f86ff156a
t1,p7k5fzq,user_70bd51410a
t1,p7k5en6,user_6b5be71085
t1,p7k5ejj,user_72e0e3dc23
t1,p7k5dq3,user_8fcd03ed3e
t1,p7k5d8d,user_05e05e3963
t1,p7k5chq,user_a2f0411932
t1,p7k5c6d,user_cd7bd7c6b2
t1,p7k5c06,user_8a7bf4b62d
t1,p7k5anx,user_2b422ec9d3
t1,p7k588w,user_f666070755
t1,p7k57ge,user_362c73d9b1
t1,p7mf2km,user_04e6407de3
t1,p7mez9s,user_830844b2bb
t1,p7mewc2,user_ca1e4619ee
t1,p7meu3z,user_55e9739095
t1,p7metpl,user_f08c93c97b
t1,p7metd6,user_fe0447b3de
t1,p7metgp,user_ce8735cf7f
t1,p7meprf,user_150ce96a30
t1,p7mepmb,user_2c87842b52
t1,p7mepfq,user_bd1c7ebeef
t1,p7meo1f,user_08cf1be08e
t1,p7menrq,user_9664934f28
t1,p7mefv2,user_610f4a94a2
t1,p7mefmo,user_bffc7495fe
t1,p7meb0i,user_9e19cf9e30
t1,p7meat1,user_90b60460b6
t1,p7me8bq,user_b4457377ff
t1,p7mdvoc,user_227d48eef6
t1,p7mdsa9,user_06dda564ca
t1,p7mdo78,user_b4457377ff
t1,p7mdk29,user_4954acbf57
t1,p7mdfq0,user_a2228da28f
t1,p7mde3q,user_bffc7495fe
t1,p7mddc1,user_13e8543fba
t1,p7mdcj4,user_7e07c3d12b
t1,p7mda25,user_4cf771abcb
t1,p7md8d8,user_cecbad8f38
t1,p7md7bj,user_2a03219b12
t1,p7md65o,user_ef2ddbae3b
t1,p7md5l1,user_869d17ade1
t1,p7md4st,user_b4457377ff
t1,p7md31u,user_13fa898692
t1,p7md26m,user_32fd69deab
t1,p7md1ad,user_09fbbe2cb6
t1,p7mctl7,user_b622a3f054
t1,p7mcrb3,user_ca1e4619ee
t1,p7mcpek,user_b4457377ff
t1,p7mcig0,user_15bb922992
t1,p7mcho7,user_09fbbe2cb6
t1,p7mccmv,user_09fbbe2cb6
t1,p7mcc7g,user_2a7be791f3
t1,p7mcbdo,user_8693f98135
t1,p7mcaq1,user_70b94eab58
t1,p7mcae3,user_2a03219b12
t1,p7mc8zy,user_f881456a7f
t1,p7mc7e8,user_8693f98135
t1,p7mc6qv,user_5e1cb93980
t1,p7mc5g1,user_90b60460b6
t1,p7mc4ak,user_8df6f28a42
t1,p7mc45s,user_f881456a7f
t1,p7mbwil,user_b39ea9646c
t1,p7mbthr,user_b4457377ff
t1,p7mbr8q,user_bca6b2ffda
t1,p7mblm0,user_a270032826
t1,p7mbli6,user_04861bfad4
t1,p7mbl6b,user_2a03219b12
t1,p7mbl4z,user_27a8db8bb7
t1,p7mbemt,user_d4288f825b
t1,p7mbd6e,user_b35e7ec212
t1,p7mbb0u,user_8a3c64f9a5
t1,p7mb8ne,user_334027d70b
t1,p7mb89w,user_ee9828b16a
t1,p7mb78f,user_09fbbe2cb6
t1,p7mb1me,user_4993445512
t1,p7mb0xx,user_90b60460b6
t1,p7mazjb,user_1000ac9385
t1,p7maz8u,user_9ea098fe09
t1,p7maxqr,user_da96253a08
t1,p7mawq9,user_fc42023745
t1,p7mavc5,user_0607b351ac
t1,p7masr5,user_7db19b57ba
t1,p7maqsg,user_1000ac9385
t1,p7man00,user_3a5e63b76c
t1,p7mah30,user_b011754131
t1,p7mag0s,user_64fb5f73bd
t1,p7macn9,user_61ff4eddd5
t1,p7maaks,user_d97d866bda
t1,p7maa2w,user_2dbe877eea
t1,p7ma7yb,user_887a565920
t1,p7ma3x4,user_10b4455b93
t1,p7ma30n,user_87bac5ddc7
t1,p7ma0hw,user_e42e73bb58
t1,p7m9z5t,user_93fa4e2a1b
t1,p7okll3,user_0a404159f1
t1,p7okjz5,user_6b257111fb
t1,p7okj2p,user_2dc08fd103
t1,p7oki33,user_67bcf4bf12
t1,p7okhfv,user_9f60fc254e
t1,p7okhao,user_7a580cc52c
t1,p7okeu2,user_09006c9f74
t1,p7okd97,user_15bdfda2eb
t1,p7ok9x0,user_b0e1847641
t1,p7ok83c,user_c8cc6fb8fd
t1,p7ok5jb,user_9261618617
t1,p7ok4xy,user_e9f1285249
t1,p7ok3ty,user_23cd6d0b1d
t1,p7ojyay,user_fd98318c12
t1,p7oju9x,user_2e15d88045
t1,p7ojrhc,user_f025c24443
t1,p7ojp9e,user_83ba9efb38
t1,p7ojlh8,user_d3a6ad2d1f
t1,p7oji76,user_a55e221b75
t1,p7oji2r,user_74226adb66
t1,p7ojgd2,user_e637be5846
t1,p7ojbh5,user_2e15d88045
t1,p7oj6m8,user_047fd8d922
t1,p7oj65u,user_33aa44438c
t1,p7oj5y0,user_64a75722a8
t1,p7oj4fh,user_ccfebd3bc3
t1,p7oj0nm,user_b0e1847641
t1,p7oixi0,user_2dc08fd103
t1,p7oiwf8,user_2dc08fd103
t1,p7oivq4,user_cf66657cba
t1,p7oirhx,user_80b88bff76
t1,p7oiqnu,user_156aee79a4
t1,p7oipmt,user_e637be5846
t1,p7oipom,user_69e116c5e9
t1,p7oimte,user_b0e1847641
t1,p7oimq1,user_2dd7b035f9
t1,p7oih0p,user_72e0e3dc23
t1,p7oiggk,user_f6c5502d46
t1,p7oies7,user_4eb50b8e02
t1,p7oidpq,user_16a3395d08
t1,p7oidde,user_56126d54b3
t1,p7oiazc,user_d7b4240f75
t1,p7oi9qn,user_c41a498a5b
t1,p7oi9bb,user_309b1298d2
t1,p7oi8tp,user_b83d9eb601
t1,p7oi7zc,user_b0e1847641
t1,p7oi7l6,user_aa86043333
t1,p7oi6tf,user_8d0a79aace
t1,p7oi603,user_695f64d58a
t1,p7ohyxq,user_ab4c76082d
t1,p7ohxir,user_c431506271
t1,p7ohwxp,user_c41a498a5b
t1,p7ohx0r,user_8e5dc93dee
t1,p7ohvie,user_695f64d58a
t1,p7ohswy,user_5498f881af
t1,p7ohoxn,user_c431506271
t1,p7ohoif,user_b0e1847641
t1,p7ohneq,user_c41a498a5b
t1,p7ohmji,user_16ad3b49ba
t1,p7ohksy,user_7d9a02135e
t1,p7ohjmz,user_95f6a57fba
t1,p7ohhxd,user_7927feeac0
t1,p7ohfu8,user_c1e57e5977
t1,p7ohfoz,user_b0e1847641
t1,p7ohf6n,user_7d9a02135e
t1,p7ohe86,user_74226adb66
t1,p7ohbs7,user_ccfebd3bc3
t1,p7ohb8t,user_b0e1847641
t1,p7oh86v,user_a3198d7ff9
t1,p7oh6bc,user_a3886c4d65
t1,p7oh44d,user_695f64d58a
t1,p7ogjl0,user_8d0a79aace
t1,p7ogi5j,user_e54bcf0383
t1,p7oghzq,user_3c0db2e638
t1,p7oghk3,user_a55e221b75
t1,p7ogghh,user_26a829c94c
t1,p7ogc9c,user_19ed266316
t1,p7oga3n,user_4a18e5fbf3
t1,p7og8pk,user_e914dc9093
t1,p7og5bj,user_2af4a0e084
t1,p7og34z,user_75c4c26947
t1,p7og2to,user_e54bcf0383
t1,p7og2tx,user_c37020d4c6
t1,p7ofpxm,user_41a565aa73
t1,p7ofoy8,user_d294206070
t1,p7oflnb,user_23ce124064
t1,p7ofeic,user_ec856999d7
t1,p7ofe93,user_e54bcf0383
t1,p7ofdkp,user_f665d75e2a
t1,p7q6bbp,user_4338b71b14
t1,p7q6b7i,user_fed281ee69
t1,p7q6a9o,user_4af987da29
t1,p7q69tn,user_b70fbc3c09
t1,p7q6890,user_b44c6ec971
t1,p7q66iu,user_9ccb246db7
t1,p7q64ro,user_2de5f8d506
t1,p7q63mv,user_4c71cfdbd3
t1,p7q62za,user_8c42a33b1c
t1,p7q624t,user_63664a20f4
t1,p7q621h,user_3d533abe83
t1,p7q61ba,user_6848cb073e
t1,p7q6173,user_9b8d8c024c
t1,p7q6136,user_9325139d5e
t1,p7q60wn,user_80b72cc209
t1,p7q60r3,user_9ccb246db7
t1,p7q60g0,user_d8bbc8b769
t1,p7q5z7p,user_1117a52e81
t1,p7q5yan,user_d2ff184b63
t1,p7q5xhd,user_1301e430ec
t1,p7q5xf6,user_44eda86a1b
t1,p7q5wuq,user_5a55d2dea5
t1,p7q5w9g,user_777adc59a8
t1,p7q5vc5,user_156dff360e
t1,p7q5ud5,user_e5fd9aeeea
t1,p7q5t9p,user_88b9615b35
t1,p7q5pk6,user_8217aca15c
t1,p7q5o1l,user_37bc3e6768
t1,p7q5nv4,user_8f85e99b64
t1,p7q5m3b,user_e2555f8dba
t1,p7q5ktl,user_37bc3e6768
t1,p7q5ggj,user_6a6545efc3
t1,p7q5ew6,user_1117a52e81
t1,p7q5cnc,user_94add40ed3
t1,p7q5bom,user_37e64be49f
t1,p7q5bnh,user_34566a1bfe
t1,p7q5az8,user_d125126a99
t1,p7q598o,user_cd16130453
t1,p7q58i7,user_63664a20f4
t1,p7q57xe,user_72ffeac194
t1,p7q56rd,user_9269e2a06f
t1,p7q53uo,user_5d232e21e5
t1,p7q53cr,user_63664a20f4
t1,p7q53be,user_ed3d7c1f11
t1,p7q525f,user_a3f93d5b0d
t1,p7q50vk,user_7b815d7d44
t1,p7q4yed,user_ec318f3d53
t1,p7q4y6v,user_174468951b
t1,p7q4xld,user_63664a20f4
t1,p7q4xaa,user_7e30c6b0fd
t1,p7q4uo5,user_714467fa19
t1,p7q4sk9,user_2fd4ec01aa
t1,p7q4q8l,user_07a08b87c7
t1,p7q4pdb,user_4de7f39679
t1,p7q4oi4,user_9b5fcec671
t1,p7q4o22,user_ed3d7c1f11
t1,p7q4npb,user_7b815d7d44
t1,p7q4mmt,user_1250d2f550
t1,p7q4m6y,user_5dad48baa3
t1,p7q4lvu,user_fd9fa2a685
t1,p7q4lqx,user_bd7ba27a4d
t1,p7q4k57,user_1117a52e81
t1,p7q4hbs,user_8b17a8bc04
t1,p7q4h6a,user_c0ca70478c
t1,p7q4feg,user_3c8251f424
t1,p7q4c85,user_1a9d1395b5
t1,p7q4bub,user_cf93e83728
t1,p7q4bdv,user_17ba86e305
t1,p7q4bbf,user_788b12fb9b
t1,p7q4aj6,user_e8382cf234
t1,p7q49jy,user_d2ff184b63
t1,p7q49ah,user_19ed266316
t1,p7q48yo,user_42c16b5810
t1,p7q48ms,user_378343a6d4
t1,p7q47n2,user_ca3c6663c0
t1,p7q4537,user_70b7db4fe8
t1,p7q44zg,user_1a9d1395b5
t1,p7q44mv,user_bd415eac99
t1,p7q44ji,user_0a4fab40a2
t1,p7q44h8,user_3bd54ee7b1
t1,p7q43gw,user_844f92943f
t1,p7q42zy,user_cf187f4014
t1,p7q42vy,user_36c34ea398
t1,p7q42dw,user_e837010ee5
t1,p7q41kz,user_ca25ce5aaf
t1,p7q41mt,user_ce36281c87
t1,p7q3zqh,user_624d9388ca
t1,p7q3yjv,user_12d1092da4
t1,p7q3vvc,user_60b7ab8d70
t1,p7q3vto,user_c03f0623e4
t1,p7rgxfx,user_8b467d5866
t1,p7rgx05,user_433aaea094
t1,p7rgwjl,user_1780bce50b
t1,p7rgw7q,user_041e1f8363
t1,p7rgw07,user_33290cf492
t1,p7rgvds,user_5192f37ba1
t1,p7rgv3p,user_35869bbdef
t1,p7rgv4h,user_3a62debeec
t1,p7rguix,user_aa3f28b112
t1,p7rgu13,user_fafa817423
t1,p7rgst8,user_ab6f3864f4
t1,p7rgr0e,user_a456f49e69
t1,p7rgqfb,user_be4634c8e7
t1,p7rgq6h,user_135a62deef
t1,p7rgoxh,user_30631dea3b
t1,p7rgnud,user_be4634c8e7
t1,p7rgneq,user_530fb596f6
t1,p7rgnc2,user_455ca97c43
t1,p7rgksb,user_f5504229a4
t1,p7rgiw6,user_8d5b6ca663
t1,p7rggzl,user_762da0a7aa
t1,p7rgg0p,user_31e0514db1
t1,p7rgff1,user_59c933650c
t1,p7rgcm9,user_747237ac52
t1,p7rgb42,user_a3f93d5b0d
t1,p7rgb03,user_94e939d668
t1,p7rg8ji,user_6a05df5002
t1,p7rg7ua,user_6d25ca4212
t1,p7rg7ol,user_5f8df8b1d0
t1,p7rg7b1,user_7ad85ecd25
t1,p7rg5ex,user_135a62deef
t1,p7rg4we,user_a085e2b4b0
t1,p7rg4k9,user_2dda417b7c
t1,p7rg43g,user_a5d68cd4fe
t1,p7rg2be,user_50c303c97f
t1,p7rg22o,user_8268a8792b
t1,p7rg0wv,user_5a0cb65681
t1,p7rg0i8,user_4491d1034d
t1,p7rfz55,user_cec9da45f6
t1,p7rfxa5,user_b7587dd9ef
t1,p7rfqjx,user_e01716ad0f
t1,p7rfqey,user_3d818b15e9
t1,p7rfprl,user_fc434b2528
t1,p7rfp5d,user_33004046b3
t1,p7rfp1m,user_a5d68cd4fe
t1,p7rfoar,user_39dec5bb8c
t1,p7rfmbo,user_4299ff99b0
t1,p7rfkpc,user_1d9b5bd948
t1,p7rfk6i,user_9ec85cff3b
t1,p7rfj0a,user_2723a03911
t1,p7rfh05,user_319d647c1a
t1,p7rfgll,user_7ad5329e58
t1,p7rfg4r,user_abbb2bbf8b
t1,p7rff6a,user_5393904ffb
t1,p7rfecu,user_fcca731ff7
t1,p7rfcvh,user_98ded617a9
t1,p7rfc04,user_da9757b622
t1,p7rfboe,user_762da0a7aa
t1,p7rf94p,user_90c03902aa
t1,p7rf70y,user_09bf8ca0ae
t1,p7rf5yq,user_e01716ad0f
t1,p7rf5rs,user_b2a7d79e52
t1,p7rf3wq,user_005979d509
t1,p7rf28g,user_cbf2528834
t1,p7rf1n6,user_e01716ad0f
t1,p7rew9t,user_5c5d7bedaa
t1,p7rervj,user_d0a03a2286
t1,p7rer0i,user_b289e5cf2a
t1,p7repf5,user_61c1836915
t1,p7renkk,user_3a8dbed7f5
t1,p7rene7,user_cee72a67b0
t1,p7ren48,user_1d2b6ce82b
t1,p7relee,user_e53cd5e13c
t1,p7rel62,user_61c1836915
t1,p7rek90,user_a1ea7bdb54
t1,p7reiuq,user_4d0bdaa3cd
t1,p7regxr,user_f72b8a2d18
t1,p7refg7,user_1e877fbdd9
t1,p7reer1,user_e4e233daef
t1,p7redpf,user_f03d16337f
t1,p7red81,user_a7c2659b7b
t1,p7rec3x,user_e793ad70cb
t1,p7rebdr,user_a7c2659b7b
t1,p7rea7i,user_b2aee3dadb
t1,p7re893,user_7c3c2ce486
t1,p7re7sx,user_43088ea08d
t1,p7re6sd,user_a7c2659b7b
t1,p7re4pk,user_57855d6de8
t1,p7re4h2,user_77e525f425
t1,p7tnk0n,user_262ed8f561
t1,p7tnik8,user_9655581927
t1,p7tng0k,user_262ed8f561
t1,p7tnf6q,user_25e8325dcf
t1,p7tneb5,user_d3ccec15d2
t1,p7tne3r,user_c20651230d
t1,p7tndt3,user_b85c1c4ed0
t1,p7tnd5s,user_c9f007c0cb
t1,p7tnajf,user_298fa43a62
t1,p7tna4w,user_3136859850
t1,p7tn9ye,user_94002b672b
t1,p7tn9q6,user_a5fa3801e3
t1,p7tn968,user_c13b6d0043
t1,p7tn954,user_6dd90348e1
t1,p7tn8z3,user_b3895914e6
t1,p7tn7pk,user_dfb33668c6
t1,p7tn7pq,user_37c2489717
t1,p7tn77h,user_4f2ea057b2
t1,p7tn60q,user_7655da60af
t1,p7tn5r8,user_b2fcfdb8e3
t1,p7tn5l8,user_e44c8b62f9
t1,p7tn5dt,user_df3e2e4676
t1,p7tn36b,user_612e54496f
t1,p7tn2sj,user_503e8a73ff
t1,p7tn0ea,user_bdad2912b9
t1,p7tmy18,user_346acb8a98
t1,p7tmxph,user_a02434a408
t1,p7tmud1,user_7b35929932
t1,p7tmsqw,user_3fa5497a98
t1,p7tms9w,user_4c9e42a95c
t1,p7tms34,user_f3baf9e6e2
t1,p7tmrpo,user_ca8b7e5222
t1,p7tmrqp,user_71c5cd5408
t1,p7tmrka,user_939d303781
t1,p7tmr7y,user_6b30cd3e10
t1,p7tmqwn,user_176cb85056
t1,p7tmpoj,user_f025c24443
t1,p7tmpg2,user_38040ffc80
t1,p7tmp0p,user_6ff60a5728
t1,p7tmp1k,user_1b19ae2713
t1,p7tmnqz,user_28db04b989
t1,p7tmn1g,user_4a66a23e59
t1,p7tmmv7,user_3b282e57e8
t1,p7tmmdq,user_f4d7d37e98
t1,p7tmjdz,user_6c31c89839
t1,p7tmia6,user_7359ef208f
t1,p7tmi8c,user_9a27044c51
t1,p7tmhr7,user_f727dd2bee
t1,p7tmhhw,user_95273aac9e
t1,p7tmgxz,user_bbda239a46
t1,p7tmgwz,user_1c84ee3c41
t1,p7tmgkx,user_9ceca36fc2
t1,p7tmg7j,user_9a7efa088b
t1,p7tmdu0,user_612f1462e2
t1,p7tmdo8,user_c2f397d4f0
t1,p7tmdgq,user_b53c8d8ced
t1,p7tmcee,user_3c6d8d9e11
t1,p7tm9sb,user_e66ab5b1b3
t1,p7tm8yo,user_b931edb689
t1,p7tm8l9,user_08cfef89da
t1,p7tm8k6,user_8fe1e900ee
t1,p7tm6d1,user_25e8325dcf
t1,p7tm6dh,user_fbea69e0f3
t1,p7tm5ul,user_1b23c6fb6d
t1,p7tm16c,user_ee5c6de939
t1,p7tm126,user_bf98b07525
t1,p7tm00a,user_25d4778c39
t1,p7tlxpo,user_8a1d1b39f2
t1,p7tlwh7,user_472b1dcb49
t1,p7tlvqo,user_df3e2e4676
t1,p7tlvhe,user_394286c4d0
t1,p7tlvfo,user_ee5c6de939
t1,p7tlvfr,user_58379fd911
t1,p7tlujs,user_6aecfa6044
t1,p7tltee,user_0b891b705b
t1,p7tlt0b,user_23a8a76ac8
t1,p7tls78,user_338ba15378
t1,p7tlr98,user_ee5c6de939
t1,p7tlqv3,user_b53c8d8ced
t1,p7tlocx,user_084f033c34
t1,p7tlnp9,user_ea64af7756
t1,p7tlmxo,user_13202e3ef3
t1,p7tllkh,user_ee5c6de939
t1,p7tllb9,user_0b05335398
t1,p7tll1o,user_e7873225fe
t1,p7tlk5z,user_8e148d2d19
t1,p7tlk00,user_c1416aca57
t1,p7tlikd,user_49231fc02e
t1,p7tlh5z,user_398c4e5007
t1,p7vr18u,user_0fe3fbe947
t1,p7vqyww,user_43981776de
t1,p7vqyou,user_23f6de9475
t1,p7vqxbm,user_171feb4bf7
t1,p7vqwob,user_9ffe1c8922
t1,p7vqw8o,user_2a3d75fe10
t1,p7vqv42,user_96ceecc55a
t1,p7vquzr,user_e95cc8353d
t1,p7vqsht,user_9725bdf87d
t1,p7vql12,user_3208b821a8
t1,p7vqju5,user_7575261037
t1,p7vqj43,user_b277870ee7
t1,p7vqdf9,user_d59de6ed5d
t1,p7vqcld,user_09fbbe2cb6
t1,p7vqc4s,user_48397e082d
t1,p7vq9yt,user_08960aaf72
t1,p7vq969,user_0fee007a91
t1,p7vq8wa,user_9725bdf87d
t1,p7vq8wp,user_6c112fd43b
t1,p7vq7nd,user_d69c22bad8
t1,p7vq46y,user_6c112fd43b
t1,p7vq0qu,user_2faff3fef9
t1,p7vpzpb,user_e8ddf585ea
t1,p7vpyy3,user_9070670eb2
t1,p7vpyou,user_a4ae3f902a
t1,p7vpyfs,user_47940632c7
t1,p7vpy73,user_6b5ecf936d
t1,p7vpujs,user_cba7f7bea2
t1,p7vpsu4,user_09fbbe2cb6
t1,p7vprtl,user_24dc1710f7
t1,p7vpp0u,user_cba7f7bea2
t1,p7vpnsy,user_c279fefa56
t1,p7vpnuu,user_d40f7526eb
t1,p7vpnp6,user_40fa97adfd
t1,p7vpm48,user_d59dd11a31
t1,p7vpkwa,user_171feb4bf7
t1,p7vpj97,user_01c9f36758
t1,p7vpiyj,user_df26a1b679
t1,p7vpgfe,user_787b511143
t1,p7vpbjw,user_d41f4fa62f
t1,p7vp943,user_f9d955323c
t1,p7vp8jz,user_c777ae1a17
t1,p7vp79w,user_2a8c1f3e1e
t1,p7vp7a1,user_171feb4bf7
t1,p7vp6bo,user_3754c58523
t1,p7vp44x,user_871efc1d8f
t1,p7vp3zz,user_055abe17bb
t1,p7vp2tb,user_09fbbe2cb6
t1,p7voyvn,user_0093de23af
t1,p7vovso,user_0de2a80141
t1,p7voto1,user_99fd8ce6a3
t1,p7voqkh,user_0de2a80141
t1,p7vopti,user_2163c07394
t1,p7voo6z,user_e1a4656d99
t1,p7voo5p,user_72e04008a8
t1,p7vomu6,user_7cae0d7f9e
t1,p7volrh,user_afb3999f35
t1,p7vohtk,user_08960aaf72
t1,p7vog4q,user_0093de23af
t1,p7vofph,user_0a23ba3dab
t1,p7vof64,user_82960e79d4
t1,p7vocwc,user_9e40437b10
t1,p7vobil,user_3e7da21c19
t1,p7vo90f,user_3671056e51
t1,p7vo6jh,user_0ee79381d8
t1,p7vo500,user_82960e79d4
t1,p7vo49g,user_28416dbe7e
t1,p7vnz6v,user_ce8735cf7f
t1,p7vnwjv,user_0093de23af
t1,p7vnt22,user_4231bd2ab9
t1,p7vnrw9,user_54bc743440
t1,p7vnmlt,user_5a89a4a783
t1,p7vnm1w,user_3888f1496c
t1,p7vnjg6,user_150ea21c8a
t1,p7vnhxw,user_ce8735cf7f
t1,p7vngso,user_4cc7b5256d
t1,p7vnaww,user_39b1f88b99
t1,p7vn8wu,user_bea4ad291d
t1,p7vn8tc,user_2a8c1f3e1e
t1,p7vn5ps,user_951f781062
t1,p7vn3tz,user_1b3c9b3f9f
t1,p7vn2px,user_1453509761
t1,p7vn0vp,user_571a643e32
t1,p7vmzqy,user_2163c07394
t1,p7vmucg,user_86012705d4
t1,p7vmt91,user_58a042e81a
t1,p7vmog2,user_12d1092da4
t1,p7vmo9c,user_951f781062
t1,p7xa0ti,user_9b85d5a107
t1,p7x9ykz,user_7e4cc9d4f3
t1,p7x9yc8,user_e793ad70cb
t1,p7x9xq2,user_1b3c9b3f9f
t1,p7x9wt2,user_a3ce2cea4d
t1,p7x9wla,user_6d628ecf08
t1,p7x9wky,user_ebabe665ac
t1,p7x9w6y,user_a2ccfa2419
t1,p7x9vtu,user_a2ccfa2419
t1,p7x9vga,user_e44c8b62f9
t1,p7x9u92,user_a2ccfa2419
t1,p7x9tnv,user_9d65195d9b
t1,p7x9tft,user_a2ccfa2419
t1,p7x9tbo,user_872e7e327e
t1,p7x9sr6,user_c41b4845d5
t1,p7x9s8b,user_e8b5bd7bfc
t1,p7x9s0j,user_85e6d15275
t1,p7x9qrk,user_ec5abea857
t1,p7x9qbx,user_a3ce2cea4d
t1,p7x9py3,user_bcaa03ea29
t1,p7x9ots,user_400371a24a
t1,p7x9lsw,user_7abb398ba7
t1,p7x9lj9,user_6ff1bb1ec8
t1,p7x9l0j,user_9efcb5d7a1
t1,p7x9j21,user_3d05397515
t1,p7x9i8e,user_306b530b6a
t1,p7x9hvy,user_a236eb4512
t1,p7x9hn4,user_d66dba5e60
t1,p7x9fv7,user_17605d89ab
t1,p7x9fto,user_71f6dbe0f8
t1,p7x9flz,user_9a05ff7dc5
t1,p7x9ee6,user_5bcc8dd1b0
t1,p7x9da4,user_2c31f5a26e
t1,p7x9c8z,user_2af063d97e
t1,p7x9am4,user_71f6dbe0f8
t1,p7x9a4i,user_3f5bd081b1
t1,p7x99q8,user_58387f61fa
t1,p7x98es,user_3e60079596
t1,p7x96xc,user_2af063d97e
t1,p7x96fy,user_0fee007a91
t1,p7x95nc,user_72d16f27e6
t1,p7x952e,user_e32a2e7e02
t1,p7x94x5,user_3e60079596
t1,p7x9495,user_e33a5cad21
t1,p7x92wo,user_cf16e4e30a
t1,p7x92d1,user_340b3a9bf6
t1,p7x92b5,user_d66dba5e60
t1,p7x925v,user_a22cd7308b
t1,p7x91l7,user_2af063d97e
t1,p7x90nr,user_7411d2b14d
t1,p7x8zxn,user_6363ea831f
t1,p7x8zwm,user_a3ce2cea4d
t1,p7x8zqp,user_46f980db4b
t1,p7x8znt,user_cf16e4e30a
t1,p7x8zbm,user_f05b4ae6ac
t1,p7x8wfn,user_e8aff4a228
t1,p7x8vp6,user_1fa51ad2bb
t1,p7x8tab,user_8969b4dbdc
t1,p7x8shb,user_cf16e4e30a
t1,p7x8rq3,user_2af063d97e
t1,p7x8rmo,user_26ae7d599f
t1,p7x8rbc,user_528aff8783
t1,p7x8pt3,user_3e60079596
t1,p7x8opb,user_d9c4d5054c
t1,p7x8ocn,user_dab8984d96
t1,p7x8n0w,user_ff8cedf26c
t1,p7x8lj1,user_0fee007a91
t1,p7x8k5w,user_02058807fe
t1,p7x8jgw,user_231e6c253d
t1,p7x8hmi,user_867c219dd5
t1,p7x8gei,user_bf21e426ca
t1,p7x8fpf,user_e3df9b4b1a
t1,p7x8f1u,user_aac41a4c44
t1,p7x8e07,user_6837ac798c
t1,p7x8d1f,user_69b35b8f50
t1,p7x8cwd,user_8fd67d8d1c
t1,p7x8cfp,user_528aff8783
t1,p7x8abo,user_6864eedb2d
t1,p7x89dd,user_f69829bc83
t1,p7x88ni,user_0fee007a91
t1,p7x87nk,user_0314062974
t1,p7x86kh,user_5ad7ce9ab5
t1,p7x85k2,user_f69829bc83
t1,p7x85g7,user_ebdbf4fea7
t1,p7x83su,user_3be6fd6d67
t1,p7x824h,user_d59de6ed5d
t1,p7x7zcb,user_0314062974
t1,p7x7zax,user_ebd7d97222
t1,p7x7y0n,user_64a3717d5a
t1,p7yi2on,user_b99b7110da
t1,p7yi2jb,user_336a20dbb1
t1,p7yi2bq,user_da6c22225b
t1,p7yi1i9,user_35c399b5fe
t1,p7yhz36,user_4358de52ff
t1,p7yhyb7,user_daa8b1acad
t1,p7yhwlk,user_9fc7d49c91
t1,p7yhwbs,user_10d7de7333
t1,p7yhuvh,user_9a7efa088b
t1,p7yhuf3,user_95ffbc3513
t1,p7yht40,user_51f0139d93
t1,p7yhsqe,user_c62ec22f9e
t1,p7yhsri,user_747237ac52
t1,p7yhsrl,user_35c399b5fe
t1,p7yhsgh,user_82e6c5d996
t1,p7yhqqw,user_f3a265f54f
t1,p7yhprt,user_3b1c74bf13
t1,p7yhpbq,user_9a7efa088b
t1,p7yhos1,user_9a1240bb22
t1,p7yhop2,user_6f8394ca1e
t1,p7yhmxb,user_da3de8bb91
t1,p7yhjc3,user_5f033c7b9c
t1,p7yhix1,user_35c399b5fe
t1,p7yhib6,user_8bc4ca3583
t1,p7yhi35,user_940926151e
t1,p7yhhxx,user_2dda417b7c
t1,p7yhhiu,user_76d6f6fd87
t1,p7yhhg3,user_4dbab28edb
t1,p7yhfu6,user_747237ac52
t1,p7yhfhk,user_b594910917
t1,p7yheg8,user_f88e621caf
t1,p7yhecf,user_02b9b6e86a
t1,p7yhdt5,user_6efac1daaf
t1,p7yhd6d,user_e37d1c1a5b
t1,p7yhckf,user_76d6f6fd87
t1,p7yhbag,user_6d25ca4212
t1,p7yh9gq,user_10d7de7333
t1,p7yh9g3,user_f472363d35
t1,p7yh94n,user_b594910917
t1,p7yh8dw,user_dbbb35546b
t1,p7yh63f,user_bf50cf1102
t1,p7yh5zw,user_35c399b5fe
t1,p7yh5ez,user_7e21cd951d
t1,p7yh58h,user_933cd5f806
t1,p7yh3t6,user_54e63fba60
t1,p7yh1h8,user_67bfe6a550
t1,p7yh0ma,user_625b6d1433
t1,p7ygzj7,user_d516c683d5
t1,p7ygym1,user_6ba0692af0
t1,p7ygy5f,user_66e9d15dc1
t1,p7ygxga,user_96ae4f0e34
t1,p7ygx16,user_8bc4ca3583
t1,p7ygvv0,user_fb5c1ec136
t1,p7ygveu,user_c217a00fd0
t1,p7ygvcm,user_49828fc94a
t1,p7ygv0t,user_a513750592
t1,p7yguu5,user_9d4e498d33
t1,p7ygu68,user_efdf6d0c90
t1,p7ygrxs,user_76d6f6fd87
t1,p7ygrov,user_10d7de7333
t1,p7ygq8h,user_d6c8e889e2
t1,p7ygnrh,user_cac4af8432
t1,p7ygnfi,user_0aaa01190f
t1,p7ygm5j,user_4c4c3b99a2
t1,p7ygkyd,user_e0752097e8
t1,p7ygkh9,user_50531390ef
t1,p7ygker,user_d1fd57b750
t1,p7ygjfv,user_01d67ff23c
t1,p7ygj6x,user_093d3c0b74
t1,p7ygj08,user_b47a1f1c3c
t1,p7ygivf,user_8c97738e65
t1,p7ygid2,user_b2f119f509
t1,p7ygi9z,user_747237ac52
t1,p7ygi3a,user_a513750592
t1,p7yghlg,user_612e54496f
t1,p7ygh38,user_d5993eaa31
t1,p7ygh03,user_888f11219f
t1,p7yggyr,user_e0752097e8
t1,p7yggg0,user_c64429c1ff
t1,p7ygfaw,user_e37d1c1a5b
t1,p7ygdho,user_fe9b4a10f6
t1,p7ygad7,user_8c5fd3599c
t1,p7yg9si,user_9e95e2be86
t1,p7yg8ww,user_10d7de7333
t1,p7yg84z,user_4cff786840
t1,p7yg73g,user_d25104cbb1
t1,p7yg6os,user_40db45ee7e
t1,p7yg6k2,user_385c098dae
t1,p7yg5rf,user_f8a6242cb3
t1,p80iqht,user_2f231c8a61
t1,p80iqar,user_0c0951724b
t1,p80ip68,user_f7ff32d690
t1,p80io2u,user_54e63fba60
t1,p80imuz,user_b3bc6b1157
t1,p80ilb3,user_21cfef646a
t1,p80ikxx,user_32031c9731
t1,p80ikhy,user_acebe2a6bf
t1,p80ii26,user_f2a5aa0deb
t1,p80ihyj,user_f82a54f718
t1,p80ihog,user_c1cd7d037a
t1,p80igtt,user_54e63fba60
t1,p80ie58,user_b3bc6b1157
t1,p80icfw,user_3311098cc0
t1,p80ibku,user_4d09e97210
t1,p80ibhn,user_f881456a7f
t1,p80ib2t,user_3311098cc0
t1,p80ib4x,user_ae8e7c6d26
t1,p80iaxo,user_cd2e6d500e
t1,p80ib09,user_54e63fba60
t1,p80i8i5,user_dbdcad3215
t1,p80i5vs,user_b3bc6b1157
t1,p80i5w5,user_dc56d41a1a
t1,p80i5zr,user_54e63fba60
t1,p80i4f4,user_f1c8319069
t1,p80i356,user_cd2e6d500e
t1,p80i2ks,user_dabcd38280
t1,p80i2bt,user_a6a9eeb846
t1,p80hymz,user_f881456a7f
t1,p80hwc3,user_a63fa8e343
t1,p80hucy,user_49dc12aa1a
t1,p80htsa,user_ec70b5e505
t1,p80htgo,user_b3bc6b1157
t1,p80htai,user_d385fbb895
t1,p80hs0l,user_74226adb66
t1,p80hqh6,user_e3a550ca20
t1,p80hq1s,user_a63fa8e343
t1,p80hojw,user_1b79d6b06c
t1,p80hno9,user_5736db4c1c
t1,p80hnb9,user_7a5bc5bd9f
t1,p80hmgq,user_96e9142e5c
t1,p80hkxi,user_6dd90348e1
t1,p80hhmv,user_19e697a157
t1,p80hh8s,user_e27298e472
t1,p80hg56,user_39f63c20fb
t1,p80hbbr,user_3cf0b63508
t1,p80haqp,user_bf3c649255
t1,p80hajl,user_7500f8247c
t1,p80h9za,user_04624c3fc3
t1,p80h9uh,user_fcc3557d27
t1,p80h8iv,user_6775a6c7b9
t1,p80h812,user_c631c9a088
t1,p80h7d9,user_ae43dbfee0
t1,p80h6es,user_62f72d0a27
t1,p80h650,user_46d07b24dd
t1,p80h380,user_71c5cd5408
t1,p80h3c9,user_a8372de2a0
t1,p80h2aw,user_c1cd7d037a
t1,p80gyoc,user_9385ed9bef
t1,p80gwwj,user_b87b050c4a
t1,p80gwfj,user_af5bc3a1ad
t1,p80gwfx,user_fa19360455
t1,p80gvwl,user_ad4ecb4f7f
t1,p80gvzb,user_4ab2991ba1
t1,p80gu99,user_70a1c6e5f2
t1,p80gspy,user_971baeb061
t1,p80gsc8,user_8e634ecd8e
t1,p80gqfh,user_657698c2ea
t1,p80gnbv,user_9518201f22
t1,p80gmmo,user_4f775c3407
t1,p80glkk,user_63cb3b4c09
t1,p80gli2,user_1be05e294a
t1,p80gfvo,user_91e9a88173
t1,p80gfse,user_756d5a54b2
t1,p80gdtt,user_a96292978e
t1,p80gdjx,user_483f78b5f8
t1,p80gd3b,user_faf7e5444e
t1,p80gcph,user_3990d16831
t1,p80gbl7,user_5e34c1b0bb
t1,p80g8s4,user_ed065f3a95
t1,p80g8n0,user_5dd07e6069
t1,p80g8at,user_4ab2991ba1
t1,p80g8e5,user_0e69fb9dda
t1,p80g6vc,user_e27298e472
t1,p80g5tm,user_3dcb033bb5
t1,p80g5vu,user_1b29b6bed9
t1,p80g5q3,user_00e982233f
t1,p80g5fe,user_54e63fba60
t1,p82hsdd,user_074c0e1405
t1,p82hrsw,user_68bd0e1601
t1,p82hn9g,user_b16af23414
t1,p82hmmt,user_99f758f66a
t1,p82hm9p,user_6ac124f708
t1,p82hlum,user_b16af23414
t1,p82hlwg,user_930663645e
t1,p82hkhn,user_ea8bb49a2f
t1,p82hjy8,user_a36966cc52
t1,p82hjvq,user_8e3e7805b4
t1,p82hg6n,user_e9f1285249
t1,p82hfjb,user_3055c09ae8
t1,p82hev1,user_cee5c78262
t1,p82hdq8,user_c00d320646
t1,p82hb4n,user_4a913ae79e
t1,p82hb1g,user_a701fc5ad2
t1,p82ha5l,user_3055c09ae8
t1,p82h9ic,user_b28097a943
t1,p82h9b2,user_ad57450459
t1,p82h6ov,user_e5f02e0750
t1,p82h66p,user_99f758f66a
t1,p82h542,user_59447012fe
t1,p82h4ph,user_a442b9b430
t1,p82h4bk,user_08f49a3b21
t1,p82h37i,user_33d62b6a4a
t1,p82h358,user_9a665d9bdd
t1,p82h1j9,user_6804d24de7
t1,p82gyum,user_99f758f66a
t1,p82gxv8,user_08f49a3b21
t1,p82gxkc,user_a37ba1e9fc
t1,p82gwvk,user_2378dd417f
t1,p82gwgo,user_3055c09ae8
t1,p82gwax,user_b8c91eac1c
t1,p82gw1a,user_aa2c4b6226
t1,p82gvc8,user_a5aa8b0709
t1,p82gtd1,user_d9eda1cac3
t1,p82gsuq,user_ea90302b9f
t1,p82gsqs,user_b4bc4fd942
t1,p82gsbf,user_a701fc5ad2
t1,p82gqo6,user_33d62b6a4a
t1,p82gqfn,user_4568f4aae3
t1,p82gpqb,user_30f702e068
t1,p82gmag,user_6cada03746
t1,p82gm8i,user_33d62b6a4a
t1,p82gljd,user_8e3e7805b4
t1,p82glj8,user_d626c62493
t1,p82gj3a,user_99684ae1d5
t1,p82gida,user_0c7f80dd8c
t1,p82ghub,user_9366d50745
t1,p82ghlp,user_33d62b6a4a
t1,p82ggp7,user_3055c09ae8
t1,p82gfix,user_901405102d
t1,p82gerq,user_da92ee28eb
t1,p82ge9y,user_c74bf9fddc
t1,p82gdxf,user_7953d01298
t1,p82gdvl,user_432e65f971
t1,p82gbqw,user_b8c4be6c36
t1,p82gbq0,user_7b18b8efc0
t1,p82g9mc,user_ea90302b9f
t1,p82g7xg,user_cabc5b23e5
t1,p82g6r0,user_6ac124f708
t1,p82g4l9,user_99f758f66a
t1,p82g3l4,user_edb752e8ee
t1,p82g253,user_62929ee277
t1,p82g1e1,user_cf943336cd
t1,p82g0wv,user_c7ede30320
t1,p82fz7i,user_b8c4be6c36
t1,p82fy7n,user_b44c317b32
t1,p82fy2r,user_3055c09ae8
t1,p82fxs7,user_7202806b24
t1,p82fvst,user_99f758f66a
t1,p82fve8,user_e8b54b23da
t1,p82ft83,user_a37ba1e9fc
t1,p82ft05,user_3055c09ae8
t1,p82fn97,user_1b3c9b3f9f
t1,p82fn4e,user_2dd77be543
t1,p82flww,user_69a567567d
t1,p82fl85,user_12d331bb02
t1,p82fk1q,user_a701fc5ad2
t1,p82fjs0,user_b84a32cd73
t1,p82fhuf,user_4568f4aae3
t1,p82fhsl,user_4881b8dfa2
t1,p82fh43,user_8d3a03aaba
t1,p82fexa,user_12d331bb02
t1,p82femu,user_184e4e71d5
t1,p82fcdm,user_d6879d50f2
t1,p82fbsl,user_92964a6450
t1,p82fbw1,user_e07f727cbb
t1,p841uoh,user_c841112316
t1,p841s70,user_aa615e54d0
t1,p841r4q,user_f338851a1a
t1,p841q92,user_e6c32486c6
t1,p841ogf,user_45d7671aaa
t1,p841nwe,user_69ac2d6f3a
t1,p841n3v,user_c841112316
t1,p841lsb,user_e40cd1a7ab
t1,p841ker,user_402556a7b4
t1,p841kc5,user_35c399b5fe
t1,p841jq8,user_40365ac35a
t1,p841dy6,user_8fd4dce5d8
t1,p84191y,user_a4188c3717
t1,p8418aq,user_cc6b9c2e48
t1,p8417av,user_afed6da568
t1,p841530,user_63664a20f4
t1,p84151j,user_9449f3462e
t1,p8412oa,user_89f5745142
t1,p8412lg,user_006ad7c881
t1,p8411wk,user_e8a955cf48
t1,p840zoj,user_da5728bab8
t1,p840yp7,user_efabab0ee2
t1,p840ypw,user_4bc1642025
t1,p840yo5,user_f42bd782e0
t1,p840vqh,user_4a913ae79e
t1,p840val,user_b5f5d1783a
t1,p840u7y,user_5e23280cf1
t1,p840ssr,user_63664a20f4
t1,p840scu,user_35c399b5fe
t1,p840r4k,user_1667b79e33
t1,p840r2j,user_8bf7c18ef5
t1,p840pfr,user_a61fde7e36
t1,p840oen,user_05ef8dcbd0
t1,p840obe,user_54a3e35f4e
t1,p840obp,user_a37ba1e9fc
t1,p840n2s,user_b4330d169e
t1,p840klb,user_416c5b754d
t1,p840iq4,user_337168a34a
t1,p840i73,user_b4330d169e
t1,p840fnd,user_26d6816aec
t1,p840ea8,user_8716e01f1e
t1,p840e1g,user_4883e4b4d0
t1,p840c2b,user_e40cd1a7ab
t1,p8408fp,user_9d83dcc90e
t1,p8408c8,user_7373f4bbda
t1,p8404km,user_63664a20f4
t1,p8404dy,user_8fd4dce5d8
t1,p8402vl,user_5616df3e56
t1,p8402te,user_b4330d169e
t1,p8402oz,user_5bc64b89f8
t1,p83zync,user_b4330d169e
t1,p83ztik,user_15dce36e03
t1,p83zspa,user_b4330d169e
t1,p83zrji,user_9356000b83
t1,p83zqwb,user_782b3aff35
t1,p83zppw,user_3603672900
t1,p83zn6r,user_32ffadfa94
t1,p83zk79,user_782b3aff35
t1,p83zhuj,user_6fa297e47e
t1,p83zh5d,user_da5728bab8
t1,p83zg3b,user_b5eb0eeb35
t1,p83zcjh,user_9ad5cfd8a9
t1,p83z9gd,user_d6101fe2db
t1,p83z948,user_8a94201f76
t1,p83z8hz,user_9bdfbc3216
t1,p83z7hu,user_e40cd1a7ab
t1,p83z6j7,user_4338b71b14
t1,p83z5gl,user_8301fa9d1a
t1,p83z3ad,user_be643e3f99
t1,p83z325,user_43309035d4
t1,p83z204,user_da5728bab8
t1,p83z14f,user_d089920660
t1,p83z09y,user_312e6c90f4
t1,p83yw0v,user_984a427a3b
t1,p83yuu3,user_e3516e876c
t1,p83ytna,user_1e8c44767b
t1,p83yt52,user_a6395e54fd
t1,p83ys6s,user_3b25c49840
t1,p83yr88,user_da5728bab8
t1,p83ypgm,user_06546ca3d3
t1,p83ynw5,user_8257ef1ad6
t1,p83ynie,user_d089920660
t1,p83ylzb,user_2fb3ee43e6
t1,p83ylud,user_e7e725d080
t1,p83ykk5,user_f6d3efb1c3
t1,p859wki,user_c9d2ab8a2d
t1,p859vmq,user_f66559d562
t1,p859vko,user_5b4ceb4f1f
t1,p859uwl,user_25849852c7
t1,p859ujw,user_8285171692
t1,p859sq0,user_73f390393d
t1,p859sn8,user_c8c05bdd6a
t1,p859smd,user_aa2be3c650
t1,p859rat,user_a701fc5ad2
t1,p859r1c,user_21555688a1
t1,p859qm5,user_bceae63d73
t1,p859pvl,user_99f758f66a
t1,p859p89,user_da5728bab8
t1,p859ol9,user_782b3aff35
t1,p859los,user_35c399b5fe
t1,p859lja,user_c313c78014
t1,p859lda,user_901ec4a9f6
t1,p859l34,user_2c17f71f75
t1,p859l0h,user_1967555d2a
t1,p859kqt,user_4e567cbeb1
t1,p859kij,user_a701fc5ad2
t1,p859jf8,user_dd12a10e9b
t1,p859j6x,user_16fd0e9771
t1,p859haq,user_b1b57256c6
t1,p859h1b,user_369f804cf7
t1,p859ggm,user_d8003911cb
t1,p859fxo,user_c9d2ab8a2d
t1,p859fri,user_8fd4dce5d8
t1,p859fn2,user_3b1c9572db
t1,p859e18,user_1256c29829
t1,p859d19,user_7f55978303
t1,p859cxm,user_c5689102c7
t1,p859csr,user_d81745cb06
t1,p859c26,user_dd12a10e9b
t1,p859bs8,user_25c3f3b894
t1,p8599y0,user_83f65bd493
t1,p8597mo,user_e52213d7e1
t1,p8596yq,user_f6228b86c4
t1,p8595t1,user_8463e8d14f
t1,p85935k,user_c8c05bdd6a
t1,p8592he,user_01c7b21118
t1,p8591ye,user_186c9635a2
t1,p8590qa,user_c02d69aca6
t1,p8590fc,user_bc1808e745
t1,p858zgm,user_f6228b86c4
t1,p858ye6,user_a701fc5ad2
t1,p858wvt,user_65a899df24
t1,p858vq4,user_e7170e735a
t1,p858uu0,user_cd050610fc
t1,p858ubs,user_5cb244166f
t1,p858tc4,user_cd2e6d500e
t1,p858td8,user_d7a46ff715
t1,p858sm3,user_c1f6ee9285
t1,p858smp,user_2b478ee10f
t1,p858s4s,user_c9d2ab8a2d
t1,p858rhg,user_9818d34ec6
t1,p858rf1,user_2529f0ae7d
t1,p858qfx,user_21555688a1
t1,p858p52,user_cd2e6d500e
t1,p858o7p,user_e046a9db6e
t1,p858nwe,user_ed758a892b
t1,p858nr9,user_771ccfe47d
t1,p858mew,user_ac183feb6a
t1,p858me4,user_0aaa01190f
t1,p858luq,user_d7a46ff715
t1,p858kfv,user_e52213d7e1
t1,p858jzr,user_403a498348
t1,p858k02,user_f6228b86c4
t1,p858i2j,user_1014b60df8
t1,p858hsa,user_aa2be3c650
t1,p858hhx,user_d94d6805d7
t1,p858hac,user_8cbb11e348
t1,p858ggw,user_3ad96aa9ef
t1,p858fth,user_e52213d7e1
t1,p858exx,user_e046a9db6e
t1,p858eqd,user_a701fc5ad2
t1,p858cd3,user_bebc9cc2ed
t1,p858bm6,user_d2dfd35407
t1,p858bgy,user_06f3543715
t1,p858b04,user_5d8983ce38
t1,p858aaz,user_939b5a7675
t1,p8588m0,user_186c9635a2
t1,p8588mw,user_66672b27c2
t1,p8588jx,user_e52213d7e1
t1,p8587i5,user_0d7b8fcc39
t1,p8587ar,user_1db6ff4fb6
t1,p85873o,user_782b3aff35
t1,p85873z,user_745f2da748
t1,p85869v,user_4672aa48cd
t1,p87chx9,user_c9d2ab8a2d
t1,p87ccft,user_a8d8ef8083
t1,p87cbbc,user_abf26db63c
t1,p87c9v1,user_c98cbaaf5b
t1,p87c8lz,user_77a4e495b3
t1,p87bzrh,user_b398637574
t1,p87bz0j,user_3ac3e0200c
t1,p87bxyz,user_d2d7904818
t1,p87bxnm,user_e3b18cc98b
t1,p87bvgo,user_16d85948ad
t1,p87buut,user_c40f0c02b7
t1,p87brv5,user_bd3fec28ba
t1,p87brhu,user_c009137cb6
t1,p87bpty,user_c1f6ee9285
t1,p87bpil,user_420006ab68
t1,p87bnbp,user_b0d63cf323
t1,p87bn6o,user_f3fd5172e3
t1,p87bn05,user_6aa91b38fd
t1,p87blz1,user_a72003bb5b
t1,p87bl56,user_b845e26aac
t1,p87bjf9,user_db66ae8d23
t1,p87bhw5,user_a55e221b75
t1,p87bh8b,user_ed6068fd74
t1,p87bh3y,user_419f1e1457
t1,p87bdzl,user_c98cbaaf5b
t1,p87bd57,user_614162a18c
t1,p87bcn7,user_41f87216f2
t1,p87bajg,user_6cada03746
t1,p87bafu,user_bf177c01b3
t1,p87b98y,user_fd1f015354
t1,p87b6rk,user_bf177c01b3
t1,p87b1ys,user_a65c60a341
t1,p87b09k,user_c40f0c02b7
t1,p87azit,user_1086614911
t1,p87az2a,user_45e50104f0
t1,p87aytx,user_69d3dc135d
t1,p87axqg,user_6216507e9f
t1,p87ax5e,user_06f1994c4f
t1,p87awas,user_a312980308
t1,p87avg6,user_119be95b22
t1,p87aufu,user_4dc1d3ebd0
t1,p87au2o,user_8a0aee7b5a
t1,p87at2g,user_5f277f31ed
t1,p87asuh,user_69a567567d
t1,p87aq96,user_5ae7419465
t1,p87aop9,user_91eb6f2d71
t1,p87anua,user_c840f38807
t1,p87anav,user_ee8089af10
t1,p87amql,user_f3863dfe49
t1,p87am2i,user_0314062974
t1,p87alud,user_072d657592
t1,p87al3b,user_a2f0411932
t1,p87aklc,user_91eb6f2d71
t1,p87ajwk,user_9deb6749d5
t1,p87aiea,user_463c78f741
t1,p87ahid,user_d6bda404fe
t1,p87ah6g,user_0231ab5d56
t1,p87afcr,user_a56a827c47
t1,p87ae39,user_bd02220c13
t1,p87adue,user_4451a83ac2
t1,p87abll,user_1266a4fcf0
t1,p87aamq,user_0314062974
t1,p87a7ei,user_5e25d2171e
t1,p87a7b0,user_f83d16d681
t1,p87a4ke,user_24dd91d5e8
t1,p87a3x2,user_2009f43ea5
t1,p87a3kz,user_b3a8c04f1b
t1,p87a25k,user_ed352be0a1
t1,p87a1l8,user_c98cbaaf5b
t1,p87a1i2,user_abf4c75363
t1,p879zvd,user_adc1696573
t1,p879zrl,user_41e10d7d81
t1,p879z1h,user_9f7c4c2306
t1,p879wue,user_0090f8e88b
t1,p879ue5,user_da7aba70b0
t1,p879u1p,user_d895593b77
t1,p879s78,user_cf2834b49f
t1,p879rtm,user_36b7f39be5
t1,p879pim,user_b850b26ef5
t1,p879lkg,user_ac383798e1
t1,p879jzy,user_d5c512df80
t1,p879ir8,user_a56a827c47
t1,p879i7x,user_09fbbe2cb6
t1,p879gb8,user_f28a031c59
t1,p879ga8,user_4ab2991ba1
t1,p879fb6,user_f67fe2344a
t1,p879fat,user_b5dd4d75be
t1,p879et1,user_b33022aa41
t1,p879bj8,user_a41aa36c30
t1,p89cipp,user_379113d9a5
t1,p89ci7f,user_7a7572dc0c
t1,p89cgmm,user_9924c30d00
t1,p89cc8a,user_2c394a96fc
t1,p89cb7e,user_4f0fa3907f
t1,p89c9ar,user_9120d63e2b
t1,p89c8rw,user_4476ffb797
t1,p89c8ew,user_9ca08dc836
t1,p89c7tq,user_749c100c34
t1,p89c7sv,user_7fa6652021
t1,p89c6y2,user_b337892894
t1,p89c4yh,user_9273a2337a
t1,p89c2bt,user_2c394a96fc
t1,p89c1x3,user_0bd8d831ec
t1,p89bzdb,user_c324f62a42
t1,p89byoe,user_c72525e71a
t1,p89bwf5,user_499556d5e8
t1,p89bttg,user_2c394a96fc
t1,p89btkw,user_749c100c34
t1,p89bt5a,user_65108f574c
t1,p89bq6e,user_339faa0a6a
t1,p89bmyr,user_f4761dc166
t1,p89blsc,user_7a7572dc0c
t1,p89bki5,user_8bf62709f9
t1,p89bfpq,user_572a0d2dda
t1,p89bfqa,user_0994de30df
t1,p89bdwo,user_65108f574c
t1,p89ba9u,user_23e46e9022
t1,p89b9rg,user_2e84f77925
t1,p89b8im,user_21fd839110
t1,p89b6w2,user_67bfe6a550
t1,p89b6c6,user_747237ac52
t1,p89b3pq,user_23e46e9022
t1,p89az6u,user_1bb96a1f10
t1,p89az5o,user_23e46e9022
t1,p89axgx,user_70b94eab58
t1,p89atsk,user_9ffe1c8922
t1,p89at0r,user_05a6dc38c0
t1,p89ap18,user_749c100c34
t1,p89anpz,user_58d16a74d8
t1,p89ama7,user_f375ab278a
t1,p89ajaw,user_5e1ad87ec0
t1,p89ahip,user_6993dd1577
t1,p89ah0i,user_15a626586c
t1,p89adu0,user_d6cd8910ed
t1,p89aao7,user_82e679a80a
t1,p89aa75,user_380e21210c
t1,p89aa8z,user_379113d9a5
t1,p89a9ee,user_3f182e2758
t1,p89a8y4,user_decab3988f
t1,p89a6xf,user_0b643ba101
t1,p89a5v4,user_995546fd2c
t1,p89a56l,user_414c45131b
t1,p89a4ng,user_749c100c34
t1,p89a009,user_e7c16f24aa
t1,p899zwc,user_7ed9bae513
t1,p899xoy,user_336a6e6d7e
t1,p899vew,user_801900a0ce
t1,p899u5e,user_16009a7a19
t1,p899t4t,user_282cf930f9
t1,p899sth,user_37534a9b0a
t1,p899sx4,user_4ea17129ba
t1,p899qtg,user_30a4bbd0d8
t1,p899nuk,user_4d65ac7851
t1,p899nwa,user_812f00a29e
t1,p899lei,user_1837c5701a
t1,p899ld6,user_0f44d05833
t1,p899kfm,user_c5f22aea12
t1,p899k0j,user_45b0bdbc75
t1,p899jvd,user_2d1660ec11
t1,p899gyk,user_c8c05bdd6a
t1,p899cvf,user_1d2b6ce82b
t1,p899clc,user_685034a158
t1,p899a2k,user_35d070a527
t1,p8999ot,user_68d5fbec50
t1,p8998y1,user_e797132659
t1,p8998wf,user_658af009ad
t1,p8998km,user_5d62d2f543
t1,p899702,user_ce6ece541a
t1,p89971p,user_21970ff20e
t1,p8996ia,user_bdd2571c42
t1,p8996bt,user_96a5cfc922
t1,p89969q,user_30a4bbd0d8
t1,p899618,user_482e544b5d
t1,p8991f6,user_f4761dc166
t1,p899187,user_45d62e12f7
t1,p8990wb,user_fa2afad023
t1,p8awcx5,user_43a53c2bbd
t1,p8awbby,user_1e0599e6fb
t1,p8awahf,user_aa2c4b6226
t1,p8aw8ye,user_8ffc403f1a
t1,p8aw6st,user_2fd4ec01aa
t1,p8aw3ex,user_c9bb4aaa0d
t1,p8avxip,user_df7bd40423
t1,p8avri9,user_aa59d7e8ea
t1,p8avng2,user_5c7bc1fbb2
t1,p8avnab,user_f8cfbb8efb
t1,p8avn90,user_c5ef0e1eb3
t1,p8avm02,user_671127ef83
t1,p8avkmz,user_dd9b4916a3
t1,p8avk00,user_8692a0ea95
t1,p8avflj,user_470ff33c29
t1,p8avfd5,user_f5c9d7f78e
t1,p8avdel,user_e87a30865f
t1,p8avazp,user_6a84a96d8b
t1,p8av616,user_4b08ac3b8e
t1,p8av4k8,user_676b80dee1
t1,p8auo0o,user_805a48c75a
t1,p8aunpk,user_7d2da23f79
t1,p8aunbp,user_8683f66398
t1,p8aulcr,user_2465358cba
t1,p8auh8e,user_35c399b5fe
t1,p8aug9x,user_3de9b453ee
t1,p8aueym,user_4fc79d8ac6
t1,p8auera,user_d66c8788ee
t1,p8aubiy,user_19db82fa86
t1,p8aubg9,user_305b953897
t1,p8aua68,user_357a074ca2
t1,p8au9y0,user_63664a20f4
t1,p8au97u,user_1e08017d46
t1,p8au7oo,user_c4d7c89de5
t1,p8au4oi,user_b80b5abbe2
t1,p8au2qm,user_c3c0e972ab
t1,p8au20u,user_3fec78faac
t1,p8au1gn,user_19db82fa86
t1,p8au17w,user_1b9afa3917
t1,p8au0ml,user_edcf3bcd37
t1,p8atych,user_867c219dd5
t1,p8atybj,user_d0824bfc0c
t1,p8atwmz,user_c009137cb6
t1,p8atsur,user_dca1ec7777
t1,p8ats8w,user_bd02220c13
t1,p8ats0s,user_ff13d3ff17
t1,p8atrtw,user_df15f35998
t1,p8atq3b,user_e35c1ee8ae
t1,p8atkgq,user_a6395e54fd
t1,p8atetp,user_0a404159f1
t1,p8atc0s,user_fea9eeb5e0
t1,p8atawl,user_0fcad68104
t1,p8ata6x,user_0a404159f1
t1,p8at9yz,user_3132079a8f
t1,p8at9e6,user_3203c8acdb
t1,p8at6ae,user_0a404159f1
t1,p8at58n,user_792b9bae47
t1,p8at49v,user_fea9eeb5e0
t1,p8assp3,user_b522e8af2d
t1,p8assni,user_3132079a8f
t1,p8assj6,user_32ffadfa94
t1,p8asrar,user_ff13d3ff17
t1,p8asl2f,user_35c399b5fe
t1,p8asgj8,user_933a7af2bc
t1,p8asg2i,user_7b30bb4640
t1,p8asfs4,user_36adc1215b
t1,p8asa63,user_6ee52f637b
t1,p8as9ut,user_867c219dd5
t1,p8as776,user_d191b0297e
t1,p8as6nu,user_ba62dae70d
t1,p8as4yd,user_470ff33c29
t1,p8as28g,user_36adc1215b
t1,p8as136,user_bd02220c13
t1,p8arvva,user_0bc937cbb1
t1,p8arvfp,user_7b30bb4640
t1,p8arugh,user_35c399b5fe
t1,p8arsqm,user_2ce3ea4736
t1,p8ars0m,user_792b9bae47
t1,p8arrju,user_525be22d7a
t1,p8aro30,user_792b9bae47
t1,p8armda,user_35c399b5fe
t1,p8arlg8,user_a6395e54fd
t1,p8arhf7,user_0a404159f1
t1,p8argvu,user_792b9bae47
t1,p8arfh5,user_3c712d16f0
t1,p8arcy2,user_9ac1f5a1c2
t1,p8arah5,user_d9be43736c
t1,p8ar9jh,user_35c399b5fe
t1,p8ar8m1,user_5c9ef501f3
t1,p8ar5w1,user_9ffe1c8922
t1,p8c5fwy,user_90dd84695a
t1,p8c5b8k,user_606bc0e480
t1,p8c556c,user_b3b7fa9bc3
t1,p8c50xn,user_e0870d45e1
t1,p8c50sa,user_171feb4bf7
t1,p8c50fm,user_a1673ae40d
t1,p8c4zpe,user_7cc19e2dba
t1,p8c4zib,user_bd02220c13
t1,p8c4zjc,user_171feb4bf7
t1,p8c4y37,user_0eda7269c5
t1,p8c4xz2,user_2e6812df53
t1,p8c4vyn,user_fd9a795e65
t1,p8c4vcd,user_d24c0710a8
t1,p8c4uph,user_6dd5ce7d0b
t1,p8c4rye,user_d895593b77
t1,p8c4rsr,user_fd586a5c92
t1,p8c4px6,user_39ad37af31
t1,p8c4oes,user_52d5fa11b5
t1,p8c4lz4,user_9964a4ca50
t1,p8c4k0w,user_39ad37af31
t1,p8c4izi,user_fbedcb4b06
t1,p8c4iec,user_99b6432b3a
t1,p8c4h7m,user_d131186001
t1,p8c4gsl,user_a37ba1e9fc
t1,p8c4gkg,user_4e2285100c
t1,p8c4gat,user_9a27044c51
t1,p8c4fnn,user_3c0db2e638
t1,p8c4cqz,user_8431ace311
t1,p8c4cie,user_a2d867bc8d
t1,p8c49ub,user_3aec457950
t1,p8c44v5,user_d0554f00d0
t1,p8c4426,user_fe232fa48e
t1,p8c43y5,user_a181fcb8a6
t1,p8c3vlj,user_7db16419a3
t1,p8c3vaq,user_f6662b6ff7
t1,p8c3vas,user_6b79cbea0b
t1,p8c3sev,user_4e2285100c
t1,p8c3sbl,user_fe232fa48e
t1,p8c3qhh,user_035577ec61
t1,p8c3pak,user_aeb1a449fb
t1,p8c3oci,user_fda15dd6a1
t1,p8c3m6i,user_9a27044c51
t1,p8c3l38,user_9a27044c51
t1,p8c3ib2,user_2a4e1ef623
t1,p8c3eik,user_a1673ae40d
t1,p8c3cty,user_aeb1a449fb
t1,p8c3cow,user_c8c05bdd6a
t1,p8c3cg8,user_145f172035
t1,p8c3bsc,user_47ca5e2a34
t1,p8c36t3,user_2fe83fc83a
t1,p8c34sv,user_0f6985a158
t1,p8c34g4,user_6410c94ccc
t1,p8c2xw0,user_fe232fa48e
t1,p8c2xwq,user_bd02220c13
t1,p8c2wtd,user_e8aed96560
t1,p8c2rq1,user_a34e51faba
t1,p8c2pfs,user_88c39aadb4
t1,p8c2pgy,user_20c24a33cc
t1,p8c2lr4,user_97e0a172a7
t1,p8c2lig,user_fe232fa48e
t1,p8c2lio,user_e30d43945a
t1,p8c2lhl,user_9f5781121e
t1,p8c2ijr,user_9a27044c51
t1,p8c2eow,user_e30d43945a
t1,p8c2d65,user_21e3efaef1
t1,p8c2chk,user_68aa83b8fd
t1,p8c2c8n,user_d7f156a503
t1,p8c2bu9,user_a8066a6969
t1,p8c2b1c,user_4b1e1dfae7
t1,p8c2ad4,user_cb2031847a
t1,p8c2a74,user_85fe9a31ab
t1,p8c29gx,user_538629cf4d
t1,p8c28as,user_c62e1c1c1f
t1,p8c27bh,user_d36990c2cf
t1,p8c274a,user_f7ea4375cd
t1,p8c26ox,user_bd02220c13
t1,p8c22sz,user_538629cf4d
t1,p8c1xee,user_9885999422
t1,p8c1wa7,user_30b33f3222
t1,p8c1vob,user_da44269e94
t1,p8c1v8j,user_26db1a123d
t1,p8c1uph,user_e8ab07a737
t1,p8c1rqq,user_551a459af3
t1,p8c1qx5,user_f51d92bba5
t1,p8c1qre,user_a47e62377b
t1,p8c1qhd,user_9885999422
t1,p8c1q3g,user_3e9fbfb556
t1,p8c1q4n,user_b1f6d66486
t1,p8e8o7t,user_f4c3896511
t1,p8e8n4a,user_22034288ef
t1,p8e8n30,user_d9f5a4f1e9
t1,p8e8m82,user_7817e17278
t1,p8e8l8z,user_86e4b44165
t1,p8e8kkl,user_5225901eb7
t1,p8e8jz2,user_57d3a46f21
t1,p8e8jav,user_6fb91cf7d4
t1,p8e8ixi,user_5225901eb7
t1,p8e8isu,user_58bd6513ac
t1,p8e8icn,user_8fa1731f93
t1,p8e8gr4,user_642152843f
t1,p8e8gar,user_82e559aa4b
t1,p8e8fxu,user_97e0a172a7
t1,p8e8eg6,user_1e6b3b48b8
t1,p8e8ds2,user_8a0f4bfbe3
t1,p8e8dfp,user_bd1c7ebeef
t1,p8e8avh,user_67746158c7
t1,p8e89xs,user_466de67419
t1,p8e89p4,user_affa619eb7
t1,p8e89ft,user_801900a0ce
t1,p8e8778,user_a50c15dcd7
t1,p8e85vk,user_8e5dc93dee
t1,p8e85dk,user_d566c84b1d
t1,p8e84a7,user_67746158c7
t1,p8e841d,user_86e4b44165
t1,p8e81dg,user_d626c62493
t1,p8e801i,user_d1504a7738
t1,p8e7xv2,user_09fbbe2cb6
t1,p8e7xbn,user_31e0514db1
t1,p8e7v1y,user_67746158c7
t1,p8e7t4h,user_e009ca1c86
t1,p8e7sy6,user_09fbbe2cb6
t1,p8e7sdg,user_472ec230e1
t1,p8e7rfl,user_429def1a77
t1,p8e7qlg,user_11972610d4
t1,p8e7nxq,user_4d0a5fb049
t1,p8e7mtz,user_ef8b69e597
t1,p8e7kmu,user_b83d9eb601
t1,p8e7jt8,user_930ca69fa3
t1,p8e7igi,user_23aef58446
t1,p8e7ic4,user_c8c05bdd6a
t1,p8e7hbh,user_09fbbe2cb6
t1,p8e7f1e,user_bd1c7ebeef
t1,p8e7eoa,user_dddf39e270
t1,p8e7cc4,user_bf4b3a31ea
t1,p8e7bep,user_33d9785bc9
t1,p8e7b75,user_6b51a3a8e5
t1,p8e7a55,user_820ac4955c
t1,p8e79ld,user_93e1a8ea84
t1,p8e7865,user_903d99e923
t1,p8e76g5,user_09fbbe2cb6
t1,p8e75mc,user_77ef04eb95
t1,p8e742y,user_ff3292a099
t1,p8e729c,user_c8c05bdd6a
t1,p8e6z0w,user_0c5eaade71
t1,p8e6ymz,user_2e99a867c6
t1,p8e6y59,user_a8671bfabb
t1,p8e6xbv,user_09fbbe2cb6
t1,p8e6woe,user_23aef58446
t1,p8e6w1k,user_b9623b0280
t1,p8e6vy8,user_df3f1daac9
t1,p8e6v7o,user_c7b43e878c
t1,p8e6v2u,user_a96dd2df17
t1,p8e6twr,user_d626c62493
t1,p8e6svh,user_529eac200a
t1,p8e6smt,user_7f2fdc0005
t1,p8e6r4y,user_e3dbece4d1
t1,p8e6qby,user_3f97cab0bd
t1,p8e6qfh,user_d626c62493
t1,p8e6px6,user_988924409a
t1,p8e6o5m,user_da2aa27f07
t1,p8e6mrk,user_3651744469
t1,p8e6j9h,user_d626c62493
t1,p8e6iyl,user_23e69be1b5
t1,p8e6hyc,user_77f5c9eb48
t1,p8e6hr2,user_eb779a5827
t1,p8e6hnu,user_54ef75a50d
t1,p8e6h04,user_2d872847c8
t1,p8e6gya,user_a59efc1ba9
t1,p8e6g9o,user_458ed26785
t1,p8e6eox,user_736a10ce64
t1,p8e6cen,user_6763c6ae59
t1,p8e69z3,user_d626c62493
t1,p8e6981,user_1097b83030
t1,p8e67wa,user_b392066354
t1,p8e67sw,user_7421a7bf4c
t1,p8e67b3,user_cc96482b3e
t1,p8e67by,user_540e93d8e8
t1,p8g9wt6,user_68610221a5
t1,p8g9w68,user_309b1298d2
t1,p8g9vy6,user_b468f15751
t1,p8g9s3p,user_44c66115cd
t1,p8g9lnj,user_fe0420b8a4
t1,p8g9iuv,user_f52667afac
t1,p8g9f4p,user_985b1c26d2
t1,p8g9e0f,user_d6173604b2
t1,p8g9bs7,user_51929306be
t1,p8g999p,user_f7fafc1b2f
t1,p8g97qv,user_c0825ff4e0
t1,p8g96uy,user_f03703b27b
t1,p8g95yj,user_51929306be
t1,p8g95t0,user_b83f7cd0b4
t1,p8g958b,user_347c022e18
t1,p8g94vw,user_468cd797d7
t1,p8g94yl,user_d0754ecf6c
t1,p8g94ds,user_51929306be
t1,p8g930c,user_14f5360277
t1,p8g92i0,user_9df5ce255e
t1,p8g91pl,user_1bb96a1f10
t1,p8g8y5n,user_d4cd2dbbb9
t1,p8g8s6u,user_d97d866bda
t1,p8g8s46,user_a37ba1e9fc
t1,p8g8rcf,user_51929306be
t1,p8g8p8g,user_1bb96a1f10
t1,p8g8o4n,user_f7e41d7461
t1,p8g8l82,user_51929306be
t1,p8g8kxx,user_3345f6de00
t1,p8g8f4z,user_609d37c4e0
t1,p8g8euq,user_328652cf57
t1,p8g8d7n,user_8f586a55d4
t1,p8g89jr,user_d60e3d4a53
t1,p8g89bp,user_19f7349bab
t1,p8g88k7,user_51929306be
t1,p8g87ow,user_9d8c108d73
t1,p8g86l2,user_19ed266316
t1,p8g85pw,user_51929306be
t1,p8g84ld,user_ff775057ec
t1,p8g81gt,user_835b928d3d
t1,p8g80ad,user_eb7ebe5e40
t1,p8g7ycl,user_a1d56b7b64
t1,p8g7xuf,user_3345f6de00
t1,p8g7wi5,user_51929306be
t1,p8g7wch,user_2d14f42a27
t1,p8g7vcm,user_8581c34e5c
t1,p8g7vf8,user_159e9166e3
t1,p8g7s5p,user_d8ac85dfe2
t1,p8g7qh4,user_c79d46d589
t1,p8g7or5,user_8b03e0f4d2
t1,p8g7hxb,user_6216507e9f
t1,p8g7dxs,user_36c65c2825
t1,p8g7dmv,user_7e82223fd3
t1,p8g7au5,user_c7b43e878c
t1,p8g788t,user_a00105f2a1
t1,p8g75ci,user_e0f037657b
t1,p8g759v,user_e9220025e0
t1,p8g7144,user_0d25fc4e7a
t1,p8g6yca,user_4f3064329f
t1,p8g6vry,user_3345f6de00
t1,p8g6vsn,user_5633189af5
t1,p8g6rnt,user_36609dc6d5
t1,p8g6ds2,user_2d14f42a27
t1,p8g6cs4,user_eee0e937b3
t1,p8g6cfy,user_2a3e5fee0f
t1,p8g6bgd,user_0d25fc4e7a
t1,p8g66vm,user_bfdd1954cd
t1,p8g65xw,user_63664a20f4
t1,p8g64h8,user_fda67dc574
t1,p8g62yp,user_bad74e9d1f
t1,p8g62f7,user_932c6a6f64
t1,p8g60mw,user_a96292978e
t1,p8g5yzt,user_a636345ad3
t1,p8g5y6u,user_e009ca1c86
t1,p8g5ulz,user_74e8fc3e83
t1,p8g5u2i,user_47940632c7
t1,p8g5s2l,user_d623540eb2
t1,p8g5rvj,user_19de3dd0eb
t1,p8g5rjm,user_a8a59d0699
t1,p8g5pmo,user_0a1ce8e842
t1,p8g5ncx,user_3345f6de00
t1,p8g5n2u,user_02329e06dc
t1,p8g5n3l,user_ad76950535
t1,p8g5mts,user_e009ca1c86
t1,p8g5l1b,user_9ea75ea15c
t1,p8g5k66,user_04bcbd0c51
t1,p8g5fjc,user_204a0f6b46
t1,p8g5ckn,user_b7311da138
t1,p8g5bwt,user_9ea75ea15c
t1,p8g5a1p,user_bf9f1e5d4d
t1,p8hu5re,user_4568f4aae3
t1,p8hu4yr,user_fe53d058dd
t1,p8hu4c2,user_707bc1f64c
t1,p8hu3mk,user_9b2fbe312b
t1,p8hu2ew,user_35c399b5fe
t1,p8htziw,user_31eab58eb3
t1,p8htyp7,user_4d2c2bf7b5
t1,p8htyjb,user_13cc1bf07c
t1,p8htx07,user_dd24b3a89d
t1,p8htt3p,user_7d639b2d8a
t1,p8htr7x,user_31eab58eb3
t1,p8htp9y,user_35c399b5fe
t1,p8htp4l,user_4162309653
t1,p8htp4a,user_9b2fbe312b
t1,p8htoa1,user_6625921202
t1,p8hto7e,user_7d639b2d8a
t1,p8htl07,user_31eab58eb3
t1,p8hthrm,user_c6e6b8456b
t1,p8hth3p,user_a8066a6969
t1,p8htf1o,user_0f6985a158
t1,p8hte41,user_e0dcd3de2f
t1,p8htczu,user_4568f4aae3
t1,p8htbxc,user_6c2e8384cc
t1,p8htavc,user_2b8000bafc
t1,p8ht95h,user_4d2c2bf7b5
t1,p8ht94d,user_e63d0885ad
t1,p8ht8j6,user_7d639b2d8a
t1,p8ht84w,user_c1cd7d037a
t1,p8ht7zy,user_4568f4aae3
t1,p8ht6ej,user_897d454573
t1,p8ht4kp,user_7d639b2d8a
t1,p8ht3lz,user_31eab58eb3
t1,p8ht1e8,user_b58a1b9fb6
t1,p8ht0xi,user_b54b02e370
t1,p8ht0ha,user_0550aae89e
t1,p8hsy0t,user_7d639b2d8a
t1,p8hsxpo,user_769db73b13
t1,p8hsweo,user_4568f4aae3
t1,p8hsu2y,user_a025c980c8
t1,p8hst0s,user_7d639b2d8a
t1,p8hsrrv,user_5819157a27
t1,p8hsrpo,user_589bb26d5d
t1,p8hsp3e,user_4d2c2bf7b5
t1,p8hsn71,user_4568f4aae3
t1,p8hsmv0,user_bf50cf1102
t1,p8hsmjg,user_31eab58eb3
t1,p8hsmet,user_5d18e0e77a
t1,p8hsl0z,user_6c2e8384cc
t1,p8hskn6,user_633325c247
t1,p8hsime,user_a6803e3f85
t1,p8hsh9g,user_b665acbf32
t1,p8hsgj1,user_31eab58eb3
t1,p8hsfrs,user_4db7281fa2
t1,p8hsfep,user_7d639b2d8a
t1,p8hse3t,user_5894aaa626
t1,p8hscf1,user_d59de6ed5d
t1,p8hsanp,user_31eab58eb3
t1,p8hsa9f,user_2b7b3fbb40
t1,p8hsa74,user_b27576af23
t1,p8hs7sx,user_1b3c9b3f9f
t1,p8hs6m5,user_f07e283bf6
t1,p8hs66q,user_4f53a7f412
t1,p8hs4e8,user_9aafce13eb
t1,p8hs43q,user_4f761513fa
t1,p8hs2dy,user_1fdb8825b6
t1,p8hs1bz,user_169e177ab7
t1,p8hrx5q,user_31eab58eb3
t1,p8hrw8e,user_91ee5bff80
t1,p8hrsww,user_d89ea860a1
t1,p8hrsn8,user_4997d32f9a
t1,p8hrs1h,user_6c05d63581
t1,p8hrr2d,user_ae8ee1b3ee
t1,p8hrqpm,user_ddb6278549
t1,p8hrpuc,user_4bb8a1b8b1
t1,p8hronc,user_73651d768a
t1,p8hrohp,user_1a886e01a9
t1,p8hrohf,user_7d639b2d8a
t1,p8hrko6,user_4568f4aae3
t1,p8hrj7t,user_d89ea860a1
t1,p8hrirz,user_3fc0e2a3e6
t1,p8hrieg,user_e85b72d98e
t1,p8hrhz6,user_441eb41280
t1,p8hrhlj,user_4997d32f9a
t1,p8hrh2d,user_d59de6ed5d
t1,p8hrfe5,user_0b643ba101
t1,p8j3rkm,user_e58992d3aa
t1,p8j3ou4,user_c9bb4aaa0d
t1,p8j3m83,user_45d62e12f7
t1,p8j3j32,user_6c17d3cf5c
t1,p8j3g47,user_8f1de796eb
t1,p8j3feo,user_aaf6ada68e
t1,p8j3dol,user_3557f998da
t1,p8j3c63,user_c5c8c2c3a9
t1,p8j38qv,user_5e4d1d7257
t1,p8j34r1,user_72aa543f13
t1,p8j33w9,user_d4e5aa6c3f
t1,p8j31fb,user_02eb384fc3
t1,p8j2y3h,user_069a5838e8
t1,p8j2vkr,user_065d9ee988
t1,p8j2tng,user_2bd8582e03
t1,p8j2rdc,user_f1df9002a6
t1,p8j2l3a,user_9207c582b0
t1,p8j2i83,user_d8107b218e
t1,p8j2epu,user_fbedcb4b06
t1,p8j2dvc,user_1c70083edf
t1,p8j2bph,user_c8691359a5
t1,p8j2966,user_02eb384fc3
t1,p8j282x,user_176bacc463
t1,p8j268p,user_7e82223fd3
t1,p8j24rz,user_f7deb6cf9c
t1,p8j23iu,user_a0a2786ad8
t1,p8j2384,user_0ae63bbc41
t1,p8j22ki,user_194eaf30da
t1,p8j224p,user_e9eaceb8f3
t1,p8j21nw,user_3bd0806808
t1,p8j1ydu,user_bb0691b112
t1,p8j1wec,user_0ae63bbc41
t1,p8j1w5o,user_5533f4b71d
t1,p8j1t20,user_f7deb6cf9c
t1,p8j1q4l,user_a0a2786ad8
t1,p8j1p79,user_e1a3b8990f
t1,p8j1nsm,user_785016cc71
t1,p8j1mpc,user_4df3d194d0
t1,p8j1mc7,user_d7c2cf5d1a
t1,p8j1jy2,user_b289e5cf2a
t1,p8j1j69,user_4bb3774562
t1,p8j1ghk,user_e1a3b8990f
t1,p8j1fbm,user_e9eaceb8f3
t1,p8j1f2w,user_3935ea8db8
t1,p8j1f0q,user_01f9dedf68
t1,p8j1e1d,user_0859918e40
t1,p8j1d8q,user_5d8e2605c1
t1,p8j1cgg,user_9e2dcb38ff
t1,p8j1cae,user_b39a40eda2
t1,p8j1ayw,user_aac41a4c44
t1,p8j176b,user_5e8eddcb6a
t1,p8j15q7,user_a6a026af7c
t1,p8j11oi,user_df3f1daac9
t1,p8j118u,user_d36990c2cf
t1,p8j10bb,user_b6039c82b4
t1,p8j0xeu,user_069a5838e8
t1,p8j0x2y,user_43a53c2bbd
t1,p8j0wok,user_e30d43945a
t1,p8j0w3e,user_469ac557e3
t1,p8j0v6g,user_e9eaceb8f3
t1,p8j0tjj,user_5d8e2a4968
t1,p8j0rvq,user_02eb384fc3
t1,p8j0qt5,user_220be894fa
t1,p8j0qb2,user_0b1da054a3
t1,p8j0o1r,user_e01716ad0f
t1,p8j0nhy,user_f7deb6cf9c
t1,p8j0n7f,user_a513750592
t1,p8j0li9,user_83ba9efb38
t1,p8j0l0t,user_e1f0ac9cbc
t1,p8j0kut,user_59c933650c
t1,p8j0ize,user_d4e5aa6c3f
t1,p8j0i8a,user_2723a03911
t1,p8j0gyl,user_23a963495d
t1,p8j0h0e,user_4600298c8c
t1,p8j0f4x,user_93010efda1
t1,p8j0elg,user_0122f7b6e5
t1,p8j0e0b,user_2afa723e8c
t1,p8j0aa6,user_4c97a683ac
t1,p8j09jn,user_c813e6e3d2
t1,p8j07n6,user_29da8c8f8f
t1,p8j065l,user_4d3bd4bd40
t1,p8j0667,user_6625921202
t1,p8j04r0,user_6668ef19d9
t1,p8j00hj,user_f37f68c3d3
t1,p8izy9y,user_25732e4da6
t1,p8izvpa,user_f08c93c97b
t1,p8l8wb1,user_f43db7aeab
t1,p8l8v1g,user_de54307d9e
t1,p8l8uj6,user_809e026563
t1,p8l8umk,user_4d2daca302
t1,p8l8tir,user_ce56ddc6cb
t1,p8l8so7,user_950dc471c4
t1,p8l8set,user_57d3a46f21
t1,p8l8s7y,user_0db9c08bf4
t1,p8l8r1r,user_ce5e5db69e
t1,p8l8qgj,user_9880144a55
t1,p8l8pss,user_4e698bd986
t1,p8l8pkz,user_00e982233f
t1,p8l8mc7,user_2bfe4543df
t1,p8l8klz,user_5c26cdc124
t1,p8l8iy2,user_f43db7aeab
t1,p8l8in8,user_118d6fa545
t1,p8l8hor,user_5e32dfbfd6
t1,p8l8hci,user_530ca0b95e
t1,p8l8gek,user_05089c1953
t1,p8l8gga,user_57d3a46f21
t1,p8l8do7,user_e93467bfdc
t1,p8l8dm2,user_c1716f4baa
t1,p8l8cpw,user_bf6990ed6d
t1,p8l8bz3,user_b70b99b512
t1,p8l8bzp,user_3b2a8b3c93
t1,p8l8bkm,user_118d6fa545
t1,p8l89yb,user_81aca4f789
t1,p8l89ly,user_24570b24be
t1,p8l87iu,user_ffa8b49def
t1,p8l850i,user_7522fca602
t1,p8l83ny,user_7b927475d3
t1,p8l82oy,user_d28b53dff9
t1,p8l82fa,user_5481bebe1d
t1,p8l818z,user_2bfe4543df
t1,p8l7xy2,user_d6789d1f64
t1,p8l7xmg,user_e76599b1b1
t1,p8l7va4,user_de7bb42992
t1,p8l7uq3,user_ce56ddc6cb
t1,p8l7ubs,user_a6395e54fd
t1,p8l7u4e,user_4e698bd986
t1,p8l7tnm,user_0554a35d8c
t1,p8l7t3w,user_f8bd0e40fa
t1,p8l7qqw,user_2a8c1f3e1e
t1,p8l7p8h,user_165803c11a
t1,p8l7p1h,user_dcb8fde68e
t1,p8l7oeh,user_d0aad75f73
t1,p8l7mut,user_0b2c665c20
t1,p8l7me9,user_80ffab8e94
t1,p8l7mgr,user_7710c24e64
t1,p8l7li9,user_60e62f0dd7
t1,p8l7l5c,user_5c45f76411
t1,p8l7kok,user_f23fce513d
t1,p8l7k0g,user_f766bbe4b3
t1,p8l7ib2,user_2a3d75fe10
t1,p8l7gng,user_1b9afa3917
t1,p8l7fir,user_3aec457950
t1,p8l7euk,user_b8d1b81a2a
t1,p8l7euo,user_e171ba1bbf
t1,p8l7erv,user_de54307d9e
t1,p8l7dzm,user_a52e30c222
t1,p8l7c1u,user_a6dd5b046d
t1,p8l7b8a,user_3c824a3fee
t1,p8l7awq,user_6f9a934f45
t1,p8l776u,user_55038331ad
t1,p8l76ty,user_f23fce513d
t1,p8l729c,user_7d7978d063
t1,p8l6zyv,user_cff129c18a
t1,p8l702n,user_d6789d1f64
t1,p8l6zjp,user_a52e30c222
t1,p8l6zd0,user_4e698bd986
t1,p8l6z2g,user_a66e1411f6
t1,p8l6yh4,user_7d7978d063
t1,p8l6xaw,user_8828c59c0c
t1,p8l6x1b,user_1727cb3b93
t1,p8l6wzh,user_8ce624ef46
t1,p8l6vtj,user_0f1ca38ac5
t1,p8l6vkr,user_bbcf58a868
t1,p8l6uea,user_ffa8b49def
t1,p8l6t6w,user_d623540eb2
t1,p8l6suf,user_034f1bccae
t1,p8l6s9a,user_ab4c76082d
t1,p8l6q8a,user_57d3a46f21
t1,p8l6oju,user_7ff33e056d
t1,p8l6o1c,user_dbea8077f4
t1,p8l6nqu,user_f23fce513d
t1,p8l6l41,user_4ed111914f
t1,p8l6ka1,user_22494e31d7
t1,p8l6ii7,user_5c8f115f86
t1,p8l6gpn,user_bbcf58a868
t1,p8l6eje,user_28792e2f83
t1,p8ndy3l,user_b8d12974e6
t1,p8ndxub,user_2b227797ff
t1,p8ndrmd,user_51929306be
t1,p8ndq17,user_fc8696f82f
t1,p8ndpf3,user_45b592689d
t1,p8ndmmj,user_e553d21b16
t1,p8ndlmu,user_51929306be
t1,p8ndle9,user_d3038f945e
t1,p8ndker,user_6689830826
t1,p8ndj26,user_8e6a9b272c
t1,p8ndgqa,user_e553d21b16
t1,p8ndg7u,user_51929306be
t1,p8nde9y,user_08960aaf72
t1,p8ndcla,user_0bdb4daf22
t1,p8nd87g,user_1d9b6b6153
t1,p8nd6z1,user_b4d847bc68
t1,p8nd5st,user_d9f5a4f1e9
t1,p8nd361,user_ed5ffc441d
t1,p8nd2z2,user_d66dba5e60
t1,p8nd2pp,user_51929306be
t1,p8ncypi,user_0db9c08bf4
t1,p8ncxqs,user_a02bae5a0c
t1,p8ncspf,user_51929306be
t1,p8ncp2m,user_ea58608dc2
t1,p8nco5d,user_0c2361f462
t1,p8nco26,user_51a1b002e4
t1,p8ncn63,user_51929306be
t1,p8nckwz,user_51929306be
t1,p8nckhg,user_8e3e7805b4
t1,p8nchnb,user_51929306be
t1,p8nch08,user_63fc8d30ae
t1,p8ncfoe,user_a571ea586a
t1,p8ncfqa,user_bc93869cc9
t1,p8ncb5w,user_2cb13ce1cb
t1,p8ncb9d,user_66672b27c2
t1,p8ncb0l,user_0dab002abb
t1,p8nc5t3,user_60ceee902f
t1,p8nc5tk,user_30286ce860
t1,p8nc5e2,user_b8d12974e6
t1,p8nc4bq,user_236965de49
t1,p8nc3oz,user_18b6ac5a69
t1,p8nc28w,user_1d2b6ce82b
t1,p8nc1cv,user_9a3cf37d8e
t1,p8nbwdd,user_361ec95f46
t1,p8nbqex,user_b8d12974e6
t1,p8nbnc5,user_b8d12974e6
t1,p8nbmy8,user_2b37bf7c13
t1,p8nbllk,user_e9a152eb1d
t1,p8nbgsi,user_b8d12974e6
t1,p8nbfgr,user_b85d412f77
t1,p8nbf86,user_0bf36601d0
t1,p8nbez0,user_2b37bf7c13
t1,p8nbdyc,user_965f7f160c
t1,p8nbaw4,user_18b6ac5a69
t1,p8nbajl,user_8918779f52
t1,p8nb8i1,user_e009ca1c86
t1,p8nb3a6,user_64fb5f73bd
t1,p8naym1,user_18b6ac5a69
t1,p8nawob,user_ad76748a0a
t1,p8navri,user_bc618cc58b
t1,p8nauba,user_16633162a5
t1,p8naq75,user_3b7af30d24
t1,p8nap76,user_b8d12974e6
t1,p8nakt7,user_3b7af30d24
t1,p8nakvy,user_2f465cd2a8
t1,p8nakcs,user_26db1a123d
t1,p8nak8z,user_b8d12974e6
t1,p8najx2,user_47a4b34127
t1,p8najf5,user_18b6ac5a69
t1,p8naihm,user_b8d12974e6
t1,p8naibu,user_0c2361f462
t1,p8nagrx,user_c428077d35
t1,p8nafmp,user_b4d847bc68
t1,p8naewy,user_3001942920
t1,p8nadhq,user_ae10e78fb4
t1,p8nad5y,user_ce3c85e160
t1,p8naa9f,user_2ef91b8c6f
t1,p8na9x6,user_b8d12974e6
t1,p8na7o5,user_68ce5acba2
t1,p8na5pr,user_b8d12974e6
t1,p8na3y8,user_c009137cb6
t1,p8na0hf,user_b8d12974e6
t1,p8na0ih,user_fda15dd6a1
t1,p8na00r,user_b4d847bc68
t1,p8n9yva,user_d9f3d13370
t1,p8n9yol,user_3eae846078
t1,p8n9x01,user_ce3c85e160
t1,p8p0c3j,user_8abf41fc82
t1,p8p0big,user_cd7bd7c6b2
t1,p8p05yg,user_9177dc66ec
t1,p8ozzio,user_46d1dd50a7
t1,p8ozz0v,user_c431506271
t1,p8ozvpr,user_ac50e1a490
t1,p8ozvi8,user_0e5724be68
t1,p8ozvfd,user_513d72ddf9
t1,p8ozvaw,user_bc8f931e50
t1,p8oztqt,user_5d2f3126ac
t1,p8ozs5w,user_0e5724be68
t1,p8ozrro,user_39f63c20fb
t1,p8ozoij,user_b9f9ed2e95
t1,p8ozls4,user_da7aba70b0
t1,p8ozloi,user_68331ea894
t1,p8ozlqm,user_53e743f990
t1,p8ozjig,user_4d2c869530
t1,p8ozhqn,user_a704a875b6
t1,p8ozd9a,user_854679c562
t1,p8ozbht,user_5367624ab3
t1,p8oz2w1,user_213aafb712
t1,p8oz03t,user_b27576af23
t1,p8oyut7,user_6f04168a17
t1,p8oyu10,user_603429c5f6
t1,p8oytlk,user_8d0a79aace
t1,p8oyt93,user_0efb582af5
t1,p8oyp9m,user_57d3a46f21
t1,p8oyoas,user_7b1a3487a7
t1,p8oyo9k,user_c431506271
t1,p8oyn6b,user_53e743f990
t1,p8oym67,user_e77d1e21c5
t1,p8oyl70,user_65c649014c
t1,p8oyja0,user_7b1a3487a7
t1,p8oyhb6,user_0fd22aa43e
t1,p8oyfmu,user_090fbff86e
t1,p8oyess,user_09fbbe2cb6
t1,p8oyeon,user_65c649014c
t1,p8oyegv,user_a8066a6969
t1,p8oydqo,user_66dc319e03
t1,p8oycou,user_26ad96debb
t1,p8oyb56,user_2b3374aee7
t1,p8oy8vu,user_e837010ee5
t1,p8oy1xq,user_fbb11a7f76
t1,p8oy0du,user_785d1ea30b
t1,p8oxxnv,user_5e45dd943a
t1,p8oxvpe,user_f2411ab10f
t1,p8oxvba,user_21e0a9a876
t1,p8oxv92,user_3a7d0ef910
t1,p8oxqbx,user_e4f28a22c5
t1,p8oxpey,user_09fbbe2cb6
t1,p8oxp9z,user_1cae9a8b4e
t1,p8oxky2,user_f8cd94ad60
t1,p8oxju0,user_e34c241a54
t1,p8oxj99,user_046e7b2562
t1,p8oxfp3,user_55038331ad
t1,p8oxegd,user_9af7f66c95
t1,p8oxdqx,user_01b9734fce
t1,p8oxbgf,user_d706f3efc1
t1,p8oxb3c,user_5682da36b7
t1,p8ox8w2,user_bd9f9fd89a
t1,p8ox7jc,user_57d3a46f21
t1,p8ox2v4,user_9ff6564ff0
t1,p8ox1sm,user_57d3a46f21
t1,p8ox1nd,user_61a11d69ab
t1,p8owzf2,user_46c110d982
t1,p8owsrq,user_c62e1c1c1f
t1,p8ows9b,user_eb8856808a
t1,p8owre7,user_4f184e029b
t1,p8owqlz,user_c655db387c
t1,p8owq89,user_e419530731
t1,p8owpxc,user_0f2c77cec0
t1,p8owpq1,user_eb8856808a
t1,p8own00,user_df26d69857
t1,p8owlw8,user_3e4ae3f45f
t1,p8owklj,user_bdf7e98e5a
t1,p8owjuc,user_5abfd05950
t1,p8owiu8,user_e19b79a1ad
t1,p8owhbb,user_df26d69857
t1,p8owg7a,user_01dbd16b99
t1,p8owff9,user_d5b7f18bb0
t1,p8owd7e,user_b6a3c85e66
t1,p8owbkn,user_6b731817cc
t1,p8owbgo,user_0efb582af5
t1,p8owaco,user_129db45730
t1,p8ow8b5,user_cd428efc9d
t1,p8ow7z3,user_4cd9dbf36f
t1,p8ow6gb,user_4b2c15563f
t1,p8ow617,user_68b8a36062
t1,p8ow3yi,user_53e743f990
t1,p8qanv6,user_09fbbe2cb6
t1,p8qan4s,user_8c7e609545
t1,p8qamgi,user_99ebeb4e53
t1,p8qakt6,user_09fbbe2cb6
t1,p8qaihy,user_c4773164fa
t1,p8qadiy,user_02f0e93c2e
t1,p8qabp5,user_e4ea62fc2c
t1,p8qab3g,user_892024e1c0
t1,p8qaai0,user_849979fb8a
t1,p8qa8ru,user_9f3e8f4102
t1,p8qa8mw,user_f16cec657d
t1,p8qa74h,user_e37443f531
t1,p8qa5pz,user_859463cb84
t1,p8qa5s9,user_d284bbb48c
t1,p8qa5su,user_771ccfe47d
t1,p8qa26q,user_dc696da82e
t1,p8qa18n,user_a22cd7308b
t1,p8qa087,user_12d1092da4
t1,p8q9z4f,user_171feb4bf7
t1,p8q9uty,user_eff5833a52
t1,p8q9tdt,user_cef2c101cf
t1,p8q9qpc,user_5d63286fad
t1,p8q9qex,user_41c1ae7789
t1,p8q9ozv,user_f16cec657d
t1,p8q9kfj,user_ce6113160d
t1,p8q9jua,user_93f1a9f053
t1,p8q9job,user_dd3daa1ad4
t1,p8q9ibg,user_7dd500ad5b
t1,p8q9gnj,user_41c1ae7789
t1,p8q9dde,user_32148f1fb4
t1,p8q9d44,user_cecf2a847b
t1,p8q9cze,user_7e82223fd3
t1,p8q97w3,user_4028987975
t1,p8q95bq,user_a8fadf72ea
t1,p8q93pk,user_c4adf75131
t1,p8q9077,user_1253922e1c
t1,p8q8yvn,user_41c1ae7789
t1,p8q8w6x,user_f08c93c97b
t1,p8q8w74,user_96022758c2
t1,p8q8vu3,user_1bda1ada04
t1,p8q8vrb,user_af92ba8c43
t1,p8q8ua2,user_8a1d1b39f2
t1,p8q8u52,user_ce6113160d
t1,p8q8tpc,user_0049f71018
t1,p8q8s3n,user_1e5608e492
t1,p8q8pe3,user_935260898d
t1,p8q8lck,user_9288c5bb8c
t1,p8q8izt,user_41c1ae7789
t1,p8q8ic3,user_8a1d1b39f2
t1,p8q8i7p,user_f42043864d
t1,p8q8ho9,user_9233f57b32
t1,p8q8hd7,user_e37443f531
t1,p8q8fc8,user_f16cec657d
t1,p8q8erv,user_9192f4bb11
t1,p8q8efz,user_e3e730a485
t1,p8q8dfn,user_d92cdf3723
t1,p8q8d17,user_7b76dae736
t1,p8q8cp9,user_e48cec5be0
t1,p8q8c66,user_ff04af8462
t1,p8q8bir,user_436ef146dc
t1,p8q8aki,user_734c132114
t1,p8q88tj,user_bb7095fee3
t1,p8q87u4,user_0efc35961a
t1,p8q85aj,user_ffa8b49def
t1,p8q84bo,user_178bacdaf2
t1,p8q83zt,user_d91b94b350
t1,p8q83o6,user_de56104b65
t1,p8q8124,user_bb7095fee3
t1,p8q80mm,user_ce6113160d
t1,p8q7wmb,user_bb7095fee3
t1,p8q7s9b,user_a3032e281e
t1,p8q7s5e,user_4f63ea9b39
t1,p8q7m3a,user_2c62cc725d
t1,p8q7lua,user_a6662a47b2
t1,p8q7jb5,user_71c5cd5408
t1,p8q7hxx,user_e640d26cd9
t1,p8q7fis,user_a5fe61e807
t1,p8q7ff9,user_965f7f160c
t1,p8q7enr,user_41c1ae7789
t1,p8q7dhj,user_916df9ea99
t1,p8q7beo,user_ce6113160d
t1,p8q75z9,user_771ccfe47d
t1,p8q745e,user_171feb4bf7
t1,p8q6zwl,user_41c1ae7789
t1,p8q6wjz,user_a7992f8ea7
t1,p8q6uqn,user_45743b975b
t1,p8q6tf7,user_90b60460b6
t1,p8q6tc2,user_41c1ae7789
t1,p8q6t62,user_0112246b3f
t1,p8shbr0,user_3537d4bcd7
t1,p8shaoz,user_44396e836d
t1,p8sh81o,user_0314062974
t1,p8sh1a8,user_5571eb753e
t1,p8sh0ld,user_11fa78be24
t1,p8sgzwy,user_ab243c8bc7
t1,p8sgx6v,user_d930d92dc4
t1,p8sgsuc,user_44396e836d
t1,p8sgskc,user_9064bfb2e9
t1,p8sgmrb,user_e0dcdd9293
t1,p8sglvx,user_06d8543297
t1,p8sglit,user_24179613f2
t1,p8sgkvl,user_247b33891d
t1,p8sgkgx,user_712bf91b91
t1,p8sgjbm,user_45b7657373
t1,p8sghe3,user_05342bbb34
t1,p8sggxh,user_d40cf0b495
t1,p8sgglr,user_d41478d5af
t1,p8sgfz5,user_231e6c253d
t1,p8sgfpu,user_e047d2e653
t1,p8sgezx,user_eb159a1ae0
t1,p8sgehk,user_50e51bbdb6
t1,p8sgc7i,user_eb0d6f13e3
t1,p8sgbvp,user_aa4d792c13
t1,p8sga0g,user_cfe114e856
t1,p8sg9mk,user_776518aaef
t1,p8sg902,user_d150e5aa42
t1,p8sg8u2,user_f55d836ced
t1,p8sg8cq,user_1d3ef00b9e
t1,p8sg8az,user_712bf91b91
t1,p8sg6p0,user_d40cf0b495
t1,p8sg4vw,user_ce80acf3f5
t1,p8sg3kz,user_eb0d6f13e3
t1,p8sg30v,user_772611b886
t1,p8sg1te,user_f55d836ced
t1,p8sfzk8,user_89407ab41e
t1,p8sfytq,user_9064bfb2e9
t1,p8sfyr6,user_6397f4718b
t1,p8sfxa1,user_eb0d6f13e3
t1,p8sfwff,user_776518aaef
t1,p8sfvni,user_a0da20e9c3
t1,p8sfuv5,user_671f468459
t1,p8sfu6u,user_afb4c02aae
t1,p8sfria,user_eb0d6f13e3
t1,p8sfqam,user_45b7657373
t1,p8sfq63,user_ad543b52f8
t1,p8sfpo3,user_f881456a7f
t1,p8sfnhg,user_66bc143700
t1,p8sfmfr,user_3537d4bcd7
t1,p8sfm0i,user_5aa10ccb75
t1,p8sflm7,user_3bb3606bd0
t1,p8sfln1,user_564c2382ba
t1,p8sfj98,user_34a8a684d0
t1,p8sfip3,user_776518aaef
t1,p8sfifd,user_947e789965
t1,p8sfigf,user_0cee2e70d2
t1,p8sfi2v,user_c1716f4baa
t1,p8sfi4u,user_25e8325dcf
t1,p8sfgwf,user_e5217c9445
t1,p8sfgan,user_c395fdae86
t1,p8sff9v,user_25e8325dcf
t1,p8sfe82,user_d40cf0b495
t1,p8sfdla,user_09fbbe2cb6
t1,p8sfdfx,user_9a129c6951
t1,p8sfcm0,user_0096e76dec
t1,p8sfabk,user_ca1e4619ee
t1,p8sf5o7,user_4de3463efc
t1,p8sf5j4,user_a2c859f29d
t1,p8sf4s1,user_e7b714e3f4
t1,p8sf4v4,user_5ab5fa65fe
t1,p8sf3j8,user_edcc27f0d6
t1,p8sf387,user_8a4883e46b
t1,p8sf2sb,user_eee02ff6cf
t1,p8sf2ik,user_19ed266316
t1,p8sf1vl,user_50383b8ee3
t1,p8sf17w,user_12c3fa21bd
t1,p8sezxu,user_a49490098c
t1,p8sexx5,user_347461d012
t1,p8sexjr,user_bf3aba10e3
t1,p8sex8t,user_a466d50049
t1,p8sex3t,user_aafa9a6a78
t1,p8sevnb,user_59f6cbdc4e
t1,p8sep9i,user_60db0f16c7
t1,p8sent4,user_a99870a00d
t1,p8senpa,user_a3375d4bdf
t1,p8sekg5,user_133c48f993
t1,p8seizw,user_9ec9aad1ca
t1,p8sehy5,user_9b9964f0d9
t1,p8uobh8,user_16eae4b422
t1,p8uo9b0,user_511b747d82
t1,p8uo8z9,user_585fe3fdbd
t1,p8uo62r,user_16eae4b422
t1,p8uo2lg,user_45533e142f
t1,p8uo0ys,user_c431506271
t1,p8uo0pj,user_549a40a8f7
t1,p8uo0f3,user_833769d093
t1,p8unz3m,user_2fee09538c
t1,p8unus0,user_3cf49d2bbc
t1,p8untva,user_6759fffcd6
t1,p8untrl,user_31eab58eb3
t1,p8untmz,user_0dfa44013f
t1,p8unq6r,user_ab7b815619
t1,p8unn8f,user_bf06b8eed2
t1,p8unn6f,user_e046a9db6e
t1,p8unm4x,user_8f6eadf251
t1,p8unjf2,user_5859c683e9
t1,p8unj5e,user_0e91031c4f
t1,p8unfo2,user_26e12438b7
t1,p8unfek,user_ce492238eb
t1,p8und9s,user_f569d2331b
t1,p8uncsd,user_84ea79f445
t1,p8unaex,user_f222a7f2b4
t1,p8un73n,user_df3f1daac9
t1,p8un6yn,user_47a4b34127
t1,p8un6c1,user_c1716f4baa
t1,p8un3ba,user_be0724b73d
t1,p8un28u,user_c5ae91a735
t1,p8un07y,user_eb7301abaa
t1,p8umyfe,user_141332fdc8
t1,p8umy3t,user_760b34bddf
t1,p8umvp3,user_6ffd0bd5ad
t1,p8umvim,user_e7664fef11
t1,p8umup2,user_3583a40b8f
t1,p8umu2x,user_82a168f2c6
t1,p8umt1u,user_f2bbe11133
t1,p8umsn4,user_176822d703
t1,p8umqeh,user_fe225f5378
t1,p8umpa3,user_be06aa7d67
t1,p8ump4g,user_f23fce513d
t1,p8umo2b,user_fe225f5378
t1,p8uml6e,user_f601e9c2c2
t1,p8umgev,user_306d877b9f
t1,p8umfro,user_04f9960502
t1,p8umeh5,user_e8c9088ee0
t1,p8umd3k,user_38d3c9e993
t1,p8uma42,user_1f4bf8502b
t1,p8um89h,user_db39503fbb
t1,p8um7q7,user_19db82fa86
t1,p8um364,user_ca1e4619ee
t1,p8ulwim,user_91a0c318da
t1,p8ultps,user_b321724071
t1,p8ulq3f,user_a3ce2cea4d
t1,p8ulpdm,user_3a1d43aede
t1,p8ulp26,user_5b59ed8145
t1,p8ulomn,user_686d3155c5
t1,p8ulo9s,user_21784fb182
t1,p8ulmy0,user_99fe824d0a
t1,p8ulmne,user_e322b7c787
t1,p8ulmja,user_2dda417b7c
t1,p8ullav,user_9f4a2d2ad2
t1,p8uljy9,user_f52c6422e6
t1,p8uljtv,user_839f03a627
t1,p8uli55,user_686d3155c5
t1,p8uli14,user_cb0ecd5f76
t1,p8ulhc3,user_5bbcf72201
t1,p8ulfih,user_6450bdf56a
t1,p8uld8w,user_d59de6ed5d
t1,p8ulblz,user_5f11cc21f1
t1,p8ulaph,user_c431506271
t1,p8ulaho,user_cf3409f8cf
t1,p8ul6b8,user_7c9a83f433
t1,p8ul674,user_1ab08afd44
t1,p8ul4x9,user_1b915550ff
t1,p8ul4ty,user_c05a2cd50f
t1,p8ul4tc,user_0ae9477f36
t1,p8ukrtc,user_09fbbe2cb6
t1,p8ukp19,user_639951698f
t1,p8uklu0,user_09fbbe2cb6
t1,p8ukky9,user_9933e61c5c
t1,p8ukksu,user_7860921961
t1,p8ukk50,user_364dc35e25
t1,p8ukjoj,user_c1716f4baa
t1,p8uki9l,user_09fbbe2cb6
t1,p8ukhd1,user_e613f5c6ef
t1,p8uka83,user_41263531cb
t1,p8uk843,user_59c933650c
t1,p8wdtmd,user_9e7c2000fe
t1,p8wdt7n,user_78bc007b03
t1,p8wdoms,user_9e7c2000fe
t1,p8wdjui,user_7638490db4
t1,p8wdjex,user_9e7c2000fe
t1,p8wdit6,user_405119fc9a
t1,p8wdi0m,user_3464c063df
t1,p8wdhxy,user_4de9bd1255
t1,p8wdgwx,user_f62d971752
t1,p8wdfxc,user_054f197747
t1,p8wdfrl,user_47940632c7
t1,p8wdf9h,user_5e188748d3
t1,p8wdf2t,user_9e7c2000fe
t1,p8wdeze,user_2ecf1150bd
t1,p8wddvw,user_f9b17f9eda
t1,p8wdcap,user_ecd978482a
t1,p8wdbxz,user_dbc4bebe89
t1,p8wd990,user_1bdeb47936
t1,p8wd8ry,user_60eecd3ece
t1,p8wd3pi,user_edcc27f0d6
t1,p8wczdw,user_5111beabbf
t1,p8wcw65,user_7ddf14032a
t1,p8wcrhg,user_bbb8b069e5
t1,p8wcp30,user_edcc27f0d6
t1,p8wcngr,user_57b9525a3c
t1,p8wcm4z,user_81c3c47485
t1,p8wclv7,user_fd4d7b690b
t1,p8wchi0,user_6864eedb2d
t1,p8wcefd,user_9b7fad1c53
t1,p8wce8f,user_0083844c67
t1,p8wcb7j,user_0e91031c4f
t1,p8wcb3n,user_2ba3d0cfaa
t1,p8wc8gs,user_81c3c47485
t1,p8wc7dh,user_3ff1531f2c
t1,p8wc31b,user_c3e8bc40fe
t1,p8wc2ff,user_bb879623ea
t1,p8wc1vw,user_f21e2a2b5c
t1,p8wc107,user_9806791f05
t1,p8wc066,user_fd3af8a53e
t1,p8wbzzj,user_acf9f8d91b
t1,p8wbwwn,user_13952de9f8
t1,p8wbsa3,user_b4233d6f6a
t1,p8wbs6b,user_16b21062a0
t1,p8wbnei,user_ae19a66e87
t1,p8wbkkh,user_ff4322ad17
t1,p8wbi3c,user_051d6576e0
t1,p8wbfte,user_f98e8443ec
t1,p8wbc8z,user_986d25e2ee
t1,p8wbawz,user_fc9bd526e8
t1,p8wb8iu,user_6b9d78b88f
t1,p8wb7hg,user_cb12bbb981
t1,p8wb54d,user_b1b3d3e425
t1,p8wb4in,user_1e2ba47854
t1,p8wb0n1,user_82f9105ad2
t1,p8wazk5,user_ce8735cf7f
t1,p8wazif,user_b4233d6f6a
t1,p8way4e,user_230b50b8ab
t1,p8waxh2,user_e8a955cf48
t1,p8wawhl,user_a3cc96f80d
t1,p8wawaw,user_1bdeb47936
t1,p8waqud,user_c46017387d
t1,p8waqjq,user_78cc224308
t1,p8waq46,user_0e1dadf86f
t1,p8walwt,user_b68d319192
t1,p8wajms,user_3c28eb9652
t1,p8waisk,user_c934a6a837
t1,p8waijh,user_a2e2730a12
t1,p8wacu2,user_693206ae87
t1,p8wacnw,user_97cfa908be
t1,p8wacn4,user_2b0be6b42f
t1,p8wabk4,user_26c34dd4e7
t1,p8wa6xg,user_8c79d1e82f
t1,p8wa6sq,user_041e1f8363
t1,p8wa36v,user_3c29e46708
t1,p8wa2tp,user_18e4e56461
t1,p8wa2jm,user_0442762366
t1,p8wa2al,user_33f19194b5
t1,p8wa2ao,user_f35b65d25a
t1,p8wa27s,user_2230202753
t1,p8w9zxy,user_c178bc3fbf
t1,p8w9ytm,user_546dddb74b
t1,p8w9y7o,user_ad4205a7c2
t1,p8w9xup,user_758461b0c6
t1,p8w9wpl,user_041e1f8363
t1,p8w9uv5,user_3d13653024
t1,p8w9tv2,user_041e1f8363
t1,p8xogah,user_fa85af680d
t1,p8xodg7,user_f625d7d813
t1,p8xocr8,user_d9f0f0641e
t1,p8xoccf,user_e46e29b878
t1,p8xoa5u,user_804de080e5
t1,p8xo9uk,user_d75e187a63
t1,p8xo7j6,user_bd1c7ebeef
t1,p8xo6ku,user_b608caf6fa
t1,p8xo0w3,user_caf44f1e99
t1,p8xnzr4,user_2d1a422e7c
t1,p8xnwkt,user_9e30095d0e
t1,p8xnukt,user_7595c7b6ec
t1,p8xnts2,user_824affe236
t1,p8xnttj,user_e03bf6323d
t1,p8xnllh,user_564e91284c
t1,p8xnkv2,user_dfb73eabd3
t1,p8xnfcb,user_60af42503d
t1,p8xnaf8,user_e03bf6323d
t1,p8xn6zp,user_fc4200cdf8
t1,p8xn6ae,user_2187a67c8b
t1,p8xn68b,user_64d2721480
t1,p8xn4wd,user_80f9698220
t1,p8xn2mt,user_36609dc6d5
t1,p8xn05m,user_17ba86e305
t1,p8xmy04,user_e03bf6323d
t1,p8xmrbv,user_fe70f75026
t1,p8xmpn5,user_585fe3fdbd
t1,p8xmosb,user_13a44e0a13
t1,p8xmmai,user_c2aa590a68
t1,p8xmlq9,user_64d2721480
t1,p8xmlk3,user_d215be342a
t1,p8xmasm,user_f881456a7f
t1,p8xm8aa,user_9648c021ce
t1,p8xm79t,user_e03bf6323d
t1,p8xm6f6,user_bfb6324c63
t1,p8xm4oi,user_e12acb3035
t1,p8xm327,user_f881456a7f
t1,p8xm1xf,user_fbedcb4b06
t1,p8xlzod,user_460a72544f
t1,p8xlzhx,user_3f3c30381a
t1,p8xlzcw,user_45bbce699b
t1,p8xlr37,user_99e24d2460
t1,p8xloe3,user_4e52e2a4c5
t1,p8xlnxe,user_5628f3a92c
t1,p8xlnf7,user_69b9634222
t1,p8xlkjs,user_084f033c34
t1,p8xlit3,user_340b3a9bf6
t1,p8xlgux,user_fe70f75026
t1,p8xldqc,user_e03bf6323d
t1,p8xlc19,user_1bc4874ee5
t1,p8xl5xz,user_80d6dd448c
t1,p8xl4ps,user_69b9634222
t1,p8xl4lr,user_1471e54c86
t1,p8xl361,user_36609dc6d5
t1,p8xl2h7,user_aa3f28b112
t1,p8xl1v7,user_9465d57a11
t1,p8xkyly,user_e07be0fe85
t1,p8xkt36,user_0147b9ed6f
t1,p8xkrwo,user_45f2da92b5
t1,p8xkqh4,user_e78c7ff0f4
t1,p8xkob1,user_9465d57a11
t1,p8xkmr5,user_5d63286fad
t1,p8xklr3,user_0757125c76
t1,p8xkksy,user_268da6ed3b
t1,p8xkjrw,user_b13de4847d
t1,p8xkgat,user_2b3c48d6f2
t1,p8xk9m6,user_415b1cb1f0
t1,p8xk8v6,user_2b3c48d6f2
t1,p8xk7a7,user_2bf04a1a53
t1,p8xk3yv,user_1436660294
t1,p8xk2on,user_6dd6e3ce9e
t1,p8xk1v9,user_b562dde0ab
t1,p8xk19e,user_a8a93da2d9
t1,p8xjzbr,user_1436660294
t1,p8xjxzv,user_7cbe1ee99c
t1,p8xju7f,user_0147b9ed6f
t1,p8xjje1,user_16964390ea
t1,p8xjgz0,user_0147b9ed6f
t1,p8xjd1e,user_aca0f69d87
t1,p8xjatv,user_76c900faf9
t1,p8xj83d,user_f5fff4a0be
t1,p8xj6iv,user_3bd2ca409c
t1,p8xj5gu,user_0de4239446
t1,p8xj1wb,user_51065a3d0d
t1,p8xj1ic,user_a36e520f12
t1,p8xj0kz,user_e03bf6323d
t1,p8xj0ai,user_6efac1daaf
t1,p8xiyun,user_1878d80303
t1,p8xixe7,user_2ef91b8c6f
t1,p8xiu7x,user_9c2673728e
t1,p8zwhaj,user_ea8bb49a2f
t1,p8zwgna,user_bcf66f6839
t1,p8zwfhy,user_732274456c
t1,p8zwdrb,user_42595b2c8f
t1,p8zwdpo,user_404ec18d0b
t1,p8zwdmp,user_610f4a94a2
t1,p8zwb12,user_7aac957efd
t1,p8zwar4,user_ff3292a099
t1,p8zw9uj,user_09fbbe2cb6
t1,p8zw9fo,user_c2820ee36e
t1,p8zw88l,user_4b7466fc4d
t1,p8zw7c5,user_f27ad0cc90
t1,p8zw5qq,user_21f3526f17
t1,p8zw4sx,user_8ab9b7fc24
t1,p8zw4te,user_274476dd9d
t1,p8zw4on,user_b2f0687a67
t1,p8zw23w,user_cee72a67b0
t1,p8zw1nh,user_c9beabea72
t1,p8zvyoe,user_de0c5762fd
t1,p8zvy6o,user_40fa97adfd
t1,p8zvxx3,user_a9c0d3ae5a
t1,p8zvxnf,user_f27ad0cc90
t1,p8zvx8l,user_cd7bd7c6b2
t1,p8zvwdw,user_2988361159
t1,p8zvvqk,user_e986aa244f
t1,p8zvvd9,user_46e88a4328
t1,p8zvur9,user_318a41175f
t1,p8zvu1a,user_b88519d42d
t1,p8zvthk,user_6b7951a379
t1,p8zvrs0,user_09fbbe2cb6
t1,p8zvp4g,user_861328e58c
t1,p8zvnim,user_26ca4d38c9
t1,p8zvn8o,user_1624ffc4db
t1,p8zvmmj,user_09fbbe2cb6
t1,p8zvm1o,user_dd5c91e59d
t1,p8zvm35,user_34e4714eaa
t1,p8zvlak,user_694963f9c6
t1,p8zvjkx,user_dd543eb649
t1,p8zvj76,user_044d9f18ca
t1,p8zvid4,user_3c0db2e638
t1,p8zvf4i,user_8f4dc2e9af
t1,p8zveuw,user_41ff8c57af
t1,p8zvepc,user_2a8c1f3e1e
t1,p8zve0h,user_3cf89d0e33
t1,p8zvcb5,user_f34f1f46a7
t1,p8zvbsm,user_82e6c5d996
t1,p8zvbig,user_25be946107
t1,p8zvap4,user_30a0c5ee51
t1,p8zv5ft,user_8f85e99b64
t1,p8zv4nj,user_cbb361cce9
t1,p8zv436,user_848f4568a1
t1,p8zv32v,user_0a4fab40a2
t1,p8zv30j,user_79478d9808
t1,p8zv1md,user_343fb4bef4
t1,p8zv1ju,user_cd663dadcc
t1,p8zv12f,user_b3d0d9356e
t1,p8zv03k,user_393e20cea2
t1,p8zuztd,user_2a8c1f3e1e
t1,p8zuxvq,user_32e6a2b05b
t1,p8zuvys,user_21f3526f17
t1,p8zuuty,user_fd98642ba9
t1,p8zuugy,user_ec119254d5
t1,p8zuul7,user_0fb91b8347
t1,p8zuti0,user_e20aee860c
t1,p8zush5,user_3c407bba24
t1,p8zus0k,user_0f9ba6c2d6
t1,p8zuq6i,user_3e3046e390
t1,p8zum9q,user_46e88a4328
t1,p8zum00,user_6216507e9f
t1,p8zulpr,user_063b9ae6c5
t1,p8zulk4,user_d009011811
t1,p8zul90,user_e4680b6fca
t1,p8zuklm,user_fc63e13186
t1,p8zuk10,user_6175119e36
t1,p8zuimt,user_a71b8a6243
t1,p8zuh2p,user_0fb91b8347
t1,p8zug0m,user_ef5aee61a8
t1,p8zug0p,user_910141531e
t1,p8zufme,user_e89e49c49b
t1,p8zuewa,user_45ebd82669
t1,p8zuepo,user_09fbbe2cb6
t1,p8zuegu,user_c843848b2a
t1,p8zuc9r,user_ea8bb49a2f
t1,p8zu8oh,user_995546fd2c
t1,p8zu8bm,user_1c6168b670
t1,p8zu67i,user_85dc7a3167
t1,p8zu68y,user_7dfbb67ada
t1,p8zu62s,user_1202a67388
t1,p8zu643,user_0fb91b8347
t1,p922bs3,user_42f47c1300
t1,p922a4s,user_758461b0c6
t1,p92283v,user_588cf170ce
t1,p9226aa,user_d74a4e57ef
t1,p922467,user_a2c60cdfc2
t1,p9223bb,user_c0878f96b8
t1,p9222hi,user_55a0476f0b
t1,p9221is,user_0e4fa27e22
t1,p9220lo,user_a2c60cdfc2
t1,p92205w,user_779a7719d0
t1,p922008,user_25e8325dcf
t1,p921vhz,user_bf664f1598
t1,p921ub2,user_09a6e03b34
t1,p921u5p,user_5e345fb1dc
t1,p921tgy,user_279cabc969
t1,p921rni,user_55a0476f0b
t1,p921rhx,user_e7c16f24aa
t1,p921rcq,user_da64ea6e06
t1,p921q6h,user_5e345fb1dc
t1,p921ppx,user_d9c4d5054c
t1,p921p3o,user_5e345fb1dc
t1,p921ouu,user_5442df6f4c
t1,p921o6n,user_5e345fb1dc
t1,p921n2c,user_fa43bbd375
t1,p921h5h,user_875565083b
t1,p921h6v,user_30a776dab1
t1,p921fov,user_6ac671c86c
t1,p921dxu,user_da54e26e61
t1,p921d25,user_6901438b93
t1,p921clc,user_25e8325dcf
t1,p921bgz,user_da64ea6e06
t1,p921bfy,user_64c3e1d469
t1,p9219no,user_f5ea1a428a
t1,p9217us,user_5e345fb1dc
t1,p92168w,user_911075da90
t1,p9214qr,user_42d3142794
t1,p92143e,user_5e345fb1dc
t1,p9213ps,user_f0570f210d
t1,p9213gy,user_765596900f
t1,p9212h8,user_6750c06b65
t1,p920zk5,user_5e345fb1dc
t1,p920zdl,user_6911dca7de
t1,p920y6t,user_26a829c94c
t1,p920weq,user_fcc13e82e9
t1,p920vim,user_3a7782aa85
t1,p920upj,user_fef9ae3867
t1,p920spc,user_f5ea1a428a
t1,p920s5c,user_5e345fb1dc
t1,p920qk8,user_6c72668b11
t1,p920qln,user_6911dca7de
t1,p920q25,user_10d7690d03
t1,p920pv8,user_5e345fb1dc
t1,p920oto,user_a2f0411932
t1,p920o5i,user_91c3a627b7
t1,p920o5u,user_5e345fb1dc
t1,p920nfu,user_02870fb6dd
t1,p920nff,user_bc90019f34
t1,p920mk8,user_1389a2f05d
t1,p920lu8,user_cbdc2f4154
t1,p920l9v,user_3a7782aa85
t1,p920jzp,user_5e345fb1dc
t1,p920jzr,user_4fdb3142e7
t1,p920ju2,user_017f163b1a
t1,p920hab,user_6901438b93
t1,p920g3g,user_5e345fb1dc
t1,p920f60,user_77f5c9eb48
t1,p920ek9,user_269b30ac04
t1,p920ds0,user_fa41de4e04
t1,p920atk,user_b626b56c4d
t1,p920aqt,user_035593631f
t1,p9209zy,user_403a498348
t1,p9207ot,user_b4dfd57e1b
t1,p92070u,user_ab38b923c1
t1,p9205wt,user_6759fffcd6
t1,p92043m,user_85926f2dc8
t1,p9202x1,user_5ae34bbf5b
t1,p92008q,user_2d872847c8
t1,p91zzzw,user_58b9ecb4e3
t1,p91zz32,user_aca75adfea
t1,p91zyqd,user_da64ea6e06
t1,p91zyls,user_10d7690d03
t1,p91zutt,user_404ec18d0b
t1,p91zsr5,user_58b9ecb4e3
t1,p91zsoe,user_ad76748a0a
t1,p91zrn7,user_b612fa4ccc
t1,p91zqcb,user_58b9ecb4e3
t1,p91zp1v,user_da64ea6e06
t1,p93qo4d,user_ad76748a0a
t1,p93qlt5,user_94e591b83b
t1,p93qktd,user_309b1298d2
t1,p93qhx3,user_f9dfbafe4b
t1,p93qf7i,user_d71b55dc4b
t1,p93q8s3,user_1e5608e492
t1,p93q4i1,user_71c5cd5408
t1,p93q4j0,user_6f9872fede
t1,p93q3jx,user_4568f4aae3
t1,p93q37j,user_47f3583db5
t1,p93q388,user_6d45d1e079
t1,p93q30u,user_c5a3796b41
t1,p93q2a9,user_d9552895af
t1,p93q1rs,user_bbaab245fa
t1,p93q1mn,user_872e7e327e
t1,p93q1be,user_b07763d21a
t1,p93q0dd,user_0a241774b4
t1,p93pzbs,user_26f16e9020
t1,p93pwvh,user_b1b3d3e425
t1,p93pwo2,user_71767194a3
t1,p93pvnh,user_ffb600ac20
t1,p93pukf,user_ea001ba9be
t1,p93pq1b,user_fd1eb8b797
t1,p93ppod,user_7fa7e139e9
t1,p93ppav,user_dc152b3a8b
t1,p93pnal,user_b1b3d3e425
t1,p93pmuh,user_9725bdf87d
t1,p93pme1,user_e8a955cf48
t1,p93pkwm,user_c45598a28e
t1,p93pkje,user_2a3db4345d
t1,p93phz8,user_cde4205fa3
t1,p93phrh,user_0c42bf67b9
t1,p93pfjp,user_782b3aff35
t1,p93pe6f,user_e716e5449b
t1,p93pe6h,user_eb4b57bf69
t1,p93pdzi,user_eea36a038d
t1,p93pdlx,user_7495cfa020
t1,p93p9j1,user_872e7e327e
t1,p93p93g,user_e37443f531
t1,p93p5r3,user_84bc842e06
t1,p93p5gj,user_6663905d1f
t1,p93p3zn,user_f5e964741d
t1,p93p39h,user_09fbbe2cb6
t1,p93p350,user_e17d7b48a7
t1,p93p2ev,user_fd586a5c92
t1,p93p1db,user_10c48ec8d2
t1,p93oy4k,user_80164fe12c
t1,p93ox9f,user_eb4b57bf69
t1,p93ow7n,user_92090fd48f
t1,p93osg5,user_eadbe8c9bd
t1,p93olyn,user_e33a4d5c59
t1,p93oiiq,user_e33a4d5c59
t1,p93odve,user_99cb671268
t1,p93odkr,user_6bd4b294c7
t1,p93oczu,user_d15a90d9d5
t1,p93obmu,user_d384388efa
t1,p93oavg,user_7c60bba052
t1,p93o90m,user_62e173b34f
t1,p93o75u,user_6ac5dcc25c
t1,p93o5p2,user_17d89cac71
t1,p93o3my,user_a66db0dd18
t1,p93o16j,user_fe1c196775
t1,p93nzh3,user_8ee3fb5a3f
t1,p93nus3,user_c009137cb6
t1,p93nu6v,user_cd88ae303e
t1,p93nr5b,user_5ffbe2f2d7
t1,p93no7f,user_028cdfb9b3
t1,p93nmxx,user_31eab58eb3
t1,p93nmvj,user_a5e792f5ad
t1,p93nmes,user_0c4441d8f7
t1,p93nfpt,user_f24a8a7468
t1,p93neve,user_872e7e327e
t1,p93nd8d,user_a6395e54fd
t1,p93ncjp,user_8b68cefd85
t1,p93nc58,user_10f27a0d53
t1,p93nbdq,user_b04e382940
t1,p93nbc5,user_5f86dea94a
t1,p93nbd7,user_a3f93d5b0d
t1,p93nb6l,user_5c71dc146e
t1,p93nb6n,user_340b3a9bf6
t1,p93naox,user_e093d38b85
t1,p93na9b,user_bd20618e4a
t1,p93n9dw,user_5f86dea94a
t1,p93n9e2,user_05fdd447b0
t1,p93n4gt,user_c3569bac71
t1,p93n2hl,user_17d89cac71
t1,p93n184,user_45e0f9eb3f
t1,p93mz19,user_b0d15eb256
t1,p93mwm1,user_b8d6cd3701
t1,p951by0,user_e384eb7438
t1,p9519b7,user_41d6e4813b
t1,p9516xt,user_52eff17f4e
t1,p95105x,user_64fb5f73bd
t1,p950xln,user_24ce0f2509
t1,p950wnq,user_c4b33b1d93
t1,p950v8m,user_87db67043a
t1,p950p00,user_9f4a2d2ad2
t1,p950os3,user_188b9fa1ca
t1,p950o1g,user_f214bb6580
t1,p950ml1,user_59c933650c
t1,p950ha9,user_32d2f02fc4
t1,p950efb,user_f00a343cd1
t1,p9509ck,user_c860bffa60
t1,p9506b8,user_cbdb4f4766
t1,p9503na,user_1a6b4819e6
t1,p94zssk,user_8331d00aa6
t1,p94zs9v,user_f4fc72b171
t1,p94zore,user_5c538cd655
t1,p94zmvw,user_d60873ba68
t1,p94zj0e,user_d60873ba68
t1,p94zbpg,user_d60873ba68
t1,p94z9z4,user_f2bbe11133
t1,p94z5nq,user_d60873ba68
t1,p94z4lg,user_4feb3c3989
t1,p94z167,user_ae410c36b3
t1,p94z0n8,user_bfec980d93
t1,p94yw1r,user_2aac48dc1e
t1,p94yue9,user_801900a0ce
t1,p94ylog,user_4ebf5d1e9d
t1,p94yja9,user_d60873ba68
t1,p94yhl2,user_4280b1883c
t1,p94yeon,user_e78da19b14
t1,p94ycb3,user_c102c0760e
t1,p94y3gc,user_60e62f0dd7
t1,p94y21p,user_11ab64ecd6
t1,p94y04b,user_27b97c5490
t1,p94xy9e,user_c21a4a8f67
t1,p94xy3y,user_0fbcfb2f06
t1,p94xwcb,user_44e1431d00
t1,p94xti9,user_a4a77fc098
t1,p94xrwm,user_a6b47f5db4
t1,p94xfvz,user_9e5108e8ed
t1,p94xeca,user_d2dfd35407
t1,p94xe96,user_ee03a60e76
t1,p94xdyv,user_05089c1953
t1,p94xdta,user_3d893ca025
t1,p94xdfm,user_892024e1c0
t1,p94x7f8,user_63cb3b4c09
t1,p94x3ru,user_265c063626
t1,p94wz9m,user_f87bba3661
t1,p94wyay,user_a97190d3e5
t1,p94ws6i,user_43b42cec20
t1,p94wqkf,user_9ca4e40061
t1,p94wou9,user_68dfc8242d
t1,p94wm24,user_06f212455a
t1,p94whtx,user_28924c5cf3
t1,p94wgqd,user_1bda1ada04
t1,p94wg4h,user_1e4432c9fc
t1,p94wewp,user_a4c42cd6f9
t1,p94we8f,user_28924c5cf3
t1,p94wda2,user_06f212455a
t1,p94wcfy,user_d9552895af
t1,p94w8ze,user_e58992d3aa
t1,p94w81j,user_69a3b9e4de
t1,p94w5ak,user_4c9d83c5fd
t1,p94w1af,user_1e4432c9fc
t1,p94vxhq,user_747237ac52
t1,p94vxkr,user_887a201560
t1,p94vvq9,user_99c2519f32
t1,p94vtrt,user_fbea69e0f3
t1,p94vtcx,user_8003e0fa55
t1,p94vsyh,user_e40e4a101c
t1,p94vr8r,user_11c6be0272
t1,p94vps9,user_1b20eb00f8
t1,p94vp83,user_30ffeea88a
t1,p94vnvh,user_87db67043a
t1,p94vn7i,user_468271859d
t1,p94vllp,user_1e4432c9fc
t1,p94vkbv,user_034f1bccae
t1,p94vj1m,user_e3d4e9a490
t1,p94vi2q,user_776518aaef
t1,p94vi3h,user_103e0f0f87
t1,p94vhph,user_e7832c835d
t1,p94vhks,user_1bda1ada04
t1,p94vfbn,user_d60873ba68
t1,p94vcbv,user_9cf7d0264d
t1,p94vc9i,user_462d87a69b
t1,p94vc3r,user_bd75751e00
t1,p978fl7,user_d8023bf11f
t1,p9789vn,user_8716e01f1e
t1,p9788sx,user_70aca79dba
t1,p9788bw,user_d59de6ed5d
t1,p9787py,user_8ee99d8f39
t1,p9785b1,user_54e0b21bf9
t1,p977xgs,user_d5aeda8286
t1,p977x3e,user_92a0ea00d2
t1,p977wlv,user_55c60419d2
t1,p977vnf,user_888e15e2c3
t1,p977vpo,user_de3b956430
t1,p977ues,user_92a0ea00d2
t1,p977s7m,user_e40cd1a7ab
t1,p977jfi,user_8e7e24cea5
t1,p977iud,user_fe656f2c75
t1,p977ii1,user_1bb44bb8b6
t1,p977eid,user_91c3a627b7
t1,p977ecc,user_25e8325dcf
t1,p977dj6,user_008f8054aa
t1,p977bk4,user_c6e4dffeab
t1,p9779yz,user_8ee99d8f39
t1,p9777d7,user_c27ff1ca9d
t1,p97768q,user_635b676312
t1,p9774r4,user_3c8251f424
t1,p9774i3,user_4a66a23e59
t1,p9772us,user_810a512ecc
t1,p976wzl,user_3364c121bf
t1,p976wod,user_bc0dd0eb46
t1,p976vf6,user_8860b20b32
t1,p976ris,user_fbea69e0f3
t1,p976qr7,user_91c3a627b7
t1,p976px3,user_2a3d75fe10
t1,p976n20,user_751c8bc775
t1,p976glx,user_8860b20b32
t1,p976cah,user_fbf17a8740
t1,p976bro,user_fb521d841e
t1,p975z68,user_10890b3a5a
t1,p975t8f,user_68aba83ea5
t1,p975o28,user_b11a008db8
t1,p975msk,user_017200e7c7
t1,p975lmn,user_c08a876ec0
t1,p975jbr,user_a38da6fb2d
t1,p975giq,user_bbc5241347
t1,p975dme,user_a38da6fb2d
t1,p975d1v,user_995546fd2c
t1,p975bmv,user_a38da6fb2d
t1,p9758sm,user_a38da6fb2d
t1,p9757b7,user_818d0523fb
t1,p9755t5,user_6ddc3ccecf
t1,p9754a3,user_03cb5882ce
t1,p9753u1,user_0c7f80dd8c
t1,p974zhm,user_ce8735cf7f
t1,p974z2s,user_4568f4aae3
t1,p974x1k,user_017200e7c7
t1,p974vd4,user_fb521d841e
t1,p974tdx,user_6a6ee31d84
t1,p974sh9,user_22b4c69bbb
t1,p974qqw,user_5bb0c3b16a
t1,p974pae,user_ca942af1a3
t1,p974o33,user_6f20f61c57
t1,p974mvb,user_872e7e327e
t1,p974jbp,user_1ced209db4
t1,p974inu,user_f540e7ec2f
t1,p974gu8,user_dff2b36d4d
t1,p974gqn,user_8ff658ce7a
t1,p974frz,user_1af229864d
t1,p974efv,user_ca942af1a3
t1,p974e5s,user_37fa99206e
t1,p974d9g,user_b68f38c115
t1,p974a28,user_51e7306fdc
t1,p97461l,user_bae0ea4dea
t1,p97441r,user_ca942af1a3
t1,p974268,user_872e7e327e
t1,p9741rp,user_37fa99206e
t1,p9741uk,user_8716e01f1e
t1,p973zxw,user_e11ea18e98
t1,p973zre,user_37fa99206e
t1,p973xkg,user_861328e58c
t1,p973tsn,user_44659e48d1
t1,p973oq4,user_2286cb6932
t1,p973nxx,user_91a7729981
t1,p973kfb,user_4aa6416427
t1,p973jq2,user_dff2b36d4d
t1,p973ebj,user_dff2b36d4d
t1,p973c8a,user_05fc8ac949
t1,p9739m7,user_230f1912be
t1,p9735pd,user_05a4bbe7d2
t1,p9732kl,user_c560dc5acd
t1,p9731ii,user_fb521d841e
t1,p99bviu,user_18b6ac5a69
t1,p99bswh,user_26e12438b7
t1,p99bssy,user_2002b44d82
t1,p99brcc,user_c9d4e8f09f
t1,p99bowj,user_0b056289e4
t1,p99bocp,user_195a2146e5
t1,p99bl7d,user_3cd23f01e0
t1,p99bl3q,user_48d01696fe
t1,p99bjy2,user_e45810421e
t1,p99bily,user_2002b44d82
t1,p99bhvp,user_25e8325dcf
t1,p99bhdb,user_7260a5903a
t1,p99bgy8,user_c6c7710821
t1,p99bgao,user_18b6ac5a69
t1,p99bfhd,user_fa9aef3dc4
t1,p99back,user_a8214fa8f2
t1,p99ba27,user_9f327d3dbd
t1,p99b79t,user_90b60460b6
t1,p99b56e,user_13caac8134
t1,p99b3jf,user_138cc7fe97
t1,p99b2xz,user_c1627c12cd
t1,p99b290,user_2782859bfb
t1,p99azoj,user_edcc27f0d6
t1,p99azfj,user_90b60460b6
t1,p99aycq,user_10d7690d03
t1,p99avdx,user_43c1ed250d
t1,p99au8s,user_3996e25f24
t1,p99asvf,user_13044d3c3c
t1,p99aqez,user_8a1d1b39f2
t1,p99aoj4,user_edcc27f0d6
t1,p99ao0k,user_021c2d6c3c
t1,p99almw,user_2d872847c8
t1,p99ajq1,user_9f6bd72f74
t1,p99aiyf,user_8d74e0ff89
t1,p99aid3,user_3cd23f01e0
t1,p99ah6r,user_951f781062
t1,p99ag6o,user_de98796d86
t1,p99af9o,user_56577f2a07
t1,p99aeuk,user_eb37a8e662
t1,p99ae2a,user_0e55e9b006
t1,p99ac7k,user_2d872847c8
t1,p99aamv,user_e243521890
t1,p99aabb,user_45529bd73b
t1,p99a6xh,user_d131186001
t1,p99a4yf,user_138cc7fe97
t1,p99a4ku,user_c1627c12cd
t1,p99a2nv,user_195a2146e5
t1,p99a22m,user_edcc27f0d6
t1,p999zkb,user_7adffa3303
t1,p999zao,user_10d7690d03
t1,p999zda,user_3cd23f01e0
t1,p999xtt,user_c1627c12cd
t1,p999vlx,user_a41423fce3
t1,p999ua1,user_605ac1bed7
t1,p999t0r,user_443d5e096d
t1,p999rul,user_c3935b1c59
t1,p999rhe,user_03dd888ab6
t1,p999nwg,user_b35e7ec212
t1,p999mc6,user_3e2651cad9
t1,p999mdx,user_b93a09c7fc
t1,p999lhz,user_67ef91ad66
t1,p999ko5,user_6c17d3cf5c
t1,p999k8t,user_03dd888ab6
t1,p999j5e,user_2b73be0efd
t1,p999izg,user_195a2146e5
t1,p999isw,user_a71bd650f9
t1,p999fpc,user_3cd23f01e0
t1,p999etw,user_a22cd7308b
t1,p999dtn,user_f004ae097c
t1,p999b82,user_4bd20ac884
t1,p9999ti,user_45529bd73b
t1,p9998km,user_5859c683e9
t1,p9998mm,user_f004ae097c
t1,p99984g,user_009d4a1cd9
t1,p99971s,user_a76836ff98
t1,p9996es,user_0a404159f1
t1,p999687,user_ed567e60ab
t1,p99968b,user_351a2cb931
t1,p99960x,user_e7767db012
t1,p9995q6,user_b68d319192
t1,p99954d,user_4950821a5c
t1,p9993sa,user_23e46e9022
t1,p9992k3,user_b6ed1f16b3
t1,p99900g,user_fc79cc45ce
t1,p998zjr,user_f004ae097c
t1,p998zdn,user_351a2cb931
t1,p998z1j,user_f5bc2da4e4
t1,p998y2q,user_bd9f9fd89a
t1,p998xwq,user_a24a0ad89b
t1,p9avdcd,user_43124b30e6
t1,p9avday,user_03dd888ab6
t1,p9ava9s,user_87dc627d53
t1,p9av9q1,user_d0754ecf6c
t1,p9av8n7,user_629e9d3573
t1,p9av6a6,user_1a369fb2e0
t1,p9av5gr,user_df39ee9074
t1,p9av4yi,user_4088a372d9
t1,p9av463,user_99cda7852c
t1,p9av3r1,user_c09e2295cd
t1,p9av2h9,user_095d3a4f55
t1,p9auz3p,user_d60a8f55d7
t1,p9auyti,user_d4badbb73e
t1,p9aux5n,user_a90da0e15b
t1,p9auwjj,user_88761903ca
t1,p9auurg,user_37ca2140bc
t1,p9autv1,user_c50eb8916d
t1,p9autrt,user_f737e8dca4
t1,p9auo6f,user_fae8da6413
t1,p9aunqd,user_7fc617cd26
t1,p9aumte,user_b8ce15759f
t1,p9aumlp,user_ccd4e7cc52
t1,p9aul9n,user_d1bee2bbff
t1,p9aujo8,user_951addea68
t1,p9aude9,user_9636388039
t1,p9au9k0,user_7fc617cd26
t1,p9au8av,user_48131d9adc
t1,p9au59g,user_a99640c79a
t1,p9au3z0,user_99bc39fb8d
t1,p9au3y4,user_b26ae684d5
t1,p9au384,user_2da2514359
t1,p9atzil,user_7fc617cd26
t1,p9atzcc,user_753f0557a6
t1,p9atxow,user_9cf7d0264d
t1,p9atvfe,user_7d639b2d8a
t1,p9atuoi,user_ff179a8360
t1,p9atraj,user_11ab64ecd6
t1,p9atlda,user_12744fcbf8
t1,p9atkkj,user_577e0a81ac
t1,p9ati7v,user_3ff05cc98e
t1,p9atfw8,user_9b405bd4ab
t1,p9atex5,user_88c39aadb4
t1,p9atcab,user_7fb6687fe8
t1,p9atbv8,user_8db3c2e9ec
t1,p9atbsa,user_0d1ec2e1cd
t1,p9atapo,user_d95cce072e
t1,p9at9x4,user_16bc6a7862
t1,p9at6w6,user_40e25625ee
t1,p9at60f,user_54bcf1ec93
t1,p9at5lw,user_d9c4d5054c
t1,p9at5hl,user_d65dff9d18
t1,p9at2y5,user_473ebc69ad
t1,p9at1t4,user_90e840560c
t1,p9asoe7,user_7b59b9ac7d
t1,p9asiut,user_9c07a7954b
t1,p9ash3k,user_3398ea0d30
t1,p9asfwi,user_ea35bc665f
t1,p9asf6q,user_812617f23c
t1,p9aseyw,user_a56a827c47
t1,p9asc2o,user_51455783a1
t1,p9asabu,user_7fc617cd26
t1,p9as890,user_4f07e5d119
t1,p9as45f,user_3559ef3b3c
t1,p9as42j,user_7fc617cd26
t1,p9as279,user_4cb886857c
t1,p9as00r,user_12d1092da4
t1,p9arz7q,user_df9f71fda6
t1,p9arywo,user_5ccc2992f1
t1,p9aryhz,user_48131d9adc
t1,p9arxks,user_16bc6a7862
t1,p9arwz3,user_d75c52ee79
t1,p9arvtj,user_397b5334f3
t1,p9aruyw,user_a3610e0bff
t1,p9arual,user_48131d9adc
t1,p9aru6w,user_2f82cc47a1
t1,p9aru46,user_12bd4e606d
t1,p9art0i,user_c235d0cf61
t1,p9arq3w,user_f338851a1a
t1,p9arpur,user_9b161630b5
t1,p9arpt4,user_6aaf651869
t1,p9arp3i,user_0192f933cb
t1,p9arobf,user_6864eedb2d
t1,p9c3x0y,user_43f31484e1
t1,p9c3w4j,user_13fb07808d
t1,p9c3vyq,user_0f86ff156a
t1,p9c3tpb,user_309b1298d2
t1,p9c3s8q,user_4106327d3f
t1,p9c3r9b,user_2ac7cffd8c
t1,p9c3np7,user_957a26a04e
t1,p9c3mqs,user_351a2cb931
t1,p9c3hxz,user_3cce8fb4ff
t1,p9c3fbw,user_11972610d4
t1,p9c3cf1,user_309b1298d2
t1,p9c3bf3,user_d22f16035b
t1,p9c389d,user_9753eef8f5
t1,p9c36q6,user_0f8b05df46
t1,p9c36hz,user_fbc1b2f27e
t1,p9c36d2,user_94039198d8
t1,p9c33g8,user_dfd6eb32b0
t1,p9c2zfb,user_fbc1b2f27e
t1,p9c2zcs,user_88808f5c93
t1,p9c2v72,user_274107fa31
t1,p9c2phr,user_0e4b889bd1
t1,p9c2jxv,user_697b658af1
t1,p9c2h81,user_715f0ed1f1
t1,p9c2dxi,user_7d7978d063
t1,p9c2dj5,user_2e16370bfb
t1,p9c2cze,user_d8cc6cf7ef
t1,p9c2bzp,user_1a74819192
t1,p9c2avb,user_441285ca83
t1,p9c2any,user_4f0fa3907f
t1,p9c2adv,user_1a74819192
t1,p9c29wb,user_d11457bdd1
t1,p9c29n9,user_b4fb45617a
t1,p9c25xs,user_598a77f35a
t1,p9c25ya,user_cf07416f1c
t1,p9c24zy,user_f5d1af1e68
t1,p9c243u,user_e3619b26e8
t1,p9c22xr,user_bd9f9fd89a
t1,p9c2171,user_1b3c9b3f9f
t1,p9c1y8m,user_5e8db5dc2f
t1,p9c1xks,user_6ec5f74290
t1,p9c1ufc,user_f505879516
t1,p9c1tbm,user_75f1ce8883
t1,p9c1rvu,user_e8be57bef2
t1,p9c1rfo,user_467771088c
t1,p9c1o53,user_7d7978d063
t1,p9c1nt3,user_2842deff10
t1,p9c1nf4,user_8b95b00037
t1,p9c1l97,user_d1c8069f8c
t1,p9c1i6d,user_549a40a8f7
t1,p9c1b9v,user_e9dea81f7b
t1,p9c17lh,user_ac3130e22f
t1,p9c15fe,user_02f974640e
t1,p9c13yl,user_4b55bbd533
t1,p9c11zt,user_f4703d3b72
t1,p9c10ee,user_93ba52cef6
t1,p9c0zmk,user_2fd4ec01aa
t1,p9c0z1m,user_5001758eaf
t1,p9c0yro,user_9753bfbc99
t1,p9c0yb3,user_1c9732af21
t1,p9c0s06,user_9753bfbc99
t1,p9c0qn8,user_a616b1a337
t1,p9c0qk1,user_578002d512
t1,p9c0lnj,user_93ba6fa393
t1,p9c0lod,user_252fe80b44
t1,p9c0jg4,user_9753bfbc99
t1,p9c0iir,user_e1b0f95376
t1,p9c0flp,user_834fce2f61
t1,p9c0dkk,user_1b8128c34f
t1,p9c0dco,user_d0936afe62
t1,p9c0au5,user_681ffc3931
t1,p9c04wk,user_608297edbe
t1,p9c03vg,user_9753bfbc99
t1,p9c033i,user_6f20846405
t1,p9c002j,user_59f00758b2
t1,p9bzx56,user_9753bfbc99
t1,p9bzvca,user_250df4a4a7
t1,p9bztdo,user_ed5d1f34f3
t1,p9bzt1v,user_3cce8fb4ff
t1,p9bzsp7,user_281b849984
t1,p9bzsmg,user_9753bfbc99
t1,p9bzqjb,user_10d7de7333
t1,p9bzqkj,user_59f00758b2
t1,p9bzq7r,user_25aa535b4f
t1,p9bzlv9,user_2b475e0686
t1,p9bzl9n,user_7905b3d94e
t1,p9bzkd9,user_473ebc69ad
t1,p9bzk2c,user_a301b2b0e2
t1,p9bzjtv,user_864e10b551
t1,p9bzg16,user_473ebc69ad
t1,p9bzfgv,user_6d89e46e14
t1,p9e5ztd,user_2b8000bafc
t1,p9e5yxq,user_4c97a683ac
t1,p9e5wn7,user_26ad96debb
t1,p9e5vum,user_85dc7a3167
t1,p9e5vuc,user_5669483718
t1,p9e5sdn,user_910d416cec
t1,p9e5ken,user_4626291ba5
t1,p9e5idr,user_9696b89ad5
t1,p9e5h22,user_361ec95f46
t1,p9e5gz7,user_c39e536f80
t1,p9e5gsp,user_64600797fc
t1,p9e5ele,user_7115b7a22a
t1,p9e5aea,user_a6395e54fd
t1,p9e59rz,user_25a74a3232
t1,p9e54sj,user_cd30f21cf0
t1,p9e524m,user_2b8000bafc
t1,p9e51jk,user_f4321f30cb
t1,p9e510a,user_0d89529ec1
t1,p9e50ma,user_fbf003f381
t1,p9e4y88,user_459728f15b
t1,p9e4xi4,user_7d4443c4fe
t1,p9e4t8w,user_9696b89ad5
t1,p9e4rt4,user_80d43c22a0
t1,p9e4r78,user_9511e2a033
t1,p9e4ola,user_3e0576ccea
t1,p9e4n3r,user_9a2d9eb30b
t1,p9e4lds,user_5c456cbbd1
t1,p9e4jvc,user_a6395e54fd
t1,p9e4ijx,user_252fe80b44
t1,p9e4egb,user_635d1bafbb
t1,p9e4dco,user_0f1dad1757
t1,p9e4apl,user_a41619ff69
t1,p9e46l0,user_7c9f3d33b6
t1,p9e46db,user_eaaad8c73b
t1,p9e45s6,user_83cbfaf9d2
t1,p9e45vn,user_efb04a00ef
t1,p9e428u,user_a718fb0ee5
t1,p9e4192,user_d542541d6e
t1,p9e3zb7,user_635d1bafbb
t1,p9e3xrm,user_095507d986
t1,p9e3ww2,user_a739d5459f
t1,p9e3vo3,user_89595d7bd8
t1,p9e3v58,user_f16cec657d
t1,p9e3rqh,user_71c5cd5408
t1,p9e3qc5,user_1f1e56b9c0
t1,p9e3ldz,user_658741bdb6
t1,p9e3g9t,user_b8a841afae
t1,p9e3fth,user_05b7885f22
t1,p9e3fk6,user_71c5cd5408
t1,p9e3cwy,user_7b30bb4640
t1,p9e3cf1,user_7608fc9bdd
t1,p9e3axw,user_459728f15b
t1,p9e3arc,user_361ec95f46
t1,p9e3ahx,user_2b3a2c3c58
t1,p9e382h,user_b8a841afae
t1,p9e30hp,user_5d94d1904c
t1,p9e2ykv,user_e2ac9df5ed
t1,p9e2wtl,user_83b85fd09d
t1,p9e2vds,user_ff65956e66
t1,p9e2v0q,user_c1716f4baa
t1,p9e2upw,user_707bc1f64c
t1,p9e2tml,user_c2fe539385
t1,p9e2rgz,user_4d1d231083
t1,p9e2q0p,user_51929306be
t1,p9e2ozj,user_0a1b1c2841
t1,p9e2npv,user_a6395e54fd
t1,p9e2nit,user_e33a5cad21
t1,p9e2mg6,user_51929306be
t1,p9e2jm2,user_51929306be
t1,p9e2epf,user_51929306be
t1,p9e2c12,user_e79ca8cb14
t1,p9e29du,user_1e4d124c94
t1,p9e295i,user_2e1c7256f1
t1,p9e2947,user_51929306be
t1,p9e27u6,user_7e5dd1384c
t1,p9e27pw,user_b9bc977286
t1,p9e27h0,user_2bde69c43f
t1,p9e273h,user_d1d142d345
t1,p9e262a,user_51929306be
t1,p9e22m3,user_51929306be
t1,p9e22la,user_2dc74e6f56
t1,p9e21ub,user_9952bd1123
t1,p9e1wle,user_95a70bfc86
t1,p9e1whl,user_51929306be
t1,p9e1uak,user_30ffeea88a
t1,p9e1t0p,user_95ab553c4a
t1,p9e1qp2,user_0e4fa27e22
t1,p9ga1xf,user_8facd5b3f1
t1,p9ga01g,user_034f1bccae
t1,p9g9yh8,user_ce83c046b1
t1,p9g9vr3,user_40b84b351b
t1,p9g9veh,user_8facd5b3f1
t1,p9g9mwx,user_0b2c665c20
t1,p9g9j8x,user_2d872847c8
t1,p9g9hjh,user_8facd5b3f1
t1,p9g9gv5,user_a36966cc52
t1,p9g9ct1,user_02702f900a
t1,p9g9cok,user_16bca563f7
t1,p9g9bax,user_0416aa2f17
t1,p9g99b6,user_8facd5b3f1
t1,p9g97vb,user_af12dc55b5
t1,p9g913h,user_8facd5b3f1
t1,p9g8yr9,user_a8a7429f91
t1,p9g8ycd,user_1a369fb2e0
t1,p9g8w30,user_02702f900a
t1,p9g8tzl,user_a3ce2cea4d
t1,p9g8t8g,user_8facd5b3f1
t1,p9g8t8b,user_5ad809d4e7
t1,p9g8qb9,user_f63091bdfe
t1,p9g8biu,user_8facd5b3f1
t1,p9g84sb,user_0a6ce7169a
t1,p9g80k7,user_71409e5f5f
t1,p9g7ymf,user_38ef15c950
t1,p9g7yjt,user_8bc2b16a2f
t1,p9g7y1s,user_7fcb988d93
t1,p9g7uz2,user_0f6cd53c03
t1,p9g7nz6,user_18eac0af32
t1,p9g7n5s,user_a8dc8eeedf
t1,p9g7mlv,user_3d3c23509a
t1,p9g7kfp,user_b2c0c6e156
t1,p9g7j1i,user_c7a1be6b16
t1,p9g7c5l,user_f25b0ec896
t1,p9g77br,user_8facd5b3f1
t1,p9g76za,user_0292b88195
t1,p9g72qt,user_b2c0c6e156
t1,p9g6yne,user_f08c93c97b
t1,p9g6xtt,user_908ac6efe3
t1,p9g6xpt,user_5987c2c44b
t1,p9g6wih,user_698f49c542
t1,p9g6v44,user_74c7733550
t1,p9g6ktz,user_bfdd72cd1a
t1,p9g6ik2,user_0985253edf
t1,p9g6ij6,user_b8f42b1ff7
t1,p9g6fry,user_b93a09c7fc
t1,p9g6evn,user_8e0a46333d
t1,p9g6be2,user_516205ea6c
t1,p9g67g1,user_ce36281c87
t1,p9g657l,user_4568f4aae3
t1,p9g631c,user_8025da6488
t1,p9g62ql,user_76e4e75b7e
t1,p9g5yoi,user_b93a09c7fc
t1,p9g5yn9,user_e7b3bd37d6
t1,p9g5x22,user_d5ec45848b
t1,p9g5wkj,user_a568254df3
t1,p9g5vsc,user_10b312e67c
t1,p9g5tqe,user_698f49c542
t1,p9g5t3o,user_cb044069b0
t1,p9g5kc0,user_99fe824d0a
t1,p9g5k0x,user_59c933650c
t1,p9g5hvs,user_a96292978e
t1,p9g5ghq,user_5a5dfa15ee
t1,p9g5gft,user_139c0ca355
t1,p9g5f75,user_0fd855f17b
t1,p9g5dng,user_96022758c2
t1,p9g5der,user_ad17f0a884
t1,p9g5c4k,user_0afebd4a6e
t1,p9g59nj,user_1cd9f5ab4b
t1,p9g58vt,user_146a782a92
t1,p9g5818,user_aeccbc16f1
t1,p9g56s7,user_00e346f280
t1,p9g53rv,user_8025da6488
t1,p9g53ot,user_074bf8d948
t1,p9g500l,user_4568f4aae3
t1,p9g4z0d,user_3bd54ee7b1
t1,p9g4up3,user_4568f4aae3
t1,p9g4qe2,user_ea22367cfb
t1,p9g4jt0,user_4568f4aae3
t1,p9g4jsk,user_c235d0cf61
t1,p9g4ig3,user_6257f98e90
t1,p9g4hsm,user_1e4432c9fc
t1,p9g4gc7,user_4568f4aae3
t1,p9g4e8k,user_4568f4aae3
t1,p9g4drw,user_c15fca3a98
t1,p9g4al0,user_5f94f911d1
t1,p9g495v,user_a3ce2cea4d
t1,p9hvnz7,user_a401bf5f5e
t1,p9hvkxs,user_fc8d536ee2
t1,p9hvhrh,user_8bb3ffe3e9
t1,p9hvfcs,user_3e8a45c013
t1,p9hvc6k,user_5332e19433
t1,p9hvbln,user_8c9df53338
t1,p9hv4n1,user_3e8a45c013
t1,p9huvy1,user_9c493dffe4
t1,p9huvs6,user_05a6dc38c0
t1,p9hur4u,user_e89e49c49b
t1,p9hulq3,user_8d6c572259
t1,p9hufrs,user_1ba7e8c22e
t1,p9hu7j0,user_3e8a45c013
t1,p9hu5i1,user_445afbd450
t1,p9hu3jr,user_23ba974125
t1,p9htstz,user_bfa6afe6ce
t1,p9htrbb,user_3e8a45c013
t1,p9htiq5,user_92c686a951
t1,p9hthbj,user_3e8a45c013
t1,p9htgzl,user_46ab936f47
t1,p9htel1,user_3e8a45c013
t1,p9htase,user_e46a2de9ee
t1,p9ht8df,user_93f20a9be0
t1,p9ht6yv,user_1a369fb2e0
t1,p9ht1aw,user_3e8a45c013
t1,p9hszn8,user_afafa86d77
t1,p9hswx2,user_3e8a45c013
t1,p9hssq8,user_9518201f22
t1,p9hssbq,user_3e8a45c013
t1,p9hsnom,user_5f8a24cf1b
t1,p9hsk59,user_3920cef264
t1,p9hsjz3,user_d9a59d3c98
t1,p9hsi6j,user_a9cb95cb03
t1,p9hshfc,user_3e8a45c013
t1,p9hsfn0,user_33cb4070ce
t1,p9hsc4e,user_3e8a45c013
t1,p9hsax1,user_b1be19fdaa
t1,p9hs74c,user_3e8a45c013
t1,p9hs0n9,user_3e8a45c013
t1,p9hry2a,user_6cb6a7b5a7
t1,p9hrof3,user_72ffeac194
t1,p9hrno7,user_5c565ba895
t1,p9hrl2s,user_4da027ccc4
t1,p9hrhyc,user_1a97518977
t1,p9hrhol,user_0122f7b6e5
t1,p9hrfie,user_7b5477b86c
t1,p9hr7qc,user_c506a0d6c0
t1,p9hr47p,user_a22cd7308b
t1,p9hr164,user_8abf41fc82
t1,p9hqviz,user_0122f7b6e5
t1,p9hqszm,user_eda1862b79
t1,p9hqsbk,user_72ffeac194
t1,p9hqs4q,user_8ce624ef46
t1,p9hqs3j,user_61402ca192
t1,p9hqq5y,user_0619905f06
t1,p9hqpcb,user_61402ca192
t1,p9hqnss,user_2855b25dd0
t1,p9hql34,user_1b29c5b287
t1,p9hqkok,user_61402ca192
t1,p9hqfe4,user_666ff54641
t1,p9hqeab,user_27b97c5490
t1,p9hqco6,user_29db3a6c65
t1,p9hqcb8,user_a6c58fa3be
t1,p9hqc6d,user_72ffeac194
t1,p9hq9sc,user_919ecb1481
t1,p9hq95j,user_1a97518977
t1,p9hq7ri,user_d2ff184b63
t1,p9hq554,user_a44a8b233a
t1,p9hq4yv,user_a55cdc4a37
t1,p9hq4fn,user_51bc97b9eb
t1,p9hq407,user_5301dd5b7a
t1,p9hq3vm,user_7b5477b86c
t1,p9hq3bp,user_61988a26e8
t1,p9hq33f,user_259409f3d3
t1,p9hpxvk,user_63664a20f4
t1,p9hpvrt,user_7b5477b86c
t1,p9hpszu,user_61402ca192
t1,p9hprnu,user_259409f3d3
t1,p9hpqet,user_3a7c656751
t1,p9hpmpe,user_63664a20f4
t1,p9hpmhq,user_b3d92ef8af
t1,p9hpj3w,user_942e16236e
t1,p9hphci,user_28dccc2c53
t1,p9hphcg,user_d7b4240f75
t1,p9hpfhm,user_f5ea1a428a
t1,p9hpfdq,user_eda1862b79
t1,p9hpd8p,user_d0365520b8
t1,p9hpchx,user_2bde69c43f
t1,p9hpauq,user_ee77a79d82
t1,p9j56j0,user_50bbca78ae
t1,p9j53xs,user_d95f7c35ed
t1,p9j4ymr,user_085da213e6
t1,p9j4y6y,user_a8d8ef8083
t1,p9j4t5a,user_4463de913a
t1,p9j4qtb,user_a8d8ef8083
t1,p9j4pma,user_26f16e9020
t1,p9j4ozh,user_8729f92c9b
t1,p9j4obr,user_8e8786e547
t1,p9j4jxj,user_0757125c76
t1,p9j4ifs,user_a8d8ef8083
t1,p9j4f7l,user_2fd4ec01aa
t1,p9j4dxk,user_94cff25ec8
t1,p9j48fk,user_19f2161e26
t1,p9j484x,user_51db9733ac
t1,p9j43fu,user_2e7eedd8b4
t1,p9j42vu,user_78e1d6d311
t1,p9j40vq,user_7f26ac608c
t1,p9j3xiv,user_34c1a1b837
t1,p9j3wfo,user_36609dc6d5
t1,p9j3w6p,user_d550022b1a
t1,p9j3v6k,user_2e7eedd8b4
t1,p9j3un8,user_ee03a60e76
t1,p9j3ugc,user_50bbca78ae
t1,p9j3qhx,user_9a4ca2bdb1
t1,p9j3peb,user_cd3f111f3e
t1,p9j3o2w,user_5d8446a2c4
t1,p9j3m1u,user_aa60c019a9
t1,p9j3k0i,user_3863c65c3f
t1,p9j3dqm,user_1464e9d8f1
t1,p9j35tc,user_ff775057ec
t1,p9j35sp,user_30b33f3222
t1,p9j30io,user_e2f4bfe1e3
t1,p9j2wi0,user_16b21062a0
t1,p9j2l6c,user_5449308a94
t1,p9j2dpb,user_7d7739ba24
t1,p9j2cbg,user_49569b156f
t1,p9j27cu,user_020c7b39f2
t1,p9j25j6,user_d9a5e26b63
t1,p9j25bk,user_4c97a683ac
t1,p9j1xx5,user_0292b88195
t1,p9j1wvg,user_cc25c2f140
t1,p9j1vlg,user_37e527b5c4
t1,p9j1sf6,user_bf4fb8bb39
t1,p9j1qq4,user_a59ab07f38
t1,p9j1jod,user_e0752097e8
t1,p9j1ima,user_56613bbf4a
t1,p9j1g3j,user_55f4716fa3
t1,p9j1es0,user_56c46b5d63
t1,p9j1dhb,user_c9741c8813
t1,p9j1at9,user_c9bae8796e
t1,p9j1akw,user_26f16e9020
t1,p9j16is,user_e01e1c98ba
t1,p9j16b4,user_7753262c25
t1,p9j14in,user_5a2f5dc9d8
t1,p9j12jx,user_0e55e9b006
t1,p9j10ev,user_e889483bb1
t1,p9j107a,user_40fa97adfd
t1,p9j0rsi,user_40dc5a6953
t1,p9j0nah,user_10c60cfe6a
t1,p9j0kth,user_6d1160ee71
t1,p9j0joy,user_2252076276
t1,p9j0hsh,user_1bc1a0ae85
t1,p9j0hlr,user_f0e881d011
t1,p9j0crn,user_e0752097e8
t1,p9j03e2,user_c3eeb8798e
t1,p9j01g6,user_45e50104f0
t1,p9j003o,user_6cada03746
t1,p9izzd2,user_c28b865793
t1,p9izyxt,user_8c864b0a9c
t1,p9izy75,user_d231e0e3dc
t1,p9izstb,user_655ea3d5a7
t1,p9izqiy,user_ce8735cf7f
t1,p9iznul,user_02ee184e3d
t1,p9iznpb,user_8c864b0a9c
t1,p9izmsr,user_7b5e638ba1
t1,p9izl1k,user_ce55e628b5
t1,p9izj6h,user_d96f5d6c3b
t1,p9ize3d,user_399c0925ea
t1,p9iz8hr,user_3fa330ce75
t1,p9iz461,user_1c9732af21
t1,p9iz43r,user_6dc1a65fe7
t1,p9iyz9p,user_0f7ee495a6
t1,p9iyy6s,user_c9741c8813
t1,p9iyxlv,user_fd67da76b8
t1,p9iyvpo,user_4106327d3f
t1,p9iyu8m,user_e0752097e8
t1,p9iysgs,user_a6662a47b2
t1,p9iyr2x,user_0d0c10d874
t1,p9lc8qa,user_8e73293f1e
t1,p9lc82n,user_62dcb430f1
t1,p9lc7ly,user_393dd2a60c
t1,p9lc6jr,user_e2fa36a416
t1,p9lc5md,user_399c0925ea
t1,p9lc49u,user_ce56ddc6cb
t1,p9lc1rh,user_b35e7ec212
t1,p9lbzza,user_10bd28e6ec
t1,p9lbwiz,user_dc56d41a1a
t1,p9lbu5u,user_b2596a3b18
t1,p9lbpus,user_e2fa36a416
t1,p9lbol0,user_f08c93c97b
t1,p9lbnyq,user_6c702df0d0
t1,p9lbly0,user_ccf7092777
t1,p9lbl6x,user_2fbde50ca7
t1,p9lbi9v,user_f5db290c2d
t1,p9lbema,user_59c933650c
t1,p9lb9g6,user_618cf9263a
t1,p9lb96r,user_f58b089805
t1,p9lb8g9,user_f08c93c97b
t1,p9lb74u,user_2ea639ed3b
t1,p9lb6vd,user_585fe3fdbd
t1,p9lb4ha,user_4a052c00f6
t1,p9lb47s,user_f5db290c2d
t1,p9lb4a1,user_b1a345c225
t1,p9lb2s7,user_f1fc800bb8
t1,p9lb0ih,user_9412edbe46
t1,p9laya9,user_eb6a1d93d2
t1,p9lavo0,user_970eafb9c5
t1,p9laqwr,user_c44bf4e09e
t1,p9laozk,user_ed51358b28
t1,p9lai2n,user_8025da6488
t1,p9lag1g,user_04269d5dae
t1,p9lag30,user_55375c3cc3
t1,p9lafyj,user_01e7d924ec
t1,p9laf0w,user_9c552b8d22
t1,p9la96d,user_f08c93c97b
t1,p9la0hl,user_cad1f994e6
t1,p9l9z9v,user_4e2285100c
t1,p9l9z4c,user_b85c1c4ed0
t1,p9l9yq9,user_6b9ebec235
t1,p9l9xlw,user_b85c1c4ed0
t1,p9l9ssp,user_f727dd2bee
t1,p9l9qo3,user_a3c67f5393
t1,p9l9lw2,user_600e8f6cd4
t1,p9l9lra,user_7b2cbd4777
t1,p9l9jjz,user_ef616f0e38
t1,p9l9h2z,user_600e8f6cd4
t1,p9l9cj0,user_2fd4ec01aa
t1,p9l98qd,user_dc56d41a1a
t1,p9l97o1,user_4e2285100c
t1,p9l9291,user_19037177a9
t1,p9l92b1,user_929f122550
t1,p9l8zlw,user_72448e6d3e
t1,p9l8vxe,user_dc56d41a1a
t1,p9l8vyf,user_7eeb4ed418
t1,p9l8tp0,user_a0d66307e9
t1,p9l8s6t,user_918c6072fa
t1,p9l8rov,user_6ae0b582ff
t1,p9l8qns,user_21f24f76b9
t1,p9l8q95,user_463f939c23
t1,p9l8ocj,user_c44bf4e09e
t1,p9l8o5z,user_f08c93c97b
t1,p9l8kq3,user_2569792514
t1,p9l8jqc,user_40e70be616
t1,p9l8jio,user_5853f72e3c
t1,p9l8j17,user_04e6407de3
t1,p9l8iyr,user_ce028e7b40
t1,p9l8duo,user_7eeb4ed418
t1,p9l8dh9,user_c4c1d27ded
t1,p9l8ba3,user_841c753351
t1,p9l8abd,user_d4c6bb8990
t1,p9l88ql,user_f08c93c97b
t1,p9l85vb,user_7e3b14563c
t1,p9l85xc,user_f90f84efb2
t1,p9l822t,user_aa65b57505
t1,p9l7yx1,user_bcacdee1a8
t1,p9l7one,user_7eeb4ed418
t1,p9l7mte,user_f08c93c97b
t1,p9l7gww,user_18fd353ba0
t1,p9l7g0k,user_08ac60d2b4
t1,p9l7exj,user_6837ac798c
t1,p9l7dnk,user_6ae0b582ff
t1,p9l77wy,user_c4c1d27ded
t1,p9l6ubz,user_d4a32a3fa0
t1,p9l6ny7,user_7eeb4ed418
t1,p9l6m78,user_b25f41bfa1
t1,p9l6kjw,user_7eeb4ed418
t1,p9l6g69,user_21e934bbc6
t1,p9nmgjq,user_d9f3d13370
t1,p9nmexn,user_5669483718
t1,p9nm9zt,user_e8b54b23da
t1,p9nm7e4,user_4c9c68cb60
t1,p9nm0ts,user_5e236d5055
t1,p9nlsvf,user_5669483718
t1,p9nlpmp,user_a37ba1e9fc
t1,p9nlp0v,user_e452b6495d
t1,p9nlk6t,user_5859c683e9
t1,p9nlewn,user_63d991b5d3
t1,p9nldpu,user_3a1dba3297
t1,p9nld3j,user_2d059c7ff0
t1,p9nlb1e,user_cb8dfe4b52
t1,p9nladr,user_09fbbe2cb6
t1,p9nl4dg,user_05d30f1638
t1,p9nl41n,user_b975dd958e
t1,p9nl3qz,user_4cf285d5d7
t1,p9nkvcl,user_995546fd2c
t1,p9nkv0c,user_26ed6eb0df
t1,p9nkt9q,user_d626c62493
t1,p9nks51,user_204d20b511
t1,p9nks3a,user_1a61c103c6
t1,p9nkrc7,user_4f6ecaf295
t1,p9nkn0b,user_683188a7f9
t1,p9nkli3,user_d7b4240f75
t1,p9nkiy4,user_3c2c684df5
t1,p9nkiih,user_403a498348
t1,p9nkhgy,user_5d3744481c
t1,p9nkh09,user_de63781bfb
t1,p9nkexn,user_c6e4dffeab
t1,p9nkeeg,user_9064218f60
t1,p9nkccz,user_db7ba2c54b
t1,p9nkbyi,user_26ed6eb0df
t1,p9nkbir,user_9fc0f16051
t1,p9nk9id,user_4674a43988
t1,p9nk6nw,user_26ed6eb0df
t1,p9nk0t9,user_aa3395e496
t1,p9njzyb,user_4766f13829
t1,p9njyjc,user_588cf170ce
t1,p9njw6q,user_c9535c6d3e
t1,p9njv6p,user_ee3eb470b5
t1,p9njuzg,user_588cf170ce
t1,p9njuu9,user_fed62958ec
t1,p9njm0j,user_01e7d924ec
t1,p9njhc1,user_5153a076bb
t1,p9nj3mo,user_ce0d65308b
t1,p9nj3eq,user_82237dab93
t1,p9nj3ge,user_9ffe1c8922
t1,p9nizkq,user_bd95643383
t1,p9niyjo,user_9261618617
t1,p9nivrb,user_9cc12ee6f8
t1,p9niudo,user_62a08b03a2
t1,p9nitsb,user_26ed6eb0df
t1,p9nisif,user_530c28f9af
t1,p9nisf4,user_82237dab93
t1,p9nirbk,user_bdec977f33
t1,p9nionc,user_3f3f60002c
t1,p9niong,user_6e8b328be1
t1,p9nin9o,user_71c5cd5408
t1,p9nimoy,user_950a235c01
t1,p9nikwb,user_3f3f60002c
t1,p9niicy,user_16009a7a19
t1,p9nigw7,user_f40bfeac57
t1,p9ni7vq,user_b7c6110337
t1,p9ni59w,user_bdec977f33
t1,p9ni48g,user_8a273a40a5
t1,p9ni2vc,user_9545a0ed89
t1,p9ni2wr,user_f00a2619b7
t1,p9ni2p8,user_73212f636e
t1,p9ni0yf,user_28b64109ba
t1,p9ni0t7,user_744e482a76
t1,p9nhzve,user_222e0603af
t1,p9nhwwe,user_4d831b07bd
t1,p9nhphd,user_62cf50572c
t1,p9nhoht,user_585fe3fdbd
t1,p9nhlnl,user_f1a08a791b
t1,p9nhjwn,user_082a6a4aaa
t1,p9nhjn8,user_324782e8d1
t1,p9nhjoy,user_585fe3fdbd
t1,p9nhi91,user_47410ccd2d
t1,p9nhfzc,user_65d6495f9c
t1,p9nheb8,user_8e7d65ff80
t1,p9nhbb4,user_ab8b116b3b
t1,p9nh8o4,user_4c1931c66e
t1,p9nh2hi,user_bf4fb8bb39
t1,p9ngzxc,user_81eb4e1f4f
t1,p9ngz19,user_84c88008fd
t1,p9ngxyc,user_812ee1b223
t1,p9p8zmv,user_adee107de0
t1,p9p8ywt,user_b7959996c5
t1,p9p8q0s,user_f0f9774e31
t1,p9p8fym,user_09cb493c18
t1,p9p8fpl,user_cd225544cd
t1,p9p8eno,user_f51127c066
t1,p9p8d9y,user_0122f7b6e5
t1,p9p8d91,user_48a054f1c0
t1,p9p8crk,user_5b81cbc981
t1,p9p896i,user_09cb493c18
t1,p9p88xu,user_864aecfd23
t1,p9p85hv,user_4442b56108
t1,p9p7wti,user_09cb493c18
t1,p9p7umi,user_26ed2916dc
t1,p9p7p0e,user_dd81beb9a6
t1,p9p7o7d,user_b289e5cf2a
t1,p9p7jpv,user_4ecd5e5c83
t1,p9p7g6c,user_de63781bfb
t1,p9p7bi9,user_36c7fc553a
t1,p9p78gt,user_ba5db67106
t1,p9p785x,user_4341eab103
t1,p9p71o6,user_5f2914f383
t1,p9p6z23,user_50f28bb9e9
t1,p9p6l83,user_9a465ded67
t1,p9p6fwo,user_823f74d893
t1,p9p66tp,user_a362c4f99c
t1,p9p65rr,user_a3bdc9b8bc
t1,p9p64kq,user_f338851a1a
t1,p9p62i6,user_0e09abe32d
t1,p9p5xfx,user_9ad4f7e305
t1,p9p5rge,user_9192dcbd98
t1,p9p5n5k,user_69a605c845
t1,p9p5kyv,user_821c17ac8c
t1,p9p5j6g,user_e640cf1555
t1,p9p5if3,user_8fe4836d5d
t1,p9p5bdp,user_364a84b838
t1,p9p58nn,user_38579e3679
t1,p9p53xh,user_e300ca1f24
t1,p9p4y8p,user_07242b32c5
t1,p9p4xj5,user_57d3a46f21
t1,p9p4w8w,user_07242b32c5
t1,p9p4v9w,user_929f122550
t1,p9p4uo3,user_383c3ecc23
t1,p9p4msm,user_e300ca1f24
t1,p9p4hzx,user_b0c0b25cb1
t1,p9p4hos,user_aeebb0adec
t1,p9p4bo0,user_fe091158d9
t1,p9p4a5p,user_a984edb302
t1,p9p49v3,user_ae144f2676
t1,p9p470o,user_7114941320
t1,p9p45jd,user_da19375f51
t1,p9p457n,user_9a27044c51
t1,p9p43ge,user_8301fa9d1a
t1,p9p3z4x,user_e300ca1f24
t1,p9p3yqj,user_fe091158d9
t1,p9p3xyg,user_7d7739ba24
t1,p9p3xe2,user_78aeef098d
t1,p9p3v5x,user_b626b56c4d
t1,p9p3ro1,user_c084e9ddb3
t1,p9p3rho,user_c3cd12958c
t1,p9p3qul,user_62dfd21b1b
t1,p9p3q8c,user_a906203410
t1,p9p3npl,user_929f122550
t1,p9p3kqa,user_138459e5d9
t1,p9p3il6,user_ff8cedf26c
t1,p9p3g3v,user_2b55ac35f9
t1,p9p3f6p,user_c3cd12958c
t1,p9p3djd,user_e269ed3a0f
t1,p9p3d4i,user_c3cd12958c
t1,p9p3aox,user_f27ad0cc90
t1,p9p39ly,user_c3cd12958c
t1,p9p3881,user_c3cd12958c
t1,p9p34bh,user_8f0c724672
t1,p9p344v,user_f10c74dbdf
t1,p9p2zzs,user_c3cd12958c
t1,p9p2x35,user_e6e1ef87fa
t1,p9p2vyw,user_e269ed3a0f
t1,p9p2svg,user_7fe21e2c70
t1,p9p2r8x,user_917119642d
t1,p9p2p76,user_fe225f5378
t1,p9p2nyp,user_eaf9b54424
t1,p9p2lxk,user_c042b98287
t1,p9p2ltd,user_3f7fc96f9e
t1,p9p2ll8,user_bfa4021f78
t1,p9p2j9q,user_3f7fc96f9e
t1,p9p2gym,user_5c5ef2733d
t1,p9p2eb7,user_6b65254d53
t1,p9p2at5,user_0425add983
t1,p9qj3os,user_528aa15c4d
t1,p9qj01e,user_a868a1564c
t1,p9qix9m,user_25e8325dcf
t1,p9qiw3l,user_78ed2730f7
t1,p9qivvc,user_a868a1564c
t1,p9qiu4q,user_5eb6c2e68f
t1,p9qit28,user_5ec427fc61
t1,p9qirnw,user_211ee30a82
t1,p9qirnn,user_ecd904bc62
t1,p9qiqzd,user_55128fb462
t1,p9qiq63,user_7b2b824f25
t1,p9qiphu,user_14c63619ca
t1,p9qillk,user_8570bd9071
t1,p9qijvj,user_711b39ebbe
t1,p9qijeh,user_659a25fb66
t1,p9qij9k,user_e15cf1c31c
t1,p9qii4m,user_ef61ac69cc
t1,p9qihsh,user_b275676d6a
t1,p9qig49,user_1f1a1b566a
t1,p9qifla,user_5eb6c2e68f
t1,p9qiepx,user_d36990c2cf
t1,p9qic9s,user_b3ed5f6d0b
t1,p9qi9mw,user_3eaa0b9a63
t1,p9qi9lt,user_6316ffb19c
t1,p9qi8lf,user_ddf29de1ac
t1,p9qi81c,user_6a2a2f1172
t1,p9qi77k,user_a701fc5ad2
t1,p9qi57d,user_ddf29de1ac
t1,p9qi4hr,user_c084e9ddb3
t1,p9qi33k,user_6a2a2f1172
t1,p9qi2s2,user_d9843963e2
t1,p9qi21l,user_c629946b41
t1,p9qhzlu,user_08437bd387
t1,p9qhzbn,user_c813e6e3d2
t1,p9qhy12,user_5eb6c2e68f
t1,p9qhx3n,user_e15cf1c31c
t1,p9qhx34,user_0bd9e91ce1
t1,p9qhw4h,user_a701fc5ad2
t1,p9qhtkt,user_13cc8c19a5
t1,p9qhte0,user_2929f42311
t1,p9qhsuq,user_9ca106d106
t1,p9qhs9d,user_cbb97718c8
t1,p9qhrl4,user_85eed66ed0
t1,p9qhpxl,user_79b73dc049
t1,p9qhpty,user_5cb871288a
t1,p9qhppd,user_0edaf4a377
t1,p9qhnzt,user_2706dbf2be
t1,p9qhnx4,user_59e0bfb8c2
t1,p9qhn9n,user_c7021da3f0
t1,p9qhm24,user_a5d68cd4fe
t1,p9qhlpc,user_93e9be6266
t1,p9qhl3k,user_72aa543f13
t1,p9qhk15,user_12e1b4605c
t1,p9qhi3k,user_02bc4d1c66
t1,p9qhhiq,user_33cbc0309b
t1,p9qhhfe,user_a6629e9a1b
t1,p9qhh3c,user_c6e4dffeab
t1,p9qhdaa,user_09fbbe2cb6
t1,p9qhapy,user_45b0bdbc75
t1,p9qha5t,user_172d168a84
t1,p9qh83s,user_a701fc5ad2
t1,p9qh68s,user_0a0060cd6a
t1,p9qh3ad,user_09fbbe2cb6
t1,p9qh221,user_efccb2425a
t1,p9qh1vo,user_b3ed5f6d0b
t1,p9qh18f,user_5905ea1638
t1,p9qgzjg,user_3055c09ae8
t1,p9qgxjx,user_1b38e312ff
t1,p9qgw3c,user_c084e9ddb3
t1,p9qgw0w,user_a4bd3e1cc4
t1,p9qgup2,user_d1db241cd0
t1,p9qguo9,user_fd2b14cef3
t1,p9qgulh,user_09fbbe2cb6
t1,p9qgsps,user_09fbbe2cb6
t1,p9qgrt7,user_67dd502e22
t1,p9qgqdo,user_ee3eb470b5
t1,p9qgomp,user_f4b4f05c84
t1,p9qgod4,user_bf259be0f1
t1,p9qgnwd,user_e2f4bfe1e3
t1,p9qgkif,user_c878507312
t1,p9qginj,user_87979a1aa7
t1,p9qghym,user_6aaf651869
t1,p9qggcj,user_6c1cd71e6b
t1,p9qgeye,user_dc56d41a1a
t1,p9qgcdu,user_32b5a003b1
t1,p9sqmg6,user_0aa29f1dd5
t1,p9sqm65,user_9d8c108d73
t1,p9sqkxt,user_a6dd5b046d
t1,p9sqksw,user_9f5b092b19
t1,p9sqits,user_10f552864f
t1,p9sqi2y,user_33d8fb7823
t1,p9sqgsi,user_730372b70b
t1,p9sqeur,user_8c8885f262
t1,p9sqb9h,user_b5a4dc30fc
t1,p9sq81f,user_f5fbbc3ca3
t1,p9sq7ux,user_f881456a7f
t1,p9sq5ob,user_d4288f825b
t1,p9sq5j7,user_6c000cceca
t1,p9sq5dh,user_cad044ddc4
t1,p9spzb1,user_b5a4dc30fc
t1,p9spxde,user_047e1f8047
t1,p9spwsu,user_a8a59d0699
t1,p9spv84,user_4126dfd9ba
t1,p9sprw3,user_193f3140c2
t1,p9sprfc,user_d75c5c4691
t1,p9spqej,user_9514fbbb4f
t1,p9spp7e,user_9f5b092b19
t1,p9spp9p,user_1692299c32
t1,p9spop6,user_f8a321e6db
t1,p9spngf,user_c851840ff6
t1,p9spnhv,user_9f5b092b19
t1,p9spmpi,user_bc90019f34
t1,p9splm2,user_193f3140c2
t1,p9spl3v,user_252fe80b44
t1,p9spl5b,user_b5a4dc30fc
t1,p9spklv,user_0aa29f1dd5
t1,p9spiho,user_e9d4d9e227
t1,p9sph6k,user_bdb6b1c5d9
t1,p9spg2w,user_b5a4dc30fc
t1,p9spacl,user_3f3f60002c
t1,p9sp86x,user_635549caf1
t1,p9sp3b2,user_0f99600ee2
t1,p9sp1v6,user_19ed266316
t1,p9sou2t,user_167df7bf7c
t1,p9sop9h,user_2690ae3830
t1,p9sokwv,user_8d8b277202
t1,p9soea2,user_3b0f1fe3e8
t1,p9soc7u,user_84df8c9b1e
t1,p9sobua,user_8a94201f76
t1,p9so8om,user_167df7bf7c
t1,p9so5w4,user_263bc4473c
t1,p9so5a6,user_1417190ff8
t1,p9so2eq,user_70aae520d5
t1,p9so0cz,user_32b6c46bc7
t1,p9snsb4,user_20d0247c26
t1,p9snq7n,user_86e4b44165
t1,p9snoc6,user_20d0247c26
t1,p9snmp5,user_9558b96baa
t1,p9snlta,user_b6a349e2de
t1,p9snkya,user_4a093ed5a3
t1,p9snjzd,user_20d0247c26
t1,p9snhm4,user_86e4b44165
t1,p9sne9r,user_86e4b44165
t1,p9sncn6,user_91eb6f2d71
t1,p9sncd8,user_43f71d7995
t1,p9sn77y,user_1078fac519
t1,p9sn29h,user_8d8b277202
t1,p9smsmk,user_9d713a77d7
t1,p9smol5,user_26dd5f3063
t1,p9smnr8,user_a8a59d0699
t1,p9smjfr,user_3db73fd5e9
t1,p9smipt,user_ba7df56dcb
t1,p9smgr8,user_b8e4a7227f
t1,p9sma3k,user_29c3ffc806
t1,p9sm9eb,user_9e6dc0d3ba
t1,p9sm6k4,user_7adffa3303
t1,p9sm2qv,user_70aae520d5
t1,p9sm0ls,user_7adffa3303
t1,p9sm01x,user_7998e36d70
t1,p9slyqq,user_7632b75d61
t1,p9sly5y,user_3937571d7f
t1,p9slwig,user_00f3232c3b
t1,p9slqwz,user_b3d8ff66bf
t1,p9slh07,user_5d8983ce38
t1,p9slco4,user_0917c54259
t1,p9sla63,user_bfe7f934f6
t1,p9sl8ye,user_86e4b44165
t1,p9sl36u,user_4e2285100c
t1,p9sl0m3,user_4a1a7221f4
t1,p9skwgm,user_d59de6ed5d
t1,p9skv81,user_d59de6ed5d
t1,p9skqj0,user_70aae520d5
t1,p9uxnyd,user_8f4f0791ec
t1,p9uxn4n,user_7199336621
t1,p9uxl69,user_9b7fad1c53
t1,p9uxg4b,user_5c9ad63e0e
t1,p9ux9ms,user_b87e60426c
t1,p9ux8au,user_5ded73330e
t1,p9ux891,user_1f277e0854
t1,p9ux6f3,user_d626c62493
t1,p9ux5gt,user_0e8649d6b5
t1,p9ux47j,user_cf7dc8b919
t1,p9ux3hs,user_d395f2c0e0
t1,p9ux03f,user_52cff63fa8
t1,p9uwzf6,user_800fbdfdc9
t1,p9uwvju,user_f43db7aeab
t1,p9uwuwb,user_45f2da92b5
t1,p9uwtuh,user_bc618cc58b
t1,p9uwtpx,user_28792e2f83
t1,p9uwqmb,user_d395f2c0e0
t1,p9uwqh6,user_00e982233f
t1,p9uwpi4,user_69da3b1227
t1,p9uwpc3,user_a28ded8232
t1,p9uwnjc,user_24af08c3e5
t1,p9uwmxr,user_935a3bb718
t1,p9uwm64,user_3a8b7115b2
t1,p9uwkvr,user_a8f99f7075
t1,p9uwjke,user_52d7790421
t1,p9uwgu6,user_0a91cecc9c
t1,p9uwebf,user_52d7790421
t1,p9uwclv,user_5930ff7040
t1,p9uvuav,user_d60a8f55d7
t1,p9uvjyo,user_fd7815ab5a
t1,p9uvbbi,user_e1a4656d99
t1,p9uvabf,user_5dfdcf9385
t1,p9uv8nd,user_ffcc5bfeb0
t1,p9uv8h0,user_578c8c5717
t1,p9uuw3w,user_0e448cbaf6
t1,p9uuri3,user_9218b5e07a
t1,p9uuqs7,user_1f277e0854
t1,p9uunpl,user_f60e43ae09
t1,p9uum5g,user_00e870375e
t1,p9uuisa,user_e1bca1b76b
t1,p9uuigk,user_82ca5fe531
t1,p9uugyy,user_d02fa5ff0e
t1,p9uu7tk,user_d02fa5ff0e
t1,p9uu3eg,user_9e2bdaa1de
t1,p9uu0ty,user_d669d39dda
t1,p9utx3n,user_bf5b2d3671
t1,p9uttry,user_4f3f8632ea
t1,p9utsqy,user_df527756b6
t1,p9utpyr,user_ed8edff126
t1,p9utjca,user_14dbd9afa4
t1,p9utj0o,user_4568f4aae3
t1,p9utbwd,user_e3cf909a7e
t1,p9ut7pr,user_c431506271
t1,p9usz4m,user_4de7f39679
t1,p9usqyc,user_3982bc97ae
t1,p9usps2,user_154c462c9c
t1,p9ushat,user_52cff63fa8
t1,p9usg5b,user_81baddc792
t1,p9usbti,user_26f16e9020
t1,p9usav8,user_c8c3c975e3
t1,p9us3pf,user_d85b7c6e09
t1,p9urzlx,user_f0ef04986c
t1,p9uryee,user_30a776dab1
t1,p9uropc,user_f9c887ca6b
t1,p9urll5,user_31f97262c0
t1,p9urknc,user_c6797fa75b
t1,p9ure75,user_8e1599310d
t1,p9urdh4,user_d9775d669d
t1,p9urc4j,user_eb0d6f13e3
t1,p9ur7l0,user_585fe3fdbd
t1,p9ur7mc,user_4211362183
t1,p9ur458,user_f0ef04986c
t1,p9ur2tn,user_eb0d6f13e3
t1,p9uqybe,user_14d451bec1
t1,p9uqx4z,user_b095e01d77
t1,p9uqr4n,user_45529bd73b
t1,p9uqpqw,user_f08c93c97b
t1,p9uqo7l,user_eb0d6f13e3
t1,p9uqji8,user_d3f0531f68
t1,p9uqir0,user_b095e01d77
t1,p9uqi0g,user_16b21062a0
t1,p9uqggy,user_d91d32d8f7
t1,p9uqfc7,user_d36255b7de
t1,p9uqe2b,user_eb0d6f13e3
t1,p9uqdng,user_819c7f5026
t1,p9wm6pw,user_63584e94d6
t1,p9wm3yk,user_4c85614c44
t1,p9wm30t,user_6aa74fbc05
t1,p9wm20a,user_00e982233f
t1,p9wm11t,user_ac579b28aa
t1,p9wm05x,user_c7f810156d
t1,p9wlzvy,user_6aa74fbc05
t1,p9wlw7s,user_f826adc4da
t1,p9wlw62,user_9c12a8b370
t1,p9wlqzu,user_5270b88a31
t1,p9wlqrb,user_6f76869151
t1,p9wlqnz,user_febefc1231
t1,p9wljwb,user_977b1bebdf
t1,p9wliiw,user_6f76869151
t1,p9wlgkg,user_64713b8228
t1,p9wlg3d,user_7f5851ba0a
t1,p9wlalu,user_542a9dfc22
t1,p9wl965,user_d31e43958c
t1,p9wl5v6,user_1eeebfa32f
t1,p9wl53j,user_0cdb4d5e23
t1,p9wl2gq,user_863491b2c5
t1,p9wkyv6,user_d2091d19e3
t1,p9wkyon,user_c1e57e5977
t1,p9wktn7,user_f0301162bc
t1,p9wkqk5,user_232089f1f6
t1,p9wkmy0,user_539cc58a79
t1,p9wkiur,user_83ba9efb38
t1,p9wkgll,user_ff1346f0be
t1,p9wkapx,user_fdba3bbf5e
t1,p9wkahe,user_0fd566d26d
t1,p9wk7ry,user_76281e5efd
t1,p9wk713,user_8937fc44c7
t1,p9wk54o,user_3b4b78d33a
t1,p9wk4q6,user_39cfc7af0a
t1,p9wk4ju,user_fdba3bbf5e
t1,p9wk2o4,user_d3ad9b28f9
t1,p9wk2mz,user_912c92bf1d
t1,p9wk1mt,user_26ed2916dc
t1,p9wjyc8,user_ba2a7b2b9b
t1,p9wjxv6,user_05bc9eb59c
t1,p9wjtvn,user_83f65bd493
t1,p9wjtpb,user_9a17047935
t1,p9wjs10,user_13c5758dc6
t1,p9wjo6x,user_c1e57e5977
t1,p9wjo3v,user_7fb48ef13c
t1,p9wjkgb,user_dda5db880f
t1,p9wjjyh,user_0435f0330f
t1,p9wjhh8,user_c1e57e5977
t1,p9wjffo,user_7d854c645c
t1,p9wiyyq,user_b0c0b25cb1
t1,p9wiynw,user_f7edd8a278
t1,p9wiyf7,user_25e8325dcf
t1,p9wir5r,user_b0c0b25cb1
t1,p9wiqo8,user_069a5838e8
t1,p9wijbl,user_0de2a80141
t1,p9wihi0,user_a8e84063f6
t1,p9wigng,user_e0edd46dcc
t1,p9wiagp,user_849e5f92e5
t1,p9wi8fr,user_ca27872d0d
t1,p9wi7k7,user_4adae6151f
t1,p9wi3up,user_893f74385f
t1,p9wi233,user_cc553cd24d
t1,p9wi1ls,user_316a6d4fea
t1,p9wi0oa,user_ca27872d0d
t1,p9whzue,user_f7124f237d
t1,p9whzcs,user_8a5a073518
t1,p9whx9k,user_9599fd7404
t1,p9whthy,user_9a05ff7dc5
t1,p9whs39,user_07c2ee46fc
t1,p9whqd7,user_5a23904e3e
t1,p9whqa3,user_9b735c3673
t1,p9whpn6,user_1ddec90caa
t1,p9whp90,user_ca27872d0d
t1,p9whmu6,user_d16569d7bc
t1,p9whmkg,user_d930d92dc4
t1,p9whm46,user_0ece201c27
t1,p9whga3,user_3eda1574b7
t1,p9whfbs,user_9cc12ee6f8
t1,p9whdaz,user_4ff4043a8c
t1,p9whcw4,user_7931103eda
t1,p9whbdg,user_3d4ff251fd
t1,p9whaku,user_bea32c118e
t1,p9wh9ps,user_513f290be9
t1,p9wh8tt,user_797aa99f54
t1,p9wh8if,user_fed9d9ae0f
t1,p9wh6mm,user_e82c4bc6fa
t1,p9wh6a6,user_9b735c3673
t1,p9wh2hc,user_3d4ff251fd
t1,p9xwlyt,user_9a1a18d4c4
t1,p9xwkz5,user_0924dbd40e
t1,p9xwgwm,user_4576ab1124
t1,p9xwgns,user_45d62e12f7
t1,p9xwd5d,user_4576ab1124
t1,p9xwaby,user_4442b56108
t1,p9xw8hg,user_e6ec6145c8
t1,p9xw7dv,user_5cecf4752d
t1,p9xw5sp,user_dff642fca0
t1,p9xw1ky,user_2b5f1ff38c
t1,p9xvyjv,user_26f16e9020
t1,p9xvwe0,user_683188a7f9
t1,p9xvvl8,user_8da0fce7ba
t1,p9xvtpq,user_08f49a3b21
t1,p9xvrwh,user_f44e96ca8b
t1,p9xvq9y,user_2b5f1ff38c
t1,p9xvpkh,user_8da0fce7ba
t1,p9xvor6,user_45d62e12f7
t1,p9xvipr,user_c65296d631
t1,p9xvgrc,user_c65296d631
t1,p9xvfkb,user_861328e58c
t1,p9xvdwi,user_45d62e12f7
t1,p9xvclu,user_95273aac9e
t1,p9xvbaw,user_e1bf879d85
t1,p9xvawb,user_dff642fca0
t1,p9xv9v6,user_37e6cfe7fa
t1,p9xv93b,user_861328e58c
t1,p9xv73m,user_fbe9b52c70
t1,p9xv63j,user_c8ac962a8c
t1,p9xv379,user_861328e58c
t1,p9xv341,user_be5e3aa78e
t1,p9xuzdd,user_dff642fca0
t1,p9xuzc8,user_897d454573
t1,p9xuybi,user_ffa8b49def
t1,p9xuxqt,user_48a375ec7a
t1,p9xuwaw,user_a456f49e69
t1,p9xuvy3,user_1e67b329b1
t1,p9xuvk4,user_df5db4d29c
t1,p9xus7h,user_dff642fca0
t1,p9xumx0,user_7a7af8e782
t1,p9xumne,user_a456f49e69
t1,p9xumgo,user_48131d9adc
t1,p9xulio,user_2c8eff792f
t1,p9xugl7,user_8a8c9adb83
t1,p9xuery,user_2bd8582e03
t1,p9xuchd,user_b27bb8faa2
t1,p9xuc68,user_42b47b8faa
t1,p9xu9b2,user_50383b8ee3
t1,p9xu97s,user_dff642fca0
t1,p9xu8ql,user_dde4fe8c42
t1,p9xu7fz,user_0c863ebc18
t1,p9xu08n,user_f8a321e6db
t1,p9xtzxb,user_ed7835eb68
t1,p9xtzwp,user_a085e2b4b0
t1,p9xtx9f,user_9e979911a1
t1,p9xtupy,user_a24a0ad89b
t1,p9xtrzp,user_31d3182db4
t1,p9xtm42,user_6bbea47a63
t1,p9xtlvc,user_67e7651831
t1,p9xtlu5,user_c5f22aea12
t1,p9xtl6v,user_8d2806691e
t1,p9xtkma,user_bd09a87701
t1,p9xtjr7,user_cf58369dbc
t1,p9xtihn,user_e30d43945a
t1,p9xtif3,user_c589628ef6
t1,p9xtgfi,user_9a1a18d4c4
t1,p9xtg5r,user_e30d43945a
t1,p9xte9e,user_8d2806691e
t1,p9xtal5,user_c5b9afc404
t1,p9xt97n,user_6a2a2f1172
t1,p9xt8io,user_6705af485d
t1,p9xt65u,user_eb9a16545e
t1,p9xt5ra,user_ca1e4619ee
t1,p9xt3cx,user_45d62e12f7
t1,p9xt2n5,user_dff642fca0
t1,p9xt19a,user_6ed798bdef
t1,p9xsyug,user_266041e0dc
t1,p9xsv7q,user_99e729f30f
t1,p9xsu13,user_dff642fca0
t1,p9xsr9i,user_ddd929167c
t1,p9xsqcq,user_5428707245
t1,p9xsphd,user_bfe1951553
t1,p9xsosl,user_efca2d580f
t1,p9xsoin,user_7809a7c309
t1,p9xsoil,user_697562d4ed
t1,p9xsmem,user_a87c04743e
t1,p9xsm70,user_70d46f1bba
t1,p9xslrb,user_1065cb169a
t1,p9xskjj,user_45d62e12f7
t1,p9xsfl3,user_45d62e12f7
t1,pa04toy,user_67206d50b2
t1,pa04sut,user_f83d16d681
t1,pa04swd,user_dd7c80dc4f
t1,pa04842,user_2b83e9b29a
t1,pa046fs,user_1875f04860
t1,pa045ku,user_4c92e81c82
t1,pa044aq,user_b53fb33de8
t1,pa042dm,user_7a09dc5387
t1,pa04054,user_77527e57e8
t1,pa03y6s,user_f3b0f4f7a5
t1,pa03xvg,user_fb521d841e
t1,pa03uwf,user_2a3d75fe10
t1,pa03tkk,user_e10093058b
t1,pa03snf,user_5460a047f9
t1,pa03r9q,user_7a09dc5387
t1,pa03qam,user_5447cc5ea5
t1,pa03pey,user_1105670a6d
t1,pa03ph5,user_59fd335bf9
t1,pa03o32,user_85c0613bdb
t1,pa03mn8,user_fb521d841e
t1,pa03hlp,user_5080d5fd41
t1,pa03hpw,user_cad1f994e6
t1,pa03hbr,user_f881456a7f
t1,pa03fym,user_dc7ba4e627
t1,pa03emq,user_50383b8ee3
t1,pa03bg2,user_e0752097e8
t1,pa037w2,user_cd3a83e8f6
t1,pa037ke,user_8583ab2176
t1,pa037hi,user_63b5495c33
t1,pa037ia,user_8d39de95f6
t1,pa035wz,user_2855b25dd0
t1,pa0343u,user_f5fbbc3ca3
t1,pa033ut,user_7c3c2ce486
t1,pa030nf,user_f35d3f265f
t1,pa02y22,user_c1716f4baa
t1,pa02x2m,user_1875f04860
t1,pa02tog,user_f84e3335f3
t1,pa02sd7,user_6265192ddc
t1,pa02qul,user_1a4b6b9e2b
t1,pa02pf1,user_50383b8ee3
t1,pa02ng7,user_37e3368050
t1,pa02kee,user_cdc0b00531
t1,pa02j70,user_302b54a4c4
t1,pa02i02,user_50383b8ee3
t1,pa02gdz,user_f5fbbc3ca3
t1,pa02g4c,user_dd653d5a07
t1,pa02ce4,user_99059735c9
t1,pa028yn,user_5447cc5ea5
t1,pa027j5,user_6bb6b418b5
t1,pa0237e,user_acc14a2061
t1,pa0234t,user_93dfeac7a1
t1,pa022j9,user_c1716f4baa
t1,pa01zsd,user_ec05cef0bf
t1,pa01w97,user_c707b1d140
t1,pa01slm,user_1bdeb47936
t1,pa01s1n,user_3ac491544d
t1,pa01q79,user_13e8543fba
t1,pa01o74,user_55fa057e03
t1,pa01mt7,user_15e38707bc
t1,pa01d6p,user_50383b8ee3
t1,pa01b1a,user_624daae015
t1,pa017kt,user_2f82db7af3
t1,pa0166j,user_fd69122de5
t1,pa015nq,user_624daae015
t1,pa015e8,user_403a498348
t1,pa014ic,user_b2308fd825
t1,pa014kg,user_37ad76cd8a
t1,pa014f4,user_407d509ebc
t1,pa01452,user_f84d137039
t1,pa012ea,user_fb521d841e
t1,pa0124m,user_83be7edd3f
t1,pa010lv,user_c328458fbb
t1,pa00z5w,user_50383b8ee3
t1,pa00x1z,user_5447cc5ea5
t1,pa00naf,user_58d330448e
t1,pa00k7u,user_c328458fbb
t1,pa00j1f,user_302b54a4c4
t1,pa00i0k,user_5efb290c27
t1,pa00g8c,user_58d330448e
t1,pa00fm8,user_31596cb8f2
t1,pa00d8b,user_55fa057e03
t1,pa00d2z,user_c9c83296fe
t1,pa00au3,user_977ef4a122
t1,pa00ax9,user_69221801a8
t1,p9zzyl4,user_13e8543fba
t1,p9zzxp0,user_5447cc5ea5
t1,p9zztnm,user_4cf27614b6
t1,p9zzq63,user_1105670a6d
t1,pa2bzh5,user_bea32c118e
t1,pa2bsit,user_b062909f4a
t1,pa2bqwr,user_971e7551be
t1,pa2bl8y,user_9b735c3673
t1,pa2bfxw,user_a1c8c29b20
t1,pa2bdxn,user_f3bdd5e08e
t1,pa2bd88,user_b551c6b510
t1,pa2bczf,user_37d79583b1
t1,pa2bcb6,user_ea8bb49a2f
t1,pa2bc2i,user_9b735c3673
t1,pa2bam7,user_da9a8a559a
t1,pa2b99a,user_50383b8ee3
t1,pa2b8f9,user_ec119254d5
t1,pa2b7qg,user_a1c8c29b20
t1,pa2b74m,user_9b735c3673
t1,pa2b4pr,user_9992eda643
t1,pa2b3n6,user_9b735c3673
t1,pa2b3ek,user_fe6a4e4413
t1,pa2ayy2,user_e419530731
t1,pa2ayjw,user_92653454c4
t1,pa2aw7q,user_22730c5c2d
t1,pa2av5v,user_9b735c3673
t1,pa2asa3,user_37c9fae429
t1,pa2ane6,user_a0b532f003
t1,pa2am7c,user_5506a89e4e
t1,pa2aivt,user_ea8bb49a2f
t1,pa2ahkr,user_b1a345c225
t1,pa2ad1g,user_2cd05065e4
t1,pa2acdh,user_cb416b9f5f
t1,pa2a9ju,user_965f7f160c
t1,pa2a9dp,user_2bd8582e03
t1,pa2a8gd,user_fe6a4e4413
t1,pa2a7ow,user_cf58369dbc
t1,pa2a2p7,user_64fb5f73bd
t1,pa29zz0,user_cb416b9f5f
t1,pa29vfj,user_4a51937a47
t1,pa29nze,user_5e188748d3
t1,pa29lkw,user_0e0b5d283c
t1,pa29gyp,user_8eb3552677
t1,pa29fon,user_03dd888ab6
t1,pa29bmf,user_ea8bb49a2f
t1,pa29be5,user_03dd888ab6
t1,pa297ke,user_13937dd42b
t1,pa290vj,user_dc86a032c3
t1,pa28u5u,user_8eb3552677
t1,pa28rfg,user_f13bec6779
t1,pa28omf,user_73b1deeb3b
t1,pa28fag,user_b79176f9a9
t1,pa28d8z,user_516205ea6c
t1,pa28bwg,user_b5dd4d75be
t1,pa28brp,user_a35bbbe10b
t1,pa28b8x,user_dd66818ee9
t1,pa28aw7,user_b16af23414
t1,pa28a9a,user_7b2b824f25
t1,pa289ww,user_976cb5c3f3
t1,pa289ma,user_ea8bb49a2f
t1,pa27zje,user_47f3583db5
t1,pa27zjp,user_1e715ef4cb
t1,pa27x8f,user_ea8bb49a2f
t1,pa27rk2,user_d631062be5
t1,pa27o8r,user_cd3f111f3e
t1,pa27nd7,user_1e715ef4cb
t1,pa27ij8,user_fe6a4e4413
t1,pa27hez,user_1e6b3b48b8
t1,pa27d63,user_267af24f98
t1,pa27clr,user_99c407d10b
t1,pa27az0,user_7405853d1e
t1,pa279bv,user_d9c4d5054c
t1,pa276fk,user_ae98994ebf
t1,pa2733p,user_828886b973
t1,pa272s3,user_d92857c35a
t1,pa2707w,user_82a0f7a986
t1,pa26z9e,user_b5dd4d75be
t1,pa26x7x,user_68d5fbec50
t1,pa26w38,user_ea8bb49a2f
t1,pa26v1r,user_19aaa057ad
t1,pa26uo8,user_2d5383b1d2
t1,pa26thm,user_4e1e0aa8c3
t1,pa26p3o,user_fe225f5378
t1,pa26o6a,user_b5dd4d75be
t1,pa26lht,user_ea8bb49a2f
t1,pa26j41,user_313e926947
t1,pa26ioa,user_96e2140331
t1,pa26ewu,user_4e1e0aa8c3
t1,pa26dba,user_e154e625c7
t1,pa26d1k,user_fe225f5378
t1,pa26ahn,user_2134ebf352
t1,pa267j0,user_fe225f5378
t1,pa266wp,user_e79edfa004
t1,pa3yqoe,user_47970f5fac
t1,pa3yokc,user_b0c0b25cb1
t1,pa3yn70,user_a776881902
t1,pa3ygfj,user_c0fcefbb3a
t1,pa3yeyf,user_ccf434c99a
t1,pa3yeih,user_cf7dc8b919
t1,pa3y7c4,user_ad9372e28a
t1,pa3xxc9,user_392a12e057
t1,pa3xwf3,user_c8ca8aed84
t1,pa3xvgf,user_be9bf7f1bf
t1,pa3xthe,user_e419530731
t1,pa3xru1,user_865c504f2f
t1,pa3xk6i,user_ed2c7f4ad1
t1,pa3xfqy,user_0fb91b8347
t1,pa3xd6z,user_a9c0d3ae5a
t1,pa3xb2h,user_5633189af5
t1,pa3x5xd,user_c68a8bb4e1
t1,pa3x3g9,user_64853ae474
t1,pa3x1v8,user_ad2c908d3b
t1,pa3x1oi,user_db2da506d2
t1,pa3wukb,user_051d6576e0
t1,pa3wtwe,user_5633189af5
t1,pa3wt2a,user_629995b170
t1,pa3wr0e,user_f142190328
t1,pa3wp1z,user_5633189af5
t1,pa3wmmd,user_49ad870eac
t1,pa3wl09,user_e0d065392e
t1,pa3wg2f,user_6cd37316af
t1,pa3wdtl,user_ee01f7c755
t1,pa3w90h,user_df26d69857
t1,pa3w6r3,user_d11525ad47
t1,pa3w3n5,user_d6101fe2db
t1,pa3w316,user_dde4fe8c42
t1,pa3w2xi,user_887d7fc369
t1,pa3vz5c,user_c564c9f96e
t1,pa3vtkc,user_22df4983ca
t1,pa3vsot,user_1bbc675ee9
t1,pa3vrj4,user_603f0149d1
t1,pa3vr69,user_8100287ec9
t1,pa3vr5z,user_d11525ad47
t1,pa3vr25,user_603f0149d1
t1,pa3vj5i,user_d8645bcd2f
t1,pa3vcl6,user_686f4d6bda
t1,pa3vbsm,user_ff53714b37
t1,pa3v9j4,user_7bdc2fb8ad
t1,pa3v4xz,user_e66241eb3d
t1,pa3v3tz,user_817786e051
t1,pa3v019,user_17d320af86
t1,pa3uuxq,user_0044e5e420
t1,pa3utzu,user_f490672f51
t1,pa3uqzv,user_4d25598cbd
t1,pa3uqvt,user_171feb4bf7
t1,pa3uoni,user_b0c7447973
t1,pa3ufif,user_9d4e498d33
t1,pa3ue8q,user_6d14981eb9
t1,pa3uduh,user_629995b170
t1,pa3u8ay,user_819ab107c1
t1,pa3u6qk,user_0b97d9b6ed
t1,pa3u3nl,user_9d4e498d33
t1,pa3u31p,user_f1c9a10425
t1,pa3u1d2,user_6d14981eb9
t1,pa3tybk,user_6cd37316af
t1,pa3tv2b,user_521d284d31
t1,pa3trhh,user_629995b170
t1,pa3tpqy,user_6aaf651869
t1,pa3tpnd,user_441369b8dd
t1,pa3tj2f,user_e389c30acd
t1,pa3taxe,user_2057520bb0
t1,pa3t7os,user_7d7739ba24
t1,pa3sv79,user_ab29a61daf
t1,pa3smru,user_8fc4c028bf
t1,pa3sm2r,user_b0bf92fd26
t1,pa3sblv,user_b0db4eaaf5
t1,pa3s7qd,user_4c5cc5ae93
t1,pa3s6mp,user_5ce3d3ff40
t1,pa3s6h5,user_d55d5e8d22
t1,pa3s4xw,user_8f6a5cb087
t1,pa3rzok,user_e024fc7b89
t1,pa3ry73,user_4d6b305a11
t1,pa3ry3i,user_e2f18bd4bf
t1,pa3rweg,user_ddd929167c
t1,pa3rubz,user_252fe80b44
t1,pa3rj1y,user_1394381f5c
t1,pa3recz,user_211187cb7a
t1,pa3rau6,user_a4f4dfc66c
t1,pa3r9h6,user_c527f6a55d
t1,pa3r8bj,user_211187cb7a
t1,pa59x9x,user_059ca3101f
t1,pa59unw,user_3c0db2e638
t1,pa59tdz,user_dfe3e49c19
t1,pa59te6,user_5c1e77bc9e
t1,pa59t81,user_747237ac52
t1,pa59r4n,user_8d8f22904c
t1,pa59qyz,user_50fe4c2a24
t1,pa59qr4,user_2dda417b7c
t1,pa59qgn,user_d36990c2cf
t1,pa59qdz,user_ca22463258
t1,pa59pjn,user_b3ed5f6d0b
t1,pa59p2f,user_b289e5cf2a
t1,pa59oim,user_b35e7ec212
t1,pa59mos,user_13a26cb4ab
t1,pa59kxr,user_afe860dbb9
t1,pa59i0b,user_aa60c019a9
t1,pa59hlt,user_e074f41e69
t1,pa59fr2,user_30b33f3222
t1,pa59e47,user_bcac4a9fa3
t1,pa59b64,user_d54e919468
t1,pa59ang,user_3f8ace1f4d
t1,pa593hx,user_585044d574
t1,pa591np,user_847f5a5b51
t1,pa59185,user_45eb2554f0
t1,pa590jh,user_5828ba7282
t1,pa58xkb,user_2ee4bc8cd1
t1,pa58ryk,user_e40e4a101c
t1,pa58p9h,user_ad57450459
t1,pa58mvl,user_2d41578480
t1,pa58lk4,user_e40e4a101c
t1,pa58l05,user_32b1aeaa57
t1,pa58jsr,user_f15a458e92
t1,pa58fwh,user_a842fdcb44
t1,pa58e2d,user_3f34aa8efc
t1,pa58dag,user_f7a674af15
t1,pa58avm,user_e419530731
t1,pa589au,user_2143e2ebfb
t1,pa5889f,user_50fe4c2a24
t1,pa58747,user_cd76a9b7b1
t1,pa582ha,user_b35a146dc8
t1,pa580h5,user_dfc7cce853
t1,pa57z7i,user_2efc198d9b
t1,pa57p93,user_d5df79ac4f
t1,pa57owl,user_b3ed5f6d0b
t1,pa57oda,user_2d41578480
t1,pa57nut,user_d2b5eb6bdd
t1,pa57mog,user_d9e67b5951
t1,pa57lqw,user_dfc7cce853
t1,pa57le1,user_8268a8792b
t1,pa57isq,user_dace2e2f8c
t1,pa57isx,user_14872590be
t1,pa57ebj,user_bddedea946
t1,pa57e56,user_33d9785bc9
t1,pa57c19,user_400be7e09c
t1,pa57afu,user_e62c2abb43
t1,pa579ck,user_262f550df4
t1,pa5794v,user_8268a8792b
t1,pa576hl,user_d9f3d13370
t1,pa573jc,user_0122f7b6e5
t1,pa572j7,user_a6df021e72
t1,pa570gg,user_3f8ace1f4d
t1,pa56yuk,user_34a636d3ed
t1,pa56tj9,user_747237ac52
t1,pa56t9v,user_2d41578480
t1,pa56t6f,user_970a44962a
t1,pa56r6i,user_4e522144ef
t1,pa56m6l,user_a4ae3f902a
t1,pa56jbw,user_616f50d2d7
t1,pa56ip2,user_a8d8ef8083
t1,pa56hk4,user_72ffeac194
t1,pa56fxn,user_a181fcb8a6
t1,pa56fhk,user_2a9c889269
t1,pa56ddi,user_e538fe2b57
t1,pa56bke,user_747237ac52
t1,pa569ro,user_0fb91b8347
t1,pa568m2,user_f7c0433ff9
t1,pa568fb,user_770e153f67
t1,pa567y7,user_8268a8792b
t1,pa567m3,user_1b2b76df33
t1,pa566ig,user_d5df79ac4f
t1,pa5653e,user_2fd4ec01aa
t1,pa563qq,user_99f758f66a
t1,pa560oq,user_707bc1f64c
t1,pa56003,user_747237ac52
t1,pa55yby,user_8130b4ba38
t1,pa55wh1,user_09fbbe2cb6
t1,pa55vny,user_cfbdbc4c66
t1,pa55uz3,user_53201ca86e
t1,pa7j8ne,user_c95dcc4714
t1,pa7j7wt,user_6e6548b87d
t1,pa7j5zk,user_9f5b092b19
t1,pa7j5nm,user_7da377b423
t1,pa7j49m,user_3b282e57e8
t1,pa7j185,user_95273aac9e
t1,pa7izq1,user_ff8d056957
t1,pa7iz83,user_784907310e
t1,pa7it9b,user_d1c1f03647
t1,pa7iroh,user_d8da3a97c4
t1,pa7ip84,user_078ed9e796
t1,pa7ipa9,user_9f5b092b19
t1,pa7ioum,user_ac7c350bc9
t1,pa7in9g,user_6837ac798c
t1,pa7imtl,user_df9022579e
t1,pa7ilvp,user_a34e51faba
t1,pa7ik7f,user_ed29a64808
t1,pa7ijr9,user_6a7bac72e2
t1,pa7ij8r,user_a8d8ef8083
t1,pa7ij3q,user_9ddeb74b2c
t1,pa7ifdb,user_83ba9efb38
t1,pa7ibbw,user_6e9fb24ca4
t1,pa7i82q,user_0ea37aff83
t1,pa7i7us,user_2e71692d29
t1,pa7i4m0,user_a4a5b6e28a
t1,pa7i241,user_d10408ba2d
t1,pa7i11s,user_4bc16e153c
t1,pa7hvcj,user_533a879c2a
t1,pa7hm8a,user_bf0d521252
t1,pa7hl4z,user_ddd929167c
t1,pa7hjpf,user_7ed3774499
t1,pa7hilg,user_1fb6332904
t1,pa7hh4r,user_0e4b889bd1
t1,pa7hg2k,user_5ff2cf6464
t1,pa7hern,user_727c56337f
t1,pa7hc1y,user_f5c3c6b338
t1,pa7h78t,user_41bea8c4ca
t1,pa7h703,user_f5c3c6b338
t1,pa7h5dx,user_b5eb0eeb35
t1,pa7h41q,user_f5c3c6b338
t1,pa7gzxe,user_f5c3c6b338
t1,pa7gz9v,user_22f4395fad
t1,pa7gyci,user_ec9cae366a
t1,pa7gxyq,user_b56b8fa839
t1,pa7gxqs,user_dc57788e09
t1,pa7gsnt,user_d6acb67888
t1,pa7gqyi,user_513f380c06
t1,pa7gqja,user_d66dba5e60
t1,pa7gp6x,user_e36832664d
t1,pa7gn4e,user_893d759ba6
t1,pa7glq2,user_639ea8486f
t1,pa7glu4,user_a4b9be4e0c
t1,pa7gl66,user_f161d78e91
t1,pa7gktj,user_3bfd038446
t1,pa7gh9d,user_e3894a6fee
t1,pa7ggyu,user_8b72fd67ba
t1,pa7ggqz,user_59c933650c
t1,pa7gc0v,user_dd39219900
t1,pa7gc22,user_2a3d75fe10
t1,pa7g8f3,user_932682797d
t1,pa7g7j8,user_e1bca1b76b
t1,pa7g1yf,user_0314062974
t1,pa7fz68,user_54d6a88280
t1,pa7fysk,user_f798360a8c
t1,pa7frfi,user_19beba166e
t1,pa7fkte,user_c1f236cbb4
t1,pa7fio4,user_0122f7b6e5
t1,pa7fir8,user_85491ab514
t1,pa7ff3d,user_2e71692d29
t1,pa7feo6,user_032d82eb09
t1,pa7fe4w,user_85491ab514
t1,pa7fd2u,user_f02d1ac3c6
t1,pa7f9e2,user_86bd263d2c
t1,pa7f8t8,user_d89375999a
t1,pa7f7fs,user_9dd62c4155
t1,pa7f5w7,user_dd16a7947d
t1,pa7f34m,user_ba6bbbb0eb
t1,pa7f1ba,user_6837ac798c
t1,pa7f1e8,user_b198c37191
t1,pa7f044,user_dffdbc4a0e
t1,pa7ezqj,user_e7c6f99159
t1,pa7ey74,user_a55e221b75
t1,pa7evr4,user_6a2a2f1172
t1,pa7eva6,user_18b6ac5a69
t1,pa7eutc,user_612f1462e2
t1,pa7etyr,user_8b2d44d645
t1,pa7et3b,user_abfacfe87f
t1,pa7esnb,user_6ee4358e1d
t1,pa9r7ft,user_a35596a996
t1,pa9r6w4,user_ecfcf4601c
t1,pa9r0ke,user_bafffaab9f
t1,pa9r0cu,user_abf4c75363
t1,pa9qxmo,user_086ef3890c
t1,pa9qxmx,user_af0b1fdbed
t1,pa9qvp8,user_d659207d0c
t1,pa9qti2,user_5e759fc742
t1,pa9qrbn,user_3c9e4fbfff
t1,pa9qp9z,user_d2937016a2
t1,pa9qnlu,user_f58b089805
t1,pa9qni4,user_977ef4a122
t1,pa9qib4,user_99ae43a87c
t1,pa9qi3z,user_a55cdc4a37
t1,pa9qg25,user_08fe34a905
t1,pa9qd89,user_b774b212db
t1,pa9qcde,user_153c7601d3
t1,pa9qapt,user_ef15539c49
t1,pa9q9jf,user_38be96dd23
t1,pa9q6ra,user_6fd34015f5
t1,pa9q5az,user_172bbf9f86
t1,pa9q3lm,user_08fe34a905
t1,pa9puv2,user_1669c59c09
t1,pa9pu7b,user_08960aaf72
t1,pa9poem,user_c285add5d5
t1,pa9pj9z,user_6e6373c6d6
t1,pa9pihl,user_a2e2730a12
t1,pa9ph8f,user_bb6c3b299b
t1,pa9pgt3,user_32691fac25
t1,pa9pfl1,user_7ae43dfaf7
t1,pa9pe44,user_a37ba1e9fc
t1,pa9pdxf,user_9fcf56eb0e
t1,pa9pcbp,user_4b7466fc4d
t1,pa9pb3g,user_d131186001
t1,pa9p5v9,user_f4b6299bb1
t1,pa9p12b,user_12e1fa5d06
t1,pa9oux4,user_132ad11c5e
t1,pa9oulf,user_8957e79e7e
t1,pa9ouf7,user_17cae51b71
t1,pa9ou13,user_f2f4babd3a
t1,pa9op9a,user_513f380c06
t1,pa9on1v,user_c1cb26e858
t1,pa9oht5,user_d3c154ce7f
t1,pa9obi5,user_4a8fc6ce6b
t1,pa9ob99,user_7ae43dfaf7
t1,pa9oajn,user_f27d9a7a0f
t1,pa9o9qw,user_c71dc2c80e
t1,pa9o9p9,user_b152cd577d
t1,pa9o4p2,user_71c81226c7
t1,pa9o4qw,user_fd676e3022
t1,pa9o2ps,user_7ae43dfaf7
t1,pa9o1lf,user_7ae43dfaf7
t1,pa9nzl7,user_fdeed1e7b7
t1,pa9nwc6,user_0bfd9cc408
t1,pa9nvz9,user_a9701d0971
t1,pa9nvqw,user_93b052dfde
t1,pa9nt2p,user_d3c154ce7f
t1,pa9ns8l,user_96ff82374d
t1,pa9nqx0,user_a2e2730a12
t1,pa9noqo,user_4d51844ea3
t1,pa9nomc,user_dc869c5333
t1,pa9noh3,user_be7e954280
t1,pa9nobe,user_e1a4656d99
t1,pa9nnaw,user_7872873bba
t1,pa9nn85,user_d10cbb3cc4
t1,pa9nmga,user_294457eb87
t1,pa9nk5o,user_f86ee5884e
t1,pa9njaz,user_77527e57e8
t1,pa9nihn,user_294457eb87
t1,pa9ngvj,user_0140c50bc0
t1,pa9ndv1,user_a968e1a49b
t1,pa9nbpi,user_c71dc2c80e
t1,pa9n886,user_e05d91acdc
t1,pa9n6cm,user_c71dc2c80e
t1,pa9mzk9,user_fea9eeb5e0
t1,pa9muoo,user_890365c9ba
t1,pa9morx,user_173e92f2cc
t1,pa9mm4e,user_6790c0edf0
t1,pa9mk5d,user_2f465cd2a8
t1,pa9miur,user_e591eb122a
t1,pa9mepg,user_9a129c6951
t1,pa9mdf2,user_77527e57e8
t1,pa9maei,user_ee9ad57ee9
t1,pa9m90m,user_25e8325dcf
t1,pa9m8te,user_ac383798e1
t1,pa9m6a7,user_7fc617cd26
t1,pa9m5a2,user_16fd0e9771
t1,pabdyod,user_6f288cfa86
t1,pabdyab,user_7ae43dfaf7
t1,pabdy3b,user_e8eb5e98d7
t1,pabdwn5,user_3d05397515
t1,pabdq8d,user_08b78d322e
t1,pabdo7d,user_dc77661994
t1,pabdnoe,user_54f5efd84f
t1,pabdjnz,user_fbe3372282
t1,pabdhek,user_0f1ca38ac5
t1,pabdh1o,user_00430bb393
t1,pabdeiu,user_c25cf62368
t1,pabdc2e,user_66eb03f706
t1,pabd76u,user_fbe3372282
t1,pabd6j1,user_6f984e30c1
t1,pabd4bo,user_6b9ebec235
t1,pabd3yk,user_dbac7e3852
t1,pabd2zb,user_792a71d5fe
t1,pabd14t,user_c5a3796b41
t1,pabd0gp,user_dc77661994
t1,pabcz5h,user_7c83895c6d
t1,pabcrq1,user_302e1d76a0
t1,pabcr43,user_e52213d7e1
t1,pabcps6,user_eb903331cc
t1,pabcn3a,user_1fc9dcf9a2
t1,pabcgxl,user_308810eee0
t1,pabcg4a,user_e0725a8255
t1,pabcd7c,user_92d9ab88d2
t1,pabcctd,user_c21a4a8f67
t1,pabcci6,user_da3a467d97
t1,pabcb94,user_fbe3372282
t1,pabc8b9,user_4bf1cb7874
t1,pabc7i0,user_0b1aaa5cb0
t1,pabc5sn,user_7fddfbe5e0
t1,pabc3s0,user_bbaab245fa
t1,pabc3ci,user_cf993376a9
t1,pabc1if,user_b5eb0eeb35
t1,pabc1fx,user_7d2da23f79
t1,pabbxct,user_b9f9ed2e95
t1,pabbthp,user_d110e8fd32
t1,pabbsal,user_7b35eaf479
t1,pabbq3i,user_6b89e70c7c
t1,pabbn1k,user_c21a4a8f67
t1,pabblks,user_9a206a01c9
t1,pabbkaa,user_a37ba1e9fc
t1,pabbh24,user_03d4b3962f
t1,pabbesh,user_6f288cfa86
t1,pabbaxy,user_1bb117ea2a
t1,pabb914,user_9a206a01c9
t1,pabb619,user_324259155b
t1,pabb2tg,user_bd684c9a6c
t1,pabaz2w,user_bf4fb8bb39
t1,pabayuw,user_025c27e005
t1,pabavt4,user_86f97597ad
t1,pabav8u,user_cf13e0d72a
t1,pabaump,user_a920b04bca
t1,pabasuc,user_051d6576e0
t1,pabarg4,user_3927b67289
t1,pabalqp,user_0e8649d6b5
t1,paball3,user_e63403c9b7
t1,paballe,user_9f089e7789
t1,pabaiwd,user_0fb91b8347
t1,pabag0p,user_00e982233f
t1,pabaell,user_796fe58aa1
t1,pabaeal,user_d52f7aa94b
t1,pabactp,user_954bbb6c75
t1,pabacgm,user_4f40b0e638
t1,pabac6y,user_f86c2c328a
t1,pababmw,user_7ae43dfaf7
t1,pabaad7,user_0a0e9a15af
t1,paba9g0,user_d27ed9f9ee
t1,paba74i,user_5322f6e183
t1,paba6zn,user_05a6dc38c0
t1,paba49w,user_9806791f05
t1,pab9zhz,user_0f99600ee2
t1,pab9rvz,user_15dce36e03
t1,pab9mod,user_e8437d2d74
t1,pab9kvs,user_cd648baf69
t1,pab9jwr,user_00e982233f
t1,pab9jrm,user_707737f3e0
t1,pab9hxl,user_7ae43dfaf7
t1,pab9h0p,user_4568f4aae3
t1,pab9g0i,user_4568f4aae3
t1,pab9dow,user_4568f4aae3
t1,pab9ckv,user_235de1f776
t1,pab9bba,user_4908403f04
t1,pab97ye,user_7ae43dfaf7
t1,pab97rv,user_ce69bda37f
t1,pab95h5,user_c08461355b
t1,pab94yu,user_d569d114aa
t1,pacotml,user_5f3cb70651
t1,pacordc,user_414c20aa5d
t1,pacopeb,user_46971aecab
t1,pacok20,user_01bb51744e
t1,pacoji4,user_9e714cab82
t1,pacojde,user_0c0dd7637a
t1,pacoiv8,user_dd12a10e9b
t1,pacoic5,user_069908ccf6
t1,pacofbq,user_a5d68cd4fe
t1,pacof1v,user_88ecd0fe37
t1,pacodbx,user_5db21785c6
t1,pacobvu,user_0bf36601d0
t1,paco8w3,user_59c933650c
t1,paco748,user_a842fdcb44
t1,paco6sl,user_02ee184e3d
t1,paco5vc,user_0fb91b8347
t1,paco5e6,user_414c20aa5d
t1,paco534,user_957e9c433a
t1,paco4w5,user_e64affa7ad
t1,paco474,user_4ef537b896
t1,paco3po,user_0fb91b8347
t1,paco2cf,user_0fb91b8347
t1,paco28t,user_46971aecab
t1,paco1vj,user_585fe3fdbd
t1,paco0tm,user_f43db7aeab
t1,paco0er,user_df3f1daac9
t1,paco05v,user_b3ed5f6d0b
t1,pacnygu,user_400a617940
t1,pacnya9,user_585fe3fdbd
t1,pacnwz5,user_0fb91b8347
t1,pacnwbl,user_3c6d8d9e11
t1,pacnvrx,user_b5eb0eeb35
t1,pacnvpx,user_6b125cf67f
t1,pacnvbp,user_0fb91b8347
t1,pacnuxa,user_a1415e964d
t1,pacnurg,user_aa952397b3
t1,pacntgd,user_2d649c42ce
t1,pacnrgv,user_15d04ba973
t1,pacnri7,user_0fb91b8347
t1,pacnp00,user_626b9fadbe
t1,pacno2p,user_aaee4fbbb3
t1,pacnly1,user_e27c2c05f7
t1,pacnlf6,user_07600cb5ee
t1,pacnkr1,user_f338851a1a
t1,pacnjcx,user_a34e51faba
t1,pacnj6c,user_0fb91b8347
t1,pacnizv,user_414c20aa5d
t1,pacngya,user_9d47b6c98f
t1,pacnetf,user_414c20aa5d
t1,pacnetl,user_07600cb5ee
t1,pacn950,user_ca1e4619ee
t1,pacn2xl,user_6763c6ae59
t1,pacn16k,user_414c20aa5d
t1,pacmzva,user_585fe3fdbd
t1,pacmt2y,user_df15f35998
t1,pacms7d,user_126f813c39
t1,pacmqlh,user_ff8a779667
t1,pacmoak,user_612f1462e2
t1,pacmo1z,user_74226adb66
t1,pacmj9x,user_dff8d63fd5
t1,pacmib9,user_a5d84e7771
t1,pacmi5e,user_e9fbe565c7
t1,pacmfus,user_30ffeea88a
t1,pacmcz4,user_6763c6ae59
t1,pacmbgb,user_252fe80b44
t1,pacm9ct,user_176bacc463
t1,pacm3cq,user_f43db7aeab
t1,pacm2nc,user_c8c05bdd6a
t1,pacm0jf,user_0013b6051e
t1,pacm07a,user_4976a85c72
t1,paclw24,user_0a42b2ee69
t1,pacluun,user_255adddbc5
t1,pacls9a,user_0c88173bfa
t1,paclrp8,user_c8c05bdd6a
t1,paclqkp,user_e0752097e8
t1,paclk2l,user_8703ff2a5c
t1,pacl70n,user_d3035488ad
t1,pacl6uk,user_585fe3fdbd
t1,pacl6pm,user_afd603cc4c
t1,pacl435,user_df3f1daac9
t1,pacl3sn,user_aaee4fbbb3
t1,pacl0cq,user_8a83345981
t1,packves,user_2243c93c59
t1,packv13,user_34261c4924
t1,packufk,user_ab7189f37f
t1,packtk7,user_febbe975e6
t1,packsa4,user_df74ed647a
t1,packoo4,user_4d3bd4bd40
t1,packmdu,user_f730be0f4d
t1,paexs30,user_b77c0ddd21
t1,paexqfi,user_5ac9611066
t1,paexov1,user_04cc4d0566
t1,paexohs,user_6a2a2f1172
t1,paexjyb,user_36f0143ac6
t1,paexbk3,user_16d805dab4
t1,paex96c,user_277ebaed99
t1,paex069,user_df15f35998
t1,paex06t,user_2d6d4634f0
t1,paewxgv,user_a3ce2cea4d
t1,paewwob,user_b331bfb2cf
t1,paewv8c,user_2bfe4543df
t1,paewv2j,user_f2ec03a78e
t1,paewt9b,user_91c3a627b7
t1,paewp6p,user_9a510972b5
t1,paewky4,user_c35efbeffb
t1,paewjyw,user_bcd06ffa11
t1,paewj6q,user_3d05397515
t1,paewidh,user_09fbbe2cb6
t1,paewh8p,user_8824a492be
t1,paewewc,user_a22cd7308b
t1,paewbdh,user_6a2a2f1172
t1,paewb90,user_1ffcddebf0
t1,paew90y,user_f42b7cfb43
t1,paew74p,user_2bfe4543df
t1,paew49p,user_09fbbe2cb6
t1,paew10z,user_bccee9ce2b
t1,paevzx7,user_a39832b9ae
t1,paevxxx,user_09fbbe2cb6
t1,paevvsj,user_1d4299deb4
t1,paevu54,user_b9bff8ce08
t1,paevsue,user_91c3a627b7
t1,paevsq7,user_f83d16d681
t1,paevqv5,user_16d805dab4
t1,paevpuu,user_09fbbe2cb6
t1,paevnj8,user_09fbbe2cb6
t1,paevlt7,user_91c3a627b7
t1,paevlfp,user_cb452d25c0
t1,paevkmb,user_57d3a46f21
t1,paevhi6,user_91c3a627b7
t1,paevd94,user_6c59da78b9
t1,paevayg,user_df15f35998
t1,paevare,user_cb452d25c0
t1,paev9sp,user_7bde44a517
t1,paev8am,user_0fb91b8347
t1,paev6lz,user_268da6ed3b
t1,paev6ee,user_5f8c7e0132
t1,paev565,user_bfe500d9fa
t1,paev18i,user_83dcfc068f
t1,paev06g,user_b989fb781f
t1,paeuwjq,user_7ae43dfaf7
t1,paeuw8r,user_f5c3c6b338
t1,paeuvxi,user_d54e919468
t1,paeuv9o,user_fda15dd6a1
t1,paeut2q,user_e15cf1c31c
t1,paeuqwa,user_7bde44a517
t1,paeuoss,user_e400ecaa49
t1,paeunul,user_9965b6d348
t1,paeuml5,user_0a7321b0f6
t1,paeukos,user_91c3a627b7
t1,paeui6b,user_1917987540
t1,paeuhd2,user_b989fb781f
t1,paeugs2,user_91c3a627b7
t1,paeudy3,user_b76d444706
t1,paeubdt,user_6ac124f708
t1,paeu8er,user_ae8e5043b6
t1,paeu7ig,user_7ae43dfaf7
t1,paeu5e9,user_f83d16d681
t1,paeu4p3,user_7ae43dfaf7
t1,paeu3d0,user_d1faa93633
t1,paeu359,user_a8a59d0699
t1,paeu36u,user_5431694fbd
t1,paeu39k,user_80c6e3da81
t1,paeu1ka,user_0fb91b8347
t1,paeu0qb,user_7ae43dfaf7
t1,paeu08j,user_e7b714e3f4
t1,paetzxc,user_f850d76294
t1,paetyyo,user_56f163167d
t1,paetwlo,user_8561595102
t1,paetvv9,user_e7b714e3f4
t1,paetvw3,user_7ae43dfaf7
t1,paetvwj,user_91c3a627b7
t1,paettog,user_a96292978e
t1,paetq81,user_85239052d6
t1,paetpq8,user_176cb85056
t1,paetplq,user_604b26d598
t1,paetpov,user_31eab58eb3
t1,paetonk,user_91c3a627b7
t1,pah2qsn,user_a3032e281e
t1,pah2py9,user_a8bfc27fc5
t1,pah2pr1,user_444a6de0c6
t1,pah2o9s,user_67847fe47b
t1,pah2nw9,user_d626c62493
t1,pah2kmt,user_1cd8479a25
t1,pah2kia,user_d626c62493
t1,pah2e6y,user_08b006db6a
t1,pah2cbn,user_0db338716a
t1,pah2c9m,user_4568f4aae3
t1,pah2bv2,user_b6618a1edc
t1,pah29j6,user_4fe76bf734
t1,pah29jj,user_afaf0d8dc8
t1,pah23b1,user_b81fcbc7f9
t1,pah22jy,user_4568f4aae3
t1,pah1zdw,user_2b8000bafc
t1,pah1yo9,user_a37ba1e9fc
t1,pah1yoy,user_4568f4aae3
t1,pah1v0l,user_d626c62493
t1,pah1uwx,user_72a16a997a
t1,pah1s0a,user_4568f4aae3
t1,pah1rn0,user_ec47520d84
t1,pah1ria,user_aa740cdda2
t1,pah1r4r,user_6ff60a5728
t1,pah1q1o,user_eb37a8e662
t1,pah1oud,user_1a0c1603d5
t1,pah1mjo,user_67758233f9
t1,pah1mgi,user_4568f4aae3
t1,pah1m2l,user_afaf0d8dc8
t1,pah1jqi,user_c5b42c23b8
t1,pah1idv,user_f13bec6779
t1,pah1ghq,user_05e0fefce9
t1,pah1fd9,user_4568f4aae3
t1,pah1bff,user_c1e57e5977
t1,pah1b7r,user_ea3fa51909
t1,pah192q,user_d626c62493
t1,pah18cj,user_4568f4aae3
t1,pah10dx,user_9eefa1480e
t1,pah0z7a,user_c3e8bc40fe
t1,pah0wv0,user_a1979a1043
t1,pah0unf,user_c431506271
t1,pah0rqz,user_72a16a997a
t1,pah0r91,user_a1979a1043
t1,pah0qox,user_2b8000bafc
t1,pah0ow5,user_3777f169ce
t1,pah0osc,user_eebafa66be
t1,pah0nzc,user_419ce170b2
t1,pah0noy,user_230f1912be
t1,pah0izp,user_4a20f503bf
t1,pah0iwd,user_c431506271
t1,pah0idy,user_230f1912be
t1,pah0hu6,user_7fe9735881
t1,pah0gir,user_f53a43971b
t1,pah0d79,user_93fa4e2a1b
t1,pah08et,user_4568f4aae3
t1,pah0701,user_8ff658ce7a
t1,pah041v,user_eb37a8e662
t1,pah03vj,user_c3e8bc40fe
t1,pah03v9,user_4f4143322a
t1,pah03ot,user_a28ded8232
t1,pah02fw,user_4600298c8c
t1,pagzzml,user_de24d1ab7a
t1,pagzure,user_c3e8bc40fe
t1,pagztke,user_4a20f503bf
t1,pagzsth,user_0a3ce0d0bc
t1,pagzq8k,user_0a404159f1
t1,pagzpon,user_4600298c8c
t1,pagzohp,user_a28ded8232
t1,pagzc71,user_e36f1595f0
t1,pagzbt3,user_9cbcc5c649
t1,pagzb9k,user_93fa4e2a1b
t1,pagzb17,user_d623540eb2
t1,pagzavz,user_d626c62493
t1,pagzanp,user_a217e125d4
t1,pagzad7,user_72a16a997a
t1,pagz8k1,user_c5b42c23b8
t1,pagz8eh,user_bb3fc80de3
t1,pagz72n,user_cba3d5c864
t1,pagz4ep,user_a217e125d4
t1,pagz310,user_a155818e9d
t1,pagz0u9,user_753e2e85a6
t1,pagyzzs,user_c3e8bc40fe
t1,pagyxdy,user_03dd888ab6
t1,pagywam,user_32df3d4eb0
t1,pagyv54,user_e36f1595f0
t1,pagyuvc,user_2c520ec80d
t1,pagyuuz,user_d626c62493
t1,pagyuu6,user_e18eb41672
t1,pagyum5,user_eb37a8e662
t1,pagytkn,user_a1979a1043
t1,paiqg7m,user_8e48cd3d55
t1,paiqfk3,user_3c889cc01b
t1,paiqb6k,user_bea32c118e
t1,paiq9k2,user_60d1227f50
t1,paiq8d8,user_e597f16c86
t1,paiq7jz,user_f6cb9b2251
t1,paiq69s,user_821b8b22d3
t1,paiq3qj,user_70891c0964
t1,paipwch,user_69a605c845
t1,paiptvi,user_103e0f0f87
t1,paipoo6,user_171feb4bf7
t1,paiplyl,user_4d3bd4bd40
t1,paipl0m,user_3c8251f424
t1,paiph2s,user_cac0dc9d52
t1,paipezz,user_8264815a82
t1,paipdml,user_8530c017f7
t1,paipc5e,user_8692a0ea95
t1,paipaky,user_b4457377ff
t1,paip7mk,user_6773d5e1d2
t1,paip6ah,user_a4fa1ea41c
t1,paip5ul,user_0a404159f1
t1,paip3so,user_4ec5f6e09d
t1,paip1ah,user_2f32b7941a
t1,paip0ni,user_b54b02e370
t1,paiozdk,user_e9f7487b38
t1,paioxcz,user_a1979a1043
t1,paiouox,user_60db0f16c7
t1,paios97,user_7d7978d063
t1,paiop5e,user_94ba88c409
t1,paiohg3,user_c26118dc75
t1,paio93h,user_b5eb0eeb35
t1,paio8m7,user_06dacfda05
t1,paio7w1,user_f5b74eaaed
t1,paio4a1,user_6b9ebec235
t1,painxl5,user_ff53714b37
t1,painvhx,user_26a26cd9d4
t1,painsrv,user_0fb91b8347
t1,pains2u,user_5d8983ce38
t1,painloe,user_136c370cf1
t1,paink0n,user_a1979a1043
t1,painga2,user_23ba974125
t1,pain7lp,user_23ba974125
t1,pain4jm,user_e8aff4a228
t1,pain2xp,user_d7328e56b4
t1,pain0jo,user_f7124f237d
t1,paimvd5,user_52148ad906
t1,paimr5j,user_b64eb1c06d
t1,paimqme,user_acef0169e2
t1,paimgt1,user_86653577e1
t1,paim546,user_b715127711
t1,paim1kh,user_871955602d
t1,paim10a,user_a58cf601f1
t1,pailtoo,user_03dd888ab6
t1,pailsjo,user_67ddeb29d5
t1,pailm0z,user_62f2f67917
t1,paill88,user_ac639aa159
t1,pailj9c,user_05489526b0
t1,pailinz,user_b16650ead0
t1,pailfag,user_26e3a206b7
t1,pailcu3,user_60c55813ba
t1,pailcld,user_3a9a36933b
t1,pailchi,user_7114941320
t1,paila22,user_26ad96debb
t1,paikyjc,user_fc20ddf820
t1,paikwnj,user_35f33cd814
t1,paikwgt,user_26ad96debb
t1,paikuyy,user_5c9f40e9ed
t1,paiktr9,user_6d84c8f5d4
t1,paikt4m,user_0903943d0b
t1,paikrbj,user_0083844c67
t1,paikn6y,user_53259b3301
t1,paikizq,user_86653577e1
t1,paikhyd,user_a7c29a166f
t1,paikfyt,user_1c5fa939e7
t1,paikf23,user_984e74386b
t1,paiketn,user_6f98bfdd5d
t1,paikcl0,user_624ead21a3
t1,paikcdg,user_0083844c67
t1,paikc1k,user_c3622dcffc
t1,paikbx2,user_5e188748d3
t1,paik6bs,user_7fcc73bf31
t1,paik1vw,user_6b125cf67f
t1,paik053,user_68141f759f
t1,paijyqa,user_cbdc7d5474
t1,paijvb4,user_b9996359a6
t1,paijndb,user_9fea42550f
t1,paijmko,user_12ebf9fbd6
t1,paijly9,user_0254da97b8
t1,pak0niy,user_6f82d642b3
t1,pak0l51,user_517670ffc8
t1,pak0hx6,user_9141a13184
t1,pak0fd3,user_ee3eb470b5
t1,pak0abv,user_ef8b69e597
t1,pak05a3,user_a252a3bb42
t1,pak04vg,user_a5d39fb53c
t1,pak04ap,user_ee3eb470b5
t1,pajzzmd,user_30b33f3222
t1,pajzvs4,user_eedc410cbc
t1,pajzum6,user_a252a3bb42
t1,pajzoyv,user_887d7fc369
t1,pajzgoj,user_69a605c845
t1,pajzekt,user_eedc410cbc
t1,pajz8lv,user_5c2216a22e
t1,pajz88m,user_872e7e327e
t1,pajz6gc,user_00227a4276
t1,pajz5vc,user_8cc6dcf897
t1,pajz4om,user_872e7e327e
t1,pajz494,user_ccc085f2b2
t1,pajz2jk,user_427db7ee44
t1,pajyy8j,user_f1baf2ce92
t1,pajywre,user_864e10b551
t1,pajywn6,user_a571ea586a
t1,pajyv5x,user_5f3f800b37
t1,pajylx4,user_ef8b69e597
t1,pajyidq,user_d8e9ec2c52
t1,pajyi08,user_eedc410cbc
t1,pajyh7e,user_6361a233b1
t1,pajyf8b,user_64fb5f73bd
t1,pajyd0v,user_c53d90a8e5
t1,pajy9zh,user_0bf36601d0
t1,pajy1tx,user_0fb91b8347
t1,pajy0ag,user_6c31c89839
t1,pajxxdx,user_d8e9ec2c52
t1,pajxwww,user_ee3eb470b5
t1,pajxvoi,user_b2e90905dc
t1,pajxv3b,user_24af08c3e5
t1,pajxux4,user_c11f324186
t1,pajxs6j,user_7d61dceb3a
t1,pajxs1l,user_fea15ae6e6
t1,pajxrwf,user_0e082db3e3
t1,pajxq9a,user_c0da38cb3e
t1,pajxpaq,user_460a72544f
t1,pajxp3f,user_585fe3fdbd
t1,pajxokl,user_412d5d9017
t1,pajxm2j,user_e01716ad0f
t1,pajxjev,user_2339c6e5a4
t1,pajxhbf,user_47e559e7dc
t1,pajx9d4,user_0b805434de
t1,pajx94c,user_0fb91b8347
t1,pajx8xh,user_7ca532a87b
t1,pajx8pq,user_8fdea81f1b
t1,pajx4uq,user_f714d30adc
t1,pajx4h2,user_7d61dceb3a
t1,pajx4fo,user_e01716ad0f
t1,pajx2w6,user_c1cd7d037a
t1,pajwzav,user_343fb4bef4
t1,pajwvox,user_7ca532a87b
t1,pajwvga,user_c813e6e3d2
t1,pajwvau,user_2c007da3b7
t1,pajwu4u,user_d17acde63f
t1,pajwt7f,user_e419530731
t1,pajwk64,user_5bfca6082b
t1,pajwhdf,user_64fb5f73bd
t1,pajwfy1,user_d93a98cd70
t1,pajwf3e,user_f4ea897c8e
t1,pajwefy,user_2797b26c72
t1,pajwdo4,user_24ad2aeb59
t1,pajwc1i,user_460a72544f
t1,pajw8q4,user_0f928ff77e
t1,pajw4ja,user_5485cd2cee
t1,pajw1u7,user_085da213e6
t1,pajvr3x,user_54aa5ac1e5
t1,pajvq5p,user_050c30f78c
t1,pajvlkg,user_a63137e9ee
t1,pajvkqu,user_b0e696054a
t1,pajvkjc,user_0fb91b8347
t1,pajvkbk,user_ec8179460a
t1,pajvidm,user_1a182de884
t1,pajvaee,user_427db7ee44
t1,pajv9nw,user_cba860adc9
t1,pajv8m4,user_12d1092da4
t1,pajv7z3,user_639951698f
t1,pam897u,user_a41423fce3
t1,pam87pr,user_c5b652cca8
t1,pam862k,user_c168d4e3a2
t1,pam863e,user_7d9f4a1b3a
t1,pam7uya,user_e6c58ee10e
t1,pam7ugx,user_c907b0a1ae
t1,pam7u17,user_6a12779ab4
t1,pam7tb2,user_2854c305f0
t1,pam7rzg,user_55038331ad
t1,pam7mne,user_84ddaab773
t1,pam7l6e,user_f7edd8a278
t1,pam7kpi,user_ad1aee9bb6
t1,pam7kdy,user_c74ec49999
t1,pam7fso,user_de08d01e3f
t1,pam7c9r,user_9255f0a458
t1,pam7bzb,user_551a585e31
t1,pam7bmq,user_609ba46835
t1,pam7aou,user_ca344dbcee
t1,pam7af4,user_318359deff
t1,pam7a4t,user_54b400b949
t1,pam781d,user_c9ac6f79a7
t1,pam765g,user_d623540eb2
t1,pam704d,user_b0bf92fd26
t1,pam6qh3,user_f08c93c97b
t1,pam6nas,user_879ee742cc
t1,pam6kae,user_f34f1f46a7
t1,pam6jsc,user_092ae4b0a6
t1,pam6ikr,user_318359deff
t1,pam6g61,user_a74e30ac54
t1,pam6g7a,user_2cd05065e4
t1,pam6fen,user_7d9f4a1b3a
t1,pam6bh1,user_620f7bf2c4
t1,pam6arm,user_820ac4955c
t1,pam6av1,user_fa19360455
t1,pam6ao8,user_f51d92bba5
t1,pam69df,user_a0bd5145d2
t1,pam68vd,user_1c987348e6
t1,pam65q6,user_44bc4e68f1
t1,pam637e,user_074bf8d948
t1,pam61rb,user_b090dbb851
t1,pam60ra,user_59c933650c
t1,pam60cv,user_fa19360455
t1,pam5ztk,user_d1b650009e
t1,pam5zhq,user_65303e77de
t1,pam5yag,user_f562aa04bd
t1,pam5woo,user_5b1b3c71ca
t1,pam5w3p,user_898f94ac72
t1,pam5vh8,user_59b60f4497
t1,pam5uoo,user_f08c93c97b
t1,pam5s8b,user_59b60f4497
t1,pam5s38,user_e0752097e8
t1,pam5p1r,user_6f7bdfe9ed
t1,pam5o7p,user_5024406707
t1,pam5n1l,user_c376961529
t1,pam5mht,user_1117a52e81
t1,pam5mcm,user_44084e9133
t1,pam5m4e,user_55fa057e03
t1,pam5l43,user_6f76869151
t1,pam5iax,user_b090dbb851
t1,pam5hto,user_f175808859
t1,pam5fso,user_59c933650c
t1,pam5f7v,user_288ef45f78
t1,pam5e8g,user_da61b9a13a
t1,pam5bmd,user_e40957b08e
t1,pam5b1n,user_4c97a683ac
t1,pam57mr,user_f5fd13340a
t1,pam56e2,user_5ad809d4e7
t1,pam55xr,user_ca344dbcee
t1,pam540n,user_d3febddf13
t1,pam53vi,user_f7edd8a278
t1,pam51e8,user_1823262dd8
t1,pam508r,user_cd4e49d57c
t1,pam4zgw,user_a8c8884127
t1,pam4xge,user_5805288141
t1,pam4uof,user_a25d695e00
t1,pam4u2j,user_ac6d5e4f86
t1,pam4sqx,user_2efa9c2655
t1,pam4raz,user_68141f759f
t1,pam4oqe,user_47350697f7
t1,pam4ob0,user_e52213d7e1
t1,pam4lni,user_d5df79ac4f
t1,pam4k6d,user_cf18d22e1f
t1,pam4ipg,user_8c864b0a9c
t1,pam4in1,user_f34f1f46a7
t1,pam4icl,user_15e38707bc
t1,pam4i08,user_16bc6a7862
t1,pam4gme,user_38b48e2dc0
t1,paoboqw,user_d139098534
t1,paobo1i,user_05f66f1dcf
t1,paobn6u,user_a568254df3
t1,paobmgz,user_5184559173
t1,paobkdb,user_21b1ec0850
t1,paobjgp,user_a568254df3
t1,paobjap,user_794ecd1a45
t1,paobiok,user_a568254df3
t1,paobfw1,user_429d5b9897
t1,paobfpl,user_927f2f9352
t1,paobecd,user_fddb9ec538
t1,paob7eh,user_12d1092da4
t1,paob4um,user_951acd361c
t1,paob4dp,user_429d5b9897
t1,paob3fd,user_7fce9e364f
t1,paoaz7s,user_a7811f6808
t1,paoawmq,user_429d5b9897
t1,paoasm1,user_9627addd6e
t1,paoaoiv,user_1436660294
t1,paoanin,user_150ea21c8a
t1,paoamxt,user_9627addd6e
t1,paoammx,user_429d5b9897
t1,paoalw1,user_437a2ba43b
t1,paoal08,user_676b095e44
t1,paoafy4,user_3044a5f5f2
t1,paoa6q7,user_1ad50bf41d
t1,paoa105,user_bf6f7cb606
t1,paoa05f,user_150ea21c8a
t1,pao9z8u,user_af43ffa2ce
t1,pao9z7n,user_b4d847bc68
t1,pao9yao,user_c26118dc75
t1,pao9tt9,user_6d9aaa467e
t1,pao9syg,user_2b9a5d0034
t1,pao9sdx,user_d34ad4e695
t1,pao9ro5,user_e3c93e4d23
t1,pao9rcg,user_1ad50bf41d
t1,pao9qxo,user_676b095e44
t1,pao9oel,user_3f609f8dd3
t1,pao9mx5,user_676b095e44
t1,pao9kpu,user_10d7690d03
t1,pao9kmn,user_4fbfa78762
t1,pao9khm,user_656e4128ce
t1,pao9i1n,user_da68befc7f
t1,pao9h8i,user_150ea21c8a
t1,pao9eib,user_676b095e44
t1,pao9eja,user_e2fa36a416
t1,pao9c64,user_e2fa36a416
t1,pao99a3,user_af43ffa2ce
t1,pao94yt,user_e1f8dc2afc
t1,pao9524,user_c1716f4baa
t1,pao94e8,user_6dee742557
t1,pao92vp,user_b93a09c7fc
t1,pao92gk,user_47940632c7
t1,pao912r,user_78cf9ce85e
t1,pao8zzm,user_2d8eca359f
t1,pao8tnp,user_7fce9e364f
t1,pao8pey,user_59447012fe
t1,pao8lyr,user_b1c62cf258
t1,pao8m1d,user_7b2cbd4777
t1,pao8lm5,user_df1d26363a
t1,pao8kl9,user_67847fe47b
t1,pao8k1c,user_6d25ca4212
t1,pao8i4s,user_2be813c305
t1,pao8hwj,user_d5bbca99dc
t1,pao8hj1,user_f21277d082
t1,pao8fi6,user_c7237c7752
t1,pao8eve,user_133d0b0dba
t1,pao8e8k,user_b398680e59
t1,pao8e69,user_1dab0b8de6
t1,pao8dyd,user_f4d7d37e98
t1,pao8av5,user_df1d26363a
t1,pao8avs,user_676b095e44
t1,pao8913,user_d10229edd9
t1,pao8881,user_f4d7d37e98
t1,pao859n,user_ce8409e288
t1,pao7w5b,user_f4d7d37e98
t1,pao7th4,user_0e8f11feec
t1,pao7rs3,user_2378dd417f
t1,pao7m6g,user_c1716f4baa
t1,pao7kwv,user_fea15ae6e6
t1,pao7jiu,user_7e82223fd3
t1,pao7i1s,user_8317606c64
t1,pao7h31,user_060b6e358d
t1,pao7ehu,user_0e8f11feec
t1,pao7afh,user_159b39d813
t1,pao79x3,user_46e779aa6c
t1,pao76x9,user_7fce9e364f
t1,pao74sl,user_8997c268d1
t1,papumac,user_ef2c0f74b5
t1,papula8,user_62c95011a0
t1,papukf3,user_f38b9e0b57
t1,papugcm,user_b10b3d5ee1
t1,papucqr,user_62c95011a0
t1,papu9lo,user_b50dc1fc27
t1,papu8dw,user_33fa74d800
t1,papu72g,user_51c5d6193e
t1,papu5uo,user_62c95011a0
t1,papu3xx,user_3a973bd7a5
t1,papu3tr,user_2797b26c72
t1,papu2jq,user_7921c86d24
t1,paptz7y,user_ee03a60e76
t1,paptv92,user_9b7fad1c53
t1,paptu90,user_f3267ef82e
t1,paptqjt,user_18d54dcee8
t1,paptj7h,user_ee03a60e76
t1,paptizm,user_7ae43dfaf7
t1,papthus,user_bf3aba10e3
t1,paptetf,user_2310d396f9
t1,paptdxz,user_2797b26c72
t1,paptdwp,user_9d156458dd
t1,paptdkf,user_f3267ef82e
t1,paptcq2,user_3468668762
t1,papta32,user_30abdc7b6a
t1,papt90w,user_1e4432c9fc
t1,papt8rc,user_08437bd387
t1,papt8id,user_ee03a60e76
t1,papt5sg,user_31a00982ab
t1,papt5h0,user_5f94992093
t1,papt44y,user_1e4432c9fc
t1,papt24y,user_5b030aa480
t1,papt03f,user_44084e9133
t1,papszzo,user_b068c9d174
t1,papsxob,user_1e6fe13647
t1,papsvcf,user_62c95011a0
t1,papsk71,user_7ae43dfaf7
t1,papsfai,user_1e4432c9fc
t1,papsf7p,user_7ae43dfaf7
t1,paps9dp,user_5c7d3bd4d9
t1,paps95m,user_dde4fe8c42
t1,paps7f5,user_823f74d893
t1,paps6rz,user_8c552719ce
t1,paps6lv,user_7aea07d021
t1,paps6dv,user_df7efbbd43
t1,paps3t4,user_ee03a60e76
t1,paprzj1,user_095507d986
t1,paprzgo,user_7ae43dfaf7
t1,paprydb,user_7ae43dfaf7
t1,papruy8,user_b6f282d870
t1,papruo9,user_f3267ef82e
t1,paprua6,user_5c7d3bd4d9
t1,paprsed,user_ee03a60e76
t1,paprs5v,user_c0ed90130c
t1,paprrpj,user_7ae43dfaf7
t1,paprq3s,user_2d294b98c9
t1,paprpxn,user_088a3676b2
t1,paprp35,user_26f16e9020
t1,paprk9c,user_2d294b98c9
t1,paprj39,user_171feb4bf7
t1,papri3q,user_7ae43dfaf7
t1,paprhrg,user_f7c00db862
t1,paprhaq,user_b8fc24fcec
t1,paprf46,user_43c18c6de8
t1,paprcfc,user_7ae43dfaf7
t1,paprayn,user_af3ac811a0
t1,papraqt,user_204d20b511
t1,papr7lx,user_b3a8c04f1b
t1,papr54e,user_6605c6113f
t1,papr475,user_0f99600ee2
t1,papr3xm,user_b3a8c04f1b
t1,papr3et,user_26f16e9020
t1,papr2ug,user_56a5512fa2
t1,papr2nh,user_05d30f1638
t1,papr23t,user_4e7b2938b0
t1,papr0uf,user_c2589fc41f
t1,papr0hh,user_18d54dcee8
t1,papr04x,user_c009137cb6
t1,papqz8v,user_f3267ef82e
t1,papqulj,user_c410a9410b
t1,papqmky,user_77c6c2ef76
t1,papqkzi,user_56a5512fa2
t1,papqjcj,user_f3267ef82e
t1,papqiq3,user_7ae43dfaf7
t1,papqgtu,user_cd03c373a9
t1,papqg71,user_05d30f1638
t1,papqeus,user_7ae43dfaf7
t1,papqe4w,user_d36b1fca55
t1,par2z5j,user_b57806b217
t1,par2vs6,user_40db45ee7e
t1,par2tmj,user_ac683e8896
t1,par2snh,user_c49cc76321
t1,par2k32,user_a8d8ef8083
t1,par2bve,user_62649abae6
t1,par29o8,user_a8d8ef8083
t1,par29ii,user_9e67a1309f
t1,par28ic,user_b849839ac1
t1,par272w,user_0fb91b8347
t1,par23zq,user_7c9a83f433
t1,par1npi,user_a8d8ef8083
t1,par1j3h,user_a73acf95a9
t1,par1fb3,user_a8d8ef8083
t1,par1del,user_6d25ca4212
t1,par1b8s,user_5f7f7bf8aa
t1,par19hf,user_e2fa36a416
t1,par174p,user_2bde69c43f
t1,par14g7,user_a8d8ef8083
t1,par13tk,user_59c933650c
t1,par11sp,user_2bde69c43f
t1,par10fb,user_771ccfe47d
t1,par0zmr,user_e2fa36a416
t1,par0z00,user_59c933650c
t1,par0xzd,user_9e67a1309f
t1,par0xs6,user_585fe3fdbd
t1,par0vdv,user_40de241931
t1,par0tx9,user_b8b576493c
t1,par0rip,user_570286c0b3
t1,par0npe,user_6f8394ca1e
t1,par0m20,user_7f0cd0c84a
t1,par0ls1,user_429d5b9897
t1,par0kd4,user_429d5b9897
t1,par0hu5,user_189c9d7ed8
t1,par0h37,user_7b2cbd4777
t1,par0gt3,user_820ac4955c
t1,par0fuv,user_683188a7f9
t1,par0f0v,user_a701fc5ad2
t1,par0ds8,user_771ccfe47d
t1,par0bme,user_2e9a9ec1a8
t1,par0avb,user_53bda180af
t1,par0aqx,user_a3a959100b
t1,par08i7,user_340b3a9bf6
t1,par04c2,user_8f8aa49ca1
t1,par02zg,user_53bda180af
t1,par01dn,user_2dfe4d2b26
t1,par01bq,user_94c3db360b
t1,paqzzgc,user_ddbfc6dbce
t1,paqzv14,user_bb679268f2
t1,paqzri3,user_cf1343ee1e
t1,paqzq0m,user_fafbce5de8
t1,paqzo9t,user_717edeb40a
t1,paqzko1,user_addc8c1bac
t1,paqziz2,user_eff5833a52
t1,paqzg45,user_771ccfe47d
t1,paqzezx,user_2e9a9ec1a8
t1,paqzd05,user_189c9d7ed8
t1,paqz8zb,user_e0752097e8
t1,paqz7l4,user_b10ea3857b
t1,paqz6zc,user_6194e822a2
t1,paqz3lw,user_c9d2ab8a2d
t1,paqyony,user_40db45ee7e
t1,paqyo7b,user_a4ae3f902a
t1,paqymie,user_dcd4c56ca5
t1,paqylk2,user_40db45ee7e
t1,paqyl5e,user_ce6113160d
t1,paqyc5s,user_9293d250a9
t1,paqy3k7,user_992aa228f5
t1,paqxy75,user_252fe80b44
t1,paqxxsq,user_e0752097e8
t1,paqxxmo,user_ce6113160d
t1,paqxx3r,user_5ff2cf6464
t1,paqxqn5,user_7493ad380c
t1,paqxjm0,user_54e63fba60
t1,paqxfb9,user_252fe80b44
t1,paqxe92,user_5f7f7bf8aa
t1,paqx9y9,user_8976f9cb99
t1,paqx8by,user_98fe24ed50
t1,paqx7rr,user_3899228ad3
t1,paqx2zr,user_110c52b088
t1,paqwzms,user_7493ad380c
t1,paqwwfs,user_577b79dd52
t1,paqwsx9,user_1d8d4e480b
t1,paqwm0k,user_c9d2ab8a2d
t1,paqwke9,user_639eb94def
t1,paqwk96,user_e419530731
t1,paqwhd5,user_08e7891b6c
t1,paqwfx0,user_2e64dcf8ef
t1,paqwdn9,user_1ae9c2f521
t1,pat55w3,user_afff941d78
t1,pat547s,user_04a4c4bf79
t1,pat53i8,user_851dad4c3e
t1,pat53gs,user_d613210f0e
t1,pat527n,user_afff941d78
t1,pat51sn,user_313f16e4ad
t1,pat4xkg,user_dc2076d5e7
t1,pat4uk7,user_b7a09d9c53
t1,pat4tzo,user_afff941d78
t1,pat4tg2,user_b3d8e5608e
t1,pat4piq,user_ed5be36d6e
t1,pat4pg8,user_03dd888ab6
t1,pat4ooy,user_b865fa732b
t1,pat4nqe,user_aa1b793e7e
t1,pat4ns3,user_8e91540219
t1,pat4nt4,user_89edcf2847
t1,pat4mtt,user_fbbf3d8085
t1,pat4maf,user_7d0e7ba2f3
t1,pat4iui,user_5ce552820d
t1,pat4h3v,user_ea43d13132
t1,pat4eqc,user_ce8735cf7f
t1,pat4eit,user_8a1d1b39f2
t1,pat4d1b,user_27d79c40f7
t1,pat471s,user_4b7466fc4d
t1,pat46qn,user_1ec9bbcb69
t1,pat460z,user_30e47f8710
t1,pat45sb,user_40e70be616
t1,pat448x,user_5f2914f383
t1,pat40zf,user_d5ec45848b
t1,pat3yot,user_affb7e796f
t1,pat3xsj,user_b3d8e5608e
t1,pat3wha,user_f851e23ce7
t1,pat3w9z,user_8a1d1b39f2
t1,pat3vu5,user_ee82b9cb60
t1,pat3vwu,user_8a6560bb41
t1,pat3udt,user_eabf2b12d1
t1,pat3tpm,user_6837ac798c
t1,pat3tr2,user_c8b8cd9d8b
t1,pat3szu,user_6e04f547fd
t1,pat3srq,user_2b4d97b42b
t1,pat3q99,user_6464259dbf
t1,pat3q5p,user_40db45ee7e
t1,pat3ppe,user_4747fa9e23
t1,pat3jzi,user_7f5b78c3eb
t1,pat3jof,user_27d79c40f7
t1,pat3ihw,user_dbf07c247b
t1,pat3i2o,user_5b452285e8
t1,pat3f3t,user_9a7acd5d52
t1,pat3ave,user_579440f1b0
t1,pat3afm,user_b16650ead0
t1,pat39q5,user_2cb20e0821
t1,pat35br,user_117132b39c
t1,pat3494,user_29bbef3a75
t1,pat333m,user_7416b2052c
t1,pat30jz,user_7b30bb4640
t1,pat30ka,user_abea160936
t1,pat2z44,user_fab7fd5dbe
t1,pat2ybc,user_4747fa9e23
t1,pat2ws0,user_1241589468
t1,pat2vtx,user_cd7463018e
t1,pat2tew,user_eabf2b12d1
t1,pat2rfe,user_a72b3e9193
t1,pat2qgi,user_b3cec8c884
t1,pat2q0m,user_3d90ff0844
t1,pat2p9p,user_38181cf83b
t1,pat2p6q,user_6a2a2f1172
t1,pat2hr5,user_4747fa9e23
t1,pat2dhz,user_d3e98f5255
t1,pat2d6t,user_1250d2f550
t1,pat2cq1,user_5ff2cf6464
t1,pat2cr2,user_31596cb8f2
t1,pat2aw6,user_a72b3e9193
t1,pat2aod,user_4db86f8353
t1,pat2906,user_f64a745a18
t1,pat2800,user_b84a32cd73
t1,pat27r9,user_75dc0acb33
t1,pat27ip,user_efc36bdf06
t1,pat26gn,user_983c312527
t1,pat26cs,user_1f5c9a348f
t1,pat24e9,user_d89dc46a92
t1,pat22df,user_8db3c2e9ec
t1,pat216k,user_7ea772d38c
t1,pat1xyy,user_f188bfce6d
t1,pat1y06,user_2c7c0b8870
t1,pat1omg,user_03dd888ab6
t1,pat1n0m,user_bfbaba3b05
t1,pat1kca,user_c4265584a8
t1,pat1k5e,user_64713b8228
t1,pat1j2q,user_38d672bba1
t1,pav5cxu,user_c44f6c7b08
t1,pav5ael,user_57e4e7db10
t1,pav5ac1,user_d17967cf24
t1,pav5a3y,user_c44f6c7b08
t1,pav56f5,user_0e4fa27e22
t1,pav56at,user_5a98400474
t1,pav544f,user_c44f6c7b08
t1,pav53dm,user_d10cbb3cc4
t1,pav4w4u,user_4abbdf5aa8
t1,pav4uq4,user_b35d7986f0
t1,pav4toq,user_137ba75bb7
t1,pav4efs,user_427f58b083
t1,pav4e43,user_b7d8f22888
t1,pav4d7g,user_bea768f87d
t1,pav4byw,user_4289655a28
t1,pav4aox,user_f82eb84e38
t1,pav4a3q,user_5a98400474
t1,pav42w2,user_818d0523fb
t1,pav42h6,user_6ac671c86c
t1,pav410b,user_05a6dc38c0
t1,pav3yfd,user_5a98400474
t1,pav3upf,user_f08c93c97b
t1,pav3uew,user_aade11ab38
t1,pav3swj,user_57e4e7db10
t1,pav3qkt,user_7cb2a69477
t1,pav3pta,user_1b40bf6bf8
t1,pav3nlg,user_372eb0ad30
t1,pav3mke,user_5a98400474
t1,pav3ioc,user_5c3f6b0053
t1,pav3ctl,user_ec75a9e13d
t1,pav39jt,user_e8399fe871
t1,pav368o,user_048d8e125e
t1,pav3563,user_2ce1ff078d
t1,pav327u,user_5a98400474
t1,pav308u,user_2543a9016c
t1,pav2zed,user_b4d847bc68
t1,pav2z8r,user_31eab58eb3
t1,pav2ykr,user_26ae7d599f
t1,pav2xu2,user_f14a5c5942
t1,pav2rq6,user_965cef56ce
t1,pav2qxi,user_d04b4f2a18
t1,pav2okh,user_359c228a96
t1,pav2nos,user_8d430eba2b
t1,pav2mqx,user_5a98400474
t1,pav2m82,user_7cb2a69477
t1,pav2gol,user_48a375ec7a
t1,pav2frj,user_33c2af7f46
t1,pav2c0p,user_7d68891a86
t1,pav29j9,user_a8bfc27fc5
t1,pav2634,user_5a98400474
t1,pav24mk,user_592f89501e
t1,pav24e7,user_70cf55dde5
t1,pav23t5,user_788cc76ff5
t1,pav20s3,user_f4fbc7f424
t1,pav1lfb,user_de903d4bed
t1,pav1k9c,user_5e7032cb56
t1,pav1iy3,user_7bdc2fb8ad
t1,pav1h0p,user_006ad7c881
t1,pav1d5x,user_cc8d4b650f
t1,pav16oy,user_cccf96dfe0
t1,pav153e,user_915f35d56f
t1,pav131d,user_191f3140cb
t1,pav10qt,user_557ce3e414
t1,pav1050,user_3318780586
t1,pav0w5y,user_bf4fb8bb39
t1,pav0vxu,user_bebc9cc2ed
t1,pav0ojs,user_d8107b218e
t1,pav0mg2,user_749c100c34
t1,pav0imy,user_bea768f87d
t1,pav0hkb,user_7bfe056d3a
t1,pav0hfw,user_316f87e7a4
t1,pav0gxu,user_b5866b6b4a
t1,pav0dgg,user_b643fdaed4
t1,pav07df,user_629e9d3573
t1,pav076x,user_5a98400474
t1,pav03v4,user_f500e65017
t1,pav03wx,user_2d15bcff7b
t1,pav01xo,user_af419e623e
t1,pav014q,user_af419e623e
t1,pauzz69,user_400a617940
t1,pauzyp5,user_6d9aaa467e
t1,pauzw52,user_4ce4a956ba
t1,pauzw68,user_006ad7c881
t1,pauzuif,user_64fb5f73bd
t1,pauzpvh,user_b3c3adb958
t1,pauzmlr,user_7fc617cd26
t1,pauzk80,user_263ec36dd0
t1,pauzj9b,user_aee08f6453
t1,pauzi55,user_128d4eb448
t1,pauzgv3,user_f500e65017
t1,pawr4ot,user_be64071183
t1,pawr4gn,user_61bae74a88
t1,pawr3kg,user_44ee36edc4
t1,pawr2a3,user_5332e19433
t1,pawr25z,user_be64071183
t1,pawr09e,user_df4a1ddff5
t1,pawqyto,user_a8ccf01d87
t1,pawqwtd,user_57f5d7559a
t1,pawqv2z,user_be64071183
t1,pawqu48,user_74ca83a3dd
t1,pawqs8c,user_a4306e04da
t1,pawqs2f,user_22fad27961
t1,pawqrpq,user_93e879435b
t1,pawqqx1,user_dba57dc6a6
t1,pawqqcs,user_5332e19433
t1,pawqpbr,user_8716e01f1e
t1,pawqjw1,user_a55ad277d0
t1,pawqj66,user_9f6347b568
t1,pawqifr,user_7aebf3addc
t1,pawqhm6,user_d6650fdfa7
t1,pawqgr8,user_26499a963d
t1,pawqghe,user_fe1203fc33
t1,pawqf2m,user_2ff09c6071
t1,pawqenp,user_0c42e48554
t1,pawqbze,user_f1e9c9db4f
t1,pawqbr3,user_7aebf3addc
t1,pawqb3h,user_335d1b0240
t1,pawq9pz,user_5332e19433
t1,pawq6r0,user_be64071183
t1,pawq4q8,user_cb36af2ae0
t1,pawq2yc,user_0ece201c27
t1,pawq179,user_9116cbe0f7
t1,pawq0nn,user_dd6d152a29
t1,pawq0ki,user_29784259f2
t1,pawpyzd,user_ff357d905a
t1,pawpvza,user_be64071183
t1,pawprnj,user_5332e19433
t1,pawppyc,user_8bb3ffe3e9
t1,pawpp4b,user_12d1092da4
t1,pawpoxb,user_08b92cc29b
t1,pawpog2,user_18703ef8a9
t1,pawpo8v,user_39b7df12f6
t1,pawpo52,user_5d6efbc002
t1,pawpn2t,user_57e1c3a44c
t1,pawpmny,user_fa65c3ff88
t1,pawpez7,user_5f380c48ca
t1,pawpezc,user_709e96bc8e
t1,pawpd88,user_b73a7ee178
t1,pawpbk2,user_e3b59bc7a2
t1,pawpa8q,user_4d3290f012
t1,pawp9p5,user_7aebf3addc
t1,pawp82v,user_039a5d2862
t1,pawp6zs,user_296fcd20a8
t1,pawoysc,user_fad35a4475
t1,pawoxjc,user_575ec68dab
t1,pawowyp,user_8ffc403f1a
t1,pawowod,user_2e71692d29
t1,pawowir,user_e84dfed1aa
t1,pawowa4,user_7df4bdea55
t1,pawovx5,user_7aebf3addc
t1,pawouma,user_575ec68dab
t1,pawotoo,user_9bc1c64408
t1,pawosqd,user_115b93193a
t1,pawosmx,user_2e71692d29
t1,paworwd,user_925e63c87e
t1,paworpf,user_408a70e9dc
t1,pawoqkh,user_0e738dbb61
t1,pawoqkx,user_bf177c01b3
t1,pawopol,user_fe07b2e79c
t1,pawopgp,user_f08c93c97b
t1,pawooxk,user_0b97d9b6ed
t1,pawokx1,user_fc28bd937d
t1,pawoic0,user_d9e17c7910
t1,pawohko,user_575ec68dab
t1,pawogwm,user_e3017a2e2f
t1,pawogse,user_408a70e9dc
t1,pawogpt,user_f66c412d3f
t1,pawog5y,user_e8b54b23da
t1,pawofy7,user_055c6cff0c
t1,pawof07,user_f08c93c97b
t1,pawodzq,user_9e98ec826e
t1,pawodxn,user_dce2510682
t1,pawoc01,user_89e5c280f3
t1,pawoaxo,user_4312b8bde5
t1,pawo77f,user_e8b54b23da
t1,pawo6el,user_115b93193a
t1,pawo3l4,user_709e96bc8e
t1,pawo2ry,user_24a2cd1e91
t1,pay0agg,user_393bfdb176
t1,pay09a9,user_b5cf3ad8e0
t1,pay08sd,user_066672896e
t1,pay086d,user_a74d73100c
t1,pay063a,user_850e183ea3
t1,pay00jf,user_c636811df1
t1,paxzw8m,user_69c2557163
t1,paxztam,user_f41fe0a616
t1,paxzsfu,user_20a679bb10
t1,paxzq78,user_55128fb462
t1,paxzmhd,user_3c91734f5a
t1,paxzlbt,user_61ff4eddd5
t1,paxzk17,user_d1ee105c01
t1,paxzi8f,user_a3ced46ecf
t1,paxzf3k,user_70bd1edbbb
t1,paxzeyg,user_20a679bb10
t1,paxzegk,user_2d5d72df2b
t1,paxze3u,user_a1979a1043
t1,paxzds9,user_b19b8cc5df
t1,paxzd2z,user_6a2a2f1172
t1,paxzbj4,user_2d41578480
t1,paxz94l,user_7b9e633bc7
t1,paxz4gx,user_bb8730a8ce
t1,paxz1ns,user_091e79d57b
t1,paxyqiv,user_2d41578480
t1,paxyq15,user_82278008b1
t1,paxynw5,user_066ff3c1f2
t1,paxyjja,user_f41fe0a616
t1,paxyj21,user_07b9d6078a
t1,paxyihb,user_6a2a2f1172
t1,paxyfmh,user_82278008b1
t1,paxyfah,user_ac46f75340
t1,paxyaqz,user_96ec7ec2f2
t1,paxya81,user_f41fe0a616
t1,paxy5my,user_a1e73f4261
t1,paxy27n,user_b1139ec31b
t1,paxxzr0,user_189c9d7ed8
t1,paxxzar,user_f392d61bb5
t1,paxxxoc,user_6098a9ee85
t1,paxxwnd,user_6f06c60397
t1,paxxuts,user_a0114f3d3e
t1,paxxryi,user_5bf0df3626
t1,paxxrr4,user_20229f850a
t1,paxxrhq,user_0e3362ed3f
t1,paxxr0v,user_1366634194
t1,paxxoka,user_267f8440ae
t1,paxxl96,user_aa32c29fd2
t1,paxxj2c,user_2ca7a347ad
t1,paxxixv,user_75774c922b
t1,paxxfj0,user_78f19167d1
t1,paxxeqi,user_7b2cbd4777
t1,paxx8kr,user_6098a9ee85
t1,paxx2dh,user_1d3b00ff10
t1,paxx218,user_8e73293f1e
t1,paxx13k,user_83c3aa6a9a
t1,paxwxf6,user_02ad9859b2
t1,paxwwq4,user_3557f998da
t1,paxwweg,user_f0daeca6d7
t1,paxwvwl,user_667389648c
t1,paxwuo4,user_c1df04ca98
t1,paxwogn,user_b7c6110337
t1,paxwo7t,user_10d7de7333
t1,paxwo5l,user_885077c30e
t1,paxwmr9,user_4aab288478
t1,paxwlt3,user_5d8983ce38
t1,paxwli7,user_109d91c935
t1,paxwk21,user_6a84a96d8b
t1,paxwjqn,user_4050bc1dbf
t1,paxwiww,user_a96292978e
t1,paxwimr,user_02ad9859b2
t1,paxwg7a,user_f1c8319069
t1,paxwfjd,user_c6f3f30388
t1,paxwf1y,user_83ba9efb38
t1,paxwamd,user_f29b6e39b2
t1,paxw8b3,user_0200edf27e
t1,paxw646,user_0fe666231a
t1,paxvubm,user_12122267db
t1,paxvrvc,user_4b55bbd533
t1,paxvpx6,user_319540fb53
t1,paxvny7,user_b7f6b4182d
t1,paxvjct,user_051d6576e0
t1,paxvije,user_90e0365281
t1,paxvhsw,user_6f651d8c24
t1,paxvfja,user_ec0d26b4d0
t1,paxvfdo,user_252fe80b44
t1,paxv9ia,user_0fb91b8347
t1,paxv8wr,user_40c2dfbc7d
t1,paxv8br,user_94cff25ec8
t1,paxv5ky,user_d16569d7bc
t1,pb06dh7,user_1f5a508a36
t1,pb06bif,user_ce8735cf7f
t1,pb0672l,user_a906203410
t1,pb066sa,user_c06080fb51
t1,pb065v7,user_b516de5748
t1,pb064jb,user_c7bf375e12
t1,pb062xe,user_fe6a4e4413
t1,pb05z81,user_5ac9611066
t1,pb05w1t,user_369fa66cc3
t1,pb05sqe,user_ce8735cf7f
t1,pb05p57,user_23007ff1e7
t1,pb05p4g,user_9eed814bd4
t1,pb05m8p,user_79c9ae66c3
t1,pb05fie,user_256d3bc812
t1,pb0545q,user_ac0619515e
t1,pb051cx,user_d159ec19a5
t1,pb050io,user_189c9d7ed8
t1,pb04yfo,user_858bb76ec1
t1,pb04xkx,user_10d6d07e49
t1,pb04vop,user_e729a9070b
t1,pb04sea,user_a3032e281e
t1,pb04ozd,user_5a61c078db
t1,pb04lqz,user_f08c93c97b
t1,pb04jdo,user_858bb76ec1
t1,pb04hwl,user_21baaea24b
t1,pb04fyy,user_9518201f22
t1,pb04e6l,user_7ae43dfaf7
t1,pb0497k,user_f2510da70b
t1,pb0474o,user_858bb76ec1
t1,pb04749,user_8ae7b1111f
t1,pb044iq,user_7493ad380c
t1,pb042ud,user_ebd7d97222
t1,pb03vab,user_858bb76ec1
t1,pb03tyk,user_8aa2d7ad76
t1,pb03tdt,user_f08c93c97b
t1,pb03s01,user_f08dcfa90a
t1,pb03ro9,user_858bb76ec1
t1,pb03qjg,user_87a1276e1d
t1,pb03q4u,user_260708fa90
t1,pb03q40,user_946d32a5df
t1,pb03jeb,user_cac78b64cb
t1,pb03j1u,user_bfd2315b73
t1,pb03ify,user_858bb76ec1
t1,pb03i4l,user_50383b8ee3
t1,pb03h9k,user_33c4aa24fc
t1,pb03gzn,user_22d0adae6a
t1,pb03e0v,user_41ab157e9c
t1,pb039q6,user_f48f54c253
t1,pb038ze,user_5245811ef8
t1,pb02z17,user_93e9be6266
t1,pb02w0o,user_d3f96cdf81
t1,pb02tyu,user_6b7c40b177
t1,pb02ou1,user_83ba9efb38
t1,pb02o6p,user_3481a662c1
t1,pb02l7g,user_93e9be6266
t1,pb02kom,user_c10c158a51
t1,pb02jqh,user_31343d11e6
t1,pb02iy0,user_7f5b78c3eb
t1,pb02i9k,user_6d12b9fead
t1,pb02h8t,user_4f9b60a1fe
t1,pb02ey9,user_4ab4066b3e
t1,pb029op,user_244434ed4a
t1,pb025ha,user_83ba9efb38
t1,pb025fq,user_6980000cc6
t1,pb0252r,user_9e43d6310e
t1,pb022b1,user_a2f64aa25d
t1,pb01zfx,user_f07e283bf6
t1,pb01yze,user_1a66ebdd95
t1,pb01xvw,user_244434ed4a
t1,pb01xox,user_91c6be8328
t1,pb01vyw,user_f08c93c97b
t1,pb01vdm,user_f3195e69f0
t1,pb01tyd,user_609a115519
t1,pb01rob,user_5e236d5055
t1,pb01pbb,user_756d5a54b2
t1,pb01ngh,user_4f9b60a1fe
t1,pb01m1z,user_ef192a651f
t1,pb01fxd,user_f5fb39c748
t1,pb01fpv,user_48c9371d10
t1,pb01cfw,user_6eba68a661
t1,pb01aoc,user_9e43ef5d82
t1,pb016sm,user_ea1a5c600c
t1,pb0162m,user_69c2557163
t1,pb011sw,user_e66cb09b26
t1,pb010df,user_20e32aaeda
t1,pb010av,user_23e69be1b5
t1,pb00ya2,user_2ae7400e6c
t1,pb00lrp,user_d9209fe8e9
t1,pb2etfi,user_63664a20f4
t1,pb2eqw4,user_63664a20f4
t1,pb2eqpc,user_a47158afbd
t1,pb2eqfr,user_09fbbe2cb6
t1,pb2ept0,user_351a2cb931
t1,pb2eo22,user_7455ddf990
t1,pb2enhr,user_9d713a77d7
t1,pb2emyb,user_63664a20f4
t1,pb2ekh1,user_09fbbe2cb6
t1,pb2ejzc,user_0e1125ea0d
t1,pb2eiju,user_db19a77ab3
t1,pb2ehg1,user_6495b4fc40
t1,pb2eh8x,user_7c65e0adb9
t1,pb2egff,user_b417d6b3d9
t1,pb2egcr,user_5d6efbc002
t1,pb2efet,user_f3b0f4f7a5
t1,pb2ef8b,user_5fd6ac70fe
t1,pb2eepl,user_08a7774bab
t1,pb2eegj,user_63664a20f4
t1,pb2eeco,user_447eef933d
t1,pb2ec8o,user_09fbbe2cb6
t1,pb2eb33,user_2faff3fef9
t1,pb2e8pi,user_59c933650c
t1,pb2e7qv,user_343fb4bef4
t1,pb2e44s,user_0e1125ea0d
t1,pb2e3kj,user_00e982233f
t1,pb2e3g3,user_8f90af9737
t1,pb2e34n,user_cee72a67b0
t1,pb2e1bp,user_e65b0ebd63
t1,pb2e0i4,user_c788cc1dbb
t1,pb2dzvq,user_a1673ae40d
t1,pb2dznc,user_4e4f97f3ba
t1,pb2dyu7,user_e024fc7b89
t1,pb2dyh4,user_f3b0f4f7a5
t1,pb2dxqs,user_7d639b2d8a
t1,pb2dxom,user_231e6c253d
t1,pb2dvnh,user_e265405ba5
t1,pb2du3i,user_a1979a1043
t1,pb2dtj6,user_122d71d2cd
t1,pb2dtiv,user_09fbbe2cb6
t1,pb2drvr,user_1b3c9b3f9f
t1,pb2dr2h,user_ed8edff126
t1,pb2dqvo,user_a47158afbd
t1,pb2dpco,user_343fb4bef4
t1,pb2doe4,user_864933c485
t1,pb2dneu,user_66a08b0679
t1,pb2dmv4,user_1436660294
t1,pb2dmth,user_544c812067
t1,pb2dmjf,user_4fe062a3d4
t1,pb2dgjj,user_3d6b18a847
t1,pb2dg6h,user_1e313352f7
t1,pb2devx,user_757aecc66a
t1,pb2dch4,user_f3b0f4f7a5
t1,pb2db3k,user_df3eade50e
t1,pb2d8rm,user_902a9f6d6e
t1,pb2d84x,user_e1ee85a773
t1,pb2d7sj,user_09fbbe2cb6
t1,pb2d6y7,user_a1673ae40d
t1,pb2d2np,user_ceb87da333
t1,pb2d231,user_949bda3d16
t1,pb2d1zq,user_b94770a23c
t1,pb2d1ky,user_e024fc7b89
t1,pb2d12a,user_f53d449bdb
t1,pb2d117,user_d626c62493
t1,pb2cy9n,user_43a53c2bbd
t1,pb2cuvm,user_96a39dbf7c
t1,pb2cu0c,user_9d8c108d73
t1,pb2cttd,user_7fc4c3b6de
t1,pb2cpq8,user_eb0d6f13e3
t1,pb2cnxm,user_7e295b90f9
t1,pb2cngr,user_c009137cb6
t1,pb2cnb5,user_c6e4dffeab
t1,pb2cmzg,user_5aea9d7df4
t1,pb2clr1,user_00e982233f
t1,pb2clet,user_3c1370f7e1
t1,pb2ckcv,user_c66d58872d
t1,pb2cjp2,user_90c03902aa
t1,pb2cgu3,user_b54b02e370
t1,pb2cc53,user_5b4ceb4f1f
t1,pb2cbfq,user_bc618cc58b
t1,pb2cb84,user_fd048962c2
t1,pb2cb16,user_c8f3080b23
t1,pb2caij,user_66533c776c
t1,pb2ca3l,user_ff3292a099
t1,pb2c7dx,user_902a9f6d6e
t1,pb2c6z1,user_1e313352f7
t1,pb2c5zb,user_df2ba4b654
t1,pb410bb,user_2a2527df90
t1,pb40ysn,user_249ae6ecd7
t1,pb40vtt,user_35c315956c
t1,pb40t9w,user_c170779436
t1,pb40ru2,user_29a7bd8dae
t1,pb40ovs,user_3cb5a3975c
t1,pb40lyu,user_f95a464046
t1,pb40g60,user_3d90ff0844
t1,pb40ade,user_c170779436
t1,pb405wz,user_c2fbc41025
t1,pb402b7,user_25e8325dcf
t1,pb3zxrk,user_5de1c5a96e
t1,pb3zxo7,user_bea32c118e
t1,pb3zvmr,user_5de1c5a96e
t1,pb3ztr5,user_ac9dc1f4c9
t1,pb3zp9d,user_6b4354781a
t1,pb3zm2d,user_25e8325dcf
t1,pb3zjb1,user_bea32c118e
t1,pb3zdqk,user_fe225f5378
t1,pb3z8nf,user_681cffb916
t1,pb3z6li,user_b7e0c0f144
t1,pb3z5n4,user_ed29a64808
t1,pb3z5fz,user_b0aaf7266e
t1,pb3z4es,user_091e375829
t1,pb3z163,user_6486b4e44d
t1,pb3yx2y,user_ad586b8ec7
t1,pb3yv8j,user_d5f984737f
t1,pb3ytfw,user_8301fa9d1a
t1,pb3yt4b,user_2ad9bb0b87
t1,pb3ypo4,user_2b5f1ff38c
t1,pb3ypls,user_04e98d10b8
t1,pb3yoff,user_bf177c01b3
t1,pb3yjii,user_92cf683db5
t1,pb3yi3u,user_8301fa9d1a
t1,pb3yg61,user_e593865f1a
t1,pb3y4dc,user_ec5abea857
t1,pb3y0eg,user_04e98d10b8
t1,pb3y0dl,user_051d6576e0
t1,pb3xlox,user_8301fa9d1a
t1,pb3xjpv,user_fed5326b2e
t1,pb3xjas,user_2fd4ec01aa
t1,pb3xh06,user_ad586b8ec7
t1,pb3xgeo,user_eb235d2d58
t1,pb3xcg9,user_08b006db6a
t1,pb3xapg,user_67aa446666
t1,pb3x8e0,user_67aa446666
t1,pb3x85f,user_39dc0fb4a8
t1,pb3x5eu,user_c5b42c23b8
t1,pb3x4ns,user_4a255e7f37
t1,pb3wqen,user_d981c0c4bb
t1,pb3wkr4,user_14a606c9a0
t1,pb3wigy,user_899e8cf97f
t1,pb3w59c,user_010fcc21cd
t1,pb3w1mg,user_59447012fe
t1,pb3vwjl,user_5daee229c6
t1,pb3vuik,user_9518b005f9
t1,pb3vtjl,user_287b82e5b4
t1,pb3vkpv,user_9518b005f9
t1,pb3vkg7,user_6986f3eebc
t1,pb3vk5y,user_b7c6a05644
t1,pb3vdow,user_fe225f5378
t1,pb3vbix,user_53126e02f0
t1,pb3vai7,user_6315416ebd
t1,pb3v0dv,user_bf259be0f1
t1,pb3uzkc,user_a7c8d40399
t1,pb3utqb,user_78e03919b5
t1,pb3us6v,user_f881456a7f
t1,pb3uruy,user_1d5231bfb0
t1,pb3uqsc,user_f881456a7f
t1,pb3uqp9,user_bcc2b9c122
t1,pb3up6h,user_9e3d436756
t1,pb3unj1,user_2909e43ec4
t1,pb3un5v,user_1cf33e367d
t1,pb3umu1,user_1cf33e367d
t1,pb3ulxd,user_1cf33e367d
t1,pb3uj74,user_2d422c3081
t1,pb3ui9l,user_6040ad1bc8
t1,pb3ufjl,user_bcc2b9c122
t1,pb3ub65,user_351a2cb931
t1,pb3u643,user_fa43816145
t1,pb3tvju,user_db9072f412
t1,pb3tv0y,user_a36966cc52
t1,pb3tuom,user_881889519b
t1,pb3tn22,user_0f47514705
t1,pb3tkq8,user_482e544b5d
t1,pb3tiyb,user_4a3e58dd38
t1,pb3tddk,user_d981c0c4bb
t1,pb3t9sn,user_2243c93c59
t1,pb3t475,user_482e544b5d
t1,pb5adlz,user_7e82223fd3
t1,pb5acix,user_3481046ccc
t1,pb5aag4,user_b8486a2ea8
t1,pb5a5o5,user_05e9c411ad
t1,pb5a428,user_be3d380f85
t1,pb5a1zl,user_95a70bfc86
t1,pb5a1ra,user_070e592f4e
t1,pb59uv0,user_7f0d598f3c
t1,pb59r5c,user_38ba57ec19
t1,pb59pe6,user_da7aba70b0
t1,pb59ekj,user_8dad200945
t1,pb59dsg,user_b0c0b25cb1
t1,pb59do0,user_d47b33abc8
t1,pb59c58,user_4568f4aae3
t1,pb59bwi,user_496d805dd5
t1,pb59atn,user_782b3aff35
t1,pb598u8,user_7b2cbd4777
t1,pb593hr,user_9753bfbc99
t1,pb5901g,user_9d4fc8c633
t1,pb58v1b,user_1f0eefeeb4
t1,pb58tml,user_f7d336e41c
t1,pb58kxw,user_35fb4e0381
t1,pb58hhm,user_670e1d74b5
t1,pb58f3o,user_a96292978e
t1,pb58drq,user_782b3aff35
t1,pb587fc,user_a6c293ab71
t1,pb586x9,user_26a03d80a8
t1,pb583h8,user_4d3bd4bd40
t1,pb57zyq,user_c9932b3da1
t1,pb57zby,user_5b234688da
t1,pb57xbh,user_ed30ab2948
t1,pb57waa,user_3468668762
t1,pb57ul9,user_080b834197
t1,pb57s1f,user_5b234688da
t1,pb57ojy,user_2470de447f
t1,pb57lbr,user_b623360145
t1,pb57gdf,user_4568f4aae3
t1,pb578vs,user_cc6b9c2e48
t1,pb577i1,user_8345129013
t1,pb57137,user_ed30ab2948
t1,pb56zzp,user_c9d2ab8a2d
t1,pb56zu4,user_e704437a5b
t1,pb56qz0,user_4568f4aae3
t1,pb56kwk,user_ed30ab2948
t1,pb56kam,user_dcdccf98b8
t1,pb56fi6,user_4d82f7b889
t1,pb56eg8,user_2b8000bafc
t1,pb568zc,user_e0752097e8
t1,pb567mr,user_453a557992
t1,pb567is,user_ed1c11e54d
t1,pb563v4,user_1dee59c11b
t1,pb563pv,user_ec318f3d53
t1,pb563hj,user_b623360145
t1,pb55xl6,user_de3501d3e0
t1,pb55uvp,user_8e0b1095ce
t1,pb55ugn,user_ed30ab2948
t1,pb55s59,user_ce6ece541a
t1,pb55rug,user_453a557992
t1,pb55qp6,user_316c19dc02
t1,pb55otl,user_4dc106c8fc
t1,pb55mz9,user_4568f4aae3
t1,pb55m8n,user_ed30ab2948
t1,pb55kcp,user_8ff658ce7a
t1,pb55jqv,user_e0752097e8
t1,pb55jas,user_453a557992
t1,pb55in6,user_806ba8971f
t1,pb55coo,user_75b1334a37
t1,pb557lo,user_d1fd57b750
t1,pb552kn,user_892024e1c0
t1,pb552go,user_8ff658ce7a
t1,pb5505r,user_9ddeb74b2c
t1,pb54zt4,user_803823fe4c
t1,pb54xmz,user_1dee59c11b
t1,pb54x8p,user_19aaa057ad
t1,pb54s1u,user_32419db487
t1,pb54rrt,user_9f63d7c990
t1,pb54qlg,user_64446bde36
t1,pb54okx,user_51678b80bc
t1,pb54jne,user_11a9c9b14b
t1,pb54i17,user_515b97f014
t1,pb54893,user_4568f4aae3
t1,pb545r3,user_e0752097e8
t1,pb53wbh,user_8ff658ce7a
t1,pb53u2j,user_9e57903d9d
t1,pb53rec,user_d69aec6436
t1,pb53m50,user_7b6872e12d
t1,pb53l1u,user_e0752097e8
t1,pb53ifb,user_63f31a9437
t1,pb7ixfn,user_c994daa47d
t1,pb7iv3b,user_e0dcdd9293
t1,pb7is4z,user_e7c6f99159
t1,pb7ipxi,user_b6dd527af9
t1,pb7inpi,user_def384e138
t1,pb7imit,user_3c1e29ea70
t1,pb7ik64,user_fb17e38663
t1,pb7igq0,user_6a2a2f1172
t1,pb7igf0,user_32dbf32dd8
t1,pb7ifp1,user_d7752fe759
t1,pb7idm8,user_ac2794724f
t1,pb7iblx,user_431874fe85
t1,pb7i9wh,user_f1c8319069
t1,pb7i9h5,user_1602e8720d
t1,pb7i2a8,user_74226adb66
t1,pb7hyd0,user_0dcd55c995
t1,pb7hxf2,user_6b5ecf936d
t1,pb7hx37,user_f34f1f46a7
t1,pb7hwdx,user_7fcf9afd6b
t1,pb7hspk,user_eb3fa3d610
t1,pb7hrn3,user_69a605c845
t1,pb7hqkm,user_2172025121
t1,pb7heet,user_fd06b8e332
t1,pb7hdxr,user_4568f4aae3
t1,pb7hd6i,user_3539ff4b6b
t1,pb7h9nk,user_d2510d7d8a
t1,pb7h5rp,user_806ba8971f
t1,pb7h53n,user_3ff2e06c18
t1,pb7h3yi,user_560d796303
t1,pb7h3hr,user_3b180e1a42
t1,pb7h2zb,user_a058fd4f10
t1,pb7h2gb,user_71ab65f3ba
t1,pb7h1b8,user_44e8755d4c
t1,pb7h0cl,user_c39ae6b0bb
t1,pb7gzz6,user_b5e21492ef
t1,pb7gxre,user_a4a77fc098
t1,pb7gtqt,user_5c9ad63e0e
t1,pb7gqmg,user_394cf1f702
t1,pb7gp0s,user_290e10ac6e
t1,pb7gnws,user_0eccc21ef1
t1,pb7gn0y,user_3b180e1a42
t1,pb7gmbe,user_cce84a80b1
t1,pb7gku0,user_6040164288
t1,pb7gkqe,user_d4a2e3010e
t1,pb7gjeq,user_84a8988f1e
t1,pb7gjhd,user_589099c847
t1,pb7gely,user_3d3c23509a
t1,pb7gecu,user_c1716f4baa
t1,pb7ge9p,user_3b180e1a42
t1,pb7g5br,user_22854574cf
t1,pb7g5d1,user_2a3d75fe10
t1,pb7g5aa,user_863b99f306
t1,pb7g51z,user_21ea492894
t1,pb7g3yq,user_995825ae15
t1,pb7g2wz,user_260708fa90
t1,pb7g2kc,user_9f0de0af0b
t1,pb7g12n,user_7b3e209efd
t1,pb7g0gr,user_d60873ba68
t1,pb7fycw,user_159b39d813
t1,pb7fxqi,user_481753c7fd
t1,pb7fxhb,user_7199336621
t1,pb7fx8y,user_3db28a67a0
t1,pb7fx4o,user_b786076ab3
t1,pb7fw3f,user_7b3e209efd
t1,pb7fvbg,user_868a81e81c
t1,pb7fsph,user_3b180e1a42
t1,pb7frqr,user_2f6b00d326
t1,pb7frqv,user_676471fca5
t1,pb7frgr,user_a28d3c5cb9
t1,pb7fqzy,user_21ea492894
t1,pb7fqw9,user_935508c848
t1,pb7fqe5,user_537506b3a2
t1,pb7foix,user_6216507e9f
t1,pb7fodv,user_8852ba680e
t1,pb7fnx6,user_0fb91b8347
t1,pb7fkpp,user_a34e51faba
t1,pb7fkl8,user_6a831614a4
t1,pb7fkat,user_db39f497be
t1,pb7fkcc,user_6b9ebec235
t1,pb7fjzo,user_bf09b51736
t1,pb7fd7c,user_a6accd25fd
t1,pb7fd53,user_ba01a604b6
t1,pb7fblq,user_79fcb59944
t1,pb7fb89,user_21ea492894
t1,pb7fb33,user_151b3c312f
t1,pb7f88q,user_ff3292a099
t1,pb7f7ne,user_cc5e6cf8be
t1,pb7f75z,user_21ea492894
t1,pb7f6d7,user_e9b2f2c500
t1,pb7f5bc,user_ba0ba19bf8
t1,pb9p4hd,user_bc77475e5e
t1,pb9p2n3,user_8d83c61631
t1,pb9p1o9,user_58ca0bdf2c
t1,pb9p1dz,user_d0e733933d
t1,pb9p0kq,user_b4fb45617a
t1,pb9p06r,user_b756581629
t1,pb9oznd,user_eb0d6f13e3
t1,pb9oy2g,user_935a51ac02
t1,pb9ovif,user_4dcc7ec9e4
t1,pb9ou4p,user_f08c93c97b
t1,pb9ou0t,user_a497e002ed
t1,pb9or6i,user_a4306e04da
t1,pb9oprl,user_0f18ae8a34
t1,pb9opov,user_b0e66ba21a
t1,pb9op2q,user_ea7ac491bf
t1,pb9ooue,user_879ddda3f0
t1,pb9onng,user_b6bdf4ce04
t1,pb9ollw,user_a217e125d4
t1,pb9olbh,user_63664a20f4
t1,pb9olcl,user_bd9f9fd89a
t1,pb9ojy2,user_abb9960899
t1,pb9oh2l,user_a4306e04da
t1,pb9ogum,user_c3f1e7eefb
t1,pb9odvp,user_27b97c5490
t1,pb9od1m,user_f08c93c97b
t1,pb9oc7u,user_97bac33bbe
t1,pb9o7a2,user_59c933650c
t1,pb9o58s,user_27b97c5490
t1,pb9o59o,user_818d0523fb
t1,pb9o4xv,user_acd80c2ab5
t1,pb9o4q1,user_d2a84a198f
t1,pb9o29o,user_5853f72e3c
t1,pb9o2bt,user_5d8b463a78
t1,pb9o0bv,user_fde5718b9e
t1,pb9nzx3,user_6837ac798c
t1,pb9nwor,user_63664a20f4
t1,pb9nuw9,user_a3ce2cea4d
t1,pb9nur2,user_c1e57e5977
t1,pb9ntsn,user_06b8d72fd0
t1,pb9ntlb,user_ab94c01618
t1,pb9ntgy,user_3968e5f1ab
t1,pb9noj8,user_b794a175aa
t1,pb9no85,user_6637a06518
t1,pb9nnsm,user_d131186001
t1,pb9nn58,user_a842fdcb44
t1,pb9nlat,user_1e2aeffe22
t1,pb9nkwi,user_6625921202
t1,pb9nkhq,user_7748a356f6
t1,pb9njam,user_63664a20f4
t1,pb9nf7x,user_71bde3ded8
t1,pb9nevv,user_5184559173
t1,pb9ndyi,user_589389ad27
t1,pb9ncit,user_09fbbe2cb6
t1,pb9n9w6,user_09fbbe2cb6
t1,pb9n9ra,user_6c4831108a
t1,pb9n8fa,user_a98f8bfa0c
t1,pb9n5qc,user_244434ed4a
t1,pb9n4ef,user_6846d9cf4b
t1,pb9n4g1,user_09fbbe2cb6
t1,pb9n3qx,user_377ff0a84a
t1,pb9n2fd,user_ee2b283d1f
t1,pb9n275,user_6216507e9f
t1,pb9mzc7,user_404ec18d0b
t1,pb9myii,user_a842fdcb44
t1,pb9mvfh,user_0ae83782ad
t1,pb9mulh,user_63664a20f4
t1,pb9mu9i,user_ff29b2f15d
t1,pb9mqgp,user_048d8e125e
t1,pb9mq5i,user_09fbbe2cb6
t1,pb9moew,user_739900f342
t1,pb9mm1y,user_9c12a8b370
t1,pb9mllz,user_65b4cc5aef
t1,pb9mkyl,user_1ffa234830
t1,pb9mkso,user_739900f342
t1,pb9mgrt,user_746079b91e
t1,pb9mgjc,user_9c942e4e0c
t1,pb9mfte,user_8cf421d353
t1,pb9mf6s,user_739900f342
t1,pb9mf38,user_63664a20f4
t1,pb9meov,user_aaee4fbbb3
t1,pb9mcgm,user_739900f342
t1,pb9mbdc,user_09fbbe2cb6
t1,pb9ma4v,user_817decd0d7
t1,pb9m9wr,user_6837ac798c
t1,pb9m9hh,user_427db7ee44
t1,pb9m56s,user_09fbbe2cb6
t1,pb9m3vq,user_b60f60af31
t1,pb9m2zq,user_0fee007a91
t1,pb9m00x,user_ea7ac491bf
t1,pb9lyf1,user_ef1785c80e
t1,pbbbne0,user_cfdebb4110
t1,pbbbgz8,user_e15cf1c31c
t1,pbbbeet,user_3a3e5e81a5
t1,pbbbcv5,user_87e478402f
t1,pbbbb5m,user_171feb4bf7
t1,pbbb9ds,user_7a278ccfc5
t1,pbbb6k3,user_49f9e9e309
t1,pbbb4py,user_4d23613bee
t1,pbbb01o,user_d4e9f43888
t1,pbbazeb,user_985c85e856
t1,pbbaxnh,user_18dd571b62
t1,pbbawl1,user_37d9bd5038
t1,pbbasil,user_789bc124fc
t1,pbbarlg,user_e15cf1c31c
t1,pbbaqtr,user_dd0bd7bdc6
t1,pbbaozo,user_c3569bac71
t1,pbbang1,user_2eb81bd66e
t1,pbbal0r,user_fb17a5e20b
t1,pbbakre,user_71b3cb39ee
t1,pbbak4i,user_2713b8b46b
t1,pbbago9,user_2713b8b46b
t1,pbbafb1,user_301d6ac732
t1,pbbae0f,user_69a605c845
t1,pbba933,user_e15cf1c31c
t1,pbba56s,user_093be4ba66
t1,pbba3vm,user_093be4ba66
t1,pbba173,user_e15cf1c31c
t1,pbba010,user_61da67de10
t1,pbb9xnm,user_19eac2ca2b
t1,pbb9w6d,user_091579ea86
t1,pbb9sya,user_b8df457de7
t1,pbb9r1k,user_2e25380f8d
t1,pbb9qg5,user_26b4c34cbf
t1,pbb9n53,user_32ec968430
t1,pbb9mjr,user_61da67de10
t1,pbb9mlm,user_752cd8ab22
t1,pbb9kcn,user_b153081f31
t1,pbb9jqd,user_ec11cd843c
t1,pbb9jbw,user_a842fdcb44
t1,pbb9ig1,user_bd02220c13
t1,pbb9deb,user_0ece201c27
t1,pbb9cio,user_14dad404d6
t1,pbb94hh,user_173ddfeb98
t1,pbb93va,user_098f3c5ffb
t1,pbb90u2,user_c3569bac71
t1,pbb8zkq,user_8e7d65ff80
t1,pbb8yi7,user_7e388bd15a
t1,pbb8yej,user_80d4a0bc06
t1,pbb8wrk,user_80d4a0bc06
t1,pbb8wew,user_d3f60a68b9
t1,pbb8upu,user_f3ffdcb676
t1,pbb8ub1,user_2187a67c8b
t1,pbb8tha,user_4ea0652210
t1,pbb8teo,user_7e388bd15a
t1,pbb8qyz,user_e15cf1c31c
t1,pbb8ql8,user_b4ff7d1694
t1,pbb8qmo,user_aa627bc929
t1,pbb8n4j,user_9e1a26c2e1
t1,pbb8m3p,user_54666d5373
t1,pbb8ljy,user_a045b40759
t1,pbb8kj0,user_d3f60a68b9
t1,pbb8k6x,user_d1d3262180
t1,pbb8jlx,user_a842fdcb44
t1,pbb8is7,user_a725569294
t1,pbb8fk5,user_45bb378d2f
t1,pbb8ffo,user_b00b71b361
t1,pbb8e7k,user_7e388bd15a
t1,pbb8e31,user_f4b9b5a4e3
t1,pbb8bu0,user_7e388bd15a
t1,pbb8ah8,user_f4b9b5a4e3
t1,pbb8abe,user_16cf238e7a
t1,pbb89j6,user_7e94ec8364
t1,pbb89cf,user_7e388bd15a
t1,pbb88k6,user_e450043a70
t1,pbb83j6,user_f4b9b5a4e3
t1,pbb82oo,user_6455fef2e0
t1,pbb82ho,user_37c2489717
t1,pbb81rj,user_b00b71b361
t1,pbb80mn,user_f4b9b5a4e3
t1,pbb7yfb,user_ba27cb1189
t1,pbb7xb7,user_482e544b5d
t1,pbb7wim,user_4d69a6e24d
t1,pbb7we9,user_33c1cd48c4
t1,pbb7ss2,user_40cb0b28ac
t1,pbb7qrf,user_ee276af38f
t1,pbb7qli,user_386810f91a
t1,pbb7nhp,user_b06d031849
t1,pbcl6tj,user_96c2c4f6e3
t1,pbcl4my,user_0ce4f97063
t1,pbcl2g6,user_1eb7642cf5
t1,pbcl230,user_477edaba51
t1,pbckyhk,user_38a854e13a
t1,pbcku4g,user_cdb830b220
t1,pbckq11,user_05b811647e
t1,pbckoz8,user_1968c208f4
t1,pbcknut,user_8162d5ae42
t1,pbckmo1,user_12c8e92db7
t1,pbckmbp,user_8a8687e57a
t1,pbckkce,user_96c2c4f6e3
t1,pbckjvx,user_ddfbc92490
t1,pbckhcn,user_8506b34a58
t1,pbckgow,user_2060143f92
t1,pbckfr0,user_34c1a1b837
t1,pbckd0y,user_0d258648d2
t1,pbckam8,user_baa86e4950
t1,pbcka8g,user_96c2c4f6e3
t1,pbck9mn,user_a34e51faba
t1,pbck976,user_f73a7653b1
t1,pbck7zq,user_d131186001
t1,pbck5xk,user_b3a8c04f1b
t1,pbck5vb,user_b6788af815
t1,pbck58k,user_c40f0c02b7
t1,pbck36v,user_777adc59a8
t1,pbcjyt3,user_21970ff20e
t1,pbcjyqt,user_da64ea6e06
t1,pbcjyhf,user_109d91c935
t1,pbcjyfo,user_6b308e77f6
t1,pbcjx0u,user_c7a1be6b16
t1,pbcjvm7,user_6c17d3cf5c
t1,pbcjtlm,user_2820c65c60
t1,pbcjteq,user_4d3bd4bd40
t1,pbcjql0,user_3f6f5b9497
t1,pbcjpi4,user_b8e24b7173
t1,pbcjnd2,user_0f1ca38ac5
t1,pbcjmmq,user_57ba25de40
t1,pbcjkud,user_2163c07394
t1,pbcjhvl,user_c7a1be6b16
t1,pbcjcl6,user_99b8bdb1e5
t1,pbcjc8v,user_a16623d81d
t1,pbcjbx8,user_9bd3bdbae3
t1,pbcjbks,user_176cb85056
t1,pbcj82o,user_b0e696054a
t1,pbcj6hs,user_8f36b6cfc2
t1,pbcj51a,user_8162d5ae42
t1,pbcj43i,user_ee03a60e76
t1,pbcj3ms,user_c4cdb10ab8
t1,pbcj2c2,user_0a0060cd6a
t1,pbcj1yu,user_b56874e04e
t1,pbcj1xs,user_5827f72c95
t1,pbcj1l4,user_1f1a1b566a
t1,pbcj15p,user_ac820d2f55
t1,pbciz0r,user_ca59ccb11a
t1,pbciym0,user_b13de4847d
t1,pbcixng,user_150ce96a30
t1,pbciwsr,user_f42043864d
t1,pbciwkt,user_4d82f7b889
t1,pbciwlt,user_e01716ad0f
t1,pbcivyx,user_32f14bf9d6
t1,pbciv9f,user_300c10aa9b
t1,pbcit1r,user_19d0ac176e
t1,pbcirnp,user_7968aab93b
t1,pbciqwu,user_32f14bf9d6
t1,pbciqvb,user_01e2157016
t1,pbcioqh,user_ef269f6289
t1,pbcio0z,user_8b4d99288f
t1,pbcings,user_7d1f691981
t1,pbcimj5,user_db4ef6884f
t1,pbcim9d,user_416f894218
t1,pbcilxq,user_78f7b39642
t1,pbcik1u,user_2995c5acca
t1,pbcii4y,user_8f36b6cfc2
t1,pbcihoh,user_805e5fe7c2
t1,pbciggc,user_6eb95ea721
t1,pbcig5m,user_24af08c3e5
t1,pbcieq5,user_d6aac15d20
t1,pbcid9f,user_b539d387ce
t1,pbcia7w,user_dc1efc84ff
t1,pbci9fi,user_551899ee37
t1,pbci4f4,user_bd1d0f4095
t1,pbchutr,user_50201ce08e
t1,pbchsjb,user_94e939d668
t1,pbchsbe,user_21970ff20e
t1,pbchqrc,user_fb79b4d6b5
t1,pbchqfa,user_c60522369d
t1,pbchm37,user_624daae015
t1,pbchlqa,user_41d6190333
t1,pbeshfd,user_ef8b69e597
t1,pbesfw9,user_711beb9528
t1,pbesfxs,user_9943e3f2ea
t1,pbesf68,user_f881456a7f
t1,pbesel6,user_d3a3305e3f
t1,pbesd1v,user_4556e12100
t1,pbesbb8,user_67ddeb29d5
t1,pbesan9,user_479bd12ffb
t1,pbes8ox,user_414c20aa5d
t1,pbes6xh,user_4272024c28
t1,pbes4dt,user_19f2161e26
t1,pberyje,user_55d82904f2
t1,pberw15,user_5e4821fd25
t1,pberttr,user_450d58db01
t1,pbersr2,user_2b8000bafc
t1,pberr5o,user_3d8f9bfb2a
t1,pberpcx,user_fed46c45d6
t1,pberoxc,user_e38edd4b7e
t1,pberoar,user_9f63d7c990
t1,pberivr,user_fe506a2f1d
t1,pberhl9,user_fd048962c2
t1,pberhaa,user_6604e43ffd
t1,pberh4t,user_dbac7e3852
t1,pberftz,user_125470f289
t1,pberfie,user_3c2c684df5
t1,pberfjk,user_be64071183
t1,pberfej,user_f2f4babd3a
t1,pbereqa,user_fed46c45d6
t1,pberefr,user_1bda1ada04
t1,pbere92,user_2dac8146a3
t1,pberdne,user_68a8fd9621
t1,pberd5h,user_f62488593c
t1,pberd5p,user_67ddeb29d5
t1,pberd09,user_5144e9cc3e
t1,pberd0l,user_1ca2f6f785
t1,pberalx,user_171feb4bf7
t1,pbera7r,user_1874da8f19
t1,pber99r,user_b52ef720a3
t1,pber6zg,user_9d8c108d73
t1,pber3if,user_893845e8b9
t1,pber1zn,user_450d58db01
t1,pber1qh,user_691fec972e
t1,pber0iq,user_902a9f6d6e
t1,pber057,user_b4b7707680
t1,pbeqxh7,user_56df71624a
t1,pbequ9b,user_ce8735cf7f
t1,pbeqrsx,user_1bda1ada04
t1,pbeqrt0,user_0880101713
t1,pbeqpwg,user_3c2c684df5
t1,pbeqn8a,user_57d3a46f21
t1,pbeqjtl,user_68eb267546
t1,pbeqj2y,user_97be89bb4f
t1,pbeqiiv,user_45586fb882
t1,pbeqf4g,user_414c20aa5d
t1,pbeqf3a,user_73856520ac
t1,pbeqdp4,user_b57b0757d4
t1,pbeqcrw,user_3ff2e06c18
t1,pbeqag1,user_92e147d4a8
t1,pbeq9k5,user_87662f330e
t1,pbeq8xa,user_6c6b9fe487
t1,pbeq7pv,user_2a8c1f3e1e
t1,pbeq71y,user_c7aeffd94c
t1,pbeq3yp,user_898f94ac72
t1,pbeq39c,user_ce6ece541a
t1,pbeq0jv,user_f04d8af35e
t1,pbepzq8,user_55d82904f2
t1,pbepxou,user_c09470a2f1
t1,pbepx2v,user_30b33f3222
t1,pbepusp,user_92c771506b
t1,pbepukb,user_ea7ac491bf
t1,pbeptj0,user_5cb244166f
t1,pbeptfa,user_5f956a6973
t1,pbepqsy,user_35ce2a8bae
t1,pbepq95,user_c7aeffd94c
t1,pbepq3r,user_e3e730a485
t1,pbeppqw,user_2b8000bafc
t1,pbepj38,user_4674a43988
t1,pbeph0c,user_c7aeffd94c
t1,pbepfjo,user_b0fcb1e221
t1,pbepf4b,user_749e61119f
t1,pbepeu1,user_756d5a54b2
t1,pbepewj,user_83e2741a33
t1,pbepcsi,user_9a6b79197f
t1,pbepbsv,user_be53594e09
t1,pbepbk3,user_d36990c2cf
t1,pbepbkg,user_7ad5116d4c
t1,pbep98o,user_68a8fd9621
t1,pbgxewv,user_8442ae7c45
t1,pbgxe8f,user_bea32c118e
t1,pbgxe4f,user_3a55b27ea1
t1,pbgxdmo,user_ddb6278549
t1,pbgx9u3,user_49291aade0
t1,pbgx56p,user_0c002ddbd5
t1,pbgx57b,user_b943c51718
t1,pbgx53t,user_ef086b4edd
t1,pbgx1n4,user_3dc71d3217
t1,pbgx181,user_f9333b25d8
t1,pbgx0q7,user_c729443934
t1,pbgx023,user_eb0d6f13e3
t1,pbgwyml,user_60be1a3905
t1,pbgwxnq,user_c1716f4baa
t1,pbgww1c,user_b452350df0
t1,pbgww0e,user_a23500d3bc
t1,pbgwvrg,user_6837ac798c
t1,pbgwvpq,user_de2c7ed470
t1,pbgwq3b,user_ce8735cf7f
t1,pbgwjc8,user_070e592f4e
t1,pbgwiog,user_d5a9c9913b
t1,pbgwi5z,user_5ccf0ee575
t1,pbgweph,user_e597f16c86
t1,pbgw6vv,user_9c721cc92b
t1,pbgw6p6,user_92c771506b
t1,pbgw43v,user_64fb5f73bd
t1,pbgw2ef,user_3ab128ce65
t1,pbgw0f1,user_d1fd57b750
t1,pbgvzo1,user_d8d913b6b2
t1,pbgvx0c,user_9815d47dda
t1,pbgvwy0,user_ef8b69e597
t1,pbgvwgy,user_3106ea0684
t1,pbgvta2,user_65e7dc7ecb
t1,pbgvrd5,user_49d5dd47f1
t1,pbgvr79,user_fe1f5648e2
t1,pbgvr2n,user_8c42a33b1c
t1,pbgvpwe,user_43b835b3a1
t1,pbgvppf,user_8f6e9dcf4e
t1,pbgvnz8,user_0a42f4acf2
t1,pbgvnfk,user_3dc71d3217
t1,pbgvn2s,user_e49c5d8564
t1,pbgvjks,user_9f5b092b19
t1,pbgvgf8,user_df511e7d25
t1,pbgvfd7,user_0c7f80dd8c
t1,pbgv6tq,user_51fa29de0a
t1,pbgv4vl,user_0c002ddbd5
t1,pbgv4ls,user_c1941eb53e
t1,pbguz1d,user_e4f6e86548
t1,pbguy3l,user_a8a59d0699
t1,pbguwxm,user_cef0d029d9
t1,pbguwak,user_f6a6a49ca4
t1,pbguv73,user_69741d19b7
t1,pbgutka,user_4950821a5c
t1,pbguof3,user_ef8b69e597
t1,pbguo5e,user_9255e0faca
t1,pbgumja,user_6837ac798c
t1,pbgukj4,user_950563df3b
t1,pbguig0,user_5193386d7f
t1,pbgugyy,user_ce0af4282b
t1,pbguggy,user_b3ed5f6d0b
t1,pbgugep,user_be1c643d23
t1,pbgueye,user_fb0967f7bb
t1,pbguedt,user_7136198d4f
t1,pbguaof,user_bf664f1598
t1,pbguaiq,user_8909fb1833
t1,pbgu962,user_478e7c3c98
t1,pbgu8mz,user_4e03c92bdb
t1,pbgu8lv,user_43b835b3a1
t1,pbgu6qa,user_81bd7cb3e0
t1,pbgu5xg,user_77527e57e8
t1,pbgu5go,user_4807d9f4ce
t1,pbgu4lq,user_e452b6495d
t1,pbgu4ks,user_1742551ad0
t1,pbgu3ml,user_478e7c3c98
t1,pbgu2nu,user_db58e8a25d
t1,pbgtzb8,user_1742551ad0
t1,pbgtxyn,user_38ac0d5a1b
t1,pbgtxqu,user_672a0c2def
t1,pbgtumb,user_3d36b97183
t1,pbgtrs4,user_b54b02e370
t1,pbgtonf,user_4a33dbb4f4
t1,pbgto90,user_05d30f1638
t1,pbgtmc7,user_1742551ad0
t1,pbgtkhx,user_57df099868
t1,pbgtjwo,user_33c8137711
t1,pbgtgbo,user_b74e69f4cf
t1,pbgt9zz,user_2569792514
t1,pbgt6r2,user_15fdce2d52
t1,pbij1vd,user_3bd54ee7b1
t1,pbij1r2,user_903ad582fc
t1,pbij0ht,user_cffdb0c4ff
t1,pbiiwyr,user_db58e8a25d
t1,pbiivpn,user_d9dc81d1f3
t1,pbiiv9k,user_bc165b1d0b
t1,pbiiusk,user_640afd8640
t1,pbiipxv,user_50b4b4901c
t1,pbiipic,user_5332e19433
t1,pbiioy7,user_da64ea6e06
t1,pbiioo6,user_408a8bf964
t1,pbiiof1,user_e4f73fe7c8
t1,pbiio1c,user_3e0f376482
t1,pbiinx9,user_5332e19433
t1,pbiimi2,user_3b620d0dea
t1,pbiimgn,user_27a4747a40
t1,pbiilrd,user_f4d5676678
t1,pbiiky2,user_5332e19433
t1,pbiihjq,user_2bb4e437cc
t1,pbiihix,user_babfbb7005
t1,pbiiglt,user_0641ce0530
t1,pbiifnk,user_b2e90905dc
t1,pbiifab,user_8a4883e46b
t1,pbiidn3,user_d07b18907a
t1,pbiid0q,user_266041e0dc
t1,pbiicxk,user_02eb384fc3
t1,pbiibvz,user_7575261037
t1,pbiib2t,user_9ad4f7e305
t1,pbii9qo,user_6b9ebec235
t1,pbii9ed,user_85fe9a31ab
t1,pbii8na,user_f45e507f18
t1,pbii7ct,user_005b2cae15
t1,pbii5xz,user_6b9ebec235
t1,pbii4ls,user_fc642a3789
t1,pbii0jx,user_f175808859
t1,pbihw4e,user_a4fe42ccfe
t1,pbihvow,user_f175808859
t1,pbihvkr,user_3267e1e0a8
t1,pbihvh6,user_bea32c118e
t1,pbihuzq,user_ec5abea857
t1,pbihusj,user_b99378d335
t1,pbihsva,user_68dafdfbe4
t1,pbihr8i,user_fc79235003
t1,pbihpvu,user_198d5e8f56
t1,pbihpkv,user_b24c674b71
t1,pbihov2,user_40db45ee7e
t1,pbihoh0,user_f175808859
t1,pbihnpw,user_5ba36c52dc
t1,pbihmz5,user_2c39cf0154
t1,pbihm32,user_3db73fd5e9
t1,pbihjc4,user_59e1135186
t1,pbihiry,user_ee6f4410d4
t1,pbihhsv,user_6b9ebec235
t1,pbihgmj,user_dcb95dab02
t1,pbihfvy,user_1301e430ec
t1,pbihfvq,user_76c0101d1e
t1,pbihfl8,user_ff2f475397
t1,pbihe6e,user_735f0f062f
t1,pbihd0u,user_9dcd1f35cb
t1,pbihc42,user_acb52b131e
t1,pbih8v7,user_ba27cb1189
t1,pbih8jx,user_34dbf54b06
t1,pbih80h,user_7920dc9cf6
t1,pbih7bg,user_a4093d2f62
t1,pbih6uz,user_68b027d1a4
t1,pbih5mq,user_f86ee5884e
t1,pbih5bb,user_6a08af97b7
t1,pbih516,user_2b09a59b42
t1,pbih3hx,user_b9b4145bfc
t1,pbih384,user_5e2594bb94
t1,pbih37r,user_dff2b36d4d
t1,pbih1qg,user_ba27cb1189
t1,pbih0uc,user_ec2a41c6f1
t1,pbigz9p,user_760c6433cf
t1,pbigz8o,user_2b2512ca62
t1,pbigy5t,user_a5abf22bac
t1,pbigxwj,user_9912cf8bf1
t1,pbigxo3,user_a14b769df8
t1,pbigxne,user_600a3fce1e
t1,pbigxhp,user_0ede2aec08
t1,pbigv0m,user_ba27cb1189
t1,pbigsak,user_7b4f04c445
t1,pbigrmn,user_a530329d2a
t1,pbigrai,user_d6d68c8737
t1,pbigq67,user_dff2b36d4d
t1,pbigpka,user_6ecb85fee0
t1,pbigogf,user_2b09a59b42
t1,pbign8k,user_786745dd89
t1,pbigmv0,user_266041e0dc
t1,pbjshg0,user_dbac673755
t1,pbjsh5e,user_47c1283c39
t1,pbjsgp9,user_2c6b783b3e
t1,pbjsgcx,user_eded9ac3f3
t1,pbjsfsq,user_cc347f1803
t1,pbjsf4z,user_f15001bf66
t1,pbjsexe,user_a673159600
t1,pbjsexc,user_1c5962aff8
t1,pbjsec8,user_f4c3896511
t1,pbjsdta,user_964a1f1ffa
t1,pbjscqo,user_2a67d1f625
t1,pbjsawv,user_4eef4a3052
t1,pbjs9x5,user_dbac673755
t1,pbjs8nd,user_7004f72b44
t1,pbjs7ah,user_686f4d6bda
t1,pbjs6bn,user_0543a38439
t1,pbjs67g,user_d1efb72e81
t1,pbjs4ge,user_9a27044c51
t1,pbjs40r,user_1449242373
t1,pbjrze6,user_11b04d999d
t1,pbjry06,user_d1ee105c01
t1,pbjrvpk,user_dbeda6c299
t1,pbjrttk,user_016e58eb16
t1,pbjrs48,user_e92b869a94
t1,pbjrqw5,user_f021cd0c2c
t1,pbjrpml,user_b57b0757d4
t1,pbjrpdc,user_92e3f2f89f
t1,pbjroke,user_92d9ab88d2
t1,pbjri77,user_90b83d2046
t1,pbjrh8f,user_e0b7b20e01
t1,pbjrh4n,user_7901a55b86
t1,pbjrgao,user_3db73fd5e9
t1,pbjrfhd,user_dbac673755
t1,pbjrf19,user_56506b29bb
t1,pbjr7dk,user_612f1462e2
t1,pbjr6hl,user_1742551ad0
t1,pbjr3oo,user_50adba64cf
t1,pbjr2y8,user_fbedcb4b06
t1,pbjr0ix,user_807d176748
t1,pbjr059,user_c4221589c1
t1,pbjqys7,user_c235d0cf61
t1,pbjqxnm,user_425b5ddeb8
t1,pbjqwmg,user_3481046ccc
t1,pbjqwb7,user_c813e6e3d2
t1,pbjqvgz,user_49885f4af8
t1,pbjqv94,user_b05f6d5e4a
t1,pbjqt67,user_0ea37aff83
t1,pbjqs9l,user_414c20aa5d
t1,pbjqp7h,user_8e73293f1e
t1,pbjqotp,user_268395b624
t1,pbjqlgl,user_f021cd0c2c
t1,pbjqkqh,user_3d946d189e
t1,pbjqkcr,user_8c8fa8bda5
t1,pbjqjvk,user_18c110edfb
t1,pbjqjk0,user_50e77969f4
t1,pbjqiwj,user_c813e6e3d2
t1,pbjqikm,user_26f53db55d
t1,pbjqh49,user_f9439a378d
t1,pbjqexm,user_ffed1fd2f6
t1,pbjqcva,user_d1ba81b4de
t1,pbjqcje,user_9e98ec826e
t1,pbjqc52,user_0bf0f38bfe
t1,pbjqbqv,user_171feb4bf7
t1,pbjqbig,user_0c42e48554
t1,pbjqatl,user_d968329bfa
t1,pbjq9v0,user_a6618ef444
t1,pbjq9pa,user_c813e6e3d2
t1,pbjq6qj,user_c4db40548c
t1,pbjq6ez,user_8c8fa8bda5
t1,pbjq6bz,user_cc27a9dbc1
t1,pbjq68w,user_0bf0f38bfe
t1,pbjq3tc,user_a11301f033
t1,pbjq16i,user_b05f6d5e4a
t1,pbjq0vz,user_0a92f904cb
t1,pbjpzep,user_8f81c31141
t1,pbjpxfk,user_1738db0172
t1,pbjpx0a,user_7b1deb5e7d
t1,pbjpwpv,user_739cd24acb
t1,pbjpvo4,user_8c8fa8bda5
t1,pbjpvco,user_cc27a9dbc1
t1,pbjpv7x,user_8573a0de66
t1,pbjpv6s,user_f021cd0c2c
t1,pbjpsjd,user_63b359b1e1
t1,pbjprqu,user_d968329bfa
t1,pbjppjb,user_461ce6cd93
t1,pbjpp6f,user_103b94244b
t1,pbjpo5q,user_5987c2c44b
t1,pbjpm7q,user_6ee4358e1d
t1,pbm0ut5,user_b74e69f4cf
t1,pbm0rta,user_6140e08904
t1,pbm0orv,user_bc788e0052
t1,pbm0o7i,user_bdc3cbeeff
t1,pbm0ks8,user_49e8fb9d89
t1,pbm0in3,user_695bdf88d0
t1,pbm0ihm,user_67232669a8
t1,pbm0g3g,user_9255f0a458
t1,pbm0fsp,user_447eef933d
t1,pbm0c1h,user_24384eb25f
t1,pbm08fo,user_733a4c3210
t1,pbm0538,user_d571084d5a
t1,pbm0356,user_a7186065c0
t1,pblzz7h,user_733a4c3210
t1,pblzxp9,user_16670ee1cb
t1,pblzwkb,user_2b8000bafc
t1,pblzuwq,user_c66474a42e
t1,pblzsoj,user_ea7ac491bf
t1,pblzsnl,user_cc8d4b650f
t1,pblzsme,user_aa3f28b112
t1,pblzsmi,user_44823f712c
t1,pblzsga,user_50bd46f697
t1,pblzs8c,user_2c57f8f6fd
t1,pblzqp5,user_5ca3ea4251
t1,pblzpk1,user_c1716f4baa
t1,pblzope,user_eb9a16545e
t1,pblzlcc,user_c5b42c23b8
t1,pblzlbd,user_e3ca346358
t1,pblzj9o,user_171feb4bf7
t1,pblzhui,user_c66474a42e
t1,pblzgdm,user_2f4aa34b00
t1,pblzez2,user_0de2a80141
t1,pblzef2,user_23e46e9022
t1,pblzdpj,user_efceecd08b
t1,pblzd5i,user_d617f7317d
t1,pblzaew,user_d18c7aaf0a
t1,pblz9nm,user_91cb45931e
t1,pblz77x,user_45d62e12f7
t1,pblz6jt,user_9035592387
t1,pblz657,user_6f355fd2c6
t1,pblz4x2,user_171feb4bf7
t1,pblz38u,user_171feb4bf7
t1,pblz06n,user_172b71b6aa
t1,pblyzog,user_c74476774f
t1,pblyz6w,user_d617f7317d
t1,pblyxn6,user_5453e97414
t1,pblyxfw,user_5503d447d1
t1,pblytvt,user_74226adb66
t1,pblytxb,user_893bd662b8
t1,pblyt48,user_4f805047a9
t1,pblyssv,user_48060d904a
t1,pblysjn,user_1771165d6f
t1,pblyrv7,user_0d571de66c
t1,pblyqzq,user_eacccc5161
t1,pblyq6y,user_7413b9cc47
t1,pblyl86,user_443872a9d2
t1,pblyl60,user_d36990c2cf
t1,pblyjg7,user_fc31a73256
t1,pblyhwf,user_1f1a1b566a
t1,pblyhpb,user_569388b4d1
t1,pblygc4,user_05a6dc38c0
t1,pblygap,user_ed90196a00
t1,pblyfb8,user_b5963cea53
t1,pblyehz,user_6b2ca326bb
t1,pblybxz,user_589bb26d5d
t1,pblyb69,user_171feb4bf7
t1,pbly8wv,user_c66d733237
t1,pbly8qw,user_08c19079cb
t1,pbly8he,user_9cd39b1d81
t1,pbly8bq,user_171feb4bf7
t1,pbly6lb,user_a4a77fc098
t1,pbly6ho,user_697562d4ed
t1,pbly6a8,user_0d1c8569d0
t1,pbly5fy,user_fcd2912780
t1,pbly3yu,user_a362d631e3
t1,pbly1m1,user_a57791492d
t1,pbly1l1,user_7c3c2ce486
t1,pbly07d,user_2172025121
t1,pblxzn6,user_a746d5f43e
t1,pblxzgv,user_171feb4bf7
t1,pblxy0a,user_96022758c2
t1,pblxpvf,user_9f11741fce
t1,pblxpsv,user_3fb2e5d273
t1,pblxp64,user_3716f41b75
t1,pblxo7d,user_2d48dd06c7
t1,pblxlq9,user_1771165d6f
t1,pblxl20,user_770b8b3ccf
t1,pblxkzi,user_7743cda190
t1,pblxkpn,user_18233a52af
t1,pbo62vg,user_df408aaff9
t1,pbo62j5,user_0425add983
t1,pbo62ca,user_1e2ea844d1
t1,pbo61sl,user_0806397aaa
t1,pbo5zsu,user_9229ab6638
t1,pbo5zjv,user_1a583d0871
t1,pbo5zcm,user_1e2ea844d1
t1,pbo5ym2,user_0425add983
t1,pbo5wpy,user_89c2dbe7ab
t1,pbo5v5e,user_3f9fcfc7c1
t1,pbo5v3g,user_8a952093ed
t1,pbo5un4,user_d950f9f856
t1,pbo5tdx,user_324ad91734
t1,pbo5qm9,user_2f214012bc
t1,pbo5nnq,user_f4321f30cb
t1,pbo5lde,user_37e64be49f
t1,pbo5kel,user_fea9eeb5e0
t1,pbo5jth,user_5f5dadf828
t1,pbo5jqz,user_adc33ee99f
t1,pbo5in4,user_3f9fcfc7c1
t1,pbo5f3q,user_f310d6b3dc
t1,pbo5eez,user_f9d4f29c4b
t1,pbo5e6u,user_d0fcb6df74
t1,pbo5dls,user_c235d0cf61
t1,pbo5cgy,user_9e3d436756
t1,pbo5bt8,user_7fca8a8e29
t1,pbo5awv,user_57a89d9848
t1,pbo5aik,user_32d26d1a02
t1,pbo5a6g,user_a906203410
t1,pbo59ae,user_bf4fb8bb39
t1,pbo58bl,user_827abb5e9f
t1,pbo576x,user_37a1804d94
t1,pbo570j,user_1ffa234830
t1,pbo535f,user_99ae43a87c
t1,pbo52t5,user_9e3d436756
t1,pbo5152,user_0c606a6be3
t1,pbo511k,user_e024fc7b89
t1,pbo4yjz,user_716f0643e4
t1,pbo4x8z,user_dd240a02f0
t1,pbo4vsn,user_df3f1daac9
t1,pbo4vf1,user_adc33ee99f
t1,pbo4svs,user_f472363d35
t1,pbo4rnp,user_bf4fb8bb39
t1,pbo4r5p,user_62f8c15c4d
t1,pbo4nq2,user_7c60bba052
t1,pbo4nbt,user_c735d38363
t1,pbo4n31,user_e0ffd35b31
t1,pbo4n1p,user_0fb91b8347
t1,pbo4mk5,user_ef1922b046
t1,pbo4mhb,user_e384eb7438
t1,pbo4lb8,user_7aceeb0e6c
t1,pbo4kp7,user_c0aa49627b
t1,pbo4jyb,user_0262f565b7
t1,pbo4eg2,user_09957c1371
t1,pbo4dwi,user_46c12a357f
t1,pbo4d76,user_7c5e71f62c
t1,pbo4b8m,user_9e3d436756
t1,pbo4agh,user_9912cf8bf1
t1,pbo4a1p,user_3e2fba5c39
t1,pbo49ip,user_0811050d14
t1,pbo4809,user_778dc80c87
t1,pbo46zq,user_2b8000bafc
t1,pbo457q,user_a2323bb807
t1,pbo44s7,user_e38edd4b7e
t1,pbo41u8,user_f6919aa05e
t1,pbo40vd,user_27d79c40f7
t1,pbo405x,user_1279dd73df
t1,pbo3zyy,user_47e142c64b
t1,pbo3z1s,user_1b29b6bed9
t1,pbo3wry,user_5f5dadf828
t1,pbo3wo0,user_d8088dcefb
t1,pbo3roq,user_c71dc2c80e
t1,pbo3pw8,user_3750bac540
t1,pbo3oy2,user_9ab1ddb1ec
t1,pbo3n5r,user_56126d54b3
t1,pbo3m89,user_769c69455b
t1,pbo3ly2,user_c71dc2c80e
t1,pbo3lvw,user_a906203410
t1,pbo3lux,user_5f5dadf828
t1,pbo3ll3,user_03a1b29afb
t1,pbo3l49,user_5f3cb70651
t1,pbo3jgy,user_84b0211bd3
t1,pbo3ff9,user_04b6a2207d
t1,pbo3f5t,user_0589060c09
t1,pbo3b9g,user_699f9d80a3
t1,pbo3aot,user_04b6a2207d
t1,pbo3957,user_622c984b49
t1,pbpro9k,user_a362c4f99c
t1,pbpriuc,user_0203b92f49
t1,pbpribq,user_efba4d1f4b
t1,pbprh5x,user_1f8d1cc32f
t1,pbprgef,user_bb2530d2a8
t1,pbprgbl,user_6ed9468e1b
t1,pbprdh2,user_efa96b3a4e
t1,pbprc4g,user_4d09e97210
t1,pbprbjj,user_2febb245d9
t1,pbpr7eb,user_3f03bcee15
t1,pbpr6pi,user_2e9a9ec1a8
t1,pbpr6hj,user_7b3785283b
t1,pbpr5cb,user_0ab2dbab31
t1,pbpr4ny,user_0179bb8fe8
t1,pbpr2ip,user_4ebba76cff
t1,pbpr2fm,user_173ddfeb98
t1,pbpr1zw,user_9723ca109b
t1,pbpr0qd,user_47f3583db5
t1,pbpr0oy,user_cf509943fb
t1,pbpqwdu,user_8c9dac3ac1
t1,pbpqw3t,user_5d08e3c619
t1,pbpqunf,user_25e8325dcf
t1,pbpqum1,user_0203b92f49
t1,pbpqt1w,user_e6ddb0b41b
t1,pbpqs0p,user_25e8325dcf
t1,pbpqrhn,user_2562b59e2e
t1,pbpqqug,user_25e8325dcf
t1,pbpqq5v,user_25e8325dcf
t1,pbpqpgd,user_1e99d80dcf
t1,pbpqnv8,user_8bc113a5fd
t1,pbpqmqj,user_880922a68d
t1,pbpqlkn,user_25e8325dcf
t1,pbpqlfu,user_3c8251f424
t1,pbpqlbb,user_e6ddb0b41b
t1,pbpqkcr,user_0d1e830c59
t1,pbpqj8p,user_1e99d80dcf
t1,pbpqh6n,user_d9be43736c
t1,pbpqbl2,user_e3b59bc7a2
t1,pbpq9q0,user_54aa7874ed
t1,pbpq45m,user_74226adb66
t1,pbpq3ls,user_b550522253
t1,pbpq2r4,user_28ae42ae61
t1,pbpq295,user_1ff5a8ec79
t1,pbppw3w,user_557dc254c2
t1,pbppslw,user_074bf8d948
t1,pbppnea,user_1f5ca54d19
t1,pbppmmf,user_8d13a6618b
t1,pbppl0g,user_c0ccb152d6
t1,pbppitp,user_03dd888ab6
t1,pbpphwg,user_ff70703492
t1,pbppbd7,user_97f79797f6
t1,pbppb20,user_5399d4a55a
t1,pbppatc,user_77805d4247
t1,pbppamh,user_6f76869151
t1,pbppacb,user_5399d4a55a
t1,pbpp6cg,user_ec5abea857
t1,pbpp624,user_ae228928e2
t1,pbpp4o5,user_77805d4247
t1,pbpp3qf,user_47ff3872eb
t1,pbpp2lx,user_f17fe4cc2d
t1,pbpouzs,user_698f49c542
t1,pbpoumw,user_6cec30c0da
t1,pbporki,user_259ddb8f8f
t1,pbpoph6,user_5e188748d3
t1,pbpopa5,user_23ba974125
t1,pbpooxl,user_1f455acff0
t1,pbpoomn,user_a7a34de3a6
t1,pbpomlh,user_259ddb8f8f
t1,pbpomkb,user_0044e5e420
t1,pbpokwh,user_23ba974125
t1,pbpoiha,user_924879b539
t1,pbpoid3,user_2dc084ad54
t1,pbpogqj,user_b07763d21a
t1,pbpogk6,user_ecc7c069fe
t1,pbpocrh,user_f6a6a49ca4
t1,pbpobcn,user_a37ba1e9fc
t1,pbpo8qk,user_a37ba1e9fc
t1,pbpo7bm,user_e92b869a94
t1,pbpo6ku,user_d943466e41
t1,pbpo6c2,user_0a404159f1
t1,pbpo26n,user_0a404159f1
t1,pbpnzgj,user_79610acee7
t1,pbpnz9i,user_ba27cb1189
t1,pbpny5i,user_268a14ea96
t1,pbpnvk8,user_cce84a80b1
t1,pbpnvfp,user_99002f9aa3
t1,pbpnrhm,user_c934a6a837
t1,pbpnp4e,user_b0444f4822
t1,pbpnmb8,user_816c446ccd
t1,pbr1hzu,user_9a6774ad2f
t1,pbr1gd1,user_88346b1bc0
t1,pbr1dws,user_0bcc9b7b77
t1,pbr1dht,user_c18e302689
t1,pbr1dbv,user_586172df4f
t1,pbr1cpb,user_82346c6980
t1,pbr1biz,user_586172df4f
t1,pbr1b8u,user_8e73293f1e
t1,pbr1agj,user_586172df4f
t1,pbr1a8v,user_b8f64ec883
t1,pbr18t7,user_c18e302689
t1,pbr168x,user_46c4690cec
t1,pbr12z9,user_efa6075370
t1,pbr12tq,user_d60873ba68
t1,pbr12dn,user_c0036e9faa
t1,pbr11rs,user_b902ab7ad1
t1,pbr0zf9,user_a8d2d46c5d
t1,pbr0xe9,user_0746c9fb19
t1,pbr0vhg,user_0bcc9b7b77
t1,pbr0vfn,user_979a0857dc
t1,pbr0rit,user_f868ba3a4a
t1,pbr0pm8,user_d60873ba68
t1,pbr0ph0,user_a0469e38ed
t1,pbr0ot0,user_2ef9abd2e5
t1,pbr0mpg,user_84ddaab773
t1,pbr0lml,user_585fe3fdbd
t1,pbr0l3t,user_bf404cbd3f
t1,pbr0ju7,user_b8f64ec883
t1,pbr0im0,user_ce4538af1c
t1,pbr0gfb,user_62b3e40202
t1,pbr0fy2,user_c18e302689
t1,pbr0flw,user_d60873ba68
t1,pbr0awp,user_c0036e9faa
t1,pbr0ava,user_04370af9b6
t1,pbr0a89,user_72bd2e290d
t1,pbr0a5t,user_a30f7057dc
t1,pbr08sd,user_fc38a7c887
t1,pbr08q7,user_04370af9b6
t1,pbr07qk,user_a9a836b858
t1,pbr062x,user_a11b890c16
t1,pbr05cc,user_fc38a7c887
t1,pbr04xl,user_ad2c908d3b
t1,pbr03ib,user_d0754ecf6c
t1,pbr035l,user_bab423e59f
t1,pbr012r,user_d8e9ec2c52
t1,pbr00ye,user_c084e9ddb3
t1,pbqzzz4,user_82346c6980
t1,pbqzzea,user_494fb6b027
t1,pbqzy8a,user_585fe3fdbd
t1,pbqzxtn,user_a9a836b858
t1,pbqzxl2,user_a11b890c16
t1,pbqzxjf,user_7d6313c726
t1,pbqzx2h,user_bc746c356c
t1,pbqzwap,user_19db82fa86
t1,pbqzval,user_9855430798
t1,pbqzrup,user_a9a836b858
t1,pbqzrhn,user_25969c32c5
t1,pbqzra4,user_5e236d5055
t1,pbqzql3,user_0746c9fb19
t1,pbqzqaj,user_399c0925ea
t1,pbqzpvm,user_8b62549bfc
t1,pbqzps1,user_092985d879
t1,pbqzpj3,user_585fe3fdbd
t1,pbqzog3,user_edcc27f0d6
t1,pbqzi0j,user_a9a836b858
t1,pbqzhqo,user_31c75b308b
t1,pbqzgh3,user_a11b890c16
t1,pbqzfyd,user_d6ecb21003
t1,pbqzewy,user_5e236d5055
t1,pbqzejf,user_ef1120748d
t1,pbqzaf0,user_a8a56f4e0e
t1,pbqz7bn,user_2d1a422e7c
t1,pbqz5k8,user_12e1b4605c
t1,pbqz4ha,user_5e236d5055
t1,pbqz2e7,user_7bd081a0ac
t1,pbqz2bh,user_fb01fac819
t1,pbqyyih,user_4248c26f8a
t1,pbqyxpl,user_4202d7c199
t1,pbqyx76,user_3fa330ce75
t1,pbqywk1,user_f5c146097d
t1,pbqyun8,user_4ee46444bd
t1,pbqyt4v,user_7a5bc5bd9f
t1,pbqypzt,user_a9a836b858
t1,pbqyp9g,user_45f178333c
t1,pbqyo8i,user_c410a9410b
t1,pbqymng,user_53b4b8db11
t1,pbqylyp,user_69e02214ec
t1,pbqylvp,user_11b809429e
t1,pbqykuz,user_5313278e8e
t1,pbqyks0,user_0a897ef1c7
t1,pbt9s8d,user_7c60bba052
t1,pbt9q4j,user_1398a58279
t1,pbt9oxa,user_d1c007eed1
t1,pbt9mag,user_01e7d924ec
t1,pbt9kiz,user_0044e5e420
t1,pbt9k28,user_c1460e6923
t1,pbt9jrm,user_c0c1a413a2
t1,pbt9fyq,user_4f0fa3907f
t1,pbt9e3g,user_f5fbbc3ca3
t1,pbt9dyc,user_131769a531
t1,pbt9dil,user_7c60bba052
t1,pbt986r,user_7c60bba052
t1,pbt97le,user_266c17ce4d
t1,pbt97bc,user_7f0d598f3c
t1,pbt92y6,user_33cf913c7f
t1,pbt8muo,user_a2d71102e7
t1,pbt8k6q,user_762da0a7aa
t1,pbt8jg5,user_c50ea5e582
t1,pbt8c5v,user_16df816bce
t1,pbt890m,user_9e2b6a82b1
t1,pbt8514,user_4312b8bde5
t1,pbt82dl,user_f1d1772307
t1,pbt7vz6,user_0cd678edf9
t1,pbt7o7z,user_52c01d31dd
t1,pbt79rp,user_624daae015
t1,pbt78e0,user_745d3f4df8
t1,pbt78cx,user_d16569d7bc
t1,pbt77b1,user_7bea40d23f
t1,pbt74ms,user_745d3f4df8
t1,pbt6xkb,user_76234f6f01
t1,pbt6xed,user_55038331ad
t1,pbt6qe1,user_55038331ad
t1,pbt6mf7,user_82479228a3
t1,pbt6lv8,user_c431506271
t1,pbt6g15,user_82479228a3
t1,pbt6dqz,user_bf4ab7aa54
t1,pbt69p3,user_82479228a3
t1,pbt66xd,user_ac6d5e4f86
t1,pbt63iu,user_f714d30adc
t1,pbt5yh6,user_53afb166b9
t1,pbt5wrm,user_bceae63d73
t1,pbt5ppl,user_ca12e3127e
t1,pbt5okv,user_18517328ef
t1,pbt5is1,user_5a6d11c0c4
t1,pbt5d9a,user_b7b9f6718e
t1,pbt58vv,user_18517328ef
t1,pbt58tv,user_2cbd1d4163
t1,pbt567o,user_651a496096
t1,pbt50br,user_dc927c16fd
t1,pbt4x1r,user_fc20f9f38f
t1,pbt4u78,user_a5fe61e807
t1,pbt4t6u,user_48d01696fe
t1,pbt4s5l,user_89270f4d25
t1,pbt4qjq,user_ebd7d97222
t1,pbt4no1,user_eb0d6f13e3
t1,pbt4kur,user_18517328ef
t1,pbt4i97,user_cde5619990
t1,pbt4e7a,user_eb0d6f13e3
t1,pbt4dy6,user_811f204ff7
t1,pbt4cbm,user_bff24ad09c
t1,pbt49mx,user_649196fa6b
t1,pbt41w5,user_f4c3896511
t1,pbt3zz3,user_090adfdff0
t1,pbt3y82,user_0fb91b8347
t1,pbt3vpd,user_a34e51faba
t1,pbt3s0h,user_6f4f7d443d
t1,pbt3qmi,user_0dfa44013f
t1,pbt3qke,user_2d2dfe9fd6
t1,pbt3oix,user_9e3d436756
t1,pbt3mdu,user_d89e734646
t1,pbt3jxz,user_eb6d642ec2
t1,pbt3g78,user_4312b8bde5
t1,pbt3boj,user_a75a19abb0
t1,pbt3afv,user_b4a8d973cd
t1,pbt3abb,user_764999a2aa
t1,pbt37f3,user_fc20f9f38f
t1,pbt375w,user_cfa44bdbd2
t1,pbt2y6l,user_eb0d6f13e3
t1,pbt2xyr,user_b8ad90e729
t1,pbt2wrs,user_04e49635cc
t1,pbt2td1,user_9cb965f96a
t1,pbt2jhx,user_7493ad380c
t1,pbt2dv9,user_eeefc4dbf0
t1,pbt2do8,user_5831a76120
t1,pbt2bc4,user_a75a19abb0
t1,pbt2amq,user_1c1d9aef87
t1,pbt261w,user_a5b895a59e
t1,pbt23w0,user_eb0d6f13e3
t1,pbt22kk,user_5afc1a71f1
t1,pbvf04g,user_f66c412d3f
t1,pbveyqg,user_74cd9cfbb9
t1,pbvey3w,user_82521493f1
t1,pbvev5q,user_1b29b6bed9
t1,pbvev3o,user_52a535e2a8
t1,pbvetq7,user_190583738e
t1,pbvetem,user_77527e57e8
t1,pbvescs,user_87229c7d4e
t1,pbverlf,user_adcbddc399
t1,pbveo3v,user_ab94c01618
t1,pbvenej,user_9d0a6a1cd2
t1,pbvemnt,user_b095c37a8d
t1,pbvek14,user_82521493f1
t1,pbvehd5,user_4b70d8dc81
t1,pbvefp3,user_ab94c01618
t1,pbvedz3,user_844a94e7d8
t1,pbvedy9,user_2dda417b7c
t1,pbvebdu,user_af57b3318d
t1,pbvea22,user_1c8912b84c
t1,pbve4ja,user_690f666840
t1,pbve17o,user_331aa587c1
t1,pbvdwxu,user_eb0d6f13e3
t1,pbvdspg,user_8126a069a4
t1,pbvdp5y,user_ab94c01618
t1,pbvdnsd,user_1b23c6fb6d
t1,pbvdnl9,user_570286c0b3
t1,pbvdn9h,user_cee72a67b0
t1,pbvdmle,user_331aa587c1
t1,pbvdku0,user_52a535e2a8
t1,pbvdgty,user_3a9456479c
t1,pbvdfra,user_79c40386b8
t1,pbvde7u,user_248f3ea839
t1,pbvdca9,user_0dd9b31ca8
t1,pbvdbt0,user_37e64be49f
t1,pbvdbbh,user_8ffb25d32f
t1,pbvdajk,user_1b23c6fb6d
t1,pbvdac5,user_5332e19433
t1,pbvda06,user_8264815a82
t1,pbvd9we,user_5bbe4c35b4
t1,pbvd8kx,user_6f587abaff
t1,pbvd57g,user_a41423fce3
t1,pbvd1rl,user_849f90c101
t1,pbvczgl,user_45d62e12f7
t1,pbvcwxs,user_eb0d6f13e3
t1,pbvcwv8,user_3a14cfaf3c
t1,pbvcurg,user_19856ea590
t1,pbvctcm,user_0a3da84ac7
t1,pbvct8p,user_67206d50b2
t1,pbvckh9,user_5d8172c872
t1,pbvcj00,user_bd9f9fd89a
t1,pbvcgrh,user_07331dfe8a
t1,pbvcfc4,user_ed4f750813
t1,pbvcdq4,user_fe33db3d9b
t1,pbvccuz,user_331aa587c1
t1,pbvcc50,user_39252264d4
t1,pbvcbxn,user_cf943336cd
t1,pbvc7tz,user_672ec95747
t1,pbvc3yp,user_93fa4e2a1b
t1,pbvc3rc,user_850a5ddeb3
t1,pbvc1wr,user_ef5a56f719
t1,pbvbxp9,user_c95a46c2a1
t1,pbvbx1b,user_4fedf30cd5
t1,pbvbow4,user_13c863a9b3
t1,pbvbirq,user_c532cc19b8
t1,pbvbfnn,user_7c5bb4638f
t1,pbvbemg,user_5341374373
t1,pbvb9vm,user_fa1a6e486c
t1,pbvb70p,user_a8a59d0699
t1,pbvb5bz,user_176bacc463
t1,pbvb331,user_afa87d5ccf
t1,pbvaxa0,user_7c5bb4638f
t1,pbvawql,user_760f649587
t1,pbvap4z,user_8a8687e57a
t1,pbvan4v,user_227735ada5
t1,pbvamp4,user_b4dabe1269
t1,pbvakgn,user_5df1cfca5c
t1,pbvag48,user_b4dabe1269
t1,pbvae7q,user_0760e3bdd6
t1,pbvadoy,user_dc7ba4e627
t1,pbvabqa,user_3d27004ca0
t1,pbvab1m,user_08f1ca4fdb
t1,pbvaaaj,user_d39a8f8f7c
t1,pbva4ww,user_b4dabe1269
t1,pbva20w,user_fdc75d4b77
t1,pbva1oc,user_4807d9f4ce
t1,pbva1i0,user_4a9a4288f3
t1,pbva0x0,user_3bafcb5b95
t1,pbx3mul,user_a842fdcb44
t1,pbx3lor,user_d49348f2e3
t1,pbx3kh6,user_726723325b
t1,pbx3g41,user_a842fdcb44
t1,pbx3bzy,user_fbe0c31aaa
t1,pbx3al9,user_7fc527370f
t1,pbx38xu,user_813da64a01
t1,pbx37kw,user_cdfef0d3fe
t1,pbx37cg,user_64d05981fb
t1,pbx35ze,user_64d05981fb
t1,pbx32um,user_be5e3aa78e
t1,pbx31r7,user_2bfe4543df
t1,pbx2vxd,user_720949365c
t1,pbx2vg0,user_cec9da45f6
t1,pbx2q1t,user_16bc6a7862
t1,pbx2osi,user_294b5e232e
t1,pbx2kza,user_e024fc7b89
t1,pbx2k23,user_8cb26b6e35
t1,pbx2jpd,user_9e1f4c6926
t1,pbx2eqx,user_efdf2a6ad0
t1,pbx2csc,user_a842fdcb44
t1,pbx2bib,user_9e1f4c6926
t1,pbx2825,user_a842fdcb44
t1,pbx27qc,user_9e1f4c6926
t1,pbx27na,user_4caefda8f3
t1,pbx270b,user_9d8c108d73
t1,pbx26qh,user_439a488179
t1,pbx25d0,user_c27a27a28b
t1,pbx24ks,user_9304fa321e
t1,pbx23vk,user_b1be19fdaa
t1,pbx23ff,user_9e1f4c6926
t1,pbx21ej,user_0d258648d2
t1,pbx1xfp,user_720949365c
t1,pbx1w7n,user_56aed26532
t1,pbx1vii,user_3de9b453ee
t1,pbx1v3y,user_bcafa2e2d9
t1,pbx1qpk,user_eb90c77d3e
t1,pbx1qae,user_18c4f7aa22
t1,pbx1piq,user_4a51937a47
t1,pbx1o2b,user_26d6b195e9
t1,pbx1l95,user_720949365c
t1,pbx1ka3,user_a842fdcb44
t1,pbx1heo,user_601329656c
t1,pbx1gz1,user_0c25cf753e
t1,pbx1gft,user_393463e2c1
t1,pbx1cao,user_a43e51372e
t1,pbx1btm,user_4eff2cff24
t1,pbx1a7k,user_d19cb4bfcf
t1,pbx1853,user_f8919ad24d
t1,pbx15ch,user_720949365c
t1,pbx1324,user_99419b0f20
t1,pbx11pe,user_09fbbe2cb6
t1,pbx10ic,user_3bb65a8aca
t1,pbx0zvm,user_bea32c118e
t1,pbx0yof,user_101c923d18
t1,pbx0ymw,user_0c25cf753e
t1,pbx0y5n,user_64d05981fb
t1,pbx0y4u,user_fea9eeb5e0
t1,pbx0seh,user_09fbbe2cb6
t1,pbx0rjn,user_cb698edf04
t1,pbx0qnk,user_5d63286fad
t1,pbx0mgq,user_cec9da45f6
t1,pbx0lr1,user_fd0a08c767
t1,pbx0jx5,user_d76a4582d1
t1,pbx0idz,user_9ec9aad1ca
t1,pbx0how,user_d54e919468
t1,pbx0c1u,user_f881456a7f
t1,pbx05w2,user_12d1092da4
t1,pbx05mw,user_482e544b5d
t1,pbx05mv,user_523d9f625b
t1,pbx04yq,user_12d1092da4
t1,pbx01v2,user_f881456a7f
t1,pbx00wf,user_f881456a7f
t1,pbx00ew,user_19de3dd0eb
t1,pbwzyph,user_af7d12e26b
t1,pbwzy6h,user_482e544b5d
t1,pbwzufm,user_f881456a7f
t1,pbwzu27,user_06f212455a
t1,pbwzt4g,user_4a51937a47
t1,pbwzs9z,user_fea9eeb5e0
t1,pbwzpha,user_04f345a32e
t1,pbwzojf,user_3e663c7721
t1,pbwzn8w,user_fea9eeb5e0
t1,pbwzmvd,user_06f212455a
t1,pbwzhya,user_482e544b5d
t1,pbwzh14,user_a72b3e9193
t1,pbwzfz5,user_8d7dbd540c
t1,pbyegcn,user_bfe2f9e6eb
t1,pbyeex8,user_bda6968667
t1,pbyedfy,user_bda6968667
t1,pbyecsm,user_8f9311466e
t1,pbyebse,user_4568f4aae3
t1,pbye91n,user_b7af0eeaf2
t1,pbye8y0,user_a2a625f08d
t1,pbye6vn,user_88c39aadb4
t1,pbye6j3,user_cfbad22c55
t1,pbye2oz,user_c33f57e632
t1,pbye09n,user_1202a67388
t1,pbydz7n,user_8a6b06fee7
t1,pbydyo9,user_33180f5860
t1,pbydybk,user_f62207e2b4
t1,pbydxcf,user_6d89e46e14
t1,pbydwqo,user_cec9da45f6
t1,pbyduvl,user_64fb5f73bd
t1,pbydtyy,user_4568f4aae3
t1,pbydslv,user_bfe2f9e6eb
t1,pbydpxs,user_ec81af1af0
t1,pbydk5n,user_9dc470de4b
t1,pbydjwt,user_3b4c0b4f74
t1,pbydiff,user_6f587abaff
t1,pbydha4,user_65615ac46d
t1,pbydfki,user_432ecc03b3
t1,pbydez7,user_da62653f17
t1,pbyde0m,user_1a44a8b5a3
t1,pbyddra,user_b5eb0eeb35
t1,pbyddnu,user_fbea69e0f3
t1,pbyddmv,user_ff179a8360
t1,pbydc6d,user_92e3f2f89f
t1,pbydbog,user_06f212455a
t1,pbyd9re,user_be660bda48
t1,pbyd6sd,user_f3050c22c5
t1,pbyd6ns,user_228a0e2aa7
t1,pbyd6jb,user_5766168791
t1,pbyd5v9,user_3a97eb98a7
t1,pbyd5hn,user_33180f5860
t1,pbyd3ag,user_c5e2e35de8
t1,pbyd30r,user_10406b1714
t1,pbyd2rw,user_cac1f6d9a7
t1,pbyd1xs,user_021f217ef2
t1,pbyd1tf,user_cac1f6d9a7
t1,pbyczpf,user_cac1f6d9a7
t1,pbycya3,user_b1a345c225
t1,pbycxv0,user_77527e57e8
t1,pbycxr6,user_06f212455a
t1,pbyct74,user_f021cd0c2c
t1,pbycm43,user_be660bda48
t1,pbyclzo,user_ed3080bd1d
t1,pbyclun,user_06f212455a
t1,pbyclti,user_f175808859
t1,pbyckoz,user_076578d0eb
t1,pbyci20,user_5dab4068d7
t1,pbycdht,user_230b50b8ab
t1,pbycczw,user_ff3292a099
t1,pbycady,user_a7fab27e5c
t1,pbyc8cb,user_6ec71151dd
t1,pbyc84s,user_4568f4aae3
t1,pbyc7ue,user_16bc6a7862
t1,pbyc788,user_d472a66ae5
t1,pbyc2x0,user_8f9311466e
t1,pbyc19h,user_ef0c9db2fb
t1,pbybwup,user_f63b669333
t1,pbybv8b,user_72c1ddff26
t1,pbybv1w,user_50bbca78ae
t1,pbybtlc,user_5cd08c8365
t1,pbybt4a,user_2adfad6d79
t1,pbybpir,user_cb81e53fa7
t1,pbybpg6,user_f881456a7f
t1,pbybpcd,user_021f217ef2
t1,pbybpbe,user_6a025629ee
t1,pbybo05,user_1566f49246
t1,pbybmwt,user_a30f7057dc
t1,pbybkin,user_413c6249df
t1,pbybhnp,user_15a2d722c6
t1,pbybg1v,user_f881456a7f
t1,pbybf1n,user_f021cd0c2c
t1,pbybbf4,user_fbea69e0f3
t1,pbybbdb,user_40e25625ee
t1,pbyb9sx,user_ef0c9db2fb
t1,pbyb8wl,user_dbac7e3852
t1,pbyb7x9,user_afd603cc4c
t1,pbyb72r,user_2990480d4a
t1,pbyb58h,user_2990480d4a
t1,pbyb523,user_379113d9a5
t1,pbyb3jc,user_ef870d3fa4
t1,pbyb1xe,user_3653b1608e
t1,pc0n5a4,user_6eb4782af2
t1,pc0n07k,user_2e6ccfc719
t1,pc0myiv,user_28e0a74e38
t1,pc0myca,user_2a1eeccb8b
t1,pc0mxv7,user_2e6ccfc719
t1,pc0mxrr,user_e19b06ffe5
t1,pc0mxni,user_0f99600ee2
t1,pc0mvna,user_ad30dd9ee7
t1,pc0mvko,user_2e6ccfc719
t1,pc0mt7i,user_5d8983ce38
t1,pc0msnu,user_46c3167b3a
t1,pc0mqna,user_d4377ba96c
t1,pc0mq46,user_57ded7d76c
t1,pc0mp2o,user_abb9960899
t1,pc0mn2y,user_cfefe91a25
t1,pc0mmcu,user_0669ccb80f
t1,pc0mmch,user_d496f9c336
t1,pc0mkxc,user_c431506271
t1,pc0mjar,user_0314062974
t1,pc0mhsv,user_c1cd7d037a
t1,pc0mhdw,user_288ef45f78
t1,pc0mh9s,user_a7aa964b86
t1,pc0mgw3,user_aedc669720
t1,pc0mghp,user_f881456a7f
t1,pc0mec2,user_bcafa2e2d9
t1,pc0me9c,user_2c708d189e
t1,pc0mdaa,user_f0ef04986c
t1,pc0m9uw,user_55f38f7fc0
t1,pc0m8vv,user_ac2794724f
t1,pc0m67x,user_2c708d189e
t1,pc0m5vm,user_0314062974
t1,pc0m57m,user_f5388947a2
t1,pc0m4bk,user_5bace9ef41
t1,pc0m2ga,user_c0878f96b8
t1,pc0m1yo,user_bc5951c674
t1,pc0m1wp,user_a5f0e055a0
t1,pc0lzzc,user_6fb66d3816
t1,pc0lzw8,user_c69b305091
t1,pc0lzpk,user_9ad4f7e305
t1,pc0lz4b,user_a5f0e055a0
t1,pc0lx04,user_1d725e450b
t1,pc0lwti,user_5a751296e6
t1,pc0ltf8,user_54def29116
t1,pc0ltab,user_0d4894ec2f
t1,pc0lt8b,user_b70076e288
t1,pc0ls8l,user_7655da60af
t1,pc0lqud,user_9ad4f7e305
t1,pc0lpqa,user_f1510469b6
t1,pc0lo00,user_4076e47968
t1,pc0lmqz,user_d1b0665b25
t1,pc0lmda,user_288ef45f78
t1,pc0lm5w,user_6eb4782af2
t1,pc0lkff,user_0e5ef42ac9
t1,pc0lgy2,user_acc07da343
t1,pc0lfq7,user_5a035fd978
t1,pc0lehk,user_5d08e3c619
t1,pc0lcn6,user_9ae2691a01
t1,pc0l7tc,user_c431506271
t1,pc0l6pt,user_42724dca4b
t1,pc0l42h,user_54295a7f79
t1,pc0l3cw,user_1ffa234830
t1,pc0l26u,user_f80130d61b
t1,pc0l1yh,user_6d21b51537
t1,pc0l1h9,user_ebcc51d813
t1,pc0l0gr,user_0093fe7059
t1,pc0kxn9,user_f5388947a2
t1,pc0kx49,user_0c25cf753e
t1,pc0kvzz,user_568e0093c1
t1,pc0kvut,user_9569c18ce4
t1,pc0ks7u,user_5a751296e6
t1,pc0krxi,user_f8af210777
t1,pc0kqnw,user_05ed602c92
t1,pc0kmpu,user_5d08e3c619
t1,pc0klh9,user_0e5ef42ac9
t1,pc0klgr,user_b6b0d3342b
t1,pc0kkk6,user_0bebe6b04f
t1,pc0kkij,user_9ae2691a01
t1,pc0kj5z,user_cd03c373a9
t1,pc0khkm,user_8a35db3d37
t1,pc0kgiz,user_d968a83031
t1,pc0kg0l,user_57fae24d77
t1,pc0kf4t,user_10d7de7333
t1,pc0keqt,user_1bbcb3aaa1
t1,pc0kek5,user_252fe80b44
t1,pc0kdte,user_57ded7d76c
t1,pc0kd3f,user_e6040fcb1c
t1,pc0kbvr,user_ff2c1eeeb7
t1,pc0k9xw,user_bf259be0f1
t1,pc2s25y,user_448ac2068e
t1,pc2rzsz,user_093fabb428
t1,pc2rxpg,user_ffd7d7473f
t1,pc2rwys,user_ddd929167c
t1,pc2rwpw,user_0589060c09
t1,pc2rwem,user_7c40ab1663
t1,pc2rw1g,user_acc987358f
t1,pc2rt47,user_ddd929167c
t1,pc2rsr1,user_483a5cabeb
t1,pc2rrzq,user_a2f186b104
t1,pc2rp7t,user_26acc05b51
t1,pc2rooc,user_176bacc463
t1,pc2rohh,user_dd24b3a89d
t1,pc2rk1p,user_db46dde6b0
t1,pc2rit9,user_a842fdcb44
t1,pc2rhy5,user_16b21062a0
t1,pc2rhrb,user_69298d1b86
t1,pc2rgxg,user_304973160f
t1,pc2re44,user_db46dde6b0
t1,pc2rcaq,user_0210f2ea26
t1,pc2raha,user_b550a4d133
t1,pc2r6ha,user_9541cc725a
t1,pc2r6bf,user_0ea37aff83
t1,pc2r30m,user_413863703e
t1,pc2r2ab,user_8e5dc93dee
t1,pc2r00t,user_22af3a1fa9
t1,pc2qzwk,user_6ddc32a321
t1,pc2qzg3,user_08ff0d4326
t1,pc2qxig,user_460f603bd7
t1,pc2qvyh,user_88cf21a903
t1,pc2qvgc,user_d27b42c856
t1,pc2qv4w,user_2163c07394
t1,pc2qu1p,user_b10b3d5ee1
t1,pc2qs4y,user_d479f742ba
t1,pc2qq8r,user_de329bf391
t1,pc2qost,user_8568594035
t1,pc2qmw4,user_d27b42c856
t1,pc2qlkn,user_51929306be
t1,pc2qj2n,user_30a4bbd0d8
t1,pc2qhty,user_f6cb9b2251
t1,pc2qgkw,user_30a4bbd0d8
t1,pc2qf7l,user_9723ca109b
t1,pc2qdkf,user_6649fd35ed
t1,pc2qc6u,user_c90cc993fd
t1,pc2qbso,user_09238d65fe
t1,pc2q9g5,user_19ed266316
t1,pc2q89n,user_2fddb8a31f
t1,pc2q5rs,user_bfad25fe2c
t1,pc2q4tr,user_34fd71ba28
t1,pc2q2ss,user_7ce8f1385b
t1,pc2pyr4,user_2c4b7ba22d
t1,pc2py2y,user_4066c59980
t1,pc2pxof,user_f223fd1cb6
t1,pc2px5d,user_72db2072d3
t1,pc2ps8i,user_50782dbdc0
t1,pc2prpv,user_0b2dca5921
t1,pc2pr81,user_bddfe6864e
t1,pc2pqeq,user_bf404cbd3f
t1,pc2pow5,user_9f68f114cd
t1,pc2pixb,user_159b39d813
t1,pc2pg8i,user_2378dd417f
t1,pc2pf3h,user_b5546ad30b
t1,pc2p1a4,user_178cf6df0f
t1,pc2p0y4,user_87b00a3c5b
t1,pc2p0p7,user_735f0f062f
t1,pc2oyfm,user_995546fd2c
t1,pc2owwz,user_8f409a8747
t1,pc2owu0,user_00e982233f
t1,pc2otc8,user_e9feab075f
t1,pc2or4z,user_f7f50e414e
t1,pc2opbu,user_34c1a1b837
t1,pc2op9b,user_e9feab075f
t1,pc2oocg,user_a842fdcb44
t1,pc2onnn,user_5d20704b4b
t1,pc2onhm,user_34fd71ba28
t1,pc2onaq,user_b8b291fa77
t1,pc2ol7z,user_00e982233f
t1,pc2oiu6,user_a842fdcb44
t1,pc2ohqh,user_e7248e1508
t1,pc2ofuc,user_00e982233f
t1,pc2odk4,user_501864b116
t1,pc2obhr,user_48f05b7aff
t1,pc2o9e4,user_735f0f062f
t1,pc2o8wm,user_0fb91b8347
t1,pc2o8bd,user_a0bea245a8
t1,pc2o6n2,user_bda0122145
t1,pc2o4hf,user_0fb91b8347
t1,pc2o3g8,user_a842fdcb44
t1,pc2o0md,user_2573384390
t1,pc4crqi,user_c841112316
t1,pc4cq2c,user_95ca26633c
t1,pc4cpbp,user_a73c9c1bd7
t1,pc4cnsu,user_f657515894
t1,pc4cnte,user_bffc7495fe
t1,pc4cnag,user_5332e19433
t1,pc4ckya,user_838a9bfaf4
t1,pc4civj,user_765e59940d
t1,pc4cfpj,user_69bc361c95
t1,pc4cf6b,user_f657515894
t1,pc4ce6w,user_b127f1c620
t1,pc4caks,user_5c82ddb5fd
t1,pc4c6v3,user_8add8b0610
t1,pc4c5s3,user_ff30c2922b
t1,pc4c53s,user_05ece97bb8
t1,pc4c3fn,user_fd1a8aa821
t1,pc4c2n6,user_481822b09b
t1,pc4bw5u,user_5f380c48ca
t1,pc4bvxg,user_0fb91b8347
t1,pc4btw3,user_5b1f16aa6e
t1,pc4bpp1,user_2026997ae7
t1,pc4bnu5,user_481822b09b
t1,pc4bnfs,user_2376e354c2
t1,pc4bkgy,user_1cae9a8b4e
t1,pc4bkhm,user_e539491651
t1,pc4biih,user_917119642d
t1,pc4bgm7,user_b718ba318f
t1,pc4bg0k,user_43b0e928d6
t1,pc4bfwx,user_481822b09b
t1,pc4bfim,user_123ea231fe
t1,pc4bea6,user_765e59940d
t1,pc4be0h,user_6837ac798c
t1,pc4bdsv,user_41d6e4813b
t1,pc4bchh,user_3c2c684df5
t1,pc4bccm,user_919ecb1481
t1,pc4bbxu,user_ea944b430f
t1,pc4bazh,user_fae4fc6a96
t1,pc4b9be,user_3c2c684df5
t1,pc4b8n6,user_6837ac798c
t1,pc4b8ee,user_1795d7b5d3
t1,pc4b85g,user_e52639fa65
t1,pc4b7wi,user_2376e354c2
t1,pc4b3ki,user_fae4fc6a96
t1,pc4b3ao,user_ff30c2922b
t1,pc4b34e,user_919ecb1481
t1,pc4b1k9,user_7a6c2f0bcf
t1,pc4b1ax,user_3c2c684df5
t1,pc4b19c,user_b2dec6cf05
t1,pc4b07m,user_e081b1ae96
t1,pc4azmi,user_0c85d0951e
t1,pc4awl3,user_3542ec77c8
t1,pc4avvf,user_1cae9a8b4e
t1,pc4avrr,user_7aaf0cc61c
t1,pc4avcz,user_3c2c684df5
t1,pc4asuv,user_76304eb782
t1,pc4asfg,user_817bd341ab
t1,pc4as5w,user_ff30c2922b
t1,pc4ards,user_c69b305091
t1,pc4apis,user_79711c5d15
t1,pc4apii,user_2376e354c2
t1,pc4aoq0,user_63664a20f4
t1,pc4and0,user_919ecb1481
t1,pc4amtb,user_fed2304c57
t1,pc4alli,user_3f600596c1
t1,pc4al1k,user_28e18a9fe2
t1,pc4akpt,user_ff30c2922b
t1,pc4ajiw,user_0a2bc2fd49
t1,pc4ajkw,user_d6d5bc6921
t1,pc4afcg,user_ff2245cec5
t1,pc4adkx,user_4a4f7592aa
t1,pc4acoy,user_fc082d453f
t1,pc4abbm,user_0aaa01190f
t1,pc4a5h4,user_df82b397cc
t1,pc4a493,user_d198297141
t1,pc4a2wj,user_2ed293b3e8
t1,pc4a2sr,user_1795d7b5d3
t1,pc49zzi,user_6280e21e96
t1,pc49yuz,user_b0c0b25cb1
t1,pc49y6s,user_15bf7b6d30
t1,pc49xy0,user_d132e78a15
t1,pc49w2k,user_164bf10411
t1,pc49v6m,user_57311d4f54
t1,pc49uxe,user_1cae9a8b4e
t1,pc49sna,user_1202a67388
t1,pc49sal,user_ffebea5450
t1,pc49pqt,user_40fdeb5b3a
t1,pc49pnf,user_1795d7b5d3
t1,pc49o9q,user_63664a20f4
t1,pc49nni,user_1795d7b5d3
t1,pc49nen,user_1cae9a8b4e
t1,pc5lvpa,user_b3f2505fc1
t1,pc5lucr,user_c57bbbe2f4
t1,pc5llat,user_3981fefaca
t1,pc5lksf,user_dbac7e3852
t1,pc5li8n,user_fae8e5c62e
t1,pc5lfih,user_a701fc5ad2
t1,pc5lenb,user_d175172815
t1,pc5ldcv,user_c76406fe03
t1,pc5la9c,user_c084e9ddb3
t1,pc5la3l,user_7e262ce707
t1,pc5l94f,user_60cf962f98
t1,pc5l8pe,user_2aa1505cfc
t1,pc5l76f,user_b5285b41ce
t1,pc5l6d4,user_b30e2a97e3
t1,pc5l4bp,user_fed46c45d6
t1,pc5l42s,user_263b3096e0
t1,pc5l40z,user_d9a5e26b63
t1,pc5l3g3,user_39ff3cf029
t1,pc5l2l8,user_1f1a1b566a
t1,pc5l0ty,user_af39988bd8
t1,pc5l0po,user_67232669a8
t1,pc5l05k,user_0e55e9b006
t1,pc5kzjh,user_fae8e5c62e
t1,pc5kz35,user_ec59d6d405
t1,pc5kx7b,user_c76406fe03
t1,pc5kwhs,user_18233a52af
t1,pc5kvlj,user_72bd2e290d
t1,pc5kv3d,user_ddc110915d
t1,pc5kuuj,user_29be552058
t1,pc5ksdh,user_c76406fe03
t1,pc5kque,user_94792b46a9
t1,pc5kp08,user_4e1e0aa8c3
t1,pc5kndq,user_b2e90905dc
t1,pc5kl8u,user_8e73293f1e
t1,pc5kkx0,user_30b33f3222
t1,pc5khm0,user_fae8e5c62e
t1,pc5kb7u,user_92e3f2f89f
t1,pc5k7nb,user_45d62e12f7
t1,pc5k6tu,user_4269e926d6
t1,pc5k6nn,user_0882ff665e
t1,pc5k657,user_8c4decc81d
t1,pc5k4m3,user_fb72ff8e60
t1,pc5k346,user_2324620a6a
t1,pc5k1f5,user_9938330957
t1,pc5k19g,user_9f2f068ff2
t1,pc5k0xs,user_bef421f80f
t1,pc5jyre,user_90f7a60ee1
t1,pc5jwlv,user_18233a52af
t1,pc5jwcp,user_9d431947d3
t1,pc5jw52,user_4322494abb
t1,pc5jtw3,user_e0fcf9d8f1
t1,pc5jtuu,user_51f4b57163
t1,pc5jply,user_3b12e2eb31
t1,pc5joq0,user_51f4b57163
t1,pc5johe,user_b3ed5f6d0b
t1,pc5jn89,user_2ff09c6071
t1,pc5jmkr,user_397abd0994
t1,pc5jm81,user_e0752097e8
t1,pc5jlms,user_3b352eccdb
t1,pc5jl46,user_4e8f7837c6
t1,pc5jksa,user_898f94ac72
t1,pc5jjwc,user_81daa305e1
t1,pc5jjs2,user_bda1d1e8d2
t1,pc5jg9k,user_186c71b1f3
t1,pc5jfxl,user_10c1635302
t1,pc5jf2l,user_e20fd12973
t1,pc5jehj,user_aaee4fbbb3
t1,pc5jbxf,user_e841e8330f
t1,pc5jbsh,user_b3ab12aec1
t1,pc5j9p1,user_8dee553de8
t1,pc5j5y9,user_82dab8014c
t1,pc5j5yo,user_155262302e
t1,pc5j5qg,user_7987217c15
t1,pc5j549,user_a28a1cf2f7
t1,pc5j4ss,user_3f2406abc5
t1,pc5j499,user_5c9ad63e0e
t1,pc5j2v7,user_3c712d16f0
t1,pc5iz90,user_a28a1cf2f7
t1,pc5ixwr,user_bdb6b1c5d9
t1,pc5ixs3,user_3c712d16f0
t1,pc5itg2,user_f714d30adc
t1,pc5it67,user_6e8b328be1
t1,pc5is7l,user_f37555f478
t1,pc5irnf,user_c8a17207a5
t1,pc5iq7z,user_ef9ea1407b
t1,pc5iq7s,user_5cb4cb5d4f
t1,pc5iq3u,user_2324620a6a
t1,pc5ipht,user_ce2cd78d25
t1,pc5io1u,user_a28a1cf2f7
t1,pc7oohz,user_748c92e1e4
t1,pc7omp7,user_b9aac7e751
t1,pc7om0f,user_5c71dc146e
t1,pc7ok7i,user_18c3102365
t1,pc7ok28,user_898f94ac72
t1,pc7oiy7,user_01603c213c
t1,pc7oirl,user_bb55c0d179
t1,pc7oiok,user_f56a852b98
t1,pc7oij0,user_ed02e6ed13
t1,pc7og2k,user_05a4bbe7d2
t1,pc7ofuy,user_cebd2f4a0f
t1,pc7of8j,user_52148ad906
t1,pc7oen9,user_23d6572515
t1,pc7odrl,user_6e04f547fd
t1,pc7odqc,user_5eb6c2e68f
t1,pc7oc2q,user_c6ff1f4f6e
t1,pc7o9sb,user_3a13a0d077
t1,pc7o8fp,user_7ba937ff9d
t1,pc7o7sj,user_6837ac798c
t1,pc7o4z0,user_463ad8a211
t1,pc7o4x8,user_0139d28f4a
t1,pc7o4ck,user_67674c0709
t1,pc7o2um,user_55e5150ba1
t1,pc7nz5r,user_bd80ecf5e0
t1,pc7nz0g,user_f881456a7f
t1,pc7nxuu,user_15a2ec7449
t1,pc7nx7q,user_19aaa057ad
t1,pc7nw7d,user_4ffa5631ce
t1,pc7nt5m,user_04bcea0ed9
t1,pc7nsor,user_17ba86e305
t1,pc7nryf,user_806ba8971f
t1,pc7nreo,user_d91be43b72
t1,pc7nqvl,user_68cf0701bd
t1,pc7nq37,user_f07efbc897
t1,pc7nhvp,user_6d062fc33d
t1,pc7nhrd,user_bbc5241347
t1,pc7nha4,user_71dcee4d96
t1,pc7ngpv,user_339c523093
t1,pc7ngdb,user_8455195dcb
t1,pc7ng2e,user_c7e27b4e43
t1,pc7nfcs,user_be1fd973ea
t1,pc7ndej,user_3ed1ad8e31
t1,pc7ncew,user_1878d80303
t1,pc7ncch,user_31cb4edc5d
t1,pc7nbfd,user_785d1ea30b
t1,pc7nauh,user_8d57dc7a5b
t1,pc7nasb,user_f08c93c97b
t1,pc7n9s9,user_08aabd7f51
t1,pc7n8xb,user_cebd2f4a0f
t1,pc7n8cv,user_18c3102365
t1,pc7n7af,user_e8629b3a6d
t1,pc7n4ib,user_f004b41d6b
t1,pc7n49m,user_cebd2f4a0f
t1,pc7n36z,user_760021dfd3
t1,pc7n2ig,user_43a53c2bbd
t1,pc7n1tq,user_c6846870e9
t1,pc7n0uo,user_923c04cf6c
t1,pc7mzdl,user_fe23e9cac7
t1,pc7mx4z,user_f08c93c97b
t1,pc7muoa,user_eb7ebe5e40
t1,pc7mt1s,user_a20066a39e
t1,pc7msd7,user_9e5e719314
t1,pc7ms0d,user_bb38434f7c
t1,pc7mrnk,user_52148ad906
t1,pc7mrfn,user_c7e27b4e43
t1,pc7mrby,user_10dab6e2af
t1,pc7mqg0,user_aa60c019a9
t1,pc7mp0s,user_fe50f4c2c6
t1,pc7mml9,user_171feb4bf7
t1,pc7mm2z,user_2dfb46ec29
t1,pc7mm12,user_f881456a7f
t1,pc7mkkw,user_f46ed8fd24
t1,pc7miqr,user_491f085cbb
t1,pc7miba,user_dcacd97738
t1,pc7mht1,user_59c933650c
t1,pc7me6q,user_3a0f5a7cc1
t1,pc7md73,user_fe50f4c2c6
t1,pc7mcrl,user_e5c4ed3f3d
t1,pc7m9hr,user_7e240490c9
t1,pc7m78g,user_298818e8e9
t1,pc7m73a,user_b623360145
t1,pc7m6w8,user_59b5fa280a
t1,pc7m6x8,user_7de1297580
t1,pc7m3c6,user_4405d0e235
t1,pc7m232,user_5aef7f08ec
t1,pc7m1ot,user_157b6ed505
t1,pc7m1fb,user_ac1c75a9e9
t1,pc7m0ev,user_d270691b3f
t1,pc7m03d,user_01603c213c
t1,pc9s22q,user_79bbf6f607
t1,pc9s1bn,user_0811050d14
t1,pc9s017,user_78f7b39642
t1,pc9rvpl,user_ccf1f2bea7
t1,pc9rvlo,user_aeb1a449fb
t1,pc9ruq2,user_7adffa3303
t1,pc9ru3f,user_b3fcba0e54
t1,pc9rthl,user_1d38df10e3
t1,pc9rq5j,user_4556e12100
t1,pc9rn0i,user_573772babe
t1,pc9rh85,user_b10d9240f2
t1,pc9rfug,user_058c436a5d
t1,pc9rfrg,user_38ae7f0ded
t1,pc9rfa2,user_47ee89d941
t1,pc9rdvp,user_cebd2f4a0f
t1,pc9rdwy,user_aa59d7e8ea
t1,pc9rd0l,user_1d38df10e3
t1,pc9rccr,user_00227a4276
t1,pc9rbbp,user_0811050d14
t1,pc9raat,user_b3fcba0e54
t1,pc9ra2x,user_00227a4276
t1,pc9r9rq,user_ea49583a6c
t1,pc9r942,user_3c011affbd
t1,pc9r82h,user_a578883cf1
t1,pc9r7q3,user_3f5d8acf87
t1,pc9r70a,user_b10d9240f2
t1,pc9r6tt,user_93fa4e2a1b
t1,pc9r55o,user_ecbaf758f3
t1,pc9r3bd,user_ff433ea58b
t1,pc9r30f,user_0811050d14
t1,pc9r2y8,user_473874ed3b
t1,pc9r1db,user_1d38df10e3
t1,pc9qzjd,user_0811050d14
t1,pc9qx7f,user_a570566d4e
t1,pc9qvuk,user_0811050d14
t1,pc9qus0,user_00227a4276
t1,pc9qtkt,user_fbbf3d8085
t1,pc9qt9p,user_1d38df10e3
t1,pc9qt4r,user_ef7a6bb695
t1,pc9qp0e,user_52fd3e8923
t1,pc9qjni,user_d131186001
t1,pc9qh74,user_33f299e6d1
t1,pc9qfvz,user_903e1a7776
t1,pc9qf6g,user_6d9aaa467e
t1,pc9qeks,user_94d15b0ea6
t1,pc9qbct,user_54206d245e
t1,pc9qafe,user_ff433ea58b
t1,pc9q7zv,user_005ba0c32c
t1,pc9q56d,user_571fba46e5
t1,pc9q51m,user_a570566d4e
t1,pc9q4py,user_7616428891
t1,pc9q3jr,user_d131186001
t1,pc9q341,user_2f6e092bcf
t1,pc9pykd,user_c243aa8a7d
t1,pc9purz,user_824c5dc216
t1,pc9pu93,user_c1cd7d037a
t1,pc9ptxm,user_8a5054f54f
t1,pc9pt4c,user_be716d97f3
t1,pc9pt08,user_b93a09c7fc
t1,pc9pt00,user_1821e0aeb2
t1,pc9psnt,user_142b364045
t1,pc9pspd,user_aca6ef93ca
t1,pc9psf0,user_94e841583f
t1,pc9ps3i,user_1ed5926a76
t1,pc9pr59,user_c5c28fa0ae
t1,pc9pppt,user_ccf1f2bea7
t1,pc9pogh,user_2a4e1ef623
t1,pc9pns7,user_dc0c2d6b5d
t1,pc9plyl,user_57e18e09fd
t1,pc9pl0p,user_74b82eaaa0
t1,pc9pk5c,user_64fb5f73bd
t1,pc9pj8q,user_54206d245e
t1,pc9ph1j,user_67ddeb29d5
t1,pc9pgdn,user_3128636af5
t1,pc9p7kv,user_746079b91e
t1,pc9p6zg,user_448ac2068e
t1,pc9p6mi,user_c1cd7d037a
t1,pc9p68s,user_fe225f5378
t1,pc9p10x,user_ff433ea58b
t1,pc9p0d8,user_ed3d7c1f11
t1,pc9ozjb,user_746079b91e
t1,pc9ovqs,user_7c60bba052
t1,pc9ospn,user_aae6357547
t1,pc9orbw,user_746079b91e
t1,pc9oqlu,user_fb9bd39ca3
t1,pc9one3,user_1e0599e6fb
t1,pc9on8r,user_716c333b2e
t1,pcbdhn7,user_ff65956e66
t1,pcbdfux,user_f23340d1ee
t1,pcbdeew,user_beb866a202
t1,pcbdb0t,user_033d8a0c03
t1,pcbd4dz,user_5001758eaf
t1,pcbd3ym,user_63664a20f4
t1,pcbd3rv,user_1ac976fad2
t1,pcbd39z,user_ba62dae70d
t1,pcbd2kl,user_1ac976fad2
t1,pcbd1n8,user_697bc602b9
t1,pcbd0n4,user_f1e9c9db4f
t1,pcbcz4m,user_0d5beb6bc8
t1,pcbcz3t,user_83c3aa6a9a
t1,pcbcyeu,user_40c01bc4f9
t1,pcbcwh5,user_1ac976fad2
t1,pcbcu3b,user_9e3d436756
t1,pcbcqut,user_697bc602b9
t1,pcbcpn8,user_c45598a28e
t1,pcbcpar,user_63664a20f4
t1,pcbcj2f,user_c5d8983d32
t1,pcbcgnn,user_63664a20f4
t1,pcbcf6v,user_697bc602b9
t1,pcbcemv,user_0bc48208ca
t1,pcbcdj5,user_9e3d436756
t1,pcbccnx,user_b50bdd115f
t1,pcbc96v,user_fd676e3022
t1,pcbc6hl,user_63664a20f4
t1,pcbc5k7,user_3d3eec0e31
t1,pcbc5hw,user_412c909695
t1,pcbc53g,user_6976441ee1
t1,pcbc38z,user_e6ad4b159a
t1,pcbc373,user_3f26e8190c
t1,pcbc2vg,user_63664a20f4
t1,pcbc1vm,user_bbaab245fa
t1,pcbc1i5,user_8345129013
t1,pcbc0s1,user_95266a20c8
t1,pcbbyq8,user_d72a9fb709
t1,pcbbx46,user_41f87216f2
t1,pcbbtu3,user_e6ad4b159a
t1,pcbbtq0,user_e1b529b966
t1,pcbbsif,user_683188a7f9
t1,pcbbscx,user_cd7fb24c07
t1,pcbbs0q,user_1b99fb42e9
t1,pcbbqh6,user_edf768746c
t1,pcbbp9j,user_1b3c9b3f9f
t1,pcbbonv,user_b390e89c6a
t1,pcbboim,user_e6ad4b159a
t1,pcbbl77,user_63664a20f4
t1,pcbbjr2,user_e6ad4b159a
t1,pcbbjf3,user_25e8325dcf
t1,pcbbf3f,user_14148b662c
t1,pcbbcpl,user_0cf851dbdf
t1,pcbbbiy,user_d6f9d66eb8
t1,pcbb91n,user_c1716f4baa
t1,pcbb7rz,user_4b7466fc4d
t1,pcbb79c,user_b93a09c7fc
t1,pcbb6k5,user_dc7ba4e627
t1,pcbb2dc,user_9bf92b632f
t1,pcbb0y6,user_c042b98287
t1,pcbb0te,user_15f9598f97
t1,pcbazee,user_63664a20f4
t1,pcbaxuo,user_4403bbe141
t1,pcbaxmh,user_79561792d7
t1,pcbavse,user_68497b420f
t1,pcbatpl,user_fad8d31e4b
t1,pcbasr2,user_72adebf731
t1,pcbas0m,user_fded216522
t1,pcbaqfw,user_8ac2b4e622
t1,pcbapoe,user_00ec50b4d6
t1,pcbao75,user_36c7fc553a
t1,pcbaj9n,user_59ffc264f9
t1,pcbafxn,user_b8015a9048
t1,pcbaek7,user_a85af363be
t1,pcbadmw,user_f26d8b6ff5
t1,pcbacrt,user_9940b8cfdc
t1,pcbabsl,user_63664a20f4
t1,pcba9r3,user_a906203410
t1,pcba627,user_2378dd417f
t1,pcba5jc,user_63664a20f4
t1,pcba4od,user_6a569dd7e1
t1,pcba3vk,user_af8c9e23bf
t1,pcba26s,user_6a569dd7e1
t1,pcba1fw,user_e08e7426db
t1,pcba0te,user_f881456a7f
t1,pcb9yx5,user_02ba02dbab
t1,pcb9yuk,user_6a569dd7e1
t1,pcb9y9e,user_9940b8cfdc
t1,pcb9vuq,user_915f35d56f
t1,pcb9vjz,user_c1dae36d9a
t1,pccns29,user_eaa705aeef
t1,pccnqrw,user_4d14d7f4f2
t1,pccnps3,user_1e7776bbe0
t1,pccnoqi,user_16713b2a3b
t1,pccnooe,user_554b504102
t1,pccnnon,user_dff8d63fd5
t1,pccnm5n,user_9601d30bc3
t1,pccnkq8,user_86cb2c683e
t1,pccnk3o,user_628baa63eb
t1,pccnjty,user_f881456a7f
t1,pccnjmo,user_95171e411e
t1,pccnjii,user_47940632c7
t1,pccnia4,user_a505ac6bc0
t1,pccnhma,user_c81e483384
t1,pccnh5l,user_bf92948ef8
t1,pccnghk,user_e0752097e8
t1,pccnfx3,user_df511e7d25
t1,pccnel6,user_b30e2a97e3
t1,pccne0q,user_b3ed5f6d0b
t1,pccnbus,user_6aa85f3a3d
t1,pccnbo2,user_9c3b9a7150
t1,pccnbjc,user_8bb33a9df6
t1,pccn85r,user_35c399b5fe
t1,pccn7xc,user_9601d30bc3
t1,pccn77f,user_e0752097e8
t1,pccn65j,user_bc1a050381
t1,pccn5kf,user_9d6ab456c3
t1,pccn2fs,user_9943e3f2ea
t1,pccn282,user_fbea69e0f3
t1,pccn11n,user_e0752097e8
t1,pccn0p0,user_5bf0df3626
t1,pccmzkg,user_9601d30bc3
t1,pccmzc6,user_87fc99dbef
t1,pccmxfd,user_429d5b9897
t1,pccmwh5,user_64c835378a
t1,pccmv8f,user_90b57ecc40
t1,pccmsbx,user_c81e483384
t1,pccmpgf,user_ef8b69e597
t1,pccmnac,user_7241612a8a
t1,pccmmvn,user_b13de4847d
t1,pccmhcb,user_1dff2dd8d6
t1,pccmfqs,user_5b242b28fd
t1,pccmdxa,user_5481b22515
t1,pccmdbu,user_e9d4d9e227
t1,pccmcq8,user_90b57ecc40
t1,pccm9l6,user_92ad4ac21e
t1,pccm823,user_83ba9efb38
t1,pcclyxl,user_83ba9efb38
t1,pcclyk2,user_a4fe42ccfe
t1,pccly94,user_2aa1505cfc
t1,pcclxe1,user_9601d30bc3
t1,pcclvwj,user_87fc99dbef
t1,pcclufr,user_8dee553de8
t1,pcclucv,user_460a72544f
t1,pcclseo,user_fbea69e0f3
t1,pcclqc7,user_ec59d6d405
t1,pcclprx,user_53ee929a6b
t1,pcclouz,user_1d5231bfb0
t1,pccloeu,user_2aa1505cfc
t1,pcclkiq,user_ee16be1f18
t1,pcclkb2,user_8dee553de8
t1,pcclhjz,user_9601d30bc3
t1,pccleey,user_4c97a683ac
t1,pccl9id,user_a0522208d6
t1,pccl6ws,user_e04354e2ae
t1,pccl6rl,user_0811a6ebd9
t1,pcckz6x,user_07eefd93c5
t1,pcckwzi,user_63664a20f4
t1,pcckwt3,user_4ab2991ba1
t1,pcckt9r,user_c5b9afc404
t1,pcckokv,user_97c31173ca
t1,pcckna6,user_72024f3eb8
t1,pcckl0f,user_c81e483384
t1,pcckjvs,user_8aaadaf75c
t1,pcckhyf,user_c5b9afc404
t1,pcckgg8,user_09c9ad3114
t1,pcckg3r,user_a853b178a6
t1,pcck745,user_c5b9afc404
t1,pcck62b,user_d7a46ff715
t1,pcck1ax,user_e6d50bbbfb
t1,pccjzn1,user_790b7ca936
t1,pccjzap,user_f112f0939e
t1,pccjwin,user_051d6576e0
t1,pccjw84,user_b3ab12aec1
t1,pccjueh,user_c5b9afc404
t1,pcetdn7,user_8ce25e40bd
t1,pcetcfg,user_589389ad27
t1,pcetbbu,user_64b9368663
t1,pcetb5r,user_73032dac39
t1,pcet8wf,user_ee1b89c4bc
t1,pcet5vx,user_ba13fc310e
t1,pcet3nn,user_64b9368663
t1,pcet34y,user_3982bc97ae
t1,pcesx7j,user_f2411ab10f
t1,pcesuxh,user_8c040b4759
t1,pcesuhi,user_f3f66cd991
t1,pcesqcl,user_dd39219900
t1,pcespch,user_09e82c895b
t1,pcespbk,user_cc09e34738
t1,pcesovp,user_063b564d05
t1,pcesnji,user_1e5608e492
t1,pcesmzm,user_868a81e81c
t1,pceskuu,user_2890f69bb4
t1,pcesi1g,user_2a4e007527
t1,pceshir,user_572971e7b5
t1,pcesghh,user_2a4e007527
t1,pcesfa6,user_7fc175d48b
t1,pcesdbr,user_64b9368663
t1,pcesbi6,user_589389ad27
t1,pcesbbi,user_dd9c36046b
t1,pcesa5t,user_b025632a3c
t1,pces810,user_6ea3e72e45
t1,pces4vv,user_146adba5ef
t1,pcerxty,user_479be84003
t1,pcerwdf,user_3b180e1a42
t1,pcerwcb,user_dbf7fee266
t1,pcers38,user_633db680c0
t1,pcerq4y,user_9010a47ee7
t1,pcermrs,user_a1d6742a9a
t1,pcermig,user_1a659ba3a1
t1,pcerlc6,user_9421d4e3bb
t1,pcerjz9,user_75774c922b
t1,pcer9gp,user_88c39aadb4
t1,pcer8yz,user_ef3a1ceb4a
t1,pcer6wu,user_572971e7b5
t1,pcer5d7,user_6bf0960d9a
t1,pceqzu5,user_5ac429b2b1
t1,pceqvee,user_e0975c96b5
t1,pcequva,user_e68bdadb46
t1,pceqthi,user_f15ca660a8
t1,pceqr4t,user_e6ad4b159a
t1,pceqpyq,user_c813e6e3d2
t1,pceqprf,user_d125888b70
t1,pceqp3l,user_1fb43119f6
t1,pceqjty,user_6be71ca0ce
t1,pceqdv4,user_6c976f1a53
t1,pceqaz9,user_1fb43119f6
t1,pceqacd,user_a3032e281e
t1,pceq5td,user_fda15dd6a1
t1,pceq4md,user_ef3a1ceb4a
t1,pceq3n8,user_5825892d2c
t1,pceq0af,user_f08c93c97b
t1,pceq06y,user_ae49820ed9
t1,pcepz6x,user_0fb91b8347
t1,pcepwvv,user_07a9e5bb57
t1,pcepwie,user_67ddeb29d5
t1,pcepu51,user_f98b197ffa
t1,pceptfi,user_7927feeac0
t1,pceppiy,user_fe2f50e79a
t1,pcepn6m,user_ef3a1ceb4a
t1,pcepmmb,user_8b55f96564
t1,pcepjra,user_ac1044f9bb
t1,pcepiu3,user_b6d8c6e2ee
t1,pcepb5f,user_2f42a576db
t1,pcep6du,user_02ba02dbab
t1,pcep5rb,user_f08c93c97b
t1,pcep15g,user_b69e75a2ee
t1,pcep0of,user_70096cd86e
t1,pceovao,user_69a628a5fa
t1,pceoucv,user_1f12e1b39c
t1,pceosyo,user_731c4a8f31
t1,pceoqw4,user_40fdeb5b3a
t1,pceoqfw,user_cd088fc23f
t1,pceoobu,user_6d558502ba
t1,pceolfw,user_69a628a5fa
t1,pceoied,user_f021cd0c2c
t1,pceogyb,user_4c9d486904
t1,pceofz4,user_697bc602b9
t1,pceoacf,user_5196af6dcc
t1,pceo8t9,user_ef3a1ceb4a
t1,pceo75i,user_f021cd0c2c
t1,pceo5oc,user_12e108f23c
t1,pceo5j7,user_69a628a5fa
t1,pch68nm,user_00e982233f
t1,pch67ee,user_716f0643e4
t1,pch62ye,user_a067e88cc1
t1,pch6070,user_70cf55dde5
t1,pch5zou,user_1436660294
t1,pch5wb9,user_90e840560c
t1,pch5uns,user_3b826255b7
t1,pch5r39,user_5cda1628ec
t1,pch5owl,user_2b8000bafc
t1,pch5ocj,user_2378dd417f
t1,pch5iqn,user_fb521d841e
t1,pch5gwk,user_2ec81c723a
t1,pch5cvx,user_c0575ff771
t1,pch59yn,user_c44a3b0731
t1,pch5829,user_3e17efe318
t1,pch57nz,user_d9d8b0beeb
t1,pch57ld,user_d8187694cc
t1,pch52cc,user_72ffeac194
t1,pch525y,user_a76836ff98
t1,pch51s7,user_e84effcb6b
t1,pch50m5,user_5bdfd82e6e
t1,pch4ypc,user_d8187694cc
t1,pch4wnc,user_db6c6d052a
t1,pch4wch,user_98393138e3
t1,pch4w45,user_e84effcb6b
t1,pch4v92,user_9f2159e54c
t1,pch4svn,user_49b1a408d2
t1,pch4ply,user_abd7aa5eaa
t1,pch4oy5,user_433aaea094
t1,pch4ovo,user_f3267ef82e
t1,pch4n49,user_5cda1628ec
t1,pch4n0b,user_1436660294
t1,pch4lma,user_d7b4240f75
t1,pch4a6i,user_dcf273020e
t1,pch48rq,user_bfdd1954cd
t1,pch48kn,user_19a4c42625
t1,pch46ac,user_404ec18d0b
t1,pch43ya,user_8274cac22b
t1,pch43wl,user_531bfa0527
t1,pch433a,user_739f095c0c
t1,pch42yg,user_1436660294
t1,pch4268,user_bbc5241347
t1,pch417m,user_cdf5e84602
t1,pch3xng,user_f5e3a65b45
t1,pch3wom,user_ca41461a11
t1,pch3w4y,user_e024fc7b89
t1,pch3v00,user_7961bab594
t1,pch3t6t,user_68fb31df73
t1,pch3rys,user_3af312d4cf
t1,pch3riz,user_710f4d696b
t1,pch3r4e,user_981d97a009
t1,pch3r0g,user_f9fa244d7a
t1,pch3pid,user_f0570f210d
t1,pch3phd,user_fb94420779
t1,pch3om1,user_e2938c1b49
t1,pch3nf5,user_7961bab594
t1,pch3j82,user_4e31dc779d
t1,pch3b2q,user_5cda1628ec
t1,pch38x8,user_cd30f21cf0
t1,pch37s2,user_0c7f80dd8c
t1,pch36l3,user_8a5054f54f
t1,pch35p4,user_8f13e403bb
t1,pch34hd,user_9fbf982c6a
t1,pch338z,user_c0ccb152d6
t1,pch3268,user_548a900e5a
t1,pch3023,user_5cda1628ec
t1,pch2yew,user_626b3d3790
t1,pch2y19,user_8cf421d353
t1,pch2x21,user_bff741eab9
t1,pch2npi,user_c0ccb152d6
t1,pch2n9d,user_5542b5f86c
t1,pch2h5d,user_d3d38494dd
t1,pch2g5j,user_8d19952b7b
t1,pch2ddw,user_99fe824d0a
t1,pch2cdf,user_5729436002
t1,pch2cab,user_bd3fec28ba
t1,pch2bje,user_8cb26b6e35
t1,pch27ch,user_67cf8bf2fd
t1,pch277u,user_5542b5f86c
t1,pch24fc,user_be2d4d709e
t1,pch1xtt,user_ac1044f9bb
t1,pch1wrg,user_4334ae0dee
t1,pch1wnc,user_edd855c54b
t1,pch1wht,user_4c432b33c4
t1,pch1uz3,user_91c4803ca7
t1,pch1pkk,user_1771165d6f
t1,pch1o53,user_9e3d436756
t1,pciu2qy,user_7b30bb4640
t1,pcitw2i,user_1c29fe5728
t1,pcitvgz,user_9ef77f06d2
t1,pcitv8c,user_98c477d855
t1,pcitu2t,user_020160ef18
t1,pcitt38,user_e14badbd02
t1,pcitqip,user_c69b305091
t1,pcitq04,user_676b80dee1
t1,pcitoul,user_9ef77f06d2
t1,pcitne4,user_6c1c867613
t1,pcitljo,user_e4e054dc4c
t1,pcitjey,user_40cd3abd31
t1,pcitiyv,user_9ef77f06d2
t1,pcith1k,user_629995b170
t1,pcitgwo,user_8716e01f1e
t1,pcitg38,user_10dc43c449
t1,pcitfop,user_ab12a0a4b2
t1,pcite4t,user_f8d730026c
t1,pcitdvl,user_fd608c3f8b
t1,pcitdss,user_4a5c337d39
t1,pcitb9b,user_79c9e8d4c4
t1,pcit7qf,user_2a8dd23b89
t1,pcit7kx,user_813f430edc
t1,pcit73y,user_527633fffd
t1,pcit5i5,user_baf2ef85d2
t1,pcit5c2,user_41c3a4d21b
t1,pcit1l0,user_d9209fe8e9
t1,pcit108,user_a66492f13c
t1,pcit0y3,user_5ac429b2b1
t1,pcit0iz,user_6a569dd7e1
t1,pcisxxw,user_8e1599310d
t1,pcisvgi,user_c629f3b6b4
t1,pcisuz0,user_0044e5e420
t1,pcisth8,user_d52f7aa94b
t1,pcistgn,user_4740487025
t1,pcisszl,user_f6c5502d46
t1,pciso5b,user_cbf9770c16
t1,pcismfl,user_f6f1b331f3
t1,pcisl36,user_0aaa01190f
t1,pciskwr,user_9eb4466883
t1,pcishyc,user_6a569dd7e1
t1,pcisfk4,user_2c17f71f75
t1,pcisbxc,user_a5dc4f2d1c
t1,pcis7pp,user_506a0b0300
t1,pcis6i1,user_41c83f44fe
t1,pcis4yn,user_0044e5e420
t1,pcis464,user_bbc5241347
t1,pcis2eh,user_b853ac3da7
t1,pcis21k,user_16d85948ad
t1,pcirzz5,user_cde4205fa3
t1,pcirzeb,user_7d44dce609
t1,pciryk8,user_1a6842c69b
t1,pcirr4w,user_c64e79cb9f
t1,pcirqrz,user_93fa4e2a1b
t1,pcirqba,user_d623540eb2
t1,pcirown,user_80d6dd448c
t1,pcirnds,user_41c83f44fe
t1,pcirmme,user_171feb4bf7
t1,pcirmij,user_ab12a0a4b2
t1,pcirlbw,user_41c83f44fe
t1,pcirlbx,user_f15ca660a8
t1,pciri7v,user_7ba34bca17
t1,pcirgf1,user_ec9ec65c44
t1,pcirc6m,user_29c3ffc806
t1,pcirc0a,user_5760326852
t1,pcirbdq,user_502032d4b0
t1,pcirb33,user_9a3541c4a5
t1,pcir91s,user_f6f1b331f3
t1,pcir8g7,user_7ba34bca17
t1,pcir81q,user_8ae9bdc69b
t1,pcir7li,user_d8126b8682
t1,pcir6ts,user_d16569d7bc
t1,pcir5u8,user_6f8394ca1e
t1,pcir5o5,user_5761cf1bf2
t1,pcir35t,user_7a5557da70
t1,pcir32w,user_2f82cc47a1
t1,pcir176,user_fe9b07d568
t1,pcir0tu,user_f142190328
t1,pciqyij,user_fe021a86ab
t1,pciqvgt,user_647a568dcb
t1,pciqs5h,user_82ceaee521
t1,pciqpa4,user_3eba52cb73
t1,pciqn77,user_4316f687d0
t1,pciqm27,user_01c4f3747d
t1,pciqlcj,user_bc0dc00c1a
t1,pciqi20,user_3b08e266a9
t1,pciqdke,user_585fe3fdbd
t1,pck4wnm,user_5d8983ce38
t1,pck4vo4,user_eeffc33c73
t1,pck4r6g,user_f27aeed011
t1,pck4pin,user_354de200cf
t1,pck4oce,user_0aaa01190f
t1,pck4o7i,user_f5bffc3c77
t1,pck4mnn,user_af4a309ac3
t1,pck4mex,user_c266aeeed7
t1,pck4kph,user_b0e0840541
t1,pck4inu,user_e10bdd561a
t1,pck4gam,user_07aab4c495
t1,pck4ejm,user_96d4465239
t1,pck4dx2,user_52ab541f9a
t1,pck4dpy,user_920117ccfa
t1,pck4dkf,user_66463ac4d5
t1,pck4bx9,user_9cc112fb4a
t1,pck4a4b,user_07aab4c495
t1,pck49x0,user_eb86c1f1a7
t1,pck48kh,user_6eabd79586
t1,pck48hr,user_35b4acdb8b
t1,pck42it,user_eeffc33c73
t1,pck41ee,user_b986e6ade5
t1,pck409o,user_c266aeeed7
t1,pck3xzk,user_59c933650c
t1,pck3wrr,user_5a0abe2d05
t1,pck3vev,user_77180e7366
t1,pck3rfv,user_5a0abe2d05
t1,pck3pry,user_29ea3528c2
t1,pck3pul,user_5d8983ce38
t1,pck3n4u,user_96d4465239
t1,pck3mzz,user_91d3acd430
t1,pck3mmx,user_8f632d5768
t1,pck3hak,user_d0d87aac5e
t1,pck3h1v,user_7abf6da14a
t1,pck3gum,user_a0dab08c63
t1,pck3g9r,user_f95cdffe06
t1,pck3ffr,user_c737447bd1
t1,pck3f2p,user_96d4465239
t1,pck3bzz,user_e1c8c282b3
t1,pck3byn,user_ecec3ebb40
t1,pck3bpb,user_620f7bf2c4
t1,pck3bbs,user_11e4bbafc4
t1,pck394i,user_68dfc8242d
t1,pck3419,user_91d3acd430
t1,pck333s,user_8f632d5768
t1,pck32mx,user_45b592689d
t1,pck31g6,user_68dfc8242d
t1,pck2zm6,user_5f61e4dfc2
t1,pck2ub4,user_94c3db360b
t1,pck2rgs,user_07a594bf2c
t1,pck2qr6,user_b096d8ff09
t1,pck2oiw,user_0d43afc0cc
t1,pck2jxi,user_594d8de6c0
t1,pck2ihk,user_3df4c580e8
t1,pck2hql,user_601329656c
t1,pck2gyr,user_5955cb0cd9
t1,pck2gux,user_08437bd387
t1,pck2esr,user_5628bf51cc
t1,pck2eho,user_d91b94b350
t1,pck2d3c,user_08437bd387
t1,pck2d1z,user_7f9b632f4c
t1,pck2amh,user_d545aae566
t1,pck29f5,user_abc6865ec8
t1,pck26rb,user_00d614c904
t1,pck22vd,user_6280e21e96
t1,pck1xe6,user_a40402ecd0
t1,pck1vbe,user_76b33d1028
t1,pck1tnh,user_f82ee1f7a0
t1,pck1oie,user_6d75c5d269
t1,pck1ggj,user_ffebea5450
t1,pck1fiy,user_5628bf51cc
t1,pck1cnp,user_7fc527370f
t1,pck1bfu,user_246c6b55d2
t1,pck1agl,user_50e96a809e
t1,pck19y2,user_13202e3ef3
t1,pck18sy,user_fc31580206
t1,pck18ga,user_2071ccb454
t1,pck16np,user_849e5f92e5
t1,pck14ge,user_2a15bc77b0
t1,pck146m,user_5628bf51cc
t1,pck116z,user_475b8df704
t1,pck0y8r,user_994eb51513
t1,pck0xt4,user_601329656c
t1,pck0xdh,user_849e5f92e5
t1,pck0vu7,user_d39eb9f64d
t1,pck0t3e,user_85b85291fc
t1,pck0qrv,user_a94f22ab90
t1,pck0nt1,user_361e9e1fe4
t1,pcmh2bu,user_63de30647e
t1,pcmgx6m,user_f9a6ca5cd1
t1,pcmgtvi,user_f216797487
t1,pcmgthe,user_db0c0b0021
t1,pcmgsw0,user_e30b4b6ffa
t1,pcmgrv3,user_1928c21cae
t1,pcmgpqq,user_753b526b29
t1,pcmglk2,user_c65790a493
t1,pcmgl2u,user_47ddcc9dc9
t1,pcmginq,user_823f74d893
t1,pcmghhi,user_74c7733550
t1,pcmggow,user_716ab2af07
t1,pcmgfvz,user_2af25a8d36
t1,pcmg8uk,user_a2ade285e9
t1,pcmg8so,user_649196fa6b
t1,pcmg8gw,user_823f74d893
t1,pcmg7p2,user_15c40d1508
t1,pcmg7cz,user_176cb85056
t1,pcmg5jk,user_5433ecf49a
t1,pcmg5cy,user_6790c0edf0
t1,pcmg537,user_14f13e9e25
t1,pcmg29h,user_f881456a7f
t1,pcmg05h,user_7d9facfeab
t1,pcmfxt8,user_3a0642525e
t1,pcmfxu9,user_aac41a4c44
t1,pcmfx9m,user_d66edbdc98
t1,pcmfwuz,user_66419676b1
t1,pcmfwtg,user_3c8cb65116
t1,pcmfq9z,user_d10229edd9
t1,pcmfncj,user_a5a46ffcb9
t1,pcmfmi3,user_5ac9611066
t1,pcmfkxp,user_2b705236d2
t1,pcmfknc,user_314b478e77
t1,pcmfkb6,user_eb65598354
t1,pcmfits,user_bbc5241347
t1,pcmfhio,user_dd603da21c
t1,pcmfgin,user_cf9820f6c9
t1,pcmfeha,user_853b16e9fa
t1,pcmfej6,user_6a9fb7381a
t1,pcmfdjc,user_b116365146
t1,pcmfdbg,user_4f40e02d3e
t1,pcmfbtm,user_709025bda9
t1,pcmfbex,user_bf233079f7
t1,pcmfap4,user_6a9fb7381a
t1,pcmfalz,user_4585220239
t1,pcmf8zx,user_3a0642525e
t1,pcmf6cs,user_b8b96ba448
t1,pcmf6cb,user_fba223c43d
t1,pcmf67s,user_4568f4aae3
t1,pcmf5xd,user_4036b76f7c
t1,pcmf5b6,user_fb521d841e
t1,pcmf2rp,user_cf9820f6c9
t1,pcmf1fp,user_f15ca660a8
t1,pcmez3i,user_363ecf5045
t1,pcmey9z,user_0317153c9a
t1,pcmewd5,user_7241612a8a
t1,pcmew3m,user_66524e9b01
t1,pcmevwy,user_920a4767cd
t1,pcmeuvj,user_4568f4aae3
t1,pcmetpl,user_252fe80b44
t1,pcmesw8,user_87e478402f
t1,pcmesf0,user_8d868305b8
t1,pcmer6w,user_fdb262a42f
t1,pcmepms,user_4568f4aae3
t1,pcmeot1,user_592a4014ee
t1,pcmeobn,user_74aa708558
t1,pcmeo7d,user_f85525219e
t1,pcmeo7l,user_bf5c42be66
t1,pcmelqs,user_649196fa6b
t1,pcmelpa,user_fb5b1fa905
t1,pcmel74,user_bce4ec9951
t1,pcmekj4,user_f1aabee66d
t1,pcmejll,user_0317153c9a
t1,pcmeidz,user_592a4014ee
t1,pcmeh6p,user_eca05b96c6
t1,pcmeeon,user_4585220239
t1,pcmeel7,user_8e6e718eba
t1,pcmeclj,user_72a1f45b4f
t1,pcmebnk,user_580df21919
t1,pcmebeg,user_5322f6e183
t1,pcmeb83,user_2a67d1f625
t1,pcmeajm,user_bf177893c5
t1,pcme7p1,user_1521bc28ff
t1,pcme7j5,user_39252264d4
t1,pcme5kg,user_cde5619990
t1,pcme53p,user_f881456a7f
t1,pcme2nw,user_74aa708558
t1,pcororu,user_a36966cc52
t1,pcormul,user_59c933650c
t1,pcormow,user_3b12e2eb31
t1,pcormab,user_f03878f3e2
t1,pcorgn5,user_d66dba5e60
t1,pcorgei,user_24565a6ee5
t1,pcor795,user_5341374373
t1,pcor5dh,user_cc02db298a
t1,pcor5a9,user_64a07572fc
t1,pcor496,user_097638af0b
t1,pcor3ng,user_6a12779ab4
t1,pcor3dv,user_cda8f495d9
t1,pcor1se,user_a22cd7308b
t1,pcor1cj,user_605362811e
t1,pcoqzvq,user_5144210d3e
t1,pcoqz7m,user_9f60fc254e
t1,pcoqxpi,user_f4703d3b72
t1,pcoqxa7,user_115774441a
t1,pcoqwt5,user_b31f7e0c6d
t1,pcoqw9p,user_b99e1ce8b5
t1,pcoqw6p,user_b550a4d133
t1,pcoqw10,user_6e20a7a309
t1,pcoqs4s,user_b68f38c115
t1,pcoqp8i,user_c4cd27831f
t1,pcoqnmz,user_4568f4aae3
t1,pcoqmzw,user_30267e6555
t1,pcoqk3h,user_80f76246ee
t1,pcoqgpn,user_995546fd2c
t1,pcoqez9,user_19ed266316
t1,pcoqen5,user_eef22359a3
t1,pcoqbov,user_437939c8d3
t1,pcoqamv,user_ef40cabc08
t1,pcoq80q,user_4cf2bcefd3
t1,pcoq7v6,user_b2a12127bb
t1,pcoq7g8,user_e89c715dc9
t1,pcoq6qe,user_b681c2da6b
t1,pcoq679,user_bee2ba4f13
t1,pcoq62h,user_d7221234a5
t1,pcoq5xl,user_20b5754fc2
t1,pcoq5w0,user_f3b19aff95
t1,pcoq44y,user_4f9bf4c1c4
t1,pcoq2r5,user_6fd683866b
t1,pcoq247,user_b68f38c115
t1,pcopzy3,user_9352863ba5
t1,pcopzv9,user_1b02a075b6
t1,pcopzga,user_7a676f4b4b
t1,pcopz4p,user_0c675eb25d
t1,pcopy61,user_4fbdce7e2f
t1,pcopwvi,user_16eb096f30
t1,pcopwov,user_b1a345c225
t1,pcopv7o,user_c737e5be92
t1,pcopuu8,user_5341374373
t1,pcoppr2,user_ce6113160d
t1,pcopop0,user_d64f2f1899
t1,pcopokl,user_4585220239
t1,pcopo4f,user_512f4546fc
t1,pcopk3c,user_1ad50bf41d
t1,pcopg8v,user_7eebb74bbe
t1,pcopaao,user_0e03715067
t1,pcopabg,user_ce6113160d
t1,pcop9d5,user_0fee007a91
t1,pcop838,user_6f651d8c24
t1,pcop6vc,user_ea68d25958
t1,pcop4ok,user_50f92cfa4a
t1,pcop2km,user_c6e4dffeab
t1,pcop29l,user_6dbc0b91ed
t1,pcop1no,user_77527e57e8
t1,pcop1g9,user_c431506271
t1,pcoox3h,user_a5a6438c01
t1,pcoonys,user_fc57ea0d0f
t1,pcoon8t,user_8126a069a4
t1,pcoolgc,user_fc3c2b0535
t1,pcookh0,user_cfdebb4110
t1,pcooijm,user_c90ec229f2
t1,pcoohoc,user_683188a7f9
t1,pcoohkh,user_988f25457b
t1,pcoofnj,user_537c8fe37e
t1,pcooekf,user_82521493f1
t1,pcooc6i,user_63805b7645
t1,pcooa4u,user_267af24f98
t1,pcoo926,user_c431506271
t1,pcoo7hg,user_aa59d7e8ea
t1,pcoo7ff,user_530ec26f1f
t1,pcoo6zb,user_77527e57e8
t1,pcoo6t0,user_7adb9fce87
t1,pcoo4zk,user_3da890217e
t1,pcoo4wd,user_d388301ec8
t1,pcoo4fb,user_a8e059f645
t1,pcoo3vs,user_01e7d924ec
t1,pcoo3gz,user_b68d319192
t1,pcqhirr,user_9cd65b8242
t1,pcqhhuo,user_59178f3460
t1,pcqhhsa,user_cfba090ceb
t1,pcqhgox,user_cfba090ceb
t1,pcqhgo5,user_fd3d0b648e
t1,pcqhcbj,user_59178f3460
t1,pcqh83d,user_6280e21e96
t1,pcqh7th,user_86a7fd2676
t1,pcqh5nb,user_9be611f7e3
t1,pcqh53u,user_910fb3681f
t1,pcqh3bc,user_c5db8520ea
t1,pcqh1qe,user_7b8dee98c7
t1,pcqh055,user_ccfebd3bc3
t1,pcqgzjx,user_55fa057e03
t1,pcqgz23,user_55e7048fed
t1,pcqgwnv,user_07e341ee6e
t1,pcqgucl,user_03feb27f0c
t1,pcqgtmn,user_171feb4bf7
t1,pcqgscg,user_8dddbd0c51
t1,pcqgps8,user_6280e21e96
t1,pcqgowv,user_4ef9464543
t1,pcqgnid,user_0a404159f1
t1,pcqgmg5,user_171feb4bf7
t1,pcqgmd8,user_0a404159f1
t1,pcqglwt,user_f881456a7f
t1,pcqgjsn,user_2a8c1f3e1e
t1,pcqghjj,user_117132b39c
t1,pcqge2e,user_fe53d6a4dc
t1,pcqge3h,user_9fe9b75a80
t1,pcqgckz,user_bff741eab9
t1,pcqg7ew,user_c5db8520ea
t1,pcqg2wb,user_a906203410
t1,pcqg14r,user_0aa3c9aea5
t1,pcqg019,user_ccfebd3bc3
t1,pcqfvjl,user_0a4fab40a2
t1,pcqfsi6,user_04e2b3b584
t1,pcqfl7q,user_df036b3380
t1,pcqfkiv,user_ccfebd3bc3
t1,pcqfhrs,user_de8525dd44
t1,pcqfd9k,user_c5db8520ea
t1,pcqfaud,user_b97fb692d8
t1,pcqfads,user_612cdca9bd
t1,pcqfack,user_1406d40651
t1,pcqf8f3,user_993f78a3e7
t1,pcqf6i8,user_8f3ec07a9d
t1,pcqf687,user_aa59d7e8ea
t1,pcqf48s,user_df2ba4b654
t1,pcqf2jf,user_2855b25dd0
t1,pcqex81,user_b4fddb179f
t1,pcqewkm,user_7303a87a56
t1,pcqeveb,user_ccfebd3bc3
t1,pcqeuhc,user_f34f1f46a7
t1,pcqesc5,user_10c0d0571d
t1,pcqerc2,user_d4222a3e80
t1,pcqer9x,user_16136b4307
t1,pcqepfx,user_7303a87a56
t1,pcqeogj,user_16e87c2ced
t1,pcqenii,user_021f217ef2
t1,pcqemxr,user_f5e96b6248
t1,pcqeh37,user_8a4883e46b
t1,pcqeh2m,user_47d02018f9
t1,pcqe4sa,user_c092cece78
t1,pcqe4lj,user_7dde2387cd
t1,pcqe3no,user_55fa057e03
t1,pcqe2zz,user_60e62f0dd7
t1,pcqe21f,user_f5e96b6248
t1,pcqdyxf,user_8f3ec07a9d
t1,pcqdxe5,user_4b785864f7
t1,pcqdwpz,user_da070418c7
t1,pcqdud2,user_d66dba5e60
t1,pcqdscv,user_1034157f8c
t1,pcqdpxe,user_93361609c7
t1,pcqdp10,user_f9b7ac9fe6
t1,pcqdnk6,user_10551079ef
t1,pcqdmfm,user_f9b7ac9fe6
t1,pcqdh9v,user_f9b7ac9fe6
t1,pcqdfe7,user_f9b7ac9fe6
t1,pcqde7n,user_656562f4df
t1,pcqdb9r,user_f9b7ac9fe6
t1,pcqd8ff,user_f881456a7f
t1,pcqd6zu,user_54dfd96db3
t1,pcqd6m8,user_ccfebd3bc3
t1,pcqd2vd,user_d8bbc8b769
t1,pcqd258,user_45995c7271
t1,pcqczua,user_f9b7ac9fe6
t1,pcqcxqj,user_55fa057e03
t1,pcqcwq4,user_9a3541c4a5
t1,pcqcw9t,user_56a4aa7cc7
t1,pcqcvzi,user_19db82fa86
t1,pcrsy3f,user_80cc2bb8cf
t1,pcrsxe7,user_cfa0186d1b
t1,pcrsu23,user_9bf99f629c
t1,pcrstun,user_b0b8f70c04
t1,pcrssyf,user_efa6075370
t1,pcrssdm,user_a2dc802b50
t1,pcrsr4n,user_cce0761dc2
t1,pcrsqik,user_68a8fd9621
t1,pcrsp5l,user_0c863ebc18
t1,pcrsp1z,user_9afd79f9fd
t1,pcrsj2a,user_33180f5860
t1,pcrsiuc,user_a4c47ac5ee
t1,pcrsiv9,user_92c0a461e1
t1,pcrsiqg,user_7c9a83f433
t1,pcrsil1,user_8ffa264bec
t1,pcrshwg,user_9ddeb74b2c
t1,pcrs9r3,user_5de1c5a96e
t1,pcrs3zl,user_83ba9efb38
t1,pcrs2fh,user_e7c62c67bb
t1,pcrs1mh,user_7c9a83f433
t1,pcrs0qj,user_f472363d35
t1,pcrs0qa,user_83ba9efb38
t1,pcrryd4,user_b3ab12aec1
t1,pcrrvhf,user_0a23554a59
t1,pcrrty8,user_fbe10ecbb8
t1,pcrrszu,user_d3299a233d
t1,pcrrrxl,user_a153b4ea91
t1,pcrrqg5,user_a4c47ac5ee
t1,pcrrmau,user_c96dcc771a
t1,pcrrcfi,user_ff04af8462
t1,pcrrao8,user_c96dcc771a
t1,pcrra66,user_46e2bd2bd7
t1,pcrr8rx,user_413b3d8da6
t1,pcrr89q,user_c96dcc771a
t1,pcrr7bk,user_ff04af8462
t1,pcrr4zi,user_50d6adc058
t1,pcrr34p,user_8703ff2a5c
t1,pcrqzth,user_c226354f0d
t1,pcrqzm3,user_c96dcc771a
t1,pcrqzmp,user_5de1c5a96e
t1,pcrqtrt,user_ac2794724f
t1,pcrqtcw,user_b6fb64924e
t1,pcrqszb,user_721d886684
t1,pcrqpah,user_5de1c5a96e
t1,pcrqo36,user_df3eade50e
t1,pcrqnai,user_cc849a60b3
t1,pcrqkcp,user_f00961e631
t1,pcrqjh9,user_413b3d8da6
t1,pcrqgxj,user_55128fb462
t1,pcrqgt4,user_6aa368ee3f
t1,pcrqfih,user_df3eade50e
t1,pcrqead,user_c54a2680a8
t1,pcrqdji,user_9ad4f7e305
t1,pcrqd85,user_5223bf07e0
t1,pcrqcif,user_27f8289bd6
t1,pcrq92u,user_a2dc802b50
t1,pcrq6ou,user_e01716ad0f
t1,pcrq6lg,user_b8ad90e729
t1,pcrq4nv,user_32d2f02fc4
t1,pcrq1nk,user_988683e3a2
t1,pcrq1dl,user_4b7683d00a
t1,pcrq0zf,user_45e50104f0
t1,pcrq0iq,user_133a3f1a34
t1,pcrpyhd,user_32b5a003b1
t1,pcrpy2q,user_163db76718
t1,pcrpw18,user_1a5d8cbe3f
t1,pcrpum1,user_4c22ade5ec
t1,pcrpuj3,user_9cbcc5c649
t1,pcrptxo,user_b665acbf32
t1,pcrpt5p,user_d91b94b350
t1,pcrpsum,user_d7b4240f75
t1,pcrpsde,user_d84f77a791
t1,pcrps7e,user_418068d069
t1,pcrprld,user_5a99075f79
t1,pcrprh6,user_c6747b4358
t1,pcrprdq,user_dcbaffd1c6
t1,pcrpkui,user_b8ad90e729
t1,pcrpigx,user_892024e1c0
t1,pcrph9z,user_782e1cd603
t1,pcrpfl8,user_43942c0661
t1,pcrpffp,user_97d2af9b89
t1,pcrpdv2,user_d2eb8f161c
t1,pcrpcy6,user_b3f5b63e75
t1,pcrpb5f,user_43942c0661
t1,pcrpalk,user_995546fd2c
t1,pcrp8gw,user_5e8eddcb6a
t1,pcu3tiu,user_7e295b90f9
t1,pcu3rej,user_e4753d45e3
t1,pcu3q2p,user_021f217ef2
t1,pcu3oq1,user_18b6ac5a69
t1,pcu3mjy,user_eb0d6f13e3
t1,pcu3lkn,user_be1282fb9c
t1,pcu3k3m,user_02ae5a9d24
t1,pcu3jlt,user_047e1f8047
t1,pcu3i4h,user_6ed3e27018
t1,pcu3h9e,user_d10408ba2d
t1,pcu3bx3,user_d2eee38bad
t1,pcu39xo,user_c0c1a413a2
t1,pcu37ae,user_d10408ba2d
t1,pcu373h,user_cf0363a978
t1,pcu35em,user_e58992d3aa
t1,pcu34ni,user_f4ea897c8e
t1,pcu30bq,user_ce2719714c
t1,pcu2vug,user_c1cd7d037a
t1,pcu2vn1,user_7373f4bbda
t1,pcu2unf,user_0140c50bc0
t1,pcu2tmx,user_663f812a68
t1,pcu2rzr,user_52148ad906
t1,pcu2oin,user_eb0d6f13e3
t1,pcu2obc,user_3a0f5a7cc1
t1,pcu2m9a,user_bf98b07525
t1,pcu2lwi,user_371799b2c8
t1,pcu2l9t,user_068f160997
t1,pcu2jes,user_52148ad906
t1,pcu2g08,user_52148ad906
t1,pcu2elf,user_2dda417b7c
t1,pcu2cpj,user_e5a09ec276
t1,pcu2bth,user_bb6c3b299b
t1,pcu2bfh,user_eb0d6f13e3
t1,pcu2alm,user_52148ad906
t1,pcu2974,user_d9fbfd2cb7
t1,pcu2516,user_bff24ad09c
t1,pcu24so,user_fa75833bef
t1,pcu23vj,user_b96aedb2d9
t1,pcu239z,user_c05cd159b9
t1,pcu21ry,user_4cd6242c49
t1,pcu21m1,user_c7f6b722b3
t1,pcu210v,user_171feb4bf7
t1,pcu2020,user_5c9ad63e0e
t1,pcu1zyi,user_18b6ac5a69
t1,pcu1zwv,user_171feb4bf7
t1,pcu1zu7,user_4d05369a0f
t1,pcu1xjf,user_5df88a048d
t1,pcu1wge,user_7082f3818d
t1,pcu1vyp,user_577530ddc2
t1,pcu1vp2,user_89076c5aaf
t1,pcu1uqv,user_d536c14d13
t1,pcu1u38,user_7bdfe56816
t1,pcu1st1,user_6e6378fbd6
t1,pcu1qps,user_c235d0cf61
t1,pcu1nms,user_4dff34bf6e
t1,pcu1n7v,user_eb0d6f13e3
t1,pcu1n2h,user_5e25d2171e
t1,pcu1mxt,user_2abcd4c324
t1,pcu1lb1,user_2affd9e92c
t1,pcu1ga6,user_4334ae0dee
t1,pcu1fcb,user_6625921202
t1,pcu1cdo,user_dbac7e3852
t1,pcu1bzf,user_9184151af4
t1,pcu1a9j,user_6d25ca4212
t1,pcu19kr,user_2dda417b7c
t1,pcu18wf,user_a513750592
t1,pcu18h9,user_8e73293f1e
t1,pcu1802,user_c3e8bc40fe
t1,pcu178t,user_c7fd274c6c
t1,pcu14mp,user_f5101a0932
t1,pcu14bn,user_eb0d6f13e3
t1,pcu1403,user_288630546e
t1,pcu13tu,user_6216f60cd0
t1,pcu1277,user_117132b39c
t1,pcu0zwf,user_09fbbe2cb6
t1,pcu0xg2,user_4950821a5c
t1,pcu0xal,user_3c0b8a5097
t1,pcu0x8o,user_004614f843
t1,pcu0wlz,user_8e73293f1e
t1,pcu0w7j,user_0140c50bc0
t1,pcu0uph,user_117132b39c
t1,pcu0sgz,user_5f2914f383
t1,pcu0q42,user_eb0d6f13e3
t1,pcu0knp,user_8af96cbcd4
t1,pcu0k36,user_4e1a0c79a1
t1,pcu0inn,user_117132b39c
t1,pcu0hwg,user_88520818c1
t1,pcu0eqe,user_e34c241a54
t1,pcu0eoe,user_7c9a83f433
t1,pcwegs2,user_4f9a148b34
t1,pcweerl,user_8a273a40a5
t1,pcweelm,user_be620d48c0
t1,pcwedja,user_e9012dd23b
t1,pcwecy1,user_2510b74d5e
t1,pcwebuk,user_5805288141
t1,pcwebri,user_5e8db5dc2f
t1,pcweb93,user_927f2f9352
t1,pcwe9fn,user_ab864ac628
t1,pcwe9dv,user_5633189af5
t1,pcwe8tm,user_99419b0f20
t1,pcwe8g1,user_bdbdd80b6f
t1,pcwe7sk,user_995546fd2c
t1,pcwe6ro,user_9890a10ccb
t1,pcwe6bd,user_8b70c0e40c
t1,pcwe5vl,user_8aa2d7ad76
t1,pcwe5gi,user_438f076119
t1,pcwe57c,user_20e495ac30
t1,pcwe2t3,user_05fb9abb37
t1,pcwe1ic,user_3b0b3337fd
t1,pcwe13u,user_be095ae6db
t1,pcwe0m2,user_990395f54e
t1,pcwdzz7,user_d080823d0a
t1,pcwdz28,user_eef6958be0
t1,pcwdyme,user_59653526d7
t1,pcwdyag,user_ae7000ed05
t1,pcwdy49,user_59412faccd
t1,pcwdy11,user_41082b0298
t1,pcwdxw7,user_19d7f2ec16
t1,pcwdxvf,user_eb0d6f13e3
t1,pcwdwdx,user_e837ca585f
t1,pcwdvwz,user_f788a6a2fe
t1,pcwduao,user_99419b0f20
t1,pcwdsc6,user_fc79cc45ce
t1,pcwdrzk,user_0776233b1f
t1,pcwdrqg,user_cef0d029d9
t1,pcwdqjf,user_7927feeac0
t1,pcwdo4t,user_f2d2136511
t1,pcwdndp,user_2e49565da2
t1,pcwdmxd,user_cde04ed237
t1,pcwdmvv,user_164acb8691
t1,pcwdmjr,user_697562d4ed
t1,pcwdmlf,user_2b9ce58069
t1,pcwdjv2,user_46fbde8bec
t1,pcwdj64,user_16d85948ad
t1,pcwdg2z,user_70e4baa5cc
t1,pcwdfx0,user_84b9343ce3
t1,pcwdfnp,user_fc6984eeca
t1,pcwdf6h,user_2b9ce58069
t1,pcwde5c,user_ac8441d4f7
t1,pcwde16,user_554913849b
t1,pcwddyh,user_16d85948ad
t1,pcwdc18,user_d614692ed6
t1,pcwd9xb,user_99419b0f20
t1,pcwd98u,user_0d79182895
t1,pcwd957,user_983f7e598d
t1,pcwd8e2,user_2e49565da2
t1,pcwd8ah,user_338fd78199
t1,pcwd83v,user_ba6bbbb0eb
t1,pcwd7uy,user_1dc4aa7fdb
t1,pcwd75n,user_c2a3356d8c
t1,pcwd6zx,user_7c5bb4638f
t1,pcwd5zg,user_115ea53933
t1,pcwd42e,user_d14b9e30e6
t1,pcwd3qi,user_df1de52df9
t1,pcwd3f5,user_efa6075370
t1,pcwd2xu,user_eb0d6f13e3
t1,pcwd0q1,user_cde04ed237
t1,pcwd05k,user_bd9f9fd89a
t1,pcwd053,user_5adab9af50
t1,pcwczi7,user_2d0278d729
t1,pcwcx5c,user_02166f98a8
t1,pcwcwl8,user_e63a1e4af2
t1,pcwcwc8,user_4346bdb3a7
t1,pcwcvm4,user_8a9a3f1a0f
t1,pcwcvgd,user_bd9f9fd89a
t1,pcwcuq3,user_2b9ce58069
t1,pcwctgb,user_2d0278d729
t1,pcwcskl,user_46488a6343
t1,pcwcsfj,user_28dccc2c53
t1,pcwcrgz,user_e1794aab1d
t1,pcwcr47,user_c03ff521d5
t1,pcwcq7i,user_2e49565da2
t1,pcwcq78,user_02166f98a8
t1,pcwcnpk,user_25969c32c5
t1,pcwclu9,user_ac0619515e
t1,pcwcl0f,user_6597768c2e
t1,pcwcku5,user_ba6bbbb0eb
t1,pcwcigo,user_54d02f71b0
t1,pcy5es3,user_81daa305e1
t1,pcy5d46,user_886e33853a
t1,pcy5bx8,user_d63b76815d
t1,pcy5b8l,user_c96dcc771a
t1,pcy5abf,user_8d1a6b8bdc
t1,pcy5a6h,user_bf0dd81e7a
t1,pcy57bo,user_29cfd875bc
t1,pcy52sw,user_78d2d98aa5
t1,pcy528p,user_ef0deeb1c0
t1,pcy5164,user_589389ad27
t1,pcy50ep,user_981d97a009
t1,pcy4zft,user_11df03bb07
t1,pcy4ynn,user_1ba9aa38c4
t1,pcy4ypp,user_dc326cfa40
t1,pcy4wyz,user_d28e23e4ae
t1,pcy4vyb,user_801900a0ce
t1,pcy4twc,user_acdb6cefb8
t1,pcy4qi7,user_1bc4874ee5
t1,pcy4p57,user_171feb4bf7
t1,pcy4mp4,user_0a404159f1
t1,pcy4jnr,user_0de955eb38
t1,pcy4ixt,user_0a404159f1
t1,pcy4hc7,user_bdc6632b51
t1,pcy4h8f,user_0a404159f1
t1,pcy4h4z,user_c85b1ef2af
t1,pcy4gel,user_96de4a24bf
t1,pcy4g4u,user_526bae4a22
t1,pcy4fug,user_9914f4f6bc
t1,pcy4fu5,user_a8c8f4d6da
t1,pcy4dl1,user_a031247dfe
t1,pcy4dbl,user_0a404159f1
t1,pcy4alp,user_1666ef78a5
t1,pcy48mv,user_e1ca3130c0
t1,pcy45ve,user_b438a4bbca
t1,pcy45ui,user_0a404159f1
t1,pcy40p6,user_00180fcc4d
t1,pcy3zuz,user_0a404159f1
t1,pcy3ysr,user_30c1e397a1
t1,pcy3x20,user_0a404159f1
t1,pcy3w7o,user_7ae5122bb4
t1,pcy3vaj,user_f18dd4d2a9
t1,pcy3v9x,user_b9360e5bec
t1,pcy3uy1,user_5d31af83a1
t1,pcy3tmh,user_fa66e484fc
t1,pcy3tgr,user_adee107de0
t1,pcy3sxj,user_aa60c019a9
t1,pcy3qm0,user_17dab4a052
t1,pcy3qba,user_4ba0f6d50d
t1,pcy3pvl,user_3b62ed61de
t1,pcy3p76,user_778bdfa8e9
t1,pcy3o7e,user_b53734aa50
t1,pcy3o1w,user_915f35d56f
t1,pcy3l97,user_5f1656c8e7
t1,pcy3iy2,user_ebe7d18cdb
t1,pcy3ifl,user_0a404159f1
t1,pcy3icp,user_5f1656c8e7
t1,pcy3i1b,user_b1a7561433
t1,pcy3hys,user_1cf9ea5793
t1,pcy3ey7,user_2529f0ae7d
t1,pcy3exi,user_683188a7f9
t1,pcy3cq2,user_b0c0b25cb1
t1,pcy3ags,user_2caa925b38
t1,pcy3ae1,user_b9440083e7
t1,pcy39a2,user_5c69189d09
t1,pcy3952,user_c6095b85ed
t1,pcy35w2,user_41fc2208ac
t1,pcy35o5,user_01b748e975
t1,pcy32dh,user_5bbf623a1f
t1,pcy31pr,user_a3d070b736
t1,pcy2zge,user_4ba1c80b08
t1,pcy2zcq,user_981d97a009
t1,pcy2xqt,user_c709cdde70
t1,pcy2w9m,user_3d224266ad
t1,pcy2vv3,user_266041e0dc
t1,pcy2vhp,user_b10d9240f2
t1,pcy2v5b,user_7ae5122bb4
t1,pcy2v4b,user_b96d12b5be
t1,pcy2uux,user_23e6478b50
t1,pcy2trg,user_583922c5e6
t1,pcy2sso,user_63664a20f4
t1,pcy2o4h,user_091fcd6199
t1,pcy2nbj,user_14114f48b3
t1,pcy2jl0,user_63664a20f4
t1,pcy2ijy,user_b07763d21a
t1,pcy2hy5,user_2a8d1668a3
t1,pcy2hn8,user_c2957b6cf7
t1,pcy2guz,user_b96d12b5be
t1,pcy2gqv,user_9f758b697a
t1,pczi995,user_b57a439db1
t1,pczi7l8,user_070e592f4e
t1,pczi74o,user_39d263ac28
t1,pczi6k9,user_b2497a09fe
t1,pczi2qy,user_5669483718
t1,pczi1zu,user_26a03d80a8
t1,pczi1dv,user_a76474b651
t1,pczi05s,user_77d0a4c010
t1,pczhzka,user_ed697706c3
t1,pczhz0m,user_8b4dcba950
t1,pczhw8k,user_ad4205a7c2
t1,pczhta8,user_0760a68a6e
t1,pczhsev,user_09aae22a61
t1,pczhrbf,user_1e00e844ea
t1,pczhr9o,user_03ab00ac46
t1,pczhr90,user_8b4dcba950
t1,pczhqy1,user_d8f64e8734
t1,pczhoj1,user_2663471e50
t1,pczhmkm,user_d73e2e1c5c
t1,pczhmjr,user_ad4205a7c2
t1,pczhlbq,user_f1b37f2b09
t1,pczhk9b,user_e1eea91d57
t1,pczhgz8,user_c9fb89b27a
t1,pczhbpt,user_dcd00adb81
t1,pczhaon,user_88ecd0fe37
t1,pczhaij,user_4a5efb5020
t1,pczh7io,user_85c0613bdb
t1,pczh685,user_e0752097e8
t1,pczh5fm,user_782b3aff35
t1,pczh4pd,user_7655da60af
t1,pczh3eh,user_a3f93d5b0d
t1,pczh34i,user_c50ea5e582
t1,pczh2mq,user_4256285e96
t1,pczgxxj,user_a8d2d46c5d
t1,pczgxlx,user_4fc32a5531
t1,pczgvcx,user_a3f93d5b0d
t1,pczgtqs,user_da2e962723
t1,pczgtmf,user_b8a841afae
t1,pczgrks,user_a4a1632a0d
t1,pczgr55,user_6eb40c1204
t1,pczgqis,user_ce56ddc6cb
t1,pczgpq8,user_96d420a6df
t1,pczgmii,user_07e341ee6e
t1,pczgja8,user_f221a217cb
t1,pczgiys,user_b5b85074c7
t1,pczgivq,user_e4ea62fc2c
t1,pczgfhv,user_413b3d8da6
t1,pczgc1r,user_4fa388e521
t1,pczgap6,user_71ff053893
t1,pczg8mw,user_ab25559bbc
t1,pczg3i4,user_7446fe24c4
t1,pczg1xz,user_aac41a4c44
t1,pczg195,user_1e8f313827
t1,pczg0zf,user_4b0c07e463
t1,pczfyxs,user_ed054601b1
t1,pczfyxq,user_7eebb74bbe
t1,pczfy64,user_441285ca83
t1,pczftlm,user_cd85f42fd4
t1,pczfsq3,user_6e0ae160ae
t1,pczfq5y,user_771ccfe47d
t1,pczfpf0,user_854757f08e
t1,pczfogz,user_ecf74e4628
t1,pczfod9,user_8beccf4343
t1,pczfk14,user_2dda417b7c
t1,pczfjqw,user_09fbbe2cb6
t1,pczfjbq,user_53e68b0c8c
t1,pczfiu5,user_bc9769f309
t1,pczfhu1,user_2b8000bafc
t1,pczfgog,user_696d2ef118
t1,pczffts,user_3b4c0b4f74
t1,pczfdy7,user_24ad2aeb59
t1,pczfdgl,user_09fbbe2cb6
t1,pczfbzj,user_7c612e9ed1
t1,pczfb7o,user_26d87b1ff3
t1,pczf9dh,user_96652bc918
t1,pczf99a,user_0cb084e113
t1,pczf81o,user_99f758f66a
t1,pczf77q,user_d84a7a4dc5
t1,pczf6wm,user_696d2ef118
t1,pczf4wk,user_7ba69bf6e0
t1,pczf4f6,user_696d2ef118
t1,pczf3tw,user_c7aeffd94c
t1,pczf2vw,user_09fbbe2cb6
t1,pczf1gd,user_f881456a7f
t1,pczeydh,user_ee1b89c4bc
t1,pczexmt,user_f2fb5af268
t1,pczevsj,user_c15cdacb80
t1,pczeuzn,user_0140c50bc0
t1,pczerl0,user_1202a67388
t1,pd1sv36,user_e3e18ebdb3
t1,pd1sr40,user_bdec977f33
t1,pd1sq5l,user_8de6c6c8cb
t1,pd1sq63,user_bbc5241347
t1,pd1snz0,user_b789813846
t1,pd1snfu,user_2b35bf3ef2
t1,pd1snbp,user_7493ad380c
t1,pd1sn2v,user_b5dd4d75be
t1,pd1sm9m,user_e4422d3631
t1,pd1sizz,user_07e341ee6e
t1,pd1shb2,user_a76836ff98
t1,pd1sgkw,user_1d4299deb4
t1,pd1sfq2,user_7493ad380c
t1,pd1sfqe,user_d3e98f5255
t1,pd1sf0p,user_4fbfa78762
t1,pd1sd5p,user_e8c5006a6a
t1,pd1sc47,user_3523268ec3
t1,pd1sa1g,user_3557f998da
t1,pd1s8md,user_08f49a3b21
t1,pd1s8ia,user_646cf981f4
t1,pd1s8ju,user_d66dba5e60
t1,pd1s8cb,user_005b2cae15
t1,pd1s7yl,user_1703ff01e7
t1,pd1s7sq,user_96a253c14d
t1,pd1s2ky,user_0e88c8d6a2
t1,pd1s1jc,user_bbc5241347
t1,pd1s11b,user_bc5951c674
t1,pd1s051,user_b2596a3b18
t1,pd1rzph,user_96a253c14d
t1,pd1ryhk,user_15392e6a87
t1,pd1rxsd,user_431c13a8d4
t1,pd1rwr8,user_a41423fce3
t1,pd1rwor,user_57acbbfd37
t1,pd1ruq6,user_27a7a68533
t1,pd1rrp1,user_d2036977d3
t1,pd1rqyb,user_25e8325dcf
t1,pd1rqih,user_7b76590e09
t1,pd1roqr,user_5d8983ce38
t1,pd1roe4,user_6216507e9f
t1,pd1ro4k,user_6397f4718b
t1,pd1rnn6,user_25e8325dcf
t1,pd1rkyt,user_3523268ec3
t1,pd1rjh5,user_d66dba5e60
t1,pd1ri6a,user_780bfaa5e9
t1,pd1rgbn,user_93b7ebc19f
t1,pd1ren5,user_26f53db55d
t1,pd1rbkz,user_a8c8f4d6da
t1,pd1rbhq,user_07e341ee6e
t1,pd1rb9l,user_60515416dd
t1,pd1r8un,user_bbc5241347
t1,pd1r8ai,user_11ad0fec8a
t1,pd1r83y,user_4dd1c0ac2b
t1,pd1r846,user_25e8325dcf
t1,pd1r7p7,user_658af009ad
t1,pd1r5iu,user_baa86e4950
t1,pd1r4c2,user_966821c18c
t1,pd1r3d9,user_de62119e5b
t1,pd1r309,user_a8c8f4d6da
t1,pd1r17s,user_7107941ae2
t1,pd1qzc1,user_cd72260ae3
t1,pd1qyc9,user_ee02abdd03
t1,pd1qy7g,user_333be4d56f
t1,pd1quzn,user_0af01a9504
t1,pd1qu86,user_e20aee860c
t1,pd1qszs,user_c7c192a41a
t1,pd1qrkw,user_470ad3c316
t1,pd1qqrc,user_0550aae89e
t1,pd1qops,user_bc5951c674
t1,pd1qnme,user_de62119e5b
t1,pd1qm60,user_df95b91e1d
t1,pd1qm5w,user_b5dd4d75be
t1,pd1qkoh,user_10675e0eb5
t1,pd1qfzk,user_de62119e5b
t1,pd1qenk,user_7ae43dfaf7
t1,pd1qebv,user_ed02e6ed13
t1,pd1qcl8,user_a37a34fe91
t1,pd1qcl5,user_e3e18ebdb3
t1,pd1qcin,user_63f31a9437
t1,pd1qcab,user_d1bbb9f80f
t1,pd1qb9x,user_1e4439df93
t1,pd1qaz5,user_22d503958c
t1,pd1qaab,user_df95b91e1d
t1,pd1q8c5,user_48619d8e08
t1,pd1q7ls,user_b3042b2041
t1,pd1q7ge,user_c057164385
t1,pd1q5rl,user_0bd38904d7
t1,pd1q491,user_04d85820f2
t1,pd1q49i,user_da7bc40485
t1,pd1q482,user_d1bbb9f80f
t1,pd1q1c8,user_935a54de2c
t1,pd3z9ex,user_7309a98693
t1,pd3z7pp,user_6410c94ccc
t1,pd3z7dq,user_f9683b4346
t1,pd3yyep,user_9f0bdeb011
t1,pd3yxx4,user_fab5e841ea
t1,pd3ywte,user_dd5aacb8d9
t1,pd3yvjf,user_df7f1e8d71
t1,pd3yu22,user_0c52242387
t1,pd3ytwp,user_26db1a123d
t1,pd3yowy,user_0c52242387
t1,pd3ylov,user_7ae43dfaf7
t1,pd3yle8,user_268da6ed3b
t1,pd3ykyd,user_7ae43dfaf7
t1,pd3yk1a,user_2274f86053
t1,pd3yhgv,user_a38e6fcd5b
t1,pd3yh8r,user_5554ee0988
t1,pd3yetl,user_16b21062a0
t1,pd3yeod,user_d131186001
t1,pd3yd7r,user_7c1fe6153f
t1,pd3ycig,user_5b0a8b282e
t1,pd3y9du,user_80612d73e6
t1,pd3y96m,user_0c52242387
t1,pd3y93b,user_f94aea3e39
t1,pd3y7x4,user_6eb40c1204
t1,pd3y7jg,user_dd5aacb8d9
t1,pd3y71f,user_f6cb9b2251
t1,pd3y700,user_c294141ad8
t1,pd3y2wg,user_c737e5be92
t1,pd3y1d2,user_bf773b44cf
t1,pd3xzey,user_dd653d5a07
t1,pd3xzb5,user_d5ed40eaf2
t1,pd3xz1b,user_c64c59c030
t1,pd3xxy5,user_f6cb9b2251
t1,pd3xwbd,user_f50f8cbc9a
t1,pd3xpzg,user_f6a6a49ca4
t1,pd3xpxb,user_f94aea3e39
t1,pd3xog2,user_804700b8c1
t1,pd3xoce,user_59c933650c
t1,pd3xma0,user_9d8c108d73
t1,pd3xkv2,user_bd1209bcba
t1,pd3xk99,user_815f37222f
t1,pd3xk8l,user_2fe13356b6
t1,pd3xg6z,user_f3f5f625b4
t1,pd3xfyu,user_97624ac33c
t1,pd3xfd0,user_f2dd4873e3
t1,pd3xc48,user_5554ee0988
t1,pd3xbgx,user_41fb7bd872
t1,pd3x8r2,user_fe232fa48e
t1,pd3x7id,user_fd47d2009c
t1,pd3x661,user_18b6ac5a69
t1,pd3x052,user_59c933650c
t1,pd3wwej,user_2dbaf45472
t1,pd3ww7q,user_fe232fa48e
t1,pd3wuvr,user_70945109bf
t1,pd3wtfv,user_ceb6b1cec4
t1,pd3wr50,user_2fe13356b6
t1,pd3wq9r,user_25e8325dcf
t1,pd3wpue,user_f5e3a65b45
t1,pd3wp58,user_cceb771a83
t1,pd3wl15,user_0550aae89e
t1,pd3wjir,user_bd1209bcba
t1,pd3why2,user_d5ec45848b
t1,pd3wg2q,user_8800fe79e4
t1,pd3wfim,user_20e58bbb58
t1,pd3wfa7,user_0c52242387
t1,pd3wdks,user_ef1922b046
t1,pd3wda3,user_fbf17a8740
t1,pd3wcr2,user_c0878f96b8
t1,pd3wb3b,user_33a5c9e836
t1,pd3w9f0,user_6fa503380c
t1,pd3w7ye,user_54cf929116
t1,pd3w6hi,user_401dd142e5
t1,pd3w5ux,user_9d47b6c98f
t1,pd3w4fg,user_634659a7bd
t1,pd3w2vt,user_412d5d9017
t1,pd3w2t2,user_805a48c75a
t1,pd3w1kg,user_6fa503380c
t1,pd3w181,user_540a1cca1f
t1,pd3vz2g,user_5554ee0988
t1,pd3vyr7,user_ef1922b046
t1,pd3vxz4,user_dd7fda760d
t1,pd3vru4,user_a37ba1e9fc
t1,pd3vo4j,user_b9b9b0ca56
t1,pd3vngl,user_d9f5a4f1e9
t1,pd3vnft,user_a3032e281e
t1,pd3vms9,user_241815a476
t1,pd3vluv,user_aaafd696e1
t1,pd3vl71,user_1fcc0744f8
t1,p7ix4j1,user_4d32255b01
t1,p7ix2wm,user_9c1daaa08e
t1,p7ix0vj,user_2155aa303b
t1,p7iwzod,user_2157f1b791
t1,p7iwyrd,user_76da0a68e2
t1,p7iwv1u,user_2d473685b6
t1,p7iwuxl,user_b66459bfb2
t1,p7iwurs,user_0e8ff8b339
t1,p7iwoeo,user_29c3ffc806
t1,p7iwi08,user_f513ec3c6a
t1,p7iwdt1,user_52d77b24e8
t1,p7iw3qf,user_5f8371c4ab
t1,p7iw0xn,user_b9d659b99b
t1,p7ivz6j,user_affe441da3
t1,p7ivuue,user_c292cc4c69
t1,p7ivnro,user_464b9605c4
t1,p7ivlh3,user_8e6a9b272c
t1,p7ivhve,user_2b4f1da654
t1,p7ives4,user_688374f504
t1,p7iv9qp,user_9bf84d18ac
t1,p7iv7y7,user_9dcbfad574
t1,p7iv1s7,user_af324fbdb9
t1,p7iupq6,user_232b9c08a5
t1,p7iulft,user_b4a2a4a0b8
t1,p7iui5g,user_6e002fc2a7
t1,p7iugis,user_d39f8d4009
t1,p7iugfu,user_37bc3e6768
t1,p7iuboc,user_798329a63a
t1,p7iubn6,user_1738482640
t1,p7iu1th,user_8da589bc07
t1,p7iu02m,user_0463074c46
t1,p7itwms,user_f142389c61
t1,p7itpy1,user_8da589bc07
t1,p7itjgb,user_98498296c4
t1,p7ith0a,user_8da589bc07
t1,p7itgxb,user_ce6fe868ab
t1,p7itcbq,user_56f0ac7019
t1,p7it8qa,user_dff9d1adfa
t1,p7it0in,user_42eb85035f
t1,p7isulk,user_6fb521a309
t1,p7isste,user_aa41bf3fbc
t1,p7iso5x,user_e2abe3466e
t1,p7isjwd,user_2a9cababb9
t1,p7isjdp,user_94fcfe9a49
t1,p7isind,user_96c0279868
t1,p7isg2y,user_cabb6c6db3
t1,p7isfwk,user_8d5c7adfdb
t1,p7isf2x,user_8c68e8ffaf
t1,p7iscpl,user_ae98994ebf
t1,p7isahb,user_67bbe3e80e
t1,p7is5i2,user_e3354e4e8f
t1,p7is3tu,user_33b9234b14
t1,p7is2rq,user_b1aa22ac62
t1,p7irzyc,user_16f2adddb1
t1,p7irvn9,user_8e2cc56604
t1,p7irv1a,user_8da589bc07
t1,p7irv1w,user_2f466cefb1
t1,p7iru0o,user_be610be82a
t1,p7irtel,user_5ba0c6d21a
t1,p7irpb1,user_03b5b685eb
t1,p7irn94,user_b1aa22ac62
t1,p7irkip,user_16f2adddb1
t1,p7irham,user_8da589bc07
t1,p7irdqj,user_4443e47b96
t1,p7irci4,user_e7809992da
t1,p7irb1j,user_96c0279868
t1,p7ir9tp,user_973b96d0ab
t1,p7ir9gi,user_949e48dfb2
t1,p7ir4jf,user_42a0b8d709
t1,p7ir3xo,user_96740b1445
t1,p7ir34f,user_8da589bc07
t1,p7ir03h,user_b1aa22ac62
t1,p7iqzki,user_9ed3d890ec
t1,p7iqzbs,user_8442f227ce
t1,p7iqys0,user_184f7baf88
t1,p7iqx2p,user_9d0805a158
t1,p7iqwcl,user_5d6614947e
t1,p7iqtbe,user_b1a8692b33
t1,p7iqqvj,user_8160b52057
t1,p7k7b3s,user_e2848509bc
t1,p7k7azo,user_917d19d8dd
t1,p7k77au,user_9d80a25e37
t1,p7k776s,user_a59ab07f38
t1,p7k720v,user_8de6f63e34
t1,p7k6zx1,user_5ceb087bbc
t1,p7k6zox,user_89ad63df46
t1,p7k6xga,user_ea6e0d5446
t1,p7k6x63,user_53b4b8db11
t1,p7k6vcn,user_2705adeefa
t1,p7k6qkk,user_a59ab07f38
t1,p7k6n38,user_615ca9f6f5
t1,p7k69mu,user_3029357d54
t1,p7k5x71,user_b50dafc5d5
t1,p7k5vd6,user_56f163167d
t1,p7k5id3,user_ad9cc67aaa
t1,p7k5gb5,user_4b53d5500c
t1,p7k5g8e,user_26a19b25cc
t1,p7k5fjh,user_c55e925dda
t1,p7k5flq,user_9d80a25e37
t1,p7k5e3m,user_b55a92f7db
t1,p7k5bvu,user_db36d45d55
t1,p7k57g3,user_e08fc19379
t1,p7k52k2,user_db9709988f
t1,p7k52bt,user_7dcbf7921d
t1,p7k4oku,user_70743a4e74
t1,p7k4ibl,user_e89fdfcb9c
t1,p7k4i8c,user_526688902f
t1,p7k4gyh,user_ad9cc67aaa
t1,p7k4frg,user_2e1dcdc182
t1,p7k4dbn,user_db9709988f
t1,p7k4cer,user_79ec27ad7b
t1,p7k4arm,user_07c562fdc6
t1,p7k49zf,user_e9af761c54
t1,p7k47rc,user_70a08349c2
t1,p7k44vw,user_7231b7da22
t1,p7k433n,user_e95b4ee2a2
t1,p7k42pj,user_e0a7ba663f
t1,p7k42lk,user_3840e80c8e
t1,p7k42d2,user_be4e41819c
t1,p7k40un,user_ad9cc67aaa
t1,p7k3ujd,user_79ec27ad7b
t1,p7k3oda,user_ad9cc67aaa
t1,p7k3m99,user_3840e80c8e
t1,p7k3i5x,user_88fc6325bf
t1,p7k3a4b,user_f880186362
t1,p7k35q8,user_6e48a8f378
t1,p7k3398,user_fc9d848bff
t1,p7k2vm0,user_42dd8b1c59
t1,p7k2uzj,user_ad9cc67aaa
t1,p7k2qsn,user_62a5d95e8f
t1,p7k2my4,user_5b060bde0c
t1,p7k2lk0,user_526688902f
t1,p7k2e5u,user_f33574cc00
t1,p7k2452,user_17f473e5cb
t1,p7k1zj3,user_cf5ce68847
t1,p7k1wwz,user_4b0af2c79f
t1,p7k1wwd,user_82d7cd75b8
t1,p7k1ov7,user_ad9cc67aaa
t1,p7k1n77,user_ac863f912e
t1,p7k1lc8,user_e89fdfcb9c
t1,p7k1c9p,user_348a5cc39c
t1,p7k146h,user_8da589bc07
t1,p7k13o3,user_82d7cd75b8
t1,p7k12jr,user_76714c57d4
t1,p7k0tek,user_8da589bc07
t1,p7k0ntr,user_e3c7da53a7
t1,p7k0j46,user_63275a9311
t1,p7k0ghl,user_7a68259487
t1,p7k09xi,user_7a68259487
t1,p7jz3ve,user_9a4a5e7685
t1,p7jyvpk,user_5f195b9b34
t1,p7jykm6,user_e95b4ee2a2
t1,p7jyix2,user_0493fe4218
t1,p7jyhsc,user_34261c4924
t1,p7jygkj,user_ad9cc67aaa
t1,p7jybh3,user_533adce040
t1,p7jxwrd,user_18480ff2bb
t1,p7jxu93,user_ad9cc67aaa
t1,p7jxk5o,user_95d998e5fd
t1,p7jxes4,user_f88dfad7d6
t1,p7mf1mr,user_4fed78bfa8
t1,p7mf05c,user_816c446ccd
t1,p7mezz1,user_eca185bcb8
t1,p7mezqg,user_912183ece4
t1,p7mez2x,user_68cf797086
t1,p7mex80,user_efa56a122d
t1,p7meqax,user_ca9aeff26d
t1,p7meomf,user_8a0a80f544
t1,p7men74,user_d885877921
t1,p7memrb,user_e28761785b
t1,p7mec3r,user_e4f042126a
t1,p7me6d3,user_526688902f
t1,p7me2qk,user_1193148973
t1,p7me1dg,user_862cd67dd0
t1,p7mdws9,user_4391089c27
t1,p7mduoe,user_c2dd39040a
t1,p7mdo0b,user_ce6fe868ab
t1,p7mdmw0,user_8db08c6028
t1,p7mdl3y,user_f513ec3c6a
t1,p7mdhx5,user_efa56a122d
t1,p7mdfxn,user_5efb9c1d79
t1,p7mddii,user_4391089c27
t1,p7md9vi,user_1f0eefeeb4
t1,p7md796,user_fbbd42e16b
t1,p7md6i5,user_0490713ced
t1,p7md47n,user_ad9cc67aaa
t1,p7md2r9,user_c65a509bc1
t1,p7md1w1,user_1e901cb8ab
t1,p7md0ps,user_ae0eedc903
t1,p7mcup6,user_0d3a821799
t1,p7mcrdu,user_2af063d97e
t1,p7mcpj1,user_526688902f
t1,p7mcl4p,user_6e3956a806
t1,p7mcivb,user_22f1156045
t1,p7mchrh,user_31798036b3
t1,p7mcg35,user_1d1b46e013
t1,p7mcfs3,user_f026117583
t1,p7mcbtt,user_14215f20f9
t1,p7mc9wl,user_8429b6d292
t1,p7mc5oz,user_8da589bc07
t1,p7mc0hs,user_aaca89e4fe
t1,p7mbyot,user_edf2a4bf93
t1,p7mboba,user_34261c4924
t1,p7mbh1z,user_2616537ef4
t1,p7mbecm,user_1b980211eb
t1,p7mb5f7,user_3faeae97f5
t1,p7mb4np,user_e45effb0bd
t1,p7mb3vz,user_9d8f883ae3
t1,p7mb2c2,user_3aac9d2d4c
t1,p7mb145,user_8de9c0cff3
t1,p7mb0la,user_ed2e8a2b09
t1,p7mavqs,user_82de02854a
t1,p7marro,user_2616537ef4
t1,p7mao37,user_e3a0f00103
t1,p7mame6,user_f6f5721949
t1,p7malan,user_d7ef664340
t1,p7maguy,user_8330b0831e
t1,p7mafjc,user_efa56a122d
t1,p7mafe9,user_ed2e8a2b09
t1,p7maezy,user_0d3a821799
t1,p7macxi,user_a6c8affa2a
t1,p7maaxp,user_8cd0e6bc4e
t1,p7maapx,user_8e416607cf
t1,p7ma7iu,user_3faeae97f5
t1,p7ma7ct,user_3246228cc8
t1,p7ma5zp,user_efa56a122d
t1,p7ma4wi,user_b9684dcbdb
t1,p7ma398,user_f894e298f2
t1,p7m9ysd,user_8cd0e6bc4e
t1,p7m9w26,user_c50652195a
t1,p7m9w3g,user_eae39abf74
t1,p7m9uqr,user_d4dc4652dc
t1,p7m9ree,user_8a16543722
t1,p7m9psx,user_3e9110cd7f
t1,p7m9opz,user_2616537ef4
t1,p7m9ngd,user_13bf4523f9
t1,p7m9nch,user_e14aa10386
t1,p7m9eft,user_be192d305e
t1,p7m9d3e,user_8a16543722
t1,p7m9c57,user_4cadf34a08
t1,p7m99pm,user_c8c84fa84a
t1,p7m94a4,user_c7b5a460d7
t1,p7m90pi,user_333f41ef3c
t1,p7m8tm4,user_2a3d75fe10
t1,p7okl8l,user_c82342d227
t1,p7okkwe,user_643f399948
t1,p7okjti,user_6b9e6c4653
t1,p7okjtk,user_b6bc5b8d91
t1,p7okios,user_e28df57bdf
t1,p7oki5l,user_be610be82a
t1,p7okhwz,user_a7520bb036
t1,p7okg4n,user_3790cd3182
t1,p7okeu3,user_d512975e9c
t1,p7okd6o,user_e5f3c5c0fb
t1,p7okcw6,user_0b55ffb987
t1,p7okcpb,user_48ac3b366c
t1,p7ok9n2,user_5699cc9520
t1,p7ok8x1,user_01efa610a6
t1,p7ok62t,user_9bbf6215a7
t1,p7ok5f4,user_42b27f88b9
t1,p7ok3pv,user_5cfcbefd23
t1,p7ok3lp,user_051834d698
t1,p7ojwq9,user_e31144bd0b
t1,p7ojw8u,user_833769d093
t1,p7ojw3f,user_546dddb74b
t1,p7ojvvo,user_bf0d9427b1
t1,p7ojrbz,user_24938274de
t1,p7ojqcz,user_643f399948
t1,p7ojot9,user_330c24c527
t1,p7ojoox,user_ad757bae3b
t1,p7ojn5y,user_9402e8bdd7
t1,p7ojldv,user_bee24797a7
t1,p7oji39,user_5e47008203
t1,p7ojfcl,user_24938274de
t1,p7ojca5,user_5e47008203
t1,p7ojbf4,user_c10cb90d1f
t1,p7oj85m,user_c8225a4c11
t1,p7oj6hn,user_c10cb90d1f
t1,p7oj3v5,user_a7520bb036
t1,p7oj3vg,user_dc468333c0
t1,p7oizym,user_fa2ff48e93
t1,p7oizr0,user_0526cf30dd
t1,p7oiz9a,user_d1563ac156
t1,p7oiui3,user_7b59b9ac7d
t1,p7oityf,user_467f893ef6
t1,p7oit73,user_2137f391f9
t1,p7oisn3,user_1a42fe87e0
t1,p7oirst,user_4705552b8e
t1,p7oira7,user_051834d698
t1,p7oiq0t,user_c10cb90d1f
t1,p7oiq13,user_9402e8bdd7
t1,p7oipra,user_e5a15c381c
t1,p7oipb3,user_50ad7391b5
t1,p7oiifo,user_d1563ac156
t1,p7oihdc,user_7e0871a98a
t1,p7oigc7,user_856f76fbc1
t1,p7oifsj,user_9e5d1219e3
t1,p7oiezl,user_cf42ba7e30
t1,p7oibu9,user_25faddd69a
t1,p7oi7yi,user_5e47008203
t1,p7oi78l,user_629e9d3573
t1,p7oi35e,user_7e3b90a6db
t1,p7ohx04,user_42b27f88b9
t1,p7ohwkr,user_9cd0dd7886
t1,p7ohrys,user_48ac3b366c
t1,p7ohpbt,user_65cf44140d
t1,p7ohom8,user_e14aa10386
t1,p7ohn2s,user_abb9ca9ce2
t1,p7ohke8,user_5e47008203
t1,p7ohk0t,user_f8359d2a66
t1,p7ohfn0,user_bb1aa6dc67
t1,p7ohfh5,user_8f09cf57d4
t1,p7ohaxg,user_66ac5d39fc
t1,p7oh7y0,user_42b27f88b9
t1,p7oh7rh,user_50779d0fef
t1,p7oh72y,user_81681e0200
t1,p7oh5n9,user_be610be82a
t1,p7oh2we,user_223b7351cd
t1,p7oh1rq,user_af324fbdb9
t1,p7oh0na,user_e90f42358d
t1,p7ogzpu,user_aec2d08526
t1,p7ogy3p,user_46e28b5f70
t1,p7ogsne,user_2b1843256c
t1,p7ogglk,user_79e5663601
t1,p7ogg1z,user_5e47008203
t1,p7ogddo,user_d04a60e1eb
t1,p7og7hl,user_d4e9dbc6d7
t1,p7q680f,user_4b53d5500c
t1,p7q64y5,user_7e21a14bfc
t1,p7q60k0,user_efc9fc49a9
t1,p7q5zdd,user_3e61ed1ed8
t1,p7q5xdb,user_fe9a802b35
t1,p7q5qy2,user_92895c1021
t1,p7q5m9s,user_b8e2f6f645
t1,p7q5kk6,user_9895bb9a40
t1,p7q5kgh,user_6aaf651869
t1,p7q5ics,user_b376e3c8b2
t1,p7q5htm,user_a6d844641b
t1,p7q5edp,user_fe07b2e79c
t1,p7q5d33,user_248c3ed716
t1,p7q5bp5,user_cbf6452bba
t1,p7q5bfn,user_e6fec6ff67
t1,p7q4ykm,user_0c391cd1dc
t1,p7q4yau,user_c99655e42a
t1,p7q4vww,user_bffc7495fe
t1,p7q4r96,user_9aa602ef43
t1,p7q4pof,user_e737ffa532
t1,p7q4nqg,user_5fc29694b3
t1,p7q4nph,user_4de7f39679
t1,p7q4n34,user_695f8dc761
t1,p7q4jnc,user_9946508b5a
t1,p7q4fhp,user_e6fec6ff67
t1,p7q4cbh,user_0d1de5cdcc
t1,p7q4bfx,user_6b737b1bc5
t1,p7q475k,user_4c80916929
t1,p7q46pl,user_5c1590997a
t1,p7q463k,user_4733c22898
t1,p7q446m,user_bffc7495fe
t1,p7q42oq,user_d5b011b4c4
t1,p7q3x85,user_8340eb435b
t1,p7q3u5c,user_775ecb85d5
t1,p7q3s7z,user_b7daee08b9
t1,p7q3s8m,user_3f84e9bbce
t1,p7q3rsi,user_e737ffa532
t1,p7q3pbw,user_6904ca765a
t1,p7q3nub,user_bffc7495fe
t1,p7q3hxd,user_8340eb435b
t1,p7q3f9s,user_0425add983
t1,p7q3eat,user_7635fb852a
t1,p7q3aly,user_437fe3d242
t1,p7q39b3,user_4eb62b537d
t1,p7q392v,user_d8d9c678f5
t1,p7q38sq,user_6aaf651869
t1,p7q34uj,user_8a4040905f
t1,p7q34k9,user_42656e37f2
t1,p7q349w,user_c142f406a6
t1,p7q33g2,user_be192d305e
t1,p7q33ds,user_bffc7495fe
t1,p7q33fj,user_6955560b56
t1,p7q315c,user_77f0a72dfb
t1,p7q2yo2,user_73af829f6d
t1,p7q2xgs,user_73af829f6d
t1,p7q2rk3,user_10e8eab7cc
t1,p7q2r2v,user_8a4040905f
t1,p7q2r2f,user_bffc7495fe
t1,p7q2p3o,user_5798d76626
t1,p7q2jhm,user_695f8dc761
t1,p7q2ix8,user_bffc7495fe
t1,p7q2i71,user_f475d082cd
t1,p7q2cqm,user_eb8856808a
t1,p7q2cou,user_798329a63a
t1,p7q2avf,user_8340eb435b
t1,p7q29bl,user_bd7f80c460
t1,p7q28ez,user_e4c249a8d0
t1,p7q28cm,user_0c391cd1dc
t1,p7q258r,user_042fae0b12
t1,p7q23y2,user_7a42b313f2
t1,p7q22kd,user_2d90507214
t1,p7q20yk,user_2af063d97e
t1,p7q2047,user_0425add983
t1,p7q1yug,user_d88f7b6a7c
t1,p7q1xy1,user_8a4040905f
t1,p7q1wgf,user_5ee834f554
t1,p7q1ups,user_bcc2b9c122
t1,p7q1tw4,user_4e446fdf4e
t1,p7q1p8p,user_3744fec5e3
t1,p7q1kg3,user_1c978c5a22
t1,p7q1gpq,user_2d2555b939
t1,p7rgvwx,user_608be6e1c7
t1,p7rgtlv,user_482d428827
t1,p7rgru2,user_6d057d23b5
t1,p7rgrqp,user_5d63286fad
t1,p7rgrb4,user_cfe936b930
t1,p7rgj2a,user_f880186362
t1,p7rgj0e,user_9dcbfad574
t1,p7rgi7b,user_e59c94fea2
t1,p7rghnd,user_0f9ba6c2d6
t1,p7rghks,user_5e47008203
t1,p7rgfaf,user_bd660fa2c0
t1,p7rgd6s,user_3f0f6cf88f
t1,p7rgbry,user_ac4b1dc0b2
t1,p7rgain,user_e59c94fea2
t1,p7rg9rh,user_5d63286fad
t1,p7rg9nl,user_8ac8ab3c3e
t1,p7rg9mc,user_18163f0533
t1,p7rg80z,user_b055d0fdbb
t1,p7rfw5w,user_5d63286fad
t1,p7rfufg,user_c82342d227
t1,p7rfsyu,user_26bf1ecb9f
t1,p7rfr7y,user_4db681d565
t1,p7rfot2,user_da43f7b186
t1,p7rfl63,user_553886967a
t1,p7rfe5m,user_5d63286fad
t1,p7rf6ho,user_5d63286fad
t1,p7rf1za,user_7e32b216e4
t1,p7reigu,user_0b421249b1
t1,p7rehqz,user_85daa82880
t1,p7rehla,user_0be19ec4c2
t1,p7refwr,user_26684849ee
t1,p7refnr,user_051834d698
t1,p7re6wl,user_321c0db10d
t1,p7re5yv,user_56f163167d
t1,p7re2z7,user_46a929637d
t1,p7re1n8,user_ce7dc2fbe3
t1,p7rdrm5,user_27b873754a
t1,p7rdmsk,user_85daa82880
t1,p7rdkzy,user_8ea1dffc48
t1,p7rdjvo,user_0fd8a058ac
t1,p7rdjcq,user_e59c94fea2
t1,p7rdii6,user_a89820bbec
t1,p7rdihj,user_43db215259
t1,p7rd6qi,user_90af5698ab
t1,p7rctrh,user_4030857526
t1,p7rcr5e,user_8ea1dffc48
t1,p7rcopd,user_90af5698ab
t1,p7rcmz1,user_32d1c121cf
t1,p7rcg4k,user_c6614b7807
t1,p7rcfb2,user_a37ba1e9fc
t1,p7rcdla,user_48cd53690e
t1,p7rcc7i,user_364d8e0bfc
t1,p7rc7ze,user_bcce3df42d
t1,p7rc4ve,user_f877760ead
t1,p7rc257,user_4ec8db9ad3
t1,p7rc1un,user_3153125e9b
t1,p7rbe1d,user_b2bcfc1192
t1,p7rbdxv,user_32b643a683
t1,p7rbbo6,user_7938cdf75a
t1,p7rbadl,user_ae176b84f7
t1,p7ray9h,user_32b643a683
t1,p7raveq,user_a3446408f5
t1,p7ra0xm,user_b3d1feaba8
t1,p7r9zrk,user_80cea1e2a1
t1,p7r9v13,user_5df781e228
t1,p7r9s05,user_c352839203
t1,p7r9rcs,user_3f0f6cf88f
t1,p7r9nms,user_5df781e228
t1,p7r9iea,user_d073a04d4d
t1,p7r9hjh,user_c66b5baf81
t1,p7r99ws,user_782b3aff35
t1,p7r95ya,user_68cf797086
t1,p7r8vx3,user_e0d0ac22ec
t1,p7r8vpg,user_e9589c1a31
t1,p7r8s6h,user_c469a837a0
t1,p7r8mk5,user_e9589c1a31
t1,p7r8l3k,user_9d97d5dc3b
t1,p7r8je1,user_8ea1dffc48
t1,p7r88au,user_85daa82880
t1,p7r83ik,user_b49c28b243
t1,p7tnaeb,user_4d0b33d548
t1,p7tn9to,user_338e6d5f1e
t1,p7tn9io,user_4d0b33d548
t1,p7tn9al,user_249c5048f4
t1,p7tn7t4,user_5a02fbb148
t1,p7tn7ie,user_f8e8854568
t1,p7tn4v1,user_ac8dc030f6
t1,p7tn31m,user_74631e9af4
t1,p7tmza2,user_4421fe9ac4
t1,p7tmtqt,user_d512975e9c
t1,p7tmriy,user_2af063d97e
t1,p7tmoqr,user_2af063d97e
t1,p7tmmdf,user_48fdcf70b6
t1,p7tmfwq,user_b3bdc10669
t1,p7tmelh,user_226f3d6c62
t1,p7tm9eh,user_9828bf6b46
t1,p7tm74k,user_66b9dba7d1
t1,p7tm6cr,user_b1717b3434
t1,p7tm3dt,user_269eb92693
t1,p7tm2al,user_adb496a05b
t1,p7tlxvy,user_d853dedd46
t1,p7tlwa4,user_8da589bc07
t1,p7tlw0k,user_21e3efaef1
t1,p7tluu1,user_48fdcf70b6
t1,p7tlrd8,user_027c4f6e90
t1,p7tlpn7,user_269eb92693
t1,p7tlmxt,user_9828bf6b46
t1,p7tllp5,user_29f79d168f
t1,p7tlhq3,user_269eb92693
t1,p7tlgyz,user_d0dcf47d8e
t1,p7tlfk7,user_74631e9af4
t1,p7tl73x,user_21e3efaef1
t1,p7tl0n6,user_0dba735b8b
t1,p7tkxpm,user_e9e8a67f01
t1,p7tkw9x,user_249c5048f4
t1,p7tkvjr,user_cc69efb98b
t1,p7tkupy,user_269eb92693
t1,p7tksgk,user_66b9dba7d1
t1,p7tkla8,user_16f2adddb1
t1,p7tkdgi,user_8c57552f8d
t1,p7tk745,user_807b8b5b01
t1,p7tk45h,user_82af80998f
t1,p7tk0uk,user_82b6491384
t1,p7tjyol,user_e4f042126a
t1,p7tjygx,user_ac0b312ea4
t1,p7tjsfi,user_bb8c9914de
t1,p7tjmmq,user_8c57552f8d
t1,p7tjlpw,user_622368b9d4
t1,p7tjkyx,user_43260ec600
t1,p7tjk9c,user_5011714395
t1,p7tjjaz,user_35fc4726b6
t1,p7tjixg,user_e047d7f202
t1,p7tjhn4,user_5df781e228
t1,p7tj52q,user_934f2089ff
t1,p7tiv21,user_74631e9af4
t1,p7tiuo1,user_43260ec600
t1,p7tiooz,user_33865798d4
t1,p7tij8v,user_ce96243d42
t1,p7tig9c,user_74631e9af4
t1,p7tian3,user_a40f61bb55
t1,p7ti7sq,user_21e3efaef1
t1,p7ti7l7,user_43260ec600
t1,p7ti5x2,user_d2d892a912
t1,p7ti47j,user_0ebb4eed7e
t1,p7ti23y,user_5e0ae56134
t1,p7ti1vu,user_21e3efaef1
t1,p7ti1jo,user_5c23f2201d
t1,p7ti0h3,user_f6f5721949
t1,p7ti04i,user_854248c574
t1,p7thz98,user_74631e9af4
t1,p7thy6b,user_9dbdc36c16
t1,p7thwkw,user_21e3efaef1
t1,p7thl64,user_74631e9af4
t1,p7thl18,user_ba0a9b434a
t1,p7thkvj,user_0ebb4eed7e
t1,p7thilq,user_f6f5721949
t1,p7thh61,user_f6797f1cd3
t1,p7thdzi,user_74631e9af4
t1,p7thd5h,user_b514a1a555
t1,p7th3dn,user_bb829cc842
t1,p7tgyww,user_d5b5b7d16b
t1,p7tgvvh,user_b8314916de
t1,p7tgsss,user_a0596c64f5
t1,p7tgr9u,user_da74bc0f37
t1,p7tgpaf,user_21e3efaef1
t1,p7tgnk8,user_74631e9af4
t1,p7tglpn,user_8e75ced5aa
t1,p7vr1dn,user_d5321ce3fa
t1,p7vr14y,user_41b5938a05
t1,p7vqshc,user_71c3d5401d
t1,p7vqlb9,user_68cf797086
t1,p7vqk3r,user_d66334c969
t1,p7vqipd,user_415b6e175d
t1,p7vqioe,user_71c3d5401d
t1,p7vq9vv,user_1994a40719
t1,p7vq97r,user_bc60182a7e
t1,p7vq6wg,user_7fe21e2c70
t1,p7vq6am,user_2226e2ebe7
t1,p7vq2wo,user_2af063d97e
t1,p7vppg2,user_74631e9af4
t1,p7vpn7r,user_5a8c2d4a9e
t1,p7vpmhv,user_7e9572580f
t1,p7vphib,user_74631e9af4
t1,p7vpgtp,user_b8371f400a
t1,p7vpgnu,user_b986e6ade5
t1,p7vpdxc,user_82c2e7aaa4
t1,p7vour5,user_7dc76b61f5
t1,p7votq5,user_318096cdff
t1,p7vors3,user_1b732fa4d1
t1,p7voqm1,user_fe8f92dc2b
t1,p7voe55,user_84ad123de5
t1,p7voaxi,user_73c5503ccf
t1,p7vo5c9,user_c44825be35
t1,p7vo1c5,user_5d63286fad
t1,p7vo0eg,user_f0b6c7d749
t1,p7vnwxz,user_71c3d5401d
t1,p7vnqe6,user_1d2ea3b2c0
t1,p7vnm2p,user_9ab8b1cf07
t1,p7vnlyd,user_241ae592fb
t1,p7vnlvi,user_3177358a27
t1,p7vnkvh,user_a44cc90d41
t1,p7vnk4k,user_b3f2505fc1
t1,p7vnk4i,user_becaea866e
t1,p7vnfo9,user_0bdb4daf22
t1,p7vndsm,user_975faea40a
t1,p7vnas5,user_b3f2505fc1
t1,p7vnapp,user_fe5e45c09f
t1,p7vn8by,user_f21d0116e2
t1,p7vn880,user_89ec6e3c11
t1,p7vn5p9,user_1b732fa4d1
t1,p7vn4ex,user_adb496a05b
t1,p7vn499,user_b26db7872e
t1,p7vn3c2,user_f31ec28d3c
t1,p7vn39w,user_e989bb54b7
t1,p7vn2ex,user_0bdb4daf22
t1,p7vmyot,user_0bdb4daf22
t1,p7vmtef,user_0bdb4daf22
t1,p7vms1z,user_0bdb4daf22
t1,p7vms0x,user_58b2990ab5
t1,p7vmqz9,user_5d63286fad
t1,p7vmnzc,user_8f09cf57d4
t1,p7vmnww,user_c10cb90d1f
t1,p7vmngn,user_8f09cf57d4
t1,p7vmmf1,user_8f09cf57d4
t1,p7vmloo,user_34261c4924
t1,p7vmjwe,user_54f87e20b5
t1,p7vmiwj,user_8f09cf57d4
t1,p7vmiat,user_0bdb4daf22
t1,p7vmi2s,user_cfed7b8c01
t1,p7vmht4,user_0490713ced
t1,p7vmgdw,user_557dc254c2
t1,p7vmfij,user_585349f244
t1,p7vmdz2,user_0bdb4daf22
t1,p7vmdcz,user_090b429c0a
t1,p7vmd04,user_d35035dfdd
t1,p7vmbal,user_1b30a516c6
t1,p7vm99o,user_3fd24dd3a0
t1,p7vm98g,user_94be53b0e1
t1,p7vm6ql,user_8ba83f669e
t1,p7vm6f5,user_4058fb09d7
t1,p7vm4gv,user_0b59445679
t1,p7vm31h,user_abca91e6b9
t1,p7vlool,user_0490713ced
t1,p7vln56,user_64d8d9edd3
t1,p7vlkuz,user_89ec6e3c11
t1,p7vlj68,user_090b429c0a
t1,p7vlh4d,user_b3f2505fc1
t1,p7vlgiv,user_cfe936b930
t1,p7vlej0,user_6832c4e2b4
t1,p7vldrs,user_abca91e6b9
t1,p7vl99l,user_6832c4e2b4
t1,p7vl8rv,user_949024ee23
t1,p7vl2mx,user_d23036f0f0
t1,p7xa1b6,user_b9a70b1d06
t1,p7xa04s,user_e2f3b7be74
t1,p7x9r59,user_e737ffa532
t1,p7x9ob5,user_fc9b61b4cb
t1,p7x9o2c,user_d88e92d0b5
t1,p7x9jz9,user_c12dafee6c
t1,p7x9byh,user_ff9c25577e
t1,p7x95xw,user_3f97ec1e47
t1,p7x94cu,user_03aa9b5b15
t1,p7x8zza,user_bced9eb81d
t1,p7x8tfl,user_bceae63d73
t1,p7x8swe,user_06b3e385c9
t1,p7x8p0y,user_b9c00c186d
t1,p7x8ope,user_f6f5721949
t1,p7x8ogm,user_b913c487a5
t1,p7x8ngv,user_cf77e6746e
t1,p7x8jrp,user_030853a72b
t1,p7x8h3s,user_e234b8f928
t1,p7x8g55,user_bf5dd9fd46
t1,p7x8g0h,user_e25ddd1959
t1,p7x8f96,user_f6f5721949
t1,p7x8cg9,user_4dfcddcec6
t1,p7x8bat,user_b9c00c186d
t1,p7x898j,user_bcd54dab68
t1,p7x880u,user_030853a72b
t1,p7x878e,user_1f3ff38d24
t1,p7x85d7,user_5a02fbb148
t1,p7x82jm,user_edef8f7bd2
t1,p7x7wcx,user_dfab2ee120
t1,p7x7vo5,user_b00b71b361
t1,p7x7pqj,user_030853a72b
t1,p7x7n61,user_2701912bba
t1,p7x7f9s,user_92b2c81504
t1,p7x7ekr,user_c475ad4728
t1,p7x7cl1,user_01e58d084b
t1,p7x7amk,user_d162267190
t1,p7x77pw,user_f52e10bc6c
t1,p7x72qg,user_f8ee0a06c9
t1,p7x72gv,user_e8aed96560
t1,p7x72bw,user_332d207118
t1,p7x71tc,user_1b1bd9b9de
t1,p7x710u,user_9595ca1490
t1,p7x6qto,user_32215da9df
t1,p7x6pmn,user_abca91e6b9
t1,p7x6jna,user_aa459948a6
t1,p7x6jeb,user_1bc4c0b94b
t1,p7x6j7m,user_f52e10bc6c
t1,p7x6622,user_b747212e8e
t1,p7x63z2,user_71aac85741
t1,p7x63nu,user_ffe77aca28
t1,p7x62xo,user_55ca114bbe
t1,p7x5wj6,user_f6f5721949
t1,p7x5ti0,user_f6f5721949
t1,p7x5reb,user_e40ce2a7b5
t1,p7x5qut,user_b374ee25b4
t1,p7x5qg1,user_b747212e8e
t1,p7x5nbe,user_e40ce2a7b5
t1,p7x5mvu,user_57855d6de8
t1,p7x5jea,user_f759e66b6b
t1,p7x5isk,user_e40ce2a7b5
t1,p7x5i1h,user_7b9c899e05
t1,p7x5f9v,user_57855d6de8
t1,p7x5b8k,user_e40ce2a7b5
t1,p7x59bd,user_0c8b9a2842
t1,p7x5950,user_9d8f883ae3
t1,p7x51se,user_e40ce2a7b5
t1,p7x51sc,user_b747212e8e
t1,p7x4x7f,user_e40ce2a7b5
t1,p7x4x72,user_cff58105ab
t1,p7x4x8c,user_f6f5721949
t1,p7x4wru,user_26de11d8ac
t1,p7x4sw9,user_e40ce2a7b5
t1,p7x4n1v,user_f5ff77d225
t1,p7x4ib3,user_b05f28e17e
t1,p7x4eg7,user_5a02fbb148
t1,p7x45yd,user_76da0a68e2
t1,p7x42cl,user_88b26897cb
t1,p7x3uk0,user_c5611ff095
t1,p7x3sqi,user_d930d92dc4
t1,p7x3ol8,user_ae85d30895
t1,p7x3gb4,user_c5611ff095
t1,p7x3g4d,user_2701912bba
t1,p7x3dwc,user_d930d92dc4
t1,p7x30kl,user_aac41a4c44
t1,p7x2w3m,user_38015021a1
t1,p7x2vks,user_b3bb6cf5b8
t1,p7x2ubz,user_f5afaa0ad9
t1,p7x2peg,user_a95ed1671a
t1,p7x2ja7,user_fef63e6886
t1,p7yhybn,user_a44cc90d41
t1,p7yhxpf,user_9938330957
t1,p7yhw1o,user_64d8d9edd3
t1,p7yhvpw,user_1c9e34cdb7
t1,p7yhn8i,user_64d8d9edd3
t1,p7yhcpc,user_b9975277e5
t1,p7yhah3,user_64d8d9edd3
t1,p7yh4b5,user_ad220939b4
t1,p7yh278,user_b9975277e5
t1,p7ygt0t,user_46056b0b8b
t1,p7ygshb,user_4937f542d2
t1,p7ygr94,user_9a2dcceb33
t1,p7ygr23,user_29e727187b
t1,p7ygnwb,user_482d428827
t1,p7ygi0v,user_e0a8f0c7ca
t1,p7yggxf,user_fa4d1c4a15
t1,p7yggnz,user_8fef452d43
t1,p7ygd4c,user_b8b83011cc
t1,p7yg40p,user_f0e019a3da
t1,p7yfxv7,user_e6340a87d8
t1,p7yfxf9,user_fa4d1c4a15
t1,p7yfwej,user_01121c79c3
t1,p7yfuqp,user_70d46f1bba
t1,p7yfsj9,user_9126ce7283
t1,p7yfpo9,user_d043d78525
t1,p7yf8vy,user_bb8c9914de
t1,p7yf45h,user_88b26897cb
t1,p7yf2k5,user_b48357749d
t1,p7yey42,user_5980c04490
t1,p7yepdi,user_a955298c58
t1,p7yegkw,user_8fef452d43
t1,p7yeeb8,user_c292cc4c69
t1,p7yebrs,user_8fef452d43
t1,p7ye9vp,user_b8acfcb3a6
t1,p7ye56z,user_8fef452d43
t1,p7ye4jf,user_abad65e617
t1,p7ydv3y,user_c6610002c3
t1,p7ydtff,user_abad65e617
t1,p7ydqr9,user_3c8851b411
t1,p7ydon0,user_e61da2768b
t1,p7ydm6i,user_26da2e1ff1
t1,p7ydkfk,user_e61da2768b
t1,p7yda44,user_8fef452d43
t1,p7yd6yr,user_4957a180bb
t1,p7yd09f,user_1eea5e2c90
t1,p7yczm7,user_dcdeae4e82
t1,p7yct1q,user_51336c052e
t1,p7ycmvu,user_cece7cdc13
t1,p7yc13a,user_2e04f82642
t1,p7ybxn6,user_eba267ac1a
t1,p7ybxd2,user_26e0fde08b
t1,p7ybwf9,user_83995757e2
t1,p7ybr3c,user_4ffa06b93b
t1,p7ybnlq,user_4b53d5500c
t1,p7ybndh,user_109a72ce2e
t1,p7ybijs,user_cb6bfa3c34
t1,p7yb6db,user_7626b5415f
t1,p7yayen,user_1eea5e2c90
t1,p7yaxho,user_26da2e1ff1
t1,p7yawhe,user_5df781e228
t1,p7yaviw,user_482d428827
t1,p7yauas,user_8d34edf268
t1,p7yaqhr,user_5cb16b51d9
t1,p7yanpx,user_6c34817081
t1,p7yamm6,user_fe753e5087
t1,p7yalka,user_26da2e1ff1
t1,p7yajkr,user_85ca6ae442
t1,p7yajer,user_560269641d
t1,p7ya7xp,user_8d34edf268
t1,p7ya6wv,user_61f693cdad
t1,p7ya4h0,user_26da2e1ff1
t1,p7ya3sg,user_4ffa06b93b
t1,p7y9uag,user_5de85bcb9b
t1,p7y9rq7,user_26da2e1ff1
t1,p7y9nvs,user_67fed037ea
t1,p7y9n4o,user_26da2e1ff1
t1,p7y9mci,user_d162267190
t1,p7y9j5x,user_26da2e1ff1
t1,p7y9g88,user_54ee2eabff
t1,p7y9df1,user_d4d8624d74
t1,p7y998y,user_a7c2659b7b
t1,p7y982d,user_bc8ef24a00
t1,p80ir6m,user_48852e49d0
t1,p80inex,user_965cc15c6b
t1,p80iken,user_7a64fa4915
t1,p80ijsa,user_771271d11a
t1,p80ifsf,user_f0f57a48c8
t1,p80i9ni,user_6ab791acc6
t1,p80i1rx,user_bd3442e9f4
t1,p80hwra,user_d4bb0372e0
t1,p80hwot,user_f0ec4642e0
t1,p80hvax,user_af6db192c9
t1,p80hu9f,user_9767d85a75
t1,p80hj22,user_0c93bcf611
t1,p80hhv3,user_dd12a10e9b
t1,p80hgcn,user_85fe9a31ab
t1,p80hg94,user_1126aa4e03
t1,p80hg8y,user_3d2fc5d873
t1,p80hdl4,user_6ab791acc6
t1,p80h5uf,user_175337ceb8
t1,p80h4zy,user_041a6be3c4
t1,p80h3uf,user_1e7bcd2dbf
t1,p80gtbp,user_177b8c57d1
t1,p80gr5d,user_041a6be3c4
t1,p80gojy,user_85fe9a31ab
t1,p80go6j,user_78e27c1746
t1,p80gkkx,user_7a6235f40d
t1,p80gbp6,user_e38e0e9898
t1,p80g6xt,user_d6c1d34d47
t1,p80fbax,user_c273db3f8a
t1,p80f935,user_9c2673728e
t1,p80f7oy,user_26373f1af4
t1,p80f7hv,user_32637be0f7
t1,p80f3tc,user_bd3442e9f4
t1,p80f1o0,user_6acd1e6c5d
t1,p80f1as,user_c273db3f8a
t1,p80ewye,user_3d9dffef03
t1,p80eocl,user_cd3c306df8
t1,p80eo6v,user_b5833de530
t1,p80emk9,user_a5fa3801e3
t1,p80ejef,user_c5b7bd1b20
t1,p80eidh,user_6ab791acc6
t1,p80ed3b,user_9402e8bdd7
t1,p80e8v3,user_6ab791acc6
t1,p80e7wp,user_132bcbb4e3
t1,p80e634,user_3c3e139ffb
t1,p80e2yi,user_dd51a0d558
t1,p80e29y,user_d080823d0a
t1,p80dxpt,user_097cb0b69d
t1,p80dv45,user_728de3e875
t1,p80du8f,user_1dd35f0367
t1,p80druv,user_0c391cd1dc
t1,p80dnv4,user_1dd35f0367
t1,p80cxhy,user_fe74b4a206
t1,p80cq26,user_2251e875d3
t1,p80cnsn,user_037ef23214
t1,p80cnm0,user_b67b0d2ed9
t1,p80chq7,user_547bd365c0
t1,p80cg7f,user_f8f55d538b
t1,p80cb2o,user_537eace524
t1,p80caso,user_93e8737e62
t1,p80ca4f,user_2e6812df53
t1,p80c7qj,user_9c88260020
t1,p80c4vc,user_547bd365c0
t1,p80bpvn,user_04935dcd34
t1,p80bpf3,user_9c88260020
t1,p80bhmi,user_b26db7872e
t1,p80bgtw,user_74db5a88e9
t1,p80baj9,user_cc69efb98b
t1,p80b7nv,user_88ea78c118
t1,p80b3cf,user_9c88260020
t1,p80b118,user_cfb58efa35
t1,p80ayz9,user_c1ee15442b
t1,p80awal,user_80b6f13d2d
t1,p80amal,user_006addd59a
t1,p80alaz,user_fc30c954f0
t1,p80agyb,user_c8932edff6
t1,p80agze,user_ff72d2680c
t1,p80a91z,user_d2fe9acd52
t1,p80a3zw,user_6b97e24281
t1,p80a0pw,user_d96563183a
t1,p809s1s,user_da00c737a8
t1,p809r1d,user_94c4c17542
t1,p809mde,user_cd2984564e
t1,p809mg0,user_71c5cd5408
t1,p809mbb,user_5b576341bc
t1,p809ff0,user_985f8a8ae6
t1,p809cv5,user_04935dcd34
t1,p82hmn4,user_533adce040
t1,p82hm0r,user_7c066aa463
t1,p82hlxd,user_2137f391f9
t1,p82hkm5,user_1bdb8fa3b4
t1,p82hjrv,user_aa30ecdbef
t1,p82hijv,user_57bd624fc9
t1,p82hc1i,user_6c976f1a53
t1,p82h3ug,user_d2f86a24d3
t1,p82gom1,user_47642d076c
t1,p82goiq,user_16009a7a19
t1,p82gk0j,user_6d0edc1bbd
t1,p82gjul,user_33b3f449dc
t1,p82gj5f,user_15f1e5d08d
t1,p82gfv7,user_788ff3268c
t1,p82gc09,user_4391089c27
t1,p82gb9h,user_65a2a029a4
t1,p82fzq5,user_dfc2a19199
t1,p82fvjz,user_5f402b2fa8
t1,p82fren,user_46bdd9a4e8
t1,p82fpi7,user_dfc2a19199
t1,p82fasw,user_1585ad09c6
t1,p82f0al,user_351ad7f0c9
t1,p82ez05,user_dfc2a19199
t1,p82eq3i,user_e5b64a41bb
t1,p82egue,user_46797d434d
t1,p82dxlq,user_0066464ab4
t1,p82dssg,user_41da80a8ff
t1,p82dicd,user_f684dcae69
t1,p82d952,user_15f1e5d08d
t1,p82d92u,user_772f126557
t1,p82cjhs,user_9a2dcceb33
t1,p82c2vn,user_4a052c00f6
t1,p82bu55,user_52c8285177
t1,p82boxm,user_cc788b9633
t1,p82bifq,user_2e6812df53
t1,p82b4kn,user_51ce4e76f7
t1,p82b35m,user_a38fa4fbd1
t1,p82b1dn,user_1585ad09c6
t1,p82atze,user_8da589bc07
t1,p82apf7,user_f6f5721949
t1,p82aja0,user_67b24a28dd
t1,p82aga0,user_e4bffdd5eb
t1,p82abur,user_f4a616f16f
t1,p82aa76,user_dc5484a9ab
t1,p82a4w7,user_67b24a28dd
t1,p82a447,user_51ce4e76f7
t1,p82a1f3,user_dc5484a9ab
t1,p829zzj,user_a38fa4fbd1
t1,p829oi1,user_1c76325b53
t1,p829jsf,user_d75e533b36
t1,p829jji,user_51ce4e76f7
t1,p829dyd,user_6e002fc2a7
t1,p829byu,user_4558aece1c
t1,p8291j3,user_df05306b16
t1,p828ssj,user_dce7b32439
t1,p828rql,user_7cccf08ab5
t1,p828olt,user_a38fa4fbd1
t1,p828lz7,user_dc1d889c3b
t1,p828cvx,user_d06ab627ff
t1,p82893r,user_99b182119b
t1,p82840v,user_96c0279868
t1,p82821l,user_bffc7495fe
t1,p8281ly,user_49df005faf
t1,p8280po,user_989c9f742f
t1,p827ywf,user_e8aed96560
t1,p827t2r,user_4b725beec4
t1,p827si0,user_bffc7495fe
t1,p827rcp,user_20d998bf52
t1,p827o0n,user_49df005faf
t1,p827nfw,user_bffc7495fe
t1,p827kbi,user_8de9c0cff3
t1,p827fbn,user_bffc7495fe
t1,p827eus,user_f6f5721949
t1,p827d2u,user_85cf9b5f3b
t1,p827cur,user_f6f5721949
t1,p8279c7,user_866d22c84b
t1,p826tfd,user_f6f5721949
t1,p826mod,user_629e9d3573
t1,p826eae,user_f633bfddbc
t1,p826bwk,user_fc30c954f0
t1,p8264xr,user_d06ab627ff
t1,p8260oe,user_1a838cdeec
t1,p825tt4,user_fca4cf95bc
t1,p825pll,user_6af7f44fdc
t1,p825nwi,user_d063fc245f
t1,p825map,user_6a302181c9
t1,p825dke,user_0d21814a90
t1,p8256sf,user_8520829df6
t1,p841jbw,user_63155d3f42
t1,p840vb1,user_a87cbec5c8
t1,p840u26,user_c1aab41878
t1,p840qup,user_ff19015729
t1,p840noq,user_949e48dfb2
t1,p840hy9,user_1ee73b389f
t1,p840d45,user_5b2f5fedf6
t1,p8406ix,user_43b19f6856
t1,p83zzj1,user_43b19f6856
t1,p83zgsf,user_4c18907bc8
t1,p83yyw0,user_b2522a5404
t1,p83yvw3,user_963a6bed70
t1,p83yicq,user_a4093d2f62
t1,p83xnar,user_aa8555e0da
t1,p83xf41,user_d080823d0a
t1,p83x522,user_8301fa9d1a
t1,p83x211,user_8301fa9d1a
t1,p83wz0h,user_a633620457
t1,p83wtxb,user_ba5a6b11da
t1,p83wpr3,user_aa8555e0da
t1,p83wpe4,user_1d5d778336
t1,p83wnxs,user_f6f5721949
t1,p83wh0m,user_337835a3c1
t1,p83vy82,user_0c391cd1dc
t1,p83vlck,user_d080823d0a
t1,p83vhga,user_0c8b9a2842
t1,p83vcfp,user_76da0a68e2
t1,p83vccj,user_39b5001a73
t1,p83v0z2,user_0c8b9a2842
t1,p83v034,user_f6f5721949
t1,p83uwzv,user_df0a6d96bd
t1,p83uwna,user_f6f5721949
t1,p83ut3q,user_f6f5721949
t1,p83up18,user_0c8b9a2842
t1,p83uo6t,user_94a22fcadf
t1,p83ujim,user_01f85663d1
t1,p83ui9c,user_01f85663d1
t1,p83u8nu,user_a7fed8405e
t1,p83tzfq,user_76da0a68e2
t1,p83ttje,user_f4929754d8
t1,p83tqio,user_d654275d6d
t1,p83tpwm,user_4c18907bc8
t1,p83tf8e,user_3428b1e7b4
t1,p83tbo3,user_1339a6fc72
t1,p83t741,user_0490713ced
t1,p83sz0g,user_e52f8034f5
t1,p83sgo7,user_4ffa06b93b
t1,p83sb91,user_d92aa346ce
t1,p83s81e,user_7a1df53923
t1,p83rvi4,user_c3b37ff63a
t1,p83rl4d,user_c8b67a4c55
t1,p83rcnu,user_abdb74279f
t1,p83r42v,user_d9548769ba
t1,p83qpdq,user_fc91765ffd
t1,p83qjwe,user_f159477da3
t1,p83qctz,user_fb4f2b6cc9
t1,p83pj5v,user_50c3a1c296
t1,p83pigf,user_aba5feedbe
t1,p83p7oe,user_d3977a40ac
t1,p83p30p,user_50c3a1c296
t1,p83p0yp,user_abdb74279f
t1,p83oyt9,user_0ceaeefd8c
t1,p83or1u,user_abdb74279f
t1,p83ooo4,user_b752df2b7c
t1,p83onre,user_9dd6431a5d
t1,p83oc9z,user_25e67521b1
t1,p83nthq,user_fb424a7b71
t1,p83nr8o,user_6272bd188d
t1,p83nc9q,user_3bd44ae7ba
t1,p83mz1j,user_09f46fcca2
t1,p83mnck,user_bfadb8b041
t1,p83mn8f,user_3732e722a1
t1,p83m9yn,user_f0cb61f90d
t1,p83m87h,user_bfadb8b041
t1,p83m6v0,user_0c348f68f0
t1,p83m5px,user_31b731bb5c
t1,p83m15s,user_11e07e10fc
t1,p83liam,user_57855d6de8
t1,p83lhwx,user_d6101fe2db
t1,p83lfz1,user_279d3053cb
t1,p859wfx,user_9dcbba9996
t1,p859wef,user_27970c6904
t1,p859tai,user_bceae63d73
t1,p859skb,user_5d6614947e
t1,p859qsb,user_330c23662c
t1,p859puy,user_39937acd41
t1,p859nto,user_27970c6904
t1,p859l2c,user_38d4cca6eb
t1,p859g1p,user_ddaeecf8f9
t1,p859e3i,user_263b3096e0
t1,p859bbc,user_9cb951c729
t1,p8598qc,user_afd5678fd3
t1,p8598do,user_8de9c0cff3
t1,p8598b8,user_27970c6904
t1,p8597uq,user_ce69bda37f
t1,p8593tg,user_8f40a0f1da
t1,p8591jq,user_9cb965f96a
t1,p858o2l,user_fa3fbcd05e
t1,p858loh,user_7e05832ad6
t1,p858ii6,user_ff9c25577e
t1,p858i4a,user_b05b004fc5
t1,p858hf6,user_7d1c8a2f0c
t1,p858dmy,user_ce7dc2fbe3
t1,p858b3r,user_0e9229e3c4
t1,p8588nk,user_c6610002c3
t1,p8586mn,user_99a2dc4a6e
t1,p857zln,user_68cf797086
t1,p857vgp,user_a22c7f1be7
t1,p857td6,user_10677ef27e
t1,p857rrd,user_af6db192c9
t1,p857kjx,user_33e2c121e8
t1,p857kfj,user_95e4a2870f
t1,p8579if,user_a37ba1e9fc
t1,p8578z6,user_bc6a7e7e61
t1,p856zmq,user_fe753e5087
t1,p856vif,user_1e38ea7b37
t1,p856v1z,user_0ceaeefd8c
t1,p856ufs,user_fe367be62b
t1,p856sph,user_27970c6904
t1,p856pu7,user_e6d8734352
t1,p856ppg,user_fe07b2e79c
t1,p856osx,user_e01716ad0f
t1,p856jfq,user_72feee5910
t1,p856b3i,user_c6610002c3
t1,p8569tp,user_dff1b78e09
t1,p85662x,user_f505879516
t1,p855u6x,user_fe753e5087
t1,p855kz8,user_af6db192c9
t1,p855jsy,user_27970c6904
t1,p855gyc,user_27970c6904
t1,p8559k2,user_d162267190
t1,p855903,user_7834a7fae6
t1,p8557rp,user_bb8c9914de
t1,p8555ie,user_4ef127aeed
t1,p85528t,user_9dcbba9996
t1,p855161,user_d4593281e2
t1,p8550nq,user_762b836c97
t1,p854ryk,user_ab2509639d
t1,p854p7t,user_96740b1445
t1,p854kl4,user_a45f0992ac
t1,p854jgm,user_0c8b9a2842
t1,p854imq,user_2b1d704560
t1,p854dre,user_b8ca78dd98
t1,p854dna,user_0c8b9a2842
t1,p854b1d,user_263b3096e0
t1,p8546cm,user_afe68e540c
t1,p85441g,user_be610be82a
t1,p8541lf,user_0b421249b1
t1,p853upo,user_ba32fd848a
t1,p853ppc,user_0ed026275a
t1,p853p1d,user_8106075a9e
t1,p853m81,user_ce492238eb
t1,p853hf8,user_84a0a93765
t1,p853glo,user_dc391f7035
t1,p853f4e,user_84a0a93765
t1,p852w8m,user_791ca88e6e
t1,p852sz6,user_c9d2ab8a2d
t1,p852qcn,user_1bb453303b
t1,p852pe4,user_d1e21bd943
t1,p852n3x,user_0469df9e9e
t1,p852h5h,user_0de7c4c551
t1,p852gpk,user_bb5b0d0bc8
t1,p852dzm,user_2c8f4e9635
t1,p852bau,user_c6610002c3
t1,p8524tu,user_52d9be08a9
t1,p851zmm,user_2535375b99
t1,p87c85o,user_380eb41a2c
t1,p87c5ys,user_cdc6bfff62
t1,p87bx9y,user_42da13c134
t1,p87bwwo,user_50201ce08e
t1,p87bure,user_1b4594fe67
t1,p87buas,user_a07526ed54
t1,p87bpgu,user_2c30164714
t1,p87boix,user_dbf07e405b
t1,p87bl0c,user_50201ce08e
t1,p87bgzs,user_af324fbdb9
t1,p87bdnl,user_45bbce699b
t1,p87bblh,user_9f1f351c06
t1,p87b7si,user_42da13c134
t1,p87b1rc,user_f6f5721949
t1,p87b0t3,user_2be5d3b1e2
t1,p87awiv,user_8610d6645e
t1,p87aw3p,user_b0631c1011
t1,p87atwd,user_d96909ce62
t1,p87ajau,user_04070b4f26
t1,p87acon,user_a07526ed54
t1,p87a9uo,user_f6f5721949
t1,p87a4jy,user_f0ec4642e0
t1,p879ywk,user_2b9f50dc71
t1,p879wpy,user_06b3e385c9
t1,p879g3q,user_38defa12f7
t1,p878uph,user_f6f5721949
t1,p878uc1,user_8e416ff431
t1,p878u3y,user_64d8d9edd3
t1,p878oga,user_ce69bda37f
t1,p878o5j,user_0e1788ae60
t1,p878ni2,user_8e416ff431
t1,p878mgg,user_e7a1bc6336
t1,p878jd6,user_077a01359d
t1,p878doz,user_6040ad1bc8
t1,p8782tv,user_528ed75ab7
t1,p8782xd,user_156f63729c
t1,p877rct,user_e52e4d89e3
t1,p877rdy,user_fe021a86ab
t1,p877qpb,user_528ed75ab7
t1,p877ox2,user_b1c18dbceb
t1,p877fw0,user_9f50f05656
t1,p877dfy,user_350b0869af
t1,p8770yg,user_5049cafca7
t1,p876vt7,user_6b737b1bc5
t1,p876sv6,user_c102c0760e
t1,p876kus,user_a07526ed54
t1,p876ist,user_419c53d20b
t1,p876ikm,user_17942a0e79
t1,p8768p9,user_fb036c6591
t1,p8765gu,user_54ce08d4cc
t1,p875tf4,user_64d8d9edd3
t1,p875t3y,user_a07526ed54
t1,p875mkz,user_7bd2d78858
t1,p875acl,user_b7d910331e
t1,p87570h,user_bde8733514
t1,p87572g,user_e4954ce7ae
t1,p8753yf,user_d6c1d34d47
t1,p874zro,user_7d575fc4d7
t1,p874w5v,user_2b1d704560
t1,p874u4v,user_ce69bda37f
t1,p874ojg,user_cb737aacbb
t1,p874olw,user_9c03afe75c
t1,p874nyn,user_ebd7d97222
t1,p874lzx,user_57426671a4
t1,p874klz,user_fb036c6591
t1,p874jix,user_9397c57614
t1,p874hco,user_103e0f0f87
t1,p874h95,user_125d9330b4
t1,p874evh,user_533adce040
t1,p874ep6,user_6bc6157621
t1,p874ccb,user_125d9330b4
t1,p8749ls,user_690e1b9da4
t1,p8746ro,user_5b4e97d242
t1,p8746i6,user_8d1b57050d
t1,p8745e8,user_e94b6c4ec0
t1,p87421q,user_50201ce08e
t1,p8740m4,user_6b737b1bc5
t1,p873yb2,user_3132d2605a
t1,p873t1x,user_9f28b6b0b5
t1,p873qt2,user_aa5fed8a62
t1,p873phj,user_a4864af44e
t1,p873pbo,user_c102c0760e
t1,p873o8i,user_141c81a6f4
t1,p873ngj,user_a07526ed54
t1,p873lbc,user_50201ce08e
t1,p873la4,user_5111beabbf
t1,p89cmtj,user_48883be037
t1,p89cki3,user_35fc4726b6
t1,p89ciim,user_629e9d3573
t1,p89cie3,user_5356e60496
t1,p89ci89,user_92f6b2c356
t1,p89cgnl,user_3343bb9c7a
t1,p89c94e,user_b25c44de88
t1,p89c8es,user_201dfbbb81
t1,p89c50i,user_d2943de437
t1,p89c51k,user_5d16585c89
t1,p89c3u6,user_3343bb9c7a
t1,p89c3jd,user_4ea17129ba
t1,p89bzhv,user_ff97fc237c
t1,p89buih,user_35fc4726b6
t1,p89bs6r,user_ff97fc237c
t1,p89brkq,user_35fc4726b6
t1,p89brgs,user_542a29d5aa
t1,p89bpon,user_9c88260020
t1,p89bks1,user_35fc4726b6
t1,p89bi4y,user_02bbbab0d2
t1,p89bfaf,user_dbfd394abd
t1,p89bess,user_35fc4726b6
t1,p89bcid,user_277c430bc4
t1,p89ba1r,user_02bbbab0d2
t1,p89b5r3,user_35fc4726b6
t1,p89b3ow,user_0c4441d8f7
t1,p89avsy,user_92f6b2c356
t1,p89aqq5,user_0b58af2a35
t1,p89ajja,user_b25c44de88
t1,p89aa93,user_67b24a28dd
t1,p89a2hy,user_95d963f1ed
t1,p89a0p9,user_35fc4726b6
t1,p899ldm,user_064c760b7a
t1,p899j7r,user_d9e074f025
t1,p899j14,user_8e386ab5f8
t1,p899it8,user_a21ec2b09d
t1,p899e8w,user_fd02ca5c6f
t1,p8999i0,user_e28761785b
t1,p89987v,user_0c8b9a2842
t1,p8997dn,user_81895435c1
t1,p898yqn,user_b4c9784b6d
t1,p898vqe,user_1ff542ca9c
t1,p898r4o,user_0c8b9a2842
t1,p898jy8,user_b4c9784b6d
t1,p898glz,user_bf2e944221
t1,p898bmk,user_49231fc02e
t1,p8987gb,user_b4c9784b6d
t1,p8987dc,user_b1b14fea27
t1,p898560,user_35fc4726b6
t1,p8983lv,user_45de02dc4c
t1,p897zpu,user_a690d43cbe
t1,p897z14,user_6e002fc2a7
t1,p897wi8,user_1d1b46e013
t1,p897sls,user_8e386ab5f8
t1,p897n0g,user_f8e8854568
t1,p897kym,user_b26db7872e
t1,p897j7z,user_92f6b2c356
t1,p897gcf,user_a690d43cbe
t1,p896xfi,user_62d98e2339
t1,p896u1u,user_1a369fb2e0
t1,p896pz0,user_35fc4726b6
t1,p896moc,user_35fc4726b6
t1,p896j30,user_87f308938d
t1,p896ej2,user_b512ea0f9e
t1,p896e3e,user_f8e8854568
t1,p896cbx,user_eb06629375
t1,p896608,user_3840e80c8e
t1,p89651o,user_4782f9911b
t1,p89604w,user_ebd9891ac9
t1,p895y4i,user_87f308938d
t1,p895uq8,user_45de02dc4c
t1,p895ulp,user_f8e8854568
t1,p895rp2,user_64d8d9edd3
t1,p895q2f,user_f025d89139
t1,p895ogf,user_8d1b57050d
t1,p895o1d,user_87c99b9dd1
t1,p895nnj,user_d007839077
t1,p895ikt,user_1da03fad69
t1,p895bq3,user_a4e2508509
t1,p89587f,user_f41acaa38c
t1,p8957ya,user_6e002fc2a7
t1,p8956u1,user_a690d43cbe
t1,p8953qj,user_eecba4d6c6
t1,p894yx9,user_f0dedae9dc
t1,p894u25,user_3f1a0236a4
t1,p894tcg,user_b58b262019
t1,p894pu0,user_279d3053cb
t1,p894p9v,user_d5b5b7d16b
t1,p8awdvs,user_b1894b410c
t1,p8awb45,user_c96f8203a9
t1,p8awaey,user_2e49565da2
t1,p8aw94f,user_7d2da23f79
t1,p8aw6to,user_0a48c266be
t1,p8aw4nc,user_2e49565da2
t1,p8aw1x7,user_353014c1c1
t1,p8aw1lt,user_a719702586
t1,p8aw0l6,user_e39d2ed346
t1,p8aw0io,user_25183778b7
t1,p8avxmg,user_af5c97c8a4
t1,p8avwop,user_d64325f39b
t1,p8avvu0,user_6e3b88c5cb
t1,p8avu7t,user_b1894b410c
t1,p8avtke,user_d15c6408e1
t1,p8avsaq,user_29b9826429
t1,p8avs2e,user_d0b284b4a5
t1,p8avrl5,user_353014c1c1
t1,p8avre8,user_cc347f1803
t1,p8avr9f,user_7ae906fa2e
t1,p8avqkj,user_417f256d29
t1,p8avoq1,user_2e49565da2
t1,p8avo2h,user_6e3b88c5cb
t1,p8avmub,user_7eb4900218
t1,p8avkwy,user_eb0de322cd
t1,p8avjk9,user_af5c97c8a4
t1,p8avir2,user_2676d2042f
t1,p8avhdx,user_6c2a13fe5f
t1,p8avh4u,user_0a17cd662c
t1,p8avb1f,user_765d1b1608
t1,p8av9l7,user_c6b71c6d96
t1,p8av7uu,user_0a48c266be
t1,p8av6mi,user_77445d1d44
t1,p8av4yb,user_d64e6ace0d
t1,p8av4o8,user_ab11e8ebff
t1,p8av2rq,user_75a1d97fb5
t1,p8auzit,user_75a1d97fb5
t1,p8auy9w,user_036a106537
t1,p8auxyh,user_2e49565da2
t1,p8auu7p,user_7f272c5c2e
t1,p8ausyj,user_9d01e2c310
t1,p8aurwl,user_77445d1d44
t1,p8aurkl,user_75a1d97fb5
t1,p8auqlb,user_77445d1d44
t1,p8auq75,user_0490713ced
t1,p8aupiv,user_04c2a3c91e
t1,p8auouk,user_5e814448fe
t1,p8auni7,user_77445d1d44
t1,p8aukmn,user_d64325f39b
t1,p8auiln,user_9492aab981
t1,p8auhbh,user_d0b284b4a5
t1,p8augqr,user_0490713ced
t1,p8augrm,user_e39d2ed346
t1,p8au9de,user_e52e4d89e3
t1,p8au8zk,user_39692056ab
t1,p8au7yg,user_2e49565da2
t1,p8au6zj,user_ab11e8ebff
t1,p8au5fn,user_10677ef27e
t1,p8au49l,user_71beb25be0
t1,p8au2ks,user_2e49565da2
t1,p8au26u,user_497e105ab3
t1,p8au16c,user_2e49565da2
t1,p8atza4,user_4fa5c8891a
t1,p8atwmm,user_bde8733514
t1,p8atvcb,user_8521b8f205
t1,p8atup4,user_4fa5c8891a
t1,p8atuhp,user_edbd8b2c5a
t1,p8atu2a,user_055abe17bb
t1,p8attzr,user_2e49565da2
t1,p8attua,user_692337a1f7
t1,p8attpe,user_77445d1d44
t1,p8atsk7,user_2550ff2e1b
t1,p8ats1g,user_2573384390
t1,p8atrhh,user_055abe17bb
t1,p8atqjn,user_0ae9477f36
t1,p8atom8,user_2573384390
t1,p8atnyr,user_9ebd070b21
t1,p8atmqt,user_4fa5c8891a
t1,p8atmof,user_2e8b59c1e4
t1,p8atml8,user_e14ebaba38
t1,p8atkm3,user_3ba374b73e
t1,p8ativk,user_b3f766df17
t1,p8aticq,user_a6b378b6bc
t1,p8ati4s,user_af5c97c8a4
t1,p8athgo,user_c85d7dbc48
t1,p8atghe,user_2573384390
t1,p8atfxy,user_722893a6de
t1,p8atfiz,user_c85d7dbc48
t1,p8atdd7,user_3ba374b73e
t1,p8c5f7j,user_543038c161
t1,p8c5ekf,user_fc8f53487f
t1,p8c5c8p,user_7e099c14a1
t1,p8c5ara,user_0a962faab5
t1,p8c55nn,user_74f804dac0
t1,p8c4ydb,user_74f804dac0
t1,p8c4xip,user_77154b4dff
t1,p8c4crf,user_454a5cb61a
t1,p8c45r9,user_1a182de884
t1,p8c44s6,user_6943e6aefc
t1,p8c40l5,user_7e099c14a1
t1,p8c400f,user_379fe8b893
t1,p8c3wsc,user_1bf5f3da26
t1,p8c3ulg,user_5d63286fad
t1,p8c3tdp,user_682939395e
t1,p8c3jzi,user_84983fc206
t1,p8c3i1a,user_5d63286fad
t1,p8c3esb,user_1a182de884
t1,p8c3c7s,user_fe753e5087
t1,p8c3a1t,user_305f39eeeb
t1,p8c2w7z,user_a16833c12b
t1,p8c2se7,user_83d08b2298
t1,p8c2nkv,user_85fe9a31ab
t1,p8c27mx,user_0ebb4eed7e
t1,p8c27oc,user_2885709015
t1,p8c23m1,user_c0022c20f7
t1,p8c1yia,user_efa622dbc1
t1,p8c1qzo,user_d1906974a6
t1,p8c1qo3,user_f4690597cb
t1,p8c1jx1,user_b8de4f4e63
t1,p8c1gkf,user_4b53d5500c
t1,p8c1eur,user_f2411ab10f
t1,p8c1edh,user_97266752fe
t1,p8c1cta,user_f4690597cb
t1,p8c1cj2,user_bc0eba7abd
t1,p8c1bgz,user_786f647eca
t1,p8c18kg,user_aa2c4b6226
t1,p8c13qw,user_b28c0f20ca
t1,p8c0t88,user_f2411ab10f
t1,p8c0l54,user_4b53d5500c
t1,p8c0ibl,user_c5b2d6bb32
t1,p8c0ext,user_27970c6904
t1,p8c0ats,user_0ceaeefd8c
t1,p8c09gz,user_f2411ab10f
t1,p8bzxnb,user_c28890722d
t1,p8bzx8y,user_1bf5f3da26
t1,p8bzu0c,user_fb3aae753c
t1,p8bztqf,user_aa5fed8a62
t1,p8bzo49,user_2c3853e141
t1,p8bzmq8,user_111bf3eb42
t1,p8bzm55,user_82af80998f
t1,p8bzkty,user_1b79d6b06c
t1,p8bze8h,user_6a079ec92c
t1,p8bzaj1,user_a5a59a741c
t1,p8bzalr,user_1e5e24019f
t1,p8bz9sc,user_a4b9be4e0c
t1,p8bz94j,user_1607da8422
t1,p8bz5ey,user_8cbd7cbaea
t1,p8bz57z,user_4e698bd986
t1,p8byxjm,user_f5ff77d225
t1,p8byvae,user_98e3ff7366
t1,p8byu09,user_f8ba767e86
t1,p8bytqe,user_d1c0190067
t1,p8bytpb,user_f5ff77d225
t1,p8byoee,user_b90af301ef
t1,p8byn6i,user_53ff43cf78
t1,p8bymof,user_71798205a7
t1,p8byk1u,user_f8ba767e86
t1,p8byh3h,user_e39f09136e
t1,p8bygor,user_fe753e5087
t1,p8byg4s,user_9c55f49ade
t1,p8byeue,user_aa9379f1bf
t1,p8byc2u,user_a55190fd01
t1,p8by81l,user_63b21a1ef7
t1,p8by46d,user_c28890722d
t1,p8by3mm,user_71798205a7
t1,p8by36s,user_bb8c9914de
t1,p8bxz26,user_fef96c499e
t1,p8bxz27,user_1e2d36f096
t1,p8bxuav,user_16987152f9
t1,p8bxtag,user_a55190fd01
t1,p8bxqsg,user_28587a3fac
t1,p8bxqdr,user_89e8115f51
t1,p8bxmey,user_b9ffab1b8c
t1,p8bxi4c,user_9cd0dd7886
t1,p8bxcp7,user_6798376266
t1,p8bxa69,user_e940e51fb4
t1,p8e8o5m,user_3d609597a3
t1,p8e8m9c,user_3d2fc5d873
t1,p8e8kar,user_466de67419
t1,p8e8i2g,user_62626805ad
t1,p8e8ccx,user_73661c5fd1
t1,p8e84pz,user_342c29bfa4
t1,p8e7yk3,user_d55d5e8d22
t1,p8e7tml,user_ebd7d97222
t1,p8e7re9,user_15d9d2ae81
t1,p8e7rex,user_b2871b9b76
t1,p8e7f38,user_1585a0a464
t1,p8e7aqu,user_eb735506d2
t1,p8e7914,user_4fed78bfa8
t1,p8e74up,user_26bb256f48
t1,p8e6ys3,user_9646a6fdbb
t1,p8e6y0s,user_4fed78bfa8
t1,p8e6x3d,user_2bf74ddf6c
t1,p8e6rv2,user_5c5fabca3a
t1,p8e6o0f,user_4fed78bfa8
t1,p8e6l90,user_77e4739960
t1,p8e6kv1,user_3e5dbf4b28
t1,p8e6dgh,user_2bf74ddf6c
t1,p8e6cuv,user_9dd2b63202
t1,p8e6c6a,user_fb4f22628b
t1,p8e690l,user_02433d2485
t1,p8e640c,user_03d4b3962f
t1,p8e5xoy,user_814fcab91c
t1,p8e5mkz,user_a71c9f3f9c
t1,p8e5jg2,user_24e56def0b
t1,p8e5gjr,user_f8ba767e86
t1,p8e59wr,user_af6db192c9
t1,p8e56nv,user_949b9a09c6
t1,p8e54pj,user_48f16ce9e8
t1,p8e546e,user_8f00b23deb
t1,p8e51m3,user_1bdbd3182e
t1,p8e51c3,user_5229595919
t1,p8e4yzj,user_48f16ce9e8
t1,p8e4xjg,user_5229595919
t1,p8e4vrm,user_eeca9677ad
t1,p8e4rsz,user_2bf74ddf6c
t1,p8e4qvl,user_e775070de0
t1,p8e4pmr,user_cfed7b8c01
t1,p8e4pc6,user_c522e82c7a
t1,p8e4ah7,user_2bf74ddf6c
t1,p8e4a4s,user_b217303448
t1,p8e3xbn,user_75a05ffca4
t1,p8e3rwe,user_95db562195
t1,p8e3rty,user_960e318bf9
t1,p8e3pzf,user_e898195e0f
t1,p8e3jfq,user_af078de613
t1,p8e3gm6,user_7c27405d6c
t1,p8e3fee,user_b4b1519400
t1,p8e3cw1,user_949b9a09c6
t1,p8e3bjh,user_2bf74ddf6c
t1,p8e3ba8,user_7d2da23f79
t1,p8e39zs,user_af6db192c9
t1,p8e36oe,user_b6788af815
t1,p8e340d,user_47cf65ff62
t1,p8e2y3s,user_15d9d2ae81
t1,p8e2qev,user_e0ac5ff1af
t1,p8e2pwa,user_5cb16b51d9
t1,p8e2kn4,user_7c27405d6c
t1,p8e2ijb,user_2bf74ddf6c
t1,p8e2ihu,user_73af829f6d
t1,p8e2gf5,user_770a5a044c
t1,p8e2fob,user_e4954ce7ae
t1,p8e2ekd,user_15d9d2ae81
t1,p8e2dg2,user_bf1dcad748
t1,p8e2d88,user_7c27405d6c
t1,p8e283r,user_49519e0337
t1,p8e23z9,user_7f1336cd2c
t1,p8e20aw,user_02433d2485
t1,p8e1w7e,user_622368b9d4
t1,p8e1s6e,user_ddbef9c26d
t1,p8e1rqz,user_68cf797086
t1,p8e1q4t,user_5229595919
t1,p8e1lwg,user_035dfb2c11
t1,p8e1ld9,user_506ce4f61b
t1,p8e1g5y,user_7f272c5c2e
t1,p8e1f03,user_b28a84115b
t1,p8e1833,user_bcbb849747
t1,p8e0xw6,user_960e318bf9
t1,p8e0w7z,user_5e814448fe
t1,p8e0u2f,user_cb30b16f23
t1,p8e0tto,user_ad3f0a7ecf
t1,p8g9s84,user_1a8e396147
t1,p8g9iq0,user_27a72abb4b
t1,p8g98d1,user_1ff542ca9c
t1,p8g9616,user_0615f6dbb9
t1,p8g91xl,user_0615f6dbb9
t1,p8g8w3n,user_4203aea3ec
t1,p8g8sqz,user_fcc0c3af2f
t1,p8g8rqq,user_100250802d
t1,p8g8n0d,user_b1894b410c
t1,p8g8jsp,user_f5e40c227b
t1,p8g8i4v,user_ee6b561dea
t1,p8g8fuj,user_03d4b3962f
t1,p8g8fh9,user_50b8978de5
t1,p8g8elb,user_ee1e0b4b1a
t1,p8g8cfu,user_1c4cc2f0e3
t1,p8g8b3r,user_5de85bcb9b
t1,p8g856e,user_1a8e396147
t1,p8g8552,user_654a6c03fa
t1,p8g83pu,user_a2a3b33ebe
t1,p8g83nt,user_12d7da100e
t1,p8g81rj,user_1c4cc2f0e3
t1,p8g80jx,user_47e7de5870
t1,p8g7yzz,user_0c5355b802
t1,p8g7yav,user_2c37bbee5f
t1,p8g7y2c,user_e8a0cf8e97
t1,p8g7wka,user_be2af3d8f9
t1,p8g7v6s,user_6acd1e6c5d
t1,p8g7tme,user_492f894fb6
t1,p8g7es0,user_66dd0ce9a4
t1,p8g7eln,user_6a351ad302
t1,p8g7c8s,user_93e1440e3b
t1,p8g7ba5,user_50201ce08e
t1,p8g77te,user_b5e3ca8423
t1,p8g77u2,user_8e984940cf
t1,p8g72yj,user_fd227ff91b
t1,p8g72lj,user_53b1829312
t1,p8g71ww,user_3911aed9c1
t1,p8g70ic,user_048cc3b3f4
t1,p8g6z61,user_077676b41b
t1,p8g6vss,user_acab47bcc1
t1,p8g6vb4,user_fb29fb9ec7
t1,p8g6ti6,user_1ea1200427
t1,p8g6rx7,user_6832c4e2b4
t1,p8g6omu,user_de9dab006b
t1,p8g6nvm,user_e6f652f950
t1,p8g6mqr,user_0e1788ae60
t1,p8g6ksb,user_5fb63641ad
t1,p8g6ift,user_d1377efa09
t1,p8g6hb4,user_e6f652f950
t1,p8g6g5p,user_0a6fe4d63d
t1,p8g6faa,user_6683842d2c
t1,p8g6du1,user_941071f12c
t1,p8g6dnv,user_6683842d2c
t1,p8g6bqn,user_3a3d2e9d12
t1,p8g6bjw,user_26e12438b7
t1,p8g66zo,user_692337a1f7
t1,p8g6681,user_cd2fb480bd
t1,p8g5yra,user_5de85bcb9b
t1,p8g5w5c,user_dd4e90dfb0
t1,p8g5ve1,user_d6a4c6baf2
t1,p8g5vb5,user_0a6fe4d63d
t1,p8g5qvl,user_1f3de153d0
t1,p8g5q4a,user_7638490db4
t1,p8g5muw,user_d6052a4acd
t1,p8g5kjd,user_0615f6dbb9
t1,p8g5k1u,user_2865fdce0f
t1,p8g5js3,user_d8b6b28169
t1,p8g5iue,user_f34819e5c7
t1,p8g5ihe,user_da8e1a9a25
t1,p8g5gc3,user_3011dcbb5b
t1,p8g5f37,user_2329279dae
t1,p8g5elu,user_3bafcb5b95
t1,p8g5dic,user_5723e80308
t1,p8g5aa0,user_bf1dcad748
t1,p8g5a4g,user_e6854315aa
t1,p8g56e2,user_238917213b
t1,p8g55se,user_2329279dae
t1,p8g530a,user_5fe3a767a1
t1,p8g52eb,user_a8342f0214
t1,p8g51mo,user_278707a4e9
t1,p8g4wua,user_2916b147a1
t1,p8g4u4r,user_14c5a8f7b2
t1,p8g4u3r,user_d4c82a133d
t1,p8g4tdl,user_3a3d2e9d12
t1,p8g4r7f,user_7411bb3a63
t1,p8g4r1a,user_44659e48d1
t1,p8hu3r7,user_5c04b30e54
t1,p8hu2fv,user_bcbf6faf1f
t1,p8hu07s,user_4c097b73dc
t1,p8htwkq,user_76da0a68e2
t1,p8htvvw,user_0490713ced
t1,p8htuqg,user_4c097b73dc
t1,p8htsc9,user_d5324aec0c
t1,p8htrpm,user_5c04b30e54
t1,p8htqx2,user_fb2d0b3ce4
t1,p8htpkt,user_bcbf6faf1f
t1,p8htok5,user_e847ecce65
t1,p8htmws,user_9ab7f09758
t1,p8htm5p,user_bcbf6faf1f
t1,p8htkvg,user_4c097b73dc
t1,p8hthsk,user_e78460a9cc
t1,p8hthku,user_f0249f5609
t1,p8htf06,user_c14f93d0a6
t1,p8htena,user_9f395b33ed
t1,p8htdxd,user_bcbf6faf1f
t1,p8htc4q,user_15f2ebc651
t1,p8hta4p,user_765d1b1608
t1,p8ht2y0,user_4c097b73dc
t1,p8ht080,user_f6f5721949
t1,p8hszpt,user_178b4b64b0
t1,p8hsz6w,user_f6f5721949
t1,p8hsyxo,user_e847ecce65
t1,p8hsxf0,user_4c097b73dc
t1,p8hstnc,user_262f550df4
t1,p8hssck,user_0490713ced
t1,p8hspzv,user_4c097b73dc
t1,p8hsntr,user_f2d7741542
t1,p8hsfbw,user_4c097b73dc
t1,p8hs9lk,user_5c04b30e54
t1,p8hs3bs,user_8687a24af7
t1,p8hs0qm,user_876bd5651a
t1,p8hryu5,user_bdc840102f
t1,p8hrtwg,user_0a215e0257
t1,p8hrswo,user_d833d9314d
t1,p8hrq8j,user_289b9e0157
t1,p8hrp0x,user_0a4fab40a2
t1,p8hro8b,user_cbec0a4e71
t1,p8hro77,user_7e6b93f760
t1,p8hrife,user_7c95f0549a
t1,p8hrhvm,user_583930b58a
t1,p8hred0,user_5a89e227ac
t1,p8hr9ft,user_4a01b1cbeb
t1,p8hr9cg,user_5a89e227ac
t1,p8hr7ca,user_9d390834cd
t1,p8hr0xw,user_2137f391f9
t1,p8hqvzt,user_8035586ada
t1,p8hqtii,user_dfadcdd1a3
t1,p8hqsll,user_ef6af6542a
t1,p8hq8u0,user_9d390834cd
t1,p8hq87i,user_1c83cdc5c0
t1,p8hq2q2,user_d3bda0d500
t1,p8hpjv5,user_10677ef27e
t1,p8hpb5c,user_b899a380cc
t1,p8hpa6i,user_15d9d2ae81
t1,p8hp7gv,user_7ce1adcb69
t1,p8hp413,user_dfadcdd1a3
t1,p8hp2wk,user_c2e6fcb4ab
t1,p8hp1z6,user_dfadcdd1a3
t1,p8hounv,user_3faf20f2a2
t1,p8homxf,user_9d390834cd
t1,p8hohkb,user_1d1b46e013
t1,p8hodvn,user_8d10eb73c6
t1,p8hoair,user_949e48dfb2
t1,p8ho20z,user_ad7da0aef8
t1,p8hnyjo,user_450d2ef83d
t1,p8hny6k,user_d6ea30385f
t1,p8hnwhe,user_29b9826429
t1,p8hnw4u,user_68adf48d66
t1,p8hnu6d,user_cae73f125e
t1,p8hnr5w,user_c48c9f1cee
t1,p8hnq7z,user_0bea058084
t1,p8hnpdh,user_bc0e0c7b0f
t1,p8hnm8o,user_77445d1d44
t1,p8hnl4u,user_4410006b18
t1,p8hniiw,user_b17b7e35e4
t1,p8hngcm,user_2a6cfcb3eb
t1,p8hnd8o,user_66c66fb8da
t1,p8hnajn,user_bc0e0c7b0f
t1,p8hn8rl,user_300aa42d9a
t1,p8hn836,user_1d1b46e013
t1,p8j3rrb,user_27449f469c
t1,p8j3rmi,user_b12c839e2c
t1,p8j3paf,user_807473e633
t1,p8j3f2t,user_8d9ab363ca
t1,p8j3f43,user_d557342c37
t1,p8j3f1b,user_6e9b741d94
t1,p8j3dgm,user_0a215e0257
t1,p8j39z2,user_c31a326a96
t1,p8j39so,user_1124c69fb9
t1,p8j2vzx,user_edd2ac3d6d
t1,p8j2s4h,user_f004ae097c
t1,p8j2qm1,user_96072373a7
t1,p8j2qiz,user_fcd2be3960
t1,p8j2p8b,user_e5bb19e898
t1,p8j2l0e,user_860a66c8c9
t1,p8j2km6,user_b3843b9070
t1,p8j2kco,user_562cc84a1c
t1,p8j2k4r,user_30660e9690
t1,p8j2iki,user_76a4021334
t1,p8j2i2o,user_e5b16bca3a
t1,p8j2hxz,user_e971ff22b5
t1,p8j2hh5,user_8d1b57050d
t1,p8j2dbx,user_76a4021334
t1,p8j2bqq,user_2fd901802f
t1,p8j2b77,user_f131cf0b35
t1,p8j2ap3,user_43c3675d0a
t1,p8j2891,user_bdc0fe0168
t1,p8j27xw,user_1dff2dd8d6
t1,p8j27qu,user_b21b560170
t1,p8j27dx,user_a21ec2b09d
t1,p8j25x1,user_b028eba659
t1,p8j23tq,user_1dff2dd8d6
t1,p8j22ob,user_8d27873c16
t1,p8j223j,user_a21ec2b09d
t1,p8j219h,user_a7656bef6e
t1,p8j1v6p,user_8d27873c16
t1,p8j1u5y,user_4ea17129ba
t1,p8j1pii,user_2e6a97296c
t1,p8j1od5,user_aa9379f1bf
t1,p8j1nlw,user_4ea17129ba
t1,p8j1m0f,user_e985154bcf
t1,p8j1l4l,user_a21ec2b09d
t1,p8j1fsk,user_a21ec2b09d
t1,p8j1e1m,user_19fd4dc7b8
t1,p8j1cxp,user_2e6a97296c
t1,p8j18v1,user_b514a1a555
t1,p8j15vu,user_de421f4ad2
t1,p8j13l1,user_de1ba0a243
t1,p8j0sif,user_81daa305e1
t1,p8j0rh9,user_88e27cc6a7
t1,p8j0pbn,user_041807c1c6
t1,p8j0kju,user_81daa305e1
t1,p8j0i3n,user_8349692d80
t1,p8j0bmp,user_bb8c9914de
t1,p8j0bd3,user_8e461ab6e9
t1,p8j092x,user_a21ec2b09d
t1,p8j05x2,user_e50d7ba603
t1,p8j05o5,user_55450165f7
t1,p8izwdn,user_50ad7391b5
t1,p8izvq1,user_0c8b9a2842
t1,p8izush,user_bb8c9914de
t1,p8izshi,user_8e461ab6e9
t1,p8izs50,user_b1c18dbceb
t1,p8izqel,user_0c8b9a2842
t1,p8izm6s,user_ecd076ea1e
t1,p8izl2w,user_7a5557da70
t1,p8izja1,user_bb8c9914de
t1,p8izhqn,user_8e461ab6e9
t1,p8izf1d,user_322b2e0ad4
t1,p8izdhb,user_03446ebddd
t1,p8izbj1,user_7341b2127d
t1,p8iz9z2,user_8d1b57050d
t1,p8iz9pj,user_26a19b25cc
t1,p8iz6o1,user_949e48dfb2
t1,p8iz43p,user_006addd59a
t1,p8iz3vf,user_bb8c9914de
t1,p8iz30r,user_fcd2be3960
t1,p8iz2wc,user_f1ebe858ea
t1,p8iz1md,user_773c39808e
t1,p8iz03h,user_084ccf22bf
t1,p8iyzhq,user_e4954ce7ae
t1,p8iyzgg,user_8e461ab6e9
t1,p8iyvpm,user_eae9d92fd9
t1,p8iyux2,user_fcd2be3960
t1,p8iys8s,user_8c87230f8c
t1,p8l8w9s,user_fd96fe2e99
t1,p8l8uwn,user_76da0a68e2
t1,p8l8u2n,user_a7a7ccd166
t1,p8l8ryf,user_be477fc72f
t1,p8l8r6x,user_0f6a45bb02
t1,p8l8pij,user_fd96fe2e99
t1,p8l8pg3,user_68cf797086
t1,p8l8o1k,user_d2e476375c
t1,p8l8npp,user_01e58d084b
t1,p8l8jnu,user_971f782283
t1,p8l8j4p,user_be477fc72f
t1,p8l8f7h,user_68e67d0699
t1,p8l8bs5,user_b25df901d6
t1,p8l89wh,user_8da589bc07
t1,p8l87x2,user_2ca9b24eaa
t1,p8l806l,user_6b699590b7
t1,p8l7yoy,user_76da0a68e2
t1,p8l7v0h,user_bbb6cee0c9
t1,p8l7ql0,user_3d4081ac65
t1,p8l7qfm,user_bbb6cee0c9
t1,p8l7o6j,user_123cf54b35
t1,p8l7j6z,user_0f6a45bb02
t1,p8l74x4,user_7fcf6ec8d9
t1,p8l7472,user_5104056974
t1,p8l707j,user_c4406dca72
t1,p8l6yyy,user_ab320ae0c6
t1,p8l6txx,user_76da0a68e2
t1,p8l6ovk,user_76da0a68e2
t1,p8l685j,user_43db215259
t1,p8l64tp,user_8ede542633
t1,p8l62co,user_ab320ae0c6
t1,p8l5z9q,user_aa4c44fb45
t1,p8l5wsf,user_50f539aafd
t1,p8l5uoe,user_7d45b56742
t1,p8l5tbt,user_0c3580073f
t1,p8l5ng2,user_7abd83590b
t1,p8l5n42,user_ab320ae0c6
t1,p8l5f96,user_08be5b24d5
t1,p8l5bzp,user_42973d25c7
t1,p8l5b8o,user_ec14ed7295
t1,p8l5aqh,user_ad546602fc
t1,p8l5alm,user_e9f558ab85
t1,p8l51b6,user_1bbea62ea7
t1,p8l4x2p,user_4d0b33d548
t1,p8l4v27,user_490079d132
t1,p8l4uq7,user_aa459948a6
t1,p8l4por,user_0e1788ae60
t1,p8l4f8n,user_76da0a68e2
t1,p8l4crv,user_4600298c8c
t1,p8l48rv,user_38d6a50482
t1,p8l44eg,user_08be5b24d5
t1,p8l4220,user_c7bb93c8da
t1,p8l3vtx,user_bbb6cee0c9
t1,p8l3ufy,user_c1bb99eb1d
t1,p8l3q42,user_c024345431
t1,p8l3p1e,user_4ea17129ba
t1,p8l3k7p,user_a124dfb58d
t1,p8l3jn6,user_7a545a9484
t1,p8l3f49,user_bbb6cee0c9
t1,p8l3dmv,user_de6856b48a
t1,p8l39vt,user_eb697d00cd
t1,p8l36bj,user_2a906b2988
t1,p8l2v9p,user_93a25d1e30
t1,p8l2qzr,user_7abd83590b
t1,p8l2oj1,user_706e3d26b9
t1,p8l2czk,user_4ea17129ba
t1,p8l29xy,user_4c50735455
t1,p8l25hq,user_cff7fd7b73
t1,p8l1yb7,user_6f01e49265
t1,p8l1o8z,user_5278b69652
t1,p8l1ko5,user_e0a04e89c5
t1,p8l1k11,user_fe753e5087
t1,p8l1ikk,user_9828bf6b46
t1,p8l1dyy,user_35a9dcc899
t1,p8l1bxt,user_f714d30adc
t1,p8l1b92,user_ed4f84b940
t1,p8l17mu,user_6092d17fdf
t1,p8l15th,user_af6db192c9
t1,p8l0yoj,user_f714d30adc
t1,p8l0va8,user_a047907186
t1,p8l0tms,user_308359c769
t1,p8l0pzn,user_f57701672e
t1,p8l0n1c,user_a047907186
t1,p8l0lsc,user_5a639f039d
t1,p8l0hhw,user_bf6990ed6d
t1,p8ndzks,user_439e50ff7f
t1,p8ndtwr,user_7d92fb1210
t1,p8ndm3t,user_a6eb9e344e
t1,p8ndgv5,user_fb8f4dbb71
t1,p8nd9tk,user_15f1e5d08d
t1,p8nd6lh,user_262f550df4
t1,p8nd24h,user_ef518e908e
t1,p8ncov8,user_df3e2e4676
t1,p8ncorh,user_940861bd9f
t1,p8nck05,user_45252267ac
t1,p8nch2b,user_ef688927e6
t1,p8nc9fr,user_940861bd9f
t1,p8nc7j9,user_4813d93e82
t1,p8nc5y5,user_4410006b18
t1,p8nc4lt,user_ca07899793
t1,p8nbwmg,user_952c442f53
t1,p8nbuf9,user_890a76d54b
t1,p8nboo2,user_e9baac5af4
t1,p8nbo6b,user_8ecd58ff04
t1,p8nbku1,user_fcba119459
t1,p8nbi7w,user_35fc4726b6
t1,p8nbey9,user_82af80998f
t1,p8nbcdc,user_14467cf93d
t1,p8nbayk,user_8c943a69ad
t1,p8nb7ay,user_9b52697b77
t1,p8nb0dk,user_7427f049b9
t1,p8namk2,user_7b5267142a
t1,p8nam0g,user_1d93a361c2
t1,p8nahh5,user_26d8057e97
t1,p8naeya,user_b4cdb5991d
t1,p8na8h6,user_c7d88acaa9
t1,p8na8j3,user_e0cd15a4b9
t1,p8na3hk,user_d2e476375c
t1,p8na03z,user_064a76d900
t1,p8n9v38,user_96740b1445
t1,p8n9u3d,user_33a1546dd5
t1,p8n9pu7,user_523f46aa49
t1,p8n9l5x,user_7efccce37d
t1,p8n9kfg,user_d6b64c74fb
t1,p8n9j06,user_8e12f41769
t1,p8n9bqu,user_6d887f136b
t1,p8n9akc,user_739067924b
t1,p8n98w7,user_5fd71ae89a
t1,p8n94gs,user_4410006b18
t1,p8n94cc,user_5ebb80cb6b
t1,p8n8v2l,user_ce2793dc1a
t1,p8n8tkb,user_f91528ab5d
t1,p8n8t4w,user_8ecd58ff04
t1,p8n8p0g,user_0c8b9a2842
t1,p8n8j90,user_ac34ce4b98
t1,p8n8iv1,user_5c9fb3c259
t1,p8n8dt3,user_7a6969b07d
t1,p8n7pz0,user_dc4852cbc2
t1,p8n7pwq,user_61237095f5
t1,p8n7lap,user_e4954ce7ae
t1,p8n7k9h,user_7179fd3f15
t1,p8n7k0v,user_bf664f1598
t1,p8n7fht,user_f2673134c4
t1,p8n7fca,user_f600cd6732
t1,p8n7835,user_954f7998d4
t1,p8n75z3,user_4fed78bfa8
t1,p8n7443,user_6d887f136b
t1,p8n6zrl,user_4410006b18
t1,p8n6v7j,user_594c85f4a4
t1,p8n6v2w,user_0553512574
t1,p8n6lhb,user_223b7351cd
t1,p8n6j1d,user_64cde38a8b
t1,p8n6igo,user_9c8639384d
t1,p8n69lz,user_2e38365294
t1,p8n69dr,user_5b19b807ff
t1,p8n66wz,user_0cc6e831d6
t1,p8n62ix,user_6a474d8a92
t1,p8n5ztb,user_fbae8a0131
t1,p8n5sj6,user_13790859fe
t1,p8n5r3s,user_d9e074f025
t1,p8n5lca,user_f4a13783b7
t1,p8n5fv4,user_793d1cdb43
t1,p8n5a3t,user_4fed78bfa8
t1,p8n59s9,user_1ff542ca9c
t1,p8n54el,user_3203fa304a
t1,p8n549j,user_98a0c51c2c
t1,p8n53xj,user_48fdcf70b6
t1,p8n50oq,user_52d9be08a9
t1,p8n4zxc,user_d54a2271d7
t1,p8n4zqc,user_babb7941fb
t1,p8n4y8f,user_8f67e64c0e
t1,p8p0cwl,user_15d9d2ae81
t1,p8p0cgj,user_c686fe8ca4
t1,p8p046z,user_39839bd882
t1,p8ozz27,user_15d9d2ae81
t1,p8ozt44,user_2b1d704560
t1,p8ozsgo,user_371735b167
t1,p8ozqov,user_15d9d2ae81
t1,p8ozoa6,user_b1894b410c
t1,p8ozn73,user_2b1d704560
t1,p8ozj06,user_c28890722d
t1,p8ozfpw,user_63cb294229
t1,p8ozec5,user_c686fe8ca4
t1,p8ozc73,user_39839bd882
t1,p8ozc3z,user_89ec6e3c11
t1,p8ozb5o,user_c1f91a7ba4
t1,p8oza8v,user_d5685ff9d4
t1,p8oz49z,user_c8ba8053d0
t1,p8oywci,user_669f87ecad
t1,p8oyuzr,user_c1f91a7ba4
t1,p8oyulw,user_85478f6771
t1,p8oykho,user_4b53d5500c
t1,p8oyiqf,user_87ef771fa1
t1,p8oyi7y,user_c28890722d
t1,p8oyft6,user_c1f91a7ba4
t1,p8oyf3u,user_6f47b6a356
t1,p8oyeuf,user_d5324aec0c
t1,p8oyeja,user_b64003d618
t1,p8oyal6,user_9aebeb64da
t1,p8oy9j6,user_afabc3e274
t1,p8oy8lc,user_c28890722d
t1,p8oy296,user_7eb0744eab
t1,p8oxtl7,user_e0eda04454
t1,p8oxp40,user_371735b167
t1,p8oxnow,user_87ec67fbae
t1,p8ox97u,user_ab85b7442e
t1,p8owo27,user_b7daee08b9
t1,p8owe7s,user_cbb5703b77
t1,p8ow9zg,user_e14ebaba38
t1,p8ovy60,user_7d2da23f79
t1,p8ovr2f,user_fa95b5dff2
t1,p8ovnbs,user_bfadb8b041
t1,p8ovkha,user_7ef5b1b1cb
t1,p8ovhlq,user_215b9539a0
t1,p8ov22u,user_3eba52cb73
t1,p8ouvy4,user_32341e3817
t1,p8ouowg,user_0b435cabd3
t1,p8ounrj,user_fa95b5dff2
t1,p8ougey,user_d0b284b4a5
t1,p8ou4mg,user_aebc987f4a
t1,p8otvw7,user_4f49e1299d
t1,p8otuui,user_75727c9dc5
t1,p8otu0c,user_ab6b2b82f9
t1,p8ottba,user_484f116dec
t1,p8otsxj,user_30650760c9
t1,p8osw59,user_ad7da0aef8
t1,p8oss1p,user_bd372b477e
t1,p8osplw,user_ad7da0aef8
t1,p8oslkz,user_ae7976dcd2
t1,p8oskoo,user_d422a19ab3
t1,p8osk08,user_07c6a6f687
t1,p8os8tt,user_92217644f4
t1,p8os2qj,user_59cf6cd1ba
t1,p8os0rf,user_aa20d7186a
t1,p8orwlf,user_18f7581d62
t1,p8orpgf,user_bd19ed4ef2
t1,p8ormdk,user_d00e42b09a
t1,p8orj7p,user_a633f0d9ec
t1,p8orilt,user_dbfd394abd
t1,p8ori4t,user_80aa3696cb
t1,p8orf9z,user_08157e7d94
t1,p8or7au,user_c5810559ec
t1,p8or6f3,user_8e73293f1e
t1,p8or2ny,user_6ae8240d85
t1,p8or2gx,user_5d63286fad
t1,p8oqw8s,user_a0de00198b
t1,p8oqv0j,user_b78ceb4297
t1,p8oqtxl,user_ec771eef08
t1,p8oqr6y,user_c5b7bd1b20
t1,p8oqnlo,user_7cd2849d47
t1,p8oqgbd,user_764fb18b5d
t1,p8oqfax,user_3e7bbe314e
t1,p8oqeqa,user_027c95b02f
t1,p8oqcov,user_85c58d0790
t1,p8oqb93,user_02bbbab0d2
t1,p8oq4kx,user_3e7bbe314e
t1,p8oppbo,user_6e6378fbd6
t1,p8qaof5,user_ce97409bf2
t1,p8qaka0,user_fc1d82bfa6
t1,p8qahmr,user_2f8e8998d3
t1,p8qah6q,user_4f9780b1ac
t1,p8qab0k,user_0e125f3c71
t1,p8qa75c,user_0efc35961a
t1,p8qa6a5,user_1748a6c6a3
t1,p8qa1ki,user_bae3f262af
t1,p8qa157,user_f847c94785
t1,p8q9vf0,user_a065ddf69f
t1,p8q9r03,user_d91df4273b
t1,p8q9onp,user_f64bbb8574
t1,p8q9jh9,user_4a01b1cbeb
t1,p8q9j86,user_ffe77aca28
t1,p8q9i8u,user_63b5495c33
t1,p8q9gzt,user_f64bbb8574
t1,p8q9d8w,user_a929ca8c39
t1,p8q9bj2,user_9d97e928d8
t1,p8q987o,user_06b4e5d071
t1,p8q986f,user_a6e3109d26
t1,p8q94j6,user_a95b5434f1
t1,p8q8x3g,user_50de33108e
t1,p8q8oai,user_5198cab612
t1,p8q8m4i,user_39dd2bb2f1
t1,p8q8krh,user_7311b12294
t1,p8q8jei,user_7bb9dab6a6
t1,p8q8h67,user_1942bd14c9
t1,p8q8gaw,user_0615f6dbb9
t1,p8q8f30,user_110f3ef953
t1,p8q8exx,user_82da71011a
t1,p8q8czz,user_f2bbe11133
t1,p8q8b65,user_06b4e5d071
t1,p8q8153,user_88065d55da
t1,p8q7wfv,user_f27c37bc19
t1,p8q7vwu,user_09f46fcca2
t1,p8q7vui,user_4390b12aff
t1,p8q7sg9,user_ea267f4661
t1,p8q7brq,user_55ae625467
t1,p8q7b9d,user_22d407a02a
t1,p8q77pz,user_e0cd15a4b9
t1,p8q75br,user_6ba2a281cd
t1,p8q6vz2,user_85c40bb818
t1,p8q6uy9,user_bd48e382ef
t1,p8q6tde,user_2f8e8998d3
t1,p8q6m8x,user_7dd345d9dd
t1,p8q6l1n,user_50ad7391b5
t1,p8q6kgf,user_e0cd15a4b9
t1,p8q6k2l,user_dcb875078c
t1,p8q6jg0,user_13beb725e4
t1,p8q6d5r,user_4ea17129ba
t1,p8q6cff,user_f847c94785
t1,p8q6ayr,user_00979774dd
t1,p8q670l,user_6a261652a7
t1,p8q60mp,user_bb1aa6dc67
t1,p8q5yoc,user_be5cb95df8
t1,p8q5y4x,user_50ad7391b5
t1,p8q5wxe,user_5e2f9c9181
t1,p8q5wn9,user_d15c6408e1
t1,p8q5vzn,user_be5cb95df8
t1,p8q5u95,user_e0cd15a4b9
t1,p8q5tyf,user_07c93d752b
t1,p8q5rn1,user_051558ce79
t1,p8q5oe3,user_762b836c97
t1,p8q5mzh,user_50ad7391b5
t1,p8q5m8d,user_f2bbe11133
t1,p8q5jlz,user_1c9523479b
t1,p8q5izc,user_5ea02b3085
t1,p8q5gpv,user_be5cb95df8
t1,p8q5fnw,user_f3582a1e04
t1,p8q5fe9,user_cf3e37b3e6
t1,p8q5el2,user_1204d81575
t1,p8q5dqu,user_2f8e8998d3
t1,p8q5brs,user_f3582a1e04
t1,p8q5bce,user_7ad1dfa0ec
t1,p8q5aay,user_d7dbffd09d
t1,p8q59lk,user_9a9b69093e
t1,p8q59if,user_051558ce79
t1,p8q545j,user_f2bbe11133
t1,p8q528r,user_1748a6c6a3
t1,p8q4zm2,user_fe753e5087
t1,p8q4wcx,user_9a9b69093e
t1,p8q4uqp,user_b017acd845
t1,p8q4s9j,user_608be6e1c7
t1,p8q4rh3,user_cceae3a629
t1,p8q4n9w,user_791ca88e6e
t1,p8q4dlu,user_e0cd15a4b9
t1,p8q4bir,user_cceae3a629
t1,p8shd9t,user_84983fc206
t1,p8sh7m4,user_759fc6893b
t1,p8sh6ie,user_76fb45c968
t1,p8sh6b8,user_e8aed96560
t1,p8sh35g,user_f505879516
t1,p8sgq4i,user_bf1dcad748
t1,p8sgp1w,user_e8aed96560
t1,p8sgor1,user_5104056974
t1,p8sghcu,user_a89099269b
t1,p8sggd9,user_e14aa10386
t1,p8sgg2q,user_bffc7495fe
t1,p8sge36,user_fcc0c3af2f
t1,p8sg970,user_418da77e7a
t1,p8sg6d8,user_fa004aa2b8
t1,p8sg6a9,user_9b7b1da0d0
t1,p8sg63v,user_177b8c57d1
t1,p8sg5qj,user_d28d5d864a
t1,p8sg3al,user_6a3aab8e74
t1,p8sg2tn,user_af6db192c9
t1,p8sg28l,user_8b7580741e
t1,p8sfwz6,user_9b7b1da0d0
t1,p8sf8o8,user_629e9d3573
t1,p8sf3ws,user_200b7438fa
t1,p8sf1bl,user_bd93e901de
t1,p8sev5b,user_48852e49d0
t1,p8sejwq,user_5ad809d4e7
t1,p8sejkl,user_affea81f28
t1,p8sehol,user_be610be82a
t1,p8sefcm,user_d162267190
t1,p8se809,user_e38e0e9898
t1,p8se7s7,user_1e5e24019f
t1,p8se73f,user_e8aed96560
t1,p8se3t3,user_15df3a5ff8
t1,p8se32u,user_15df3a5ff8
t1,p8se2qb,user_d7c7e5bb94
t1,p8se1r5,user_15df3a5ff8
t1,p8se0xd,user_15df3a5ff8
t1,p8se05y,user_5fd131b12a
t1,p8sduqf,user_c102c0760e
t1,p8sdugv,user_815f37222f
t1,p8sdre1,user_bf1dcad748
t1,p8sdp3h,user_953615d045
t1,p8sd1uj,user_7b54bfcecd
t1,p8sd072,user_3a51ac316c
t1,p8scsei,user_62cb5063b6
t1,p8scrgr,user_38d6a50482
t1,p8scrag,user_db68c37458
t1,p8scjtg,user_7b54bfcecd
t1,p8sce8z,user_7bd2d78858
t1,p8sc7dq,user_b559b379da
t1,p8sc0j2,user_8ce70d36fa
t1,p8sbz3z,user_4fed78bfa8
t1,p8sbweu,user_e6977edf87
t1,p8sbw42,user_c9ded3f36e
t1,p8sboti,user_8ce70d36fa
t1,p8sblvj,user_ea8bb49a2f
t1,p8sbjev,user_8ce70d36fa
t1,p8sbj37,user_b559b379da
t1,p8sbhgh,user_4fed78bfa8
t1,p8sb6ci,user_68c87029a9
t1,p8sb4ao,user_03d4b3962f
t1,p8sb3zy,user_6a314b477e
t1,p8sb3vt,user_7b54bfcecd
t1,p8sb2k9,user_4fed78bfa8
t1,p8sb1yp,user_bf1dcad748
t1,p8saxl8,user_d8f5b075a5
t1,p8sawzm,user_e9892c67f1
t1,p8sar4s,user_66cface9df
t1,p8sapdj,user_6abcb66d7b
t1,p8saidf,user_0490713ced
t1,p8saha8,user_cd360f5588
t1,p8sab1n,user_9750150fa8
t1,p8sa7hw,user_b0b72a447b
t1,p8sa2pq,user_66cface9df
t1,p8sa2da,user_4ea17129ba
t1,p8sa0ri,user_b747212e8e
t1,p8s9xga,user_53bd1e18df
t1,p8s9xbr,user_f88dfad7d6
t1,p8s9vng,user_2a97b3dd36
t1,p8s9mfn,user_83df5ccf0a
t1,p8s9kav,user_e77c724ed7
t1,p8s9ch8,user_141363b42a
t1,p8s99ek,user_9d9bb0df47
t1,p8s97p9,user_42a10e8814
t1,p8s97ai,user_118203f599
t1,p8s96la,user_e7938f1c57
t1,p8uo5qm,user_d9e074f025
t1,p8uo4pb,user_3e4ae3f45f
t1,p8unzbl,user_48ae1ab094
t1,p8unyfy,user_f0d0748e8d
t1,p8unv42,user_f0d0748e8d
t1,p8unt4o,user_8111667f06
t1,p8unrp0,user_7d70d75349
t1,p8unncz,user_9c1a273ff8
t1,p8ungbi,user_f65b0d451a
t1,p8unga8,user_d57f8da6ce
t1,p8ung31,user_f0d0748e8d
t1,p8uneus,user_f633017275
t1,p8une65,user_e4f042126a
t1,p8unb4o,user_5a8ce21bdf
t1,p8unazq,user_751495de1c
t1,p8unaoy,user_e4f042126a
t1,p8un34a,user_df1d26363a
t1,p8umzqg,user_8b8ad4cb7c
t1,p8umymy,user_f0d0748e8d
t1,p8umt4h,user_f4e9e7cb65
t1,p8umt66,user_5723e80308
t1,p8ums6h,user_cfae6ca88a
t1,p8umm6q,user_6292de9399
t1,p8umjfk,user_1dd35f0367
t1,p8umhu3,user_67746158c7
t1,p8umhl7,user_23ec49ee88
t1,p8umdq6,user_9cc1618c25
t1,p8um8vc,user_d05cab31db
t1,p8um7oc,user_f0d0748e8d
t1,p8um4bp,user_e0dfa00352
t1,p8um35m,user_27eae48a24
t1,p8um31y,user_aafc01f4f4
t1,p8um2w6,user_f0d0748e8d
t1,p8ulzry,user_e7938f1c57
t1,p8ulyao,user_e6054465ce
t1,p8ulxr9,user_77df292e26
t1,p8ulxfn,user_d80682b0f2
t1,p8ulwjv,user_8d1b57050d
t1,p8uluo7,user_d9e074f025
t1,p8ulrse,user_67746158c7
t1,p8ulov4,user_a1a42715ce
t1,p8ulnwb,user_278707a4e9
t1,p8ulkvb,user_a37430c33a
t1,p8ulkvr,user_f0d0748e8d
t1,p8uldkj,user_a6803e3f85
t1,p8uld9j,user_f4e9e7cb65
t1,p8ulbis,user_fa417782c0
t1,p8ula8k,user_7860921961
t1,p8ul7xm,user_6aaf651869
t1,p8ul7kv,user_f0d0748e8d
t1,p8ul71t,user_6292de9399
t1,p8ul144,user_315428f0b2
t1,p8ul0lz,user_f0d0748e8d
t1,p8ul0ly,user_6aaf651869
t1,p8ukz9i,user_5c1480e269
t1,p8ukvg9,user_67746158c7
t1,p8uku53,user_51c3f1e92f
t1,p8ukoyw,user_f0d0748e8d
t1,p8uklec,user_3221f71c8b
t1,p8ukgn4,user_d05cab31db
t1,p8ukgci,user_bcbf8ad788
t1,p8ukfc2,user_67746158c7
t1,p8uke0d,user_a7215adaa0
t1,p8ukbu8,user_1b7b1d4042
t1,p8ukbar,user_f0d0748e8d
t1,p8uk4d7,user_f0d0748e8d
t1,p8uk2fz,user_1c6e69cde9
t1,p8ujzfl,user_91fc0796b3
t1,p8ujzch,user_50c3a1c296
t1,p8uju59,user_d80682b0f2
t1,p8ujtci,user_73451d2192
t1,p8ujl04,user_097f360fdf
t1,p8uje3d,user_f0570f210d
t1,p8uj7cu,user_7626b5415f
t1,p8uj755,user_066bace305
t1,p8uj1k2,user_f0d0748e8d
t1,p8uixmd,user_6ac9459f1c
t1,p8uiwvn,user_1a333b759b
t1,p8uiqeb,user_2a4f7b8125
t1,p8uioy5,user_0a9a07dbd8
t1,p8uimuh,user_f0d0748e8d
t1,p8uik7f,user_b3df31c0dc
t1,p8uidrh,user_506ce4f61b
t1,p8uibee,user_fd47d2009c
t1,p8ui8ss,user_4038d04f54
t1,p8ui4zf,user_7c7f46f3f8
t1,p8ui158,user_0a9a07dbd8
t1,p8ui08k,user_ee214357b5
t1,p8wdtyv,user_9c2f330827
t1,p8wdtj9,user_52f724badd
t1,p8wdnf9,user_1b118b1def
t1,p8wdgcr,user_546bcf97d4
t1,p8wd0td,user_8d4d9ea0c2
t1,p8wcw4f,user_af6db192c9
t1,p8wcvzl,user_0f0cdfb6d2
t1,p8wcsso,user_af6db192c9
t1,p8wcsaz,user_f32d5f70a6
t1,p8wcp4v,user_9c2f330827
t1,p8wcdeb,user_a37430c33a
t1,p8wcbr7,user_cb12bbb981
t1,p8wc4ej,user_8d1b57050d
t1,p8wc2pq,user_9c2f330827
t1,p8wbxjb,user_9c2f330827
t1,p8wbwt9,user_979cc0ca16
t1,p8wbv43,user_a37430c33a
t1,p8wbu8y,user_502ded97a4
t1,p8wbqko,user_9c2f330827
t1,p8wblw5,user_5e3f6957ee
t1,p8wbhu4,user_fa05e8cf21
t1,p8wbete,user_5e3f6957ee
t1,p8wb560,user_6464957dab
t1,p8wb53a,user_f4019d8360
t1,p8waxu7,user_cae73f125e
t1,p8wasez,user_c2a13c0927
t1,p8wanrl,user_89dc76bfec
t1,p8wano6,user_2ba112fdea
t1,p8wabdk,user_2500536271
t1,p8wa9bp,user_06b8891ef3
t1,p8wa43e,user_89dc76bfec
t1,p8w9yve,user_99abbcbfcb
t1,p8w9vs1,user_bdbba7aa80
t1,p8w9ncc,user_cd89bc89e8
t1,p8w9jil,user_d5324aec0c
t1,p8w9j7x,user_b3cc79927e
t1,p8w9ihx,user_893ecb4e4a
t1,p8w9gvy,user_526688902f
t1,p8w9dna,user_dd04aeb51d
t1,p8w9dn4,user_380eb41a2c
t1,p8w987m,user_5af88591d1
t1,p8w959t,user_d92a6f8b91
t1,p8w93bm,user_175337ceb8
t1,p8w91da,user_3989f7681a
t1,p8w90ip,user_834172a6fd
t1,p8w8p2c,user_5af88591d1
t1,p8w8hfl,user_c0542100a7
t1,p8w88ol,user_4b67468a64
t1,p8w81ai,user_0e3006b890
t1,p8w7zhy,user_f0d0748e8d
t1,p8w7ryn,user_1264fcc0df
t1,p8w7px6,user_6b110b7a1e
t1,p8w7pgw,user_f0d0748e8d
t1,p8w7dh1,user_030853a72b
t1,p8w7cqt,user_2f45e2404d
t1,p8w7c2e,user_6b110b7a1e
t1,p8w7agd,user_8437c5bae2
t1,p8w7a8a,user_1a81bd33b6
t1,p8w78bf,user_f7de0ddb0a
t1,p8w770r,user_448f698cf3
t1,p8w72r1,user_28f4d618a2
t1,p8w72mh,user_267f77d056
t1,p8w6yh1,user_d5324aec0c
t1,p8w6v3m,user_e1b43c22dc
t1,p8w6rym,user_ed1a58e5e4
t1,p8w6pp3,user_50ef97ad61
t1,p8w6lxm,user_c72cb1dafc
t1,p8w6kqc,user_915c5d6997
t1,p8w6jni,user_6b110b7a1e
t1,p8w6i92,user_50ef97ad61
t1,p8w6hrs,user_e7c7ed6ab8
t1,p8w6ejo,user_915c5d6997
t1,p8w6e33,user_e8fc2ea814
t1,p8w6c63,user_1f0eefeeb4
t1,p8w6bso,user_a21ec2b09d
t1,p8w6boq,user_d21fcbd23b
t1,p8w6azk,user_054db3a34e
t1,p8w6aob,user_915c5d6997
t1,p8w6a3t,user_50ef97ad61
t1,p8xogib,user_e0dabed374
t1,p8xoaxr,user_27b873754a
t1,p8xoat0,user_79ec27ad7b
t1,p8xoa2q,user_6b68eaf1c1
t1,p8xo7fc,user_a992e0aa14
t1,p8xo4qd,user_e637f509e2
t1,p8xnxbu,user_aad8211b09
t1,p8xntde,user_2c43e537a5
t1,p8xnpzk,user_56f163167d
t1,p8xnkwk,user_615ca9f6f5
t1,p8xnhmf,user_31963d0989
t1,p8xngw5,user_c60522369d
t1,p8xnff6,user_807a649233
t1,p8xncsd,user_087d9215e0
t1,p8xn6xf,user_0a63034c96
t1,p8xn4ox,user_3d609b786f
t1,p8xn27j,user_56f163167d
t1,p8xn131,user_f46f27ea3f
t1,p8xmvqu,user_7c2af3034b
t1,p8xmumn,user_6292de9399
t1,p8xmty3,user_c60522369d
t1,p8xmsk4,user_d91df4273b
t1,p8xmray,user_3b478064ec
t1,p8xmqjv,user_56f163167d
t1,p8xmkdx,user_2329279dae
t1,p8xmdyj,user_2f45e2404d
t1,p8xma74,user_08157e7d94
t1,p8xm8vr,user_4979d8f982
t1,p8xlzrh,user_3e34f220cd
t1,p8xlxv8,user_8a71700f0d
t1,p8xlxvt,user_71a99184bf
t1,p8xlpcj,user_c60522369d
t1,p8xlnut,user_2dfc240e87
t1,p8xlmig,user_749abf6afc
t1,p8xlfc8,user_c9f01ad214
t1,p8xlaoh,user_f0d0748e8d
t1,p8xl4tg,user_3f711cae1e
t1,p8xl2k8,user_8a71700f0d
t1,p8xl1sw,user_755cb35063
t1,p8xl1dm,user_ebb132c476
t1,p8xkvls,user_dedc441ce6
t1,p8xkpqr,user_e3b9e1f49c
t1,p8xkmjn,user_4b53d5500c
t1,p8xklko,user_ad7da0aef8
t1,p8xke4y,user_099e9171d3
t1,p8xk759,user_4b53d5500c
t1,p8xk4wc,user_6e9b741d94
t1,p8xk1k5,user_f27c37bc19
t1,p8xjzc4,user_a76ab820ac
t1,p8xjz8n,user_c23b8db8d0
t1,p8xjxol,user_f0d0748e8d
t1,p8xjoas,user_a7c2659b7b
t1,p8xjoc0,user_0486c409fe
t1,p8xjk69,user_cf5e878ab8
t1,p8xjji7,user_39c1ea146c
t1,p8xjelc,user_967a72645d
t1,p8xjeco,user_cf5e878ab8
t1,p8xj72f,user_35869bbdef
t1,p8xj3oj,user_baf5348d4f
t1,p8xijsa,user_a94a541a2d
t1,p8xihkn,user_749abf6afc
t1,p8xift5,user_cb3539da9f
t1,p8xi2ho,user_692337a1f7
t1,p8xi10w,user_70debca215
t1,p8xhtbk,user_e4f731289b
t1,p8xhoa9,user_48f16ce9e8
t1,p8xhk4u,user_c0022c20f7
t1,p8xhij4,user_baf5348d4f
t1,p8xhgjv,user_1570236e91
t1,p8xhet3,user_0a63034c96
t1,p8xhc04,user_b67ea021b2
t1,p8xhc06,user_2255f81329
t1,p8xha42,user_6ae7d0e095
t1,p8xh8t9,user_5eb6c2e68f
t1,p8xh4e4,user_c280f0b458
t1,p8xh1hl,user_d59180fced
t1,p8xgv2o,user_2255f81329
t1,p8xgtu7,user_d01c50e91b
t1,p8xgrbr,user_c0022c20f7
t1,p8xgq6e,user_d4e9dbc6d7
t1,p8xgf16,user_3e61ed1ed8
t1,p8xgdgi,user_5434dbb953
t1,p8xg9ub,user_d01c50e91b
t1,p8xfrdu,user_2700ffa87c
t1,p8zwfz8,user_b2e90905dc
t1,p8zwaut,user_0724ac9a30
t1,p8zw9da,user_feb7f7e521
t1,p8zw98p,user_bf6f7cb606
t1,p8zw6vu,user_b8944e011d
t1,p8zw5eb,user_b2e90905dc
t1,p8zw3ol,user_2dfc240e87
t1,p8zw1zv,user_1a3ba2e9c3
t1,p8zvzir,user_aa459948a6
t1,p8zvrwm,user_e8e8551ce5
t1,p8zvqrc,user_bf3aba10e3
t1,p8zvpo1,user_6fbcd447a8
t1,p8zvh7s,user_db68c37458
t1,p8zvb9y,user_95ddedcf25
t1,p8zv9s5,user_b2e90905dc
t1,p8zv8ko,user_c90e184cbc
t1,p8zv6dd,user_b2e90905dc
t1,p8zv5q2,user_b2e90905dc
t1,p8zv4bv,user_b2e90905dc
t1,p8zv40b,user_5417710fee
t1,p8zuzmb,user_4a84f67c01
t1,p8zuydw,user_fcc0c3af2f
t1,p8zux0i,user_38d6a50482
t1,p8zuw24,user_4d0b33d548
t1,p8zupjq,user_1cdcf84bb0
t1,p8zuo91,user_0cee2badcd
t1,p8zun5j,user_dd8ae04d30
t1,p8zucm4,user_83ac51ff88
t1,p8zuc3e,user_2643f958d1
t1,p8zubgy,user_b91e769810
t1,p8zu95b,user_b7daee08b9
t1,p8zu7kz,user_e8efc2ca73
t1,p8zu1x0,user_d2d7904818
t1,p8zu0ma,user_e8efc2ca73
t1,p8zty4l,user_15d9d2ae81
t1,p8ztvwl,user_b26ae684d5
t1,p8ztvmk,user_50ad7391b5
t1,p8ztrfa,user_8ecadae2b9
t1,p8zthxu,user_e8efc2ca73
t1,p8zt8yj,user_1e24313200
t1,p8zt8pk,user_b2e90905dc
t1,p8zt8da,user_e3d9851204
t1,p8zt5c5,user_0797022772
t1,p8zt5f8,user_e8efc2ca73
t1,p8zt59k,user_e2480fe47b
t1,p8zt5aw,user_a5f90ad561
t1,p8zt3ox,user_1a804f4ac7
t1,p8zt0rt,user_d2d7904818
t1,p8zt0ge,user_dccec90d9e
t1,p8zswc1,user_07fdd9f46e
t1,p8zsrm7,user_d950f257bd
t1,p8zsp5j,user_aa30ecdbef
t1,p8zsoaj,user_8b7580741e
t1,p8zsnh3,user_2edaa4be31
t1,p8zsnet,user_7800320eda
t1,p8zsj22,user_0d155e8501
t1,p8zsgtf,user_95ddedcf25
t1,p8zsf0s,user_42ca26a106
t1,p8zsaw6,user_6b786b9c33
t1,p8zs8y0,user_4b7884c184
t1,p8zs7b1,user_cb571ca2ee
t1,p8zs574,user_bc6afcc3ea
t1,p8zs4o1,user_56f163167d
t1,p8zs2ra,user_b2e90905dc
t1,p8zs1r6,user_6b786b9c33
t1,p8zrwu3,user_e2480fe47b
t1,p8zrvs2,user_229fba33de
t1,p8zrtz6,user_4cf17ea551
t1,p8zrqo4,user_34261c4924
t1,p8zrk85,user_b2e90905dc
t1,p8zreou,user_d93f94dddd
t1,p8zrdw9,user_b2e90905dc
t1,p8zra37,user_b2e90905dc
t1,p8zr9c5,user_30d8156109
t1,p8zr7ol,user_fe07b2e79c
t1,p8zr4zy,user_769d95064f
t1,p8zqzrb,user_454b646d5a
t1,p8zqsta,user_32e6a2b05b
t1,p8zqm4o,user_4d4aa24a0c
t1,p8zqlg6,user_814393a164
t1,p8zqjtc,user_0b95127c93
t1,p8zqi0b,user_b2e90905dc
t1,p8zqe4w,user_c1f91a7ba4
t1,p8zqalj,user_b2e90905dc
t1,p8zqafs,user_097cb0b69d
t1,p8zq4uj,user_c1f91a7ba4
t1,p8zpzw0,user_2d4d74e76b
t1,p8zpwwa,user_b2e90905dc
t1,p922bhi,user_d967efd907
t1,p92292l,user_967d197d33
t1,p9228td,user_d2b7b6c547
t1,p9228vl,user_a8148c3b40
t1,p9227sq,user_5e656f84a5
t1,p9224u2,user_364d8e0bfc
t1,p9224od,user_21029c8651
t1,p921ra9,user_1f5017203c
t1,p921rax,user_af6db192c9
t1,p921pb1,user_52b44f9e99
t1,p921ooc,user_10939cee28
t1,p921bl7,user_bf8cb4eeff
t1,p921ask,user_6fd09df9ac
t1,p92149i,user_c2e57ace07
t1,p920uql,user_8a7cf40143
t1,p920qk7,user_cce873b0a0
t1,p920m79,user_71c5cd5408
t1,p920kkx,user_177b8c57d1
t1,p920jlz,user_af6db192c9
t1,p920hb9,user_967d197d33
t1,p920d2j,user_940bc6327e
t1,p920cm1,user_5e7a02a7de
t1,p9201p6,user_00e982233f
t1,p91zxkc,user_539f761ba8
t1,p91zwba,user_d1a2243574
t1,p91zqlm,user_5de85bcb9b
t1,p91zpxs,user_d1a2243574
t1,p91zlbg,user_d1a2243574
t1,p91zjme,user_f91117cb1d
t1,p91zhw6,user_e6fec6ff67
t1,p91zgbt,user_613eb3880d
t1,p91zack,user_d1a2243574
t1,p91z8v6,user_68fb3c2e9b
t1,p91z8cl,user_a34e51faba
t1,p91z7ly,user_949e39e4a7
t1,p91z4q8,user_de6e9c4635
t1,p91z28n,user_dc789faf6a
t1,p91z12o,user_99b182119b
t1,p91yxw6,user_ab49da800b
t1,p91yw3h,user_4b53d5500c
t1,p91yuih,user_f938a7a8b5
t1,p91ytlf,user_78dacfbc15
t1,p91yrsj,user_88b4a40156
t1,p91y76j,user_b5cf6cfecd
t1,p91xy79,user_4d28970359
t1,p91xxq6,user_eb95d67f11
t1,p91xv2v,user_4705552b8e
t1,p91xus2,user_4b53d5500c
t1,p91xss6,user_bc16296884
t1,p91xr4b,user_56a64aeac0
t1,p91xjo7,user_0c391cd1dc
t1,p91xcjb,user_5a02fbb148
t1,p91x612,user_e52e4d89e3
t1,p91x3zu,user_c7813f1486
t1,p91x0b9,user_1005745c6f
t1,p91wx0v,user_5c28c3b580
t1,p91wuac,user_50ad7391b5
t1,p91wi0b,user_541b3b6c0a
t1,p91we9d,user_39f46cd5e1
t1,p91wcco,user_eb3f608c61
t1,p91wb06,user_00e982233f
t1,p91w85e,user_01eb12684e
t1,p91w7oj,user_a3c3ff4bfd
t1,p91vwxr,user_02c4698528
t1,p91vvds,user_89e998aa4a
t1,p91vorq,user_cc4b349d3c
t1,p91vjpe,user_dbc8f6a199
t1,p91vh78,user_cc4b349d3c
t1,p91va99,user_cb85a85046
t1,p91v8u3,user_cc4b349d3c
t1,p91v8ii,user_f0d0748e8d
t1,p91v7kg,user_1704a7c2ba
t1,p91v4n1,user_79e5663601
t1,p91v2k8,user_8ca72e3af4
t1,p91up8r,user_58e6bdb823
t1,p91ullm,user_f24a6a7ec3
t1,p91uinq,user_f0d0748e8d
t1,p91ufno,user_13ab571886
t1,p91ud0u,user_9a51580eaf
t1,p91u55m,user_52d7790421
t1,p91u3nu,user_a34e51faba
t1,p91u31c,user_6a7253561a
t1,p91u2wa,user_ef36a1827d
t1,p91u1fu,user_cfeddb416b
t1,p91u02o,user_c2814f2203
t1,p91tymx,user_c2814f2203
t1,p91tykm,user_e76599b1b1
t1,p91txhh,user_7e0cd7437d
t1,p91txbo,user_141c81a6f4
t1,p93qokx,user_c7fe61a9ef
t1,p93qkj1,user_5537fc2967
t1,p93qiee,user_bf0d9427b1
t1,p93qgas,user_bf0d9427b1
t1,p93q5vw,user_86eaa745bc
t1,p93q550,user_ae2831baba
t1,p93q1ep,user_224580d8c1
t1,p93q07y,user_6bf48e0732
t1,p93pxxs,user_959a82bffa
t1,p93pxpi,user_91eb6f2d71
t1,p93ppse,user_6512d74ee7
t1,p93piri,user_ad64fc3a6b
t1,p93pfq0,user_6cad5c21f5
t1,p93pavc,user_aac41a4c44
t1,p93p774,user_95ddedcf25
t1,p93p1k8,user_6968ed24c1
t1,p93oxak,user_95ddedcf25
t1,p93ouj5,user_6fc81c10c5
t1,p93oh07,user_7c27405d6c
t1,p93oc8u,user_66148bef18
t1,p93oayf,user_7c27405d6c
t1,p93oayz,user_acc15e5f7e
t1,p93o6c2,user_41690e9edc
t1,p93o3ms,user_aac41a4c44
t1,p93o2zj,user_b747212e8e
t1,p93o083,user_556fe23e38
t1,p93nu86,user_2e95309cd6
t1,p93nt9i,user_9518b005f9
t1,p93nogt,user_d457178727
t1,p93nhbd,user_103e0f0f87
t1,p93nhac,user_03ab00ac46
t1,p93ngkj,user_8e7e008b28
t1,p93nbvf,user_0490713ced
t1,p93n7pz,user_0490713ced
t1,p93n3rz,user_62cb5063b6
t1,p93n04d,user_b0631c1011
t1,p93mx9u,user_34db307c7f
t1,p93msj1,user_47285aac60
t1,p93mscx,user_943b14444f
t1,p93ms2n,user_103e0f0f87
t1,p93mota,user_4c3229184e
t1,p93modf,user_09563e04ef
t1,p93mnzy,user_3ea3f71737
t1,p93mlq2,user_9deccf7f02
t1,p93mjuf,user_943b14444f
t1,p93mfyi,user_2255f81329
t1,p93mfuz,user_0307eb14b1
t1,p93md8d,user_4051d51de4
t1,p93m7q5,user_943b14444f
t1,p93m7kx,user_c99655e42a
t1,p93lw21,user_cb7a21519a
t1,p93lvnh,user_0490713ced
t1,p93lsji,user_ed2e8a2b09
t1,p93lotv,user_87979a1aa7
t1,p93lljg,user_0490713ced
t1,p93lk02,user_1203aa44b9
t1,p93lgur,user_cb7a21519a
t1,p93lfuy,user_c7fe61a9ef
t1,p93lexh,user_cb7a21519a
t1,p93lefv,user_dac0944618
t1,p93lc3u,user_dac0944618
t1,p93lae7,user_4397c3f85b
t1,p93l8qq,user_cb7a21519a
t1,p93l0c9,user_51e05ec12d
t1,p93kzzr,user_cb7a21519a
t1,p93kvd9,user_cb7a21519a
t1,p93kqqq,user_9646a6fdbb
t1,p93kodw,user_9484631fb6
t1,p93k447,user_c7974c89c3
t1,p93jz5v,user_dfd6e81d14
t1,p93jwbi,user_7bd2d78858
t1,p93jv9n,user_4c4ab16d55
t1,p93jooc,user_56afb22969
t1,p93jo12,user_0ceaeefd8c
t1,p93jnya,user_fa4787cdf2
t1,p93jhj7,user_5c2677989e
t1,p93ja0g,user_d9ea23b3a0
t1,p93j7qj,user_60a14a3315
t1,p93j3t6,user_1daca819ca
t1,p93ioal,user_b7e358ff74
t1,p93imdj,user_fcdd8e7291
t1,p93iipn,user_887924d7f6
t1,p93ibwx,user_0c8b9a2842
t1,p93ibh9,user_0490713ced
t1,p93i202,user_4d9246b5ea
t1,p93hz2a,user_bf15824d1f
t1,p93hz3d,user_ba7a48cc26
t1,p93hxzz,user_85303fa201
t1,p951fr6,user_7341b2127d
t1,p951fno,user_63b5495c33
t1,p950y6j,user_09933885bb
t1,p950w44,user_3d68081439
t1,p950tna,user_27b873754a
t1,p950rpx,user_93b7ebc19f
t1,p950mf1,user_266041e0dc
t1,p950k71,user_296d6afc37
t1,p950glb,user_ac87d8c210
t1,p9500bb,user_50ad7391b5
t1,p94zulv,user_50ad7391b5
t1,p94zq61,user_48fdcf70b6
t1,p94zm8r,user_3b263640bc
t1,p94zk4o,user_48fdcf70b6
t1,p94zel6,user_c99655e42a
t1,p94zdhx,user_3b263640bc
t1,p94z00i,user_db348ffbdf
t1,p94yg5q,user_a7bef43d09
t1,p94y026,user_7a697fdce4
t1,p94xszw,user_7ae489bcee
t1,p94xn9j,user_542a29d5aa
t1,p94xiky,user_54f69f2dbe
t1,p94xgjq,user_1a42fe87e0
t1,p94x4qv,user_c46a860c7a
t1,p94x125,user_bb8c9914de
t1,p94wvqo,user_85f9d5cc6a
t1,p94wulz,user_89076c5aaf
t1,p94wimh,user_1daca819ca
t1,p94wh2m,user_8012d51bbc
t1,p94wh4q,user_35869bbdef
t1,p94wca8,user_806afcc0f5
t1,p94w92f,user_7247b70c17
t1,p94w8fv,user_d162267190
t1,p94w7r1,user_e38e0e9898
t1,p94w3nf,user_973379bf77
t1,p94w2nm,user_bb8c9914de
t1,p94vq1h,user_50ad7391b5
t1,p94vp96,user_50ad7391b5
t1,p94vlgq,user_cb571ca2ee
t1,p94vk3r,user_cb571ca2ee
t1,p94vj4t,user_a7aa1dd38d
t1,p94viu4,user_90a0884c85
t1,p94v7ul,user_80ab892660
t1,p94v5j0,user_bf760c07ce
t1,p94v510,user_6c0fd8f9be
t1,p94v4l2,user_b97797c2db
t1,p94v4mq,user_f889c5d38a
t1,p94uo59,user_4e3303e540
t1,p94ujoa,user_ddc44cb653
t1,p94ua6a,user_08be5b24d5
t1,p94u9wx,user_eadc02bc09
t1,p94u3tq,user_357b7b76b9
t1,p94u2ty,user_ab1eef141c
t1,p94tw2q,user_eadc02bc09
t1,p94tw61,user_35869bbdef
t1,p94tvht,user_da74c1d579
t1,p94tuk7,user_3f29fb54c5
t1,p94ttui,user_28dc1d31b5
t1,p94ttqa,user_357b7b76b9
t1,p94tqgn,user_ab1eef141c
t1,p94tpl7,user_2df008d035
t1,p94tn3p,user_296d6afc37
t1,p94tmmk,user_9ad824f884
t1,p94tlyf,user_6109d54032
t1,p94tlvw,user_6e52aba634
t1,p94tgil,user_e38e0e9898
t1,p94tf44,user_c60522369d
t1,p94tezr,user_8349692d80
t1,p94tdar,user_2df008d035
t1,p94tay2,user_4c4c3b99a2
t1,p94t3g0,user_a0527a966f
t1,p94t2dg,user_13b38fc27a
t1,p94t10r,user_e38e0e9898
t1,p94sn5g,user_be610be82a
t1,p94sep1,user_50ad7391b5
t1,p94sd5p,user_50ad7391b5
t1,p94sanp,user_cacc72c181
t1,p94rv0s,user_dab4360f59
t1,p94ruzn,user_2fa9d8ed5e
t1,p94rruh,user_64b56c7fde
t1,p94r9dh,user_eadbe8c9bd
t1,p94qvd2,user_06e3ee354e
t1,p94qre2,user_637d5dd780
t1,p94qpzd,user_69e80d60e4
t1,p94qo9m,user_95ddedcf25
t1,p94qgln,user_c31a326a96
t1,p94qfe7,user_74427d7c0e
t1,p978ggl,user_62945fb524
t1,p978al0,user_a60f3a6be2
t1,p97854d,user_3611be4b03
t1,p97843b,user_52a2f2df96
t1,p9783r7,user_48149ceb7d
t1,p97827q,user_1dd35f0367
t1,p977x2v,user_5371a5ec66
t1,p977u15,user_52a2f2df96
t1,p977tdd,user_62945fb524
t1,p977s26,user_563babef2c
t1,p977pcz,user_2819dd8940
t1,p977o6u,user_60ebdec884
t1,p977lfs,user_8944bda0eb
t1,p977jni,user_69221801a8
t1,p977ffj,user_8a87c2fc13
t1,p977c6w,user_e51062b101
t1,p9776k9,user_fe183a6932
t1,p976un5,user_d91df4273b
t1,p976j7y,user_e2e29b8c82
t1,p976fhi,user_6a26175055
t1,p976ez2,user_2be5d3b1e2
t1,p9769m1,user_ff65704f22
t1,p9764wv,user_28f12693cd
t1,p9764qg,user_7f49c86e06
t1,p975vr1,user_fc1d82bfa6
t1,p975v4t,user_ba6eba0745
t1,p975mxp,user_96a27bc934
t1,p975k09,user_6d8cf092cb
t1,p975izu,user_e9f8837ef2
t1,p975ez2,user_e96dc48899
t1,p975eum,user_7f49c86e06
t1,p975et9,user_15027386ce
t1,p975d9k,user_a91463f2d3
t1,p975bag,user_68ddd79a27
t1,p9758l0,user_7f2ac59622
t1,p9750am,user_15d9d2ae81
t1,p974unl,user_d91df4273b
t1,p974tpb,user_7f2ac59622
t1,p974iwr,user_52505bf0e0
t1,p974965,user_15d9d2ae81
t1,p9740vq,user_2b8b8983cd
t1,p973nb7,user_3ba4238609
t1,p973kf7,user_1b12390f5b
t1,p973ijk,user_7f2ac59622
t1,p973egv,user_15d9d2ae81
t1,p973bts,user_618cf9263a
t1,p9737ky,user_50ad7391b5
t1,p9736q2,user_50ad7391b5
t1,p97320c,user_7e422adbf5
t1,p972xr7,user_ae2831baba
t1,p972q8m,user_7f2ac59622
t1,p972lln,user_547eb3d59f
t1,p972ktt,user_00b27fe1d4
t1,p972iu7,user_15d9d2ae81
t1,p9722c5,user_f52e10bc6c
t1,p97224c,user_547eb3d59f
t1,p971ut6,user_e1e4105f5c
t1,p971ojo,user_4f07e4e41b
t1,p971maw,user_b339395f51
t1,p971m88,user_541dae03ae
t1,p971e9p,user_be477fc72f
t1,p9715th,user_0bba9f4747
t1,p9714qo,user_d48a8ce31a
t1,p970gbg,user_8b574f65ec
t1,p970dob,user_d03b6d7016
t1,p96zv2n,user_e3e6126340
t1,p96zqnb,user_49582fc259
t1,p96z615,user_db68c37458
t1,p96z5sx,user_af078de613
t1,p96z1wf,user_050358db63
t1,p96ywml,user_a195613d29
t1,p96yw4p,user_cb571ca2ee
t1,p96yuci,user_cb571ca2ee
t1,p96ytuw,user_21029c8651
t1,p96yj7t,user_48fdcf70b6
t1,p96yc7c,user_875d7b3f9b
t1,p96yc22,user_cdceaa1113
t1,p96y0ys,user_875d7b3f9b
t1,p96xz32,user_2f74c1f605
t1,p96xgo9,user_2be4c11d48
t1,p96xa5q,user_6d17ddf1cd
t1,p96x9ym,user_be477fc72f
t1,p96x8ft,user_48fdcf70b6
t1,p96x6yx,user_f27b323c2f
t1,p96x6na,user_00b27fe1d4
t1,p96wz20,user_8466c405f3
t1,p96wynq,user_32317add51
t1,p96wug8,user_af078de613
t1,p99bucc,user_51ab1f66d1
t1,p99brlx,user_fb89c06f66
t1,p99bqo6,user_2be5d3b1e2
t1,p99bhic,user_b0d76a5a13
t1,p99b0qz,user_4e1a62246d
t1,p99avfj,user_e9b8f75add
t1,p99as86,user_ed4f84b940
t1,p99aoj8,user_0df7d859ce
t1,p99akoj,user_ea46c4e342
t1,p99aacl,user_0c06b34517
t1,p999zr2,user_7684d6859e
t1,p999tin,user_74631e9af4
t1,p999qaj,user_a8325f67f9
t1,p999hya,user_670867519e
t1,p999amw,user_2be5d3b1e2
t1,p9998po,user_e898195e0f
t1,p9996e7,user_b80f236ff7
t1,p9993mx,user_6a314b477e
t1,p998y0x,user_278707a4e9
t1,p998xtp,user_c1f91a7ba4
t1,p998tz6,user_ad9b0bab23
t1,p998sfy,user_278707a4e9
t1,p998o1u,user_278707a4e9
t1,p998mpk,user_c3b2d4b60e
t1,p998mfq,user_89aaa6cc1d
t1,p998kc2,user_57a7d2415c
t1,p998jh8,user_c1f91a7ba4
t1,p998c85,user_c1f91a7ba4
t1,p998452,user_f9b097b606
t1,p997z5w,user_e9b8f75add
t1,p997oee,user_1f0eefeeb4
t1,p997nid,user_a5fa3801e3
t1,p997fm7,user_29c7184845
t1,p997bvf,user_4c7b119ec3
t1,p9979xt,user_03e4a72b15
t1,p9977r5,user_14779f8ecd
t1,p99751q,user_29c7184845
t1,p9974cm,user_1afbe8ab6b
t1,p996ylj,user_1afbe8ab6b
t1,p996wq6,user_a5fa3801e3
t1,p9969r5,user_8ed0acf0c0
t1,p9969hf,user_cceae3a629
t1,p9967w1,user_5534c18f4f
t1,p9967hm,user_6292de9399
t1,p99677k,user_e4bf4f0bf8
t1,p99669m,user_443d5e096d
t1,p9963iw,user_4eec77d808
t1,p996279,user_ac928c2462
t1,p995zxi,user_eb37a8e662
t1,p995xt1,user_3f626804d4
t1,p995w05,user_4eec77d808
t1,p995rhv,user_c10cb90d1f
t1,p995pbt,user_f8ace59a6b
t1,p995p5l,user_abad65e617
t1,p995mc0,user_7634bafa02
t1,p995c61,user_4162309653
t1,p9959b4,user_77515a069a
t1,p9958j2,user_4eec77d808
t1,p9955n6,user_779ae57d5f
t1,p99534v,user_77515a069a
t1,p994z6s,user_f66aad6af6
t1,p994w6x,user_2b972142ba
t1,p994pin,user_bcc23f4bd9
t1,p994itm,user_6292de9399
t1,p994ah3,user_4a3d0b758b
t1,p9948pz,user_9591e981d2
t1,p9948cu,user_7f2ac59622
t1,p9946vi,user_14c5a8f7b2
t1,p993y45,user_1b1ec7df96
t1,p993m3h,user_7f2ac59622
t1,p993dg8,user_1ed8654f7a
t1,p993a9l,user_141c81a6f4
t1,p99371b,user_d90dc5ca52
t1,p9934q2,user_4350ac4d8f
t1,p9934d3,user_d2d652b9d6
t1,p9932ip,user_d2d652b9d6
t1,p992y1b,user_335ed61787
t1,p992xwe,user_d2d652b9d6
t1,p992xtf,user_141c81a6f4
t1,p992szf,user_5fe3a767a1
t1,p992seh,user_d2d652b9d6
t1,p992s9p,user_f33ce0f582
t1,p992m41,user_baf5348d4f
t1,p992lqw,user_5de85bcb9b
t1,p992ihq,user_aa459948a6
t1,p992hx3,user_141c81a6f4
t1,p992fjv,user_d2d652b9d6
t1,p992fbr,user_d0bd9f3bd6
t1,p9avehd,user_7c7f7d3eb1
t1,p9avald,user_6f7c2d1a90
t1,p9av968,user_a88367400b
t1,p9av7br,user_ed1a58e5e4
t1,p9av3mr,user_b5d0572245
t1,p9auzz1,user_9e98ec826e
t1,p9auyd9,user_a99640c79a
t1,p9aut95,user_b5d0572245
t1,p9aut8v,user_87979a1aa7
t1,p9aun8c,user_05c5c727bc
t1,p9auitu,user_9e98ec826e
t1,p9audqb,user_bf0d9427b1
t1,p9audhu,user_bf8b7dbd91
t1,p9aubcl,user_4dfcddcec6
t1,p9au7bx,user_60fc769b4f
t1,p9au7a6,user_4de7f39679
t1,p9au6ui,user_8268a8792b
t1,p9au44w,user_3fe4898bdb
t1,p9au1hz,user_a3af2e65ae
t1,p9au0o7,user_be610be82a
t1,p9atyun,user_9e98ec826e
t1,p9atusb,user_cd02bf48b6
t1,p9atpk7,user_c6610002c3
t1,p9atik7,user_c6610002c3
t1,p9atec0,user_c6610002c3
t1,p9atc2r,user_6de2505ece
t1,p9at8ie,user_c4994755c2
t1,p9at7ig,user_c6610002c3
t1,p9at5n8,user_b752df2b7c
t1,p9at4dt,user_1e5608e492
t1,p9asyan,user_2e8b59c1e4
t1,p9asure,user_4c7ef87392
t1,p9aspxk,user_c6610002c3
t1,p9asm4i,user_8c79352d3a
t1,p9aside,user_e66483ec02
t1,p9ashsh,user_c6610002c3
t1,p9ashd7,user_c6610002c3
t1,p9ascsg,user_7e50a8ce4e
t1,p9ascmy,user_dd4ee9e734
t1,p9asba5,user_5cb16b51d9
t1,p9asada,user_c6610002c3
t1,p9as8np,user_dd4ee9e734
t1,p9as7pw,user_d604139917
t1,p9as7g4,user_bea111a185
t1,p9as2ew,user_883c0f253e
t1,p9arwbk,user_0b9448766a
t1,p9arsll,user_d062afdb0c
t1,p9arshs,user_2b628fcd08
t1,p9arrqh,user_700bd7cd7d
t1,p9arr8p,user_523f748ab2
t1,p9arkty,user_fb1cfdb4dc
t1,p9arkpa,user_b4a31ccd85
t1,p9arf82,user_d604139917
t1,p9arf2d,user_1580bc1032
t1,p9arcnh,user_9c1daaa08e
t1,p9arcba,user_14ece51761
t1,p9araqk,user_b89c3f4b34
t1,p9ar3ur,user_33b9234b14
t1,p9ar336,user_78ba0c570c
t1,p9ar1h3,user_bde8733514
t1,p9ar0ww,user_5aacc697e8
t1,p9aqzyd,user_4c7ef87392
t1,p9aqttx,user_da65baf3a0
t1,p9aqrpy,user_c5a6a5ceba
t1,p9aqoi1,user_7dd017e1a2
t1,p9aqb8h,user_df2f2d42b0
t1,p9aq5p9,user_dce3a10671
t1,p9aq383,user_1eb9f6cb0a
t1,p9aprnl,user_123d4b2dff
t1,p9apkjs,user_6c1fe91e8e
t1,p9apj0s,user_20da377419
t1,p9apgmc,user_db17b91afc
t1,p9apfkw,user_187a9b388c
t1,p9ap937,user_6c1fe91e8e
t1,p9ap713,user_8268a8792b
t1,p9ap2jh,user_12d7da100e
t1,p9ap0l1,user_287aa41f86
t1,p9aorse,user_ccef9a4387
t1,p9aorr6,user_e9dd76d876
t1,p9aorqn,user_8796072a2b
t1,p9aorcw,user_0c8b9a2842
t1,p9aoqwn,user_ff09ae81b1
t1,p9aop69,user_eb8856808a
t1,p9aop2g,user_3577f76ce1
t1,p9aomr0,user_02bbbab0d2
t1,p9aolo6,user_eb8856808a
t1,p9c3te8,user_6aaf651869
t1,p9c3q9d,user_61a8ca77b8
t1,p9c3olv,user_0ebb4eed7e
t1,p9c3ec7,user_64eabc4a70
t1,p9c3d6s,user_982784a9ef
t1,p9c3cz7,user_d506ba6f06
t1,p9c3bpi,user_769d95064f
t1,p9c3asy,user_b115c6d4d6
t1,p9c34ct,user_fb65338892
t1,p9c30t1,user_e9289b0e3a
t1,p9c309s,user_5011714395
t1,p9c2sh6,user_8db7e08585
t1,p9c2rar,user_d1bbb11267
t1,p9c2kjz,user_8b7b911974
t1,p9c2k37,user_14d3c69a42
t1,p9c2flq,user_5104056974
t1,p9c2bt6,user_ad9b0bab23
t1,p9c1zi8,user_464e22364e
t1,p9c1xes,user_29b793270d
t1,p9c1rey,user_42a39fcceb
t1,p9c1ilp,user_fc175c0d46
t1,p9c1iig,user_1dd35f0367
t1,p9c1gn0,user_8b7b911974
t1,p9c1gm2,user_cea7f4d9a0
t1,p9c1cqm,user_78c0b8cf10
t1,p9c0vjg,user_c76fb41e7f
t1,p9c0pgp,user_b6180a41eb
t1,p9c0dli,user_486eea36a9
t1,p9c0ctn,user_ad9b0bab23
t1,p9c07ws,user_58b8ace8fc
t1,p9c0313,user_8de9c0cff3
t1,p9c00ri,user_4e9f95b370
t1,p9bzzyw,user_df1a2a6197
t1,p9bzy4e,user_4e9f95b370
t1,p9bzx1a,user_4e9f95b370
t1,p9bzumq,user_8db7e08585
t1,p9bzqu2,user_f086254e84
t1,p9bznor,user_707e78e757
t1,p9bzigg,user_8de9c0cff3
t1,p9bzghl,user_e38e0e9898
t1,p9bzcjf,user_7df679d0bb
t1,p9bz7pp,user_c5b7bd1b20
t1,p9bz35i,user_a34cc30394
t1,p9byygc,user_6e52aba634
t1,p9byy4l,user_c5b7bd1b20
t1,p9byy29,user_f2a9b9b89f
t1,p9byw3p,user_8de9c0cff3
t1,p9bysq5,user_4e9f95b370
t1,p9bymk0,user_5cfcbefd23
t1,p9byezp,user_a34cc30394
t1,p9byepw,user_9492aab981
t1,p9by212,user_ad34cd241d
t1,p9bxvos,user_c8fef981d3
t1,p9bxuit,user_a34cc30394
t1,p9bxo2g,user_27970c6904
t1,p9bxndk,user_64d8d9edd3
t1,p9bxjhw,user_80974fb655
t1,p9bxio9,user_be610be82a
t1,p9bxhcd,user_1fef49bfac
t1,p9bxd0j,user_7fd729dd53
t1,p9bxbex,user_a34cc30394
t1,p9bxavo,user_6cd42f953c
t1,p9bx5wi,user_89dc76bfec
t1,p9bx5vj,user_e61da2768b
t1,p9bx5ht,user_fe753e5087
t1,p9bx4yy,user_b303ecb3d4
t1,p9bx4i3,user_2f10784c5a
t1,p9bx4b0,user_7fd729dd53
t1,p9bx3bl,user_5cfcbefd23
t1,p9bwzy8,user_a34cc30394
t1,p9bwz1t,user_e61da2768b
t1,p9bwwms,user_35869bbdef
t1,p9bwujp,user_7fd729dd53
t1,p9bwqsx,user_fe753e5087
t1,p9bwqj6,user_bd1f4273f8
t1,p9bwp9d,user_a25c73d002
t1,p9bwmh7,user_707e78e757
t1,p9bwewh,user_85a23f7973
t1,p9bwcu4,user_a34cc30394
t1,p9bw50x,user_4ab63d2b70
t1,p9bw36a,user_a34cc30394
t1,p9bvx35,user_c746a207e5
t1,p9bvvy0,user_1bdeb47936
t1,p9bvtkj,user_785f115691
t1,p9bvrfh,user_be610be82a
t1,p9bvm7z,user_7a930c6e77
t1,p9bvki7,user_887924d7f6
t1,p9bvgug,user_78a80ed2e5
t1,p9bv223,user_c2d123e7e3
t1,p9e65tk,user_88b26897cb
t1,p9e60uv,user_669f87ecad
t1,p9e5ww1,user_1bb5e609b4
t1,p9e5juj,user_4ccc8f7da6
t1,p9e5gh3,user_682ea7729f
t1,p9e5g47,user_266041e0dc
t1,p9e5cj5,user_2573384390
t1,p9e5cdp,user_a76ab820ac
t1,p9e555l,user_3fe4898bdb
t1,p9e53e5,user_9e2201aa2f
t1,p9e526j,user_a89099269b
t1,p9e4wja,user_add7851ca6
t1,p9e4tqg,user_23ec49ee88
t1,p9e4p0s,user_add7851ca6
t1,p9e4orp,user_bf6f7cb606
t1,p9e4msf,user_7119deb655
t1,p9e4i8k,user_4c929f529c
t1,p9e4fjt,user_add7851ca6
t1,p9e4705,user_5d750e9383
t1,p9e441n,user_9e98ec826e
t1,p9e41q1,user_2ecc6bfd4b
t1,p9e4103,user_5056171117
t1,p9e3wjw,user_266041e0dc
t1,p9e3v10,user_c0768909a2
t1,p9e3o5c,user_a03154cef4
t1,p9e3m4e,user_341936a362
t1,p9e3kig,user_2ecc6bfd4b
t1,p9e3ies,user_b28460c676
t1,p9e39wa,user_f8ee0a06c9
t1,p9e2yma,user_266041e0dc
t1,p9e2ww2,user_54476c1748
t1,p9e2nol,user_563babef2c
t1,p9e2l8v,user_e14aa10386
t1,p9e2cms,user_5278b69652
t1,p9e28h1,user_33b3f449dc
t1,p9e282t,user_952aafd6dd
t1,p9e27e8,user_824ccfc8a3
t1,p9e25cx,user_1cac04a07a
t1,p9e23cu,user_3611984f4f
t1,p9e22lf,user_077a01359d
t1,p9e1t6c,user_7080de31d5
t1,p9e1rgo,user_5153a076bb
t1,p9e1qqd,user_71c5cd5408
t1,p9e1nqd,user_975faea40a
t1,p9e1les,user_ec119254d5
t1,p9e1htn,user_563babef2c
t1,p9e1fwc,user_edef8f7bd2
t1,p9e1f2i,user_23ec49ee88
t1,p9e0se4,user_ec14ed7295
t1,p9e0p62,user_c59c28d177
t1,p9e0god,user_712b23eb1a
t1,p9e0dg8,user_7f2ac59622
t1,p9e0d2y,user_65ce7668e8
t1,p9e02ob,user_77d9c62e15
t1,p9dzz5p,user_eb8856808a
t1,p9dztql,user_23ec49ee88
t1,p9dztfx,user_d5b011b4c4
t1,p9dzrus,user_fae4d65385
t1,p9dznek,user_77d9c62e15
t1,p9dzl43,user_b08924b4e1
t1,p9dzjif,user_99365b4b22
t1,p9dzfv0,user_8b50ad46fa
t1,p9dz94y,user_7f2ac59622
t1,p9dz7ln,user_7d9f410641
t1,p9dz7kr,user_77d9c62e15
t1,p9dz3ds,user_d9ac48e6f7
t1,p9dyy1g,user_77d9c62e15
t1,p9dyrhl,user_39c245a427
t1,p9dypxc,user_77d9c62e15
t1,p9dykgs,user_4b8d7b17eb
t1,p9dyk5a,user_6aaf651869
t1,p9dyf9a,user_fae4d65385
t1,p9dybuj,user_bb1aa6dc67
t1,p9dy8gs,user_fcf12746c5
t1,p9dy7il,user_a4ee5a39c8
t1,p9dy3dr,user_e2bb133780
t1,p9dy229,user_d5324aec0c
t1,p9dy0py,user_5a02fbb148
t1,p9dy0kt,user_c8407f6794
t1,p9dxwmt,user_5a02fbb148
t1,p9dxwlt,user_a8f7922132
t1,p9dxw37,user_a89099269b
t1,p9dxpiy,user_4bcaebc0cd
t1,p9dxogj,user_4fed78bfa8
t1,p9ga24e,user_1fccc0da63
t1,p9ga16b,user_6bf299cd99
t1,p9ga0ut,user_5f60f070a5
t1,p9g9t6f,user_c305a4a49e
t1,p9g9pei,user_16a1c68665
t1,p9g9o1x,user_15d9d2ae81
t1,p9g9ljg,user_dc4b5bc9bf
t1,p9g9l57,user_51cb30d53d
t1,p9g9kg8,user_ef688927e6
t1,p9g9jqc,user_0ebb4eed7e
t1,p9g9bid,user_e52e4d89e3
t1,p9g990u,user_51cb30d53d
t1,p9g98gm,user_e52e4d89e3
t1,p9g96yo,user_ef688927e6
t1,p9g942h,user_45eff3b3a4
t1,p9g93pw,user_728de3e875
t1,p9g92pj,user_a85e8e0d21
t1,p9g91ub,user_8e4fc38987
t1,p9g8zqd,user_51cb30d53d
t1,p9g8uue,user_0d14421e65
t1,p9g8swu,user_ff04095e5a
t1,p9g8r5l,user_04935dcd34
t1,p9g8l2t,user_b4b918b1de
t1,p9g8k5c,user_0468a7b581
t1,p9g8ito,user_f0ec4642e0
t1,p9g8gs5,user_e985154bcf
t1,p9g8dd2,user_e25b63d395
t1,p9g8boq,user_975faea40a
t1,p9g8a15,user_a72594071e
t1,p9g8819,user_5ad193da93
t1,p9g87b2,user_fe226181c2
t1,p9g85dt,user_af6db192c9
t1,p9g85cw,user_f6e53a9bd5
t1,p9g84br,user_8d148c9f80
t1,p9g804h,user_e2ec0fdb7e
t1,p9g7zzk,user_74631e9af4
t1,p9g7xhi,user_8d148c9f80
t1,p9g7md7,user_975faea40a
t1,p9g7frp,user_720ed7d594
t1,p9g7fg8,user_0490713ced
t1,p9g7dm9,user_a89099269b
t1,p9g7bjr,user_c15035e338
t1,p9g789m,user_9bf566ece7
t1,p9g780w,user_728de3e875
t1,p9g77rv,user_965cc15c6b
t1,p9g76o3,user_949e39e4a7
t1,p9g73cj,user_3a87c714ef
t1,p9g6xk3,user_8e4fc38987
t1,p9g6ukd,user_50b936d532
t1,p9g6tpa,user_0a9a07dbd8
t1,p9g6m6e,user_8a09af7129
t1,p9g6ke1,user_961ecfdf4e
t1,p9g6jmb,user_949e39e4a7
t1,p9g6f1m,user_2fd81c1132
t1,p9g69z3,user_f4b3ff4aba
t1,p9g69lf,user_185fe85d6b
t1,p9g68qw,user_e25b63d395
t1,p9g6508,user_1081690901
t1,p9g62ry,user_a72594071e
t1,p9g62fd,user_bb8c9914de
t1,p9g5zux,user_0d14421e65
t1,p9g5zjp,user_5056171117
t1,p9g5xzn,user_23ec49ee88
t1,p9g5tww,user_8e461ab6e9
t1,p9g5qov,user_b8ef141e74
t1,p9g5oqw,user_8e461ab6e9
t1,p9g5opw,user_02a47aacc7
t1,p9g5o59,user_45eff3b3a4
t1,p9g5nol,user_93529b6d82
t1,p9g5lzf,user_d2d652b9d6
t1,p9g5jcu,user_642e048ed6
t1,p9g5img,user_949e39e4a7
t1,p9g5id1,user_4a93a95a6f
t1,p9g5fxh,user_bb8c9914de
t1,p9g5dr5,user_48fdcf70b6
t1,p9g5da0,user_3cf49d2bbc
t1,p9g5aps,user_185fe85d6b
t1,p9g58u6,user_9aea4051e6
t1,p9g55nu,user_45eff3b3a4
t1,p9g5265,user_5b4e97d242
t1,p9g518e,user_d4e9dbc6d7
t1,p9g4yrh,user_2d872847c8
t1,p9g4sll,user_43260ec600
t1,p9g4pmn,user_0dfef56098
t1,p9g4pau,user_c5e3c0c5e2
t1,p9g4p3o,user_45eff3b3a4
t1,p9g4nvs,user_0490713ced
t1,p9g4nij,user_813c7e5f38
t1,p9hvpca,user_b28460c676
t1,p9hvnmc,user_516da9c188
t1,p9hvky1,user_28bd323232
t1,p9hvduo,user_8685a7ec5e
t1,p9hv40t,user_abd4acf9e2
t1,p9huwd9,user_929cfc8085
t1,p9huvcg,user_48cd53690e
t1,p9husbc,user_d47290e676
t1,p9hul3q,user_72b915bda7
t1,p9hu00v,user_3b087829e6
t1,p9htzur,user_661ec7f6ca
t1,p9htvrd,user_0c3c83e25c
t1,p9httf5,user_2b972142ba
t1,p9htn6y,user_fc646decee
t1,p9htmzt,user_5087ddc41a
t1,p9htjcv,user_46a929637d
t1,p9htbxk,user_8c2f2752ec
t1,p9hsyyc,user_e66218a188
t1,p9hswnq,user_0f536950fe
t1,p9hsp8j,user_bdce2b4a22
t1,p9hslj0,user_9828bf6b46
t1,p9hsf5n,user_1a369fb2e0
t1,p9hsdha,user_0ceaeefd8c
t1,p9hsbux,user_54f39df481
t1,p9hsat1,user_18bb333459
t1,p9hs7sl,user_9828bf6b46
t1,p9hs6j9,user_3b087829e6
t1,p9hrxgm,user_10d7690d03
t1,p9hrubd,user_7f00dd6632
t1,p9hrqxe,user_03988d84e3
t1,p9hroz6,user_10d7690d03
t1,p9hrkze,user_10d7690d03
t1,p9hrh60,user_5527a3c477
t1,p9hr4bb,user_4907d14440
t1,p9hr3vq,user_1a7e4f55e3
t1,p9hqvkp,user_0b279b1650
t1,p9hqvhh,user_ee40238831
t1,p9hqphc,user_ffda4de702
t1,p9hqdaz,user_46a929637d
t1,p9hq88k,user_61237095f5
t1,p9hq730,user_5a02fbb148
t1,p9hq5l8,user_fd9c7ac5b8
t1,p9hq4lt,user_7aebf3addc
t1,p9hpzju,user_46a929637d
t1,p9hpvtw,user_67d4cfc3ab
t1,p9hpu3a,user_8fa54665c4
t1,p9hprlk,user_67d4cfc3ab
t1,p9hpqjr,user_cd39d4a3c7
t1,p9hpo5e,user_692337a1f7
t1,p9hpo1j,user_67d4cfc3ab
t1,p9hpmf7,user_86b5ab4482
t1,p9hpa8v,user_91e1c5ef67
t1,p9hp772,user_c22b283099
t1,p9hp2r0,user_c02fb7cc14
t1,p9hoy0r,user_fc646decee
t1,p9howpp,user_c17349d32c
t1,p9hovcy,user_8a80d8a11d
t1,p9hol11,user_4f87467c6c
t1,p9hoji0,user_72c29b43ce
t1,p9hogqj,user_f71508e643
t1,p9hodk5,user_59c1210a84
t1,p9ho9cy,user_0f6a45bb02
t1,p9ho8rf,user_02a47aacc7
t1,p9ho2ds,user_137b64de15
t1,p9ho0ra,user_4f87467c6c
t1,p9hnwly,user_67f5274522
t1,p9hnrbx,user_970444924a
t1,p9hnoj5,user_bc8ef24a00
t1,p9hnkqo,user_57855d6de8
t1,p9hnhh3,user_cd8a90e4ae
t1,p9hnh8c,user_3b087829e6
t1,p9hnfgj,user_8909558610
t1,p9hn0q7,user_060993f661
t1,p9hmvlw,user_78b98f2458
t1,p9hmv13,user_b9fe22bb4f
t1,p9hmpcm,user_c02fb7cc14
t1,p9hmj9g,user_7a6a7feb00
t1,p9hmcjg,user_7167a79550
t1,p9hmaqw,user_3b087829e6
t1,p9hm6pk,user_3b087829e6
t1,p9hm4l5,user_16cfc43633
t1,p9hm3b2,user_5111beabbf
t1,p9hm020,user_0488b3da2c
t1,p9hltz8,user_e737ffa532
t1,p9j50t2,user_6cd8312d2a
t1,p9j4yrq,user_8349692d80
t1,p9j45oq,user_8744958943
t1,p9j420z,user_358947ec13
t1,p9j3y5i,user_0f6a45bb02
t1,p9j3xxg,user_7540a57343
t1,p9j3wq1,user_b145b08133
t1,p9j3wkr,user_2b1d704560
t1,p9j3uwi,user_94030864b2
t1,p9j3jir,user_72980283a6
t1,p9j3euj,user_d91df4273b
t1,p9j3bxj,user_4e7890d433
t1,p9j35n0,user_dd0ddd7f7b
t1,p9j340q,user_f73f7610ff
t1,p9j2z2g,user_1202a67388
t1,p9j2s4j,user_ffe77aca28
t1,p9j2rtu,user_5fd39cb79d
t1,p9j2rhx,user_8874135f94
t1,p9j2krj,user_5fd39cb79d
t1,p9j2fq4,user_74222284f6
t1,p9j2cak,user_edef8f7bd2
t1,p9j26wc,user_6e52aba634
t1,p9j24ql,user_56f163167d
t1,p9j1zi2,user_1748a6c6a3
t1,p9j1x5h,user_0f6a45bb02
t1,p9j1rw4,user_4dfcddcec6
t1,p9j1oky,user_fc925848f6
t1,p9j131w,user_a25c73d002
t1,p9j127w,user_0e69fb9dda
t1,p9j0zgg,user_7d897c54b9
t1,p9j0u7h,user_ffe77aca28
t1,p9j0oh8,user_a37ba1e9fc
t1,p9j0bki,user_ffe77aca28
t1,p9j07nm,user_ffe77aca28
t1,p9izs25,user_48149ceb7d
t1,p9izjw9,user_e0725a8255
t1,p9iz5bw,user_4c4c3b99a2
t1,p9iyz57,user_e14aa10386
t1,p9iyv84,user_b3233c0951
t1,p9iyrtz,user_503730f47b
t1,p9iy1oe,user_af6db192c9
t1,p9ixzvr,user_5dcaf5e741
t1,p9ixt6q,user_ec5275fcf3
t1,p9ixs44,user_eac8a643ab
t1,p9ixr9m,user_822d93051c
t1,p9ixqak,user_d0079e9fad
t1,p9ixgwd,user_97edef208b
t1,p9ixg9d,user_46f1b3034e
t1,p9ixd9t,user_6c3065c453
t1,p9ix27s,user_19fd4dc7b8
t1,p9ix0z2,user_5bcd86616b
t1,p9iwzp7,user_0b5092a07b
t1,p9iwzis,user_4ad7e1a1a7
t1,p9iwy67,user_e59fdeef59
t1,p9iwvzr,user_ea2a373c88
t1,p9iwqrb,user_2be5d3b1e2
t1,p9iwp3j,user_8a3c64f9a5
t1,p9iwnim,user_2be5d3b1e2
t1,p9iwmeb,user_b9fe22bb4f
t1,p9iwjcu,user_0043711e34
t1,p9iwiyh,user_6d906af88e
t1,p9iw8r4,user_96cc65ad5f
t1,p9iw4w3,user_65c14d6e30
t1,p9ivr2l,user_b9fe22bb4f
t1,p9ivpue,user_de233496c8
t1,p9ivno9,user_65c14d6e30
t1,p9ivk8j,user_af1ab72cef
t1,p9ivcz9,user_c0022c20f7
t1,p9iv8ot,user_a8325f67f9
t1,p9iv5yf,user_64d8d9edd3
t1,p9iv2wo,user_b2e90905dc
t1,p9iv2gd,user_5582d4c4d8
t1,p9iuzvq,user_4acbeadf08
t1,p9iuu6m,user_fec9cc342b
t1,p9iuqmw,user_cc517a5d7c
t1,p9iuqg4,user_ff877d7e14
t1,p9iu5oj,user_737c164c59
t1,p9itykz,user_4e7890d433
t1,p9ityh5,user_dd616df8e4
t1,p9itsqq,user_96fb454502
t1,p9itqiz,user_5ecb2af1aa
t1,p9itml3,user_86270e0559
t1,p9itlfw,user_f9a42a6a7c
t1,p9itkh3,user_99e0085ac1
t1,p9it9hl,user_7f23ee4623
t1,p9lc5ur,user_73bf40f88b
t1,p9lc01a,user_27ee684b8a
t1,p9lbxs8,user_6d8919f287
t1,p9lbrwe,user_1511543cfe
t1,p9lbp0z,user_17aa52b6d1
t1,p9lbmb0,user_aa0e302d7d
t1,p9lbiyr,user_d06ab627ff
t1,p9lbhjq,user_0407dac734
t1,p9lbd3n,user_984a427a3b
t1,p9lbbv0,user_c1105dc271
t1,p9lbafo,user_a21ec2b09d
t1,p9lb9a2,user_c3b2d4b60e
t1,p9lb8bw,user_241ae592fb
t1,p9lb85a,user_010339b775
t1,p9lb5zl,user_7a69ff8132
t1,p9lb3dx,user_8c74082652
t1,p9lav1o,user_c7b463779c
t1,p9lauin,user_39dcb6d70f
t1,p9lastn,user_0ad997abc9
t1,p9lasey,user_f17d13b5bc
t1,p9larid,user_a21ec2b09d
t1,p9lar1n,user_541f0cfc07
t1,p9laq81,user_bf6990ed6d
t1,p9lala7,user_f17d13b5bc
t1,p9lal4w,user_2f1470d8fd
t1,p9lakio,user_7247b70c17
t1,p9lajn8,user_844fd53a6f
t1,p9lag9t,user_625a18fa9f
t1,p9laft8,user_afe5d43657
t1,p9lab9p,user_97b6798c49
t1,p9la98a,user_5856dc76be
t1,p9la8m1,user_ffb8fba011
t1,p9la580,user_69a22e4e99
t1,p9la1n4,user_f17d13b5bc
t1,p9la0tn,user_d06ab627ff
t1,p9l9x5z,user_c5bffc08a7
t1,p9l9w71,user_3f3dbf237a
t1,p9l9tgb,user_65c14d6e30
t1,p9l9pya,user_e2e3f1609e
t1,p9l9orh,user_4e238bef23
t1,p9l9nzu,user_d06ab627ff
t1,p9l9m21,user_771c7b4235
t1,p9l9l3x,user_0ad997abc9
t1,p9l9kne,user_6889b8652f
t1,p9l9kba,user_702d43baf2
t1,p9l9gq9,user_edef8f7bd2
t1,p9l9frh,user_010339b775
t1,p9l9fbx,user_67acbeb9e7
t1,p9l9dna,user_6889b8652f
t1,p9l9dc0,user_9a9a64f61a
t1,p9l98cs,user_af6db192c9
t1,p9l95q3,user_d06ab627ff
t1,p9l93y2,user_162dd07263
t1,p9l92a0,user_48f16ce9e8
t1,p9l925e,user_f17d13b5bc
t1,p9l90oj,user_7a38cf927a
t1,p9l8x95,user_7a38cf927a
t1,p9l8vxd,user_f17d13b5bc
t1,p9l8thw,user_4fed78bfa8
t1,p9l8t4e,user_6c7a59ce87
t1,p9l8q7c,user_bcbf21e996
t1,p9l8pl1,user_57582e3cb1
t1,p9l8ofe,user_bac31ef4f4
t1,p9l8nsb,user_e66483ec02
t1,p9l8iy9,user_ee7cc9f611
t1,p9l8gc4,user_ffb8fba011
t1,p9l8cx7,user_73af829f6d
t1,p9l8c32,user_2155c440fa
t1,p9l8bdv,user_7eb4900218
t1,p9l89cs,user_f078c516e4
t1,p9l7zdi,user_7634bafa02
t1,p9l7xqa,user_52d5fa11b5
t1,p9l7uh1,user_d877a6ef77
t1,p9l7u9q,user_21a6dc5867
t1,p9l7tld,user_a0ad357870
t1,p9l7tpz,user_e82acb256c
t1,p9l7t7p,user_798230f5b3
t1,p9l7t9x,user_f4dc30ce98
t1,p9l7sx8,user_bac31ef4f4
t1,p9l7rrc,user_010339b775
t1,p9l7pym,user_bac31ef4f4
t1,p9l7o3n,user_8da589bc07
t1,p9l7mk1,user_7634bafa02
t1,p9l7mir,user_b93d0684e4
t1,p9l7lke,user_5856dc76be
t1,p9l7k2m,user_eb51682f3c
t1,p9l7jxj,user_b35e7ec212
t1,p9nmgdz,user_a99640c79a
t1,p9nmay8,user_666ca317a0
t1,p9nm3d5,user_a99640c79a
t1,p9nlzk7,user_666ca317a0
t1,p9nls2m,user_a99640c79a
t1,p9nlpb9,user_c74da7db00
t1,p9nlmvj,user_4c8450707e
t1,p9nllok,user_666ca317a0
t1,p9nlkyd,user_d197e9a799
t1,p9nlh36,user_d36d9d6d04
t1,p9nle0y,user_bb88628b74
t1,p9nldy4,user_b7b829ba6f
t1,p9nldr3,user_798230f5b3
t1,p9nl4r5,user_7eb4900218
t1,p9nl3by,user_8284566fb0
t1,p9nkyxh,user_c3b2d4b60e
t1,p9nkwmt,user_7f2ac59622
t1,p9nkvib,user_aab2b7ac90
t1,p9nkudd,user_879c465512
t1,p9nktpv,user_4ea17129ba
t1,p9nkoxv,user_c1bb99eb1d
t1,p9nkjbg,user_c3b2d4b60e
t1,p9nkba5,user_f8f55d538b
t1,p9nk933,user_51d681eecc
t1,p9nk8o2,user_fa0d27a712
t1,p9nk737,user_c3b2d4b60e
t1,p9nk6m9,user_751495de1c
t1,p9njyvu,user_01d4814ae9
t1,p9njy5d,user_b18bc960de
t1,p9njrf9,user_c3b2d4b60e
t1,p9njqex,user_b18bc960de
t1,p9njni2,user_64c2b48467
t1,p9njlhk,user_5905ea1638
t1,p9njlei,user_c3b2d4b60e
t1,p9njj6f,user_e989bb54b7
t1,p9njisi,user_f692bfbadc
t1,p9njcd6,user_40f4a442a6
t1,p9nj983,user_55d984ce13
t1,p9nj6jd,user_51ea4e031d
t1,p9nj5yw,user_666ca317a0
t1,p9nj59b,user_acc3ea95ce
t1,p9nizwu,user_7e388bd15a
t1,p9nix4y,user_db2554a118
t1,p9nivwa,user_279d3053cb
t1,p9niutx,user_8459a25111
t1,p9nitam,user_35fefbd976
t1,p9nigjq,user_a03154cef4
t1,p9ni9e9,user_ff4f9b3121
t1,p9ni9b2,user_666ca317a0
t1,p9ni91u,user_a03154cef4
t1,p9ni4lu,user_acf2edc765
t1,p9ni4c1,user_3d609597a3
t1,p9nhu8n,user_80be0ea746
t1,p9nhsh0,user_3277c6a492
t1,p9nhn2c,user_dd0ddd7f7b
t1,p9nhieh,user_cad443a973
t1,p9nhgr5,user_e7df5a9aba
t1,p9nheit,user_5a02fbb148
t1,p9nhbai,user_dd0ddd7f7b
t1,p9nh3r2,user_e6ec6a88b8
t1,p9nh3ck,user_eb37a8e662
t1,p9ngz2v,user_77b7ea83cc
t1,p9ngseo,user_eb37a8e662
t1,p9ngq7l,user_c593bc7b35
t1,p9ngp9e,user_7f2ac59622
t1,p9ngp2l,user_eb37a8e662
t1,p9ngmul,user_22e4987d98
t1,p9ngjrt,user_b18bc960de
t1,p9ngfdr,user_a393ad2688
t1,p9ngbmq,user_36ec1b113a
t1,p9ngbi0,user_b18bc960de
t1,p9ng5ze,user_4ea17129ba
t1,p9ng3if,user_333f41ef3c
t1,p9nfwy0,user_b18bc960de
t1,p9nfqsn,user_d3f60a68b9
t1,p9nfqia,user_4ea17129ba
t1,p9nfpdt,user_64c2b48467
t1,p9nfo9w,user_1fc71f53ab
t1,p9nfh2m,user_4ea17129ba
t1,p9nffeh,user_b18bc960de
t1,p9neqvl,user_4ea17129ba
t1,p9nemhf,user_2de6e1af5c
t1,p9nek0q,user_4ea17129ba
t1,p9nef9q,user_d9ac48e6f7
t1,p9neaan,user_2fd901802f
t1,p9ne5bi,user_2fd901802f
t1,p9p958n,user_335b14878b
t1,p9p930u,user_3859199ba6
t1,p9p909o,user_03d4b3962f
t1,p9p8zuf,user_2198573303
t1,p9p8xoz,user_bc18e78dbd
t1,p9p8vvi,user_c3569bac71
t1,p9p8v28,user_335b14878b
t1,p9p8uea,user_36d01cc8e2
t1,p9p8qlf,user_216dbaef0c
t1,p9p8q3i,user_7e274f1461
t1,p9p8nw9,user_4b53d5500c
t1,p9p8miv,user_7f1e87963a
t1,p9p8iy5,user_61ef97d498
t1,p9p8h9a,user_c3569bac71
t1,p9p8g0r,user_3b14680fd7
t1,p9p8enp,user_c2ba7e9d06
t1,p9p8dvw,user_33e47e90d1
t1,p9p8dlz,user_f376654367
t1,p9p8ck0,user_9e9e536b4f
t1,p9p8cgv,user_7f1e87963a
t1,p9p8c5w,user_e337f810aa
t1,p9p8bsl,user_36d01cc8e2
t1,p9p8bd5,user_38641cfe28
t1,p9p87zo,user_7f1e87963a
t1,p9p7zb3,user_8eaa83adf2
t1,p9p7yj2,user_1913514ac4
t1,p9p7vte,user_d9d5a37782
t1,p9p7vh6,user_c1bb99eb1d
t1,p9p7rqv,user_33e47e90d1
t1,p9p7nsk,user_3e8e4f8a7c
t1,p9p7jtj,user_bffdbfd5eb
t1,p9p7dzi,user_42a80c2de6
t1,p9p7boe,user_7dbd7ab0d6
t1,p9p7bdu,user_a15c4ae768
t1,p9p78vw,user_0f864a5eaf
t1,p9p762n,user_3114cb5c5e
t1,p9p75o2,user_b412e7b5d8
t1,p9p71s2,user_e37319a4fa
t1,p9p6z5r,user_24d67e28c1
t1,p9p6u8q,user_cbe8249647
t1,p9p6s98,user_76bdc8a8c1
t1,p9p6s65,user_fb6eb2863e
t1,p9p6le3,user_940861bd9f
t1,p9p6kcn,user_4b53d5500c
t1,p9p6iy6,user_b7376765f2
t1,p9p6hcx,user_24d67e28c1
t1,p9p6h5t,user_b23dd8c50f
t1,p9p6es6,user_31f1055a1b
t1,p9p6d5s,user_2573384390
t1,p9p6cua,user_bfadb8b041
t1,p9p6bhb,user_6cd39a645a
t1,p9p69jp,user_10fc3815a6
t1,p9p67z1,user_31f1055a1b
t1,p9p67a3,user_fb6eb2863e
t1,p9p63t6,user_3114cb5c5e
t1,p9p6218,user_4e24ad60f4
t1,p9p5yk2,user_6380c690d6
t1,p9p5vr2,user_8355b8554d
t1,p9p5v6z,user_3b14680fd7
t1,p9p5tqq,user_2573384390
t1,p9p5t4y,user_6380c690d6
t1,p9p5rno,user_ab38b923c1
t1,p9p5r3i,user_2045692097
t1,p9p5pb4,user_eb46fd7273
t1,p9p5nlu,user_2f988dbceb
t1,p9p5nhf,user_fb6eb2863e
t1,p9p5l8a,user_bf6990ed6d
t1,p9p5jm2,user_3b14680fd7
t1,p9p5iz7,user_d1a7314f54
t1,p9p5gw1,user_eb46fd7273
t1,p9p5dtr,user_6380c690d6
t1,p9p5dss,user_3090a1cd1f
t1,p9p5akp,user_6cd39a645a
t1,p9p57xi,user_f4019d8360
t1,p9p5775,user_6380c690d6
t1,p9p5630,user_3ba374b73e
t1,p9p55h4,user_7ab43d90e9
t1,p9p54ea,user_ab2de065e3
t1,p9p5401,user_0e5106e394
t1,p9p53zl,user_c5d88e606a
t1,p9p53wl,user_fb6eb2863e
t1,p9p535d,user_7915936912
t1,p9p51yf,user_7ab43d90e9
t1,p9p50ja,user_22f1156045
t1,p9qj2m1,user_6380c690d6
t1,p9qj1ev,user_53fa08d9f0
t1,p9qiyti,user_ecb115bf1f
t1,p9qiy75,user_cf08a6de56
t1,p9qixi5,user_dbde8b2369
t1,p9qivro,user_20e9e96063
t1,p9qipj0,user_939d303781
t1,p9qioqo,user_d47ffbb9cb
t1,p9qilck,user_2edda11613
t1,p9qik5g,user_8db7e08585
t1,p9qig1n,user_33b3f449dc
t1,p9qig39,user_6a314b477e
t1,p9qif99,user_e2480fe47b
t1,p9qicpq,user_812c734f05
t1,p9qi8k7,user_b4a9a461bb
t1,p9qi8c6,user_6380c690d6
t1,p9qi73z,user_3d609b786f
t1,p9qi5y5,user_33b3f449dc
t1,p9qi21o,user_aaa6ebf0ea
t1,p9qhrhx,user_b2522a5404
t1,p9qhof7,user_d0f1169ec9
t1,p9qho0e,user_d87e89a0db
t1,p9qhlqb,user_9153d8f592
t1,p9qhl2q,user_70c831e7a2
t1,p9qhege,user_9ddeb74b2c
t1,p9qh8qd,user_be610be82a
t1,p9qh1k1,user_2e296825a9
t1,p9qgzz3,user_9d4d1eab99
t1,p9qgxw3,user_807a649233
t1,p9qgt0j,user_3d609b786f
t1,p9qgrh7,user_e6e8dfe27f
t1,p9qgirf,user_b9908618f7
t1,p9qgi49,user_92cffb45a0
t1,p9qge2t,user_159b39d813
t1,p9qg5zn,user_e2480fe47b
t1,p9qg5z6,user_d47ffbb9cb
t1,p9qg50k,user_36f2df4ea5
t1,p9qg451,user_6aaf651869
t1,p9qg2zc,user_01fcf21757
t1,p9qg2gj,user_0010d2e5cd
t1,p9qfvzt,user_1f66d3fa62
t1,p9qfv5x,user_4487d8442e
t1,p9qfv2w,user_7ac33f8be9
t1,p9qfqdl,user_91738aa601
t1,p9qfopg,user_6bb90519f8
t1,p9qfj5r,user_d1bbb11267
t1,p9qfhbr,user_1f66d3fa62
t1,p9qfa50,user_7640ead82a
t1,p9qfa04,user_9423370215
t1,p9qezmb,user_71c39f3440
t1,p9qewoi,user_b29b93dc60
t1,p9qero8,user_bf4fdf63ee
t1,p9qemrn,user_bb1aa6dc67
t1,p9qej3m,user_1f66d3fa62
t1,p9qeivr,user_99e680fb91
t1,p9qeaco,user_4066015643
t1,p9qe9dv,user_71c39f3440
t1,p9qe2xq,user_71c39f3440
t1,p9qdskx,user_9dc33f7fae
t1,p9qdqqi,user_ee3f3b6351
t1,p9qdm1x,user_d44b225a87
t1,p9qdg2i,user_2a3fe530e4
t1,p9qdess,user_c647d9d8ef
t1,p9qdcwz,user_527771716e
t1,p9qd7q2,user_c647d9d8ef
t1,p9qd7fa,user_364d8e0bfc
t1,p9qd55u,user_a87cbec5c8
t1,p9qcyha,user_f3a1b3502f
t1,p9qcxd2,user_42e150df4c
t1,p9qcv3d,user_939d303781
t1,p9qcnkv,user_a87cbec5c8
t1,p9qcgc7,user_7fe21e2c70
t1,p9qceak,user_1f66d3fa62
t1,p9qcau2,user_b50c80a675
t1,p9qc9ul,user_63c3718ec5
t1,p9qc97h,user_42e150df4c
t1,p9qbz8n,user_f3a031a267
t1,p9qbve0,user_15316e4718
t1,p9qbru9,user_e176f764b5
t1,p9qblpx,user_d296fc01f9
t1,p9qbi8o,user_4fe6e0e853
t1,p9qbhpn,user_984ef7b2aa
t1,p9qbfm3,user_f3a031a267
t1,p9qbe7v,user_a945fcdbad
t1,p9qbe4z,user_d0f1169ec9
t1,p9qbcrx,user_abf895915c
t1,p9qbcd9,user_80eb4e66f4
t1,p9sqlul,user_b30847222d
t1,p9sqjhh,user_7669af0045
t1,p9sqgx7,user_e82709a970
t1,p9sqfli,user_482d428827
t1,p9sqcpy,user_2432aa274a
t1,p9sq8cs,user_d3db159476
t1,p9sq70f,user_87b1779cd9
t1,p9sq6tb,user_c261a6c2c6
t1,p9sq2tr,user_e1e16fd2f0
t1,p9sq0li,user_5104056974
t1,p9sq0bn,user_fcf12746c5
t1,p9spyrm,user_b30847222d
t1,p9spqeh,user_42a10e8814
t1,p9spp8c,user_ee2e96dac0
t1,p9spntr,user_156f63729c
t1,p9spn1y,user_66bea7e08a
t1,p9spl7k,user_79e5663601
t1,p9spl39,user_e0dbb558fc
t1,p9spkto,user_b24a3f39bd
t1,p9spkm9,user_2cb2594b90
t1,p9spdqi,user_39cdce156b
t1,p9spdge,user_d5b5b7d16b
t1,p9spdja,user_7626b5415f
t1,p9spclo,user_74e66bcbe2
t1,p9spcg1,user_2f45d1618c
t1,p9spb2b,user_42a10e8814
t1,p9spahu,user_abf895915c
t1,p9sp8za,user_fcf12746c5
t1,p9sp3q1,user_42a10e8814
t1,p9sp0mo,user_223c637389
t1,p9soztw,user_1f0eefeeb4
t1,p9sot1h,user_9aacb4fc6d
t1,p9sorop,user_ed86087d03
t1,p9sorpo,user_b30847222d
t1,p9sordj,user_0490713ced
t1,p9soo98,user_177b8c57d1
t1,p9sogem,user_b30847222d
t1,p9sofxt,user_80be0ea746
t1,p9soexo,user_12d7da100e
t1,p9socde,user_34948e03d4
t1,p9soat3,user_2b972142ba
t1,p9so8yw,user_3e8ed50fb5
t1,p9so8xp,user_3c41f4fee0
t1,p9so5vx,user_740773dcc0
t1,p9so44l,user_12d7da100e
t1,p9snyka,user_d2d652b9d6
t1,p9snu4i,user_dee1bd61bb
t1,p9snr35,user_a633620457
t1,p9snop3,user_cab4ecb4e5
t1,p9snnbc,user_e61da2768b
t1,p9snltq,user_e0dbb558fc
t1,p9snfx5,user_2cb2594b90
t1,p9snb8v,user_fdf01aa7c7
t1,p9sn6dh,user_cab4ecb4e5
t1,p9sn2gd,user_5ee52d0d6b
t1,p9sn2gw,user_b24a3f39bd
t1,p9smut1,user_d9e074f025
t1,p9smujt,user_aedad13a2d
t1,p9smrb0,user_51ee3baa0f
t1,p9smpy8,user_8f79f04dab
t1,p9smq1o,user_103e0f0f87
t1,p9smpoo,user_533db00a74
t1,p9smpq7,user_dc73b18057
t1,p9smo7w,user_a8285e3932
t1,p9smkqq,user_605b5ee92d
t1,p9smfmq,user_07c93d752b
t1,p9smfdz,user_cab4ecb4e5
t1,p9smbil,user_4203aea3ec
t1,p9sma6w,user_d9e074f025
t1,p9sm8ux,user_d9e074f025
t1,p9sm77i,user_34948e03d4
t1,p9sm5as,user_c638ccde94
t1,p9sm2ot,user_e83914843a
t1,p9slu38,user_1f0eefeeb4
t1,p9slu1k,user_51ee3baa0f
t1,p9slquo,user_afb4c02aae
t1,p9slp6q,user_2cb2594b90
t1,p9sllqe,user_07a1b6b1c3
t1,p9slhkn,user_d6ef400499
t1,p9slfyk,user_f8e8854568
t1,p9sld5w,user_c638ccde94
t1,p9slcvi,user_87b1779cd9
t1,p9sl9kc,user_02ee184e3d
t1,p9sl91t,user_c638ccde94
t1,p9sl567,user_71dec5d228
t1,p9sl4qg,user_097cb0b69d
t1,p9sl4ny,user_02ee184e3d
t1,p9sl1n8,user_9aacb4fc6d
t1,p9skzti,user_c522e82c7a
t1,p9uxgok,user_172339a305
t1,p9ux9hw,user_26f584d908
t1,p9ux9bh,user_fbae8a0131
t1,p9ux35p,user_ac0fa7f07d
t1,p9uwyo6,user_be2873a400
t1,p9uwwjc,user_7d92fb1210
t1,p9uwsvg,user_387a1d4804
t1,p9uwplz,user_2cdcdabb1e
t1,p9uwoo2,user_0a962faab5
t1,p9uwnjj,user_d2a3663fda
t1,p9uwjw6,user_7d92fb1210
t1,p9uwiq4,user_387a1d4804
t1,p9uwi4s,user_3ee8f60cd3
t1,p9uwclj,user_6c3065c453
t1,p9uwbhr,user_762b836c97
t1,p9uw1x9,user_cbe1783966
t1,p9uvx7o,user_e898195e0f
t1,p9uvwtp,user_789c050eb0
t1,p9uvvc6,user_3ee8f60cd3
t1,p9uvt5l,user_4c4c3b99a2
t1,p9uvoja,user_2cf4710bf1
t1,p9uvj8f,user_2274f86053
t1,p9uvgmr,user_15f779d6b5
t1,p9uvetn,user_b27a33d197
t1,p9uvdxh,user_74af9a2321
t1,p9uvd6e,user_ee71511bd8
t1,p9uvc2o,user_f07df8efc3
t1,p9uvab3,user_b27a33d197
t1,p9uva13,user_902a07365a
t1,p9uv8l0,user_26f584d908
t1,p9uv2ln,user_ffc1ac8884
t1,p9uv1iz,user_267f244b07
t1,p9uupc9,user_267f244b07
t1,p9uup1f,user_bb31209786
t1,p9uuokp,user_f5395c6b4f
t1,p9uun2m,user_387a1d4804
t1,p9uun33,user_52abc1e7a7
t1,p9uuhor,user_15f779d6b5
t1,p9uud8u,user_267f244b07
t1,p9uucuu,user_268cc27721
t1,p9uu8cd,user_c70a03b4cd
t1,p9uu6m0,user_52abc1e7a7
t1,p9uu664,user_5f410cbd28
t1,p9uu2l6,user_387a1d4804
t1,p9uu0ia,user_681ffc3931
t1,p9utzn5,user_52abc1e7a7
t1,p9utzou,user_23ec49ee88
t1,p9utzfs,user_ffc1ac8884
t1,p9utw02,user_fd284afdb1
t1,p9utuhh,user_ffc1ac8884
t1,p9utrzf,user_efe8875ce0
t1,p9utq51,user_d833d9314d
t1,p9utiv9,user_61cd74bf05
t1,p9utgnt,user_ffc1ac8884
t1,p9utf5a,user_2573384390
t1,p9utdls,user_56e62ca75b
t1,p9utbn8,user_640442782a
t1,p9utb7v,user_42c9cd6b05
t1,p9utas7,user_f325d90527
t1,p9ut6jl,user_66c8a9ccac
t1,p9ut4d8,user_15d9d2ae81
t1,p9ut1os,user_ffc1ac8884
t1,p9ut0s9,user_2573384390
t1,p9ut01d,user_5c26cdc124
t1,p9usxbo,user_ee214357b5
t1,p9usrsb,user_e898195e0f
t1,p9usqbt,user_9c1a273ff8
t1,p9uspj2,user_4afd447565
t1,p9usmqh,user_0490713ced
t1,p9usmhs,user_5d63286fad
t1,p9uslxu,user_9b81208651
t1,p9uslad,user_823a75bfd3
t1,p9uskuh,user_5bd41d3968
t1,p9uskdt,user_d833d9314d
t1,p9ush9v,user_587d0e9f20
t1,p9usgi7,user_ecbfacf851
t1,p9uschn,user_15d9d2ae81
t1,p9us8tp,user_0d73300a30
t1,p9us8dm,user_9ab8b1cf07
t1,p9us6v4,user_8b7b911974
t1,p9us6kz,user_9e96c0c136
t1,p9us1o0,user_618ed2480a
t1,p9uryvn,user_15c17062d5
t1,p9urur8,user_f8cb5eaa98
t1,p9urusz,user_9b81208651
t1,p9urui8,user_7c98b8844d
t1,p9urpno,user_4afd447565
t1,p9wm98n,user_bcbf6faf1f
t1,p9wm6gl,user_333f41ef3c
t1,p9wm3ed,user_b9fd520035
t1,p9wm0as,user_e63eb3831d
t1,p9wlxd6,user_ec6b23e6a8
t1,p9wlvsu,user_bcbf6faf1f
t1,p9wlusx,user_333f41ef3c
t1,p9wltuj,user_52ba048dc6
t1,p9wlogp,user_a34e51faba
t1,p9wlizf,user_251620f522
t1,p9wlamq,user_d2caada079
t1,p9wl81z,user_06b4e5d071
t1,p9wl69p,user_52ba048dc6
t1,p9wl5ry,user_333f41ef3c
t1,p9wl56s,user_866fc7915c
t1,p9wkzpo,user_9137415f61
t1,p9wkx6l,user_625f3a9709
t1,p9wkvv0,user_ae552ec9e5
t1,p9wkvco,user_9823f0cac0
t1,p9wkuv8,user_333f41ef3c
t1,p9wkrxv,user_cffbff1506
t1,p9wkrmw,user_d125888b70
t1,p9wkoze,user_6d062fc33d
t1,p9wkn9w,user_476a51ddce
t1,p9wk8u3,user_e970b29ef5
t1,p9wk5ri,user_ab84d8762f
t1,p9wk44h,user_123d4b2dff
t1,p9wk10o,user_cffbff1506
t1,p9wjzb3,user_cffbff1506
t1,p9wjwon,user_adbc1e92b5
t1,p9wjti2,user_5b19b807ff
t1,p9wjtb7,user_34e8e58168
t1,p9wjpcy,user_fe082265c1
t1,p9wjn1n,user_c8efab3112
t1,p9wjkhp,user_f67a30a620
t1,p9wjfp3,user_b7e6b8125f
t1,p9wjc5e,user_db73d55713
t1,p9wjbaf,user_cbec0a4e71
t1,p9wj7by,user_8c78e273a3
t1,p9wj70t,user_333f41ef3c
t1,p9wiwv9,user_fb036c6591
t1,p9wiu1m,user_47285aac60
t1,p9wiox2,user_f405c964a6
t1,p9wiob5,user_7bd1729c6b
t1,p9wiln6,user_62cb5063b6
t1,p9wih6p,user_4afd447565
t1,p9wigtr,user_297f138944
t1,p9wiet1,user_3a7782aa85
t1,p9wieqr,user_fb60b21e83
t1,p9wieah,user_9d1712be64
t1,p9widzn,user_47285aac60
t1,p9wi732,user_f405c964a6
t1,p9wi60v,user_57631b6f89
t1,p9wi49h,user_2b4b03c9ce
t1,p9wi308,user_e32af0b6eb
t1,p9wi1yj,user_2d473685b6
t1,p9why67,user_91f34289e1
t1,p9whunq,user_345a119584
t1,p9whul2,user_d833d9314d
t1,p9whq1z,user_47285aac60
t1,p9whlf0,user_e95bc1f52c
t1,p9whigs,user_15f1e5d08d
t1,p9whhbr,user_fb036c6591
t1,p9whgcy,user_fac8a042a8
t1,p9whaor,user_2255f81329
t1,p9wh9bk,user_3a7782aa85
t1,p9wh4y1,user_96cfcd4c06
t1,p9wh2w1,user_57631b6f89
t1,p9wh1x7,user_d4fd730a10
t1,p9wh1xw,user_34e8e58168
t1,p9wgypg,user_4c1de28463
t1,p9wgxe5,user_34e8e58168
t1,p9wgw83,user_2676d2042f
t1,p9wgnh0,user_6889b8652f
t1,p9wgjpo,user_d833d9314d
t1,p9wgj4w,user_875ecbf25c
t1,p9wgbel,user_db68c37458
t1,p9wg5e9,user_7469d0d8a0
t1,p9wg4xw,user_fb036c6591
t1,p9wg3jl,user_34e8e58168
t1,p9wg2ql,user_34ba118d66
t1,p9wg1d4,user_1b3ea07f1e
t1,p9wfzg1,user_47285aac60
t1,p9wfycy,user_5104056974
t1,p9wfvsz,user_2b4b03c9ce
t1,p9wfusl,user_1b3ea07f1e
t1,p9wfr7h,user_8e461ab6e9
t1,p9xwi3e,user_9e1f4c6926
t1,p9xwhh6,user_58b8281b71
t1,p9xw3qi,user_f465f40e71
t1,p9xvxiw,user_06d6cc2cc7
t1,p9xvvig,user_fb036c6591
t1,p9xvs28,user_c5b7bd1b20
t1,p9xvo6j,user_f450231466
t1,p9xvek4,user_9e1f4c6926
t1,p9xvbd2,user_beb17c0cd9
t1,p9xv9lw,user_b00b71b361
t1,p9xv8hl,user_4f26e60c78
t1,p9xv80p,user_8dd84205d2
t1,p9xv6ox,user_0ea37aff83
t1,p9xv3ye,user_fc4068ed99
t1,p9xv37m,user_1f9dfe69e6
t1,p9xuyl8,user_db3037f991
t1,p9xuy2x,user_b00b71b361
t1,p9xuqij,user_223a76a968
t1,p9xuq1t,user_7c4f56bf02
t1,p9xuq2s,user_52d7790421
t1,p9xupc8,user_aef2001389
t1,p9xunpl,user_3ec1462272
t1,p9xulju,user_df5bc43d52
t1,p9xufhs,user_94b85a7704
t1,p9xuf3s,user_71704f1c68
t1,p9xudfa,user_1ed8654f7a
t1,p9xudfv,user_d8f5b075a5
t1,p9xuctf,user_c28b865793
t1,p9xubjq,user_c6c294a267
t1,p9xubj4,user_4c7d06218e
t1,p9xub2m,user_1b1ec7df96
t1,p9xu9ry,user_1017ce6ee4
t1,p9xu95d,user_1747cb0cb5
t1,p9xu7sk,user_8dd84205d2
t1,p9xu6hq,user_dda52b9ab0
t1,p9xu59c,user_cb85a85046
t1,p9xu557,user_b322e56833
t1,p9xu18r,user_fb036c6591
t1,p9xu14w,user_74a7aecc63
t1,p9xu0xm,user_c0022c20f7
t1,p9xu0qr,user_fb77d70bd0
t1,p9xu0f6,user_c2ef4db922
t1,p9xtynh,user_057be5441d
t1,p9xty40,user_51cb30d53d
t1,p9xty4f,user_f0f14aaa34
t1,p9xty10,user_8dd84205d2
t1,p9xtwbb,user_29f944853a
t1,p9xtubj,user_2c21363bd9
t1,p9xttbl,user_9a18889765
t1,p9xtryj,user_48fdcf70b6
t1,p9xtqgq,user_32cc5f4ca1
t1,p9xtncp,user_11f94d1ca1
t1,p9xtl5x,user_fb036c6591
t1,p9xtl6w,user_bb8c9914de
t1,p9xtk8k,user_7e51067b69
t1,p9xth5s,user_71704f1c68
t1,p9xtgol,user_9e1f4c6926
t1,p9xtf5e,user_bb8c9914de
t1,p9xteue,user_a8d8ef8083
t1,p9xteux,user_dda52b9ab0
t1,p9xtekx,user_537bb4ab39
t1,p9xtdfq,user_cfc8048b56
t1,p9xtbu0,user_bcaa03ea29
t1,p9xtbq4,user_b2e90905dc
t1,p9xta5b,user_285ccf7ffa
t1,p9xt9hc,user_6292de9399
t1,p9xt4nj,user_8dd84205d2
t1,p9xt44i,user_17a6fa1896
t1,p9xsyej,user_ffcae64c9f
t1,p9xswl1,user_326135fd59
t1,p9xsu84,user_1a182de884
t1,p9xsgnw,user_bb8c9914de
t1,p9xsfyc,user_bb8c9914de
t1,p9xsclw,user_482d428827
t1,p9xsc2j,user_1d88ab889a
t1,p9xsbx2,user_7e8f107cd5
t1,p9xs5zb,user_fcd2be3960
t1,p9xrzh4,user_9e1f4c6926
t1,p9xrwfo,user_bb8c9914de
t1,p9xrsxn,user_401e2f0d8f
t1,p9xrleu,user_bb8c9914de
t1,p9xrhfj,user_4e7890d433
t1,p9xrcfp,user_bb8c9914de
t1,p9xrbxw,user_89dc76bfec
t1,p9xrbg8,user_78c3e71b7b
t1,p9xrb7x,user_1386d5cfe8
t1,p9xr7w8,user_e52e4d89e3
t1,p9xr7ai,user_401e2f0d8f
t1,p9xr4xb,user_96740b1445
t1,p9xr0m3,user_b51f0727d4
t1,pa04xia,user_d6d184c87a
t1,pa04vri,user_e66b0a932d
t1,pa04vgd,user_0b54e35d8d
t1,pa04opf,user_c273db3f8a
t1,pa04ocx,user_c5899e7ff2
t1,pa04o6x,user_817e95a9fe
t1,pa04m99,user_19fd4dc7b8
t1,pa04lrm,user_7a43c8745d
t1,pa04jm2,user_8521b8f205
t1,pa04ijd,user_133ebf2de4
t1,pa04i9j,user_6832c4e2b4
t1,pa04hfw,user_1c8458b087
t1,pa04gts,user_39a617a562
t1,pa04eub,user_896653d722
t1,pa04ekn,user_54a568d68c
t1,pa04cvs,user_a23500d3bc
t1,pa045st,user_7fcf6ec8d9
t1,pa044z7,user_341936a362
t1,pa044ph,user_b3233c0951
t1,pa042vm,user_58758bb37c
t1,pa041fx,user_7a43c8745d
t1,pa03zxo,user_c273db3f8a
t1,pa03war,user_8f79f04dab
t1,pa03vq5,user_d2943de437
t1,pa03uqy,user_cd360f5588
t1,pa03ugu,user_52ba048dc6
t1,pa03tg2,user_b2c5222244
t1,pa03qol,user_ddbfd297ba
t1,pa03pyf,user_f7015877cb
t1,pa03o83,user_b25df901d6
t1,pa03ncl,user_8d1b57050d
t1,pa03kc8,user_bdb6778dc6
t1,pa03jqg,user_b542af9c72
t1,pa03ih5,user_0a63034c96
t1,pa03gr7,user_4ed111914f
t1,pa03eqn,user_f547b7f6fa
t1,pa03afm,user_e6da8c6e92
t1,pa03a7n,user_8cab960527
t1,pa0394s,user_f7015877cb
t1,pa0393z,user_b25df901d6
t1,pa0382f,user_cc9dee6ea9
t1,pa02zn5,user_21fa7d0ee3
t1,pa02zmb,user_e45effb0bd
t1,pa02wav,user_e1e16fd2f0
t1,pa02v2s,user_5c26cdc124
t1,pa02t76,user_38dae13d5f
t1,pa02s50,user_29be87ffc4
t1,pa02ps4,user_e9d29c8218
t1,pa02ml8,user_43c8d0b11e
t1,pa02gpe,user_b794bf3a8c
t1,pa02g3k,user_a0d848dc06
t1,pa02ecw,user_77da568717
t1,pa02c8q,user_889379d7b1
t1,pa02b78,user_cbd00645bd
t1,pa025r7,user_af7ea651ee
t1,pa023uj,user_1c0c79530b
t1,pa021uc,user_21fa7d0ee3
t1,pa0203p,user_d55d5e8d22
t1,pa01yw8,user_5a02fbb148
t1,pa01xnz,user_0ae9477f36
t1,pa01xq8,user_9e737a141a
t1,pa01vic,user_9259fd8d90
t1,pa01sir,user_9147ff2dd4
t1,pa01qdg,user_0ca75514a2
t1,pa01jng,user_7b1ddff4de
t1,pa01hyv,user_6a314b477e
t1,pa01hiw,user_a5fa3801e3
t1,pa01chz,user_3b478064ec
t1,pa0161h,user_f547b7f6fa
t1,pa014u5,user_4c9bffe661
t1,pa012sm,user_e45effb0bd
t1,pa012cy,user_985f8a8ae6
t1,pa01267,user_5da7412901
t1,pa011v9,user_32ce72e6a9
t1,pa010tp,user_69cf94a441
t1,pa00we6,user_f09ea44972
t1,pa00thx,user_4c65cd3dc7
t1,pa00rid,user_5d6614947e
t1,pa00jnk,user_dda9a4b36e
t1,pa00j2k,user_d646ac9b3c
t1,pa00ixr,user_34261c4924
t1,pa00h1s,user_4d640cb70b
t1,pa00gez,user_433aaea094
t1,pa00e4j,user_fb036c6591
t1,pa2bvo0,user_99422157d5
t1,pa2bt6z,user_b1a80b8624
t1,pa2bpwf,user_b0631c1011
t1,pa2bmht,user_16eab5b86d
t1,pa2bkoy,user_a943458de9
t1,pa2bgdm,user_215c533913
t1,pa2bagv,user_eb8856808a
t1,pa2ba52,user_c17349d32c
t1,pa2b5iy,user_4dd7d3c740
t1,pa2avod,user_676063f712
t1,pa2alaz,user_d4f416581f
t1,pa2ajs6,user_0ecb864156
t1,pa29ube,user_177b8c57d1
t1,pa29pug,user_4dd7d3c740
t1,pa29lri,user_336cf5ce58
t1,pa29kfq,user_a69af4cdd6
t1,pa29iov,user_25120f7b56
t1,pa292t3,user_ce9ee3159e
t1,pa28zkh,user_4dd7d3c740
t1,pa28tyl,user_2f45d1618c
t1,pa28mss,user_e5b64a41bb
t1,pa28m4f,user_d5eda63052
t1,pa28kwn,user_e39b8e40c3
t1,pa28ko6,user_eed1ae49eb
t1,pa28iqj,user_c3bf66b4e2
t1,pa28dz0,user_ebe614b924
t1,pa28cui,user_c3bf66b4e2
t1,pa28cgc,user_c1f3c08f9f
t1,pa281y1,user_4dd7d3c740
t1,pa27xv2,user_4dd7d3c740
t1,pa27wuu,user_5a02fbb148
t1,pa27ria,user_8418235d07
t1,pa27pg0,user_090b429c0a
t1,pa27nwn,user_2690c204c1
t1,pa27ihn,user_3ac6605080
t1,pa27ewr,user_64aed32c70
t1,pa27etp,user_cd9024c23b
t1,pa27e57,user_4dd7d3c740
t1,pa274n1,user_a99640c79a
t1,pa2730r,user_4e26f05738
t1,pa271z4,user_5e7fd98202
t1,pa26z4l,user_ce527a85c1
t1,pa26yiq,user_4dd7d3c740
t1,pa26y04,user_ce69bda37f
t1,pa26o1m,user_482d428827
t1,pa26lir,user_a23500d3bc
t1,pa26ea4,user_4dd7d3c740
t1,pa26dtb,user_a943458de9
t1,pa26d45,user_74d4c54ccd
t1,pa26bbe,user_374857f71d
t1,pa26agy,user_930ca4a5e1
t1,pa26a0p,user_d314a22e59
t1,pa268il,user_2ab6c085f3
t1,pa267ta,user_ce242313f2
t1,pa262j8,user_f71c353e62
t1,pa260sm,user_1074eba21f
t1,pa260nj,user_1994a40719
t1,pa260c9,user_a943458de9
t1,pa25qyv,user_34ae04c202
t1,pa25io0,user_d4ccf4749b
t1,pa25fxo,user_c74bf9fddc
t1,pa25ekv,user_b74bc9a214
t1,pa25dfc,user_2f45d1618c
t1,pa2595f,user_a992e0aa14
t1,pa2562c,user_b1d8ec7b87
t1,pa2535l,user_000b07c7be
t1,pa252o6,user_b1d8ec7b87
t1,pa251q9,user_b74bc9a214
t1,pa24zub,user_214da7ecf1
t1,pa24tij,user_51e035b308
t1,pa24r05,user_7c7d3465d0
t1,pa24ptv,user_7f7bac493b
t1,pa24p3d,user_3a89b7c488
t1,pa24n7a,user_533b53b080
t1,pa24mh2,user_4dd7d3c740
t1,pa24lbj,user_a943458de9
t1,pa24ghd,user_b74bc9a214
t1,pa24gck,user_7f7bac493b
t1,pa24czv,user_4dd7d3c740
t1,pa24cs9,user_1017ce6ee4
t1,pa24att,user_ad54f4b3f1
t1,pa247m2,user_03621aba03
t1,pa247ax,user_acbaba37df
t1,pa246ql,user_4dd7d3c740
t1,pa242r2,user_c82ca1ab01
t1,pa3ypy6,user_a34e51faba
t1,pa3ynfr,user_b0936a071c
t1,pa3ykst,user_5ad7ce9ab5
t1,pa3ycks,user_e9c4f93296
t1,pa3ybuv,user_dbce9484b7
t1,pa3y7zf,user_60ca58a342
t1,pa3y6rg,user_b0dcae0766
t1,pa3y5sc,user_ebd9891ac9
t1,pa3y2hw,user_4175e64507
t1,pa3y21s,user_e9c4f93296
t1,pa3xyni,user_51932a9ec9
t1,pa3xy22,user_2f3a5ba9f8
t1,pa3xvsj,user_637d5dd780
t1,pa3xqoy,user_35df29d5f7
t1,pa3xqdk,user_7f2ac59622
t1,pa3xovj,user_51932a9ec9
t1,pa3xjd3,user_e2672f0d15
t1,pa3ximl,user_8c8695e5a3
t1,pa3xhh7,user_8c8695e5a3
t1,pa3xgdg,user_bf28b84694
t1,pa3xeba,user_ea9bfe9bd2
t1,pa3xe76,user_eb8856808a
t1,pa3xd6k,user_35df29d5f7
t1,pa3xb9j,user_a24d4d19b4
t1,pa3xamr,user_3f97ec1e47
t1,pa3x8w0,user_637d5dd780
t1,pa3x8jx,user_be5d9058b1
t1,pa3x790,user_988c224d3a
t1,pa3x42p,user_6786002b42
t1,pa3x1ed,user_70fb2aaafe
t1,pa3wzhe,user_51932a9ec9
t1,pa3wxgy,user_43ee6f7acb
t1,pa3wvoy,user_fd3880cddb
t1,pa3wszk,user_7f2ac59622
t1,pa3wnqx,user_8c8695e5a3
t1,pa3wmzm,user_637d5dd780
t1,pa3wmqn,user_8c8695e5a3
t1,pa3wlvs,user_8c8695e5a3
t1,pa3wl6e,user_bf28b84694
t1,pa3wigg,user_8c8695e5a3
t1,pa3wi1h,user_4b53d5500c
t1,pa3wfkv,user_3ea3f71737
t1,pa3wb9f,user_e97fd7a155
t1,pa3w4za,user_e6a52ac7bb
t1,pa3w4xr,user_f9553103e8
t1,pa3w4tf,user_89b4991ae6
t1,pa3w2zt,user_be6a47f6e2
t1,pa3vzuk,user_9c72ad7dee
t1,pa3vz09,user_c6023aae31
t1,pa3vtri,user_156f63729c
t1,pa3vsiu,user_637d5dd780
t1,pa3vsf0,user_aab8695c69
t1,pa3voq2,user_637d5dd780
t1,pa3vnnt,user_75954a51c0
t1,pa3viin,user_6cc37c2561
t1,pa3vgri,user_637d5dd780
t1,pa3vftw,user_253b60f253
t1,pa3vfpo,user_b7e1e76476
t1,pa3vesr,user_c6023aae31
t1,pa3vcxr,user_637d5dd780
t1,pa3vc64,user_cc874d10aa
t1,pa3v9kx,user_8d868305b8
t1,pa3v6z7,user_bf28b84694
t1,pa3v6eb,user_a1f62e7b04
t1,pa3v5hd,user_502ded97a4
t1,pa3v343,user_60f5c1cf22
t1,pa3v0ib,user_35d05ee36c
t1,pa3uyqu,user_556a3d57f3
t1,pa3uyjp,user_6f7f314f3b
t1,pa3uwrl,user_35df29d5f7
t1,pa3us2v,user_4f6df2f530
t1,pa3urzh,user_5819157a27
t1,pa3ursp,user_bde8733514
t1,pa3ulga,user_09f69a5c02
t1,pa3ulam,user_4fcb0aa829
t1,pa3uk7p,user_930e21cbfa
t1,pa3uivl,user_50c3a1c296
t1,pa3ugz9,user_865efc7ae1
t1,pa3ufgi,user_4b53d5500c
t1,pa3uejh,user_89dc76bfec
t1,pa3uaxj,user_50c3a1c296
t1,pa3u6pf,user_52c8285177
t1,pa3u4jx,user_a52e36797f
t1,pa3tvyt,user_0c4441d8f7
t1,pa3tufg,user_c9ba887243
t1,pa3tqzn,user_0c4441d8f7
t1,pa3tlx7,user_d3b7f627cc
t1,pa3tl2m,user_7e582d7011
t1,pa59x8s,user_cfed7b8c01
t1,pa59u8q,user_b935ed9034
t1,pa59p56,user_c348fb2d6b
t1,pa59mhh,user_0f9ba6c2d6
t1,pa59eme,user_edef8f7bd2
t1,pa59dcu,user_5fd39cb79d
t1,pa59csb,user_3f0098b6fb
t1,pa59bwa,user_3b6ea9819b
t1,pa59aeb,user_0e651df5ef
t1,pa592rm,user_51ea4e031d
t1,pa58zfd,user_16e779823f
t1,pa58yta,user_8aefddfadf
t1,pa58yrx,user_edef8f7bd2
t1,pa58s9h,user_7695b07d42
t1,pa58rrg,user_6b8dd7f3a3
t1,pa58lzd,user_45a8da4b77
t1,pa58kft,user_1f059ca0ae
t1,pa58d72,user_7b8dee98c7
t1,pa58b2l,user_7b7a5546b4
t1,pa586o1,user_1cac04a07a
t1,pa586dq,user_52b44f9e99
t1,pa57y1n,user_7626b5415f
t1,pa57v2t,user_9d563ee2e9
t1,pa57ugg,user_56f163167d
t1,pa57s9x,user_0995a4e6c6
t1,pa57oav,user_036a106537
t1,pa57naz,user_0ebb4eed7e
t1,pa57l37,user_fc30c954f0
t1,pa57kx2,user_0995a4e6c6
t1,pa57dl5,user_31bb41db4c
t1,pa57anl,user_35e1c42a95
t1,pa5746s,user_451d64bc57
t1,pa56vle,user_d162267190
t1,pa56vjh,user_0995a4e6c6
t1,pa56qxg,user_35fc4726b6
t1,pa56q7r,user_e10d023e02
t1,pa56j9a,user_c736841fbd
t1,pa56g1t,user_ed6d9f522b
t1,pa56eh9,user_537bb4ab39
t1,pa567l9,user_6cfb9a5bc4
t1,pa5600o,user_fe183a6932
t1,pa55wvw,user_0e12ccc308
t1,pa55wu7,user_d8f5b075a5
t1,pa55luk,user_5d91e59ae6
t1,pa55hn3,user_39afb66452
t1,pa55e0m,user_39f1e7f531
t1,pa55dhs,user_886c212853
t1,pa55al9,user_8835797874
t1,pa559nl,user_0995a4e6c6
t1,pa558zo,user_39f1e7f531
t1,pa553lg,user_470cb029b3
t1,pa551nw,user_5d91e59ae6
t1,pa54zgf,user_ce69bda37f
t1,pa54ydb,user_06b3e385c9
t1,pa54vsr,user_0f53c919a8
t1,pa54t7c,user_0995a4e6c6
t1,pa54o50,user_3ee69be44f
t1,pa54mpz,user_e59c94fea2
t1,pa54kgn,user_3fb2e5d273
t1,pa54jtx,user_19fa446968
t1,pa54fcr,user_1b2b76df33
t1,pa54dsy,user_4943ce2687
t1,pa54bix,user_86f5f88c0d
t1,pa549ao,user_ce0118c0b0
t1,pa5484g,user_715ed11062
t1,pa54325,user_5cfcbefd23
t1,pa53zxh,user_14b0dbb3f1
t1,pa53usx,user_b4dbd56ac1
t1,pa53sfa,user_0995a4e6c6
t1,pa53of3,user_ce829b2e32
t1,pa53kuf,user_2a9db61707
t1,pa53jf0,user_09c33ce2f7
t1,pa536ly,user_b573cc345e
t1,pa531qr,user_dc4375da21
t1,pa52wov,user_b25c606681
t1,pa52tga,user_b4b65e142c
t1,pa52se1,user_3859199ba6
t1,pa52oap,user_2918ef6ad5
t1,pa52dho,user_7cda761010
t1,pa52c3p,user_b4b65e142c
t1,pa529yf,user_6e894c92cc
t1,pa527tc,user_ce69bda37f
t1,pa523b0,user_54704eaffc
t1,pa51ztf,user_9179dc7b6e
t1,pa51yqp,user_ce69bda37f
t1,pa51xeo,user_2b972142ba
t1,pa51ufb,user_01f2b37ea0
t1,pa51oo5,user_988c224d3a
t1,pa51n3v,user_dfe6852636
t1,pa7ja3x,user_19fa446968
t1,pa7j9iy,user_9710f54f18
t1,pa7j49j,user_e1e4105f5c
t1,pa7izui,user_b8a4b56017
t1,pa7izww,user_52eb7538df
t1,pa7iujq,user_d588003b94
t1,pa7itiy,user_42a83c28a9
t1,pa7irzr,user_9e0edb4799
t1,pa7illd,user_7224eb21dd
t1,pa7ihnc,user_b8a4b56017
t1,pa7ig3p,user_48ac3b366c
t1,pa7iflg,user_c2ce6ef1b1
t1,pa7icfa,user_d4774e7999
t1,pa7i83i,user_8012d51bbc
t1,pa7hqrd,user_da997653be
t1,pa7hq4q,user_9b062494ca
t1,pa7hmiy,user_57013dfa3d
t1,pa7hkp7,user_57013dfa3d
t1,pa7hh5j,user_fcf12746c5
t1,pa7hh6b,user_dfc2a19199
t1,pa7hfxo,user_da997653be
t1,pa7hcbp,user_d6a0cddc19
t1,pa7hcd7,user_da997653be
t1,pa7hb5q,user_c10cb90d1f
t1,pa7ha0r,user_7626b5415f
t1,pa7gxdc,user_b4ca6b0815
t1,pa7gx59,user_a33e3b4d95
t1,pa7gqga,user_94a934706e
t1,pa7gp91,user_4d421bcb8b
t1,pa7go7m,user_201dfbbb81
t1,pa7gmnv,user_20536ca27b
t1,pa7gmcw,user_b15406f735
t1,pa7gl9a,user_e4f042126a
t1,pa7gj3q,user_ff22f60d62
t1,pa7ghne,user_3de6a5ca9f
t1,pa7gfuh,user_fcf12746c5
t1,pa7gare,user_8207a55c63
t1,pa7g1gz,user_7138672f5d
t1,pa7fzsi,user_0ddecef75f
t1,pa7fy9t,user_248c3ed716
t1,pa7fshf,user_d8ee684c11
t1,pa7frqv,user_6e894c92cc
t1,pa7fn7p,user_ce8b6ef146
t1,pa7fmkj,user_cddaf0058a
t1,pa7fk9s,user_4d421bcb8b
t1,pa7fhk6,user_6e894c92cc
t1,pa7femh,user_814fcab91c
t1,pa7fbmt,user_fcf12746c5
t1,pa7f5xu,user_a4270fafbc
t1,pa7f2wl,user_6b49c50eee
t1,pa7f1yv,user_8012d51bbc
t1,pa7ez96,user_6e894c92cc
t1,pa7ezc7,user_5b0a8b282e
t1,pa7ex2x,user_fcf12746c5
t1,pa7eqsg,user_6e894c92cc
t1,pa7eo64,user_f52e10bc6c
t1,pa7ega7,user_5a02fbb148
t1,pa7eedj,user_d786557711
t1,pa7ebvk,user_3d2fc5d873
t1,pa7e9qb,user_48ac3b366c
t1,pa7e96z,user_6e894c92cc
t1,pa7e8uh,user_8012d51bbc
t1,pa7e7tg,user_5996609976
t1,pa7e424,user_5e4e8a7af9
t1,pa7dxlg,user_fcf12746c5
t1,pa7du6f,user_6dda84510e
t1,pa7dp4f,user_5a02fbb148
t1,pa7div2,user_8012d51bbc
t1,pa7dhaw,user_f6cb9b2251
t1,pa7dgwn,user_aa459948a6
t1,pa7dghe,user_1db8a6089c
t1,pa7dgit,user_5a02fbb148
t1,pa7deqh,user_e2e58b5580
t1,pa7dd4o,user_bb1aa6dc67
t1,pa7dami,user_fcf12746c5
t1,pa7d588,user_35c759c4dc
t1,pa7d2yk,user_0a00ceacbe
t1,pa7d0ok,user_37a1c802f7
t1,pa7cvtf,user_1386d5cfe8
t1,pa7ctv5,user_8012d51bbc
t1,pa7ctia,user_19ee179182
t1,pa7cqup,user_1401da1f15
t1,pa7cobx,user_7138672f5d
t1,pa7ck38,user_1dd35f0367
t1,pa7cjnl,user_0ad4eb6c56
t1,pa9r3je,user_19fd4dc7b8
t1,pa9qzro,user_670867519e
t1,pa9quwv,user_b5f2ca1b6a
t1,pa9qu3o,user_db348ffbdf
t1,pa9qk7q,user_6e894c92cc
t1,pa9qfu9,user_f0ec4642e0
t1,pa9qfs1,user_19fd4dc7b8
t1,pa9qe3r,user_454a5cb61a
t1,pa9qa9f,user_6e894c92cc
t1,pa9pvw3,user_54fbad909c
t1,pa9pv0a,user_e06389943c
t1,pa9prdy,user_c460270f1c
t1,pa9pre9,user_6e894c92cc
t1,pa9plir,user_2329279dae
t1,pa9pkx3,user_38d6a50482
t1,pa9pizq,user_5b19b807ff
t1,pa9pfyh,user_223b7351cd
t1,pa9pel0,user_e9e8a67f01
t1,pa9p1ks,user_19fd4dc7b8
t1,pa9oxiy,user_0c8b9a2842
t1,pa9ovnk,user_efb1a96752
t1,pa9oprl,user_5890034276
t1,pa9ooei,user_4705552b8e
t1,pa9oizk,user_461596ce82
t1,pa9ohjh,user_be7bfd6c85
t1,pa9ohiu,user_07c562fdc6
t1,pa9oe42,user_6e894c92cc
t1,pa9oa8t,user_a4d9ab42db
t1,pa9o7py,user_815b3586fb
t1,pa9o7fm,user_c460270f1c
t1,pa9o0wf,user_989c9f742f
t1,pa9nxd7,user_e8aed96560
t1,pa9nqth,user_19fd4dc7b8
t1,pa9npog,user_da74bc0f37
t1,pa9nnep,user_0bdb4daf22
t1,pa9nj3h,user_989c9f742f
t1,pa9n6hd,user_3a41294e62
t1,pa9n16i,user_6e894c92cc
t1,pa9mvcc,user_d376748c97
t1,pa9mngf,user_db9ebd8523
t1,pa9mmjv,user_db348ffbdf
t1,pa9mj6v,user_34e8e58168
t1,pa9mi3l,user_0bdb4daf22
t1,pa9mfvq,user_15d9d2ae81
t1,pa9mbao,user_d9494abc71
t1,pa9ma7l,user_0bdb4daf22
t1,pa9m56s,user_6fd832dacd
t1,pa9m52p,user_19fd4dc7b8
t1,pa9m0wm,user_0bdb4daf22
t1,pa9loyy,user_ce84336ff7
t1,pa9lnxa,user_b0eed4edd4
t1,pa9l9od,user_6e894c92cc
t1,pa9l0iy,user_4b53d5500c
t1,pa9kt5p,user_f3fdcf8154
t1,pa9knsl,user_a87bf441cf
t1,pa9kl6r,user_0b015af6dd
t1,pa9kby6,user_e767fe7bd0
t1,pa9k818,user_6751b8b4a6
t1,pa9k6z1,user_cddaf0058a
t1,pa9jz3e,user_6e894c92cc
t1,pa9jxnh,user_0bdb4daf22
t1,pa9juxb,user_461596ce82
t1,pa9ju5f,user_fb3abef451
t1,pa9jt6x,user_19fd4dc7b8
t1,pa9jhrv,user_6e894c92cc
t1,pa9jh82,user_66a5c29cc5
t1,pa9j3ol,user_196aa27be7
t1,pa9imam,user_2d0a71372d
t1,pa9ii1s,user_e20a47149c
t1,pa9ic8t,user_2d0a71372d
t1,pa9ibjv,user_fc297deb08
t1,pa9i5a1,user_ebd9891ac9
t1,pa9hzyr,user_1ff542ca9c
t1,pa9h97t,user_4fed78bfa8
t1,pa9h1a7,user_a6d844641b
t1,pa9gxqj,user_6b737b1bc5
t1,pa9gxkn,user_e14aa10386
t1,pa9gwpy,user_e14aa10386
t1,pa9gsmb,user_8d9ab9341c
t1,pa9gs0m,user_fddc3ea91e
t1,pa9gl61,user_63fbc96a8e
t1,pa9gjxk,user_30f7a105c4
t1,pa9g3ux,user_a07526ed54
t1,pa9g3eh,user_63fbc96a8e
t1,pa9fzes,user_a165807aed
t1,pa9fwuv,user_3952993a4d
t1,pabe0qy,user_17728b3886
t1,pabe0ls,user_eef7ee5007
t1,pabe0e0,user_1d5d778336
t1,pabdvjs,user_175337ceb8
t1,pabdvh2,user_0490713ced
t1,pabdui8,user_3dbfbfd7e9
t1,pabdtpg,user_fe8999b22a
t1,pabdq24,user_cf678a91fb
t1,pabdkqh,user_d6de9d04f6
t1,pabdins,user_175337ceb8
t1,pabdf1x,user_246d76e627
t1,pabdc0a,user_87979a1aa7
t1,pabd4bh,user_8a8c61295a
t1,pabcxge,user_8a8c61295a
t1,pabctdu,user_71c5cd5408
t1,pabcrp2,user_b8b1428965
t1,pabcp72,user_6b786b9c33
t1,pabcls0,user_92d9ab88d2
t1,pabclf1,user_62cb5063b6
t1,pabcii0,user_3d2fc5d873
t1,pabchdx,user_0490713ced
t1,pabcffb,user_51cb30d53d
t1,pabcf66,user_28e18a9fe2
t1,pabcct3,user_51cb30d53d
t1,pabcbvn,user_62cb5063b6
t1,pabc417,user_28bd323232
t1,pabbqnw,user_fc646decee
t1,pabbpmi,user_092b603f59
t1,pabbokx,user_f959edcc43
t1,pabbol0,user_814202e92f
t1,pabbkxn,user_6e002fc2a7
t1,pabbk50,user_3889e0e881
t1,pabbhh3,user_e7c7ed6ab8
t1,pabbg92,user_c709a08a8e
t1,pabbd33,user_9ad05f3c61
t1,pabb9ne,user_7acf9db713
t1,pabb82e,user_57e505a318
t1,pabb3sf,user_fc646decee
t1,pabb3kk,user_e14aa10386
t1,pabb2jx,user_5cb16b51d9
t1,pabb1ug,user_b1ebd00298
t1,pabb0xq,user_6bb0b52420
t1,pabaych,user_215a57cc78
t1,pabaxy5,user_4439ec3bc6
t1,pabaw7c,user_bfee4dd582
t1,pabaroc,user_5142ce901a
t1,pabar8u,user_876bd5651a
t1,pabaoig,user_0603484814
t1,pabao3w,user_87979a1aa7
t1,paban0t,user_6b786b9c33
t1,pabaj0b,user_87979a1aa7
t1,pabahyi,user_0490713ced
t1,pabac1r,user_0603484814
t1,pababoa,user_6170e9cbe3
t1,paba8d2,user_408960ac57
t1,paba89i,user_2a81ad3ce1
t1,paba5zy,user_246d76e627
t1,paba4mk,user_6b786b9c33
t1,paba342,user_3a7782aa85
t1,paba2z1,user_924858d289
t1,pab9yi9,user_f51ab0fa76
t1,pab9wnt,user_fc646decee
t1,pab9vnc,user_066e607058
t1,pab9tn5,user_babb7941fb
t1,pab9sy9,user_0603484814
t1,pab9rqk,user_3c9e0d88ad
t1,pab9r15,user_6bb0b52420
t1,pab9qqg,user_0603484814
t1,pab9ojv,user_15d04ba973
t1,pab9ks0,user_91fc0796b3
t1,pab9k7s,user_4d441225ea
t1,pab9jbf,user_246d76e627
t1,pab9i5q,user_6bb0b52420
t1,pab9hyh,user_1d5d778336
t1,pab9gs4,user_624e0cd601
t1,pab9ffs,user_f959edcc43
t1,pab95ip,user_246d76e627
t1,pab91ir,user_246d76e627
t1,pab910g,user_f52e10bc6c
t1,pab8zii,user_1e8f4388b5
t1,pab8m99,user_bebf2dff2a
t1,pab8l4i,user_00be94ce90
t1,pab8foa,user_246d76e627
t1,pab8dd2,user_84ce29da9e
t1,pab8c0i,user_15d04ba973
t1,pab8ara,user_09f69a5c02
t1,pab83dr,user_bd168f3f80
t1,pab82oj,user_5fc4d97e9e
t1,pacosde,user_fcf12746c5
t1,pacolvu,user_3e6d7ac435
t1,pacol87,user_b127f1c620
t1,pacoiti,user_2d8793be60
t1,pacnxg3,user_cdfe12247c
t1,pacnv03,user_228b659d43
t1,pacntlc,user_fcd2be3960
t1,pacnt18,user_74631e9af4
t1,pacnrqz,user_5395b16ca8
t1,pacnnic,user_364dc35e25
t1,pacnkkl,user_482d428827
t1,pacn99v,user_1421e3bb15
t1,pacn3zq,user_058d850f58
t1,pacmpv5,user_1e59515acb
t1,pacmdtr,user_3dcfce2404
t1,paclw2f,user_bebbd71007
t1,pacln7w,user_b4f2e0ff93
t1,paclera,user_cdb0e8ec62
t1,pacldw8,user_53bda180af
t1,paclbp8,user_3ff55b72f2
t1,paclacu,user_e49f486013
t1,pacl3sl,user_461baf1575
t1,pack6q5,user_e9dd76d876
t1,pack1u0,user_931ebc93e5
t1,pacjz8h,user_461baf1575
t1,pacjtna,user_6e5e9aecd4
t1,pacjo7m,user_c446e19264
t1,pacjl9e,user_5e129be8de
t1,pacjaqy,user_5e129be8de
t1,pacj6fq,user_245379a819
t1,paciwuj,user_fcba119459
t1,pacipu8,user_00be94ce90
t1,paciphs,user_f6b3c0f839
t1,pacil1e,user_14fc06d7b1
t1,pacib51,user_06b4e5d071
t1,paci4es,user_005014d1b9
t1,pachy1v,user_005014d1b9
t1,pachx26,user_222cafdf0b
t1,pachv1m,user_ad9cc67aaa
t1,pachn0m,user_96072373a7
t1,pachkso,user_ffb354db16
t1,pachkh3,user_ad9cc67aaa
t1,pachg7e,user_07d9c5a3d6
t1,pach60f,user_ad9cc67aaa
t1,pach49e,user_c4a94a4799
t1,pach46y,user_433264da78
t1,pacgqqe,user_d47d46f2cf
t1,pacgnwv,user_d7c6926728
t1,pacgnyz,user_9dcbba9996
t1,pacgkyo,user_06b4e5d071
t1,pacgjcv,user_fb9736f1cd
t1,pacgdww,user_ad9cc67aaa
t1,pacgb6m,user_8a7a528c86
t1,pacg4ci,user_1b02af4509
t1,pacfywl,user_7669af0045
t1,pacfm13,user_abdb74279f
t1,pacfd32,user_297f138944
t1,pacfc5h,user_297f138944
t1,pacf11l,user_df74ed647a
t1,pacey6c,user_23cc91b951
t1,paceu9s,user_8bbc1139bc
t1,pacethh,user_7669af0045
t1,pacer6r,user_35869bbdef
t1,pacepug,user_9dcbba9996
t1,pacelp7,user_4d11fe6d1f
t1,pacelly,user_7669af0045
t1,paceiq8,user_bf01a1f0c7
t1,paceej3,user_19046671fa
t1,pacebym,user_cf3409f8cf
t1,pace65m,user_d86954ae49
t1,pacdzf3,user_a21ec2b09d
t1,pacdy7k,user_202c4d5ef8
t1,pacdxga,user_484f116dec
t1,pacdog6,user_36756ffb2c
t1,pacdmnb,user_9d2457af72
t1,pacdg46,user_66ac5d39fc
t1,pacddtq,user_1918beb846
t1,pacdcbs,user_a3205eb77c
t1,pacd9am,user_26e0fde08b
t1,pacd8dl,user_c76fb41e7f
t1,pacd08o,user_4d4943d32a
t1,paccamx,user_b6b3faecd9
t1,pacc9um,user_45a0c5a5bb
t1,pacc95c,user_694c03529a
t1,pacbz2l,user_35869bbdef
t1,pacbhbz,user_1ef9500bba
t1,pacbdq0,user_3dcf5bf54e
t1,paexvwb,user_c6b71c6d96
t1,paexvvh,user_97be89bb4f
t1,paexvb1,user_8b73ca5fb0
t1,paexuw2,user_d7520e62fe
t1,paextq3,user_8dd84205d2
t1,paexq2c,user_47b38baa1d
t1,paexoj9,user_6230583efe
t1,paexlge,user_8da589bc07
t1,paexjdi,user_7d9802bb91
t1,paexigl,user_d7520e62fe
t1,paexgtk,user_0490713ced
t1,paexbd7,user_89dc76bfec
t1,paex9ar,user_2ce8bf0617
t1,paex823,user_fb4f22628b
t1,paex4ow,user_645e3c8d8f
t1,paeworv,user_82e5716f0a
t1,paewn4w,user_6b786b9c33
t1,paewi00,user_5dffa991d0
t1,paewh81,user_645e3c8d8f
t1,paewej7,user_82e5716f0a
t1,paewcuu,user_e028b8cdd6
t1,paew9ez,user_2a3d75fe10
t1,paew8jc,user_ddbfd297ba
t1,paew8ie,user_5b596a67e8
t1,paew7i1,user_7f00dd6632
t1,paew3il,user_907c1bf8b4
t1,paew2mj,user_355ca2d77d
t1,paevzdi,user_2be5d3b1e2
t1,paevy8i,user_5df781e228
t1,paevy40,user_f52e10bc6c
t1,paevulv,user_3a85b312e9
t1,paevsfv,user_0d4894ec2f
t1,paevsct,user_6b786b9c33
t1,paevqs6,user_6e9fb24ca4
t1,paevphc,user_7246d493d0
t1,paevouu,user_d0146780fe
t1,paevnin,user_15316e4718
t1,paevmaj,user_b111fff01b
t1,paevk6n,user_bdce2b4a22
t1,paevg9k,user_aa459948a6
t1,paevfw1,user_4ea17129ba
t1,paev5nd,user_85a0bfb139
t1,paev4q4,user_7246d493d0
t1,paev1pv,user_e8aed96560
t1,paeut5p,user_6d887f136b
t1,paeugnx,user_b2bcfc1192
t1,paeug9t,user_09c228d9de
t1,paeucg4,user_0c3c485151
t1,paeua2f,user_a19ab9cc4e
t1,paeu727,user_a5fa3801e3
t1,paeu088,user_bd71dde9c4
t1,paetz2h,user_6d887f136b
t1,paetfrp,user_7d2da23f79
t1,paetbcz,user_a213401216
t1,paet867,user_be83e7d06b
t1,paet6ir,user_bd751fcbf8
t1,paet5o2,user_7d2da23f79
t1,paet4dt,user_6b786b9c33
t1,paet45c,user_aa459948a6
t1,paet0d5,user_15316e4718
t1,paesv61,user_7331a20be5
t1,paesuha,user_7d2da23f79
t1,paespw0,user_3a85b312e9
t1,paesnqv,user_87e83a15f5
t1,paesiah,user_d5aedfd475
t1,paesi95,user_1a74bf5c7a
t1,paesi24,user_54b400b949
t1,paesavz,user_c31a326a96
t1,paesaqk,user_05025e2c50
t1,paes9w0,user_f7015877cb
t1,paes8qe,user_99d56c2e93
t1,paes5gq,user_3411f39029
t1,paervzr,user_2a9c3fa8b2
t1,paervnq,user_266041e0dc
t1,paeruam,user_206dbf4939
t1,paers5e,user_26373f1af4
t1,paere1c,user_7331a20be5
t1,paerdp5,user_a7af886e62
t1,paer9is,user_7331a20be5
t1,paer5zr,user_7331a20be5
t1,paeqwsn,user_2a9c3fa8b2
t1,paeqv1a,user_b4f894ce52
t1,paeqpcb,user_e9eafc9466
t1,paeqfle,user_df94a039c3
t1,paeqcmu,user_eadbe8c9bd
t1,paeqblx,user_799c25e886
t1,paeq4e9,user_799c25e886
t1,pah2s9a,user_c49ed50b97
t1,pah2r7s,user_81db4b535b
t1,pah2jcr,user_15f779d6b5
t1,pah2j7a,user_fcd2be3960
t1,pah2j40,user_077a01359d
t1,pah2ilw,user_cb6dad2c24
t1,pah2evn,user_eaa94188b1
t1,pah2dij,user_2c5ddb4829
t1,pah2bl6,user_bff6eb6512
t1,pah29mg,user_623f560910
t1,pah28s1,user_00e982233f
t1,pah269p,user_175337ceb8
t1,pah25oq,user_a31d41fb92
t1,pah25gd,user_9fa77f24a6
t1,pah1noi,user_4df42bd58f
t1,pah1kcr,user_7637ebaa5e
t1,pah1k4z,user_7c7f46f3f8
t1,pah1gwd,user_4c6cff914a
t1,pah1g24,user_c4e94e0e28
t1,pah1ey0,user_f64528f407
t1,pah15m9,user_097cb0b69d
t1,pah0vi5,user_a3f69d8964
t1,pah0jj9,user_80974fb655
t1,pah0iuh,user_111730a0d9
t1,pah0fbf,user_34e8e58168
t1,pah0b9z,user_6a314b477e
t1,pah00y4,user_94010d1923
t1,pagzz9g,user_00e982233f
t1,pagzygn,user_6a314b477e
t1,pagzves,user_b66ae8a92f
t1,pagzu7f,user_d8c8197450
t1,pagzojs,user_c5f5cb9b77
t1,pagzo4c,user_aedad13a2d
t1,pagzgka,user_cdceaa1113
t1,pagzdlq,user_e59ed87fd0
t1,pagzcgv,user_e59ed87fd0
t1,pagz4ue,user_e9e8a67f01
t1,pagz4me,user_d37c9b8114
t1,pagz1vl,user_e9e8a67f01
t1,pagyyj8,user_34e8e58168
t1,pagyt5f,user_7bcab1aa04
t1,pagysnd,user_68cf797086
t1,pagyq77,user_6d7b7e53e0
t1,pagykbh,user_097cb0b69d
t1,pagydbz,user_ebd9891ac9
t1,pagy98d,user_3ff02444f6
t1,pagy6us,user_cdceaa1113
t1,pagxzxb,user_175337ceb8
t1,pagxzqo,user_ec47bf6f49
t1,pagxozk,user_175337ceb8
t1,pagxkiw,user_e59ed87fd0
t1,pagxh9k,user_f5f5be9d40
t1,pagxdak,user_74631e9af4
t1,pagx42n,user_b671249c5f
t1,pagx0z0,user_7bcab1aa04
t1,pagwzbp,user_c454d164ad
t1,pagwwxi,user_ebd9891ac9
t1,pagwtqw,user_7bcab1aa04
t1,pagwdnl,user_34e8e58168
t1,pagwd46,user_ebd9891ac9
t1,pagwavu,user_e0a7ba663f
t1,pagw6mj,user_9a84b7f54a
t1,pagvvsr,user_5de3ada367
t1,pagvun6,user_ebd9891ac9
t1,pagvth3,user_8146aa518b
t1,pagvl9y,user_ff97fc237c
t1,pagvger,user_1fdd458047
t1,paguypf,user_9259649ca3
t1,pagunpe,user_438986502e
t1,pagukpy,user_21fa7d0ee3
t1,paguijg,user_9ce8f97f72
t1,paguhcp,user_a45d20af92
t1,pagtsud,user_b96c663df4
t1,pagtczp,user_57631b6f89
t1,pagt29n,user_99e96b7f49
t1,pagslw9,user_99e96b7f49
t1,pagslo7,user_8ee9061b83
t1,pagsjqa,user_6d7b7e53e0
t1,pagsi6u,user_ba50537db8
t1,pagsa0z,user_57bd624fc9
t1,pags8qm,user_077a01359d
t1,pags8gh,user_77b5b480f5
t1,pags5fk,user_e5968b1164
t1,pagrz3x,user_e94d01a544
t1,pagrvjl,user_40e88c5bc2
t1,pagrq4o,user_c46d044155
t1,pagrp48,user_14bc609e17
t1,pagrox3,user_77b5b480f5
t1,pagrki4,user_c12b142816
t1,paiqej2,user_0490713ced
t1,paiq918,user_2b4f1da654
t1,paiq777,user_d9c6238148
t1,paiq6lt,user_0490713ced
t1,paiq5hf,user_18784328f5
t1,paiq5f4,user_34b99b7995
t1,paiq3tb,user_b9cdbf4803
t1,paiq3oe,user_d9c6238148
t1,paiq3j6,user_4f6df2f530
t1,paiq1tl,user_0490713ced
t1,paipx3f,user_d9c6238148
t1,paipw6g,user_0490713ced
t1,paipsr0,user_66bea7e08a
t1,paips52,user_0490713ced
t1,paiprn3,user_d9c6238148
t1,paipozc,user_c579ac3008
t1,paipmqo,user_775ecb85d5
t1,paiplaz,user_e846cb883f
t1,paipipb,user_6fd832dacd
t1,paiphpz,user_d8daf89d11
t1,paipgwy,user_d9c6238148
t1,paipf2s,user_103e0f0f87
t1,paioyvx,user_6d7b7e53e0
t1,paioyco,user_0490713ced
t1,paioxje,user_051d6576e0
t1,paiovl1,user_6fd832dacd
t1,paiovb3,user_0490713ced
t1,paioozc,user_c1105dc271
t1,paioo9a,user_aac41a4c44
t1,paionir,user_0490713ced
t1,paiojrm,user_49d51a1351
t1,paiojip,user_bfc4227def
t1,paioheo,user_986b59d6f8
t1,paio9hx,user_545dfb8e9d
t1,paio8bx,user_a4157ac482
t1,paio77a,user_d9c6238148
t1,paio38u,user_0490713ced
t1,paio2ur,user_bfc4227def
t1,paio16m,user_b7de6ce472
t1,painytq,user_bfc4227def
t1,painxdi,user_f64528f407
t1,painvoe,user_bfc4227def
t1,painuo4,user_d9c6238148
t1,painoxr,user_c6e6b8456b
t1,painmux,user_0490713ced
t1,paingwb,user_0490713ced
t1,paingch,user_ee5740d840
t1,painbj5,user_bf4ea8f704
t1,painaz7,user_b7e358ff74
t1,pain6mq,user_d9c6238148
t1,pain4j5,user_6fffe3a2b0
t1,pain1d8,user_d9c6238148
t1,pain0vv,user_d511018c1d
t1,paimyjg,user_fd4312eb9d
t1,paimvq7,user_b6788af815
t1,paimps4,user_0490713ced
t1,paimnya,user_201dfbbb81
t1,paimmvo,user_7138672f5d
t1,paimmv4,user_85478f6771
t1,paimmse,user_4957a180bb
t1,paimlvr,user_545dfb8e9d
t1,paimi03,user_5056171117
t1,paimb0y,user_c912ad043f
t1,paimagh,user_051d6576e0
t1,paim7bz,user_b65e855cf8
t1,paim5b0,user_a1f820e8f0
t1,paim4gb,user_d9c6238148
t1,pailxfv,user_851b387df3
t1,pailvzi,user_4957a180bb
t1,pailvt1,user_3fb02c73e0
t1,pailv9n,user_c28890722d
t1,pailv14,user_2eb9c10392
t1,pailstn,user_3661ae193f
t1,pailq8t,user_73f79b5343
t1,pailonr,user_cbec0a4e71
t1,pailnp8,user_851b387df3
t1,pailmr9,user_b7de6ce472
t1,pailh52,user_80b6f13d2d
t1,paile90,user_0c391cd1dc
t1,paildyk,user_4cf17ea551
t1,pail85h,user_46f70e33ff
t1,pail5v0,user_4957a180bb
t1,pail10e,user_fd4312eb9d
t1,pail0j3,user_d9c6238148
t1,paikzq5,user_fd4312eb9d
t1,paikz9s,user_4cf17ea551
t1,paikupv,user_26f584d908
t1,paiku33,user_c0f05361f4
t1,pak0p6b,user_e9589c1a31
t1,pak0li3,user_7595594b6c
t1,pajzz8o,user_e9589c1a31
t1,pajzu31,user_30d8156109
t1,pajzqhr,user_ade508d6b5
t1,pajznt9,user_a806292a5a
t1,pajywy4,user_573b8c0216
t1,pajyvxv,user_1d4647ec34
t1,pajygme,user_1386d5cfe8
t1,pajy3t3,user_19b3b8f115
t1,pajxd4x,user_e9589c1a31
t1,pajx59r,user_39f19e8373
t1,pajvxvy,user_b3b4a126a9
t1,pajvudi,user_7a6b3baa22
t1,pajvi41,user_af7a644ee8
t1,pajvdzx,user_87e4ee5c83
t1,pajv0hs,user_377fe3fec8
t1,pajuw9q,user_59d6a63e88
t1,pajuunk,user_9938330957
t1,pajuod3,user_ebae3e2740
t1,pajumk5,user_9d97d5dc3b
t1,pajttnq,user_845faa6715
t1,pajtm4l,user_66f7da63c4
t1,pajtla0,user_8de9c0cff3
t1,pajtimj,user_b38a876d0b
t1,pajt91t,user_9315c8eb95
t1,pajt6tp,user_34261c4924
t1,pajskji,user_6855928387
t1,pajsjly,user_eda7589944
t1,pajs4ds,user_707e78e757
t1,pajruri,user_8d23289294
t1,pajr3pq,user_9402e8bdd7
t1,pajqyop,user_1f5ca54d19
t1,pajqyiu,user_b38a876d0b
t1,pajqx7l,user_1f5ca54d19
t1,pajqv29,user_5e0ae56134
t1,pajqpjw,user_68a36cf01b
t1,pajqhhf,user_b38a876d0b
t1,pajqe0k,user_16557da6ff
t1,pajqa8l,user_c88e677b57
t1,pajq7kk,user_7a68259487
t1,pajq1m0,user_0f49f90870
t1,pajpkrb,user_2b1d704560
t1,pajpfpp,user_6e894c92cc
t1,pajp6zl,user_b120efbe74
t1,pajoyk1,user_9d7dc8076a
t1,pajohq0,user_de1f8e8f4e
t1,pajo3e5,user_40c182eb62
t1,pajnqgw,user_9402e8bdd7
t1,pajn8it,user_fd38a9c0c6
t1,pajn2u9,user_843e0fb86c
t1,pajn1nw,user_a1c3b70da3
t1,pajmz5p,user_12b26208d8
t1,pajmy7e,user_d03b6d7016
t1,pajmvnc,user_1db8a6089c
t1,pajmtmq,user_0d74e98de2
t1,pajmj0o,user_d03b6d7016
t1,pajmhdn,user_6e894c92cc
t1,pajlx84,user_d03b6d7016
t1,pajlm4h,user_d03b6d7016
t1,pajlg1q,user_ccf0b288bc
t1,pajleuq,user_33eebe8393
t1,pajl056,user_d03b6d7016
t1,pajkpaw,user_d03b6d7016
t1,pajkln2,user_01d72b92f0
t1,pajkljl,user_5b9620afc5
t1,pajkcsj,user_9402e8bdd7
t1,pajkcfo,user_d03b6d7016
t1,pajkc7q,user_e243521890
t1,pajjzq9,user_9402e8bdd7
t1,pajjtcy,user_9402e8bdd7
t1,pajjpvc,user_051d6576e0
t1,pajjn2b,user_6230583efe
t1,pajjhoq,user_e243521890
t1,pajjbhe,user_7ad1dfa0ec
t1,pajj98j,user_874bace15a
t1,pajixm8,user_1b23c6fb6d
t1,pajiv27,user_48f16ce9e8
t1,pajitm7,user_1f7dea212c
t1,pajie1p,user_b55ea07bbd
t1,pajicua,user_d10bb9addf
t1,pajia1e,user_9a27dd7567
t1,paji9z0,user_b55ea07bbd
t1,pam84tn,user_02a47aacc7
t1,pam83e5,user_21fa7d0ee3
t1,pam7ydx,user_de54307d9e
t1,pam7w9f,user_48fdcf70b6
t1,pam7sxc,user_f60f2cfaf8
t1,pam7mkf,user_643c32089a
t1,pam7mej,user_20c5c4fda3
t1,pam7jft,user_d96563183a
t1,pam7ecr,user_e87cc4f15d
t1,pam7cmq,user_d7520e62fe
t1,pam78yy,user_d96563183a
t1,pam77f6,user_5723e80308
t1,pam7509,user_d96563183a
t1,pam6xwz,user_3411f39029
t1,pam6vnd,user_d96563183a
t1,pam6vco,user_b397429c0f
t1,pam6sm1,user_d96563183a
t1,pam6ht3,user_75d7d46ded
t1,pam6ecs,user_d96563183a
t1,pam684s,user_d96563183a
t1,pam66c0,user_56ffc1071f
t1,pam6645,user_99e680fb91
t1,pam62aa,user_48fdcf70b6
t1,pam60nt,user_a6803e3f85
t1,pam5z25,user_3e9110cd7f
t1,pam5vur,user_d96563183a
t1,pam5sly,user_d96563183a
t1,pam5mwr,user_d96563183a
t1,pam5jhh,user_d96563183a
t1,pam5hxh,user_8de9c0cff3
t1,pam5d05,user_b7daee08b9
t1,pam5c2o,user_e10261a0d1
t1,pam5ap4,user_d96563183a
t1,pam541f,user_8fc9ce4e1a
t1,pam4tbk,user_d96563183a
t1,pam4ngu,user_051d6576e0
t1,pam4esd,user_5723e80308
t1,pam4e6u,user_ea508b3958
t1,pam46sw,user_cf6c8eeb8c
t1,pam446p,user_6b7c40b177
t1,pam41x5,user_99e680fb91
t1,pam3n1e,user_1f6a082da8
t1,pam3l32,user_1b79d6b06c
t1,pam3g73,user_5f6b61a60b
t1,pam3g31,user_ea508b3958
t1,pam37jq,user_fa417782c0
t1,pam36fz,user_99e680fb91
t1,pam3626,user_201dfbbb81
t1,pam3399,user_8e53009a5c
t1,pam2wrx,user_6b786b9c33
t1,pam2us2,user_051d6576e0
t1,pam2tw3,user_dcf3d41cdf
t1,pam2q53,user_518660ef34
t1,pam2pkv,user_f52e10bc6c
t1,pam2pcd,user_b6ab530477
t1,pam2lcy,user_06b3e385c9
t1,pam2hyb,user_051d6576e0
t1,pam2fse,user_48fdcf70b6
t1,pam2fdm,user_be3691dbeb
t1,pam2chw,user_f64528f407
t1,pam2bxh,user_87e1436c3c
t1,pam29ql,user_f52e10bc6c
t1,pam29hw,user_75b76eab06
t1,pam28s6,user_9c1dbe0669
t1,pam227b,user_65608555ba
t1,pam1vfr,user_c08ced6c56
t1,pam1vdc,user_be610be82a
t1,pam1qu2,user_f52e10bc6c
t1,pam1q6a,user_9595ca1490
t1,pam1pxr,user_097cb0b69d
t1,pam1oc6,user_404e1abd2c
t1,pam1mw7,user_5104056974
t1,pam1m95,user_4279cd4c1c
t1,pam1m1z,user_46a929637d
t1,pam1lls,user_7f7c93ad85
t1,pam1ji8,user_26da2e1ff1
t1,pam1ivt,user_f52e10bc6c
t1,pam1gpu,user_9acf86a1f1
t1,pam1fda,user_0d29e58ff7
t1,pam1e0k,user_e6fec6ff67
t1,pam1cro,user_f52e10bc6c
t1,pam1asv,user_f52e10bc6c
t1,pam1a6c,user_621804ce12
t1,pam18or,user_526688902f
t1,paobqqv,user_dd584be27b
t1,paoadwf,user_f1cab2142b
t1,paoa775,user_5056171117
t1,paoa764,user_815f37222f
t1,paoa044,user_7c27405d6c
t1,pao9yru,user_780bd7100e
t1,pao9j96,user_2eb9c10392
t1,pao9iq4,user_cf678a91fb
t1,pao9imy,user_d75c5c4691
t1,pao9bt2,user_0490713ced
t1,pao8wpl,user_95d1dee4ec
t1,pao8uur,user_9d9be409f7
t1,pao8s2r,user_9267f6cc35
t1,pao8n2h,user_04c2a3c91e
t1,pao8m7s,user_8330b0831e
t1,pao8d5l,user_f878390de2
t1,pao8au8,user_651992a89a
t1,pao895r,user_08f4083dfd
t1,pao80ma,user_e01716ad0f
t1,pao7ww8,user_7ca3e22e1d
t1,pao7vq4,user_229276f19f
t1,pao7kiw,user_1e24313200
t1,pao7jsi,user_47332ee4a8
t1,pao7ib9,user_74631e9af4
t1,pao7h05,user_f9ffd29c1f
t1,pao7gku,user_0488b3da2c
t1,pao7dds,user_148d0dab56
t1,pao7cup,user_e14aa10386
t1,pao7c48,user_bc18e78dbd
t1,pao77hp,user_cd2e6d500e
t1,pao70pw,user_0cf4f09ea8
t1,pao6zg4,user_52f6b623c4
t1,pao6op5,user_f5afaa0ad9
t1,pao6oc7,user_cd2e6d500e
t1,pao6mh6,user_efa56a122d
t1,pao6kuz,user_6fd832dacd
t1,pao6ebc,user_e6fec6ff67
t1,pao67m1,user_5a02fbb148
t1,pao5l1l,user_e8aed96560
t1,pao5j44,user_651992a89a
t1,pao56ua,user_cad439425e
t1,pao4s3t,user_7d92fb1210
t1,pao4qcc,user_e956fef172
t1,pao4n49,user_0bdb4daf22
t1,pao4m6i,user_1386d5cfe8
t1,pao4d1r,user_1386d5cfe8
t1,pao3z4w,user_c2a5c6f726
t1,pao3w01,user_1386d5cfe8
t1,pao3kz6,user_7894935412
t1,pao3fpx,user_1e2ebae688
t1,pao35zv,user_6c1fe91e8e
t1,pao2un3,user_4d7896e9f0
t1,pao2tuf,user_a40f61bb55
t1,pao2pns,user_6c1fe91e8e
t1,pao2jto,user_6c1fe91e8e
t1,pao2jud,user_5a4c02050a
t1,pao2ehg,user_64b1d57981
t1,pao2e15,user_4a93a95a6f
t1,pao2a9p,user_4a93a95a6f
t1,pao27pk,user_6c1fe91e8e
t1,pao270c,user_47c2c75e22
t1,pao24v8,user_4b8857887c
t1,pao24im,user_1b10980861
t1,pao242g,user_aedad13a2d
t1,pao21qw,user_6c1fe91e8e
t1,pao1y7m,user_5a02fbb148
t1,pao1vwi,user_c273db3f8a
t1,pao1uhd,user_60fc57fc61
t1,pao187f,user_c273db3f8a
t1,pao17dl,user_d3ab8f8540
t1,pao0tq7,user_aaea642dab
t1,pao0s88,user_2eb9c10392
t1,pao0pku,user_27b873754a
t1,pao0mvy,user_611d60592e
t1,pao02t3,user_f45ec97e7f
t1,panzrub,user_687fd588d6
t1,panzge5,user_097cb0b69d
t1,panzf02,user_8b7b911974
t1,panzeaj,user_52c8285177
t1,panywuo,user_fae4cf18b2
t1,panysaa,user_397fa1dce3
t1,panyr2j,user_65bcaca986
t1,panyphi,user_7d92fb1210
t1,panybq3,user_692337a1f7
t1,pany3nq,user_d41b0466c8
t1,panxyhq,user_09f1a64807
t1,papul5j,user_989c9f742f
t1,papucx8,user_8dd6d23286
t1,papu8j2,user_9046ffb463
t1,papu6or,user_a68e96329b
t1,papu6hz,user_8dd6d23286
t1,papu552,user_7cdb036214
t1,papu55z,user_6c299c77b2
t1,paptybq,user_cf5ce68847
t1,paptpl4,user_8dd6d23286
t1,paptojn,user_92f6b2c356
t1,paptcm0,user_fc76f580e3
t1,papsd3z,user_274c9542d6
t1,paps2jv,user_85fcf59f58
t1,paprlxj,user_02eb533fe3
t1,paprayu,user_c5b6eb4bbb
t1,papqxn8,user_739c779cfa
t1,papqjox,user_8330b0831e
t1,papqjf0,user_3d1b591ec3
t1,papqheu,user_b211ea0f39
t1,papq1l9,user_50892e8136
t1,papp1xp,user_b9ea93e6b7
t1,papogm7,user_15f2ebc651
t1,papog3e,user_92277f85ff
t1,papnvw7,user_f581d086d6
t1,papnsj2,user_856c39444e
t1,papnrak,user_d003e36e6c
t1,papnjqx,user_17618c9142
t1,papnhsb,user_7c3b39a52b
t1,papncpo,user_7b1a3487a7
t1,papn7c6,user_7b1a3487a7
t1,papmz28,user_f00e409341
t1,papmoao,user_1d9de562d6
t1,papmnmg,user_970b9bc887
t1,papmnn0,user_274c9542d6
t1,papmb2u,user_63c446f3f8
t1,papmaqv,user_2071d96f67
t1,papm049,user_274c9542d6
t1,paplvq9,user_2a24b6bccc
t1,paplusl,user_48852e49d0
t1,papltzi,user_26896b22b7
t1,papltef,user_0b421249b1
t1,papleke,user_a809706b53
t1,papl8lf,user_1d9de562d6
t1,papl8in,user_ab9eda19a1
t1,papkqzh,user_274c9542d6
t1,papkmze,user_607b9af353
t1,papkjw8,user_82a483bf69
t1,papkio9,user_e985154bcf
t1,papk73d,user_72fe36852d
t1,papk4b5,user_2d82717889
t1,papk394,user_898c0d90c8
t1,papjyb6,user_1d9de562d6
t1,papjp2f,user_1ff542ca9c
t1,papjlc2,user_9ffad412c6
t1,papj3rp,user_f4ffc3514c
t1,papj0wt,user_274c9542d6
t1,papizpj,user_7e761297b1
t1,papiues,user_876a0a24d4
t1,papi6xq,user_ee31cf02a3
t1,papi4ea,user_267577d2f2
t1,paphk43,user_1d9de562d6
t1,paphfez,user_fb70fa99d9
t1,paph1kl,user_431ce34453
t1,paph0du,user_4b605b974d
t1,papgu9l,user_34e8e58168
t1,papgtjs,user_73af829f6d
t1,papgl6v,user_e799c104be
t1,papgftq,user_681ffc3931
t1,papg9uu,user_ced76654b1
t1,papg8w2,user_160d6306a6
t1,papg0sp,user_fb70fa99d9
t1,papg087,user_d9e074f025
t1,papfz4k,user_90f296c941
t1,papfv83,user_b7de6ce472
t1,papfrp8,user_274c9542d6
t1,papfrlb,user_60f9dff469
t1,papfpy7,user_71f66bcabf
t1,papffuy,user_34261c4924
t1,papffht,user_274c9542d6
t1,papes8j,user_25de63ad01
t1,papefo9,user_571cfafe4c
t1,pape6cg,user_975faea40a
t1,pape4ie,user_82a483bf69
t1,papduzg,user_1a369fb2e0
t1,papdnnj,user_cba14cee66
t1,par2z61,user_fb036c6591
t1,par2tsg,user_2be5d3b1e2
t1,par2su2,user_0fb91b8347
t1,par2rdc,user_e0cd15a4b9
t1,par2r5j,user_d983437d62
t1,par2q3w,user_3fb02c73e0
t1,par2pvw,user_3ff3fbd58f
t1,par2p2p,user_1d1b46e013
t1,par2o5z,user_ad975183b5
t1,par2me7,user_09933885bb
t1,par2k8m,user_55450165f7
t1,par2g9d,user_6e894c92cc
t1,par2fdt,user_b80be7c7f7
t1,par2e3z,user_6e894c92cc
t1,par2cm5,user_b7d910331e
t1,par29l4,user_16009a7a19
t1,par28i6,user_e0cd15a4b9
t1,par27te,user_c6c294a267
t1,par26x5,user_82a5e816f3
t1,par2481,user_0fb91b8347
t1,par22fn,user_163e9d752d
t1,par1zk0,user_3d628174a7
t1,par1xhu,user_8e8b3273bc
t1,par1mik,user_7e187e704b
t1,par1low,user_1d5d778336
t1,par1fdw,user_64b56c7fde
t1,par10r8,user_4d4aa24a0c
t1,par10hr,user_7fd62134f7
t1,par0e2m,user_6e894c92cc
t1,par0ai4,user_81fc02d711
t1,par07rw,user_b18bc960de
t1,par06ia,user_19fd4dc7b8
t1,paqzyqx,user_681ffc3931
t1,paqzp2v,user_426d4b8e46
t1,paqzlxs,user_19fd4dc7b8
t1,paqzbv5,user_7ab5feedd9
t1,paqz5cg,user_55450165f7
t1,paqz3wj,user_681ffc3931
t1,paqz2ly,user_26521e21dc
t1,paqyzu7,user_d7eb152510
t1,paqyucp,user_d7eb152510
t1,paqyr4c,user_d7eb152510
t1,paqyq2i,user_f505879516
t1,paqyiml,user_3dcf5bf54e
t1,paqy43b,user_d6180e8509
t1,paqxnxt,user_48f16ce9e8
t1,paqxnmq,user_14baac5d28
t1,paqx2pu,user_088383885c
t1,paqwtx9,user_19fd4dc7b8
t1,paqwrt2,user_7d1c8a2f0c
t1,paqw8ne,user_32cc5f4ca1
t1,paqvshe,user_2b756fbc60
t1,paqvs5w,user_681ffc3931
t1,paqvqhv,user_eea1795825
t1,paqvksx,user_1b4c399307
t1,paqv8r7,user_f5afaa0ad9
t1,paqv8kz,user_6d0c40efec
t1,paquoyi,user_3d2fc5d873
t1,paqu4ry,user_53bd1e18df
t1,paqtt78,user_288d35df17
t1,paqtn9d,user_f52e10bc6c
t1,paqtagq,user_c9ba887243
t1,paqt81f,user_d7de8799c9
t1,paqt4pc,user_ff661525f8
t1,paqt1uf,user_91f34289e1
t1,paqstsi,user_2e38365294
t1,paqsmpv,user_b62ed63076
t1,paqs8pr,user_7c4f56bf02
t1,paqs237,user_88994656e1
t1,paqry1l,user_4314e0d3a7
t1,paqrvy5,user_d94baac903
t1,paqrukr,user_20d6b91b12
t1,paqru9l,user_4314e0d3a7
t1,paqrqty,user_91a180c0a1
t1,paqrool,user_a769b69d72
t1,paqrmn5,user_c0022c20f7
t1,paqrm5i,user_4314e0d3a7
t1,paqqxvu,user_237f3e0dcd
t1,paqqw6e,user_7f9d2e88fd
t1,paqqcfu,user_274c9542d6
t1,paqptwi,user_abe962c40e
t1,paqpkap,user_2452360fd8
t1,paqpjgm,user_cdd0306b38
t1,paqpj98,user_50201ce08e
t1,paqpibu,user_7c4f56bf02
t1,paqphxo,user_abe962c40e
t1,paqpgt1,user_36f2df4ea5
t1,pat52ew,user_54e38aabe6
t1,pat52hi,user_f22ea233e2
t1,pat5258,user_6dd150dd57
t1,pat4y3q,user_6a1bc63df0
t1,pat4xhp,user_efd7d239ce
t1,pat4uof,user_1382992f34
t1,pat4u3r,user_a0b83fe94c
t1,pat4tsh,user_7e582d7011
t1,pat4sjf,user_cc1238b5c3
t1,pat4mrv,user_1382992f34
t1,pat4mhy,user_abe962c40e
t1,pat4l9g,user_607b9af353
t1,pat4kcg,user_55450165f7
t1,pat4fmo,user_c52da8002d
t1,pat4bdk,user_f1a08a791b
t1,pat47pu,user_1773958a08
t1,pat47nw,user_760d520f70
t1,pat47b3,user_0ba0627dc5
t1,pat46wc,user_e7d4d38c25
t1,pat45dg,user_527347dac6
t1,pat40wp,user_52ba048dc6
t1,pat3ubf,user_01b7ddb2d3
t1,pat3hxq,user_041ed47ef4
t1,pat3h4q,user_ba14cc9119
t1,pat3fsj,user_01b7ddb2d3
t1,pat3cdc,user_e70cc01ded
t1,pat3by3,user_041ed47ef4
t1,pat31p8,user_01b7ddb2d3
t1,pat2zy3,user_a57c1675fd
t1,pat2y4y,user_c9b22e7c54
t1,pat2usm,user_adb9480d3d
t1,pat2tfo,user_607b9af353
t1,pat2ryt,user_b8ca78dd98
t1,pat2nsb,user_7382f31c3b
t1,pat2l6p,user_1fb5398a96
t1,pat2gpp,user_20a64470a7
t1,pat2df0,user_01b7ddb2d3
t1,pat27zp,user_43b19f6856
t1,pat1y5r,user_9ed2c0d974
t1,pat1y8z,user_c030210f19
t1,pat1y31,user_73e31ce678
t1,pat1wsb,user_9c2ee56db6
t1,pat1v8w,user_333f41ef3c
t1,pat1srf,user_683f687c12
t1,pat1ry1,user_676325fd7d
t1,pat1rd9,user_5d0f6e6cf4
t1,pat1j77,user_da9f0598ea
t1,pat1ijx,user_7a2892c08f
t1,pat1h76,user_4c1de28463
t1,pat1enz,user_d5b5b7d16b
t1,pat19f7,user_59b4ace81a
t1,pat14rx,user_2c83dba42a
t1,pat0yo8,user_1db8a6089c
t1,pat0xlr,user_f19b48abda
t1,pat0ueh,user_657fbd80ce
t1,pat0tqm,user_4c1de28463
t1,pat0of1,user_4c1de28463
t1,pat0ir8,user_b1dd9d1f4f
t1,pat0h79,user_06f2d79e4c
t1,pat0fxu,user_ae1be3eae2
t1,pat0cm2,user_11dfcb80a9
t1,pat0cc2,user_dc3d634832
t1,pat0adp,user_20e230028e
t1,pat08ua,user_06f2d79e4c
t1,pat08ed,user_456eed72d2
t1,pat034o,user_3eb706a8a6
t1,pat02gf,user_74631e9af4
t1,paszx8d,user_4c1de28463
t1,paszwco,user_6ffa936108
t1,paszw25,user_d11de029bd
t1,paszvco,user_f5a984a93b
t1,paszu8u,user_53b4b8db11
t1,paszpuj,user_d4ca5955fe
t1,paszpvi,user_45701e5a5b
t1,paszl8y,user_f5a984a93b
t1,paszhld,user_b939ba9981
t1,paszhcu,user_c3af084727
t1,pasz9n3,user_2086c2eece
t1,pasz94y,user_61ee84803d
t1,pasz6tz,user_b3066a6c7c
t1,pasz63d,user_7138672f5d
t1,pasyzng,user_d5b5b7d16b
t1,pasyxqu,user_830b51832f
t1,pasytoq,user_b955616cfd
t1,pav4xlm,user_4202f7c7a3
t1,pav4rmz,user_4c924701c9
t1,pav4m95,user_bd19ed4ef2
t1,pav40ms,user_ffd879133a
t1,pav3qlw,user_4dfcddcec6
t1,pav3h1q,user_64df3e25b9
t1,pav3fih,user_701df8d5ee
t1,pav3eu6,user_f0b531384e
t1,pav32sp,user_f8c04da977
t1,pav2oqa,user_aea92b1de1
t1,pav2kpn,user_969713c734
t1,pav239n,user_18ed5ffc81
t1,pav1v07,user_f4263d634a
t1,pav15k2,user_6968ed24c1
t1,pav0mel,user_406d4e59aa
t1,pav0kvl,user_d4bb540627
t1,pav0klc,user_1ca8deb1cd
t1,pav0hyi,user_830b51832f
t1,pav0gxa,user_b9065a664b
t1,pav0don,user_1d5dcde4e0
t1,pav0c3z,user_888d349c19
t1,pav07fn,user_52c7233f43
t1,pav0737,user_125dc3bf79
t1,pav03ui,user_6d14a4d57a
t1,pav03o9,user_37f49bdb0d
t1,pav00kg,user_2ae9295b56
t1,pauzxxs,user_6d14a4d57a
t1,pauzuad,user_e6340a87d8
t1,pauzlvr,user_6d14a4d57a
t1,pauzj2q,user_c7655c6ebe
t1,pauzf61,user_2109f886bd
t1,pauz9i3,user_2109f886bd
t1,pauyt9m,user_8ce427048f
t1,pauym3l,user_2109f886bd
t1,pauylym,user_2fd901802f
t1,pauyd5s,user_2fd901802f
t1,pauyafu,user_e14aa10386
t1,pauy9yy,user_2686e0b24f
t1,pauy99o,user_470cfa185f
t1,pauy77d,user_a5790f2981
t1,pauy6hw,user_2a095c84c9
t1,pauy0qa,user_e14aa10386
t1,pauxz2p,user_3b0509c3a4
t1,pauxwwb,user_67746158c7
t1,pauxu29,user_16c4e292f6
t1,pauxsqq,user_e14aa10386
t1,pauxilm,user_006be186c0
t1,pauxeyd,user_f5a984a93b
t1,pauxcwe,user_8c10224653
t1,pauxbky,user_7b5267142a
t1,paux8ra,user_c662ea5836
t1,paux3e9,user_f0ec4642e0
t1,pauwxt2,user_197bbda5e2
t1,pauww58,user_1fba9014d3
t1,pauwrss,user_fd5f029435
t1,pauwpsu,user_a6a41557d4
t1,pauwmj1,user_be1f45d66f
t1,pauwfnp,user_1f71747665
t1,pauwf0u,user_9a02364ad8
t1,pauvx52,user_2573384390
t1,pauvpz5,user_249de8151a
t1,pauvnlu,user_31441eaafe
t1,pauvmmi,user_3d05eab8af
t1,pauvl6u,user_594c85f4a4
t1,pauvkq3,user_ed758a892b
t1,pauvge9,user_ff029dd100
t1,pauvgab,user_4e51d32376
t1,pauv6jp,user_5cb16b51d9
t1,pauv120,user_797dc3b683
t1,pauuzxp,user_63275a9311
t1,pauuw3a,user_5056171117
t1,pauuti2,user_66a5c29cc5
t1,pauuqmx,user_6942e51a31
t1,pauunh4,user_106126ae2a
t1,pauulru,user_cde7dbeca7
t1,pauuk9u,user_fdcee0d213
t1,pauuj9z,user_71d2b6dd6f
t1,pauue5l,user_11f3d8f9ce
t1,pauu8rx,user_ebae3e2740
t1,pauu8et,user_67746158c7
t1,pauu1hg,user_74222284f6
t1,pauty9x,user_2573384390
t1,pautw32,user_71dec5d228
t1,pauttrd,user_796be0ce3c
t1,pautsti,user_febbd061bb
t1,pautg2a,user_c610725929
t1,pautf4y,user_097d33e2de
t1,paut8pg,user_006be186c0
t1,pawr2or,user_e7263dd22e
t1,pawqxcn,user_c02fb7cc14
t1,pawqqnx,user_36f2df4ea5
t1,pawql77,user_390dd7c090
t1,pawqjca,user_380eb41a2c
t1,pawqg41,user_b3303febd4
t1,pawq68e,user_ed0c968bb0
t1,pawq3vs,user_380eb41a2c
t1,pawq1t3,user_fcd2be3960
t1,pawpy65,user_5723e80308
t1,pawpusn,user_94c030e69e
t1,pawpu8d,user_d166083fb5
t1,pawptwk,user_2e011dda35
t1,pawptk8,user_244af1915b
t1,pawps8j,user_47285aac60
t1,pawpov1,user_380eb41a2c
t1,pawpk3v,user_e2f0598b61
t1,pawp6iu,user_ea651c6c77
t1,pawp4ly,user_f1e543fe99
t1,pawoxq3,user_482e544b5d
t1,pawoxgg,user_0cdb018095
t1,pawovk9,user_5018c3c32b
t1,pawohit,user_db4e4046b8
t1,pawoff1,user_fcd2be3960
t1,pawodkb,user_3994a4ab18
t1,pawoaur,user_c74a4dbf74
t1,pawoaow,user_095badaa15
t1,pawo3yf,user_3994a4ab18
t1,pawnx9p,user_f429eb34f0
t1,pawnwxq,user_a04d309483
t1,pawnwow,user_c74a4dbf74
t1,pawntk2,user_32f14bf9d6
t1,pawnrnn,user_c5f5cb9b77
t1,pawnp1u,user_4f9aa2b780
t1,pawnhqn,user_23ec49ee88
t1,pawnawz,user_bc6532028e
t1,pawn5xt,user_35b7d36454
t1,pawn372,user_0d25bb0866
t1,pawmwuj,user_7b1ddff4de
t1,pawmw6i,user_810f910b6b
t1,pawmv5f,user_698c2fe35f
t1,pawmtk8,user_9fe519593e
t1,pawmjpc,user_600ffc2f88
t1,pawmg62,user_2d82717889
t1,pawmb7m,user_202152053d
t1,pawlzsr,user_f5afaa0ad9
t1,pawlou1,user_e312e26b0c
t1,pawlhxb,user_354a3ef161
t1,pawlh90,user_483ce7d6a3
t1,pawlawd,user_febea4a987
t1,pawla0m,user_53c87c24b3
t1,pawkzw5,user_94bb57226b
t1,pawky3z,user_98b04b5fa6
t1,pawkmw0,user_f66f5ddcfe
t1,pawkdyi,user_23ec49ee88
t1,pawjz2l,user_1dd4d616ed
t1,pawjo2t,user_c2214f82f9
t1,pawjmts,user_738a6c0712
t1,pawjiar,user_335c250fb9
t1,pawjhlh,user_23cd6d0b1d
t1,pawjd95,user_47285aac60
t1,pawj9wc,user_dd0ddd7f7b
t1,pawj0w7,user_f1fdfbcfc5
t1,pawj02l,user_9643be7068
t1,pawiuqa,user_59b60f4497
t1,pawitv6,user_6afdcc6afb
t1,pawirox,user_15d9d2ae81
t1,pawir7w,user_2303e6eb59
t1,pawipwz,user_af6db192c9
t1,pawipqo,user_256185035b
t1,pawimy2,user_01eb12684e
t1,pawimr8,user_8e0ef0703f
t1,pawimct,user_c7974c89c3
t1,pawil7v,user_a34e51faba
t1,pawil4g,user_23cd6d0b1d
t1,pawikb0,user_af6db192c9
t1,pawijsm,user_7a1e43a7a5
t1,pawif6n,user_0007e5a472
t1,pawidro,user_256185035b
t1,pawidiy,user_af6db192c9
t1,pawibo1,user_2303e6eb59
t1,pawiamt,user_a34e51faba
t1,pawial1,user_47f8f7a7f1
t1,pawi8hk,user_6afdcc6afb
t1,pawi0wm,user_81daa305e1
t1,pawhwxr,user_3b3eec5218
t1,pawhvrw,user_be5e3aa78e
t1,pawhom8,user_965cc15c6b
t1,pay08hp,user_06b4e5d071
t1,pay07t1,user_278d321094
t1,pay0733,user_af6db192c9
t1,paxzx9s,user_dde5a32083
t1,paxzqvz,user_fd9e4ae058
t1,paxzp7u,user_c6610002c3
t1,paxzonm,user_cd04af5ad6
t1,paxzifz,user_af6db192c9
t1,paxzek0,user_461e35e339
t1,paxzapc,user_1ff3737f87
t1,paxza3r,user_54fbad909c
t1,paxynew,user_ffb8fba011
t1,paxyk8s,user_80cc0fbbb9
t1,paxyd8d,user_d85b670313
t1,paxxxv3,user_44c0f23123
t1,paxxx4y,user_85915533f2
t1,paxxqjn,user_45a3f1ea2f
t1,paxxeg3,user_6947e0f18d
t1,paxxcym,user_74bf4db037
t1,paxx8ub,user_e2dcb11777
t1,paxx6vi,user_051d6576e0
t1,paxx55z,user_5c9e5fbc7b
t1,paxwxwp,user_80b6f13d2d
t1,paxwufb,user_d709b2deea
t1,paxwqse,user_c0022c20f7
t1,paxwmj9,user_c0022c20f7
t1,paxvtpj,user_c0022c20f7
t1,paxvkox,user_f45d376ce7
t1,paxvkhd,user_9969e394b4
t1,paxvijs,user_97edef208b
t1,paxvfdq,user_3394c8159a
t1,paxv5x9,user_7211448780
t1,paxui3f,user_0fe855dc9d
t1,paxu83p,user_9a868fb93a
t1,paxu6kq,user_e61da2768b
t1,paxu2gv,user_7f08ce08f4
t1,paxu293,user_0ad997abc9
t1,paxsh6w,user_d4d8624d74
t1,paxse07,user_d2d0062a61
t1,paxs9eh,user_a7bef43d09
t1,paxs313,user_bb8c9914de
t1,paxs2qc,user_20c6a0043a
t1,paxrs4z,user_f726a16ae6
t1,paxrkij,user_d03b6d7016
t1,paxrfoe,user_50ad7391b5
t1,paxqwsw,user_27b873754a
t1,paxqbc2,user_77e02508b6
t1,paxqaiu,user_8de9c0cff3
t1,paxq7pq,user_d03b6d7016
t1,paxq6hu,user_27b873754a
t1,paxq3q8,user_7d897c54b9
t1,paxq25d,user_27b873754a
t1,paxq0uw,user_d6829b15ab
t1,paxq04p,user_a8a4b848e5
t1,paxpz9r,user_d03b6d7016
t1,paxpxbm,user_27b873754a
t1,paxpsq7,user_ee71830bce
t1,paxpqur,user_9cb951c729
t1,paxpo2a,user_e33fef9eba
t1,paxpneg,user_77e02508b6
t1,paxpj6d,user_aaea642dab
t1,paxphv2,user_a8a4b848e5
t1,paxpdgv,user_e33fef9eba
t1,paxp968,user_09fb35358c
t1,paxp8il,user_5c9e5fbc7b
t1,paxp254,user_787db25b68
t1,paxowgl,user_daaa24197e
t1,paxoveu,user_787db25b68
t1,paxovfx,user_6497e6d458
t1,paxofpb,user_d03b6d7016
t1,paxo61d,user_6037bd2637
t1,paxo5tt,user_9b220d17ae
t1,paxo11j,user_38e41b4df1
t1,paxnya1,user_339e69d524
t1,paxnxlm,user_762e3f3f6b
t1,paxnt9a,user_9e0aa3cbbb
t1,paxnsjz,user_069a01c05b
t1,paxnldb,user_ab69f59a4c
t1,paxn912,user_6a3aab8e74
t1,paxn7vo,user_56f163167d
t1,paxn3f9,user_d0f5e15f3a
t1,pb06ecu,user_3ab7d4d872
t1,pb06ady,user_e5f60af455
t1,pb0674y,user_ca07899793
t1,pb064gu,user_01da22b7e5
t1,pb060vh,user_9484631fb6
t1,pb05xch,user_7f2ac59622
t1,pb05ly9,user_d791a9f040
t1,pb05jl0,user_b80be7c7f7
t1,pb05fsl,user_6f026e410b
t1,pb05esd,user_ca07899793
t1,pb0558v,user_b7e358ff74
t1,pb051kh,user_545dfb8e9d
t1,pb050ef,user_ce76a1d4e0
t1,pb04z65,user_25171d851c
t1,pb04xu3,user_41c6a18760
t1,pb04n3j,user_4611aeb07d
t1,pb04mw4,user_7f2ac59622
t1,pb04hv5,user_e9f558ab85
t1,pb04h10,user_ca07899793
t1,pb04god,user_e985261558
t1,pb04fri,user_9d1080c6a1
t1,pb043lc,user_ed6d9f522b
t1,pb043hz,user_b11d261c58
t1,pb03xmd,user_1db8a6089c
t1,pb03wo5,user_8fcd03ed3e
t1,pb03rjc,user_5a79124a2b
t1,pb03npn,user_ca07899793
t1,pb03k5p,user_cd2e6d500e
t1,pb03glp,user_5fe3a767a1
t1,pb03boe,user_15eceee3ce
t1,pb03815,user_290b1c6b81
t1,pb030rv,user_6b737b1bc5
t1,pb02zxg,user_b11d261c58
t1,pb02wkr,user_0b015af6dd
t1,pb02h1v,user_2163c07394
t1,pb02fwr,user_8adcc613c5
t1,pb02d09,user_703d0f2fcc
t1,pb02cny,user_07c562fdc6
t1,pb028c8,user_3144004f71
t1,pb0256q,user_545dfb8e9d
t1,pb0203l,user_cad443a973
t1,pb01zv6,user_66a5c29cc5
t1,pb01sxt,user_ce5b9b8e47
t1,pb01qre,user_7075269379
t1,pb01m83,user_7f2ac59622
t1,pb01lbl,user_db2554a118
t1,pb01jwl,user_1dd35f0367
t1,pb01gz8,user_1db8a6089c
t1,pb01gyq,user_2c8890d70c
t1,pb0195t,user_051d6576e0
t1,pb015os,user_875adf7443
t1,pb015e9,user_9595ca1490
t1,pb010bu,user_8fcd03ed3e
t1,pb00o8y,user_48a2be5221
t1,pb00nxd,user_b3233c0951
t1,pb00k55,user_db2554a118
t1,pb00h7z,user_1db8a6089c
t1,pb00cle,user_7f2ac59622
t1,pb00bpb,user_7cdb036214
t1,pb00ar4,user_87c578ae21
t1,pb008xm,user_545dfb8e9d
t1,pb007w2,user_051834d698
t1,pb007mw,user_1db8a6089c
t1,pb0040q,user_290b1c6b81
t1,pb003mc,user_ba02641d4f
t1,pazzxtz,user_21fa7d0ee3
t1,pazzww9,user_34db307c7f
t1,pazzkqn,user_b1b14fea27
t1,pazzjlw,user_1db8a6089c
t1,pazzjig,user_77d9c62e15
t1,pazzgmh,user_b1b14fea27
t1,pazzd3h,user_ebd7d97222
t1,pazz7zu,user_b23de08c49
t1,pazyuy7,user_1db8a6089c
t1,pazypuh,user_b4ca6b0815
t1,pazyned,user_815b3586fb
t1,pazye26,user_703f309776
t1,pazyd39,user_7621355e7f
t1,pazy53s,user_97c071e5c6
t1,pazxx5e,user_ad220939b4
t1,pazxi0w,user_6c3065c453
t1,pazx29a,user_6c3065c453
t1,pazwvav,user_fcfec0c85d
t1,pazwp3v,user_c266ac17ea
t1,pb2eu6c,user_aca5c61de9
t1,pb2etyl,user_ea6e0d5446
t1,pb2eorr,user_2b4f1da654
t1,pb2efwb,user_7ca3e22e1d
t1,pb2eccb,user_43260ec600
t1,pb2eas6,user_9b2f568c74
t1,pb2e88c,user_d983437d62
t1,pb2doyc,user_b35e7ec212
t1,pb2dos9,user_f5afaa0ad9
t1,pb2dbfd,user_309c5dddc8
t1,pb2d845,user_4692d76cb9
t1,pb2d6vn,user_3d3bf1802f
t1,pb2cy9z,user_740773dcc0
t1,pb2cvqs,user_b0300765ff
t1,pb2cv8u,user_956d8af986
t1,pb2ctk9,user_e7c6f99159
t1,pb2cpjl,user_75954a51c0
t1,pb2cp7b,user_b0300765ff
t1,pb2cjz1,user_f57701672e
t1,pb2cgdq,user_8012d51bbc
t1,pb2cc95,user_abb9ca9ce2
t1,pb2c7nj,user_740773dcc0
t1,pb2c24p,user_7341b2127d
t1,pb2byz2,user_1676383fd4
t1,pb2bqpe,user_b0300765ff
t1,pb2bnr1,user_b0300765ff
t1,pb2bews,user_3d3bf1802f
t1,pb2beso,user_32969d4afe
t1,pb2b8a9,user_4ea17129ba
t1,pb2atv3,user_9192a95ce3
t1,pb2asju,user_0c8b9a2842
t1,pb2art5,user_fd048962c2
t1,pb2andl,user_364d8e0bfc
t1,pb2an5s,user_0c8b9a2842
t1,pb2aly9,user_8012d51bbc
t1,pb2ajko,user_792cd124ff
t1,pb2a8f3,user_0c8b9a2842
t1,pb2a4qy,user_110834777e
t1,pb2a4ny,user_32969d4afe
t1,pb29uhp,user_f5797d3136
t1,pb29u7n,user_797dc3b683
t1,pb29oep,user_797dc3b683
t1,pb29mqt,user_ca98d06d4e
t1,pb29gc8,user_792cd124ff
t1,pb295ij,user_39f89001f0
t1,pb291xz,user_fd048962c2
t1,pb290tb,user_b3233c0951
t1,pb28u6i,user_a4a7033587
t1,pb28ouf,user_d9e97c3f49
t1,pb28e5f,user_b128c1fdea
t1,pb27lao,user_91a180c0a1
t1,pb27hpo,user_0fe855dc9d
t1,pb26y8a,user_1086614911
t1,pb26wjb,user_9b2f568c74
t1,pb26e82,user_17b64c735a
t1,pb26161,user_41003e72e2
t1,pb260yw,user_f3c51c47ad
t1,pb25vvw,user_a56b2f83af
t1,pb25hp8,user_6ee0e64618
t1,pb25cac,user_3351e5f5c2
t1,pb24ydj,user_575448758c
t1,pb24u4r,user_ff029dd100
t1,pb24q3s,user_f3c51c47ad
t1,pb24o7t,user_7d59dbd191
t1,pb24kkr,user_3b0509c3a4
t1,pb2412b,user_8ced13fcc2
t1,pb23yq3,user_446b97a25e
t1,pb23onp,user_d28ffae55f
t1,pb23h91,user_d8de650198
t1,pb235nq,user_1dd35f0367
t1,pb22dpw,user_a1eef29837
t1,pb21ldg,user_f07eec4406
t1,pb21kcl,user_aa5fed8a62
t1,pb21jum,user_692337a1f7
t1,pb20xfn,user_277c229b6f
t1,pb20u2u,user_35c889febb
t1,pb20lsy,user_8570942cdd
t1,pb200ql,user_8e0ab8a239
t1,pb1zzff,user_b4a8d973cd
t1,pb1zyjw,user_125dc3bf79
t1,pb1zh99,user_952aafd6dd
t1,pb1z895,user_e2e58b5580
t1,pb1yzlh,user_268fc475ca
t1,pb1yjz5,user_7341b2127d
t1,pb1ygjj,user_aa5fed8a62
t1,pb1yd9c,user_0fe855dc9d
t1,pb1y6qi,user_fd048962c2
t1,pb1y5y7,user_a51737271d
t1,pb41010,user_1d5d778336
t1,pb40yg8,user_33a83cdae8
t1,pb40vlw,user_0e2ca1fb4b
t1,pb40ue9,user_1d5d778336
t1,pb40ubj,user_73ed3f2e4f
t1,pb40td1,user_66713638f4
t1,pb40rng,user_0e2ca1fb4b
t1,pb40mha,user_0e2ca1fb4b
t1,pb40fc3,user_22a9b500ad
t1,pb40eea,user_6be20cd941
t1,pb40ecm,user_859c601cd7
t1,pb408pf,user_859c601cd7
t1,pb407c6,user_48ae1ab094
t1,pb406kj,user_d61650973d
t1,pb40674,user_3a9483fd40
t1,pb403vn,user_859c601cd7
t1,pb40128,user_5459184aed
t1,pb400co,user_eee252a248
t1,pb3zywn,user_859c601cd7
t1,pb3zy5i,user_ea3342dbd4
t1,pb3zxf1,user_77445d1d44
t1,pb3zw0l,user_859c601cd7
t1,pb3ztc4,user_ff9c25577e
t1,pb3zozy,user_ddaf84fc5d
t1,pb3zo9k,user_4866b15993
t1,pb3zo2f,user_33a83cdae8
t1,pb3zm20,user_0bbc0bfc6b
t1,pb3zlzq,user_fb32118d62
t1,pb3zfuj,user_77445d1d44
t1,pb3zfvx,user_e971ff22b5
t1,pb3zb13,user_cac4161293
t1,pb3z9sl,user_b12c62d625
t1,pb3z6wr,user_2f02cb8494
t1,pb3z682,user_ddaf84fc5d
t1,pb3z06h,user_fb32118d62
t1,pb3z00r,user_ea3342dbd4
t1,pb3yzus,user_21e87ed3cc
t1,pb3yyht,user_1a2e294c4f
t1,pb3yx59,user_79356fb362
t1,pb3ypsf,user_ebd9891ac9
t1,pb3yp6f,user_66713638f4
t1,pb3ymlp,user_ff9c25577e
t1,pb3yj20,user_ee6b561dea
t1,pb3yhbs,user_ea3342dbd4
t1,pb3ygn0,user_b9b142b62b
t1,pb3ygj1,user_8b996a4f85
t1,pb3yawx,user_2f02cb8494
t1,pb3ya51,user_ea3342dbd4
t1,pb3y6xv,user_33a83cdae8
t1,pb3y1dx,user_76f56ec15a
t1,pb3y1fa,user_ea3342dbd4
t1,pb3xyko,user_3a41294e62
t1,pb3xyew,user_2f19cd35a8
t1,pb3xt28,user_41873f0b40
t1,pb3xs1n,user_7eb4900218
t1,pb3xrye,user_d125888b70
t1,pb3xrdy,user_66713638f4
t1,pb3xr3s,user_2fcc505f7d
t1,pb3xqig,user_dc240cf353
t1,pb3xpvk,user_3a9483fd40
t1,pb3xn97,user_a43b4361be
t1,pb3xll8,user_1d5d778336
t1,pb3xl66,user_f4869c6eb2
t1,pb3xjb6,user_f01c0c3838
t1,pb3xizu,user_77445d1d44
t1,pb3xd45,user_ea3342dbd4
t1,pb3x992,user_ea3342dbd4
t1,pb3x6g5,user_66713638f4
t1,pb3x65x,user_a04de32078
t1,pb3x3g2,user_ef4eabeb91
t1,pb3x0p6,user_1d5d778336
t1,pb3wyka,user_ea3342dbd4
t1,pb3wwqn,user_3a9483fd40
t1,pb3ww74,user_19b3b8f115
t1,pb3wscg,user_3a9483fd40
t1,pb3wqxa,user_0e8d9b1a62
t1,pb3woy1,user_47332ee4a8
t1,pb3wmim,user_acd5ed70b0
t1,pb3wm45,user_cd0bc40f9b
t1,pb3wjup,user_912561c731
t1,pb3weng,user_6a10053e62
t1,pb3web0,user_77445d1d44
t1,pb3wdek,user_ba3b2ed5f5
t1,pb3wd6t,user_0c8b9a2842
t1,pb3wb3l,user_6146e666ad
t1,pb3wano,user_3a9483fd40
t1,pb3waer,user_a99640c79a
t1,pb3w7an,user_e14aa10386
t1,pb5ajwh,user_0010d2e5cd
t1,pb5aicw,user_c30466dce0
t1,pb5ah6x,user_bdb6778dc6
t1,pb5agvq,user_e9d16bd6a9
t1,pb5agks,user_4e1a62246d
t1,pb5ag6b,user_c30466dce0
t1,pb5adws,user_b3233c0951
t1,pb5ac95,user_f8ee0a06c9
t1,pb5aabt,user_2fd901802f
t1,pb5a825,user_3ff55b72f2
t1,pb5a5sw,user_35e1c42a95
t1,pb5a5j1,user_10eaf84661
t1,pb5a3pf,user_1ab076b2a7
t1,pb5a2xt,user_affe903133
t1,pb5a0j7,user_2fd901802f
t1,pb59x12,user_b3233c0951
t1,pb59v2y,user_545dfb8e9d
t1,pb59uoj,user_b26db7872e
t1,pb59u0u,user_1fee9bf75a
t1,pb59quh,user_da64ea6e06
t1,pb59mx9,user_1ab076b2a7
t1,pb59jq3,user_b001e5c868
t1,pb59iec,user_2fd901802f
t1,pb59ibp,user_10eaf84661
t1,pb59i9o,user_cf2da91c38
t1,pb59dwr,user_c486d24af7
t1,pb59dln,user_46a0fd9d1b
t1,pb59cp4,user_960e318bf9
t1,pb59b4s,user_dcebc7fc1a
t1,pb59ard,user_e2e0ecefb9
t1,pb5993q,user_8700527e63
t1,pb598tr,user_77445d1d44
t1,pb597jd,user_b001e5c868
t1,pb597a6,user_9ca1cd21a0
t1,pb59594,user_c9d2ab8a2d
t1,pb5930n,user_141c81a6f4
t1,pb592fe,user_f117f76c59
t1,pb591gv,user_545dfb8e9d
t1,pb58zk8,user_9fb3090d48
t1,pb58vgn,user_0ad997abc9
t1,pb58v3v,user_7247b70c17
t1,pb58utz,user_731c4a8f31
t1,pb58sbp,user_9ce8f97f72
t1,pb58q01,user_7b19efd4f2
t1,pb58o0v,user_fc1d82bfa6
t1,pb58l8u,user_eab0ecff83
t1,pb58g2x,user_ce69bda37f
t1,pb58ec4,user_db51cabe7f
t1,pb58dx4,user_9126ce7283
t1,pb58bxe,user_8e12f41769
t1,pb58aez,user_00979774dd
t1,pb5894n,user_fc1d82bfa6
t1,pb583ux,user_0e7eae4461
t1,pb583br,user_c9d2ab8a2d
t1,pb580jb,user_1cae9a8b4e
t1,pb57zdw,user_dfbb858c64
t1,pb57ye9,user_f33574cc00
t1,pb57xbp,user_fc1d82bfa6
t1,pb57txm,user_c305a4a49e
t1,pb57rxb,user_5c7a0e3791
t1,pb57raz,user_0e7eae4461
t1,pb57npp,user_fc1d82bfa6
t1,pb57gmn,user_c8df675fb7
t1,pb57f8e,user_a45fb6a539
t1,pb57djn,user_ac80cbdc7c
t1,pb57d5h,user_99c7ffbfa4
t1,pb579ut,user_c5b9697e4d
t1,pb578qn,user_7109b0be25
t1,pb573h4,user_1ab076b2a7
t1,pb5728b,user_d84f77a791
t1,pb56zqo,user_27b05dd04d
t1,pb56sgs,user_c3461bb22d
t1,pb56qeu,user_4b6714099c
t1,pb56p23,user_5c7a0e3791
t1,pb56ovu,user_559461ca01
t1,pb56nn5,user_c0022c20f7
t1,pb56lyv,user_99e0085ac1
t1,pb56lv6,user_c0022c20f7
t1,pb56k6l,user_51678b80bc
t1,pb56ijk,user_7e6929f276
t1,pb56dk1,user_c5b9697e4d
t1,pb568qi,user_2fd901802f
t1,pb567i8,user_3b549f07e1
t1,pb5671p,user_fa6c5327ad
t1,pb564m8,user_b56ae45ab1
t1,pb564ef,user_3c94d3359e
t1,pb562z1,user_2fd901802f
t1,pb56270,user_c5b9697e4d
t1,pb5624x,user_a5e9762627
t1,pb7ixbu,user_728d941864
t1,pb7ix5g,user_50201ce08e
t1,pb7iwok,user_e92d2fbfff
t1,pb7iv24,user_6b786b9c33
t1,pb7iutf,user_eb0b2393a1
t1,pb7itsp,user_7f2ac59622
t1,pb7ilqz,user_e985154bcf
t1,pb7ikhc,user_730bc9690c
t1,pb7ikbt,user_b38a876d0b
t1,pb7ijmm,user_74aaec46e6
t1,pb7ij74,user_89dc76bfec
t1,pb7iiun,user_cc13d92743
t1,pb7iit4,user_77fbcf34a5
t1,pb7iik3,user_952aafd6dd
t1,pb7ii0t,user_e985154bcf
t1,pb7idri,user_a25da544dc
t1,pb7ic3f,user_ec4d27a683
t1,pb7ibuq,user_2b2aeed5cd
t1,pb7i9bp,user_7eb4900218
t1,pb7i8nc,user_e337f810aa
t1,pb7i7or,user_90cb06f1aa
t1,pb7i6c9,user_993bbde0c5
t1,pb7i5x9,user_4d421bcb8b
t1,pb7i4ok,user_a25da544dc
t1,pb7i30l,user_2b2aeed5cd
t1,pb7hvkc,user_6b786b9c33
t1,pb7hvdm,user_b8ca78dd98
t1,pb7husk,user_f1a9484171
t1,pb7hu69,user_e62751161c
t1,pb7hsl7,user_a25da544dc
t1,pb7hrgn,user_d7d2ea3f75
t1,pb7hozh,user_952aafd6dd
t1,pb7hlt0,user_b397429c0f
t1,pb7hkn9,user_75fdd874fa
t1,pb7hk7l,user_6e1456d84b
t1,pb7hfat,user_035db17eeb
t1,pb7hdxw,user_f127be98e9
t1,pb7hdkz,user_364d8e0bfc
t1,pb7hbkh,user_61daa33287
t1,pb7h80p,user_d5324aec0c
t1,pb7h7bm,user_7773b27c7a
t1,pb7h46l,user_338e6d5f1e
t1,pb7h3rz,user_9a7efa088b
t1,pb7h3br,user_48fdcf70b6
t1,pb7h2y2,user_85027e01d5
t1,pb7h28m,user_d8d7e54b98
t1,pb7gzng,user_80d18562ac
t1,pb7gy1j,user_ed6d9f522b
t1,pb7gwso,user_c9d2ab8a2d
t1,pb7gudg,user_2503cb0b39
t1,pb7gt9t,user_d8d7e54b98
t1,pb7gsqi,user_c50652195a
t1,pb7grrt,user_a25da544dc
t1,pb7gr1g,user_8a19791bac
t1,pb7gq73,user_48f16ce9e8
t1,pb7gogc,user_8fb52f2a25
t1,pb7glgz,user_a25da544dc
t1,pb7ggf7,user_f061897fc8
t1,pb7gefd,user_6fb66d3816
t1,pb7gctt,user_48fdcf70b6
t1,pb7gcmy,user_6855928387
t1,pb7gbbg,user_a25da544dc
t1,pb7g9zf,user_c31a326a96
t1,pb7g87o,user_d5ffccfd9b
t1,pb7g82e,user_2e8c0357bf
t1,pb7g55h,user_f33574cc00
t1,pb7g372,user_a089196869
t1,pb7g1c9,user_34db307c7f
t1,pb7g0zk,user_50201ce08e
t1,pb7g0ol,user_08c7c0e40e
t1,pb7fzgm,user_1e8f425fee
t1,pb7fwd6,user_f5faa05586
t1,pb7ftjc,user_e97dfec083
t1,pb7fq56,user_1165db77da
t1,pb7fove,user_8aaddad365
t1,pb7fo8j,user_e89aecec52
t1,pb7fmwj,user_e985154bcf
t1,pb7fmfw,user_50201ce08e
t1,pb7flqq,user_ea9bfe9bd2
t1,pb7fljh,user_9d948a0ad6
t1,pb7fj1b,user_8bc2fa583b
t1,pb7fj0n,user_177b8c57d1
t1,pb7fiec,user_50201ce08e
t1,pb7fh91,user_f127be98e9
t1,pb7ffrc,user_6a26175055
t1,pb9p3vg,user_97b90f0791
t1,pb9oxtu,user_6292de9399
t1,pb9oxdc,user_c911829bd8
t1,pb9oxdw,user_ee3eb470b5
t1,pb9ow36,user_97b90f0791
t1,pb9ove4,user_3728924142
t1,pb9ott9,user_48fdcf70b6
t1,pb9osux,user_e1f2fb36a9
t1,pb9or7f,user_58ca0bdf2c
t1,pb9ojnf,user_bfe2f9e6eb
t1,pb9ojgw,user_c9553eab2d
t1,pb9oj02,user_797dc3b683
t1,pb9oihi,user_6159c7c5d6
t1,pb9of0n,user_7a6969b07d
t1,pb9odm4,user_e61da2768b
t1,pb9oaz3,user_629e9d3573
t1,pb9oa6u,user_462409dc5a
t1,pb9oa5l,user_97b90f0791
t1,pb9o94v,user_594c85f4a4
t1,pb9o6fl,user_bb47a12658
t1,pb9o5r1,user_2beb56050e
t1,pb9o2ct,user_101b7d582f
t1,pb9ny85,user_3d206ab737
t1,pb9nw00,user_cf6f6420dc
t1,pb9nvmz,user_797dc3b683
t1,pb9ntmq,user_451f5ca8e4
t1,pb9nt8o,user_f5cfd827c2
t1,pb9ns0m,user_8944bda0eb
t1,pb9nodo,user_b3233c0951
t1,pb9noe4,user_d5324aec0c
t1,pb9nc95,user_af078de613
t1,pb9nabj,user_c76fb41e7f
t1,pb9n7ky,user_7b1487ec45
t1,pb9n67o,user_90a7f2ea0a
t1,pb9mz0d,user_b3233c0951
t1,pb9myxp,user_babb7941fb
t1,pb9mx9w,user_0e4039b245
t1,pb9mxbi,user_56c82ff34b
t1,pb9mw8d,user_141c81a6f4
t1,pb9mudw,user_a737c73c68
t1,pb9mm19,user_594c85f4a4
t1,pb9mkze,user_38c035089b
t1,pb9mk9e,user_c3267897a4
t1,pb9mj20,user_36db44b7ce
t1,pb9mg9v,user_b3233c0951
t1,pb9mg3l,user_36db44b7ce
t1,pb9mejk,user_4ef127aeed
t1,pb9mdp6,user_50ad7391b5
t1,pb9md4a,user_72fd37d003
t1,pb9md1f,user_36db44b7ce
t1,pb9mbsw,user_8944bda0eb
t1,pb9m7od,user_8944bda0eb
t1,pb9m7mm,user_b3233c0951
t1,pb9m3a8,user_36db44b7ce
t1,pb9m2yw,user_fff6195472
t1,pb9m0ld,user_8d5a86de65
t1,pb9m0e0,user_cf379b4106
t1,pb9m01x,user_c00bb35609
t1,pb9lxig,user_36db44b7ce
t1,pb9lox0,user_4d6589bb70
t1,pb9lmno,user_db073e69c3
t1,pb9likk,user_36db44b7ce
t1,pb9lhor,user_b7d08b16c6
t1,pb9lc6u,user_93ea981097
t1,pb9lahq,user_f220334a7b
t1,pb9l5mn,user_36db44b7ce
t1,pb9l00t,user_18933289a0
t1,pb9kxdo,user_36db44b7ce
t1,pb9kwlt,user_c2a5c6f726
t1,pb9kulu,user_8ffa97307f
t1,pb9ktf5,user_6f802583de
t1,pb9ksae,user_36db44b7ce
t1,pb9koe1,user_f959edcc43
t1,pb9knk0,user_587df1d49d
t1,pb9kn8y,user_f195e445e0
t1,pb9kml0,user_50ad7391b5
t1,pb9kipt,user_60ade6a727
t1,pb9kibu,user_bd3ba7429c
t1,pb9ki8o,user_48fdcf70b6
t1,pb9kgva,user_50ad7391b5
t1,pb9ka7u,user_6158963b78
t1,pb9k5c8,user_36db44b7ce
t1,pb9k0ic,user_7c27405d6c
t1,pb9jvii,user_36db44b7ce
t1,pb9jsnw,user_d8440a21d2
t1,pb9jr9s,user_68cf797086
t1,pb9jokb,user_7e9572580f
t1,pb9jo6q,user_6855928387
t1,pb9jnkn,user_3b0509c3a4
t1,pbbbmfr,user_5442df6f4c
t1,pbbb6ws,user_7b9fa70cf3
t1,pbbb40o,user_bb425a261e
t1,pbbat2r,user_79dce367d7
t1,pbbar5h,user_b64003d618
t1,pbbague,user_9540ff98ba
t1,pbbae1t,user_c9b7096ab0
t1,pbbabcb,user_8dfb2bedd1
t1,pbba3hk,user_8f5e4a0d76
t1,pbba1y1,user_4e51d32376
t1,pbba0b9,user_fe753e5087
t1,pbb9xip,user_2506c4f1c5
t1,pbb9tty,user_2aeac0acb7
t1,pbb9sde,user_797dc3b683
t1,pbb9p4l,user_b64003d618
t1,pbb9mq8,user_cbf2dc5c3a
t1,pbb9mot,user_879c465512
t1,pbb9mlv,user_8c5885be82
t1,pbb9jli,user_4a93a95a6f
t1,pbb9i2o,user_276b675396
t1,pbb9fa0,user_797dc3b683
t1,pbb9een,user_76ea5213a2
t1,pbb9e2y,user_2e4c9b029b
t1,pbb9dor,user_eb8856808a
t1,pbb9d3q,user_5000c447e4
t1,pbb90wb,user_00a659ae92
t1,pbb8uo5,user_578f197e2a
t1,pbb8uc9,user_815b3586fb
t1,pbb8d9l,user_f28237096b
t1,pbb84vt,user_b5e40b5b94
t1,pbb83sw,user_46a929637d
t1,pbb81z4,user_797dc3b683
t1,pbb81cd,user_2e4c9b029b
t1,pbb7s1k,user_2e4c9b029b
t1,pbb7rry,user_8a2d6abe3b
t1,pbb7q3p,user_ec71c357d6
t1,pbb7pkf,user_8d1b57050d
t1,pbb7o9f,user_bc18e78dbd
t1,pbb7k5g,user_4c7ef87392
t1,pbb7j11,user_3411f39029
t1,pbb7gbc,user_96258e96b5
t1,pbb7dhh,user_8fdbe20db0
t1,pbb7d3q,user_3411f39029
t1,pbb78v5,user_eb8856808a
t1,pbb74ry,user_eb8856808a
t1,pbb73jy,user_8d1b57050d
t1,pbb71ug,user_debdb68205
t1,pbb6ym4,user_af078de613
t1,pbb6xw9,user_2aeac0acb7
t1,pbb6wg3,user_b00b71b361
t1,pbb6vpp,user_08abbab99b
t1,pbb6u8f,user_8d1b57050d
t1,pbb6trn,user_af078de613
t1,pbb6tff,user_b00b71b361
t1,pbb6rmo,user_2aeac0acb7
t1,pbb6q4y,user_9750150fa8
t1,pbb6pnt,user_a943458de9
t1,pbb6p6i,user_2e4c9b029b
t1,pbb6osu,user_8d1b57050d
t1,pbb6n1k,user_5ba0c6d21a
t1,pbb6l3d,user_9ecadb1202
t1,pbb6kg7,user_a943458de9
t1,pbb6kf7,user_4c80916929
t1,pbb6jb6,user_1748a6c6a3
t1,pbb6ick,user_2e4c9b029b
t1,pbb6hdh,user_2aeac0acb7
t1,pbb6bjr,user_1155246668
t1,pbb68rz,user_9566b94a2c
t1,pbb67u0,user_eb8856808a
t1,pbb67l2,user_2e4c9b029b
t1,pbb65j3,user_092f2ae3ca
t1,pbb6460,user_2e4c9b029b
t1,pbb63km,user_fd9c7ac5b8
t1,pbb62cz,user_dfab2ee120
t1,pbb61v6,user_2e4c9b029b
t1,pbb5ybu,user_b7e358ff74
t1,pbb5xv2,user_809bedaa7a
t1,pbb5qu8,user_3b8e4aa7e2
t1,pbb5phm,user_8d1b57050d
t1,pbb5ouy,user_dfab2ee120
t1,pbb5odk,user_1155246668
t1,pbb5o5x,user_eb8856808a
t1,pbb5nwl,user_2aeac0acb7
t1,pbb5ntn,user_f22c0b4f92
t1,pbb5lx3,user_eb8856808a
t1,pbb5jmm,user_eb8856808a
t1,pbb5geu,user_eb8856808a
t1,pbb5fxi,user_2aeac0acb7
t1,pbcl611,user_b1b14fea27
t1,pbcl1y6,user_e2b64baa74
t1,pbckzjy,user_13790859fe
t1,pbckzea,user_b1b14fea27
t1,pbckyqi,user_16009a7a19
t1,pbckyl9,user_6855928387
t1,pbcksxn,user_3411f39029
t1,pbckn28,user_2f02cb8494
t1,pbckl99,user_7316aaad58
t1,pbckevc,user_6855928387
t1,pbckdwb,user_16009a7a19
t1,pbckadd,user_af7ea651ee
t1,pbck9r7,user_630872c11e
t1,pbck2lh,user_cdceaa1113
t1,pbck1l4,user_16c189c01b
t1,pbck1dv,user_2f02cb8494
t1,pbck0ci,user_af7ea651ee
t1,pbcjzoj,user_789ae88f20
t1,pbcjqpe,user_28e18a9fe2
t1,pbcjqdp,user_a10f54d996
t1,pbcjpm1,user_3411f39029
t1,pbcjngq,user_f097351ddc
t1,pbcjmkp,user_ed6d9f522b
t1,pbcjl8o,user_b1b14fea27
t1,pbcjhvv,user_4600298c8c
t1,pbcjfjr,user_81b4599d34
t1,pbcjfdr,user_5f335fc674
t1,pbcjctg,user_3411f39029
t1,pbcj5uk,user_c55db1728a
t1,pbcj3gb,user_87aa921ecc
t1,pbcixgj,user_ec4d27a683
t1,pbcirpy,user_50201ce08e
t1,pbcio91,user_211ae61d4b
t1,pbcifg2,user_d8afb7d3d2
t1,pbci2jl,user_081cb333d6
t1,pbchu8q,user_bf40e42a98
t1,pbchsqp,user_b1b14fea27
t1,pbcho7f,user_af6db192c9
t1,pbchncp,user_487e768f2c
t1,pbchl1s,user_aa02179ca5
t1,pbchfnk,user_c55db1728a
t1,pbcheuy,user_7e9c907f30
t1,pbchbol,user_4968bf12ce
t1,pbchb5a,user_336cf5ce58
t1,pbch4z5,user_1eb9f6cb0a
t1,pbcgvfx,user_06cf02fb8e
t1,pbcgql1,user_a9883912bc
t1,pbcgg7q,user_00f43cec85
t1,pbcgfno,user_dcd54fc438
t1,pbcg3m3,user_83f7642764
t1,pbcg0ow,user_8700527e63
t1,pbcfza0,user_3a0106f7a9
t1,pbcfy3r,user_80ed8563be
t1,pbcfx8w,user_5a1deaee65
t1,pbcfufg,user_c0022c20f7
t1,pbcfrja,user_a6b567aaa9
t1,pbcfdcu,user_f866596b68
t1,pbcfahm,user_9dcbfad574
t1,pbcf65x,user_e01716ad0f
t1,pbcesub,user_23a506e85c
t1,pbce7nw,user_dfe6852636
t1,pbce6fs,user_88b26897cb
t1,pbce2h0,user_1eab793fb7
t1,pbce0w4,user_85a23f7973
t1,pbcdy5v,user_30650760c9
t1,pbcdvvu,user_e8098fb94c
t1,pbcdvcp,user_74a7aecc63
t1,pbcde8n,user_d346fb207f
t1,pbcdd28,user_d346fb207f
t1,pbcd5in,user_48f16ce9e8
t1,pbcd3d8,user_2a97b3dd36
t1,pbcctly,user_b44dc90602
t1,pbcct1c,user_825f4e9936
t1,pbccrbf,user_c9cbb47076
t1,pbcco8q,user_6c349e1307
t1,pbcckaf,user_be610be82a
t1,pbcchdr,user_30650760c9
t1,pbccgd9,user_732ec7c55a
t1,pbccamg,user_e38e0e9898
t1,pbcc0af,user_b44dc90602
t1,pbcbz1p,user_7b5267142a
t1,pbcbtwc,user_ff0239a288
t1,pbcbtvn,user_7e582d7011
t1,pbcbssm,user_3d464df6aa
t1,pbcbmhe,user_bfe2f9e6eb
t1,pbcbm4n,user_30650760c9
t1,pbcbkvy,user_ff0239a288
t1,pbcbhl7,user_e38e0e9898
t1,pbesg96,user_bacb3671f0
t1,pbesg2s,user_89916bc9f7
t1,pbesetc,user_b1be293ac0
t1,pbese8q,user_8aefddfadf
t1,pbescw4,user_9d80a25e37
t1,pbesbfq,user_905b1ceb6c
t1,pbesbds,user_b1b14fea27
t1,pbesalu,user_d2f86a24d3
t1,pbes9vk,user_c5b9697e4d
t1,pbes850,user_6b49c50eee
t1,pbes6mm,user_d3dea1d73f
t1,pbes5rp,user_d4c3fd4586
t1,pbes5lz,user_f505879516
t1,pbes5g3,user_50201ce08e
t1,pbertxn,user_2c0008f3d4
t1,pberqmx,user_d2f86a24d3
t1,pberqc8,user_f505879516
t1,pbermpw,user_239d8139bd
t1,pberkqq,user_75b76eab06
t1,pberfd8,user_89916bc9f7
t1,pberf7x,user_b1b14fea27
t1,pber4ip,user_75b76eab06
t1,pber3j8,user_7014f411f6
t1,pber023,user_25de63ad01
t1,pbeqz0d,user_4cee91baa2
t1,pbeqr9g,user_b1b14fea27
t1,pbeqpjg,user_4b725beec4
t1,pbeqmj9,user_24c54f6184
t1,pbeqca4,user_2c0008f3d4
t1,pbeqaf3,user_b1be293ac0
t1,pbeq9xv,user_c2fcdb73d7
t1,pbeq968,user_b1b14fea27
t1,pbeq8x7,user_5c6773990d
t1,pbeq4ge,user_85027e01d5
t1,pbeq0pg,user_258c028a42
t1,pbeq0ga,user_9b0b89e403
t1,pbepvc4,user_258c028a42
t1,pbeptl8,user_cef0d029d9
t1,pbepp2x,user_d2f86a24d3
t1,pbepmyx,user_d2f86a24d3
t1,pbepmk7,user_594c85f4a4
t1,pbepkn4,user_74522de0a8
t1,pbepfzt,user_485034ea76
t1,pbepact,user_d06e4837ee
t1,pbepa5p,user_d2f86a24d3
t1,pbep9xj,user_fe1a720cde
t1,pbep6ei,user_b1b14fea27
t1,pbeoy4v,user_6fb66d3816
t1,pbeotsz,user_03d4b3962f
t1,pbeoszc,user_9d80a25e37
t1,pbeoqud,user_9270132b78
t1,pbeokic,user_13b38fc27a
t1,pbeof8h,user_d2f86a24d3
t1,pbeo7ju,user_051d6576e0
t1,pbeo11z,user_5d269134b2
t1,pbenpyn,user_27132d3e86
t1,pbenm73,user_acfaba3ae1
t1,pbengk6,user_b1b14fea27
t1,pbenedj,user_485e8999c8
t1,pbendfq,user_5a02fbb148
t1,pben9vg,user_bb1aa6dc67
t1,pben95d,user_d2f86a24d3
t1,pben81t,user_2c0008f3d4
t1,pben6rs,user_00723d25dc
t1,pbemya3,user_d8eef0a994
t1,pbemwk3,user_5a02fbb148
t1,pbemweq,user_85027e01d5
t1,pbemv2p,user_e9589c1a31
t1,pbemv0l,user_4f0fa3907f
t1,pbemrle,user_b1b14fea27
t1,pbemqw9,user_4de7f39679
t1,pbemq0t,user_fe753e5087
t1,pbemlsj,user_5ad809d4e7
t1,pbemeil,user_11aa3434d1
t1,pbemcg8,user_e828f9c90f
t1,pbem5y2,user_822dc799ee
t1,pbem55f,user_3ad6be4eba
t1,pbem2ow,user_d2f86a24d3
t1,pbem00y,user_50201ce08e
t1,pbelzir,user_b1b14fea27
t1,pbelvir,user_42a10e8814
t1,pbelrd6,user_50201ce08e
t1,pbelpt4,user_3b263640bc
t1,pbelmh4,user_7eb4900218
t1,pbellgz,user_d2f86a24d3
t1,pbelju9,user_42a10e8814
t1,pbelbn9,user_594c85f4a4
t1,pbgx9me,user_89916bc9f7
t1,pbgwt79,user_2573384390
t1,pbgwhf6,user_1355b135e4
t1,pbgwgp7,user_8b7a5d4c7a
t1,pbgwgo9,user_e9ee26ab0f
t1,pbgw6d3,user_03aa9b5b15
t1,pbgw658,user_774cd272f0
t1,pbgw2is,user_c24b8024f6
t1,pbgvvcs,user_b0dd4e2c9f
t1,pbgvrib,user_ccaba890ee
t1,pbgvo7i,user_03aa9b5b15
t1,pbgvi7u,user_ec6b23e6a8
t1,pbgvi32,user_9be5327415
t1,pbgvclg,user_774cd272f0
t1,pbgv99v,user_c3e0a37c2e
t1,pbgv1e5,user_ea29c9de57
t1,pbguuo0,user_13790859fe
t1,pbguu82,user_b989fb781f
t1,pbgutpa,user_ccaba890ee
t1,pbguth8,user_47d5bbf37a
t1,pbguo0g,user_774cd272f0
t1,pbgukop,user_d6101fe2db
t1,pbgu7nf,user_9be5327415
t1,pbgu7e9,user_e42c867338
t1,pbgu51e,user_4ffa06b93b
t1,pbgtvyj,user_47d5bbf37a
t1,pbgtvtv,user_6158963b78
t1,pbgtt6a,user_48fdcf70b6
t1,pbgtlw5,user_e8efc2ca73
t1,pbgtgrs,user_4c7b119ec3
t1,pbgtf1d,user_9ddec1624c
t1,pbgtay9,user_bf4161813b
t1,pbgt7ii,user_66a5c29cc5
t1,pbgt3bp,user_774cd272f0
t1,pbgsu4d,user_ee3eb470b5
t1,pbgsspa,user_eb981fa58c
t1,pbgsral,user_4c7b119ec3
t1,pbgsegj,user_30b7981030
t1,pbgsd4b,user_774cd272f0
t1,pbgsa3n,user_cceae3a629
t1,pbgs5ze,user_44cbcd855a
t1,pbgs5tb,user_f127be98e9
t1,pbgrx79,user_f633017275
t1,pbgrwg7,user_1b74120305
t1,pbgro5n,user_c911829bd8
t1,pbgrmxv,user_8b7b911974
t1,pbgr6nc,user_2724bb20be
t1,pbgr1ec,user_c5f5cb9b77
t1,pbgqkvd,user_583922c5e6
t1,pbgq7hm,user_e59fc02f12
t1,pbgq0dx,user_6a27eb7b6a
t1,pbgpv18,user_b49f55e590
t1,pbgpsa9,user_6a27eb7b6a
t1,pbgpen2,user_487e768f2c
t1,pbgp7g8,user_df4eecf848
t1,pbgp2f2,user_df4eecf848
t1,pbgp1j9,user_e7e601244f
t1,pbgolo5,user_ac65c4474c
t1,pbgoewf,user_b35e7ec212
t1,pbgobmz,user_2be5d3b1e2
t1,pbgoart,user_c133b838a8
t1,pbgo9ro,user_bf968648f9
t1,pbgo029,user_50201ce08e
t1,pbgnu0p,user_e1e16fd2f0
t1,pbgnr59,user_2be5d3b1e2
t1,pbgnjwe,user_b4a6258403
t1,pbgni2l,user_d631062be5
t1,pbgngaq,user_e1e16fd2f0
t1,pbgncmr,user_ac65c4474c
t1,pbgna5r,user_45c015b5da
t1,pbgn78r,user_78ec2e0fdc
t1,pbgn2oz,user_2be5d3b1e2
t1,pbgn2nn,user_ac65c4474c
t1,pbgn1mi,user_7702f6edaa
t1,pbgmzv6,user_e1e16fd2f0
t1,pbgmulv,user_2beb56050e
t1,pbgmta6,user_f160d20fad
t1,pbgmreu,user_e1e16fd2f0
t1,pbgmr9k,user_2be5d3b1e2
t1,pbgmg3i,user_f26706599f
t1,pbgmccg,user_e1e16fd2f0
t1,pbgm7uz,user_13790859fe
t1,pbgm6id,user_594c85f4a4
t1,pbgm4de,user_2beb56050e
t1,pbij3ox,user_b7daee08b9
t1,pbiiutb,user_a04de32078
t1,pbiiusl,user_797dc3b683
t1,pbiirbx,user_2724bb20be
t1,pbiiguy,user_ff97fc237c
t1,pbiifg2,user_f52e10bc6c
t1,pbiibz5,user_797dc3b683
t1,pbiibo8,user_f52e10bc6c
t1,pbii95u,user_a04de32078
t1,pbii71k,user_5db3c77611
t1,pbii1wh,user_c305a4a49e
t1,pbihzt2,user_d9c6238148
t1,pbihyma,user_f52e10bc6c
t1,pbihq79,user_addb2ff820
t1,pbihlz6,user_ba27cb1189
t1,pbih8q9,user_13bf4523f9
t1,pbigzt6,user_01c5c88988
t1,pbigrj9,user_1cfbc72297
t1,pbigp6u,user_93e1a8ea84
t1,pbigoyj,user_81f5279805
t1,pbigkq2,user_f52e10bc6c
t1,pbiggif,user_f6b3c0f839
t1,pbigesr,user_f52e10bc6c
t1,pbigc5w,user_d9c6238148
t1,pbig3ga,user_717298bccb
t1,pbig2sp,user_f6b3c0f839
t1,pbifyh9,user_6fa297e47e
t1,pbifx8d,user_f6b3c0f839
t1,pbiftlz,user_f52e10bc6c
t1,pbifpno,user_110834777e
t1,pbifp7f,user_0b435cabd3
t1,pbifopo,user_f6b3c0f839
t1,pbifih5,user_9a83b1394a
t1,pbifh9g,user_4a00abd099
t1,pbiff5k,user_effd01dde7
t1,pbifcej,user_f52e10bc6c
t1,pbifa9h,user_717298bccb
t1,pbiezsj,user_f6b3c0f839
t1,pbieudw,user_d9c6238148
t1,pbieoul,user_7cd2b93b54
t1,pbienwr,user_962c29e0c4
t1,pbiel3k,user_97ab77c3d7
t1,pbiehxn,user_f10fccd54f
t1,pbiefpy,user_2b4f1da654
t1,pbieewg,user_217a5ca50c
t1,pbiecti,user_2b4f1da654
t1,pbie9l9,user_9768e13ad1
t1,pbie4ud,user_3bab508278
t1,pbie12f,user_f52e10bc6c
t1,pbidsvl,user_d9c6238148
t1,pbidq6g,user_fce7fcf269
t1,pbidj8c,user_f013130e81
t1,pbidbg8,user_88bd966882
t1,pbid7p0,user_ca98d06d4e
t1,pbid31t,user_0490713ced
t1,pbid2ht,user_64fe40d8de
t1,pbicw8s,user_9b26719aaf
t1,pbics4b,user_107416a570
t1,pbicnhb,user_a943458de9
t1,pbicjwi,user_5cb16b51d9
t1,pbicbip,user_93e1a8ea84
t1,pbica08,user_2b144b96e1
t1,pbic9cm,user_70debca215
t1,pbic8xz,user_e837010ee5
t1,pbic5et,user_15d9d2ae81
t1,pbic2kp,user_9b26719aaf
t1,pbic0i7,user_bb864f38e7
t1,pbibyb0,user_db0e8a369d
t1,pbiboue,user_364dc35e25
t1,pbiboli,user_051d6576e0
t1,pbibmqy,user_f39e73b3c2
t1,pbiblbe,user_238917213b
t1,pbibj00,user_1f0eefeeb4
t1,pbibfdv,user_bb864f38e7
t1,pbiaw1g,user_e41bc695f3
t1,pbiapvd,user_4bbff9ddf4
t1,pbiaoed,user_4f79885e90
t1,pbi9p1n,user_a1f8fcd2b4
t1,pbi9nhd,user_2beb56050e
t1,pbi9ix3,user_103ca3ad2a
t1,pbi9ba9,user_380eb41a2c
t1,pbi9aai,user_7dd1c54d4c
t1,pbi98te,user_f5afaa0ad9
t1,pbi8ii6,user_6a261652a7
t1,pbi8530,user_bf0d9427b1
t1,pbi81jr,user_4bbff9ddf4
t1,pbjsf0o,user_e172163150
t1,pbjry5c,user_9a27044c51
t1,pbjrxs4,user_264545720f
t1,pbjrwq2,user_c7bb93c8da
t1,pbjrujz,user_9a27044c51
t1,pbjrstl,user_9a27044c51
t1,pbjrqp2,user_b1a345c225
t1,pbjroc0,user_1ef9500bba
t1,pbjrocv,user_08d926a820
t1,pbjr3td,user_c72cb1dafc
t1,pbjqsqg,user_66df7b983f
t1,pbjqpj7,user_336cf5ce58
t1,pbjqjnx,user_7cdb036214
t1,pbjqeua,user_6f7c2d1a90
t1,pbjpm9b,user_75f648b56b
t1,pbjpl5a,user_99b182119b
t1,pbjpes0,user_2c56551919
t1,pbjpakz,user_7bd2d78858
t1,pbjp6ym,user_1ab076b2a7
t1,pbjp450,user_f6b9c82fb6
t1,pbjoxl9,user_0fcaab824d
t1,pbjowxe,user_2e6812df53
t1,pbjo91z,user_99b182119b
t1,pbjo5cw,user_258c7a6610
t1,pbjo3jd,user_890623af28
t1,pbjo1nv,user_2294a39b43
t1,pbjo1ie,user_2be5d3b1e2
t1,pbjnwqe,user_3cbe044ad0
t1,pbjnt94,user_b142ca34d7
t1,pbjndtp,user_bb5f8edddc
t1,pbjnc1u,user_0fcaab824d
t1,pbjn4ja,user_0fcaab824d
t1,pbjn4m7,user_85385da346
t1,pbjmhvp,user_cfed7b8c01
t1,pbjmeyu,user_75b76eab06
t1,pbjmecg,user_d1bbb11267
t1,pbjmd9w,user_258c7a6610
t1,pbjm51z,user_6a261652a7
t1,pbjm039,user_a37ba1e9fc
t1,pbjlxa7,user_e8919043d9
t1,pbjls8b,user_4ea17129ba
t1,pbjlrke,user_75b76eab06
t1,pbjlgr5,user_0fe855dc9d
t1,pbjlfwk,user_9c55f49ade
t1,pbjlbex,user_7cda761010
t1,pbjky9t,user_91a48b27c8
t1,pbjkqqo,user_0d38f59544
t1,pbjkda3,user_623c670869
t1,pbjk9dr,user_b2f4a2a2f9
t1,pbjk4pr,user_02e372109c
t1,pbjjya7,user_b2f4a2a2f9
t1,pbjjxkg,user_87979a1aa7
t1,pbjjw42,user_ba2395d82c
t1,pbjjuet,user_10b8f61c05
t1,pbjjq42,user_b2f4a2a2f9
t1,pbjjo23,user_c4775fcb61
t1,pbjjiqc,user_633abf8969
t1,pbjjhk3,user_05d3ae43a7
t1,pbjjheo,user_f52e10bc6c
t1,pbjjf5f,user_2ce8bf0617
t1,pbjjf0y,user_02e372109c
t1,pbjjbon,user_f52e10bc6c
t1,pbjj410,user_44227533bf
t1,pbjj0xw,user_fe753e5087
t1,pbjiymq,user_a249b52662
t1,pbjixsj,user_336cf5ce58
t1,pbjiw7m,user_fe753e5087
t1,pbjivz6,user_dbb42274f1
t1,pbjiuwo,user_2832d85b74
t1,pbjiu3y,user_518af38f8b
t1,pbjiszl,user_5111beabbf
t1,pbjirrl,user_7b1ddff4de
t1,pbjiiaa,user_e480a06159
t1,pbji748,user_00f5117d80
t1,pbji51p,user_4de7f39679
t1,pbji1rg,user_45475dca38
t1,pbjhxgg,user_949e48dfb2
t1,pbjhqg7,user_0563171457
t1,pbjgzeh,user_2163c07394
t1,pbjgex1,user_c292cc4c69
t1,pbjgbu0,user_2163c07394
t1,pbjg6nv,user_b2e90905dc
t1,pbjg4jg,user_2163c07394
t1,pbjg3ex,user_8733737b37
t1,pbjfuck,user_99bf02ae15
t1,pbjftjq,user_4c1de28463
t1,pbjfsrq,user_87979a1aa7
t1,pbjfrrf,user_d03b6d7016
t1,pbm0ufm,user_1d9de562d6
t1,pbm0svj,user_63fae377cc
t1,pbm0rxe,user_c2c68a7e72
t1,pbm0q48,user_308adc9f68
t1,pbm0mg9,user_61415fb56b
t1,pbm0kni,user_1be72a5792
t1,pbm0jyo,user_88b8c3d692
t1,pbm0i5v,user_833514688f
t1,pbm0fr8,user_51d1e77dbe
t1,pbm0b7h,user_e615c06aff
t1,pbm0apx,user_1ab076b2a7
t1,pbm0afh,user_30b91c150e
t1,pbm09ke,user_b3fc7ca886
t1,pbm08an,user_12bdc8c221
t1,pbm080w,user_4600298c8c
t1,pbm06or,user_30b91c150e
t1,pbm0675,user_6fffe3a2b0
t1,pbm05od,user_b56b8fa839
t1,pbm030d,user_6fb66d3816
t1,pbm02vm,user_a7fed8405e
t1,pbm02si,user_4600298c8c
t1,pbm02af,user_0e1788ae60
t1,pblzzz7,user_875ecbf25c
t1,pblzwcw,user_e10261a0d1
t1,pblzvgw,user_e92deb2871
t1,pblzr5i,user_b778daf320
t1,pblzqn8,user_af078de613
t1,pblzm2w,user_1d9de562d6
t1,pblzio5,user_fe753e5087
t1,pblzbpz,user_945b48705d
t1,pblzbec,user_b80be7c7f7
t1,pblzaye,user_110f3ef953
t1,pblzad8,user_d5ebaae7cb
t1,pblz48k,user_1173912d45
t1,pblz2hj,user_353014c1c1
t1,pblz24j,user_12bdc8c221
t1,pblz0fl,user_37efd09c4d
t1,pblyxiu,user_d346fb207f
t1,pblytay,user_2ad51d880c
t1,pblysm5,user_d48014f5c2
t1,pblys74,user_d03b6d7016
t1,pblym5q,user_0e1788ae60
t1,pblyko0,user_16c8491659
t1,pblyhj2,user_ec13b734ad
t1,pblycik,user_d3eaa229d8
t1,pblya5u,user_2724bb20be
t1,pbly1tn,user_13bbe9e935
t1,pblxyrn,user_28a4280882
t1,pblxo8z,user_2cfb86b550
t1,pblxo5x,user_8cab960527
t1,pblxesh,user_c102c0760e
t1,pblxccu,user_5b576341bc
t1,pblxbag,user_fd048962c2
t1,pblx85n,user_fe753e5087
t1,pblx7xi,user_7eb4900218
t1,pblx7fv,user_cae73f125e
t1,pblx6gw,user_d3eaa229d8
t1,pblx1pl,user_0cee2badcd
t1,pblwtml,user_fe753e5087
t1,pblwqcn,user_12bdc8c221
t1,pblwl7m,user_83d8b4b12b
t1,pblwic2,user_6fb66d3816
t1,pblwh0v,user_c102c0760e
t1,pblwgti,user_7ca6aa6e79
t1,pblwfp4,user_d3eaa229d8
t1,pblwf6q,user_77562fda71
t1,pblw7ew,user_df6f44b4d3
t1,pblvywi,user_77562fda71
t1,pblvy9q,user_9a7efa088b
t1,pblvwnh,user_fbd44ba9a1
t1,pblvqna,user_12bdc8c221
t1,pblvfj0,user_70bf0e9ad8
t1,pblvffv,user_39a700d72f
t1,pblv89q,user_12bdc8c221
t1,pblv1aj,user_99ee6e886f
t1,pbluz13,user_fe753e5087
t1,pbluwke,user_e14aa10386
t1,pblur28,user_896a4ac622
t1,pblulv3,user_2724bb20be
t1,pblujkk,user_d885877921
t1,pbluaao,user_9a5747cef9
t1,pblu4da,user_2b3c16fc11
t1,pblty4y,user_6af25be8a2
t1,pbltwlm,user_f959edcc43
t1,pblttfd,user_266041e0dc
t1,pbltrxq,user_81a8efbe9d
t1,pblte10,user_bde8733514
t1,pblsvls,user_d10229edd9
t1,pbo60l2,user_76da0a68e2
t1,pbo5xlo,user_3994a4ab18
t1,pbo5vx4,user_75d7d46ded
t1,pbo5s2b,user_e20a47149c
t1,pbo5qvj,user_60f9dff469
t1,pbo5qv8,user_65be0c2244
t1,pbo5q28,user_18d0e34791
t1,pbo5og1,user_0490713ced
t1,pbo5o03,user_ea508b3958
t1,pbo5fj0,user_18d0e34791
t1,pbo5clw,user_6292de9399
t1,pbo5c5o,user_18d0e34791
t1,pbo54f1,user_36cc5f218d
t1,pbo52d4,user_942ee86771
t1,pbo51wc,user_9cf81aad50
t1,pbo4wle,user_50201ce08e
t1,pbo4voc,user_e3ca2b217e
t1,pbo4tra,user_3994a4ab18
t1,pbo4qph,user_c9553eab2d
t1,pbo4oq8,user_5056171117
t1,pbo4kfh,user_b1139ec31b
t1,pbo4hoc,user_6a41e865f5
t1,pbo4fvp,user_f61ac95af6
t1,pbo4afp,user_e9d8d09a76
t1,pbo46rj,user_f4c3f9b82f
t1,pbo41ka,user_5056171117
t1,pbo410k,user_2452360fd8
t1,pbo3zpg,user_4a9a4288f3
t1,pbo3zbl,user_8b96e7b617
t1,pbo3z2w,user_315c5ad43d
t1,pbo3y80,user_af078de613
t1,pbo3xvy,user_60f9dff469
t1,pbo3s37,user_75b76eab06
t1,pbo3nvm,user_0d38f59544
t1,pbo3lni,user_ef616f0e38
t1,pbo36yu,user_8b96e7b617
t1,pbo35i0,user_ef616f0e38
t1,pbo2tsq,user_949e39e4a7
t1,pbo2n86,user_335c250fb9
t1,pbo2i4y,user_74631e9af4
t1,pbo2hnw,user_8b96e7b617
t1,pbo2cgk,user_74631e9af4
t1,pbo27wy,user_b1139ec31b
t1,pbo27qh,user_1ed1d567eb
t1,pbo21e5,user_af6db192c9
t1,pbo1zz1,user_c7facdc0cf
t1,pbo1zo3,user_c2577c4afc
t1,pbo1xwj,user_6904ca765a
t1,pbo1uxb,user_7ce84adcca
t1,pbo1rq4,user_8b96e7b617
t1,pbo1ph8,user_8b17a8bc04
t1,pbo1nen,user_9ddec1624c
t1,pbo1l2w,user_8b17a8bc04
t1,pbo1kqf,user_4e9f95b370
t1,pbo1iy0,user_a46ddff2e0
t1,pbo1ije,user_4e9f95b370
t1,pbo1cqr,user_74631e9af4
t1,pbo1c8k,user_b874b61977
t1,pbo1ayy,user_5855e6fc51
t1,pbo176g,user_4c52f658ff
t1,pbo10wh,user_c7b463779c
t1,pbo0o54,user_3eb3e9743d
t1,pbo08n3,user_5d0cc2a8c9
t1,pbo06zu,user_2a882bfaf3
t1,pbnzzg8,user_e44b5f0b57
t1,pbnzvjl,user_3b478064ec
t1,pbnzujd,user_0d7f78583c
t1,pbnzshb,user_e44b5f0b57
t1,pbnznmf,user_f462fae2f5
t1,pbnzly9,user_0490713ced
t1,pbnzjbd,user_076d951cf2
t1,pbnzifa,user_b712091d8d
t1,pbnync6,user_0490713ced
t1,pbnyk01,user_85455926da
t1,pbnyfwk,user_15f779d6b5
t1,pbny1uo,user_b49f55e590
t1,pbnxut0,user_efdef6519a
t1,pbnxtdg,user_f2673134c4
t1,pbnxou6,user_f2673134c4
t1,pbnxi4a,user_3f29fb54c5
t1,pbnxesg,user_09efd9e757
t1,pbnx9dm,user_dd7bb03e76
t1,pbnx7oc,user_e9d8d09a76
t1,pbnx60p,user_b4f2e0ff93
t1,pbnwzyo,user_215c533913
t1,pbnwy2f,user_a22be5824e
t1,pbprndn,user_8e3e7805b4
t1,pbprn5o,user_621deafb91
t1,pbprgb2,user_dfae7bed0a
t1,pbpra0l,user_ed0a32bbe4
t1,pbpqwug,user_07e9be6eec
t1,pbpqwwz,user_375e2c3cf5
t1,pbpqp39,user_4c57880463
t1,pbpqjb6,user_8e61a72051
t1,pbpqe81,user_42e60c67a4
t1,pbpq9ky,user_8d2b19d86d
t1,pbpq8ho,user_7b5267142a
t1,pbpq3kn,user_04fc432018
t1,pbppt5c,user_ff2d5882c2
t1,pbppovv,user_2b4f1da654
t1,pbppa8c,user_dfae7bed0a
t1,pbpp6s3,user_a4022f2b78
t1,pbpp658,user_051d6576e0
t1,pbpp5tm,user_81b4072fb6
t1,pbpp3aq,user_5056171117
t1,pbpp2mj,user_cbec0a4e71
t1,pbpouzz,user_076d951cf2
t1,pbpolb0,user_e9d8d09a76
t1,pbpojbk,user_ff2d5882c2
t1,pbpoc84,user_f52e10bc6c
t1,pbpoc5e,user_5056171117
t1,pbpo6n9,user_e9d8d09a76
t1,pbpo57g,user_f52e10bc6c
t1,pbpo359,user_ff2d5882c2
t1,pbpnur6,user_721fec80a3
t1,pbpnrfn,user_8a87c2fc13
t1,pbpnqpn,user_dfae7bed0a
t1,pbpnqfe,user_5cc3088a42
t1,pbpnpja,user_34db307c7f
t1,pbpnmsm,user_051d6576e0
t1,pbpn18r,user_47036ba238
t1,pbpmm48,user_14c5a8f7b2
t1,pbpmj5z,user_f52e10bc6c
t1,pbpmb46,user_a729f94716
t1,pbpmar9,user_f52e10bc6c
t1,pbpm6os,user_b874b61977
t1,pbpm69s,user_5c9f40e9ed
t1,pbpm32p,user_f52e10bc6c
t1,pbplvzq,user_051d6576e0
t1,pbplukp,user_dcd54fc438
t1,pbplpzw,user_cbec0a4e71
t1,pbpln0e,user_66bea7e08a
t1,pbplhuf,user_831b8d4d8b
t1,pbpl286,user_975faea40a
t1,pbpkz08,user_5056171117
t1,pbpky3z,user_35df29d5f7
t1,pbpkhxc,user_b38f8cdbb5
t1,pbpkgza,user_35df29d5f7
t1,pbpkg6d,user_975faea40a
t1,pbpkezc,user_dc45532ab6
t1,pbpkd3z,user_35df29d5f7
t1,pbpk5ms,user_dfae7bed0a
t1,pbpk5ln,user_a5498a54a4
t1,pbpjyn5,user_ece00d74e6
t1,pbpjyld,user_e61da2768b
t1,pbpju5u,user_de60c34c1c
t1,pbpjk34,user_533db00a74
t1,pbpjic1,user_066e607058
t1,pbpjg91,user_4bca02ba46
t1,pbpjc41,user_5056171117
t1,pbpj4sz,user_5056171117
t1,pbpivzh,user_3b3eec5218
t1,pbpiv73,user_3cd06b8497
t1,pbpiiyu,user_5056171117
t1,pbpigj6,user_5056171117
t1,pbphvot,user_0d29e58ff7
t1,pbphrj3,user_e9f558ab85
t1,pbphn83,user_2005e51e43
t1,pbphj2v,user_c148017964
t1,pbph7t2,user_52ba048dc6
t1,pbph02h,user_e4ce9430db
t1,pbpgwvw,user_f52e10bc6c
t1,pbpgqe0,user_ece00d74e6
t1,pbpgmmg,user_949e39e4a7
t1,pbpgl04,user_d69eadb40e
t1,pbpgide,user_7a5557da70
t1,pbpgf0u,user_3b3eec5218
t1,pbpgczf,user_f897647666
t1,pbpg4ct,user_21fa7d0ee3
t1,pbpg0wa,user_f52e10bc6c
t1,pbpfy16,user_66bea7e08a
t1,pbpffg5,user_8ffe79a10b
t1,pbpfcs1,user_0faacb2e35
t1,pbr1jzd,user_87c95bc28a
t1,pbr1hdi,user_58eb81d5ba
t1,pbr1dw1,user_1ae40a76dd
t1,pbr16kh,user_0cbbddf9e6
t1,pbr14xd,user_2ab95cf850
t1,pbr123j,user_9b1184842f
t1,pbr111x,user_b686dc4b4a
t1,pbr10ai,user_c31a326a96
t1,pbr0yaw,user_8b96e7b617
t1,pbr0uih,user_58eb81d5ba
t1,pbr0qt5,user_a6803e3f85
t1,pbr0os3,user_f885c26447
t1,pbr0njc,user_49f808e0d1
t1,pbr0n6b,user_6d34a41ebc
t1,pbr0kd2,user_cbec0a4e71
t1,pbr0gi7,user_92ea6fb5b1
t1,pbr09yd,user_e2e58b5580
t1,pbr09n6,user_daf10a16e2
t1,pbr04ve,user_c9d2ab8a2d
t1,pbr01ra,user_bdb6778dc6
t1,pbr00md,user_35ba5cf3f3
t1,pbr00f5,user_58eb81d5ba
t1,pbqzzwa,user_8bc2fa583b
t1,pbqzxkz,user_433264da78
t1,pbqztj8,user_e2e58b5580
t1,pbqzsoy,user_be7bfd6c85
t1,pbqzq1w,user_e5b64a41bb
t1,pbqzpfc,user_55450165f7
t1,pbqzof1,user_bdb6778dc6
t1,pbqzek2,user_b1b14fea27
t1,pbqz9nk,user_b67ea021b2
t1,pbqz72g,user_e2e58b5580
t1,pbqz6yx,user_54fbad909c
t1,pbqz4w9,user_5330a6647a
t1,pbqz0rw,user_b5833de530
t1,pbqyz19,user_eeca9677ad
t1,pbqyx9m,user_4de7f39679
t1,pbqywh6,user_bc9be883c1
t1,pbqyum8,user_50ad7391b5
t1,pbqyud7,user_66bea7e08a
t1,pbqyt5r,user_4487d8442e
t1,pbqyqvl,user_0b30d2af4a
t1,pbqypt7,user_4c1de28463
t1,pbqyh79,user_b749c9780d
t1,pbqyglc,user_dcca50d491
t1,pbqyaej,user_c9d2ab8a2d
t1,pbqya8s,user_09c228d9de
t1,pbqy5i8,user_a0935157c8
t1,pbqy1d5,user_533db00a74
t1,pbqxtef,user_8b319a9da4
t1,pbqxsft,user_96fe36aea1
t1,pbqxpsc,user_58eb81d5ba
t1,pbqxosv,user_c826a7083b
t1,pbqxnbp,user_fc9de0e761
t1,pbqxk8u,user_a8c6216bc0
t1,pbqxbu8,user_336cf5ce58
t1,pbqx20y,user_bb1aa6dc67
t1,pbqwz4l,user_463ed7a9c7
t1,pbqw0ve,user_d2f86a24d3
t1,pbqw0bp,user_e1d3d09ad2
t1,pbqvp4i,user_56c64a61ad
t1,pbqvhld,user_c76fb41e7f
t1,pbqva22,user_68ec320cef
t1,pbqv27i,user_623c670869
t1,pbquxej,user_53342f083a
t1,pbquo4h,user_bc18e78dbd
t1,pbqu2dz,user_779ae57d5f
t1,pbqtrk2,user_f1254d2ed0
t1,pbqtqa6,user_8b96e7b617
t1,pbqtm1r,user_1eab793fb7
t1,pbqtko5,user_e90fde88d2
t1,pbqtjof,user_be2aa59421
t1,pbqt6t2,user_c1b5619ed9
t1,pbqt56j,user_49f5ed7576
t1,pbqt43l,user_35ad441c9d
t1,pbqt04v,user_36ec1b113a
t1,pbqsyyh,user_4de7f39679
t1,pbqsxcn,user_d8d7e54b98
t1,pbqswr8,user_d162267190
t1,pbqssux,user_2bba5d0d64
t1,pbqsrd1,user_4de7f39679
t1,pbqsoya,user_c73af5c5ad
t1,pbqshyb,user_19031b0ec0
t1,pbqs0yl,user_019dfd8855
t1,pbqrst8,user_3d609597a3
t1,pbqrmx7,user_50ad7391b5
t1,pbqrln1,user_48f16ce9e8
t1,pbt9sfq,user_0e3df87646
t1,pbt9oyx,user_e7c9e29a19
t1,pbt9ja7,user_f2353b6ae3
t1,pbt9efn,user_4b4caf549c
t1,pbt9adl,user_201dfbbb81
t1,pbt98tj,user_fffdf1ffcf
t1,pbt953r,user_485e8999c8
t1,pbt91w0,user_8e8b3273bc
t1,pbt91bk,user_b2e90905dc
t1,pbt8yyw,user_afe2dce027
t1,pbt8tqq,user_6ff0db4dc9
t1,pbt8t1u,user_9ab8b1cf07
t1,pbt8rwf,user_8bc2fa583b
t1,pbt8rub,user_81c4b4b294
t1,pbt8qgc,user_c273db3f8a
t1,pbt8o0b,user_545293be73
t1,pbt8m33,user_7364768ed4
t1,pbt8jrj,user_d10bb9addf
t1,pbt8hrn,user_6158963b78
t1,pbt8ewx,user_1c19ae8f5c
t1,pbt8bva,user_c273db3f8a
t1,pbt8ab6,user_4e26f05738
t1,pbt85ec,user_51ea4e031d
t1,pbt80dj,user_3ef850452b
t1,pbt7wbf,user_51ea4e031d
t1,pbt7rk0,user_3e9110cd7f
t1,pbt7k55,user_c3e0a37c2e
t1,pbt7j6n,user_313b638f29
t1,pbt7da8,user_51ea4e031d
t1,pbt75m7,user_d4c3fd4586
t1,pbt75bd,user_5a19fd370b
t1,pbt71qs,user_3ef850452b
t1,pbt6z81,user_7acf8e0b84
t1,pbt6y9t,user_b8fb4b5862
t1,pbt6w3b,user_b8fb4b5862
t1,pbt6p58,user_c9e1946b66
t1,pbt6lmm,user_ff362a5ae4
t1,pbt6lhe,user_0e9706ed7e
t1,pbt6kbf,user_0d29e58ff7
t1,pbt65og,user_9548423ca5
t1,pbt62wl,user_32ef0397bb
t1,pbt5uzd,user_7acf8e0b84
t1,pbt5q15,user_56f781fecc
t1,pbt5odp,user_f52e10bc6c
t1,pbt5n0z,user_d063fc245f
t1,pbt5m7z,user_bd09a87701
t1,pbt5ldw,user_058cf20fde
t1,pbt5laf,user_eadbe8c9bd
t1,pbt5fi5,user_0e9706ed7e
t1,pbt5b46,user_1126aa4e03
t1,pbt57e3,user_c2cd9860b1
t1,pbt53mn,user_b024cd2560
t1,pbt53cg,user_fffdf1ffcf
t1,pbt513p,user_be610be82a
t1,pbt4yqf,user_3548be6c42
t1,pbt4x0z,user_1f0eefeeb4
t1,pbt4upd,user_addb2ff820
t1,pbt4qxu,user_740773dcc0
t1,pbt4nr9,user_058cf20fde
t1,pbt4ei7,user_740773dcc0
t1,pbt465d,user_ba3f31c2c4
t1,pbt452z,user_51cb30d53d
t1,pbt44h6,user_454a5cb61a
t1,pbt44k7,user_cd523a0122
t1,pbt3xsk,user_cd523a0122
t1,pbt3ux0,user_467322bbfe
t1,pbt3rds,user_5056171117
t1,pbt3o68,user_199a2394f9
t1,pbt3njv,user_952aafd6dd
t1,pbt3mvk,user_1e1cbd1d3a
t1,pbt3jp8,user_c469a837a0
t1,pbt3ihr,user_5056171117
t1,pbt3f3b,user_98b04b5fa6
t1,pbt303x,user_5bff7c5560
t1,pbt2syz,user_cd523a0122
t1,pbt2h0a,user_676325fd7d
t1,pbt2etm,user_927ce04332
t1,pbt2ayu,user_20e230028e
t1,pbt2818,user_591bed65a2
t1,pbt26qc,user_fae5f47fe6
t1,pbt23lt,user_11e07e10fc
t1,pbt1t31,user_2ad7e407f3
t1,pbt1oyx,user_4600298c8c
t1,pbvf11i,user_64eabc4a70
t1,pbvf0n5,user_340b57e41e
t1,pbvevt0,user_097f360fdf
t1,pbvev4k,user_adafbacb08
t1,pbveim3,user_7b5267142a
t1,pbve56m,user_39cd4b6ccb
t1,pbve2ed,user_adb9480d3d
t1,pbvdxmr,user_e07be0fe85
t1,pbvdulj,user_472c3fb6ec
t1,pbvdkzn,user_d5258b8eb7
t1,pbvdewv,user_8e79d33d95
t1,pbvddlt,user_a1b05296dc
t1,pbvdczs,user_a45f0992ac
t1,pbvd4vl,user_08be5b24d5
t1,pbvczmt,user_4a3259f4d7
t1,pbvcltf,user_b5f12fbb35
t1,pbvcl0z,user_5056171117
t1,pbvcjuf,user_22bc5adfe0
t1,pbvcglx,user_097f360fdf
t1,pbvcf5y,user_59e00d8dcc
t1,pbvcd48,user_a718ccbf0b
t1,pbvc4pb,user_d5258b8eb7
t1,pbvc4cb,user_55af4d8b9b
t1,pbvc2fr,user_3250948fba
t1,pbvc095,user_20e230028e
t1,pbvbx05,user_a45f0992ac
t1,pbvbppv,user_367b5302d7
t1,pbvbg42,user_6464957dab
t1,pbvbflh,user_b7b3e0d19e
t1,pbvbeqj,user_abcf0a898c
t1,pbvbcfy,user_c305a4a49e
t1,pbvbaov,user_afd5678fd3
t1,pbvb8kr,user_4e81b9bc6b
t1,pbvb5aj,user_6464957dab
t1,pbvb4ze,user_a8f7922132
t1,pbvb38c,user_b80be7c7f7
t1,pbvaz0n,user_bc437da611
t1,pbvava2,user_177b8c57d1
t1,pbvautl,user_057be5441d
t1,pbvauq8,user_f945c8cd6b
t1,pbvatol,user_9acf86a1f1
t1,pbvarzp,user_c52da8002d
t1,pbvanao,user_19b3b8f115
t1,pbvalca,user_1ef9500bba
t1,pbvahts,user_9fb2065434
t1,pbvah3s,user_a48a0be08a
t1,pbva8ej,user_9fb2065434
t1,pbv9zkh,user_c02f80a774
t1,pbv9x47,user_d6999cb4a7
t1,pbv9vln,user_3e00dffbd0
t1,pbv9syk,user_ef688927e6
t1,pbv9mri,user_f959edcc43
t1,pbv9dhm,user_48c211d6c7
t1,pbv96ut,user_ea59d3b4b3
t1,pbv8lx2,user_c5a9f0d634
t1,pbv802d,user_0c8b9a2842
t1,pbv7vu9,user_76b04affbc
t1,pbv7r4e,user_bc60182a7e
t1,pbv7adl,user_ebae3e2740
t1,pbv6w6c,user_0d0be9fd50
t1,pbv6q6r,user_6fbcd447a8
t1,pbv6o9n,user_f945c8cd6b
t1,pbv64i6,user_9d10c4d23f
t1,pbv647c,user_b7a09d9c53
t1,pbv6221,user_cb0135671d
t1,pbv5u9e,user_367b5302d7
t1,pbv5o45,user_7c27405d6c
t1,pbv5mv8,user_6158963b78
t1,pbv5k7u,user_7c27405d6c
t1,pbv5b6r,user_dd4e90dfb0
t1,pbv592o,user_74c7733550
t1,pbv58tx,user_5bff7c5560
t1,pbv5691,user_f945c8cd6b
t1,pbv54u3,user_3e21c9a6c3
t1,pbv4xso,user_ed3b3d3ad2
t1,pbv4wmv,user_d319bbf01e
t1,pbv4n1z,user_4ea20d5e53
t1,pbv4n2p,user_f5f5be9d40
t1,pbv4lf9,user_84df781fe3
t1,pbv4fcg,user_84df781fe3
t1,pbv4ewd,user_3e21c9a6c3
t1,pbv48zy,user_c5b9697e4d
t1,pbv4933,user_84df781fe3
t1,pbv3zy4,user_07380ce2ef
t1,pbv3v4c,user_52ba048dc6
t1,pbv3m1w,user_2916b147a1
t1,pbv3ip4,user_ff3b6b962f
t1,pbx3en9,user_6e81ac71fc
t1,pbx3d6u,user_e7263dd22e
t1,pbx39rr,user_5eb7623ff7
t1,pbx36oe,user_e53dbba131
t1,pbx2qvq,user_07a6e93770
t1,pbx2i5n,user_5eb7623ff7
t1,pbx26p7,user_7ebe9852fc
t1,pbx263x,user_8f3b4f8c9a
t1,pbx1y83,user_706e3d26b9
t1,pbx1q4f,user_4fdbfc1cc4
t1,pbx15xg,user_f98da14c7d
t1,pbx0z6y,user_077a01359d
t1,pbx0qhy,user_02bbbab0d2
t1,pbx0jpj,user_3dc810bcb9
t1,pbx0hnm,user_8b96e7b617
t1,pbwztus,user_3a9483fd40
t1,pbwzsrl,user_8c7a0b75bc
t1,pbwzf2p,user_0c021a6c66
t1,pbwzcns,user_7138672f5d
t1,pbwz5pp,user_addb2ff820
t1,pbwz4iu,user_8b96e7b617
t1,pbwz1qf,user_ece80580c2
t1,pbwyvi5,user_e9ec66b30d
t1,pbwyemu,user_b0eed4edd4
t1,pbwy05c,user_52c8285177
t1,pbwxr8g,user_c1392a569e
t1,pbwxjaf,user_c1392a569e
t1,pbwxe2l,user_b0eed4edd4
t1,pbwxcd0,user_244b637f67
t1,pbwxc83,user_c1392a569e
t1,pbwxbxg,user_92ad648e6b
t1,pbwx9xv,user_92ad648e6b
t1,pbwx8i8,user_addb2ff820
t1,pbwx3qr,user_26de383fd9
t1,pbwx0ne,user_c1392a569e
t1,pbwwrk8,user_249de8151a
t1,pbwwih7,user_52c8285177
t1,pbww3rn,user_fcb784f848
t1,pbwvy8i,user_eda3348138
t1,pbwvwti,user_f6b3c0f839
t1,pbwvunb,user_a2d38b2146
t1,pbwvsd0,user_4c3beb02f7
t1,pbwvpkd,user_27f405f640
t1,pbwvmf2,user_5e8788ceb2
t1,pbwve1t,user_15d9d2ae81
t1,pbwv7k6,user_942ee86771
t1,pbwv0pn,user_996d679f58
t1,pbwuxbc,user_c97f9d2f37
t1,pbwuqeq,user_12bdc8c221
t1,pbwuoci,user_5e8788ceb2
t1,pbwul59,user_27dbdf74fd
t1,pbwukyh,user_12bdc8c221
t1,pbwuhvo,user_b5cf6cfecd
t1,pbwubit,user_842240d720
t1,pbwu1sx,user_af6db192c9
t1,pbwtz4b,user_2e20a8248b
t1,pbwtycs,user_aa5fed8a62
t1,pbwtrn8,user_996dcd0e5c
t1,pbwtnon,user_f2353b6ae3
t1,pbwtio9,user_d25ad46be5
t1,pbwtgnm,user_b0eed4edd4
t1,pbwt90s,user_9ee7c29b0f
t1,pbwt8xe,user_12bdc8c221
t1,pbwt8jy,user_b0eed4edd4
t1,pbwt618,user_9ee7c29b0f
t1,pbwt3vo,user_c5a43c8b58
t1,pbwt0h7,user_eb8856808a
t1,pbwsrl2,user_4b4533e878
t1,pbwsrcs,user_dffa275dfc
t1,pbwsmdi,user_4b4533e878
t1,pbwsezf,user_077a01359d
t1,pbwsbca,user_25351294c3
t1,pbwsav9,user_431ce34453
t1,pbws76v,user_6455c47345
t1,pbws5v8,user_ccaba890ee
t1,pbws1gp,user_4b4533e878
t1,pbwrx1i,user_13d2418a22
t1,pbwrskx,user_ccaba890ee
t1,pbwro78,user_4b4533e878
t1,pbwrie2,user_ed6d9f522b
t1,pbwrglr,user_6c73cd559a
t1,pbwrdhy,user_9d80a25e37
t1,pbwrb9s,user_077a01359d
t1,pbwr54n,user_2e6812df53
t1,pbwr2h1,user_c45598a28e
t1,pbwqzfw,user_20b8d2052d
t1,pbwqyoa,user_aa5fed8a62
t1,pbwqvav,user_f5afaa0ad9
t1,pbwqrgg,user_0982523f8d
t1,pbwqq8g,user_5eb7623ff7
t1,pbyebh2,user_de60c34c1c
t1,pbye884,user_c5b9697e4d
t1,pbye4aq,user_b1b14fea27
t1,pbye3zw,user_cab70602e8
t1,pbydxim,user_be45921ffa
t1,pbydw7k,user_2aeac0acb7
t1,pbydq62,user_be45921ffa
t1,pbydpz7,user_f0ec4642e0
t1,pbydhj2,user_230814c645
t1,pbydh5z,user_daa8c8eec0
t1,pbyde2i,user_c5b9697e4d
t1,pbydc8h,user_28a994fd06
t1,pbydaqs,user_a77ed0e23d
t1,pbyda5v,user_7341b2127d
t1,pbyd9uf,user_236d0332d5
t1,pbyd8nf,user_0bdb4daf22
t1,pbyd84c,user_1e0c5f87e7
t1,pbyd27y,user_e7c6f99159
t1,pbyd161,user_2aeac0acb7
t1,pbycxta,user_6292de9399
t1,pbycwu8,user_e2dcb11777
t1,pbyctzl,user_1e2d36f096
t1,pbycrq1,user_2aeac0acb7
t1,pbycpxc,user_c5b9697e4d
t1,pbyckdx,user_6916bf6862
t1,pbyck8w,user_236d0332d5
t1,pbycgyf,user_b931d93ebe
t1,pbycejf,user_bdb6778dc6
t1,pbycdqw,user_e7c6f99159
t1,pbycdbf,user_7be6cac82b
t1,pbyc6qo,user_7741993a1a
t1,pbyc2w5,user_ce492238eb
t1,pbybrza,user_ce492238eb
t1,pbybm9l,user_3ea3f71737
t1,pbybapl,user_4bcdd2dc17
t1,pbyb7tj,user_f81ff729fc
t1,pbyb6nb,user_b34249c670
t1,pbyaw9o,user_9a36e514ec
t1,pbyarg3,user_d2c6d111f5
t1,pbyacf3,user_28ee386887
t1,pbyac4m,user_e52e4d89e3
t1,pby9yqv,user_2aeac0acb7
t1,pby9vax,user_0661eed1c7
t1,pby9tq4,user_2aeac0acb7
t1,pby9n3q,user_69f7a13e3d
t1,pby9liq,user_82a32e8b94
t1,pby9l8q,user_2aeac0acb7
t1,pby9g4o,user_f4b0eb85f2
t1,pby9dp7,user_a4d52bbcab
t1,pby9chi,user_0914b614c7
t1,pby8g5k,user_63cb294229
t1,pby8c6e,user_b120efbe74
t1,pby88h6,user_ffa797d388
t1,pby85nb,user_6a8db55ee9
t1,pby7zw7,user_7b8dee98c7
t1,pby7oaw,user_bda46cc0ab
t1,pby6yyv,user_57e5e3d8a4
t1,pby6yjp,user_eb3b706025
t1,pby6udt,user_bf88b1db79
t1,pby6tsp,user_533db00a74
t1,pby6oom,user_0f1edd2b83
t1,pby6mio,user_8c74082652
t1,pby6jwf,user_e53dbba131
t1,pby6iee,user_a37ba1e9fc
t1,pby6gs7,user_0f1edd2b83
t1,pby66fq,user_0f1edd2b83
t1,pby6282,user_ce492238eb
t1,pby5u6y,user_e09d036901
t1,pby5bzn,user_82a32e8b94
t1,pby55xq,user_e01716ad0f
t1,pby53wr,user_50f539aafd
t1,pby53se,user_cf61068bc1
t1,pby51nb,user_50f539aafd
t1,pby4utv,user_552ced7865
t1,pby4h56,user_a7bef43d09
t1,pby4g1f,user_50201ce08e
t1,pby4coh,user_ce492238eb
t1,pby4c1f,user_552ced7865
t1,pby4a23,user_52b44f9e99
t1,pby442h,user_bb8c9914de
t1,pby3ej3,user_e8800c4ac1
t1,pby3c18,user_3661ae193f
t1,pby2tye,user_c31a326a96
t1,pby2lv9,user_52b44f9e99
t1,pby2lqp,user_93e75f2a72
t1,pby2ii5,user_93e75f2a72
t1,pby2i2p,user_91f34289e1
t1,pby2g78,user_545293be73
t1,pby29y3,user_0b421249b1
t1,pby1ta1,user_87979a1aa7
t1,pc0n3y4,user_9eeddc28bc
t1,pc0n0wc,user_5056171117
t1,pc0mudy,user_6c73cd559a
t1,pc0mtb2,user_8521b8f205
t1,pc0mpuv,user_7138672f5d
t1,pc0mplu,user_4b8857887c
t1,pc0mnin,user_fe753e5087
t1,pc0mmoe,user_5056171117
t1,pc0mjsh,user_fe753e5087
t1,pc0m98u,user_5056171117
t1,pc0m7ol,user_f841755a9a
t1,pc0m5wr,user_56bd4b012c
t1,pc0m5pc,user_cd46b391cf
t1,pc0m32o,user_5056171117
t1,pc0lzu4,user_fe753e5087
t1,pc0lvz3,user_50201ce08e
t1,pc0lokp,user_fe753e5087
t1,pc0ll0i,user_fe753e5087
t1,pc0lkx6,user_5056171117
t1,pc0ljme,user_01638abfc6
t1,pc0lizp,user_50201ce08e
t1,pc0lecl,user_fe753e5087
t1,pc0leeq,user_8521b8f205
t1,pc0ld20,user_5056171117
t1,pc0lbuz,user_9423370215
t1,pc0l8yy,user_fe753e5087
t1,pc0l4mb,user_5056171117
t1,pc0l2cn,user_22f1156045
t1,pc0kyv3,user_5056171117
t1,pc0kvu2,user_9eeddc28bc
t1,pc0kvbz,user_1d1b46e013
t1,pc0ku9y,user_5056171117
t1,pc0krqu,user_50201ce08e
t1,pc0kq7d,user_8de9c0cff3
t1,pc0knk1,user_e82709a970
t1,pc0kn8z,user_0fc3286460
t1,pc0km5o,user_eb8856808a
t1,pc0kkl6,user_8de9c0cff3
t1,pc0kk5o,user_34948e03d4
t1,pc0khfu,user_fe753e5087
t1,pc0k1zr,user_22f1156045
t1,pc0k1a7,user_500fdc09e6
t1,pc0jzdi,user_500fdc09e6
t1,pc0jwag,user_c4eed6c7c0
t1,pc0jvcp,user_fe753e5087
t1,pc0jug4,user_500fdc09e6
t1,pc0jsqk,user_22f1156045
t1,pc0jpnf,user_50201ce08e
t1,pc0joxk,user_fe753e5087
t1,pc0jjh9,user_0490713ced
t1,pc0jh5v,user_50ad7391b5
t1,pc0jfa5,user_5056171117
t1,pc0jb01,user_5056171117
t1,pc0j99t,user_1985715c78
t1,pc0j8r9,user_fe753e5087
t1,pc0j3en,user_50ad7391b5
t1,pc0j11w,user_4168fe7347
t1,pc0j12e,user_642152843f
t1,pc0iwpc,user_0e8d9b1a62
t1,pc0iq7t,user_0490713ced
t1,pc0iq3v,user_8955df3a8c
t1,pc0im2g,user_6a8f2ea053
t1,pc0ilv2,user_7b406e70ae
t1,pc0ikko,user_50ad7391b5
t1,pc0ijfa,user_321dcecd69
t1,pc0igqo,user_8d1b57050d
t1,pc0ig7f,user_919d3f6452
t1,pc0iddc,user_8521b8f205
t1,pc0i9at,user_5056171117
t1,pc0i5n6,user_ae579fc137
t1,pc0i51e,user_79e5850d19
t1,pc0i3qm,user_2aeac0acb7
t1,pc0i3gj,user_629e9d3573
t1,pc0i3av,user_9548423ca5
t1,pc0i2kd,user_fe753e5087
t1,pc0i2e5,user_ddf15d8c14
t1,pc0i28h,user_c83e933cf7
t1,pc0hze3,user_d2d652b9d6
t1,pc0hsnn,user_11b629bf6a
t1,pc0hrdn,user_79e5850d19
t1,pc0hqmw,user_fe753e5087
t1,pc0hp22,user_500fdc09e6
t1,pc0hmhb,user_500fdc09e6
t1,pc0hkhp,user_5056171117
t1,pc0hk85,user_500fdc09e6
t1,pc0hi92,user_82af80998f
t1,pc0hdck,user_55450165f7
t1,pc2rwyn,user_7e295b90f9
t1,pc2rv89,user_7b5267142a
t1,pc2rcqn,user_d61187cbab
t1,pc2r27v,user_de421f4ad2
t1,pc2qp9c,user_d4cc71f012
t1,pc2qakr,user_da07ee5e30
t1,pc2pwiu,user_be7e954280
t1,pc2pwb3,user_3428b1e7b4
t1,pc2pqxs,user_6b92b296f1
t1,pc2pgrh,user_7e295b90f9
t1,pc2p28r,user_d25c860146
t1,pc2oxgs,user_3a41294e62
t1,pc2otof,user_3e04f8fc58
t1,pc2op1d,user_19e6bce373
t1,pc2ompe,user_cae896192b
t1,pc2ofkx,user_ecca9930c0
t1,pc2od7k,user_05887e2e26
t1,pc2o8os,user_e48bad91d5
t1,pc2nsw9,user_7c92ceafee
t1,pc2nsko,user_159b39d813
t1,pc2nl8r,user_13ebd72911
t1,pc2ngbi,user_be7e954280
t1,pc2nezx,user_6a18754903
t1,pc2ncjv,user_683266d754
t1,pc2n97e,user_0ea37aff83
t1,pc2n5ya,user_e837010ee5
t1,pc2mx2c,user_2d166cfd26
t1,pc2mx3j,user_b38f8cdbb5
t1,pc2ms3v,user_9eeddc28bc
t1,pc2mpby,user_ea06cf38d4
t1,pc2mkym,user_959a673b29
t1,pc2mdus,user_13ebd72911
t1,pc2m8yc,user_959a673b29
t1,pc2m5ts,user_959a673b29
t1,pc2m5k9,user_26da2e1ff1
t1,pc2m490,user_ffab61ab06
t1,pc2m01v,user_4391089c27
t1,pc2lxtx,user_4391089c27
t1,pc2lxaa,user_570443127b
t1,pc2ls42,user_959a673b29
t1,pc2lozz,user_4e89b6b0d9
t1,pc2lo08,user_9eeddc28bc
t1,pc2ljez,user_547eae2601
t1,pc2ler7,user_9eeddc28bc
t1,pc2l3fs,user_e7b90966e1
t1,pc2l2ww,user_48852e49d0
t1,pc2l0v6,user_e4f042126a
t1,pc2l09c,user_30b7981030
t1,pc2kysk,user_e7b90966e1
t1,pc2kxdq,user_3b549f07e1
t1,pc2ks6z,user_7eb4900218
t1,pc2ks4x,user_1f7dea212c
t1,pc2kqwg,user_7b5267142a
t1,pc2kooj,user_3b7692d210
t1,pc2kn37,user_a03c52c8a4
t1,pc2kihw,user_ffab61ab06
t1,pc2kd4q,user_3161c50439
t1,pc2k65i,user_547eae2601
t1,pc2k48v,user_aa30ecdbef
t1,pc2k2pr,user_75d7d46ded
t1,pc2k1j2,user_57631b6f89
t1,pc2ju82,user_ce492238eb
t1,pc2jmio,user_2f434ff98b
t1,pc2jf0x,user_6ff01a7ae3
t1,pc2jegd,user_547eae2601
t1,pc2jb5f,user_141c81a6f4
t1,pc2jabk,user_8b5091e25c
t1,pc2j742,user_5efb9c1d79
t1,pc2j6sn,user_787db25b68
t1,pc2j6s7,user_7456138cf5
t1,pc2ity7,user_2b5afadc3a
t1,pc2iscs,user_c989a24e72
t1,pc2im6c,user_3544fce694
t1,pc2iixf,user_0c59446fdb
t1,pc2ifhu,user_df3e2e4676
t1,pc2iffg,user_787db25b68
t1,pc2icth,user_787db25b68
t1,pc2i29t,user_42614be699
t1,pc2hwuw,user_a0f1191665
t1,pc2hky6,user_b38f8cdbb5
t1,pc2hfrm,user_7b5267142a
t1,pc2h6zz,user_20d6b91b12
t1,pc2h5kd,user_ff5bcbb16c
t1,pc2gs4a,user_d5258b8eb7
t1,pc2goq8,user_540ea92c1b
t1,pc2gkhm,user_540ea92c1b
t1,pc2gim1,user_d8f3f52821
t1,pc4cafs,user_af324fbdb9
t1,pc4c3yp,user_b26c5ce310
t1,pc4c3mw,user_1ebb0a2080
t1,pc4bsz7,user_077a01359d
t1,pc4bn7l,user_3bd44ae7ba
t1,pc4blh2,user_5df781e228
t1,pc4bkek,user_fbae8a0131
t1,pc4bjac,user_b9ea93e6b7
t1,pc4bj5u,user_06b3e385c9
t1,pc4b27c,user_b9ea93e6b7
t1,pc4aozp,user_b70a0d6871
t1,pc4agaj,user_34db307c7f
t1,pc4abq2,user_a3eda08071
t1,pc4abis,user_3b36aabce3
t1,pc49hj1,user_a47914fb12
t1,pc49g1w,user_63b6542756
t1,pc48vl6,user_073328fb35
t1,pc48vg3,user_e370fb506a
t1,pc48ogj,user_dfae7bed0a
t1,pc48lii,user_43cf1eb426
t1,pc48l8m,user_94d7cca702
t1,pc485dn,user_5855e6fc51
t1,pc4805v,user_949e48dfb2
t1,pc47vsa,user_14cfb28b3a
t1,pc47vcc,user_5df781e228
t1,pc47p1y,user_3b14d5cd2a
t1,pc47oq6,user_0d3a821799
t1,pc47mz3,user_14cfb28b3a
t1,pc47ghe,user_5e2dfaaa07
t1,pc47ejy,user_b23d39367f
t1,pc47a6t,user_df6500eab5
t1,pc46o73,user_7b19efd4f2
t1,pc46ek4,user_0e1788ae60
t1,pc46by2,user_0e1788ae60
t1,pc4670v,user_04c2a3c91e
t1,pc463v9,user_0d3a821799
t1,pc45zac,user_1f80b64409
t1,pc45vgr,user_49cd59834e
t1,pc45um3,user_0d3a821799
t1,pc45shq,user_be7e954280
t1,pc45n4y,user_20944907ea
t1,pc45ep4,user_63b6542756
t1,pc459sp,user_63b6542756
t1,pc457zy,user_4fe54459bd
t1,pc4534d,user_0a47dde0d2
t1,pc451o4,user_5ad7ce9ab5
t1,pc44skj,user_7b770499a6
t1,pc4464f,user_5855e6fc51
t1,pc43zwg,user_31f37402ac
t1,pc43vyx,user_bc0e19d5f7
t1,pc43k3g,user_233bb12c76
t1,pc42off,user_7067a43f41
t1,pc42nw4,user_bc8ef24a00
t1,pc42jyl,user_35addd70b7
t1,pc427ms,user_20b4246f1a
t1,pc425cv,user_f5082de801
t1,pc41v3g,user_3302ec120d
t1,pc41t95,user_ed3b3d3ad2
t1,pc41oab,user_e15d8a0bbb
t1,pc41kob,user_516d1d8261
t1,pc41ih0,user_4e8745736f
t1,pc41gw5,user_e15d8a0bbb
t1,pc417z5,user_518af38f8b
t1,pc411x3,user_99b182119b
t1,pc40yqq,user_9eeddc28bc
t1,pc40pbq,user_3311c9adc2
t1,pc408gr,user_40ad5de00c
t1,pc4069g,user_2e664e947a
t1,pc3zytn,user_a737c73c68
t1,pc3znlg,user_cd360f5588
t1,pc3zmg6,user_9eb5c8fcfa
t1,pc3ziq5,user_177b8c57d1
t1,pc3ziis,user_2b4f1da654
t1,pc3zf2s,user_43cf1eb426
t1,pc3z8wh,user_a0568415b4
t1,pc3z71p,user_0fb91b8347
t1,pc3z67c,user_6ec1b2dc80
t1,pc3z4ww,user_0fb91b8347
t1,pc3z3ak,user_82af80998f
t1,pc3yznu,user_bd19ed4ef2
t1,pc3ywcm,user_43cf1eb426
t1,pc3yw81,user_506ce4f61b
t1,pc3ytcv,user_0c12456fa3
t1,pc3ys6n,user_e81cb0cb75
t1,pc3ymq7,user_b80be7c7f7
t1,pc3yk4l,user_a201bb46c3
t1,pc5lpnw,user_106126ae2a
t1,pc5liq0,user_c0022c20f7
t1,pc5lgzp,user_b5b13b0ee0
t1,pc5lg8r,user_cc788b9633
t1,pc5l9kv,user_fc642a3789
t1,pc5l8zl,user_762d24e6fc
t1,pc5l8yu,user_591b0a5e24
t1,pc5l7uv,user_ffda4de702
t1,pc5kwao,user_99e680fb91
t1,pc5kw2v,user_b51149b2fb
t1,pc5kvqt,user_99e680fb91
t1,pc5ku7m,user_8de9c0cff3
t1,pc5ktsf,user_bdbba7aa80
t1,pc5ksz6,user_1b9091c9b7
t1,pc5kqf8,user_b1b14fea27
t1,pc5knxr,user_3fb02c73e0
t1,pc5kjxt,user_9964a4ca50
t1,pc5kidw,user_0e133fd9e0
t1,pc5khgf,user_8c74082652
t1,pc5kg8z,user_9595ca1490
t1,pc5k56c,user_08aa0d4e45
t1,pc5k4w1,user_3dcf5bf54e
t1,pc5k3jb,user_53ca3c6431
t1,pc5k1zl,user_bd99216dc2
t1,pc5jypv,user_e9589c1a31
t1,pc5jylp,user_53ca3c6431
t1,pc5jxr7,user_7e8f107cd5
t1,pc5jwg8,user_fc925848f6
t1,pc5jw5b,user_b4210f34b0
t1,pc5juj4,user_ffda4de702
t1,pc5jubn,user_bc35744489
t1,pc5jtpu,user_53ca3c6431
t1,pc5jrly,user_4b89bcd33a
t1,pc5jr6n,user_fa20f2649a
t1,pc5jojm,user_ffda4de702
t1,pc5jnwf,user_7b19efd4f2
t1,pc5jngs,user_8de9c0cff3
t1,pc5jmpm,user_832fa48e5d
t1,pc5jln1,user_73f2b68a37
t1,pc5jjlh,user_7ca2aff12f
t1,pc5jj27,user_787db25b68
t1,pc5jit7,user_70ea80d7b1
t1,pc5jibt,user_6f9111b3e9
t1,pc5jhin,user_191f98a3aa
t1,pc5jh6q,user_08aa0d4e45
t1,pc5jh2t,user_dc4375da21
t1,pc5jh0x,user_6e8492596c
t1,pc5jfk6,user_ffda4de702
t1,pc5jd6j,user_ec221eb2c2
t1,pc5jd3n,user_7b19efd4f2
t1,pc5jcvf,user_edef8f7bd2
t1,pc5jctr,user_ffda4de702
t1,pc5jbzx,user_be610be82a
t1,pc5j9xu,user_e9589c1a31
t1,pc5j8fc,user_e7a80ff9a9
t1,pc5j70n,user_1f059ca0ae
t1,pc5j5x6,user_56f8d522a4
t1,pc5j4v4,user_edef8f7bd2
t1,pc5j48j,user_ffb8fba011
t1,pc5j0cz,user_edd2ac3d6d
t1,pc5j00k,user_20e3401c91
t1,pc5issd,user_bf67efbffe
t1,pc5isi6,user_787db25b68
t1,pc5iqbp,user_69a0a38586
t1,pc5iqe9,user_db0af9bac5
t1,pc5iq0m,user_ea261b554a
t1,pc5ijrz,user_5ec3f5d509
t1,pc5ieyq,user_232b9c08a5
t1,pc5i7xd,user_fc925848f6
t1,pc5i5v8,user_adec7dbb68
t1,pc5i5tk,user_fa20f2649a
t1,pc5i0mw,user_186c71b1f3
t1,pc5hxof,user_be0a8f67d6
t1,pc5htj4,user_7b19efd4f2
t1,pc5hs9u,user_9fb3090d48
t1,pc5hotv,user_d30c8eab00
t1,pc5hm90,user_ec221eb2c2
t1,pc5hlu8,user_d30c8eab00
t1,pc5hjin,user_05cde6f6f0
t1,pc5hic9,user_356ccb4ed8
t1,pc5hff3,user_4368e6bdd1
t1,pc7olwx,user_15d9d2ae81
t1,pc7oclu,user_8be3dd9683
t1,pc7oc4l,user_8de9c0cff3
t1,pc7obec,user_975faea40a
t1,pc7o7y4,user_0b435cabd3
t1,pc7o70i,user_8de9c0cff3
t1,pc7o6l8,user_787db25b68
t1,pc7o1du,user_8de9c0cff3
t1,pc7o0ia,user_0d8cd9067f
t1,pc7nx1z,user_0d8cd9067f
t1,pc7naf8,user_15d9d2ae81
t1,pc7na6i,user_c522e82c7a
t1,pc7mj3y,user_16c189c01b
t1,pc7mfwa,user_ccaba890ee
t1,pc7m83b,user_3e04f8fc58
t1,pc7m47z,user_9828bf6b46
t1,pc7lygm,user_edef8f7bd2
t1,pc7lvcc,user_9828bf6b46
t1,pc7lfhd,user_975faea40a
t1,pc7l8m8,user_99bcc41e9d
t1,pc7l56n,user_af078de613
t1,pc7l3r3,user_9828bf6b46
t1,pc7l0f6,user_50201ce08e
t1,pc7jxsn,user_15d9d2ae81
t1,pc7jox9,user_e674f54045
t1,pc7jmyh,user_9dba44ee56
t1,pc7jjah,user_fbae8a0131
t1,pc7jgnt,user_48852e49d0
t1,pc7jdpv,user_786e107cf9
t1,pc7j532,user_fcb784f848
t1,pc7ix14,user_54a34184b3
t1,pc7ifpd,user_6252489cb5
t1,pc7i8lo,user_86710257a3
t1,pc7i7n6,user_845a63c5fe
t1,pc7hx83,user_a60a7217e9
t1,pc7hj1n,user_15d9d2ae81
t1,pc7hc63,user_2888ae3e40
t1,pc7h996,user_6796510295
t1,pc7gv1b,user_817b6e1571
t1,pc7goev,user_98f7196d4c
t1,pc7god7,user_df4eecf848
t1,pc7gbnv,user_32e14f673d
t1,pc7fjei,user_b8a4b56017
t1,pc7f71i,user_573bf2a8f1
t1,pc7f28s,user_7247b70c17
t1,pc7eyel,user_f69fb859fd
t1,pc7ewp2,user_3fffe768f2
t1,pc7eiqc,user_573bf2a8f1
t1,pc7ehnt,user_7a7e956bc9
t1,pc7eg86,user_3fffe768f2
t1,pc7e3ke,user_3fffe768f2
t1,pc7e3a9,user_93e75f2a72
t1,pc7cwoj,user_6dda84510e
t1,pc7cszt,user_50201ce08e
t1,pc7cjj5,user_dd584be27b
t1,pc7batr,user_93e75f2a72
t1,pc7b9b7,user_b8a4b56017
t1,pc7arri,user_fb45f20193
t1,pc7aqrc,user_8b2c149e0e
t1,pc7ap70,user_4c5f026a31
t1,pc7aoi7,user_fb45f20193
t1,pc79r4s,user_b35e7ec212
t1,pc792wt,user_0b435cabd3
t1,pc78ala,user_6a314b477e
t1,pc78a7f,user_e971ff22b5
t1,pc782uk,user_ddc0e29236
t1,pc77pi6,user_e79effd2c2
t1,pc77ou5,user_559461ca01
t1,pc77jvk,user_d162267190
t1,pc775n6,user_060993f661
t1,pc76yx3,user_75b76eab06
t1,pc76ppt,user_f57701672e
t1,pc76fav,user_0409f1e197
t1,pc76bwd,user_be2aa59421
t1,pc7619r,user_5ac429b2b1
t1,pc7604t,user_b0d9ea5b6d
t1,pc75r0e,user_0d5b85a2fe
t1,pc75pp5,user_b0d9ea5b6d
t1,pc75mqr,user_752f3a1768
t1,pc757hy,user_7138672f5d
t1,pc74zrb,user_f7d8705beb
t1,pc9rx73,user_f8afa28d66
t1,pc9rpfj,user_bab12d4edd
t1,pc9rohf,user_1ef9500bba
t1,pc9ro1n,user_3bc1eaeaf6
t1,pc9rkjd,user_f79925726a
t1,pc9rfx9,user_c273db3f8a
t1,pc9reh8,user_afd5678fd3
t1,pc9r7d6,user_8de9c0cff3
t1,pc9r5my,user_f79925726a
t1,pc9r4ux,user_4e81b9bc6b
t1,pc9r38n,user_3ad0901ea0
t1,pc9r2l1,user_afd5678fd3
t1,pc9qook,user_97c315eff8
t1,pc9qlqm,user_3b84c37bbb
t1,pc9qb8u,user_4e53deb401
t1,pc9q917,user_87e1436c3c
t1,pc9q6pb,user_97c315eff8
t1,pc9py9h,user_8d028aed23
t1,pc9ptsj,user_e8800c4ac1
t1,pc9ps8b,user_d596653422
t1,pc9pmg1,user_125d9330b4
t1,pc9penj,user_e8800c4ac1
t1,pc9ouu2,user_50b936d532
t1,pc9ou8k,user_7f00dd6632
t1,pc9ogu9,user_21fa7d0ee3
t1,pc9oais,user_1994a40719
t1,pc9o8vf,user_9f78418c02
t1,pc9o7l4,user_cbd00645bd
t1,pc9nkg0,user_e14aa10386
t1,pc9nfw7,user_2de6e1af5c
t1,pc9naun,user_343d596c8a
t1,pc9muft,user_7669af0045
t1,pc9mnfp,user_6dda84510e
t1,pc9mg7t,user_d49aef0d13
t1,pc9merc,user_8ae7151b8c
t1,pc9lnds,user_5ec3f5d509
t1,pc9lhur,user_eda3348138
t1,pc9lhew,user_897186d025
t1,pc9l2cv,user_585349f244
t1,pc9l0y4,user_d7140f6714
t1,pc9kuzz,user_adc4979dfa
t1,pc9kuur,user_8044853b7e
t1,pc9kt2y,user_1c6e69cde9
t1,pc9kl7j,user_cfda6a1967
t1,pc9khbr,user_49cb891cb3
t1,pc9kekk,user_6c083f643c
t1,pc9k6ib,user_5b56bd95b0
t1,pc9k2xr,user_705d2a8df9
t1,pc9jz8n,user_ad2b1247fa
t1,pc9jy6n,user_7f00dd6632
t1,pc9jr5p,user_6cfb9a5bc4
t1,pc9jr0z,user_180cbd1101
t1,pc9jdte,user_c686fe8ca4
t1,pc9j7gu,user_87979a1aa7
t1,pc9j6ui,user_ee3c30dba7
t1,pc9j5xx,user_7f00dd6632
t1,pc9ix2e,user_87979a1aa7
t1,pc9ismw,user_ebfa61a747
t1,pc9is1l,user_971f782283
t1,pc9ip2k,user_4447d3fb59
t1,pc9iatd,user_dfc43fa469
t1,pc9hsbe,user_6b49c50eee
t1,pc9hnxq,user_472b1dcb49
t1,pc9hnek,user_2a4786f2ea
t1,pc9hj4l,user_cfb34dfa47
t1,pc9hhwf,user_7fe21e2c70
t1,pc9hbfv,user_1975361b18
t1,pc9h6gl,user_7fe21e2c70
t1,pc9h5lo,user_328bb8ab2c
t1,pc9h3b2,user_cfe936b930
t1,pc9gwvh,user_5ad809d4e7
t1,pc9gw7d,user_328bb8ab2c
t1,pc9gr8c,user_e399044fd8
t1,pc9gr0s,user_ec47bf6f49
t1,pc9gq30,user_afe70f91ce
t1,pc9gnxk,user_aa9379f1bf
t1,pc9gnik,user_545dfb8e9d
t1,pc9gmo3,user_ec47bf6f49
t1,pc9gko0,user_c419bffb5a
t1,pc9gjt8,user_de2bf09d9f
t1,pc9gje5,user_0a63034c96
t1,pc9givc,user_5ad809d4e7
t1,pcbcnag,user_cfe936b930
t1,pcbclil,user_26d8057e97
t1,pcbc8zy,user_26d8057e97
t1,pcbbx7x,user_fd6d94d37b
t1,pcbbsfn,user_af6db192c9
t1,pcbbs0c,user_0488b3da2c
t1,pcbbqlq,user_364d8e0bfc
t1,pcbbp1s,user_2c7c0b8870
t1,pcbbmvz,user_f3e5e17cda
t1,pcbbjht,user_08c9afeecd
t1,pcbbj4m,user_87979a1aa7
t1,pcbbhgs,user_2657b047cc
t1,pcbbgip,user_45ebd82669
t1,pcbb4e4,user_0435f0330f
t1,pcbauxg,user_a21ec2b09d
t1,pcbaql6,user_3d1726a825
t1,pcbapup,user_0c8b9a2842
t1,pcbaow0,user_4fed78bfa8
t1,pcbaltg,user_9b7b1da0d0
t1,pcbajzz,user_daf10a16e2
t1,pcba5r6,user_a9cbc9703c
t1,pcba53h,user_9b7b1da0d0
t1,pcba3xs,user_1f0eefeeb4
t1,pcba1m3,user_6c427e98c1
t1,pcb9tzm,user_9b7b1da0d0
t1,pcb9qgv,user_d8ee684c11
t1,pcb9mek,user_af6db192c9
t1,pcb9grp,user_1a44a8b5a3
t1,pcb9fyz,user_004edf67d9
t1,pcb9eq3,user_15f2ebc651
t1,pcb9d2j,user_87979a1aa7
t1,pcb9amr,user_af6db192c9
t1,pcb991w,user_3f626804d4
t1,pcb96vw,user_6079b65204
t1,pcb967j,user_bf6909def5
t1,pcb95oh,user_91a180c0a1
t1,pcb95k1,user_3f626804d4
t1,pcb93mb,user_949e39e4a7
t1,pcb90xv,user_e14a8228d5
t1,pcb90x0,user_514925df89
t1,pcb8yim,user_0b54e35d8d
t1,pcb8x58,user_82c4f8ee2b
t1,pcb8x3t,user_797dc3b683
t1,pcb8qjx,user_f52e10bc6c
t1,pcb895a,user_f0570f210d
t1,pcb862b,user_06b093c6b3
t1,pcb85rk,user_6e002fc2a7
t1,pcb81sk,user_af6db192c9
t1,pcb7t9n,user_6e1190b28a
t1,pcb7se3,user_48852e49d0
t1,pcb7qss,user_0490713ced
t1,pcb7mbl,user_fcd2be3960
t1,pcb7kvq,user_1fc0ef63aa
t1,pcb7jf8,user_d98da70682
t1,pcb7fjh,user_32ddcaa079
t1,pcb77nu,user_075f906cee
t1,pcb72c8,user_be9bf7f1bf
t1,pcb6z0m,user_1f0eefeeb4
t1,pcb6y68,user_266041e0dc
t1,pcb6y4v,user_772a915557
t1,pcb6xy3,user_4140964845
t1,pcb6u51,user_34261c4924
t1,pcb6qko,user_1f0eefeeb4
t1,pcb6mh0,user_48fdcf70b6
t1,pcb6kj2,user_e23b41ec2e
t1,pcb6f3o,user_48fdcf70b6
t1,pcb6dvz,user_a0519e73e5
t1,pcb6b99,user_48fdcf70b6
t1,pcb6aa0,user_cd59c62519
t1,pcb68u0,user_39dff07239
t1,pcb68k5,user_b19ac8b169
t1,pcb655f,user_533db00a74
t1,pcb64dx,user_42147d0c21
t1,pcb5yet,user_d153486b76
t1,pcb5r5s,user_42147d0c21
t1,pcb5muf,user_78dacfbc15
t1,pcb53va,user_42147d0c21
t1,pcb4sag,user_62649abae6
t1,pcb4n22,user_0490713ced
t1,pcb4ebj,user_7519e6a562
t1,pcb452s,user_adec7dbb68
t1,pcb43jy,user_dfae7bed0a
t1,pcb42ky,user_897186d025
t1,pcb41kz,user_bc18e78dbd
t1,pcb3m6r,user_5c45f76411
t1,pcb3c8l,user_897186d025
t1,pccnf5m,user_98514b48dc
t1,pccmvx4,user_916d895524
t1,pccmtou,user_897186d025
t1,pccmrbw,user_e61da2768b
t1,pccml89,user_cecdbb0fd4
t1,pccmkfl,user_3d464df6aa
t1,pccmg0a,user_dfa054bee5
t1,pccm5ex,user_897186d025
t1,pccm0zn,user_0cbc37722c
t1,pcclzhz,user_74bf4db037
t1,pccl071,user_afd5678fd3
t1,pcckjk9,user_be0f661062
t1,pcck2v8,user_74bf4db037
t1,pcck1nr,user_4c4c3b99a2
t1,pccjuo4,user_5cb16b51d9
t1,pccjujn,user_d21860b366
t1,pccjsdl,user_0be0ceeac0
t1,pccjn65,user_1c2a4f5c8f
t1,pccjlui,user_c9d2ab8a2d
t1,pccjfpz,user_4d004f2555
t1,pccjctv,user_b9b9be3569
t1,pccjat9,user_4d004f2555
t1,pccj0fw,user_fe753e5087
t1,pccil4c,user_a1b05296dc
t1,pcciiqh,user_1c2a4f5c8f
t1,pcci5ql,user_75e02c21cd
t1,pcci1nj,user_e01716ad0f
t1,pcchx0l,user_70650d5cfc
t1,pcchx02,user_f3c2eb160a
t1,pcchgc4,user_48fdcf70b6
t1,pcchee6,user_0b421249b1
t1,pcchan0,user_6ad1944f09
t1,pcch3ei,user_5b4e97d242
t1,pccgzsl,user_48fdcf70b6
t1,pccgrtu,user_5b4e97d242
t1,pccgr56,user_c8df675fb7
t1,pccgfrm,user_4600298c8c
t1,pccgcay,user_aee19e6a4f
t1,pccga8m,user_0785e21563
t1,pccg1hn,user_2d36b153d3
t1,pccfttt,user_2d36b153d3
t1,pcceh8k,user_d8dd55dc7d
t1,pcceci2,user_493f96d6c1
t1,pccea6e,user_6d887f136b
t1,pccdqrh,user_618c79b28f
t1,pccdity,user_df5bc43d52
t1,pccdb6r,user_a199358de9
t1,pccd6qm,user_a955298c58
t1,pccd1m8,user_5644af943a
t1,pccczqq,user_ba14cc9119
t1,pccctfl,user_79ce0347d0
t1,pcccqm8,user_3ec1462272
t1,pcccnx3,user_79ce0347d0
t1,pcccgxk,user_79ce0347d0
t1,pccca7n,user_106126ae2a
t1,pccbx7f,user_ba14cc9119
t1,pccbr0n,user_02bbbab0d2
t1,pccbo0b,user_24ed8a74d6
t1,pccbnfg,user_02bbbab0d2
t1,pccbkgo,user_25a2079ce5
t1,pccbb5s,user_9a2a9834f5
t1,pccb9mi,user_3f7cdd5c17
t1,pccb5w2,user_0aa75c43cc
t1,pccazdc,user_ba14cc9119
t1,pccax35,user_0c8b9a2842
t1,pccawng,user_79ce0347d0
t1,pccawcr,user_f9c4e91d01
t1,pccaw1b,user_4ea55bc0ac
t1,pccatyl,user_318096cdff
t1,pccaoa6,user_8661d7ee86
t1,pccamb9,user_cec185feeb
t1,pcca8wp,user_f02c3a7b0c
t1,pcc9y1u,user_45de02dc4c
t1,pcc9xm9,user_318096cdff
t1,pcc9vzk,user_3e5dbf4b28
t1,pcc9n7h,user_318096cdff
t1,pcc9e8q,user_f9c4e91d01
t1,pcc9awj,user_cec185feeb
t1,pcc96ea,user_53c9494db4
t1,pcc8q8h,user_7675e72ff6
t1,pcc8dgu,user_5783f4dd44
t1,pcc8dfj,user_27f405f640
t1,pcc7zol,user_79ce0347d0
t1,pcc7oyc,user_32637be0f7
t1,pcc7oh0,user_e74a9e31ee
t1,pcc7l8d,user_a77cedf5c0
t1,pcc7i6p,user_ba14cc9119
t1,pcc74zm,user_bd751fcbf8
t1,pcetcss,user_e2e3f1609e
t1,pcet45e,user_1bab94bf77
t1,pcesv14,user_f65d7a5e23
t1,pcestxx,user_6424b2627c
t1,pcesswh,user_633db680c0
t1,pcesozv,user_f45ec97e7f
t1,pceslnq,user_a821a0e74b
t1,pcesjy8,user_d2943de437
t1,pcesg2g,user_68026142c6
t1,pcesf24,user_ddcdb171f1
t1,pcese97,user_4eab989ef4
t1,pces6xx,user_8c62211876
t1,pces634,user_ee214357b5
t1,pcery5b,user_2de6e1af5c
t1,pcervq1,user_f45ec97e7f
t1,pceruto,user_c49ed50b97
t1,pcerg8p,user_cdf5e84602
t1,pcerf1a,user_50ad7391b5
t1,pcer7ca,user_44c0f23123
t1,pcer0xg,user_3d2fc5d873
t1,pceqeiu,user_b7c50889cc
t1,pceqa7k,user_b1b679f3aa
t1,pceq5gi,user_fcdb5dac7a
t1,pceq3se,user_075400be3c
t1,pcepv31,user_1fb43119f6
t1,pceptqr,user_0eb6ff8cbf
t1,pcepolj,user_5ac429b2b1
t1,pcepoga,user_b1b679f3aa
t1,pcepkjs,user_7c27405d6c
t1,pcep64m,user_89729a1aa4
t1,pceoxqb,user_3d2fc5d873
t1,pceoxnu,user_3503c71f45
t1,pceouhw,user_f98f0dafd7
t1,pceonqo,user_fc1d82bfa6
t1,pceolbu,user_c61434d7e2
t1,pceojna,user_ca99d69cbd
t1,pceoid8,user_8cc7c5acd5
t1,pceoerh,user_8cc7c5acd5
t1,pceo8ho,user_ef5e93306f
t1,pceo7rl,user_5ac429b2b1
t1,pceo42a,user_8cc7c5acd5
t1,pceo1gc,user_8cc7c5acd5
t1,pceo09g,user_5ac429b2b1
t1,pceny48,user_58af3573c5
t1,pcenvpu,user_6b3bf6a8dd
t1,pcenrw2,user_dd35e57d31
t1,pcenrbx,user_9b81208651
t1,pcenm30,user_1520ab709e
t1,pcenkaq,user_f809ea6a88
t1,pcenh5h,user_0ebb4eed7e
t1,pcengcw,user_9ffd428624
t1,pcen6qg,user_34261c4924
t1,pcen2kn,user_d25c860146
t1,pcen1i8,user_175337ceb8
t1,pcemw2n,user_34261c4924
t1,pcemuhy,user_30328e0a88
t1,pcemq8k,user_d25c860146
t1,pcemol0,user_63b6542756
t1,pcema4t,user_66e38f8660
t1,pcem7al,user_7c27405d6c
t1,pcem78f,user_3412809fad
t1,pcem5uf,user_5d8460032d
t1,pcelw2n,user_f6b9c82fb6
t1,pcelvol,user_fa20f2649a
t1,pceltry,user_7c27405d6c
t1,pceloop,user_1da7df3f08
t1,pcelo6k,user_7c27405d6c
t1,pcelmm3,user_53bda180af
t1,pceljn1,user_7c27405d6c
t1,pcelg7s,user_177b8c57d1
t1,pcelf1c,user_21fa7d0ee3
t1,pcel7ed,user_dd35e57d31
t1,pcel71w,user_051d6576e0
t1,pcel2lp,user_86ee5c6c5a
t1,pcekx7d,user_8f5097ac64
t1,pcekrgz,user_25a6c8315b
t1,pcekqs3,user_3d2fc5d873
t1,pcekpg5,user_5313abf59e
t1,pcekn1u,user_21fa7d0ee3
t1,pcekk7r,user_588d7cbecb
t1,pcekep8,user_e9e8a67f01
t1,pcekee3,user_c360d56853
t1,pcekdu4,user_30328e0a88
t1,pch69r3,user_f45ffd4ba5
t1,pch68dm,user_6dda84510e
t1,pch5www,user_58693a82d8
t1,pch5tyi,user_5fe3a767a1
t1,pch5phl,user_0417206d65
t1,pch5lw3,user_0417206d65
t1,pch5lnx,user_0c8b9a2842
t1,pch5jtk,user_15d9d2ae81
t1,pch5esv,user_cfd4c19ec1
t1,pch56lz,user_f45ffd4ba5
t1,pch52tr,user_177b8c57d1
t1,pch4oir,user_88474e8d28
t1,pch4mjj,user_ad3e495dc2
t1,pch4jv6,user_0c8b9a2842
t1,pch4chb,user_0417206d65
t1,pch46ag,user_ea8fef5920
t1,pch43i2,user_ad3e495dc2
t1,pch42l4,user_8abfbc0221
t1,pch3p1s,user_ad3e495dc2
t1,pch3nzj,user_dffffa5526
t1,pch3ews,user_f45ffd4ba5
t1,pch350a,user_ad3e495dc2
t1,pch32qz,user_79e5850d19
t1,pch31uu,user_c0b79ef4c2
t1,pch2sm6,user_15b80373e1
t1,pch2l1m,user_c2104aceba
t1,pch2cmu,user_93ec515579
t1,pch23rv,user_3a2f2f44f9
t1,pch224z,user_f34a7648bc
t1,pch21ul,user_64098611d4
t1,pch20it,user_184f7baf88
t1,pch1uqm,user_215354f701
t1,pch1qft,user_74476a5fac
t1,pch1kb5,user_7d600cf2bf
t1,pch1iq1,user_4af4e66044
t1,pch1gjv,user_f093270ba3
t1,pch13ew,user_7ca2aff12f
t1,pch1195,user_5fe3a767a1
t1,pch10gr,user_4ffd9d5a9d
t1,pch0vnl,user_df49b505e1
t1,pch0tt6,user_33d63d872f
t1,pch0tqd,user_56917f446a
t1,pch0sfb,user_3a2f2f44f9
t1,pch0s24,user_a0d407787d
t1,pch0pya,user_3faeae97f5
t1,pch0ls4,user_fd4551d6e0
t1,pch0lbx,user_30cf1eb8e9
t1,pch0k06,user_e14aa10386
t1,pch0j0z,user_0490713ced
t1,pch0hd0,user_eaaa2e40a3
t1,pch0fuy,user_4ffd9d5a9d
t1,pch0e8j,user_3a2f2f44f9
t1,pch0ckl,user_8eae884867
t1,pch0c81,user_2bd7504d60
t1,pch0by1,user_1e313352f7
t1,pch09of,user_39dff07239
t1,pch08fd,user_d8f6f7b910
t1,pch05rk,user_006be186c0
t1,pch05h5,user_448b4ed27a
t1,pcgzx7h,user_588d7cbecb
t1,pcgzpoc,user_6b49c50eee
t1,pcgzm63,user_e3b29a8454
t1,pcgzia0,user_b311ebd26c
t1,pcgzee6,user_80bc2a8acf
t1,pcgzd3n,user_e1dba489b4
t1,pcgz96n,user_5196af6dcc
t1,pcgz8hu,user_fcf985cebf
t1,pcgz74k,user_cb94b7ce86
t1,pcgz6lq,user_2cc2013f42
t1,pcgz5py,user_64c856a7f9
t1,pcgz2do,user_c11155d91a
t1,pcgyz9s,user_9695b6df03
t1,pcgyyo0,user_64c856a7f9
t1,pcgyv1o,user_9695b6df03
t1,pcgyuss,user_996d679f58
t1,pcgys32,user_bd19ed4ef2
t1,pcgyrb3,user_4ffd9d5a9d
t1,pcgyntp,user_7bd2d78858
t1,pcgye9m,user_26d8057e97
t1,pcgy6hh,user_26d8057e97
t1,pcgy0hs,user_949b9a09c6
t1,pcgxyfk,user_15b80373e1
t1,pcgxxhy,user_f0003a689c
t1,pcgxsqe,user_58693a82d8
t1,pcgxnon,user_c382ab090a
t1,pcgxlrz,user_7bd2d78858
t1,pcgxii0,user_0417206d65
t1,pcgxf0w,user_7acc7e11b0
t1,pciu3g4,user_a8929698c7
t1,pcity1g,user_77445d1d44
t1,pcitr8h,user_77445d1d44
t1,pcitq2t,user_6b5235bc0f
t1,pcitiq8,user_02f3105657
t1,pcit6jz,user_ba14cc9119
t1,pcit422,user_30660e9690
t1,pcisym2,user_ba14cc9119
t1,pcisvr1,user_2e4c9b029b
t1,pcisty4,user_2e4c9b029b
t1,pcismqs,user_2e4c9b029b
t1,pcismdf,user_77445d1d44
t1,pciskn2,user_edc5e34d3f
t1,pcisk13,user_8058220fc7
t1,pcishst,user_af4194cefe
t1,pcishfo,user_77445d1d44
t1,pcisfpx,user_26355ce1b0
t1,pcis8ss,user_1a7e4f55e3
t1,pcis8ao,user_15316e4718
t1,pcirzrf,user_4cb48f1819
t1,pciry9x,user_f6b3c0f839
t1,pcirw90,user_4cb48f1819
t1,pciru8r,user_e5a115e245
t1,pciru3j,user_ae2831baba
t1,pcirr0f,user_d6e9819348
t1,pcirds9,user_fc9805fc98
t1,pcircbp,user_091d478e8b
t1,pcirad1,user_c7afde8c04
t1,pcira6t,user_f15834c7b7
t1,pcir8ku,user_77445d1d44
t1,pcir4iv,user_5a02fbb148
t1,pciqjc0,user_30660e9690
t1,pciqemy,user_f6a331a67b
t1,pciqd5v,user_77445d1d44
t1,pciq486,user_a738a3e244
t1,pcipxgb,user_f373264420
t1,pcipwtx,user_8058220fc7
t1,pcipty0,user_a6803e3f85
t1,pciptaa,user_3f7cdd5c17
t1,pcipso4,user_5c66cd444e
t1,pcipq05,user_06f212455a
t1,pcipmks,user_9283746a0d
t1,pcip7ax,user_03cfed47c1
t1,pcip66u,user_7e2fd26c35
t1,pcip4ex,user_03cfed47c1
t1,pcip03o,user_77445d1d44
t1,pciou3d,user_ae424caddc
t1,pciotkj,user_98fb480303
t1,pciosk2,user_77445d1d44
t1,pciopld,user_77445d1d44
t1,pciolrt,user_4a0657b118
t1,pciol84,user_39fbde7f6e
t1,pcioinp,user_6904ca765a
t1,pciof3k,user_8a14374711
t1,pcio7zd,user_3fb452dfa6
t1,pcio3pk,user_550f17e4d9
t1,pcio2dx,user_fb45f20193
t1,pcinuyu,user_5a02fbb148
t1,pcint5p,user_2044f5a1ed
t1,pcinsj7,user_fdbf3e04a5
t1,pcinqs2,user_4538c97bea
t1,pcinn5l,user_d8917d510f
t1,pcinmst,user_6904ca765a
t1,pcinmcu,user_a5908fe277
t1,pcinksd,user_9f7afe225e
t1,pcinjki,user_4955ee7d22
t1,pcinhp2,user_e2480fe47b
t1,pcindnw,user_9f7afe225e
t1,pcin9p7,user_d8917d510f
t1,pcin8bz,user_19e6bce373
t1,pcin862,user_04c2a3c91e
t1,pcin79a,user_62c4e57205
t1,pcin0q7,user_7e2ff5e0fd
t1,pcimzbs,user_77445d1d44
t1,pcimxwz,user_65be0c2244
t1,pcimqp1,user_77445d1d44
t1,pcimpis,user_97171600bd
t1,pcimnj0,user_21e87ed3cc
t1,pcimhxx,user_99365b4b22
t1,pcimh6c,user_77445d1d44
t1,pcimf2x,user_229aad6c04
t1,pcim877,user_62c3d5f702
t1,pcim3do,user_77445d1d44
t1,pcim17g,user_ebe09bbbc8
t1,pcilzw5,user_ad2b1247fa
t1,pcilzho,user_1a8e396147
t1,pcilx8j,user_550f17e4d9
t1,pcilur0,user_b412e7b5d8
t1,pcilsmx,user_b58f5c5cb3
t1,pck4ox9,user_291027c5fc
t1,pck4oai,user_ae98994ebf
t1,pck49f8,user_f69fb859fd
t1,pck43xz,user_6092d17fdf
t1,pck40fz,user_fb53cb82f7
t1,pck3zsg,user_6092d17fdf
t1,pck3uwj,user_006addd59a
t1,pck3qzu,user_176a3481eb
t1,pck3jjq,user_291027c5fc
t1,pck349p,user_4de7f39679
t1,pck2vxu,user_7626b5415f
t1,pck2u8a,user_a0665df7f8
t1,pck2quh,user_63b5495c33
t1,pck2os5,user_f865fdd1cf
t1,pck2oi7,user_862125c97b
t1,pck2lhs,user_ef856dd4b0
t1,pck2irh,user_76c3fc6c0e
t1,pck2cz1,user_ec280099ec
t1,pck2cv3,user_1aca2118ae
t1,pck2arx,user_3d609597a3
t1,pck2apt,user_bbb6cee0c9
t1,pck29vg,user_a0665df7f8
t1,pck28jz,user_4d004f2555
t1,pck27qm,user_dd324bd1ac
t1,pck23ts,user_1274fc8c53
t1,pck1wuo,user_4d004f2555
t1,pck1mxu,user_4efc70f6eb
t1,pck0x8k,user_7c9015c44f
t1,pck0smk,user_12bdc8c221
t1,pck0jhu,user_9296ec97e4
t1,pck09l4,user_e67901da15
t1,pck05ri,user_0a7ef54335
t1,pcjzze8,user_4239045a32
t1,pcjzwi5,user_518af38f8b
t1,pcjzvgo,user_63b5495c33
t1,pcjzcif,user_9e4ecea5de
t1,pcjz2yw,user_53bda180af
t1,pcjz26g,user_22f1156045
t1,pcjymiy,user_e4b2b9888f
t1,pcjym5d,user_a786580bca
t1,pcjyarr,user_f865fdd1cf
t1,pcjy8ud,user_aac41a4c44
t1,pcjy3h8,user_38afc790e2
t1,pcjxyp3,user_ec00325b3b
t1,pcjxvtb,user_572971e7b5
t1,pcjxu42,user_132213b11c
t1,pcjxt6b,user_9964a4ca50
t1,pcjxntb,user_7ebe9852fc
t1,pcjxnfr,user_b1afe7ab4c
t1,pcjxlwm,user_942e0228ab
t1,pcjxl76,user_0b399f04b2
t1,pcjxk2i,user_9c917f808c
t1,pcjxiv1,user_797dc3b683
t1,pcjxh61,user_d89f0391f3
t1,pcjx8v9,user_0b421249b1
t1,pcjx8ad,user_68ec320cef
t1,pcjx2da,user_7bd2d78858
t1,pcjwyom,user_e9e8a67f01
t1,pcjwqfd,user_e61da2768b
t1,pcjwkcv,user_7b1ddff4de
t1,pcjwgwv,user_ceb07ed58b
t1,pcjwgmf,user_927687c2a4
t1,pcjwclz,user_8f8004717e
t1,pcjwbf4,user_5b2f5fedf6
t1,pcjw30n,user_e3403c7c47
t1,pcjvzyp,user_ce6c0ea7e7
t1,pcjvu8j,user_89f5594cd6
t1,pcjvser,user_87c4920bcc
t1,pcjvmi0,user_137b64de15
t1,pcjuuvs,user_4af11cf9cd
t1,pcjuti6,user_5ecb2af1aa
t1,pcjurjo,user_e6afa4419e
t1,pcjup88,user_5c5a3efad3
t1,pcjtxnm,user_812857f307
t1,pcjtucc,user_33d7e0faea
t1,pcjtp69,user_b127f1c620
t1,pcjtp2y,user_88627d68f9
t1,pcjsuif,user_15d9d2ae81
t1,pcjsr58,user_7626b5415f
t1,pcjsm2c,user_15d9d2ae81
t1,pcjse34,user_6c3065c453
t1,pcjsd0r,user_15d9d2ae81
t1,pcjsaz6,user_cb85a85046
t1,pcjs9il,user_15d9d2ae81
t1,pcjs622,user_15d9d2ae81
t1,pcjs2i6,user_fcba119459
t1,pcmh0nh,user_4fed78bfa8
t1,pcmgw27,user_4fed78bfa8
t1,pcmgsp9,user_c10cb90d1f
t1,pcmgnyk,user_921b3ec0f1
t1,pcmgd5g,user_3fd7f497fb
t1,pcmgd62,user_7a42b313f2
t1,pcmgcjn,user_4fed78bfa8
t1,pcmga69,user_c1894f802f
t1,pcmg3c5,user_921b3ec0f1
t1,pcmg1sq,user_4fed78bfa8
t1,pcmfz04,user_1fab88e8d6
t1,pcmfwqo,user_bffff6b9ab
t1,pcmfvsi,user_c5855deab5
t1,pcmftga,user_119f8a6b79
t1,pcmfolr,user_c10cb90d1f
t1,pcmfog9,user_8413720bb8
t1,pcmfnnz,user_2be5d3b1e2
t1,pcmfl9e,user_8413720bb8
t1,pcmfi43,user_97be89bb4f
t1,pcmfghm,user_4fed78bfa8
t1,pcmfczc,user_bffff6b9ab
t1,pcmfa6e,user_75b76eab06
t1,pcmf3jj,user_d3dea1d73f
t1,pcmf2wp,user_1fab88e8d6
t1,pcmesq7,user_5104056974
t1,pcmelil,user_fd7c8c0032
t1,pcmeli4,user_4fed78bfa8
t1,pcmeeb6,user_7a42b313f2
t1,pcmec6q,user_5104056974
t1,pcme7hv,user_5e3ab0a4bf
t1,pcme614,user_4fed78bfa8
t1,pcme3u7,user_2fe41bfdbf
t1,pcme2pm,user_e775070de0
t1,pcme2lh,user_045f9e8384
t1,pcme1kv,user_4fed78bfa8
t1,pcmdxs7,user_4fed78bfa8
t1,pcmdwxy,user_91f34289e1
t1,pcmdvg8,user_e775070de0
t1,pcmdql1,user_1f0eefeeb4
t1,pcmdixk,user_97be89bb4f
t1,pcmdg0o,user_0a70a64cb9
t1,pcmdfzp,user_cacc72c181
t1,pcmdfjr,user_ecbcf68acd
t1,pcmdfbe,user_0d3a821799
t1,pcmdeif,user_86ee5c6c5a
t1,pcmd7vc,user_48fdcf70b6
t1,pcmd6ra,user_bffff6b9ab
t1,pcmd5an,user_f27ad0cc90
t1,pcmd3q4,user_97be89bb4f
t1,pcmcv76,user_bffff6b9ab
t1,pcmcrre,user_550a043453
t1,pcmcrgn,user_97be89bb4f
t1,pcmcnw6,user_bffff6b9ab
t1,pcmcgan,user_cacc72c181
t1,pcmcg1i,user_269eb92693
t1,pcmcd8k,user_0a70a64cb9
t1,pcmc7gv,user_6a314b477e
t1,pcmbxvq,user_975faea40a
t1,pcmbx4t,user_e1dba489b4
t1,pcmbv7t,user_d01c50e91b
t1,pcmbpu1,user_f5396504be
t1,pcmbov0,user_09563e04ef
t1,pcmbnhm,user_e9e8a67f01
t1,pcmbm3x,user_7086a76e04
t1,pcmbera,user_e4954ce7ae
t1,pcmbehq,user_2d50c6338c
t1,pcmbbrw,user_356ce3f562
t1,pcmbak4,user_e0725a8255
t1,pcmb89a,user_5e3ab0a4bf
t1,pcmb76d,user_471d7734a7
t1,pcmb4cx,user_50ad7391b5
t1,pcmb1iu,user_0b54e35d8d
t1,pcmb0hd,user_6126df3a54
t1,pcmarka,user_ab85b7442e
t1,pcmao46,user_269eb92693
t1,pcmamhu,user_19d4a9823e
t1,pcmaiaz,user_5104056974
t1,pcmaem8,user_0664be868c
t1,pcmad9a,user_ab85b7442e
t1,pcma87a,user_269eb92693
t1,pcm9wdo,user_fe89ffda6d
t1,pcm9u3m,user_86ee5c6c5a
t1,pcm9ruj,user_ab85b7442e
t1,pcm9qmk,user_82af80998f
t1,pcm9prf,user_ce98b68946
t1,pcm9m29,user_4507e66824
t1,pcm9jw3,user_269eb92693
t1,pcm9caa,user_ab85b7442e
t1,pcm9blh,user_8332d6275c
t1,pcori0w,user_3a97abc236
t1,pcord75,user_72ca865be8
t1,pcorcoc,user_655bb3105a
t1,pcoqzkf,user_e6340a87d8
t1,pcoqx0j,user_c28b865793
t1,pcoqug0,user_2a6caf5a8b
t1,pcoqmfy,user_a7aea154c1
t1,pcoqkoe,user_56099d7307
t1,pcoqfhp,user_7e295b90f9
t1,pcoq63u,user_5b19b807ff
t1,pcoq4so,user_91aad45a20
t1,pcopxqu,user_a7fed8405e
t1,pcopv0e,user_19b3b8f115
t1,pcopumv,user_68331ea894
t1,pcopk1t,user_142382deb1
t1,pcopfwf,user_1ae40a76dd
t1,pcop7tk,user_d516d881c7
t1,pcop62g,user_d131186001
t1,pcop1o6,user_9acf86a1f1
t1,pcooxoc,user_e6340a87d8
t1,pcoow27,user_c5f5cb9b77
t1,pcool5z,user_e6340a87d8
t1,pcooksj,user_1202a67388
t1,pcooj9t,user_7e295b90f9
t1,pcooinh,user_dfae7bed0a
t1,pcoog47,user_ced76654b1
t1,pcoobvn,user_a22ef9de71
t1,pcoo6z7,user_7e295b90f9
t1,pcoo2vj,user_d4593281e2
t1,pconik9,user_99e729f30f
t1,pconaxt,user_9823f0cac0
t1,pcon2ux,user_0b399f04b2
t1,pcomz7c,user_335dbb4012
t1,pcomv6k,user_515f975d44
t1,pcomt3z,user_e14aa10386
t1,pcomph3,user_e14aa10386
t1,pcomp7t,user_e1e16fd2f0
t1,pcomod1,user_02433d2485
t1,pcomeua,user_2cb2594b90
t1,pcom8mn,user_e1e16fd2f0
t1,pcom789,user_a0519e73e5
t1,pcom42n,user_9eb5c8fcfa
t1,pcolyw0,user_7cccf08ab5
t1,pcoltam,user_30b7981030
t1,pcolsa1,user_b072d80ccb
t1,pcolnvh,user_dfae7bed0a
t1,pcolf3s,user_a0519e73e5
t1,pcolbfp,user_6078ef7957
t1,pcol4dx,user_af078de613
t1,pcoksj1,user_a0519e73e5
t1,pcokrcf,user_4e9c5ab5ed
t1,pcokmfz,user_4600298c8c
t1,pcokj9j,user_2cb2594b90
t1,pcokd6a,user_f38ecb23bf
t1,pcok7px,user_a0519e73e5
t1,pcok1hj,user_50ad7391b5
t1,pcojyee,user_a0519e73e5
t1,pcojqxc,user_06ee86759c
t1,pcojqch,user_56099d7307
t1,pcojpns,user_dfae7bed0a
t1,pcojm62,user_1017ce6ee4
t1,pcojlqr,user_a0519e73e5
t1,pcojjjq,user_19b9e2c396
t1,pcojinx,user_5a2f04a2a8
t1,pcojigz,user_50ad7391b5
t1,pcojfey,user_a0519e73e5
t1,pcojep0,user_50ad7391b5
t1,pcojdle,user_6855928387
t1,pcojbvt,user_e14aa10386
t1,pcoj8fu,user_5062e225a7
t1,pcoj0z5,user_e2480fe47b
t1,pcoizgc,user_a0519e73e5
t1,pcoiree,user_4a53676b7c
t1,pcoigxl,user_733bdd1847
t1,pcoigmg,user_8b50ad46fa
t1,pcoic5u,user_3ef850452b
t1,pcoia7s,user_9acf86a1f1
t1,pcoi28u,user_c7e0f36e23
t1,pcoi0xo,user_119f8a6b79
t1,pcohlpf,user_515f975d44
t1,pcohkbu,user_733bdd1847
t1,pcohi6d,user_1c3f7b2c74
t1,pcoh2xs,user_351a734afc
t1,pcogx6d,user_3a41294e62
t1,pcqhhca,user_86fc1691b4
t1,pcqhg9t,user_3139b1c6f7
t1,pcqhbpj,user_5d2114dbff
t1,pcqhbea,user_ac5df6bdf0
t1,pcqh8mm,user_7c92ceafee
t1,pcqh4wg,user_7ce84adcca
t1,pcqh13a,user_8c5885be82
t1,pcqgvna,user_eb37a8e662
t1,pcqgqfd,user_a37ba1e9fc
t1,pcqgpjz,user_0e1788ae60
t1,pcqgg5f,user_fbae8a0131
t1,pcqg6bj,user_a66456aae7
t1,pcqg2id,user_c270f57a7f
t1,pcqg21e,user_86fc1691b4
t1,pcqg1pu,user_1205a8cf12
t1,pcqg16q,user_fb562248ee
t1,pcqfsb8,user_85455926da
t1,pcqfr55,user_7b8dee98c7
t1,pcqfo5m,user_86fc1691b4
t1,pcqfo6t,user_a99640c79a
t1,pcqfigv,user_ae81598194
t1,pcqfgfq,user_1205a8cf12
t1,pcqfg1k,user_a37ba1e9fc
t1,pcqfeot,user_c270f57a7f
t1,pcqfdou,user_4de7f39679
t1,pcqfbk2,user_ff2ae042a3
t1,pcqf5qa,user_4de7f39679
t1,pcqf1ou,user_1035603db2
t1,pcqetwa,user_433a07cec8
t1,pcqes49,user_d3bda0d500
t1,pcqelrf,user_d3bda0d500
t1,pcqei0v,user_f0402acd9e
t1,pcqeh2r,user_86fc1691b4
t1,pcqef5a,user_bde8733514
t1,pcqe5wf,user_7ad9f8af8a
t1,pcqe56a,user_ec1689552c
t1,pcqdxu1,user_86fc1691b4
t1,pcqdhw1,user_76da0a68e2
t1,pcqd8i1,user_86fc1691b4
t1,pcqd7a5,user_ab5cfc510e
t1,pcqd4b7,user_2be5d3b1e2
t1,pcqd117,user_fa417782c0
t1,pcqcxct,user_687716c334
t1,pcqcrer,user_fbae8a0131
t1,pcqco43,user_16e84e698a
t1,pcqcmuq,user_37d2f8810f
t1,pcqcj5e,user_22b3fb174e
t1,pcqcd5l,user_340b57e41e
t1,pcqccu0,user_86fc1691b4
t1,pcqc9ew,user_eb8856808a
t1,pcqc7ii,user_c6bab2e8d2
t1,pcqc4wk,user_7d6f27c65f
t1,pcqc4xs,user_6891416eaa
t1,pcqbziu,user_86fc1691b4
t1,pcqbz2l,user_a563edd1fa
t1,pcqbvvn,user_851e96c0ba
t1,pcqbv9t,user_1cc8661bc7
t1,pcqbuf6,user_86fc1691b4
t1,pcqbotr,user_005014d1b9
t1,pcqbleh,user_40e57dc3b8
t1,pcqbjcb,user_86fc1691b4
t1,pcqbjb5,user_975faea40a
t1,pcqbc3m,user_c6bab2e8d2
t1,pcqb82f,user_9500a54e0f
t1,pcqax1n,user_81a8efbe9d
t1,pcqaph8,user_1c256c14d0
t1,pcqap6h,user_57b3b4b62d
t1,pcqan86,user_0375bec10f
t1,pcqan0j,user_19b3b8f115
t1,pcqamvr,user_0c987e2cb3
t1,pcqal64,user_86fc1691b4
t1,pcq9w1h,user_cdf5e84602
t1,pcq9u1n,user_91f6aca6c2
t1,pcq98jh,user_72341f8f7e
t1,pcq902c,user_dfae7bed0a
t1,pcq8zil,user_4de7f39679
t1,pcq8xgf,user_0d3a821799
t1,pcq8sgc,user_bb35698310
t1,pcq8ogd,user_315c5ad43d
t1,pcq8j4w,user_c0542100a7
t1,pcq89lk,user_0d3a821799
t1,pcq86jq,user_55450165f7
t1,pcq86ev,user_a8214fa8f2
t1,pcq83ax,user_5fd39cb79d
t1,pcrswjl,user_c0022c20f7
t1,pcrsv9a,user_4c16e6411e
t1,pcrsq6v,user_4a80620a1d
t1,pcrsfcx,user_9dfebd0ea7
t1,pcrsbmn,user_00f43cec85
t1,pcrs7lg,user_baaffe78f2
t1,pcrs6so,user_1747cb0cb5
t1,pcrs3f9,user_ba14cc9119
t1,pcrs0pb,user_e68aec5c35
t1,pcrrxfs,user_9c614dee88
t1,pcrrudm,user_608be6e1c7
t1,pcrrtkc,user_16c189c01b
t1,pcrrq8q,user_5c28c3b580
t1,pcrrltn,user_ce73a7149f
t1,pcrrivk,user_bb1aa6dc67
t1,pcrrbfl,user_8a7cf40143
t1,pcrr8a5,user_fcd2be3960
t1,pcrqn2f,user_0562a06a57
t1,pcrqk4d,user_9c614dee88
t1,pcrqaws,user_9c614dee88
t1,pcrqamt,user_cf5ce68847
t1,pcrqa0g,user_2624408b4e
t1,pcrq5al,user_3faeae97f5
t1,pcrq307,user_9c614dee88
t1,pcrq0ah,user_48b9efba5a
t1,pcrpv7r,user_3e1b725cef
t1,pcrpt8d,user_d86954ae49
t1,pcrpsm7,user_4600298c8c
t1,pcrpsd9,user_f8ee0a06c9
t1,pcrprsa,user_00f43cec85
t1,pcrppbs,user_aec1d78ebf
t1,pcrpnu2,user_7d52d6bb32
t1,pcrpmfd,user_00f43cec85
t1,pcrpljs,user_608be6e1c7
t1,pcrplcy,user_f1de815212
t1,pcrpj7a,user_beff20f6a8
t1,pcrpcry,user_9c614dee88
t1,pcrp5c5,user_f2353b6ae3
t1,pcrp4cx,user_00f43cec85
t1,pcrp064,user_e44b5f0b57
t1,pcrow2r,user_07c562fdc6
t1,pcrosks,user_3e1b725cef
t1,pcrontk,user_14762b5190
t1,pcrolij,user_02b8bb91e0
t1,pcrol4x,user_a45fb6a539
t1,pcrohye,user_97c315eff8
t1,pcro8hs,user_52077ac8ba
t1,pcro7xz,user_f1de815212
t1,pcro7ai,user_9dfebd0ea7
t1,pcro4xb,user_64b56c7fde
t1,pcro0p9,user_bb6aa996b1
t1,pcro0ly,user_52077ac8ba
t1,pcrnzg5,user_00f43cec85
t1,pcrnsc3,user_00f43cec85
t1,pcrnp5q,user_a8499041d7
t1,pcrn623,user_dd12a10e9b
t1,pcrn1o7,user_dd12a10e9b
t1,pcrmz7w,user_a24def9661
t1,pcrmxza,user_16c189c01b
t1,pcrmugg,user_f1de815212
t1,pcrmtwc,user_9dfebd0ea7
t1,pcrms3q,user_f1de815212
t1,pcrmn4e,user_608be6e1c7
t1,pcrmllb,user_af5b4cc349
t1,pcrmdqd,user_e1df974d07
t1,pcrmarr,user_c674d45b0b
t1,pcrm59c,user_217a824600
t1,pcrm4au,user_16c189c01b
t1,pcrm20r,user_1e446b77a7
t1,pcrm11z,user_6891416eaa
t1,pcrlzrp,user_a0b2dffeed
t1,pcrlt7t,user_c674d45b0b
t1,pcrlqei,user_1e2d36f096
t1,pcrlkjo,user_f73c57ecee
t1,pcrlixh,user_810f910b6b
t1,pcrlhv9,user_16c189c01b
t1,pcrlhcp,user_f9590af467
t1,pcrlg1n,user_fdcee0d213
t1,pcrlbf2,user_9fbe10b8c7
t1,pcrkzwh,user_e9c4f93296
t1,pcrkzp7,user_09ac50fef7
t1,pcrkqp1,user_00f43cec85
t1,pcrkn4l,user_40e57dc3b8
t1,pcu3uvu,user_edd9364e38
t1,pcu3rdl,user_3f7cdd5c17
t1,pcu3ia5,user_b3d1feaba8
t1,pcu3ct1,user_661ec7f6ca
t1,pcu3a4t,user_f8e826d651
t1,pcu39ci,user_fdfc041dbf
t1,pcu36wt,user_831999eafc
t1,pcu31g8,user_4dd966aeff
t1,pcu30g5,user_12419c5b5f
t1,pcu2zf7,user_5104056974
t1,pcu2yco,user_f542efa5ab
t1,pcu2vzp,user_bffff6b9ab
t1,pcu2vbl,user_c5d9607911
t1,pcu2syd,user_fa20f2649a
t1,pcu2r5g,user_7165d23fb2
t1,pcu2oc5,user_dfe6852636
t1,pcu2m07,user_fa20f2649a
t1,pcu2jay,user_e7aab5fd06
t1,pcu2h9a,user_fb0e0a5fd5
t1,pcu2dr4,user_ddcdb171f1
t1,pcu2d8h,user_1d93a361c2
t1,pcu2bz7,user_cdc6bfff62
t1,pcu2bpr,user_b0eed4edd4
t1,pcu2b2n,user_661ec7f6ca
t1,pcu27jg,user_abb4e54c22
t1,pcu26d2,user_56f781fecc
t1,pcu1zp1,user_377e2d6d85
t1,pcu1xzo,user_82af80998f
t1,pcu1vft,user_1be5c0ac28
t1,pcu1skg,user_1fccc0da63
t1,pcu1olz,user_b0eed4edd4
t1,pcu1nar,user_2de6e1af5c
t1,pcu1m5q,user_831999eafc
t1,pcu1kcs,user_141c6dc504
t1,pcu1k50,user_657efd47ec
t1,pcu1j3w,user_2de6e1af5c
t1,pcu1g2r,user_051558ce79
t1,pcu1can,user_1be5c0ac28
t1,pcu1c5x,user_62cb5063b6
t1,pcu17bf,user_85e833a026
t1,pcu17ba,user_e61da2768b
t1,pcu15vt,user_1255953ccf
t1,pcu12ri,user_d38ab40a02
t1,pcu0sqo,user_f52e10bc6c
t1,pcu0onu,user_5104056974
t1,pcu0okc,user_5e3d4ffb85
t1,pcu0m5c,user_f52e10bc6c
t1,pcu0j6h,user_86633e400a
t1,pcu0gsj,user_1be5c0ac28
t1,pcu0fqm,user_d983437d62
t1,pcu0923,user_1be5c0ac28
t1,pcu08z4,user_9e177aa3cf
t1,pcu02qt,user_32317add51
t1,pctzvvr,user_1be5c0ac28
t1,pctzup1,user_377e2d6d85
t1,pctzuep,user_32317add51
t1,pctzp3d,user_0c06b34517
t1,pctzn11,user_28368e01ba
t1,pctzbhf,user_a5dc377738
t1,pctz4za,user_ed1e80b02f
t1,pctz4ml,user_40f3da0e53
t1,pctz30x,user_ac40144ce3
t1,pctz2ss,user_c94ebf3ea1
t1,pctywis,user_c069cc040b
t1,pctyvsh,user_763d89c2ab
t1,pctypii,user_f52e10bc6c
t1,pctyovx,user_cc3c157174
t1,pctyn5a,user_f52e10bc6c
t1,pctymn8,user_4d90eefe12
t1,pctyjyt,user_e8da2fa15f
t1,pctyb8o,user_d2f86a24d3
t1,pcty9n9,user_b9684dcbdb
t1,pcty8t9,user_ea3b59afb8
t1,pcty821,user_272241b192
t1,pcty5st,user_231b372012
t1,pcty3wv,user_72fad29bd8
t1,pcty086,user_34261c4924
t1,pctxwwq,user_37b81bdb52
t1,pctxuk2,user_23ec49ee88
t1,pctxsei,user_0d38e97c00
t1,pctxnwj,user_6a8f2ea053
t1,pctxjnn,user_50ad7391b5
t1,pctxhkp,user_e48247c964
t1,pctxd9w,user_82af80998f
t1,pctxc7f,user_bb1aa6dc67
t1,pctx9i1,user_f52e10bc6c
t1,pcwedn2,user_cd057551f9
t1,pcwdquj,user_7e295b90f9
t1,pcwdofl,user_681ffc3931
t1,pcwdg9k,user_bb8c9914de
t1,pcwdcoo,user_fc35d253e6
t1,pcwd6rr,user_16009a7a19
t1,pcwd5tb,user_9ab7f09758
t1,pcwd4oa,user_b26db7872e
t1,pcwcwcv,user_6350111b42
t1,pcwcshs,user_6460aa2f95
t1,pcwcleo,user_6d6ca6d184
t1,pcwch9m,user_cccbb454e6
t1,pcwceqo,user_975faea40a
t1,pcwcd9m,user_45529bd73b
t1,pcwc75o,user_249de8151a
t1,pcwbqok,user_73a37a78c3
t1,pcwbova,user_1d75c9ab7d
t1,pcwbkyn,user_fc35d253e6
t1,pcwbkqj,user_6522bcfc38
t1,pcwbkge,user_cd057551f9
t1,pcwbgnd,user_f194f269ee
t1,pcwbf9l,user_9d2f34e16d
t1,pcwba6u,user_b26db7872e
t1,pcwb7e9,user_9d2f34e16d
t1,pcwaxb2,user_74631e9af4
t1,pcwasxy,user_681ffc3931
t1,pcwahk1,user_9a9fe0b5e8
t1,pcwadun,user_ca73206905
t1,pcwadsb,user_a04aed9a44
t1,pcwa8hh,user_c7866fd57c
t1,pcwa6lb,user_904aec95b9
t1,pcwa036,user_15f2ebc651
t1,pcw9z0e,user_c52ff44fc0
t1,pcw9tlu,user_6158963b78
t1,pcw9t1k,user_4b6fa5e187
t1,pcw9h44,user_c7866fd57c
t1,pcw9ge6,user_6158963b78
t1,pcw9dax,user_8b8ad4cb7c
t1,pcw8wur,user_b84110785e
t1,pcw8q5o,user_edd418d92e
t1,pcw8dqo,user_4e453abcae
t1,pcw80di,user_61c0111828
t1,pcw7ru1,user_e475b17b40
t1,pcw7psj,user_7497cbe966
t1,pcw7ios,user_57056ec64f
t1,pcw756c,user_19ac5b72e2
t1,pcw6rag,user_7274a153af
t1,pcw6f42,user_9b7b1da0d0
t1,pcw64vd,user_2b70fec56c
t1,pcw63v4,user_22980d5618
t1,pcw63q1,user_ba773fc9cf
t1,pcw5qqz,user_fc35d253e6
t1,pcw5qgn,user_177b8c57d1
t1,pcw5lei,user_7172dd3429
t1,pcw5fgc,user_5196af6dcc
t1,pcw59e9,user_d88f7b6a7c
t1,pcw52ei,user_92157ad447
t1,pcw4w5y,user_3a41294e62
t1,pcw4vrs,user_0b399f04b2
t1,pcw4pgx,user_6b786b9c33
t1,pcw4imz,user_2ce514c84d
t1,pcw4gm2,user_1739c4a39e
t1,pcw4bfe,user_0b399f04b2
t1,pcw424k,user_cddaf0058a
t1,pcw3vq8,user_cd057551f9
t1,pcw3u8j,user_5196af6dcc
t1,pcw3o1n,user_e637be5846
t1,pcw3j74,user_fcc0c3af2f
t1,pcw3iev,user_f65d884a4c
t1,pcw3hrb,user_a37ba1e9fc
t1,pcw3e2m,user_945b254295
t1,pcw3ckg,user_b35edefb3c
t1,pcw3bex,user_18bb333459
t1,pcw39q3,user_78c81d5701
t1,pcw369r,user_84ce29da9e
t1,pcw32xo,user_975faea40a
t1,pcw2z8f,user_86fc1691b4
t1,pcw2yhs,user_50f539aafd
t1,pcw2xv8,user_74631e9af4
t1,pcw2wxh,user_2ce514c84d
t1,pcw2osj,user_86fc1691b4
t1,pcw2o4x,user_c58fb8d750
t1,pcw2em5,user_56fca3d168
t1,pcw27gn,user_1341724c04
t1,pcw1u2o,user_cd5758fae3
t1,pcw1twa,user_c1e2c3b0c1
t1,pcy58eo,user_c7e313326e
t1,pcy56uq,user_cae73f125e
t1,pcy56r2,user_e2b75f7f14
t1,pcy53yd,user_a6035c71b9
t1,pcy4z0o,user_ffd4c21eb1
t1,pcy4yrn,user_6bb02f3b97
t1,pcy4xze,user_56126d54b3
t1,pcy4vx0,user_28a4280882
t1,pcy4nsv,user_d64325f39b
t1,pcy4f2w,user_48c211d6c7
t1,pcy4ad5,user_a80014a501
t1,pcy3z0i,user_5bff7c5560
t1,pcy3xk0,user_3106083d96
t1,pcy3xjp,user_ce8686a417
t1,pcy3wfj,user_f1e204753f
t1,pcy3t4n,user_735b082510
t1,pcy3r6b,user_f5afaa0ad9
t1,pcy3nb0,user_2b4f1da654
t1,pcy3jdp,user_d89e036600
t1,pcy3dz9,user_fa6c5327ad
t1,pcy31i8,user_779eb6f668
t1,pcy2nkr,user_0680b0989e
t1,pcy2n53,user_f73c57ecee
t1,pcy2i97,user_e1ca3130c0
t1,pcy2hsi,user_a955298c58
t1,pcy2epf,user_515f975d44
t1,pcy2e4e,user_66b1539926
t1,pcy28h9,user_780bd7100e
t1,pcy27hr,user_4e453abcae
t1,pcy25n8,user_68cf797086
t1,pcy25c3,user_42a66941fd
t1,pcy22o5,user_4297738915
t1,pcy218k,user_8920352d95
t1,pcy1yve,user_08c7c0e40e
t1,pcy1ynd,user_4297738915
t1,pcy1sj2,user_0de955eb38
t1,pcy1s5r,user_8b0a764ef5
t1,pcy1p85,user_56126d54b3
t1,pcy1m66,user_d64325f39b
t1,pcy1kfy,user_47285aac60
t1,pcy1j1z,user_e14aa10386
t1,pcy1hh2,user_7754ef6b13
t1,pcy1gqs,user_7d2da23f79
t1,pcy1eft,user_d55d5e8d22
t1,pcy1dpm,user_7b6fd9f516
t1,pcy1czc,user_d64325f39b
t1,pcy19cj,user_a5fa3801e3
t1,pcy198h,user_5d6614947e
t1,pcy14cz,user_45bb81cefd
t1,pcy137i,user_1b2b76df33
t1,pcy12rb,user_e1bfff05e1
t1,pcy111j,user_3f3ddee572
t1,pcy0zuz,user_b3afbdf464
t1,pcy0zoz,user_0c8b9a2842
t1,pcy0yie,user_e1bfff05e1
t1,pcy0x44,user_0c8b9a2842
t1,pcy0rd7,user_0c8b9a2842
t1,pcy0mow,user_c49cd308ff
t1,pcy0l50,user_735b082510
t1,pcy0a1l,user_d983437d62
t1,pcy06zj,user_72980283a6
t1,pcy00m3,user_9f395b33ed
t1,pcxzxxt,user_b1139ec31b
t1,pcxzx5f,user_3c9e0d88ad
t1,pcxzv8r,user_4fcb0aa829
t1,pcxztkx,user_5f49051c02
t1,pcxzmoa,user_1b2da129e8
t1,pcxzmch,user_d64325f39b
t1,pcxzhqv,user_6e2f37fb96
t1,pcxzg4p,user_a5969584c3
t1,pcxz8w1,user_f11ef2e81d
t1,pcxz8st,user_4b53d5500c
t1,pcxz8gl,user_c6bab2e8d2
t1,pcxz6yz,user_e14aa10386
t1,pcxz33g,user_b2becc7827
t1,pcxz17q,user_bd99216dc2
t1,pcxz0lr,user_d64325f39b
t1,pcxz02w,user_26d4a83638
t1,pcxyzjo,user_0de955eb38
t1,pcxytuu,user_a6035c71b9
t1,pcxymgh,user_9500a54e0f
t1,pcxyjpw,user_a7fed8405e
t1,pcxyin3,user_5dd1184419
t1,pcxyics,user_4443e47b96
t1,pcxyhg4,user_fcd2be3960
t1,pczi7vw,user_2d8ba32f07
t1,pczi0ic,user_2d8ba32f07
t1,pczhwuf,user_2d8ba32f07
t1,pczhpe0,user_2d8ba32f07
t1,pczhp6j,user_e889db5b82
t1,pczhnt9,user_2d8ba32f07
t1,pczhgjg,user_2d8ba32f07
t1,pczhc96,user_7ad1dfa0ec
t1,pczhafh,user_e2ee2681e0
t1,pczh9u5,user_51e035b308
t1,pczh7yx,user_39071a255d
t1,pczh7i9,user_a7527e9dca
t1,pczh62k,user_6a966cd786
t1,pczh1sb,user_8267e29803
t1,pczh1q8,user_8b17a8bc04
t1,pczgwzu,user_de60c34c1c
t1,pczgumv,user_f54b7135b1
t1,pczgu8h,user_ba14cc9119
t1,pczgst3,user_4c4c3b99a2
t1,pczgskg,user_e2ee2681e0
t1,pczgqvb,user_923aedbb16
t1,pczgqpk,user_e9c4f93296
t1,pczgign,user_5ceb087bbc
t1,pczgice,user_384b657722
t1,pczge69,user_bf4d434988
t1,pczg860,user_06d6cc2cc7
t1,pczg7wa,user_c7e313326e
t1,pczg6p3,user_782b3aff35
t1,pczg5ec,user_e9c4f93296
t1,pczg2og,user_ba3e25aca4
t1,pczg2lg,user_e311818b94
t1,pczg18o,user_e889db5b82
t1,pczg0og,user_782b3aff35
t1,pczg0ky,user_6a966cd786
t1,pczg03h,user_8a2b3dd9da
t1,pczfzlf,user_1a5ab86fd7
t1,pczfxwu,user_c7ba643839
t1,pczftfl,user_0eee4617ef
t1,pczfpvh,user_e0cd15a4b9
t1,pczfp9m,user_88c7dd6151
t1,pczfnq8,user_df7e66abf7
t1,pczfnh3,user_dd324bd1ac
t1,pczfmtc,user_1a5ab86fd7
t1,pczfmkl,user_61427af2a8
t1,pczfe3g,user_cba40adafa
t1,pczfdbc,user_6e2535f7b3
t1,pczf9i7,user_f1cab2142b
t1,pczf71v,user_951a77cd59
t1,pczf366,user_de60c34c1c
t1,pczf1q4,user_d6bce2abd4
t1,pczf113,user_ebfe39df00
t1,pczezre,user_384b657722
t1,pczes9r,user_be1a9067d8
t1,pczeoy0,user_12bdc8c221
t1,pczel6f,user_6bf5134898
t1,pczekst,user_dab7fc805e
t1,pczeh3r,user_af6db192c9
t1,pczefrl,user_12bdc8c221
t1,pczealw,user_df7e66abf7
t1,pczea4b,user_51e035b308
t1,pcze8ru,user_74a7aecc63
t1,pcze8in,user_67a3f70048
t1,pcze8c0,user_48fdcf70b6
t1,pcze4eu,user_f06f8b76d2
t1,pczdzt4,user_0344d98d6a
t1,pczdzqa,user_48fdcf70b6
t1,pczdy46,user_12bdc8c221
t1,pczdrf2,user_0344d98d6a
t1,pczdne7,user_45a7f70ac2
t1,pczdmgs,user_2dff6e2f96
t1,pczdkyt,user_782b3aff35
t1,pczdi9h,user_c69054ba40
t1,pczdhjg,user_c0022c20f7
t1,pczdazk,user_c28890722d
t1,pczd8z9,user_197025f4b5
t1,pczcz3j,user_43589542e1
t1,pczcud4,user_2dff6e2f96
t1,pczctj1,user_33d434cbb9
t1,pczcswq,user_7e295b90f9
t1,pczcod8,user_f078c516e4
t1,pczchtx,user_e18c8997cf
t1,pczcev6,user_be4e41819c
t1,pczcds3,user_e889db5b82
t1,pczcbkn,user_75b76eab06
t1,pd1sug0,user_26750feccd
t1,pd1squw,user_35dde81944
t1,pd1sq81,user_bf5d920652
t1,pd1skqh,user_5d6485963a
t1,pd1sgsi,user_62d98e2339
t1,pd1sfgm,user_5d6485963a
t1,pd1sau2,user_ca07899793
t1,pd1s62b,user_76a4021334
t1,pd1rx1f,user_8da589bc07
t1,pd1ruml,user_5730f1ce4e
t1,pd1rqqr,user_5d6485963a
t1,pd1rokt,user_b289e5cf2a
t1,pd1rbo7,user_8f67e64c0e
t1,pd1r9jq,user_e6fec6ff67
t1,pd1r6hx,user_5d6485963a
t1,pd1r4ea,user_daaa24197e
t1,pd1r1v3,user_d2a9a1bdb4
t1,pd1qy0r,user_d2d0062a61
t1,pd1qubg,user_7396588c7a
t1,pd1qjnq,user_c9f0c1fa6b
t1,pd1pxwb,user_6cfb9a5bc4
t1,pd1pwfo,user_28368e01ba
t1,pd1poc9,user_971187c10e
t1,pd1poaz,user_bfe2f9e6eb
t1,pd1pg50,user_9828bf6b46
t1,pd1pd7n,user_339b272aa0
t1,pd1p9s4,user_48852e49d0
t1,pd1p90r,user_28368e01ba
t1,pd1p53b,user_3898177fd1
t1,pd1p4va,user_bfe2f9e6eb
t1,pd1p34g,user_576253e8e6
t1,pd1ozva,user_45eff3b3a4
t1,pd1ov96,user_5d6485963a
t1,pd1opsb,user_4705552b8e
t1,pd1okj0,user_342941eec7
t1,pd1oj5q,user_e9c10ed62e
t1,pd1oib6,user_41dc94a349
t1,pd1ogin,user_f894e298f2
t1,pd1oezk,user_5d6485963a
t1,pd1odv5,user_0ef193867d
t1,pd1ocgv,user_cdc6bfff62
t1,pd1oa7e,user_9828bf6b46
t1,pd1o2zz,user_4705552b8e
t1,pd1nz3i,user_e44200eaef
t1,pd1nxm4,user_0ef193867d
t1,pd1nuqo,user_6a3aab8e74
t1,pd1nr81,user_48852e49d0
t1,pd1nqi0,user_999f88dcb4
t1,pd1npk1,user_5056171117
t1,pd1nm5f,user_daaa24197e
t1,pd1ndvu,user_0b54e35d8d
t1,pd1ncd1,user_087510e20b
t1,pd1nbl7,user_5d6485963a
t1,pd1nbjy,user_c50269fde3
t1,pd1n9ro,user_38c2d086ee
t1,pd1n65e,user_0ef193867d
t1,pd1n4rk,user_41dc94a349
t1,pd1n08u,user_fdd0498b00
t1,pd1n051,user_fa2c1ae4c6
t1,pd1myr3,user_cddaf0058a
t1,pd1my6f,user_41dc94a349
t1,pd1mrzb,user_3111f90338
t1,pd1mj8g,user_4705552b8e
t1,pd1mj7h,user_27557d02f5
t1,pd1mgze,user_43a2062acb
t1,pd1m96x,user_48e775075c
t1,pd1m72u,user_e10261a0d1
t1,pd1m2d2,user_91c7e6a541
t1,pd1m1uc,user_35dcade835
t1,pd1m1iq,user_258c028a42
t1,pd1lymx,user_45eff3b3a4
t1,pd1lwtt,user_bb8c109a0f
t1,pd1losq,user_a7fed8405e
t1,pd1lgav,user_0ef193867d
t1,pd1lg63,user_2ab5fa8f4b
t1,pd1la72,user_4d69a6e24d
t1,pd1l8gq,user_79e5850d19
t1,pd1l0i4,user_acbaba37df
t1,pd1kv52,user_9828bf6b46
t1,pd1krph,user_50ad7391b5
t1,pd1kipr,user_50ad7391b5
t1,pd1kasw,user_79e5850d19
t1,pd1k7bn,user_e11a8dd612
t1,pd1k5eo,user_7bd790c2e1
t1,pd3z3um,user_1dc1b2c975
t1,pd3z3r6,user_0b399f04b2
t1,pd3z36k,user_4b725beec4
t1,pd3yzbo,user_091a7a4c50
t1,pd3yyvr,user_0f6747fa07
t1,pd3yuvx,user_42a47eda26
t1,pd3yrbg,user_42a47eda26
t1,pd3ypj5,user_4b725beec4
t1,pd3yot0,user_93d4af2df6
t1,pd3yoq0,user_70fb2aaafe
t1,pd3yny0,user_b4ca6b0815
t1,pd3ynld,user_b56e694b1f
t1,pd3yl4x,user_b12b93b110
t1,pd3yjbm,user_91a48b27c8
t1,pd3yj2m,user_9dce9239ae
t1,pd3yfh1,user_56f781fecc
t1,pd3yeg6,user_387fee0691
t1,pd3ydbw,user_fe11a0e8e5
t1,pd3y7er,user_e28dfc8006
t1,pd3y30p,user_765889d767
t1,pd3y1n2,user_fa20f2649a
t1,pd3y029,user_78dacfbc15
t1,pd3xzzi,user_80760b2eff
t1,pd3xzr2,user_1dd35f0367
t1,pd3xpo4,user_872f4736d7
t1,pd3xlig,user_e52e4d89e3
t1,pd3xkr9,user_14b0dbb3f1
t1,pd3xk1o,user_aa5fed8a62
t1,pd3xjem,user_e9c10ed62e
t1,pd3xjet,user_0490713ced
t1,pd3xh1u,user_b838f550f5
t1,pd3xd1l,user_af078de613
t1,pd3xav7,user_ab7e33b42e
t1,pd3x9xs,user_fa20f2649a
t1,pd3x66f,user_fb45f20193
t1,pd3x4mz,user_fb45f20193
t1,pd3x32u,user_5d6485963a
t1,pd3x0wf,user_3d62afa73b
t1,pd3wyv5,user_ee3eb470b5
t1,pd3wvhj,user_ca07899793
t1,pd3wui5,user_815f37222f
t1,pd3wuh6,user_620ef21ef1
t1,pd3wubb,user_24aca6f2b8
t1,pd3wu3d,user_5c8892e047
t1,pd3wu1s,user_fa20f2649a
t1,pd3wtad,user_e7b90966e1
t1,pd3wruo,user_64b56c7fde
t1,pd3wpcg,user_d8f5b075a5
t1,pd3wp27,user_c6425ede1d
t1,pd3wmi8,user_c46d044155
t1,pd3wmgp,user_3d62afa73b
t1,pd3wiom,user_cd14fff86f
t1,pd3wfdb,user_c12e455297
t1,pd3wea3,user_c46d044155
t1,pd3we1k,user_215c533913
t1,pd3wc0k,user_642fa4b12f
t1,pd3waru,user_fe11a0e8e5
t1,pd3w9d0,user_e7b90966e1
t1,pd3w783,user_5d6485963a
t1,pd3w6dl,user_e52e4d89e3
t1,pd3w5uq,user_00a659ae92
t1,pd3w5qk,user_d0eb71600c
t1,pd3w4la,user_faf0ab4499
t1,pd3w44f,user_79e5663601
t1,pd3w2fd,user_686cc8b583
t1,pd3w25x,user_0490713ced
t1,pd3w23c,user_ba14cc9119
t1,pd3w05z,user_c885ac9f02
t1,pd3vz5z,user_ab1c27d707
t1,pd3vymu,user_cd2e6d500e
t1,pd3vwj8,user_fa20f2649a
t1,pd3vuvt,user_85defdcb05
t1,pd3vqf7,user_e52e4d89e3
t3,1wuki90,user_7ae43dfaf7
t3,1wuk97g,user_44878edcfa
t3,1wuk7ky,user_28d1c39794
t3,1wuk6hn,user_282ba8b946
t3,1wuk5ud,user_b585a2a846
t3,1wujg9c,user_3b90140b18
t3,1wuj30o,user_c5bdcd7ee6
t3,1wuivnj,user_d2ff184b63
t3,1wuinci,user_bd1209bcba
t3,1wuikae,user_adb6c5dd4d
t3,1wuifmd,user_850a5ddeb3
t3,1wuhu0q,user_018d4d533a
t3,1wuhqbn,user_49bc8f6a93
t3,1wuhdsh,user_2d9dc68ee5
t3,1wuhcpf,user_cc473cb212
t3,1wuh7or,user_38b3c4806f
t3,1wuh0bz,user_3e824b2369
t3,1wugzg2,user_f8af210777
t3,1wugxly,user_9d3ad8477c
t3,1wugxl4,user_49bc8f6a93
t3,1wugscy,user_92c771506b
t3,1wugr49,user_f2a43c7cbb
t3,1wugny6,user_632e2c4d87
t3,1wugn1e,user_2833d55d5c
t3,1wugmn8,user_f6a6a49ca4
t3,1wughx4,user_f1c8319069
t3,1wug9l0,user_f8af210777
t3,1wug4wj,user_9b6b425d69
t3,1wug4a6,user_c2b3a85dbe
t3,1wug3in,user_0134f6e032
t3,1wug0vj,user_42a83c28a9
t3,1wufgo1,user_d233806da5
t3,1wuf2tb,user_47e142c64b
t3,1wuexod,user_1d351341ea
t3,1wueqk3,user_7de039c8ec
t3,1wueqer,user_5512ea95e7
t3,1wuefo0,user_171feb4bf7
t3,1wue95r,user_7ae43dfaf7
t3,1wue7tw,user_45eb5247c4
t3,1wue4i3,user_78aeef098d
t3,1wue0it,user_99a403112d
t3,1wudqu3,user_dc2da79fb4
t3,1wud7jk,user_2d2b9b5f00
t3,1wuctbe,user_1e3304fde3
t3,1wucs21,user_1d351341ea
t3,1wuciyd,user_fb232cc8c0
t3,1wuc5ep,user_33d2c3f23d
t3,1wuc4ox,user_d3cc09a387
t3,1wuc07r,user_abb9960899
t3,1wubqby,user_d8d7e6ab6b
t3,1wubln2,user_86f05eb28f
t3,1wubk9j,user_6c31c89839
t3,1wubclt,user_d6acc3ef51
t3,1wub966,user_c28c99b5a8
t3,1wuawv5,user_1f0d7dc30c
t3,1wuagid,user_a2003d105b
t3,1wuafdt,user_f7edd8a278
t3,1wuabvp,user_f121a211f5
t3,1wuaaf8,user_f121a211f5
t3,1wua2ne,user_559359e177
t3,1wua1sd,user_b27576af23
t3,1wu9qn8,user_15a30d824d
t3,1wu9i77,user_10cd876d3b
t3,1wu9hzh,user_fc29f71085
t3,1wu93kg,user_d62d707f83
t3,1wu90ax,user_c14d354438
t3,1wu8w4g,user_edb38b0bae
t3,1wu8mw2,user_d36b1fca55
t3,1wu8d91,user_09fbbe2cb6
t3,1wu7z4x,user_890298bc96
t3,1wu7nzd,user_a2003d105b
t3,1wu7d4w,user_7fd729dd53
t3,1wu74jj,user_d233806da5
t3,1wu73ie,user_616e7fe36c
t3,1wu6st5,user_1088f48c56
t3,1wu6rhe,user_5dc97d06af
t3,1wu6hin,user_7ae43dfaf7
t3,1wu64a0,user_756dfe2c0e
t3,1wu62nw,user_9b726933e3
t3,1wu5y07,user_1fddcd7354
t3,1wu5twb,user_62f4cbfcb3
t3,1wu5sl3,user_55f73a65a0
t3,1wu5ndq,user_c8ac962a8c
t3,1wu5jo6,user_92bbdf2a4e
t3,1wu5hc4,user_3d055c4ccf
t3,1wu5ft3,user_6c31c89839
t3,1wu5bim,user_ee5db5143a
t3,1wu57n2,user_95d858d6f4
t3,1wu4uzp,user_bee4d31e3e
t3,1wu4oeq,user_1818d2d6fc
t3,1wu4odw,user_c3bfc01f54
t3,1wu4m5d,user_41e5ae50a9
t3,1wu4m40,user_82bab0405d
t3,1wu4ku0,user_accfaae278
t3,1wu4g7i,user_71ff053893
t3,1wu3oob,user_2b3c48d6f2
t3,1wu3ohz,user_96d8085719
t3,1wu36g5,user_6c31c89839
t3,1wu2r8l,user_d233806da5
t3,1wu2klv,user_d84a7a4dc5
t3,1wu25hq,user_4256285e96
t3,1wu2047,user_baa86e4950
t3,1wu1b4i,user_b921be79f4
t3,1wu1212,user_9ca2ee41c8
t3,1wu0sky,user_9485e324e9
t3,1wu0fks,user_f5ea1a428a
t3,1wu08kf,user_3ab7476149
t3,1wu02kf,user_be1b15c13a
t3,1wtzwz2,user_d2ff184b63
t3,1wtzaa0,user_d233806da5
t3,1wtz8ep,user_be1b15c13a
t3,1wtz86d,user_d233806da5
t3,1wtz12n,user_49828fc94a
t3,1wtyuih,user_5bf4687d07
t3,1wtys6e,user_82062d37f1
t3,1wtyoh0,user_7ae43dfaf7
t3,1wtymqn,user_7ae43dfaf7
t3,1wtymm5,user_b5eb0eeb35
t3,1wtyikh,user_7691207b73
t3,1wtyii2,user_9ac0ec05b2
t3,1wtyg7o,user_7691207b73
t3,1wty3t1,user_d525fe17f1
t3,1wtxv9p,user_35c399b5fe
t3,1wtxtia,user_d86a50fe6a
t3,1wtxr57,user_fbf5c1c735
t3,1wtxq65,user_91e96e055d
t3,1wtxge4,user_45ba5c39da
t3,1wtxfut,user_e78a3e9e3d
t3,1wtxfmk,user_46971aecab
t3,1wtws2p,user_e7519b05fb
t3,1wtwpkq,user_15a30d824d
t3,1wtwpfe,user_18c53ebdb1
t3,1wtwhik,user_a3aa2786d1
t3,1wtwcp9,user_280a952f25
t3,1wtwbuc,user_5f1656c8e7
t3,1wtvzvu,user_07e341ee6e
t3,1wtvx8r,user_ef213b3c97
t3,1wtvgag,user_46eec2b516
t3,1wtveho,user_82a5d4c422
t3,1wtvbc1,user_82a5d4c422
t3,1wtv91o,user_ee84322074
t3,1wtux1j,user_b68d319192
t3,1wtuvit,user_5b092931bf
t3,1wtutch,user_14d409365c
t3,1wtugoz,user_7a7b23a67c
t3,1wtucm1,user_13e282951f
t3,1wttzl6,user_7ae43dfaf7
t3,1wttz9d,user_cc978a8a19
t3,1wtt8ww,user_24b8d764be
t3,1wtss60,user_85d73ef705
t3,1wtsqom,user_658e51a165
t3,1wtsdhw,user_de19a66b8c
t3,1wtsbuu,user_959356f2dc
t3,1wtsbkc,user_7ae43dfaf7
t3,1wts8rm,user_7ae43dfaf7
t3,1wtrs2y,user_36272ca638
t3,1wtrn1u,user_5dc97d06af
t3,1wtrlnk,user_39ad37af31
t3,1wtrk8e,user_1612d0a905
t3,1wtr0zp,user_63f0320981
t3,1wtqzg8,user_497f1ba9fc
t3,1wtqkyp,user_a55ad277d0
t3,1wtqhat,user_f730be0f4d
t3,1wtqeme,user_9ae6743c77
t3,1wtqdnb,user_ab5298df2e
t3,1wtqb6d,user_fafa4e01dc
t3,1wtqabt,user_995546fd2c
t3,1wtq9ux,user_02166f98a8
t3,1wtpxgb,user_84b9343ce3
t3,1wtput9,user_02166f98a8
t3,1wtpozj,user_02166f98a8
t3,1wtpnim,user_2e49565da2
t3,1wtphkt,user_d6215744d6
t3,1wtp8so,user_4346bdb3a7
t3,1wtp4yu,user_4346bdb3a7
t3,1wtowkt,user_63f0320981
t3,1wtov3n,user_d59de6ed5d
t3,1wtoka0,user_5dc97d06af
t3,1wtodcf,user_2c9df5acfd
t3,1wtocvb,user_1901d10e57
t3,1wtocs4,user_b53fb33de8
t3,1wtnvx1,user_a396b10ef7
t3,1wtns04,user_2d2b9b5f00
t3,1wtnqm7,user_57cd7e0728
t3,1wtnkjc,user_a51e197430
t3,1wtncbb,user_c2b3a85dbe
t3,1wtmxdw,user_a513750592
t3,1wtml63,user_c4fe0a10d4
t3,1wtlyw7,user_321302cf0e
t3,1wtllil,user_0501c59808
t3,1wtkxwx,user_a513750592
t3,1wtkmuk,user_37eb9fe5d0
t3,1wtkhdr,user_7ba69bf6e0
t3,1wtkest,user_7ba69bf6e0
t3,1wtkekk,user_f1c8319069
t3,1wtk9m4,user_6ca8666d57
t3,1wtjrnr,user_da11525e4e
t3,1wtjluj,user_09e2941c5b
t3,1wtjk39,user_0c01592828
t3,1wtjdfp,user_ad20bca619
t3,1wtjcie,user_b921be79f4
t3,1wtj0d6,user_9a75ae02be
t3,1wtj09u,user_7251809a99
t3,1wtivp5,user_006a02ad48
t3,1wtipfo,user_fb924790ab
t3,1wtioy9,user_f53f175849
t3,1wtik7v,user_1e8798561c
t3,1wtic9l,user_3506c9cb21
t3,1wtiajj,user_7b0e8a0138
t3,1wti8b7,user_090c004e80
t3,1wti89w,user_d536c14d13
t3,1wti59i,user_4283eabdf7
t3,1wti3ko,user_8787885daa
t3,1wti2nx,user_8787885daa
t3,1wthvum,user_181e30ae7d
t3,1wthtey,user_181e30ae7d
t3,1wthica,user_2905ea30e0
t3,1wthhpu,user_d10408ba2d
t3,1wthbyp,user_68343d8165
t3,1wth73k,user_171feb4bf7
t3,1wth451,user_2bd74f9fea
t3,1wtgxqa,user_a513750592
t3,1wtgrq2,user_9799ff5f92
t3,1wtglwh,user_52148ad906
t3,1wtfw83,user_d76af9e5f5
t3,1wtfuoc,user_6c31c89839
t3,1wtfuip,user_d76af9e5f5
t3,1wtfny2,user_f03054efbd
t3,1wtfgea,user_00613e34b5
t3,1wtf3w4,user_7e996a9911
t3,1wtf2jw,user_b7bf209f8f
t3,1wtf1qw,user_d76af9e5f5
t3,1wtevn2,user_0e720d9422
t3,1wteuek,user_a825b24a4d
t3,1wtesh5,user_9a27044c51
t3,1wteopb,user_edb38b0bae
t3,1wten7t,user_296cf5abbe
t3,1wtekvl,user_850a5ddeb3
t3,1wtehik,user_51febf8f5a
t3,1wtehae,user_edb38b0bae
t3,1wte9di,user_9a27044c51
t3,1wtdril,user_397c2b3407
t3,1wtdqwo,user_d536c14d13
t3,1wtdqkf,user_2510b74d5e
t3,1wtdl2u,user_10cd876d3b
t3,1wtdhgo,user_c14d354438
t3,1wtdgw4,user_99c407d10b
t3,1wtdcuh,user_c14d354438
t3,1wtd8qh,user_09fbbe2cb6
t3,1wtd59b,user_452210f1d7
t3,1wtcw7x,user_73e3020a6c
t3,1wtcr3g,user_7bde44a517
t3,1wtcbn5,user_600a850f07
t3,1wtbzhf,user_49bc8f6a93
t3,1wtbz9y,user_fa25011324
t3,1wtbnin,user_6c31c89839
t3,1wtba6q,user_a2003d105b
t3,1wtazpr,user_7fd729dd53
t3,1wtaze3,user_ad036534b6
t3,1wtawdv,user_69c2557163
t3,1wtas4u,user_a747d834dc
t3,1wtapur,user_08278dde6b
t3,1wtanti,user_995546fd2c
t3,1wtamw0,user_a7747561a5
t3,1wtab9g,user_79685f9eff
t3,1wta9qr,user_df56d5db8a
t3,1wt9vet,user_7086d6613e
t3,1wt9rk0,user_bd7ba27a4d
t3,1wt8vdz,user_c58041bad4
t3,1wt8s4j,user_43b687a18d
t3,1wt8jrt,user_a3b4ada9c1
t3,1wt8cgh,user_bdd39e89c7
t3,1wt82ly,user_1fddcd7354
t3,1wt81kf,user_6baea0e37f
t3,1wt7ir1,user_57f7564dcd
t3,1wt77s4,user_be1b15c13a
t3,1wt6r6q,user_fa77b2d287
t3,1wt6jqb,user_9b6b425d69
t3,1wt6buq,user_b921be79f4
t3,1wt6ak1,user_b921be79f4
t3,1wt69wl,user_24f70098af
t3,1wt65br,user_88a7ae2bcf
t3,1wt64cd,user_de88d27430
t3,1wt5zhx,user_f202f7005a
t3,1wt5z77,user_452210f1d7
t3,1wt5g0q,user_d89f228152
t3,1wt5e3q,user_be1b15c13a
t3,1wt59ct,user_be1b15c13a
t3,1wt54aj,user_c94827180a
t3,1wt50rt,user_6b529e15ac
t3,1wt4q4k,user_26bda88e2a
t3,1wt402j,user_5d6614947e
t3,1wt3w9y,user_04705ea064
t3,1wt3vwc,user_a8916f9f4f
t3,1wt3rkg,user_5226304d65
t3,1wt3o1y,user_68dafdfbe4
t3,1wt3h3b,user_f2b5888f35
t3,1wt3bxp,user_d5ca1974a0
t3,1wt3953,user_02c5664dfa
t3,1wt37bp,user_ad24cfe2e0
t3,1wt2vdq,user_b19ea0fa8c
t3,1wt2ttj,user_5d6efbc002
t3,1wt29ju,user_98a315775e
t3,1wt1ynk,user_f726df110a
t3,1wt1ihc,user_53997981f8
t3,1wt1h3b,user_fd4312eb9d
t3,1wt17e7,user_c14d354438
t3,1wt0v14,user_de9e444234
t3,1wt0o5d,user_171feb4bf7
t3,1wt0eov,user_0d6e9f05c8
t3,1wt0bqi,user_0aa3981f62
t3,1wt022r,user_9b6b425d69
t3,1wszora,user_171feb4bf7
t3,1wszo4v,user_a1d6edba2f
t3,1wszi0e,user_cdf324973e
t3,1wszey7,user_0a404159f1
t3,1wsz6zl,user_09fbbe2cb6
t3,1wsymbk,user_fd0f61764b
t3,1wsygz7,user_8ab21d94f0
t3,1wsydvl,user_6cefaeeff7
t3,1wsydfy,user_e4ea789044
t3,1wsybnj,user_15a30d824d
t3,1wsy7sz,user_0ef89ceb78
t3,1wsxyl1,user_5665b45c82
t3,1wsxwzn,user_959356f2dc
t3,1wsxuas,user_a85e0f3ebf
t3,1wsxs6g,user_ab6229dbdf
t3,1wsxpjc,user_b5eb0eeb35
t3,1wsxe8a,user_1954e3e643
t3,1wsx0bn,user_8406a3e102
t3,1wswxnz,user_5dc97d06af
t3,1wswu6f,user_a513750592
t3,1wswt7q,user_ccbe2d1130
t3,1wsw2wc,user_03cb5882ce
t3,1wsvtdm,user_b12cb9c279
t3,1wsvr4k,user_f6a6a49ca4
t3,1wsv5g8,user_62643860e9
t3,1wsucqb,user_ec9cae366a
t3,1wsu9xa,user_ae07ea5fb4
t3,1wsu7us,user_f92af5aa63
t3,1wsu1g4,user_d028993f7f
t3,1wstxn8,user_d028993f7f
t3,1wsttz6,user_cc98efca96
t3,1wstjo9,user_d59de6ed5d
t3,1wsthoo,user_b5eb0eeb35
t3,1wstgye,user_c65e131839
t3,1wstcix,user_4d3f8378d1
t3,1wst014,user_a513750592
t3,1wssvqn,user_324c762dae
t3,1wssv9x,user_24fa2c9728
t3,1wssuuf,user_ed79f24ec4
t3,1wsssd8,user_23357a2467
t3,1wsss8h,user_8e65cbe1a7
t3,1wssn3b,user_a9136ebe51
t3,1wssgxw,user_7df6959472
t3,1wssfdx,user_a1ef7cf8b3
t3,1wsserh,user_0f3252b845
t3,1wss669,user_1fc5b86b2f
t3,1wss197,user_6dca26d6d4
t3,1wsrqes,user_55fc92bd7a
t3,1wsrp4k,user_bff24ad09c
t3,1wsrnh2,user_808eac4099
t3,1wsrh9m,user_0e6dbc415a
t3,1wsr88r,user_6c31c89839
t3,1wsr5s1,user_d59de6ed5d
t3,1wsr1d9,user_171feb4bf7
t3,1wsqzjw,user_051d6576e0
t3,1wsqz4q,user_051d6576e0
t3,1wsqmnk,user_6c31c89839
t3,1wsq77h,user_a4dc088743
t3,1wspzgf,user_71cfea4a63
t3,1wspxva,user_78c63f66d8
t3,1wspsj3,user_f2fce045e5
t3,1wsp56w,user_14fd631c4a
t3,1wsotzo,user_4dfb34defe
t3,1wsnz51,user_59cb30a08b
t3,1wsnv2a,user_f2c02c1775
t3,1wsnm4v,user_2a0266a948
t3,1wsnjp4,user_f44cfe90ad
t3,1wsnb1w,user_b679d00257
t3,1wsn4p0,user_f7edd8a278
t3,1wsmxg3,user_9eefa1480e
t3,1wsmvk0,user_aaee4fbbb3
t3,1wsmqda,user_49bc8f6a93
t3,1wsmjvp,user_2147238583
t3,1wsmhd9,user_47e142c64b
t3,1wsmgvd,user_5ba44b6a49
t3,1wsmg02,user_dbc44fe892
t3,1wsma1w,user_95384b6d3c
t3,1wsm2zl,user_2e16e6fa83
t3,1wsm255,user_fe442af274
t3,1wsm00y,user_494bb6c9b7
t3,1wslzy2,user_7b4807191b
t3,1wslycl,user_55fc92bd7a
t3,1wslliv,user_5c40f36cac
t3,1wsl53y,user_a0b480ac2a
t3,1wsl42t,user_bb2aa817ff
t3,1wsl25i,user_55a38694b6
t3,1wskuwj,user_26d6816aec
t3,1wskoal,user_70fdf4341e
t3,1wsknlk,user_a0b480ac2a
t3,1wsk4it,user_4568f4aae3
t3,1wsk0x9,user_5c40f36cac
t3,1wsjxde,user_157b6ed505
t3,1wsjv0j,user_5447cc5ea5
t3,1wsjsqv,user_a0b480ac2a
t3,1wsjr6c,user_4556e12100
t3,1wsjqdu,user_f121a211f5
t3,1wsjj1i,user_d233806da5
t3,1wsji4u,user_f46ed8fd24
t3,1wsjat9,user_23e46e9022
t3,1wsj9ud,user_4d05369a0f
t3,1wsj48k,user_c14d354438
t3,1wsiwi3,user_fca1cb5706
t3,1wsivzu,user_b6a490779d
t3,1wsivrm,user_9ff215db03
t3,1wsikno,user_1088f48c56
t3,1wsijc1,user_ec5fa63c3a
t3,1wsij1k,user_d9209fe8e9
t3,1wsiby3,user_7a07b85265
t3,1wsi2pp,user_0d2054b8d3
t3,1wshv3y,user_90b57ecc40
t3,1wshu5t,user_90b57ecc40
t3,1wsht88,user_db8126284b
t3,1wshbib,user_5d6efbc002
t3,1wsgsvi,user_19e514ae4d
t3,1wsgo22,user_4e84da4c7c
t3,1wsglf3,user_bb33c556de
t3,1wsgbmd,user_a3927f7bb1
t3,1wsg534,user_3fd9d4ef7b
t3,1wsg51f,user_171feb4bf7
t3,1wsg3jk,user_d2036977d3
t3,1wsg2bj,user_36e41062fd
t3,1wsfr3h,user_9b726933e3
t3,1wsfjtu,user_910e667332
t3,1wsfctk,user_59e32779a5
t3,1wsfblp,user_2dfb46ec29
t3,1wsexij,user_a4617b85fd
t3,1wsespu,user_2a9a91de5b
t3,1wseovu,user_4cc1017c44
t3,1wsem2l,user_5cbf8c9b10
t3,1wselr2,user_1fddcd7354
t3,1wsec4m,user_f1c8319069
t3,1wsebrx,user_35988186ba
t3,1wse5m6,user_63e4ee95ef
t3,1wse2t9,user_cc5fc554fb
t3,1wse1nk,user_20be42658b
t3,1wsdu0n,user_700cb478b5
t3,1wsdrwi,user_32a652a4bf
t3,1wsdonb,user_700cb478b5
t3,1wsdn5q,user_700cb478b5
t3,1wsd0su,user_f4ea897c8e
t3,1wsd05t,user_cfff30cf99
t3,1wscgca,user_eeffc33c73
t3,1wscf2h,user_1a1bca8445
t3,1wsccvx,user_363ecf5045
t3,1wsc3ma,user_749cc7e654
t3,1wsbzxb,user_6cb3616fe3
t3,1wsbl7b,user_1901d10e57
t3,1wsbja2,user_4372387e05
t3,1wsb1lu,user_24b0596d8a
t3,1wsakod,user_4c5d24d654
t3,1wsae9b,user_00f1c5f3a5
t3,1wsa1z0,user_1bbc519802
t3,1ws9n8d,user_8b001bcd12
t3,1ws90yh,user_62e3b61c86
t3,1ws8pep,user_bcc331664a
t3,1ws8lm7,user_f2c5fda8fa
t3,1ws823z,user_171feb4bf7
t3,1ws7w6p,user_c16ef9cd96
t3,1ws7npv,user_2d2b9b5f00
t3,1ws7dy2,user_edb38b0bae
t3,1ws737v,user_47eb24ff22
t3,1ws6tzi,user_0d00391913
t3,1ws6oxb,user_3b12e2eb31
t3,1ws6hli,user_78234cb5a2
t3,1ws6gn0,user_5d9943ac1e
t3,1ws6dxm,user_4db7281fa2
t3,1ws6dtw,user_9ef77f06d2
t3,1ws67nr,user_6911dca7de
t3,1ws645l,user_d028993f7f
t3,1ws5t0q,user_9b726933e3
t3,1ws5sju,user_ae206b1d15
t3,1ws5rrc,user_be1b15c13a
t3,1ws5l6e,user_f05fd10ca3
t3,1ws52u4,user_6201db6d28
t3,1ws4tqp,user_c20511c0b6
t3,1ws4oig,user_504cf802e7
t3,1ws4euz,user_b5eb0eeb35
t3,1ws4d2k,user_c605d741fb
t3,1ws435c,user_c65e131839
t3,1ws421n,user_dc02618e4f
t3,1ws3phs,user_05434818ab
t3,1ws3lbx,user_f02a5b7012
t3,1ws3kwn,user_d9aef11ca9
t3,1ws3eb8,user_d6f2f63628
t3,1ws2v6z,user_1ac963c2a3
t3,1ws2fmk,user_d84a7a4dc5
t3,1ws2d6l,user_f47660f933
t3,1ws24mp,user_4faabfd25a
t3,1ws22lq,user_4faabfd25a
t3,1ws1urj,user_c14d354438
t3,1ws1owo,user_c14d354438
t3,1ws1ccy,user_8d01cca3e9
t3,1ws1b91,user_15a30d824d
t3,1ws17cq,user_fa54202574
t3,1ws0vdt,user_2c0c04afa5
t3,1ws0gfr,user_edf51a1e35
t3,1ws05k4,user_29fdb699f8
t3,1wrzzqh,user_681cb29b7a
t3,1wrzzn1,user_3b12e2eb31
t3,1wrzue8,user_4388163f0f
t3,1wrzs9u,user_af22fd63eb
t3,1wrzl98,user_6258d89ba5
t3,1wrz6o1,user_0f3252b845
t3,1wrytcj,user_fd0f61764b
t3,1wrymz0,user_fd0f61764b
t3,1wrymkw,user_038d9329f9
t3,1wryley,user_fd0f61764b
t3,1wryb6j,user_531bfa0527
t3,1wrxl80,user_9e70491be3
t3,1wrxd53,user_e5ffb968d6
t3,1wrxcxi,user_1088f48c56
t3,1wrxcmf,user_8bf1d05095
t3,1wrxaya,user_d64bf425f2
t3,1wrx1u1,user_f724e16219
t3,1wrwxh4,user_63c86725a5
t3,1wrwx5c,user_ab12a0a4b2
t3,1wrwweo,user_408f5b7b6c
t3,1wrwvuf,user_7efe46d0a9
t3,1wrwumy,user_785d1ea30b
t3,1wrwq1r,user_171feb4bf7
t3,1wrwni3,user_dbc44fe892
t3,1wrwiu0,user_2cbd2c3b2a
t3,1wrw95i,user_9136d5065a
t3,1wrvt8k,user_8c4dc7f052
t3,1wrvo6z,user_5688e32295
t3,1wrvcfm,user_7fd729dd53
t3,1wrv9x1,user_790313f5f8
t3,1wrv1ha,user_ea3460b5a2
t3,1wruyok,user_4a0a472847
t3,1wruwj7,user_6ef6587259
t3,1wruaw1,user_bff756f9f2
t3,1wru9v3,user_024ef23f93
t3,1wru7hn,user_790313f5f8
t3,1wru6r5,user_1777eccc28
t3,1wru5co,user_7b706bb763
t3,1wrtta2,user_66e14581b2
t3,1wrtrmk,user_93dfeac7a1
t3,1wrtoma,user_15c4556443
t3,1wrtlhw,user_34650eaa48
t3,1wrthi4,user_16eae4b422
t3,1wrtdgu,user_43cf1eb426
t3,1wrtam3,user_c0b941effa
t3,1wrtadi,user_fa3e9d9e90
t3,1wrt9np,user_5447cc5ea5
t3,1wrt4a3,user_fd0f61764b
t3,1wrt1cb,user_81fe09a2d6
t3,1wrswvq,user_bbc5241347
t3,1wrsr1o,user_5a284a16fc
t3,1wrsm9n,user_da5728bab8
t3,1wrsdq3,user_70206df05e
t3,1wrrjdq,user_353aab36e7
t3,1wrrd5s,user_6c31c89839
t3,1wrrc3s,user_7a8c64ca14
t3,1wrr3v1,user_7ae43dfaf7
t3,1wrr21b,user_95b8322492
t3,1wrr110,user_01b4a2b49f
t3,1wrr0o2,user_7ae43dfaf7
t3,1wrqtm9,user_f8196046ba
t3,1wrqjg7,user_8469dbcc0c
t3,1wrqdke,user_6c94cb84d6
t3,1wrq5g6,user_0a1b1c2841
t3,1wrq11x,user_924aeb3f88
t3,1wrpynu,user_a9136ebe51
t3,1wrpy3q,user_a9136ebe51
t3,1wrpvvx,user_46bf280fbe
t3,1wrpsni,user_0844f8f62c
t3,1wrpqyw,user_2c022b25f3
t3,1wrphgf,user_6a0a6543b6
t3,1wrpba4,user_359eaf7f78
t3,1wrp797,user_5d6efbc002
t3,1wroumn,user_fd0a4c3b0f
t3,1wrotp5,user_690558c0c7
t3,1wronen,user_55a4b2cc35
t3,1wromna,user_d233806da5
t3,1wroj8r,user_fd0a4c3b0f
t3,1wrog8x,user_d233806da5
t3,1wrob56,user_98fc74b7ad
t3,1wro7bw,user_91fec01908
t3,1wro6u6,user_42e9d43fb3
t3,1wrnw3l,user_8860b20b32
t3,1wrnpq4,user_d9cc7a8675
t3,1wrnmwc,user_92ad4ac21e
t3,1wrnm7h,user_b5eb0eeb35
t3,1wrnigp,user_d16569d7bc
t3,1wrn7wu,user_baa86e4950
t3,1wrn49w,user_baf28d6f6c
t3,1wrmy7x,user_a3927f7bb1
t3,1wrmxdw,user_d233806da5
t3,1wrmsye,user_37971a5671
t3,1wrm8ai,user_044bafdb91
t3,1wrlwxr,user_bf06b8eed2
t3,1wrl1h3,user_37bcc33373
t3,1wrktfe,user_fc4325392b
t3,1wrk4hd,user_5447cc5ea5
t3,1wrk3rc,user_44a0927966
t3,1wrk36z,user_d2a84a198f
t3,1wrjxg2,user_771ccfe47d
t3,1wrjuqd,user_5ad8115d87
t3,1wrjemx,user_dcb9c6641c
t3,1wrj5wb,user_6253bd2dea
t3,1wrj11o,user_4f6cdfee75
t3,1wriyq0,user_b5cbe5563e
t3,1wrirm4,user_9461e53b97
t3,1wridgv,user_04935dcd34
t3,1wri7b6,user_1fddcd7354
t3,1wri5h9,user_f51ad98660
t3,1wri4bh,user_56c4ab7f71
t3,1wrhk0f,user_2d36b153d3
t3,1wrgoio,user_0be437868e
t3,1wrg9ys,user_d7a46ff715
t3,1wrfw6z,user_47e142c64b
t3,1wrfv99,user_ae1470c29a
t3,1wrfup9,user_76a69b56c8
t3,1wrfufc,user_197a86718b
t3,1wrfppx,user_b367ab288e
t3,1wrf4x3,user_a074851852
t3,1wrev4b,user_b85777e0d8
t3,1wreqzo,user_25e8325dcf
t3,1wrecua,user_028a46f4f9
t3,1wrebiz,user_fb57f0853c
t3,1wre0uj,user_e981b0034d
t3,1wrdvcf,user_4b15e524c7
t3,1wrdt0m,user_091579ea86
t3,1wrdot7,user_b687c6ce2f
t3,1wrdn0h,user_83e5345e92
t3,1wrdf4i,user_48ccf6eeda
t3,1wrd0b5,user_2e33feeb10
t3,1wrcwcy,user_adf556a00f
t3,1wrcpbu,user_25e8325dcf
t3,1wrcgt2,user_27a7a2a78b
t3,1wrce0k,user_40b54a970c
t3,1wrbklg,user_6b82d459e9
t3,1wras48,user_f85e638f6d
t3,1wraqg1,user_9dd62c4155
t3,1wrajd9,user_7850a3f809
t3,1wrabkh,user_86cd1dd016
t3,1wra1y3,user_cc09e34738
t3,1wr9xpd,user_5fbafbc371
t3,1wr9wcc,user_84254ca088
t3,1wr9uc7,user_d4ce3e58f6
t3,1wr9syr,user_e5b9cc01f8
t3,1wr9qkc,user_c5218293aa
t3,1wr9pe1,user_34f477134a
t3,1wr9kez,user_1ce64e520c
t3,1wr9ipt,user_40ddcb4dde
t3,1wr9afv,user_26b4c34cbf
t3,1wr9a8p,user_5e994fbbb3
t3,1wr8yq3,user_bdfea07839
t3,1wr8xvp,user_bdfea07839
t3,1wr8urw,user_405840c5cb
t3,1wr8sld,user_4dd7edb20f
t3,1wr8exb,user_a9136ebe51
t3,1wr8c6m,user_6260c7936e
t3,1wr8atn,user_adee107de0
t3,1wr87nx,user_c289d6bba3
t3,1wr85gl,user_138ebd46b5
t3,1wr84dh,user_138ebd46b5
t3,1wr83ee,user_ce94923f7f
t3,1wr7k7r,user_c5d7a7ffd9
t3,1wr7dkw,user_816b58ec64
t3,1wr7312,user_979e0b0d90
t3,1wr6zhr,user_5353e66656
t3,1wr6wxl,user_d7a46ff715
t3,1wr6b90,user_5183eccb3d
t3,1wr6awu,user_3f8e8fdde1
t3,1wr69qq,user_3d3eec0e31
t3,1wr64sq,user_9b726933e3
t3,1wr60dj,user_b7f44f9d13
t3,1wr5xhl,user_be64071183
t3,1wr5qng,user_fed46c45d6
t3,1wr5qjl,user_be64071183
t3,1wr5n7o,user_ccf1f2bea7
t3,1wr5if4,user_b38c5ba9b9
t3,1wr5ady,user_fd0f61764b
t3,1wr59is,user_6725ca8124
t3,1wr4xkx,user_ff433ea58b
t3,1wr4whe,user_69e723fa2f
t3,1wr4vpu,user_903e1a7776
t3,1wr4t2y,user_8d8d5fe6aa
t3,1wr4lrv,user_4ef2f68726
t3,1wr4k87,user_54206d245e
t3,1wr4i6q,user_82e3dca4ac
t3,1wr4f0z,user_92532da30b
t3,1wr47yw,user_59b1e82740
t3,1wr444q,user_9f1cdc3779
t3,1wr409e,user_4337484636
t3,1wr393q,user_6c92854c12
t3,1wr38r1,user_00eb2934a7
t3,1wr36zu,user_4c7d9eaed2
t3,1wr2yhr,user_048417de84
t3,1wr2xsi,user_9969ef965e
t3,1wr2u7o,user_c25f77098e
t3,1wr2j30,user_7df6959472
t3,1wr2d04,user_14fb7fce2c
t3,1wr2bvg,user_9f902634b1
t3,1wr258w,user_f83d16d681
t3,1wr1g9q,user_2eaf063dae
t3,1wr1d9r,user_9cb986a914
t3,1wr1caf,user_9541cc725a
t3,1wr1amy,user_4c67859e2c
t3,1wr0zw0,user_f8196046ba
t3,1wr0v4j,user_5f82f08ee6
t3,1wr0stn,user_05f87d20d5
t3,1wr0obb,user_4337c9ab97
t3,1wr0jf7,user_0351350fe4
t3,1wr0jdh,user_6bab745a25
t3,1wr0clb,user_dcb9c6641c
t3,1wr0bjt,user_30cb64e9d9
t3,1wr0bjn,user_f8196046ba
t3,1wr0b8p,user_95ca26633c
t3,1wr0a6c,user_f8196046ba
t3,1wr04ga,user_171feb4bf7
t3,1wr04fw,user_6c31c89839
t3,1wr02ps,user_edb38b0bae
t3,1wr00s6,user_d1aaa37cdb
t3,1wqzywm,user_a3927f7bb1
t3,1wqzxl0,user_9aa2bfe5a8
t3,1wqzvzl,user_8eeb9f7199
t3,1wqzi47,user_acddfd344e
t3,1wqzfq4,user_fc6ee988bd
t3,1wqzebg,user_cc5fc554fb
t3,1wqz1fu,user_563848401d
t3,1wqyp87,user_47b00084b1
t3,1wqy3jp,user_9b6b425d69
t3,1wqxyat,user_8c916e4ea4
t3,1wqxvgp,user_d233806da5
t3,1wqxuw3,user_a99640c79a
t3,1wqxten,user_5e994fbbb3
t3,1wqxsk4,user_ac947e1e0a
t3,1wqxn7w,user_ac947e1e0a
t3,1wqxn7h,user_649196fa6b
t3,1wqxd63,user_ac947e1e0a
t3,1wqxbrq,user_3b2e0a03e4
t3,1wqx82u,user_b5eb0eeb35
t3,1wqx781,user_95ca26633c
t3,1wqx449,user_95ca26633c
t3,1wqx3js,user_4c5d24d654
t3,1wqwwm4,user_6b529e15ac
t3,1wqwt2f,user_fcdd0c7514
t3,1wqwoqr,user_4af1c55ce2
t3,1wqwnqk,user_cebd2f4a0f
t3,1wqwm3q,user_fe0a154983
t3,1wqwdvn,user_157b6ed505
t3,1wqwc2h,user_d233806da5
t3,1wqw5e8,user_616e7fe36c
t3,1wqw4ac,user_56d72c3ff7
t3,1wqw0g1,user_f726df110a
t3,1wqvx7i,user_fb50d8b943
t3,1wqve1q,user_1603de610a
t3,1wqv4ot,user_bcedd6704c
t3,1wqv1th,user_23357a2467
t3,1wqutqf,user_1ede804e3b
t3,1wquozq,user_bbc5241347
t3,1wquozg,user_56d72c3ff7
t3,1wqumnu,user_56d72c3ff7
t3,1wqumcw,user_064adfb930
t3,1wqujkm,user_ec51986bd6
t3,1wquhn6,user_be64071183
t3,1wqudc6,user_5afc90ea0d
t3,1wqu7ks,user_1654f0b618
t3,1wqu4qz,user_6d1f239b54
t3,1wqu4m5,user_0144f9fa85
t3,1wqu46w,user_157b6ed505
t3,1wqtyot,user_a8668f66a9
t3,1wqtv28,user_ffebea5450
t3,1wqtuzj,user_cee72a67b0
t3,1wqtpl2,user_a3ce2cea4d
t3,1wqtmb0,user_169c435301
t3,1wqth4s,user_0ae4e3f7ab
t3,1wqstuh,user_6cc292bf0c
t3,1wqssm4,user_64bad1293d
t3,1wqssjx,user_fd0fa97b38
t3,1wqsjxy,user_07a9e5bb57
t3,1wqsiku,user_0af6a83049
t3,1wqsa4z,user_309654e0b9
t3,1wqs5tv,user_e30e7ed732
t3,1wqs5l4,user_4a153a6ce2
t3,1wqrzkz,user_8860b20b32
t3,1wqrvnq,user_ea427e8dcd
t3,1wqrtd3,user_ea427e8dcd
t3,1wqrsu5,user_6c31c89839
t3,1wqrq7n,user_baa86e4950
t3,1wqro9t,user_00eb2934a7
t3,1wqrhw9,user_1fddcd7354
t3,1wqrb1o,user_92dc727865
t3,1wqqymm,user_b5eb0eeb35
t3,1wqqqze,user_7795dbe800
t3,1wqqq9m,user_84d5a3416b
t3,1wqqg14,user_c65296d631
t3,1wqqbgg,user_48bb390338
t3,1wqqb46,user_40bcf854dd
t3,1wqq88s,user_e72e63d38f
t3,1wqp0p9,user_858a17aca5
t3,1wqooaj,user_a9e298ec9d
t3,1wqojzw,user_ee7838c2cb
t3,1wqofyk,user_fae8e5c62e
t3,1wqodtv,user_fd249604b7
t3,1wqoa5o,user_b5285b41ce
t3,1wqnysu,user_aaee4fbbb3
t3,1wqnvv5,user_c535960aa3
t3,1wqntoj,user_d40f7526eb
t3,1wqnmjf,user_b8007274d8
t3,1wqnh3h,user_132c27aff5
t3,1wqn9a6,user_b8d82e8a9d
t3,1wqmw80,user_c67bfa8bf6
t3,1wqml73,user_21bf389b7d
t3,1wqmikw,user_fd4312eb9d
t3,1wqmezm,user_c217a00fd0
t3,1wqmarq,user_af4a567da3
t3,1wqmaom,user_e72e63d38f
t3,1wqm9hw,user_b562dde0ab
t3,1wqlp4c,user_809acef6b8
t3,1wqln80,user_7e7aad1d21
t3,1wqlkim,user_0ae4e3f7ab
t3,1wqlgp8,user_71408321b9
t3,1wql3nw,user_8301fa9d1a
t3,1wqkn40,user_8cf421d353
t3,1wqkj36,user_c3750693ca
t3,1wqk65d,user_ca2a6a2711
t3,1wqjppt,user_5dc97d06af
t3,1wqj78v,user_c410ea2c1a
t3,1wqj6ki,user_8e63e43808
t3,1wqj6kf,user_318efcc092
t3,1wqj4p6,user_9b726933e3
t3,1wqiykq,user_a2985d2fde
t3,1wqiyfe,user_c217a00fd0
t3,1wqiww4,user_6bab745a25
t3,1wqiv3g,user_6bab745a25
t3,1wqiuhx,user_97f3acb5cf
t3,1wqij9r,user_95ca26633c
t3,1wqhzj8,user_8b610d6104
t3,1wqht0n,user_765ec05875
t3,1wqhqxh,user_54832dec2c
t3,1wqhqmk,user_1795d7b5d3
t3,1wqh9r9,user_1620a47c22
t3,1wqh8zm,user_a074851852
t3,1wqh7pj,user_a636345ad3
t3,1wqh69w,user_e4ac881df4
t3,1wqgz4m,user_ae86e42e3a
t3,1wqgnza,user_ea427e8dcd
t3,1wqgccp,user_3981fefaca
t3,1wqgcaf,user_f8196046ba
t3,1wqg8m0,user_be64071183
t3,1wqg8cg,user_3f4689d6d6
t3,1wqg21u,user_81fe09a2d6
t3,1wqfvg4,user_1f877d1aa4
t3,1wqfc93,user_0207b6cade
t3,1wqfbxe,user_09fbbe2cb6
t3,1wqfbww,user_e8efa2ad7a
t3,1wqfbd4,user_09fbbe2cb6
t3,1wqf7v7,user_63d1716ab5
t3,1wqewr3,user_544bc8cf57
t3,1wqepy7,user_4600298c8c
t3,1wqegzr,user_99d4e10037
t3,1wqeeab,user_c29ff4c903
t3,1wqeccz,user_8d8d5fe6aa
t3,1wqeaot,user_c14d354438
t3,1wqdjmx,user_3276fab2f7
t3,1wqd978,user_06c473b93c
t3,1wqd8s5,user_4e31dc779d
t3,1wqd5a4,user_071d165ba1
t3,1wqd40p,user_a3927f7bb1
t3,1wqd3ki,user_99a403112d
t3,1wqcw0f,user_d84a7a4dc5
t3,1wqcvn3,user_e57b2f65a7
t3,1wqctba,user_5d0dcc0362
t3,1wqcox5,user_0af6a83049
t3,1wqcmae,user_d84a7a4dc5
t3,1wqcjq5,user_2dadcce5f8
t3,1wqcjec,user_d84a7a4dc5
t3,1wqcif9,user_00eb2934a7
t3,1wqcid8,user_2dadcce5f8
t3,1wqchhu,user_433ff91a25
t3,1wqcbio,user_e57b2f65a7
t3,1wqc8l2,user_06c473b93c
t3,1wqc2rq,user_06c473b93c
t3,1wqc0q6,user_09fbbe2cb6
t3,1wqc004,user_06c473b93c
t3,1wqbmrp,user_6cab3ec814
t3,1wqbe5p,user_87b00a3c5b
t3,1wqb1p8,user_34f477134a
t3,1wqb0af,user_6ddc32a321
t3,1wqaq9v,user_22fed34294
t3,1wqaq3v,user_2a5806caf4
t3,1wqahkm,user_9340b5adba
t3,1wqaco4,user_55159500f1
t3,1wqabhm,user_5e1ad87ec0
t3,1wqa758,user_4b78c3fb8f
t3,1wq9vnn,user_ea2ed41a38
t3,1wq9prm,user_571fba46e5
t3,1wq9h25,user_ca9c0fa88d
t3,1wq9g40,user_5e3ec1c13f
t3,1wq9ef7,user_499e5727c4
t3,1wq9b36,user_d233806da5
t3,1wq905x,user_3cf04c441e
t3,1wq8usd,user_0223a6370f
t3,1wq8onv,user_0140c50bc0
t3,1wq8k0k,user_b585325e4d
t3,1wq8140,user_2fddb8a31f
t3,1wq7x0i,user_eaddeb6b14
t3,1wq7o4q,user_ccbe2d1130
t3,1wq7mzi,user_25b7ecba23
t3,1wq7mh7,user_e73b43ab84
t3,1wq7h7n,user_0223a6370f
t3,1wq78mj,user_1c0f445c14
t3,1wq6vdk,user_e7c80535d7
t3,1wq65gb,user_a26dbae545
t3,1wq5yry,user_536828b03b
t3,1wq5t4r,user_71a12574fc
t3,1wq5oy1,user_6e44074d8f
t3,1wq5l7j,user_52148ad906
t3,1wq4wrx,user_93e9be6266
t3,1wq4v8j,user_9d3a624398
t3,1wq4uem,user_f826adc4da
t3,1wq4r0r,user_6c31c89839
t3,1wq4nd8,user_383285036a
t3,1wq487z,user_39f63c20fb
t3,1wq46wx,user_f522fd81bb
t3,1wq3zo6,user_171feb4bf7
t3,1wq3trb,user_4346bdb3a7
t3,1wq3mip,user_f1c8319069
t3,1wq3l7a,user_a23e330b95
t3,1wq3gab,user_a2003d105b
t3,1wq3ffg,user_abb9960899
t3,1wq3e2i,user_9a27044c51
t3,1wq35hj,user_8de8b4bf6e
t3,1wq31no,user_fdf7c18c51
t3,1wq30zi,user_23505bf826
t3,1wq2wf6,user_a5f0e055a0
t3,1wq2v1b,user_f8af210777
t3,1wq2imz,user_2c34573873
t3,1wq2ijg,user_4a84b8ec74
t3,1wq2ijd,user_2c34573873
t3,1wq2htl,user_f8af210777
t3,1wq2ghm,user_8af4bc82d0
t3,1wq2f9v,user_95b8322492
t3,1wq2epg,user_c21fcb24a9
t3,1wq245x,user_83b73b8fdf
t3,1wq23ug,user_accfaae278
t3,1wq22s0,user_accfaae278
t3,1wq1xhb,user_8eeb9f7199
t3,1wq1w5a,user_616e7fe36c
t3,1wq1ukn,user_fb8bc3589d
t3,1wq1qyk,user_9a27044c51
t3,1wq1qwh,user_accfaae278
t3,1wq1q1k,user_7e46c404c1
t3,1wq1pk8,user_a065d96840
t3,1wq1o7t,user_16073cf6d9
t3,1wq1n5a,user_accfaae278
t3,1wq1d71,user_01af43f157
t3,1wq16ua,user_5e3ec1c13f
t3,1wq14jt,user_c14d354438
t3,1wq139h,user_c14d354438
t3,1wq0pqn,user_09fbbe2cb6
t3,1wq0muy,user_a23e330b95
t3,1wq0k1m,user_91c3a627b7
t3,1wq0hqp,user_7e72a3c225
t3,1wq0cda,user_cc385c18ee
t3,1wq00iw,user_ea2ed41a38
t3,1wpzzpo,user_d6477081c1
t3,1wpzzgn,user_edb38b0bae
t3,1wpzwme,user_f57555d968
t3,1wpzpku,user_5447cc5ea5
t3,1wpzktc,user_80e6558ce6
t3,1wpzhmc,user_9b726933e3
t3,1wpz850,user_2c134028dd
t3,1wpz739,user_e72e63d38f
t3,1wpz4oy,user_c3c4af17fe
t3,1wpz2c6,user_7a71b9096d
t3,1wpyzdw,user_6c31c89839
t3,1wpyuv3,user_7da8c5e799
t3,1wpyqd8,user_08f48d8436
t3,1wpyo9p,user_1fa4f299a8
t3,1wpy61b,user_ecd82e037d
t3,1wpy5yz,user_2c134028dd
t3,1wpy5z0,user_7a71b9096d
t3,1wpy1es,user_a9136ebe51
t3,1wpy0av,user_1e33729d69
t3,1wpxzbl,user_560fc6f8ec
t3,1wpxz4b,user_0b4b22a2a6
t3,1wpxrh5,user_ac56b9d66c
t3,1wpxnpt,user_1c0f445c14
t3,1wpxijn,user_b21a4bf5c6
t3,1wpwycb,user_4e658bf4ff
t3,1wpwlvp,user_c64f66162a
t3,1wpwhf1,user_e72e63d38f
t3,1wpwb49,user_29d3bb660e
t3,1wpw4cj,user_d233806da5
t3,1wpvtp6,user_4f1590c041
t3,1wpvp9l,user_e72e63d38f
t3,1wpvjng,user_c1099156c5
t3,1wpvdtz,user_358b020f46
t3,1wpvbdn,user_4e84da4c7c
t3,1wpv8b0,user_3228f195ee
t3,1wpuxar,user_6535143ba9
t3,1wpuuh9,user_6c31c89839
t3,1wpukxr,user_ef0c9db2fb
t3,1wpubwx,user_5766168791
t3,1wpu9cq,user_6ffdfe538b
t3,1wpu8tq,user_af43728b42
t3,1wpu8j2,user_2e6ccfc719
t3,1wpu66h,user_1fddcd7354
t3,1wptypc,user_2332a954f3
t3,1wptum7,user_7e090eb151
t3,1wptpmt,user_2e6ccfc719
t3,1wpthnk,user_e25f4244e9
t3,1wpt3c1,user_e25f4244e9
t3,1wpsz8y,user_b7f6b4182d
t3,1wpsuqg,user_eabf2b12d1
t3,1wpsmk1,user_5d08e3c619
t3,1wpslln,user_ef0c9db2fb
t3,1wpsigz,user_c14d354438
t3,1wpsg32,user_b562dde0ab
t3,1wpscwa,user_22d878e3cf
t3,1wps9te,user_d7ac3c5c8e
t3,1wps562,user_a71067d227
t3,1wps1vz,user_c14d354438
t3,1wprzsh,user_b5eb0eeb35
t3,1wprefx,user_537fbcb7f3
t3,1wpr8c1,user_fb8bc3589d
t3,1wpr50e,user_eb22df9769
t3,1wpqni0,user_5d6efbc002
t3,1wpqj6y,user_7771c086cf
t3,1wpqim5,user_fb9411cde9
t3,1wpq3fm,user_1d075a317c
t3,1wppxlm,user_efce5e2e92
t3,1wppmvi,user_dcfd05751e
t3,1wpp20k,user_9249d9660a
t3,1wpp01s,user_ad30f8736f
t3,1wpoubp,user_9b09e6d067
t3,1wpopts,user_07004ba4c0
t3,1wpop8i,user_3b6484a6b2
t3,1wpooch,user_07004ba4c0
t3,1wpoly9,user_726723325b
t3,1wpokwi,user_be1b15c13a
t3,1wpojve,user_b718ba318f
t3,1wpojq2,user_a3dddfe026
t3,1wpogwb,user_7439fbaaa8
t3,1wpo3qj,user_56d9472801
t3,1wpo139,user_2ffc9b0b43
t3,1wpo0x4,user_df7671a75c
t3,1wpnq6k,user_5447cc5ea5
t3,1wpnm9g,user_0ae4e3f7ab
t3,1wpni84,user_74e0ab2cae
t3,1wpnay4,user_0ae4e3f7ab
t3,1wpn80n,user_7233745606
t3,1wpn6w4,user_da257cfa93
t3,1wpn464,user_a119cb7e88
t3,1wpn1ko,user_995546fd2c
t3,1wpmsxs,user_e72e63d38f
t3,1wpma01,user_d374193d53
t3,1wpm103,user_abf3456eb4
t3,1wplwp6,user_c5b22ff718
t3,1wplq05,user_efdf2a6ad0
t3,1wplfw5,user_c87c4e1c9c
t3,1wplf99,user_51455783a1
t3,1wplec9,user_df8e6bf55f
t3,1wplc1v,user_96730dcb0e
t3,1wplb2z,user_5ffc356567
t3,1wpla10,user_8788d6c19f
t3,1wpl8cp,user_e689e1900b
t3,1wpl0mf,user_52148ad906
t3,1wpkwwb,user_73943350aa
t3,1wpkter,user_d1a51201fe
t3,1wpkjxs,user_45b2327f64
t3,1wpkirp,user_26b4c34cbf
t3,1wpkav9,user_a4cfb7a519
t3,1wpk5tq,user_cf57cc5505
t3,1wpk4mq,user_6260c7936e
t3,1wpk1w2,user_248a0e5a7e
t3,1wpjxg6,user_c14d354438
t3,1wpjqxa,user_22447190a5
t3,1wpjoj4,user_a636345ad3
t3,1wpjmza,user_697bc602b9
t3,1wpiv0v,user_7fb4062341
t3,1wpin24,user_a636345ad3
t3,1wpilg9,user_63a1d0d44c
t3,1wpih61,user_26b4c34cbf
t3,1wphyny,user_8d1b7f06be
t3,1wphssz,user_cee72a67b0
t3,1wphsp5,user_f3f5f625b4
t3,1wphi4r,user_9d3a624398
t3,1wphcd9,user_63878897f1
t3,1wphbrn,user_47e142c64b
t3,1wph9zq,user_47e142c64b
t3,1wph7co,user_4388163f0f
t3,1wph6y6,user_47e142c64b
t3,1wph4mh,user_abb319c7f6
t3,1wpgrju,user_5e3ec1c13f
t3,1wpggzv,user_bc163fa281
t3,1wpgc91,user_c1cc6e642b
t3,1wpgc3e,user_0832480226
t3,1wpg5g4,user_53e356bf81
t3,1wpftyn,user_970b3a3701
t3,1wpfkns,user_9725c36caa
t3,1wpf8v8,user_f2db03a1aa
t3,1wpeplo,user_ddd7027af4
t3,1wpeewf,user_4d5dcfb7e9
t3,1wpdwxn,user_f693d396b4
t3,1wpdjwn,user_cc5fc554fb
t3,1wpd259,user_93885265f8
t3,1wpcz0o,user_4d69a6e24d
t3,1wpcxd1,user_34f477134a
t3,1wpck5k,user_ae90992386
t3,1wpcgha,user_9aa00c14b3
t3,1wpc6jp,user_995546fd2c
t3,1wpc4kw,user_8ac7663b40
t3,1wpalg3,user_ee95cd4cdc
t3,1wpaf7r,user_b9f184a16a
t3,1wpa9we,user_171feb4bf7
t3,1wpa6tv,user_5dc97d06af
t3,1wp9wjh,user_43e27b17c6
t3,1wp9w2j,user_6c31c89839
t3,1wp9u8u,user_815cb139aa
t3,1wp9h8h,user_3201c7cb20
t3,1wp9ftv,user_e86b67e91e
t3,1wp9ba0,user_ff25754b9f
t3,1wp9avi,user_584794a280
t3,1wp8po9,user_f66a7a6b06
t3,1wp8fia,user_1dbf7d5a18
t3,1wp7qv1,user_82479228a3
t3,1wp7j34,user_990f3e36d9
t3,1wp7ipd,user_a55ad277d0
t3,1wp7ikv,user_585969a4cc
t3,1wp79wm,user_b58a9041ff
t3,1wp6sxy,user_c9c1eda58f
t3,1wp6rc3,user_c9c1eda58f
t3,1wp6qt1,user_3958f50eca
t3,1wp6kwb,user_6c31c89839
t3,1wp6bl3,user_1416dfc468
t3,1wp6826,user_9ec5e13c2f
t3,1wp63kl,user_79d2489eeb
t3,1wp5ceh,user_12093ac6ee
t3,1wp56wo,user_4d75ed941c
t3,1wp4wuh,user_9a4ea7deb6
t3,1wp4vic,user_88735781cf
t3,1wp4jf3,user_616e7fe36c
t3,1wp4iqi,user_12d1092da4
t3,1wp46rn,user_7c1a70b0b0
t3,1wp436w,user_ffa296ee49
t3,1wp41cf,user_4f68193455
t3,1wp3zyn,user_4f68193455
t3,1wp3y1i,user_d233806da5
t3,1wp3uts,user_9e7b759a0a
t3,1wp3b7s,user_c3c4af17fe
t3,1wp32kn,user_942827f2d4
t3,1wp3034,user_1fddcd7354
t3,1wp2zup,user_84b5f96a79
t3,1wp2c4e,user_1c335f997e
t3,1wp2aov,user_1c335f997e
t3,1wp2a1g,user_bc75123ae1
t3,1wp23b0,user_2136abe60e
t3,1wp1tu8,user_1e67b329b1
t3,1wp1nvs,user_7b0425dc1a
t3,1wp1g9r,user_c1158f93cf
t3,1wp1154,user_9fdaccec7c
t3,1wp0lqe,user_81d60a483e
t3,1wp0gjx,user_32cc0e7ce2
t3,1wp0ayu,user_ce893f5090
t3,1wp078b,user_84d5a3416b
t3,1wozj1a,user_e72e63d38f
t3,1wozirc,user_e72e63d38f
t3,1wozanu,user_5ff1a511b0
t3,1woz8t2,user_be1b15c13a
t3,1woz88s,user_d233806da5
t3,1woz07f,user_1818d2d6fc
t3,1woyuva,user_4ab0a263df
t3,1woypv9,user_dbaca9fd32
t3,1woyhom,user_5ff1a511b0
t3,1woy07m,user_9c784b231b
t3,1woxz7p,user_076218de24
t3,1woxxd6,user_5ff1a511b0
t3,1woxh7c,user_6e6411752b
t3,1woxgs7,user_9f925e8758
t3,1woxbr9,user_e72e63d38f
t3,1wox5nq,user_be1b15c13a
t3,1wox5mv,user_6a812d48f5
t3,1wowuwb,user_cc5fc554fb
t3,1wowriq,user_74fb09979f
t3,1wovs7h,user_e68f974785
t3,1wovfmn,user_5d6efbc002
t3,1wov67j,user_4a01cab063
t3,1wov0j7,user_660456ecab
t3,1wotgsl,user_25e8325dcf
t3,1wotd0g,user_25e8325dcf
t3,1wot3h8,user_0be437868e
t3,1woszsf,user_4336ffa1af
t3,1wosyqp,user_1f455acff0
t3,1wosvpr,user_be1b15c13a
t3,1wossrp,user_fe34040ccf
t3,1wosiz7,user_ee4abc1196
t3,1wosgwh,user_ec38739040
t3,1wosfsm,user_5ac46374c6
t3,1wos773,user_4db7281fa2
t3,1worwlm,user_94a97beff8
t3,1worwl1,user_3fc0e2a3e6
t3,1worvsh,user_94a97beff8
t3,1wor8vq,user_b18a7f2742
t3,1wor6gd,user_e73b43ab84
t3,1wor1k6,user_2d2b9b5f00
t3,1woqzdl,user_e73b43ab84
t3,1woqnxi,user_25e8325dcf
t3,1woqg9t,user_f6a6a49ca4
t3,1woq5v5,user_e73b43ab84
t3,1wopwdp,user_ca16e63c64
t3,1wopp4j,user_3cc79580ae
t3,1wopnha,user_2a368560bf
t3,1wopkw2,user_e72e63d38f
t3,1wop2e6,user_1fba2bcf11
t3,1woortp,user_66fbd061a9
t3,1wooh72,user_6fd683866b
t3,1wooepv,user_8990aaf91a
t3,1wonwmq,user_be64071183
t3,1wonc32,user_5b4d6708ff
t3,1womw5z,user_955266081a
t3,1womre7,user_d8e912c202
t3,1wolt0l,user_5f5dadf828
t3,1woljvk,user_657c0821e2
t3,1wolbvk,user_ae9fa20499
t3,1wol3gr,user_1088f48c56
t3,1woky6t,user_56126d54b3
t3,1wokwnc,user_cc98efca96
t3,1wokw53,user_c71dc2c80e
t3,1woku0h,user_cc98efca96
t3,1wokoqu,user_6c31c89839
t3,1wokoby,user_cc98efca96
t3,1woknxo,user_f638f81f5f
t3,1woknvf,user_726723325b
t3,1wokkfv,user_d36990c2cf
t3,1wokcll,user_efbc33f2ff
t3,1woka0i,user_cc98efca96
t3,1wojv6q,user_83e5345e92
t3,1wojv6p,user_49165dde3e
t3,1wojqcu,user_38d2c04361
t3,1wojq3e,user_9b726933e3
t3,1wojoo0,user_1088f48c56
t3,1wojiwg,user_9b726933e3
t3,1woitnb,user_a00bf7754e
t3,1woirax,user_a00bf7754e
t3,1woikx7,user_2d0d71bd13
t3,1woikb3,user_c9f5df3341
t3,1woih5x,user_6aa538d597
t3,1woif5o,user_995546fd2c
t3,1woibhk,user_cc473cb212
t3,1woi7o5,user_b844835a70
t3,1woi5i3,user_47ff3872eb
t3,1wohugw,user_282c490e96
t3,1woht0l,user_34f477134a
t3,1wohlig,user_f8196046ba
t3,1wogv4k,user_30ad6ce6c8
t3,1wogbau,user_1ccb89b934
t3,1wog8cv,user_3514cf2f5c
t3,1wog6ex,user_008a8989c4
t3,1wog5ud,user_1e8e85383e
t3,1wog2to,user_c12893af9a
t3,1wofuf4,user_a8066a6969
t3,1wofo6q,user_7798b59f8e
t3,1wof6xa,user_f1c8319069
t3,1wof6wy,user_711b562496
t3,1wof2y1,user_75d26b6351
t3,1woexd7,user_711b562496
t3,1woek5x,user_a475a6907b
t3,1woe3si,user_597239de9f
t3,1woe0zy,user_0d692bc565
t3,1wodmwq,user_5fac1a0d21
t3,1wodllt,user_649196fa6b
t3,1wodieh,user_649196fa6b
t3,1wod2b5,user_0f3252b845
t3,1wocwgm,user_74fb09979f
t3,1wocv6l,user_20497b3032
t3,1wocntf,user_167d0eee04
t3,1wocmk5,user_f8196046ba
t3,1wocbz1,user_e3eeaa0bd0
t3,1wobkoy,user_1919699426
t3,1wobanz,user_d090118221
t3,1wob1u1,user_edb38b0bae
t3,1woahlt,user_1771165d6f
t3,1woaewj,user_743db3b11e
t3,1wo9ois,user_57df2b460d
t3,1wo9fqw,user_44fcf62d48
t3,1wo9d66,user_91c3a627b7
t3,1wo8ejb,user_e2fbbf067b
t3,1wo8ed9,user_e2fbbf067b
t3,1wo8ds6,user_3db73fd5e9
t3,1wo8css,user_4ff593ef21
t3,1wo8bkb,user_e56ee948e7
t3,1wo8bei,user_1b6d06c180
t3,1wo845i,user_6c31c89839
t3,1wo7ugw,user_f37b59bba6
t3,1wo7ked,user_4ab63d2b70
t3,1wo7b0s,user_e38956bcf7
t3,1wo78si,user_d233806da5
t3,1wo761q,user_0310fd2e54
t3,1wo6ycj,user_9b726933e3
t3,1wo6im5,user_9485e324e9
t3,1wo6bq8,user_b5eb0eeb35
t3,1wo6apr,user_6db5acce8b
t3,1wo68ph,user_ea8ce23c15
t3,1wo645j,user_681108c1c0
t3,1wo5x2k,user_7e090eb151
t3,1wo5x0j,user_7da1326bb8
t3,1wo59ky,user_e38956bcf7
t3,1wo5709,user_aaee4fbbb3
t3,1wo4wd6,user_1fddcd7354
t3,1wo4u34,user_2789765e0a
t3,1wo4t9g,user_9752f910bf
t3,1wo4rtj,user_44f06a291e
t3,1wo4j7p,user_d7ac3c5c8e
t3,1wo4aqy,user_c3c4af17fe
t3,1wo3k3t,user_e3980489c6
t3,1wo31pp,user_f2437fab78
t3,1wo2uc9,user_016e58eb16
t3,1wo2ua5,user_26f53db55d
t3,1wo2ix0,user_d233806da5
t3,1wo2el3,user_4efc326842
t3,1wo1mgc,user_9a27044c51
t3,1wo1jis,user_7397d0285a
t3,1wo1h7z,user_496ea0949f
t3,1wo1djk,user_38d4473f07
t3,1wo14ul,user_171feb4bf7
t3,1wo13e9,user_9e43d6310e
t3,1wo0tfg,user_6f13f5534e
t3,1wo0qjx,user_5dc97d06af
t3,1wo0837,user_a3acbfa030
t3,1wo054u,user_6ddc32a321
t3,1wo02m3,user_4de7f39679
t3,1wo0075,user_5d6efbc002
t3,1wnzhhj,user_2789765e0a
t3,1wnzg6d,user_b5eb0eeb35
t3,1wnzdvz,user_6ddc32a321
t3,1wnzc5s,user_6ac575b865
t3,1wnz95u,user_6ac575b865
t3,1wnz92x,user_2789765e0a
t3,1wnz5bw,user_6ac575b865
t3,1wnz0s9,user_6ac575b865
t3,1wnyqaq,user_6ac575b865
t3,1wnya6f,user_34f477134a
t3,1wny9ty,user_6ac575b865
t3,1wny1uj,user_ad0f542be2
t3,1wny0to,user_13a26cb4ab
t3,1wnxgtd,user_2fa9ed5369
t3,1wnxgbu,user_0ae4e3f7ab
t3,1wnxav7,user_58a043082b
t3,1wnx9eg,user_8aadba2ac8
t3,1wnx4g7,user_589045cee4
t3,1wnwmwf,user_3481a662c1
t3,1wnwfi2,user_56d9472801
t3,1wnwbuz,user_8accadf698
t3,1wnw8ko,user_629faa9284
t3,1wnvzdc,user_0c43b79b69
t3,1wnvevx,user_a277897964
t3,1wnv8m7,user_e72e63d38f
t3,1wnus5p,user_a31886b856
t3,1wnuqni,user_26a006fe32
t3,1wnup4h,user_d44b70902f
t3,1wnumul,user_e72e63d38f
t3,1wnugsy,user_be1b15c13a
t3,1wnu7x6,user_1b23c6fb6d
t3,1wntp9v,user_910141531e
t3,1wntp4d,user_1b23c6fb6d
t3,1wntp3k,user_be64071183
t3,1wntd29,user_3937571d7f
t3,1wnt71s,user_be64071183
t3,1wnt4tz,user_43cf1eb426
t3,1wnt2e9,user_ee796c58ab
t3,1wnshfb,user_8d19952b7b
t3,1wns8fd,user_1b23c6fb6d
t3,1wnrqn1,user_109149519d
t3,1wnrhwp,user_605a24957a
t3,1wnrdun,user_45bf576023
t3,1wnra0j,user_6c92854c12
t3,1wnr45u,user_f4e0bbd938
t3,1wnqtj3,user_d36b1fca55
t3,1wnqldj,user_a3ce2cea4d
t3,1wnqkki,user_a3ce2cea4d
t3,1wnq5zx,user_98c993654d
t3,1wnpq88,user_9f60fc254e
t3,1wnppew,user_b3ed5f6d0b
t3,1wnpkay,user_9f8757512c
t3,1wnpe1u,user_c6e2d219b0
t3,1wnoxry,user_6e95ce56cc
t3,1wnou1s,user_ac07e92f90
t3,1wnolfh,user_be64071183
t3,1wnoiy2,user_a4660f53c5
t3,1wnocgj,user_a4660f53c5
t3,1wnnieq,user_f7edd8a278
t3,1wnnby7,user_a31886b856
t3,1wnnbd6,user_9b726933e3
t3,1wnn8b0,user_323661bb42
t3,1wnmuo6,user_f8196046ba
t3,1wnmdzh,user_4881fd32ee
t3,1wnlvv3,user_4a3a191884
t3,1wnldan,user_594c85f4a4
t3,1wnl8cq,user_b3e27d27da
t3,1wnl88p,user_5dc97d06af
t3,1wnl2v0,user_d19e775354
t3,1wnkfg8,user_d19e775354
t3,1wnkdk1,user_09fbbe2cb6
t3,1wnkbyx,user_9641a11e76
t3,1wnju6x,user_1088f48c56
t3,1wnjd0a,user_9f6bd72f74
t3,1wnj6pg,user_c73af5c5ad
t3,1wnj4kw,user_3927b67289
t3,1wnj3dl,user_c9f5df3341
t3,1wnj1ct,user_995546fd2c
t3,1wniruk,user_792f503f8d
t3,1wnhzj2,user_be64071183
t3,1wnhwep,user_1742551ad0
t3,1wnhqff,user_47e142c64b
t3,1wnhj6e,user_be64071183
t3,1wnhemq,user_005f1f87d7
t3,1wngv14,user_fb166495b9
t3,1wngojw,user_81fe09a2d6
t3,1wngfqb,user_1088f48c56
t3,1wngefq,user_a4cb1898d0
t3,1wngcih,user_b2e90905dc
t3,1wng9lw,user_5669a2dc4a
t3,1wng7ft,user_6c31c89839
t3,1wng0zv,user_fa04c41954
t3,1wnfs9w,user_4336ffa1af
t3,1wnfntn,user_47fa8efcbd
t3,1wnfhmw,user_b53fb33de8
t3,1wnfem3,user_55e1a13da1
t3,1wnfakd,user_be64071183
t3,1wnf4bs,user_7027b47a63
t3,1wneprv,user_be64071183
t3,1wnejo9,user_be64071183
t3,1wnehy3,user_19004b66dd
t3,1wnefo0,user_1088f48c56
t3,1wneepg,user_aafdf5ff78
t3,1wnecx5,user_1088f48c56
t3,1wndwxt,user_edb38b0bae
t3,1wndt8b,user_c14d354438
t3,1wndm9p,user_2e596ebb46
t3,1wndjs9,user_55e1a13da1
t3,1wndfzq,user_95b8322492
t3,1wnddy7,user_c14d354438
t3,1wndbcr,user_55e1a13da1
t3,1wncz2p,user_b0a3fa8331
t3,1wncok5,user_a636345ad3
t3,1wnc2i5,user_0f870d5f55
t3,1wnbwk7,user_8860b20b32
t3,1wnbn6n,user_3506c9cb21
t3,1wnblf6,user_a55ad277d0
t3,1wnbjyw,user_55e1a13da1
t3,1wnb9jv,user_ce6113160d
t3,1wnb5m2,user_fef43983fe
t3,1wnb5l9,user_b5eb0eeb35
t3,1wnb3gq,user_fef43983fe
t3,1wnalww,user_afd603cc4c
t3,1wnal8g,user_2e596ebb46
t3,1wnaao9,user_a5ca4ee34c
t3,1wna09p,user_0140c50bc0
t3,1wn9u7a,user_b1b6730bff
t3,1wn9oo7,user_e46b6f2076
t3,1wn8s9d,user_69741d19b7
t3,1wn85ya,user_eabf2b12d1
t3,1wn85m0,user_00eb2934a7
t3,1wn822i,user_7397d0285a
t3,1wn7smq,user_c1251bec6f
t3,1wn7h7e,user_c58041bad4
t3,1wn7ahi,user_baa86e4950
t3,1wn78j5,user_1fddcd7354
t3,1wn74jm,user_32f14bf9d6
t3,1wn62t1,user_6c31c89839
t3,1wn60dd,user_55e1a13da1
t3,1wn5zih,user_188841cb17
t3,1wn5wzr,user_55e1a13da1
t3,1wn5v19,user_be1b15c13a
t3,1wn5cme,user_eabf2b12d1
t3,1wn4zny,user_a8066a6969
t3,1wn44eq,user_fcd6d821d9
t3,1wn3uyh,user_cf66d30991
t3,1wn3tet,user_928ed51869
t3,1wn3p8j,user_756d5a54b2
t3,1wn3f61,user_f3c05a7dcc
t3,1wn33ai,user_e72e63d38f
t3,1wn2qq8,user_a98c5306fa
t3,1wn2obu,user_a98c5306fa
t3,1wn2nz5,user_163d3f2e38
t3,1wn2nht,user_91e6ac5549
t3,1wn2bat,user_47e142c64b
t3,1wn27du,user_2a91ebb7dd
t3,1wn2780,user_8babf83aee
t3,1wn25uk,user_06dbbc5218
t3,1wn23jp,user_cc473cb212
t3,1wn1zgy,user_c390f30b5a
t3,1wn0v7o,user_86bbeffe66
t3,1wn0p69,user_e40e4a101c
t3,1wn0lk0,user_95b8322492
t3,1wn0e5g,user_99e436923e
t3,1wmzvna,user_c3c4af17fe
t3,1wmzhbr,user_fec6868325
t3,1wmyvub,user_6f44cca36c
t3,1wmyb79,user_c14d354438
t3,1wmy735,user_55e1a13da1
t3,1wmy412,user_1e33729d69
t3,1wmxx37,user_51d8a78759
t3,1wmwt0o,user_b4fb45617a
t3,1wmwhjq,user_67865ae17a
t3,1wmw1s4,user_879d8d3c8a
t3,1wmvyub,user_b1410cc092
t3,1wmvrb8,user_3242c22390
t3,1wmvhz3,user_6f57deae16
t3,1wmv4y7,user_b711417ee3
t3,1wmuxy1,user_b08de8808c
t3,1wmuxpt,user_ebe0f467f6
t3,1wmtwa6,user_9fd669b84d
t3,1wmt854,user_6cada03746
t3,1wmt5tb,user_726723325b
t3,1wmsvf9,user_9c12a8b370
t3,1wmsu7q,user_4bd7737ac0
t3,1wmsngo,user_d07b18907a
t3,1wmsfvh,user_3927b67289
t3,1wmscf8,user_b711417ee3
t3,1wms56s,user_aefaec646e
t3,1wmr9co,user_ad8cb11d03
t3,1wmqqmh,user_ad0c4251b4
t3,1wmqk47,user_5d26762e2d
t3,1wmptll,user_171feb4bf7
t3,1wmpcwx,user_1e33729d69
t3,1wmpa2l,user_502b9fa6c5
t3,1wmp83g,user_bd3e6693cd
t3,1wmp1st,user_009d90f416
t3,1wmouqb,user_f1c8319069
t3,1wmose9,user_739900f342
t3,1wmoqau,user_820a1daaf9
t3,1wmoo8l,user_959356f2dc
t3,1wmoo0d,user_1088f48c56
t3,1wmonth,user_b957312f13
t3,1wmomaa,user_3927b67289
t3,1wmojkc,user_edb38b0bae
t3,1wmocj2,user_1088f48c56
t3,1wmo2jv,user_7005d248a2
t3,1wmn5l5,user_c87b5ed560
t3,1wmn20o,user_c6ca54396e
t3,1wmmh8e,user_995546fd2c
t3,1wml8j2,user_3f461db5ea
t3,1wml6m2,user_e6575caf68
t3,1wmkprs,user_a74d73100c
t3,1wmkjex,user_da2db2ad55
t3,1wmkivy,user_394cf1f702
t3,1wmjndn,user_21ea492894
t3,1wmjjvg,user_23e46e9022
t3,1wmj5ia,user_35a09b1daa
t3,1wmj5eq,user_1e33729d69
t3,1wmixmp,user_d233806da5
t3,1wmibpr,user_e72e63d38f
t3,1wmi5ne,user_5447cc5ea5
t3,1wmhwsr,user_ec9cae366a
t3,1wmhwem,user_0bf79223a3
t3,1wmhoun,user_d571d3c4c2
t3,1wmhi94,user_5e345fb1dc
t3,1wmhh0x,user_9b726933e3
t3,1wmhg9f,user_1c08a7bc8a
t3,1wmh7dd,user_9a27044c51
t3,1wmh04t,user_95b8322492
t3,1wmgy9y,user_84d3c986e5
t3,1wmgpjp,user_e40e4a101c
t3,1wmgnh2,user_a073e0c361
t3,1wmgn9f,user_6c49ea6d00
t3,1wmgih1,user_be64071183
t3,1wmg3hq,user_cc60243c2d
t3,1wmfftf,user_d6c4efee03
t3,1wmfdel,user_7faebc9f20
t3,1wmevn1,user_50bae6cfc1
t3,1wmdptw,user_8ce6f4a864
t3,1wmdlhg,user_616e7fe36c
t3,1wmdjou,user_616e7fe36c
t3,1wmdiix,user_616e7fe36c
t3,1wmcvsa,user_524010fed7
t3,1wmbrzo,user_1fddcd7354
t3,1wmbr02,user_6f155a7183
t3,1wmbo2s,user_2dd7f176c6
t3,1wmbm1r,user_1088f48c56
t3,1wm9xin,user_a816d689ee
t3,1wm8w0w,user_aeb982fe2e
t3,1wm8jzd,user_19aaa057ad
t3,1wm7kqn,user_9a27044c51
t3,1wm7d63,user_4042d62c41
t3,1wm774s,user_eabf2b12d1
t3,1wm6hdc,user_76a91d8abf
t3,1wm69nr,user_8304279748
t3,1wm5js6,user_b5eb0eeb35
t3,1wm55h6,user_84194fecbc
t3,1wm4xjl,user_25e8325dcf
t3,1wm4ot5,user_e72e63d38f
t3,1wm4jb2,user_e72e63d38f
t3,1wm424w,user_25e8325dcf
t3,1wm3dvj,user_a456f49e69
t3,1wm2ref,user_1d5231bfb0
t3,1wm2jmo,user_1da76d64c0
t3,1wm2c5t,user_726723325b
t3,1wm0dxy,user_1b23c6fb6d
t3,1wlzwrq,user_ee796c58ab
t3,1wlzhtr,user_483aaeec81
t3,1wlz191,user_995546fd2c
t3,1wlywl6,user_56c3969296
t3,1wlys6t,user_8fa76ec919
t3,1wlyq89,user_f030c4ac6f
t3,1wlxub6,user_44a0927966
t3,1wlxsoa,user_0ed2f8de62
t3,1wlxgst,user_5ecba37484
t3,1wlwqww,user_7653cc2d32
t3,1wlwnss,user_5bd5717881
t3,1wlwi3p,user_2aed284923
t3,1wlw8lq,user_baa86e4950
t3,1wlw7er,user_a3927f7bb1
t3,1wlw6w4,user_a1673ae40d
t3,1wlvwg5,user_9ca2ee41c8
t3,1wlvoew,user_b348d7c616
t3,1wlvlq4,user_5d6efbc002
t3,1wlvjee,user_c3b4acd293
t3,1wlvi90,user_b085364eb5
t3,1wluzzp,user_a6c04c6dc1
t3,1wlumgr,user_d36990c2cf
t3,1wlukt4,user_d753208ae1
t3,1wlubwr,user_d753208ae1
t3,1wltn2u,user_1c08a7bc8a
t3,1wltg1o,user_726723325b
t3,1wlteiu,user_726723325b
t3,1wlt4t0,user_bbf572957b
t3,1wlt3q1,user_ceb87da333
t3,1wlszi8,user_0f3252b845
t3,1wls794,user_ea6d553036
t3,1wlrvar,user_c0c762dd43
t3,1wlrrli,user_f9b096eb2e
t3,1wlrqou,user_630b792af6
t3,1wlr70f,user_b9aae32b8a
t3,1wlqqqx,user_49db3afa98
t3,1wlqbhi,user_762da0a7aa
t3,1wlq989,user_d92b802509
t3,1wlq48x,user_abe6365c48
t3,1wlq2gf,user_374a902ed0
t3,1wlpwf6,user_28997bc60b
t3,1wlpbi2,user_9ac1f5a1c2
t3,1wlp0cr,user_26b4c34cbf
t3,1wlou3j,user_b5eb0eeb35
t3,1wlootc,user_a1673ae40d
t3,1wlomhs,user_6199a15554
t3,1wlomef,user_9c784219c9
t3,1wlo3oz,user_675750840a
t3,1wlmxl8,user_726723325b
t3,1wlmrhk,user_3ceab6a174
t3,1wlmn1q,user_f8196046ba
t3,1wlmmk4,user_a8066a6969
t3,1wlmi2e,user_be64071183
t3,1wlmgvz,user_be64071183
t3,1wllya2,user_858bb76ec1
t3,1wllxfr,user_dafccd3467
t3,1wlltse,user_27d79c40f7
t3,1wllsmu,user_27d79c40f7
t3,1wllr2n,user_27d79c40f7
t3,1wllkfs,user_b8a841afae
t3,1wll7il,user_5447cc5ea5
t3,1wll4uw,user_2ea201853c
t3,1wll1rc,user_4f8d50b617
t3,1wll1ge,user_2ea201853c
t3,1wll03s,user_7955f4facd
t3,1wlkrd8,user_54c0d7b1ed
t3,1wlklr6,user_c14d354438
t3,1wlkel1,user_be64071183
t3,1wlkcju,user_1818d2d6fc
t3,1wlk6c0,user_fee45f1137
t3,1wlk55f,user_be64071183
t3,1wljuft,user_858bb76ec1
t3,1wljthg,user_616e7fe36c
t3,1wljsxd,user_85b93c4a20
t3,1wljrjm,user_f15a3f8331
t3,1wljqj8,user_1c3e43e3dd
t3,1wljkzk,user_8347920e5c
t3,1wljhca,user_ceb87da333
t3,1wljfua,user_ee84322074
t3,1wlj866,user_26a44b0c9a
t3,1wlj6ng,user_35c399b5fe
t3,1wlj4bl,user_be64071183
t3,1wlj1z5,user_616e7fe36c
t3,1wlj11z,user_be64071183
t3,1wliws8,user_3fd9d4ef7b
t3,1wlis7b,user_3fd9d4ef7b
t3,1wlhet9,user_270829e801
t3,1wlh2yf,user_aaee4fbbb3
t3,1wlh1bt,user_c82ff22a89
t3,1wlgtm7,user_554fd40c42
t3,1wlg8kb,user_d33ee8d8e2
t3,1wlflr0,user_bbf572957b
t3,1wlf4c1,user_e72e63d38f
t3,1wlf187,user_e72e63d38f
t3,1wleyo0,user_1fddcd7354
t3,1wleoz1,user_dde4fe8c42
t3,1wleoux,user_d233806da5
t3,1wle1rm,user_da0e7873e7
t3,1wldl12,user_8ff658ce7a
t3,1wldceo,user_2b3c48d6f2
t3,1wlcztw,user_32b7c33852
t3,1wlcyh5,user_66c511cc87
t3,1wlcxkv,user_7662a45145
t3,1wlcvv0,user_b5eb0eeb35
t3,1wlcrep,user_1818d2d6fc
t3,1wlcq3b,user_fd4312eb9d
t3,1wlceee,user_9e3d436756
t3,1wlcc6q,user_aeb982fe2e
t3,1wlbyt0,user_726723325b
t3,1wlbvgm,user_726723325b
t3,1wlbtk7,user_d03d0ce5dc
t3,1wlbpls,user_be64071183
t3,1wlbjqy,user_dd2b93730d
t3,1wlbafw,user_be64071183
t3,1wlb67m,user_a45fb6a539
t3,1wlb32r,user_d496f9c336
t3,1wlb2ow,user_ff25754b9f
t3,1wlb0ti,user_deef5d2f76
t3,1wlauv0,user_da092c4997
t3,1wlath9,user_75309a0ad3
t3,1wl9o70,user_5d6efbc002
t3,1wl97yh,user_b7f6b4182d
t3,1wl8uri,user_0ae4e3f7ab
t3,1wl8pt7,user_be64071183
t3,1wl8dow,user_d981c0c4bb
t3,1wl89s3,user_8bb3ffe3e9
t3,1wl7jk5,user_d59d4eff7a
t3,1wl6yhg,user_4acee2bf0c
t3,1wl6tby,user_3fd9d4ef7b
t3,1wl6qtw,user_be64071183
t3,1wl6nsg,user_be64071183
t3,1wl5st8,user_c5d7a7ffd9
t3,1wl5qve,user_f680b39a45
t3,1wl5a5j,user_6aa74fbc05
t3,1wl4utm,user_3fd9d4ef7b
t3,1wl4tg2,user_3fd9d4ef7b
t3,1wl3yi8,user_b1200eee15
t3,1wl353l,user_6837ac798c
t3,1wl2wq1,user_e8efa2ad7a
t3,1wl2vh6,user_e8efa2ad7a
t3,1wl2o2x,user_812567d30c
t3,1wl2kd6,user_5cb0bb7baa
t3,1wl1iax,user_7702f6edaa
t3,1wl1i03,user_b94a405847
t3,1wl15ri,user_b562dde0ab
t3,1wl0k5l,user_9f8757512c
t3,1wkzpvy,user_35a8bab42d
t3,1wkzngf,user_35a8bab42d
t3,1wkz4g8,user_95ef4f61d5
t3,1wkyp5l,user_0794205c2d
t3,1wkye57,user_6c31c89839
t3,1wky4mf,user_7d43c8ed86
t3,1wkxq8j,user_f1a1062b37
t3,1wkx396,user_1a0a0f6f71
t3,1wkwy5t,user_39ad37af31
t3,1wkwqh3,user_690558c0c7
t3,1wkw9bp,user_9a27044c51
t3,1wkw69o,user_044bafdb91
t3,1wkw165,user_c148164e69
t3,1wkvxwf,user_df95a16811
t3,1wkvhru,user_f1c8319069
t3,1wkurb2,user_ea35bc665f
t3,1wkuaui,user_1f1b9913c6
t3,1wku9hg,user_3fd9d4ef7b
t3,1wktzkh,user_3fd9d4ef7b
t3,1wktqpr,user_2c134028dd
t3,1wktlmj,user_a23e330b95
t3,1wksqjk,user_afff941d78
t3,1wksqih,user_d347250b64
t3,1wksk3w,user_a23e330b95
t3,1wkshh1,user_c0b941effa
t3,1wksavx,user_eabf2b12d1
t3,1wkry0k,user_09fbbe2cb6
t3,1wkrxe9,user_f8196046ba
t3,1wkrum3,user_feed7343a9
t3,1wkrewv,user_32b7c33852
t3,1wkr4c6,user_1d075a317c
t3,1wkqx4m,user_4e0c8b5dab
t3,1wkqloe,user_d233806da5
t3,1wkqc37,user_b4689ec853
t3,1wkqa10,user_b4689ec853
t3,1wkq9dr,user_b4689ec853
t3,1wkq7tv,user_b4689ec853
t3,1wkq6n2,user_b4689ec853
t3,1wkq5zw,user_1ff4c804b0
t3,1wkq5pz,user_b4689ec853
t3,1wkq4o8,user_baa78caa44
t3,1wkq4ms,user_52148ad906
t3,1wkpt66,user_6c31c89839
t3,1wkpqsp,user_c22031b90f
t3,1wkppmt,user_cee72a67b0
t3,1wkpjxw,user_96b50f551a
t3,1wkpjt4,user_2c7ffc18c1
t3,1wkpicm,user_2c7ffc18c1
t3,1wkpdxl,user_6c5b814559
t3,1wkp38y,user_5d6efbc002
t3,1wkouwe,user_078f95c024
t3,1wkors4,user_1fddcd7354
t3,1wkon5e,user_1818d2d6fc
t3,1wko70x,user_ef78a85432
t3,1wko3q3,user_3fd9d4ef7b
t3,1wknzrz,user_1818d2d6fc
t3,1wknry0,user_3fd9d4ef7b
t3,1wknm5g,user_616e7fe36c
t3,1wknluj,user_0e34d03cc7
t3,1wknbdk,user_5447cc5ea5
t3,1wkn0i6,user_d233806da5
t3,1wkmzel,user_6f651d8c24
t3,1wkmyil,user_e0a611a2ec
t3,1wkmxsu,user_d233806da5
t3,1wkmpji,user_e72e63d38f
t3,1wkm57k,user_b5eb0eeb35
t3,1wklvbd,user_3c63c8d35b
t3,1wklsr0,user_1818d2d6fc
t3,1wklspz,user_543603cd59
t3,1wklosy,user_be64071183
t3,1wklm82,user_be64071183
t3,1wkl1xp,user_96b50f551a
t3,1wkl0u4,user_275ab526c4
t3,1wkkusd,user_edb38b0bae
t3,1wkk5gl,user_dde4fe8c42
t3,1wkjv8y,user_81fe09a2d6
t3,1wkjs9x,user_dde4fe8c42
t3,1wkis1z,user_e1f6863e01
t3,1wkin78,user_0d8908100c
t3,1wkimk5,user_727c9017b2
t3,1wkil23,user_0d8908100c
t3,1wkika4,user_0d8908100c
t3,1wki6sn,user_027eee19af
t3,1wkhvos,user_a8066a6969
t3,1wkhezz,user_c3bbb89d12
t3,1wkgk6z,user_0bf6f94442
t3,1wkg91v,user_5a4b71050a
t3,1wkg1ke,user_8d7b5cb1f5
t3,1wkfryu,user_5a4b71050a
t3,1wkfomc,user_cdfbb5d42e
t3,1wkff7s,user_7397d0285a
t3,1wkexre,user_cc5fc554fb
t3,1wkeubn,user_1818d2d6fc
t3,1wke1t6,user_4bbb66ed45
t3,1wke18d,user_3b535af5c7
t3,1wkdxeg,user_b1200eee15
t3,1wkdpdm,user_c10c158a51
t3,1wkdcfs,user_62c95011a0
t3,1wkcqhu,user_be64071183
t3,1wkck7j,user_be64071183
t3,1wkceb2,user_7bc03729b8
t3,1wkccpp,user_479b81a4a9
t3,1wkbxv0,user_b68d319192
t3,1wkbeps,user_5752671834
t3,1wka71e,user_a147620ae0
t3,1wk9jze,user_c2b3a85dbe
t3,1wk99bg,user_baa86e4950
t3,1wk84pf,user_a8ec5a2468
t3,1wk847k,user_8fdea81f1b
t3,1wk5puj,user_676b095e44
t3,1wk5nd9,user_16b8f29e09
t3,1wk4sv2,user_2fddb8a31f
t3,1wk3m3y,user_d1ec54268c
t3,1wk3ke2,user_d1ec54268c
t3,1wk3jih,user_25e8325dcf
t3,1wk2jah,user_4c09c24051
t3,1wk2eyh,user_597239de9f
t3,1wk22zd,user_296b1560c6
t3,1wk21sx,user_e137c02e77
t3,1wk20hv,user_006dcaf274
t3,1wk1y5v,user_4265637208
t3,1wk1wpz,user_0612e72bb1
t3,1wk0vl0,user_080b834197
t3,1wk0lu0,user_d04b4f2a18
t3,1wk00e4,user_720deb8e69
t3,1wk008x,user_6c31c89839
t3,1wjzwl8,user_0bf6f94442
t3,1wjzhcv,user_eabf2b12d1
t3,1wjylz9,user_28acc90cc7
t3,1wjyffg,user_1e33729d69
t3,1wjyckx,user_4265637208
t3,1wjyaip,user_e7767db012
t3,1wjy5k7,user_9f8757512c
t3,1wjxyn5,user_b5eb0eeb35
t3,1wjxvau,user_c9e59ebef8
t3,1wjxdru,user_995546fd2c
t3,1wjwybg,user_5190b62fac
t3,1wjwu4q,user_f7edd8a278
t3,1wjws4e,user_1088f48c56
t3,1wjworp,user_b4d20c6a71
t3,1wjwa68,user_4f78edd2b2
t3,1wjv1mb,user_a23ba994f8
t3,1wjv0ui,user_27c396fc55
t3,1wju90u,user_9f60fc254e
t3,1wju4mu,user_6457034de2
t3,1wjtbau,user_d233806da5
t3,1wjtac7,user_d233806da5
t3,1wjt3on,user_1a1fbae360
t3,1wjsyq7,user_09fbbe2cb6
t3,1wjsnun,user_b5eb0eeb35
t3,1wjs9pk,user_8a2e0ee0c8
t3,1wjs1o9,user_fe0a154983
t3,1wjrr0v,user_91e0492d12
t3,1wjr8cm,user_9e43d6310e
t3,1wjr4s2,user_f462fae2f5
t3,1wjr4ki,user_616e7fe36c
t3,1wjqzcu,user_a3b4ada9c1
t3,1wjpbyw,user_9847e794b6
t3,1wjp5pw,user_be1b15c13a
t3,1wjp1vh,user_73419b174e
t3,1wjp01x,user_57df2b460d
t3,1wjovrg,user_44a0927966
t3,1wjoqzh,user_ca5daf805e
t3,1wjoq9i,user_ab147d07b1
t3,1wjo9ux,user_57df2b460d
t3,1wjo9p4,user_1fddcd7354
t3,1wjnt3n,user_6c31c89839
t3,1wjnlty,user_52bfb2778c
t3,1wjnk0n,user_a4eebbcb74
t3,1wjndbx,user_a3b4ada9c1
t3,1wjn5du,user_55e1a13da1
t3,1wjmyi4,user_616e7fe36c
t3,1wjmf60,user_a45fb6a539
t3,1wjlv1d,user_865d095c6d
t3,1wjlq8p,user_a28ded8232
t3,1wjkmpv,user_bb0b4b7806
t3,1wjjt1e,user_d93a98cd70
t3,1wjj99s,user_b1200eee15
t3,1wjj2iu,user_f204094c02
t3,1wjj0pf,user_f204094c02
t3,1wjislh,user_e72e63d38f
t3,1wjihfj,user_e72e63d38f
t3,1wjig49,user_171feb4bf7
t3,1wjif8z,user_78f7b39642
t3,1wji820,user_a8066a6969
t3,1wji20v,user_1dca606ac5
t3,1wji0g7,user_0d8908100c
t3,1wji0bi,user_7d57f318c7
t3,1wjhsng,user_90c7a45be0
t3,1wjhm1e,user_69a3b9e4de
t3,1wjhiw6,user_d59de6ed5d
t3,1wjg932,user_3fd9d4ef7b
t3,1wjg3mk,user_9a4cdb6b8a
t3,1wjfp0t,user_9fae4330b8
t3,1wjf4hz,user_a8066a6969
t3,1wjexh3,user_dd6a32a9c3
t3,1wjecm6,user_ad0f542be2
t3,1wjeb79,user_ad0f542be2
t3,1wjeasw,user_e72e63d38f
t3,1wjea23,user_020dc8aa8e
t3,1wje827,user_e72e63d38f
t3,1wje2wv,user_6f7bdfe9ed
t3,1wjcxo3,user_be64071183
t3,1wjcffn,user_104288332a
t3,1wjb1zq,user_a28ded8232
t3,1wjao77,user_a070c05cd1
t3,1wjacql,user_f47660f933
t3,1wja1zn,user_72a16a997a
t3,1wj9bq4,user_be64071183
t3,1wj9a37,user_be64071183
t3,1wj92vc,user_9ecd9de0de
t3,1wj8xtr,user_bb3ffdd406
t3,1wj8sfm,user_fe0a154983
t3,1wj8qy0,user_55f31a1896
t3,1wj8o1x,user_ea1eeccb85
t3,1wj84v8,user_522b8a5cb3
t3,1wj7s26,user_bea32c118e
t3,1wj7m2u,user_91d8d145d3
t3,1wj6qtr,user_4346bdb3a7
t3,1wj6mms,user_4346bdb3a7
t3,1wj6lhf,user_8031d93081
t3,1wj5nk3,user_f6a6a49ca4
t3,1wj5fwa,user_c5d7a7ffd9
t3,1wj5d1z,user_cc5fc554fb
t3,1wj5ch6,user_b651fbe550
t3,1wj58l4,user_91c3a627b7
t3,1wj53oh,user_9bfcd8434c
t3,1wj5250,user_023bb038f4
t3,1wj4xzu,user_f6f5721949
t3,1wj4l0w,user_b711417ee3
t3,1wj4c6q,user_9aa00c14b3
t3,1wj40h1,user_c2b3a85dbe
t3,1wj3rte,user_4346bdb3a7
t3,1wj310e,user_a00bf7754e
t3,1wj30b2,user_7657d502b3
t3,1wj2yvl,user_044bafdb91
t3,1wj2ofg,user_aaee4fbbb3
t3,1wj2mh0,user_0376e3c817
t3,1wj2cb7,user_0376e3c817
t3,1wj227k,user_d89b430188
t3,1wj1tcb,user_0376e3c817
t3,1wj1p2d,user_d4288f825b
t3,1wj1kir,user_616e7fe36c
t3,1wj1kdl,user_87662f330e
t3,1wj1jjp,user_d233806da5
t3,1wj1gsr,user_5c40a6750e
t3,1wj0qt5,user_24d7a77553
t3,1wj0k9e,user_5b7aa56e82
t3,1wj0eqm,user_044bafdb91
t3,1wj0bwu,user_14114f48b3
t3,1wizwi9,user_91c3a627b7
t3,1wiz8gm,user_91c3a627b7
t3,1wiyqx3,user_b18a5b8477
t3,1wiylra,user_1088f48c56
t3,1wiyksk,user_d233806da5
t3,1wiyk3e,user_a2f0a65d81
t3,1wiyek3,user_802a2c7194
t3,1wiy9eb,user_4f78edd2b2
t3,1wiy2oh,user_f603cb47b4
t3,1wiy1yo,user_ee04632bed
t3,1wiy1rl,user_6c31c89839
t3,1wiy12t,user_6c31c89839
t3,1wixzzu,user_be64071183
t3,1wixxzy,user_065ea0492c
t3,1wixjit,user_cee72a67b0
t3,1wixec1,user_55b25b00c0
t3,1wixe9m,user_41aceaa5f0
t3,1wix65j,user_c14d354438
t3,1wix13g,user_c691380853
t3,1wiwnjj,user_3fd9d4ef7b
t3,1wiwlt3,user_ae8e5043b6
t3,1wiwix0,user_30ad6ce6c8
t3,1wivzkf,user_9f8757512c
t3,1wivmxo,user_1fddcd7354
t3,1wivj86,user_d233806da5
t3,1wivai8,user_0d8908100c
t3,1wiv9ut,user_1b23c6fb6d
t3,1wiv3vs,user_a3b4ada9c1
t3,1wiurfb,user_aa53396f0c
t3,1wiuo10,user_d233806da5
t3,1wium23,user_d233806da5
t3,1wiugr0,user_be64071183
t3,1wiu398,user_a4c7d20e12
t3,1wituhm,user_e72e63d38f
t3,1witjfa,user_3fd9d4ef7b
t3,1wisxdb,user_57df2b460d
t3,1wistiz,user_89fe53a0d0
t3,1wisq9k,user_616e7fe36c
t3,1wishhp,user_49165dde3e
t3,1wiru55,user_3fd9d4ef7b
t3,1wirsgw,user_a8066a6969
t3,1wirr7o,user_a3b4ada9c1
t3,1wiri2e,user_414c20aa5d
t3,1wircen,user_68d9033f31
t3,1wir13q,user_3fd9d4ef7b
t3,1wiqzwb,user_3fd9d4ef7b
t3,1wiqxaz,user_3fd9d4ef7b
t3,1wiqvee,user_3fd9d4ef7b
t3,1wiqqia,user_55d459ec52
t3,1wiqncq,user_a55ad277d0
t3,1wiqium,user_a55ad277d0
t3,1wiqia9,user_58b7dc1822
t3,1wiqac4,user_def6def880
t3,1wiq6al,user_038bb0b244
t3,1wiq1rh,user_044bafdb91
t3,1wipoiu,user_f1c8319069
t3,1wip179,user_171feb4bf7
t3,1wip0vj,user_e72e63d38f
t3,1wioto6,user_46eec2b516
t3,1wio8t7,user_7a1df53923
t3,1wio8c0,user_1a94b5b093
t3,1wio7ct,user_cdbcb766b7
t3,1winok1,user_3fd9d4ef7b
t3,1winb6y,user_b562dde0ab
t3,1wilikk,user_aa53396f0c
t3,1wikgxt,user_8b73a179c7
t3,1wik2qj,user_05a6dc38c0
t3,1wijw9v,user_c14d354438
t3,1wijf3v,user_ad8cb11d03
t3,1wij0vr,user_9ae6743c77
t3,1wiiua5,user_5dc97d06af
t3,1wiiot5,user_3fd9d4ef7b
t3,1wiilds,user_cd04af5ad6
t3,1wiij7y,user_f5232a7662
t3,1wiigh4,user_f5232a7662
t3,1wihuaw,user_f7eec65084
t3,1wihso9,user_aa652a626b
t3,1wihjty,user_be64071183
t3,1wig3x3,user_726723325b
t3,1wig1lf,user_9cb2e3d5cf
t3,1wifm93,user_1a29cdd395
t3,1wiffh5,user_585fe3fdbd
t3,1wieuzk,user_5c9925bb1c
t3,1wiein8,user_726723325b
t3,1wiear1,user_d43577f43e
t3,1wie8m8,user_b28d390f3f
t3,1widk3l,user_463c94dc38
t3,1widjmd,user_be64071183
t3,1wid9az,user_79e4ff39aa
t3,1wid6fq,user_6fd34015f5
t3,1wicbu9,user_e6d7ba9820
t3,1wicaan,user_c99c3766e5
t3,1wic9kt,user_edcd4a2e09
t3,1wic86w,user_10cd876d3b
t3,1wibvot,user_c99c3766e5
t3,1wibh6c,user_dd0ebe5135
t3,1wiannp,user_909ca64713
t3,1wial2g,user_5d6efbc002
t3,1wi9rkh,user_4346bdb3a7
t3,1wi9jj1,user_9aa00c14b3
t3,1wi983p,user_7d43c8ed86
t3,1wi95br,user_1c6629e7eb
t3,1wi8snk,user_eabf2b12d1
t3,1wi8rjr,user_eabf2b12d1
t3,1wi8jvs,user_f3e5e392a1
t3,1wi8arn,user_1d48a17059
t3,1wi8apm,user_fdca9fbb9d
t3,1wi6s6g,user_4c97a683ac
t3,1wi6q9m,user_708c76c87b
t3,1wi6a6v,user_252778c4bd
t3,1wi66ud,user_e137c02e77
t3,1wi65c1,user_b5eb0eeb35
t3,1wi4ajs,user_ce3ccc5cd8
t3,1wi48le,user_ce3ccc5cd8
t3,1wi3u1w,user_1088f48c56
t3,1wi3alr,user_3fd9d4ef7b
t3,1wi2a62,user_1dca606ac5
t3,1wi1qf0,user_2fc72c1c72
t3,1wi1n6i,user_1e39a6f92f
t3,1wi1ggu,user_b922d967d0
t3,1wi1d2t,user_d233806da5
t3,1wi13qx,user_fdc83f5827
t3,1wi0xfx,user_b5eb0eeb35
t3,1wi0tv7,user_690c9085d4
t3,1wi0o0p,user_49d1eceff8
t3,1wi0j9n,user_55fc92bd7a
t3,1wi05wi,user_f465917864
t3,1whzypj,user_b5eb0eeb35
t3,1whzrwd,user_50383b8ee3
t3,1whzl7r,user_3506c9cb21
t3,1whzf7n,user_6c31c89839
t3,1whz4zp,user_80448f9ec3
t3,1whz348,user_6c31c89839
t3,1whyzhb,user_8b748bf769
t3,1whyu6u,user_6837ac798c
t3,1whxv58,user_1fddcd7354
t3,1whwwd2,user_c99c3766e5
t3,1whww78,user_8860b20b32
t3,1whwvz5,user_3fd9d4ef7b
t3,1whw3nv,user_1d075a317c
t3,1whw1d6,user_616e7fe36c
t3,1whvvzz,user_e72e63d38f
t3,1whv3jn,user_dc86a032c3
t3,1whuywp,user_d347250b64
t3,1whuulp,user_d233806da5
t3,1whumwm,user_3fd9d4ef7b
t3,1whu2gh,user_747237ac52
t3,1whtvdx,user_1818d2d6fc
t3,1whtt7t,user_005ee12dd4
t3,1whtpuk,user_00b8d01462
t3,1whsmjh,user_182ec97b69
t3,1whsgx1,user_be3eb38bb0
t3,1whsggy,user_44a5d34edc
t3,1whsa92,user_3fd9d4ef7b
t3,1whs9ve,user_a1c21fdff2
t3,1whs2gq,user_b5eb0eeb35
t3,1whqwyz,user_a8066a6969
t3,1whpkyc,user_85c87c7d6b
t3,1whpffh,user_a87881a507
t3,1whovtr,user_cd9ad69af2
t3,1whndfp,user_5d6efbc002
t3,1whnbo9,user_e72e63d38f
t3,1whmxe9,user_4accad05d1
t3,1whmgu2,user_3fd9d4ef7b
t3,1whlnh5,user_e72e63d38f
t3,1whkmez,user_1f83216374
t3,1whkcje,user_8301722e44
t3,1whk187,user_d93fd748ce
t3,1whjsbm,user_3fd9d4ef7b
t3,1whjq5p,user_3fd9d4ef7b
t3,1whjl72,user_53ce0f375a
t3,1whjgb4,user_cc473cb212
t3,1whjd1e,user_3c443ca030
t3,1whj3f5,user_daab96ad90
t3,1whj307,user_6e95ce56cc
t3,1whj08z,user_1761e3041f
t3,1whirjs,user_b3ae52cdaf
t3,1whi1u5,user_7691207b73
t3,1whhuwz,user_959356f2dc
t3,1whhpeb,user_c7b8aef1d8
t3,1whh0vf,user_59c933650c
t3,1whg8z1,user_c70033bb64
t3,1whg2r7,user_14afc87c1b
t3,1whfwe8,user_dc86a032c3
t3,1whfplk,user_a8ae40a45d
t3,1whfkkp,user_6c31c89839
t3,1whf8am,user_bc4c6e6f0c
t3,1whelw4,user_6bd9faa680
t3,1whdpfb,user_2bfe4543df
t3,1whd6wz,user_743db3b11e
t3,1whczx7,user_012973e424
t3,1whcpwv,user_3cf06c1660
t3,1whcoop,user_fbed700f80
t3,1whcjll,user_6911dca7de
t3,1whcjhl,user_e41bb4325c
t3,1whchr3,user_e87feb4877
t3,1whbvq9,user_7b815e5512
t3,1whbnz0,user_8d39de95f6
t3,1whbn6f,user_ce3ccc5cd8
t3,1whb9ef,user_4079ae25c8
t3,1whanuw,user_03fe19cf16
t3,1whampu,user_995546fd2c
t3,1wha2nv,user_09fbbe2cb6
t3,1wh9j86,user_6c92854c12
t3,1wh8duc,user_1e67b329b1
t3,1wh7kt5,user_d9e67b5951
t3,1wh7cin,user_d233806da5
t3,1wh6uex,user_50383b8ee3
t3,1wh6eql,user_5447cc5ea5
t3,1wh68sq,user_616e7fe36c
t3,1wh59tp,user_f803387d4c
t3,1wh570g,user_171feb4bf7
t3,1wh55ce,user_8accadf698
t3,1wh4yin,user_c14d354438
t3,1wh4dew,user_2ef85e0ab5
t3,1wh47a6,user_f7edd8a278
t3,1wh470p,user_3c0593a882
t3,1wh3zc1,user_31c521e0ed
t3,1wh3m67,user_262ed8f561
t3,1wh3l23,user_80e54c1756
t3,1wh3cuz,user_016fb3d897
t3,1wh35xz,user_4435ab8cca
t3,1wh333z,user_1818d2d6fc
t3,1wh31gh,user_1bc0c09129
t3,1wh2ord,user_bf25c90219
t3,1wh2f8j,user_f7016e9e07
t3,1wh2e94,user_302b54a4c4
t3,1wh2cmc,user_31c521e0ed
t3,1wh24od,user_a9faba72b1
t3,1wh2372,user_91505a233d
t3,1wh10w6,user_ae0c5b909d
t3,1wh0dfv,user_31c521e0ed
t3,1wh07az,user_0f27aa7117
t3,1wh073e,user_13202e3ef3
t3,1wgzwlh,user_b5eb0eeb35
t3,1wgzrcx,user_d55d5e8d22
t3,1wgywdq,user_5447cc5ea5
t3,1wgyl70,user_1fddcd7354
t3,1wgyj3p,user_7027b47a63
t3,1wgxv4s,user_e72e63d38f
t3,1wgxd93,user_c8ac962a8c
t3,1wgxbwk,user_c8ac962a8c
t3,1wgvwg8,user_222084f8b2
t3,1wgvr1x,user_3f5acdd176
t3,1wgvnr4,user_b832e34654
t3,1wgv7u2,user_283898eaa6
t3,1wgun23,user_83901f3723
t3,1wgujdv,user_be1b15c13a
t3,1wguhcu,user_baa86e4950
t3,1wgtyvl,user_e72e63d38f
t3,1wgt2ny,user_7b9e633bc7
t3,1wgss88,user_e059f7e256
t3,1wgsm66,user_ce3ccc5cd8
t3,1wgqizk,user_09fbbe2cb6
t3,1wgqee4,user_16eae4b422
t3,1wgq930,user_822ccf9ceb
t3,1wgq30v,user_c934a6a837
t3,1wgq2uo,user_726723325b
t3,1wgpa2y,user_93e50c8c8d
t3,1wgp7l6,user_1818d2d6fc
t3,1wgougu,user_01afdbfbf1
t3,1wgot3u,user_09fbbe2cb6
t3,1wgoaz2,user_726723325b
t3,1wgoavi,user_6cb211f64a
t3,1wgo43d,user_726723325b
t3,1wgnnnc,user_55737882d6
t3,1wgmw75,user_35d5b0f7ec
t3,1wgmv3p,user_c8bf00f75f
t3,1wgmh7f,user_baa86e4950
t3,1wgm5rk,user_6e58446925
t3,1wglkcr,user_09fbbe2cb6
t3,1wglix9,user_01b5bfe7d3
t3,1wglda7,user_a285c8a70c
t3,1wglbbr,user_87d85b8c20
t3,1wgk7v5,user_d395f2c0e0
t3,1wgk2qc,user_6c31c89839
t3,1wgjwby,user_690558c0c7
t3,1wgjvuz,user_aaee4fbbb3
t3,1wgj3c4,user_eb811fdd44
t3,1wggch6,user_b095e01d77
t3,1wgg83z,user_fe4704ea55
t3,1wgg7tu,user_fac06ba5d0
t3,1wgfxqa,user_23f279f0ef
t3,1wgfnog,user_7b4e8a060b
t3,1wgfkzf,user_35b1071d56
t3,1wgfkc0,user_6d2e5ff642
t3,1wgfehd,user_967f3734f8
t3,1wgf6w0,user_8c35e42e41
t3,1wgexy9,user_f3c05a7dcc
t3,1wgeo7u,user_a78cfa8270
t3,1wgen97,user_171feb4bf7
t3,1wgegs8,user_c9e59ebef8
t3,1wge4t8,user_336cd73ca5
t3,1wgdzw7,user_aa8c6bb758
t3,1wgdzoo,user_9e376141f1
t3,1wgdrn9,user_4455ffaf1e
t3,1wgbk2j,user_4881fd32ee
t3,1wgb80y,user_995546fd2c
t3,1wgazy0,user_c813e6e3d2
t3,1wgauk3,user_f26a628795
t3,1wgadzg,user_f8196046ba
t3,1wgablt,user_b5a4dc30fc
t3,1wg9o2x,user_70aae520d5
t3,1wg8i33,user_a00bf7754e
t3,1wg8h8r,user_d7ac3c5c8e
t3,1wg87rf,user_dc1c8a7a9a
t3,1wg82u5,user_c4862d3b47
t3,1wg7pbj,user_f16cec657d
t3,1wg7cq4,user_5c84016e2d
t3,1wg724d,user_26f53db55d
t3,1wg717e,user_730372b70b
t3,1wg6nse,user_c14d354438
t3,1wg6lmr,user_c14d354438
t3,1wg6hw8,user_1fddcd7354
t3,1wg6gdg,user_024f972d11
t3,1wg5zyo,user_eeffc33c73
t3,1wg5qwt,user_995546fd2c
t3,1wg5mdq,user_eab7391d16
t3,1wg5ckh,user_d233806da5
t3,1wg59q1,user_21460a6bd3
t3,1wg4lrg,user_5dc3dd21c4
t3,1wg4lnv,user_9a27044c51
t3,1wg4jzt,user_1818d2d6fc
t3,1wg4im4,user_302b54a4c4
t3,1wg4ce0,user_b0439030b7
t3,1wg3xy3,user_dffd93d9f7
t3,1wg3w5a,user_577b8e4e97
t3,1wg3rmm,user_debbc90a99
t3,1wg3ohx,user_d7228433f3
t3,1wg3amw,user_9b3e690697
t3,1wg2w8j,user_0794205c2d
t3,1wg2qy4,user_616e7fe36c
t3,1wg2g6w,user_1fddcd7354
t3,1wg1ygy,user_1bc0c09129
t3,1wg1kdg,user_616e7fe36c
t3,1wg1e7l,user_d233806da5
t3,1wg1ars,user_91e6ac5549
t3,1wg16ue,user_37ad76cd8a
t3,1wg10cw,user_3fd9d4ef7b
t3,1wg0zoc,user_c14d354438
t3,1wg0j9v,user_d52e8b3551
t3,1wg0j50,user_daacc0321a
t3,1wg0em4,user_fd0a4c3b0f
t3,1wg06st,user_fd0a4c3b0f
t3,1wg058q,user_3fd9d4ef7b
t3,1wg04jg,user_83e5345e92
t3,1wg03am,user_d52e8b3551
t3,1wg0303,user_fd4312eb9d
t3,1wfzhf0,user_71542b2425
t3,1wfzfwr,user_68dbad5bdc
t3,1wfzdq4,user_c65296d631
t3,1wfzacx,user_e72e63d38f
t3,1wfz3pg,user_7b2b824f25
t3,1wfz2cj,user_fd0a4c3b0f
t3,1wfyu1u,user_5d9bfb98cc
t3,1wfysiy,user_5d9bfb98cc
t3,1wfyla2,user_20860349a5
t3,1wfyhkk,user_1818d2d6fc
t3,1wfyf0q,user_75d26b6351
t3,1wfyetq,user_20860349a5
t3,1wfy6bb,user_fd0a4c3b0f
t3,1wfxjoy,user_dd9bd0d84a
t3,1wfxgju,user_eb4c3df3ad
t3,1wfw3lv,user_b0439030b7
t3,1wfvi35,user_fd4312eb9d
t3,1wfvhdr,user_5d6efbc002
t3,1wfv0oe,user_082808a2d1
t3,1wft7bu,user_55ceb9d1a1
t3,1wfspxg,user_dd5edd3382
t3,1wfskk6,user_6ed214f8a1
t3,1wfskhh,user_dd5edd3382
t3,1wfshlr,user_5561a24428
t3,1wfsggp,user_b100a4e8cd
t3,1wfs6an,user_056784738c
t3,1wfrxia,user_a119cb7e88
t3,1wfrv07,user_ff8cedf26c
t3,1wfr3k5,user_338ba15378
t3,1wfqp0f,user_be1b15c13a
t3,1wfqm6k,user_a00bf7754e
t3,1wfqlot,user_3ba7c72e18
t3,1wfpw7u,user_2b78a62c85
t3,1wfppah,user_195b218579
t3,1wfpgns,user_374a902ed0
t3,1wfpazi,user_de310f0408
t3,1wfp7c7,user_c14d354438
t3,1wfp1q3,user_700cb478b5
t3,1wfozzg,user_c47d675ffd
t3,1wfoxdp,user_c14d354438
t3,1wfoplj,user_c2b3a85dbe
t3,1wfnwzh,user_9c7aa0db02
t3,1wfnppe,user_25e8325dcf
t3,1wfni3a,user_b5a827a286
t3,1wfnawr,user_d2ff184b63
t3,1wfnavh,user_726723325b
t3,1wfmu24,user_812ee1b223
t3,1wfmrzh,user_5d6efbc002
t3,1wfmp2h,user_cbbd8f31d2
t3,1wfmmf8,user_726723325b
t3,1wfm0jb,user_f39414577b
t3,1wfkzg4,user_00eb2934a7
t3,1wfkwyi,user_00eb2934a7
t3,1wfkjaq,user_eeacbfa32b
t3,1wfkg78,user_99a403112d
t3,1wfke24,user_a513750592
t3,1wfkbew,user_8301fa9d1a
t3,1wfjib3,user_bafffaab9f
t3,1wfjbr2,user_0a404159f1
t3,1wfj64h,user_097638af0b
t3,1wfj1qe,user_b5a827a286
t3,1wfimpw,user_a6700d69a7
t3,1wfim8l,user_e73b43ab84
t3,1wfi793,user_b5eb0eeb35
t3,1wfi2ig,user_6cada03746
t3,1wfhxy4,user_01afdbfbf1
t3,1wfhusf,user_49165dde3e
t3,1wfhs9m,user_07ead3ef36
t3,1wfhouo,user_0ca1b5f354
t3,1wfhmnh,user_3927b67289
t3,1wfh8zi,user_051c5c3f63
t3,1wfh2yx,user_863a97a15f
t3,1wfgu3l,user_e73b43ab84
t3,1wfgsn7,user_e73b43ab84
t3,1wfgc1q,user_a34106c665
t3,1wfgbz9,user_67860f0f7b
t3,1wffshy,user_1f0d2c357d
t3,1wffpbu,user_45b4599aa7
t3,1wffo7z,user_87979a1aa7
t3,1wfff1k,user_59e387c903
t3,1wfewav,user_b5eb0eeb35
t3,1wfeui8,user_0111c907c4
t3,1wfe3xt,user_df53379e8d
t3,1wfdxv2,user_7eeb4ed418
t3,1wfcv2h,user_589bb26d5d
t3,1wfcnme,user_1f0d7dc30c
t3,1wfcmwg,user_9a27044c51
t3,1wfckja,user_330a31a229
t3,1wfci6l,user_5e3ec1c13f
t3,1wfbx7f,user_5447cc5ea5
t3,1wfbt0z,user_c97ba55b13
t3,1wfblph,user_6d02f825bb
t3,1wfbhkg,user_abb9960899
t3,1wfb99u,user_6cada03746
t3,1wfb814,user_9e6fc175cf
t3,1wfb73a,user_9e6fc175cf
t3,1wfavai,user_92adddd939
t3,1wfa01o,user_8860b20b32
t3,1wf9vt3,user_6c31c89839
t3,1wf9amx,user_6704549c7d
t3,1wf98f1,user_d7ac3c5c8e
t3,1wf9888,user_b5eb0eeb35
t3,1wf97aj,user_5a4007fa32
t3,1wf8v5a,user_70d174089b
t3,1wf8sr6,user_8e5fe42788
t3,1wf8kyb,user_8fdea81f1b
t3,1wf8f9k,user_f3b6038ba4
t3,1wf8e8r,user_437ba92f18
t3,1wf84ea,user_616e7fe36c
t3,1wf807t,user_cd61a858a0
t3,1wf7xu5,user_9e408fd0bc
t3,1wf7mrj,user_9e408fd0bc
t3,1wf7m27,user_238d626b31
t3,1wf7lev,user_d233806da5
t3,1wf7f3b,user_eab7391d16
t3,1wf6sbc,user_3ab0966164
t3,1wf6g8u,user_6fe5bf5559
t3,1wf5xvt,user_e3c62418b5
t3,1wf5xa7,user_5138a81a2b
t3,1wf5aqg,user_843e3d6e7b
t3,1wf590u,user_dde4fe8c42
t3,1wf583l,user_1fddcd7354
t3,1wf51ev,user_6c31c89839
t3,1wf4c8z,user_f80b7467f9
t3,1wf3sk3,user_1512cb7be9
t3,1wf3oav,user_b929e5d903
t3,1wf3hsj,user_e72e63d38f
t3,1wf39ux,user_1e38f340df
t3,1wf2ku4,user_c14d354438
t3,1wf2ht9,user_9a27044c51
t3,1wf1zjn,user_c14d354438
t3,1wf1ymh,user_c14d354438
t3,1wf1ufy,user_a2ca4a8ee8
t3,1wf1o3a,user_a345b9983c
t3,1wf1nrc,user_a45fb6a539
t3,1wf1m2r,user_43c01f4ff3
t3,1wf1gh2,user_fd4312eb9d
t3,1wf1eup,user_005c6659f6
t3,1wf1etj,user_085da213e6
t3,1wf1dp8,user_9ada487268
t3,1wf0slv,user_3cc80c84ff
t3,1wf0nm9,user_d59de6ed5d
t3,1wf0acg,user_270829e801
t3,1wezxgw,user_70ff3c4978
t3,1wezdti,user_de5710652e
t3,1weza5d,user_ebc5f0d610
t3,1wez1y0,user_48852e49d0
t3,1weyhm6,user_61402ca192
t3,1wexz0w,user_74e0ab2cae
t3,1wexgfr,user_4556e12100
t3,1wewzkz,user_e6427aeac4
t3,1wewuou,user_f23f4712cd
t3,1wews6i,user_0f745d0150
t3,1wewrof,user_995546fd2c
t3,1wew9mi,user_bbaab245fa
t3,1wew2rs,user_8dcf716585
t3,1wevwp6,user_a55cdc4a37
t3,1wev4e1,user_baa86e4950
t3,1weuuc0,user_2e02d18d20
t3,1weuk6x,user_d5a9c9913b
t3,1weu9i2,user_be145dca33
t3,1wetdjc,user_c14d354438
t3,1wet8vt,user_3d3c23509a
t3,1wesxui,user_6c627697f5
t3,1weswrl,user_7b0a81c93f
t3,1wesn57,user_5a4b71050a
t3,1weslyc,user_33e1f99c66
t3,1wesl46,user_995546fd2c
t3,1wese1f,user_aa628d3501
t3,1wesdjp,user_b79ecae596
t3,1wermlp,user_a568254df3
t3,1weqz0a,user_e650327a6c
t3,1weqt3f,user_894c5211f6
t3,1weqrd6,user_5dc97d06af
t3,1weqi1v,user_8afde826e8
t3,1weqhhv,user_9de730c95c
t3,1weq5tp,user_38d6c9a12b
t3,1weq4g2,user_16b8f29e09
t3,1wep76l,user_bbc5241347
t3,1weoa6f,user_6c31c89839
t3,1wentzo,user_cac1747b8a
t3,1wenqvx,user_2c134028dd
t3,1wemung,user_a3ce2cea4d
t3,1wempzy,user_2bde69c43f
t3,1wemlmd,user_3524ba5975
t3,1wemd6z,user_e967290825
t3,1wem9u8,user_35b1071d56
t3,1wem9n5,user_f47c449ead
t3,1wem8mf,user_35b1071d56
t3,1welbmb,user_b31a8d2ed0
t3,1wel39a,user_ce8735cf7f
t3,1wel2tt,user_616e7fe36c
t3,1wel2c7,user_028f09f277
t3,1wel0s7,user_4d3290f012
t3,1wekvjr,user_b922d967d0
t3,1wekrxr,user_c44bf4e09e
t3,1wekmzi,user_35a09b1daa
t3,1wekin7,user_95492da17f
t3,1wekdpg,user_95492da17f
t3,1wekd1q,user_deb2476ffb
t3,1wek3pj,user_6216507e9f
t3,1wejxmx,user_74e0ab2cae
t3,1wejwle,user_776518aaef
t3,1wejd7o,user_9c493dffe4
t3,1wej0oq,user_4c97a683ac
t3,1weizae,user_2e09eac645
t3,1weiyvd,user_d233806da5
t3,1weixbk,user_8fb3e06a2d
t3,1weiw8e,user_5c456cbbd1
t3,1weiafw,user_f12e33eea4
t3,1wei8n8,user_52a2747064
t3,1wei6wv,user_f465f20bdd
t3,1wei2e8,user_52a2747064
t3,1wehzas,user_39a3cbf7d4
t3,1wehynh,user_bdddcf1844
t3,1weha2g,user_f7edd8a278
t3,1weh8fz,user_6cada03746
t3,1weh6x0,user_5e6406876d
t3,1weh34k,user_1088f48c56
t3,1wegwyx,user_233d4fae02
t3,1wegwoy,user_6cada03746
t3,1wegfvg,user_9b726933e3
t3,1wegd23,user_3e18d4ce5b
t3,1weg8vw,user_8347920e5c
t3,1weg581,user_914bcf4d0e
t3,1weg0cr,user_776518aaef
t3,1wefr10,user_2731d28566
t3,1wefns0,user_9e30095d0e
t3,1wefmik,user_8495052741
t3,1wefj2z,user_2731d28566
t3,1wefhu6,user_2731d28566
t3,1wefgqs,user_2731d28566
t3,1wef5jx,user_fe607ca33a
t3,1wef5cp,user_3fc4a421fb
t3,1weeqw9,user_2731d28566
t3,1weeml3,user_44a03cfca7
t3,1weelqf,user_eb4c3df3ad
t3,1weeinh,user_c97ba55b13
t3,1weehj8,user_b562dde0ab
t3,1weeeef,user_636d789258
t3,1wee5h0,user_39f63c20fb
t3,1wee27t,user_43131b43f1
t3,1wedrpa,user_2a3db4345d
t3,1wedrje,user_cd1a8df44e
t3,1wedbc6,user_0f27aa7117
t3,1wed0ee,user_2731d28566
t3,1wed024,user_5ece45ea4a
t3,1wecu3i,user_2731d28566
t3,1wecs2k,user_9e30095d0e
t3,1wecpeg,user_2731d28566
t3,1wecocr,user_616e7fe36c
t3,1wecmn1,user_2731d28566
t3,1wecbuz,user_2731d28566
t3,1wecaho,user_4c4542c4bf
t3,1weca88,user_39fb103b05
t3,1wec7dy,user_1818d2d6fc
t3,1webjn8,user_1fddcd7354
t3,1webj9q,user_1818d2d6fc
t3,1webdou,user_aaee4fbbb3
t3,1weazau,user_37d2b8a623
t3,1weaqjp,user_8bf1d05095
t3,1wea4qu,user_dde4fe8c42
t3,1we9f23,user_2ad9ff744c
t3,1we9003,user_43131b43f1
t3,1we8tjk,user_31596cb8f2
t3,1we8p98,user_d233806da5
t3,1we8oym,user_45460b9d4a
t3,1we8bwd,user_95371055ef
t3,1we87vi,user_1818d2d6fc
t3,1we84c9,user_346b5295fd
t3,1we7v5j,user_e40e4a101c
t3,1we7qe1,user_e40e4a101c
t3,1we72ej,user_3b18cb60fd
t3,1we71i6,user_131a995414
t3,1we6zl5,user_51cfe1ade1
t3,1we64k6,user_2bff8f32c5
t3,1we62l5,user_da769193c5
t3,1we5rxg,user_77447c9821
t3,1we5q95,user_032d82eb09
t3,1we5mpd,user_43131b43f1
t3,1we5d6k,user_43131b43f1
t3,1we54p9,user_521b453082
t3,1we51uu,user_521b453082
t3,1we4ysz,user_04ed4d4bb3
t3,1we4t3a,user_cd43b8cd52
t3,1we3weg,user_46eec2b516
t3,1we3eqt,user_cfff30cf99
t3,1we2y6q,user_61c4221cf7
t3,1we28qf,user_17f80798b9
t3,1we20z7,user_785c025ccb
t3,1we0r9f,user_daab96ad90
t3,1we0q5y,user_d10408ba2d
t3,1we0o9t,user_43c01f4ff3
t3,1wdzqoo,user_c89d14820b
t3,1wdzbz3,user_9657fafe6f
t3,1wdzb2f,user_1085d6ab09
t3,1wdz7mi,user_00fd5470fd
t3,1wdz4l9,user_25280b5d48
t3,1wdz3b5,user_2fddb8a31f
t3,1wdz1gg,user_2fddb8a31f
t3,1wdz0vh,user_cde6b132ad
t3,1wdytxc,user_1c7bbb5b0b
t3,1wdydg4,user_09fbbe2cb6
t3,1wdyc0x,user_8aa257f919
t3,1wdxizb,user_eb0d6f13e3
t3,1wdxdi5,user_c14d354438
t3,1wdwi2c,user_25e8325dcf
t3,1wdwa66,user_90b60460b6
t3,1wdw88q,user_e7767db012
t3,1wdvy5h,user_71c5cd5408
t3,1wdvsmi,user_9591e981d2
t3,1wdvj27,user_d2ff184b63
t3,1wdvghd,user_d49348f2e3
t3,1wdvchc,user_eb50c9dc7f
t3,1wdv30v,user_49165dde3e
t3,1wduxbg,user_49165dde3e
t3,1wdulp8,user_995546fd2c
t3,1wducx4,user_5d6efbc002
t3,1wdu2w0,user_ce55e628b5
t3,1wdu0lw,user_463c94dc38
t3,1wdtmx8,user_dfc895c63b
t3,1wdtljs,user_6c31c89839
t3,1wdthnp,user_028f09f277
t3,1wdta4c,user_028f09f277
t3,1wdt6tl,user_0b814127ed
t3,1wdt6k0,user_028f09f277
t3,1wdt5fh,user_4a551ce0b4
t3,1wdsqy0,user_53a5bd380e
t3,1wdspdx,user_53a5bd380e
t3,1wdsmu5,user_53a5bd380e
t3,1wdsl7i,user_25e8325dcf
t3,1wdsi9l,user_3f7c94f431
t3,1wdsakg,user_f40dba6442
t3,1wdrtm6,user_ecc0ef69da
t3,1wdrq6l,user_5dc97d06af
t3,1wdrnzi,user_e6a3704f9d
t3,1wdriwa,user_6cada03746
t3,1wdrhph,user_c8de2e26ae
t3,1wdrcsd,user_059e4dba5a
t3,1wdqpp2,user_96895afae2
t3,1wdqmuc,user_e137c02e77
t3,1wdqeia,user_25e8325dcf
t3,1wdq8e8,user_9a27044c51
t3,1wdpy4r,user_d3f2d3f5a6
t3,1wdpxvm,user_b628269814
t3,1wdpnbb,user_c53cc9e380
t3,1wdpd5s,user_f1c8319069
t3,1wdp31b,user_c66370f37d
t3,1wdong5,user_5af76cffc4
t3,1wdo8hm,user_616e7fe36c
t3,1wdnn8q,user_71cf64f325
t3,1wdn1py,user_1af229864d
t3,1wdmu06,user_5de3ada367
t3,1wdmed1,user_09fbbe2cb6
t3,1wdlu5r,user_995546fd2c
t3,1wdlqmd,user_3cd50bbd1c
t3,1wdlgfi,user_339b272aa0
t3,1wdlfrd,user_167d0eee04
t3,1wdl72o,user_ca25390fdf
t3,1wdl5k8,user_a0a03d36af
t3,1wdl3nc,user_429719411d
t3,1wdkzue,user_71b46d7d7c
t3,1wdky9f,user_c14d354438
t3,1wdkvku,user_6c31c89839
t3,1wdktir,user_c14d354438
t3,1wdks6i,user_5226304d65
t3,1wdkqpf,user_c14d354438
t3,1wdkp6a,user_3b18cb60fd
t3,1wdkn1p,user_02fdcc8767
t3,1wdkcce,user_29bfdc4f6e
t3,1wdjxy4,user_d5fb77a58d
t3,1wdjluq,user_92a0ea00d2
t3,1wdjey0,user_5447cc5ea5
t3,1wdja4a,user_1088f48c56
t3,1wdj2ya,user_1818d2d6fc
t3,1wdiuvq,user_09fbbe2cb6
t3,1wditqg,user_71cb2fd1aa
t3,1wdir6y,user_09fbbe2cb6
t3,1wdi1ye,user_339b272aa0
t3,1wdhawp,user_8860b20b32
t3,1wdh94k,user_45ba5c39da
t3,1wdgsgd,user_1818d2d6fc
t3,1wdghiw,user_b5eb0eeb35
t3,1wdgebd,user_18f7bd5185
t3,1wdg6jl,user_d233806da5
t3,1wdflzv,user_1fddcd7354
t3,1wdff1g,user_6ac5dcc25c
t3,1wdfecn,user_6ac5dcc25c
t3,1wdf27g,user_e40e4a101c
t3,1wdf116,user_e40e4a101c
t3,1wdeusv,user_028f09f277
t3,1wdets5,user_e72e63d38f
t3,1wdejyh,user_097638af0b
t3,1wdeb9f,user_25bc5661aa
t3,1wddjms,user_25bc5661aa
t3,1wddhlu,user_887a201560
t3,1wddafa,user_99a24abf0a
t3,1wdd9gm,user_387add3e82
t3,1wdd77d,user_76c3fc6c0e
t3,1wdd2e2,user_76c3fc6c0e
t3,1wdcftq,user_69a3b9e4de
t3,1wdc3e4,user_d2ff184b63
t3,1wdc0ex,user_83577d7e81
t3,1wdbyq3,user_69a3b9e4de
t3,1wdbv6a,user_96dd86a6f5
t3,1wdbnub,user_a8066a6969
t3,1wdbjj3,user_747237ac52
t3,1wdbf9s,user_28924c5cf3
t3,1wdb7be,user_eb4c3df3ad
t3,1wdb5vv,user_577b8e4e97
t3,1wdax7f,user_9332ba4ca4
t3,1wdatbg,user_9332ba4ca4
t3,1wd97on,user_a010c82fdf
t3,1wd94bj,user_69a3b9e4de
t3,1wd8zn4,user_2d2b9b5f00
t3,1wd8r7c,user_2d2b9b5f00
t3,1wd8pf3,user_d233806da5
t3,1wd8eym,user_c9e59ebef8
t3,1wd8eae,user_57981d3d7d
t3,1wd80zv,user_69a3b9e4de
t3,1wd7gpt,user_6ac5dcc25c
t3,1wd7g4o,user_8990aaf91a
t3,1wd76cf,user_12529c0d77
t3,1wd728o,user_e72e63d38f
t3,1wd6u0m,user_be1b15c13a
t3,1wd6daw,user_e898899346
t3,1wd6c8i,user_7cb57892cd
t3,1wd5r6n,user_995546fd2c
t3,1wd5qkv,user_995546fd2c
t3,1wd5np2,user_e72e63d38f
t3,1wd5mkz,user_def1b92a0e
t3,1wd5e1n,user_6ac5dcc25c
t3,1wd5586,user_def1b92a0e
t3,1wd4ufg,user_aeebe1cbb1
t3,1wd4sp1,user_4a86b7478d
t3,1wd417l,user_4b7466fc4d
t3,1wd3qi8,user_6fc6fd8706
t3,1wd3nkh,user_75807abaa7
t3,1wd3mnz,user_8b71ee8dba
t3,1wd36qi,user_63c7d42cd7
t3,1wd2xds,user_32b1aeaa57
t3,1wd1r7i,user_a00bf7754e
t3,1wd0uxq,user_5e345fb1dc
t3,1wd0qhb,user_b353685ebc
t3,1wd0lbt,user_0968010c51
t3,1wd0csk,user_20b43a1b89
t3,1wczwnf,user_1818d2d6fc
t3,1wczmim,user_6911dca7de
t3,1wczhi7,user_5e345fb1dc
t3,1wcyzy9,user_0a404159f1
t3,1wcyha5,user_fb5a461ab3
t3,1wcycjm,user_77f5c9eb48
t3,1wcyasf,user_ed1b7e910b
t3,1wcy4r5,user_820a1daaf9
t3,1wcxye9,user_38ef15c950
t3,1wcxwmx,user_270e563107
t3,1wcxwiz,user_77f5c9eb48
t3,1wcxrlg,user_dc86a032c3
t3,1wcxr5k,user_9379fbba29
t3,1wcxnn2,user_4c97a683ac
t3,1wcxlzq,user_9379fbba29
t3,1wcx3cg,user_585121a072
t3,1wcx0jn,user_2868798068
t3,1wcwu2y,user_b0a3fa8331
t3,1wcwts0,user_2868798068
t3,1wcwih3,user_79d565590e
t3,1wcw5pr,user_b6a8b2f0da
t3,1wcw4l1,user_0c1037a614
t3,1wcvvdh,user_820a1daaf9
t3,1wcvkrr,user_36609dc6d5
t3,1wcvi78,user_36609dc6d5
t3,1wcup56,user_4fbad9bea9
t3,1wcunhq,user_6837ac798c
t3,1wcu0j5,user_10f1ae7777
t3,1wct86y,user_09fbbe2cb6
t3,1wcs6ca,user_776518aaef
t3,1wcs4tt,user_5382574c26
t3,1wcrz42,user_4881fd32ee
t3,1wcrkxw,user_ffd4c21eb1
t3,1wcrj1v,user_45b0bdbc75
t3,1wcrenr,user_0cfe58ce88
t3,1wcr3ib,user_91c3a627b7
t3,1wcr2e5,user_a8066a6969
t3,1wcqr51,user_91c3a627b7
t3,1wcqo3u,user_5f86dea94a
t3,1wcqm4o,user_5447cc5ea5
t3,1wcqld7,user_9a27044c51
t3,1wcq8bx,user_6c31c89839
t3,1wcq2bv,user_cb174cf00b
t3,1wcpyhc,user_1fa44922b3
t3,1wcpkeh,user_99e077cfae
t3,1wcphwj,user_5361a29dad
t3,1wcpcth,user_09fbbe2cb6
t3,1wcp0py,user_b0e66ba21a
t3,1wcoid2,user_85a1286bd9
t3,1wcocv5,user_99e077cfae
t3,1wcobcz,user_cc0f821058
t3,1wco6yb,user_5dfbedbede
t3,1wco417,user_cc0f821058
t3,1wcnoat,user_a8066a6969
t3,1wcnnbi,user_16a7e9b914
t3,1wcnkj1,user_a8066a6969
t3,1wcnj7a,user_5dfbedbede
t3,1wcnf01,user_9070b0c4af
t3,1wcmvgv,user_776518aaef
t3,1wcmrcb,user_c14d354438
t3,1wcmoyy,user_c14d354438
t3,1wcmmd8,user_c14d354438
t3,1wcmltx,user_995546fd2c
t3,1wcml19,user_c14d354438
t3,1wcl9rt,user_c3799af44b
t3,1wckstt,user_f3b0f4f7a5
t3,1wckhth,user_cee72a67b0
t3,1wck68y,user_036a106537
t3,1wck3pb,user_fd314b151b
t3,1wcjed3,user_1c1bebd6e1
t3,1wcjapk,user_1c1bebd6e1
t3,1wcj8oy,user_09fbbe2cb6
t3,1wcidan,user_f1c8319069
t3,1wci8oz,user_c1716f4baa
t3,1wchshw,user_1fddcd7354
t3,1wchj1n,user_028f09f277
t3,1wchint,user_5dc97d06af
t3,1wchhi1,user_5dc97d06af
t3,1wch2di,user_3fe1e59c58
t3,1wcenx0,user_1ddec90caa
t3,1wcemmg,user_a8066a6969
t3,1wceh46,user_3e35a107b9
t3,1wce93h,user_0d678d71b9
t3,1wce6hi,user_cce84a80b1
t3,1wcdugs,user_b5eb0eeb35
t3,1wcdhix,user_4c97a683ac
t3,1wcdhd4,user_2819dd8940
t3,1wcd6q8,user_001c6753ad
t3,1wccwq1,user_5ab5fa65fe
t3,1wccs8h,user_29fdb699f8
t3,1wccrrp,user_5ab5fa65fe
t3,1wccgni,user_e3b9d986df
t3,1wccc36,user_4db7281fa2
t3,1wcc6b5,user_b562dde0ab
t3,1wcc1rc,user_0a8a3ff9c8
t3,1wcbzqo,user_571e18d37b
t3,1wcbxrh,user_571e18d37b
t3,1wcbr45,user_021ae30dd9
t3,1wcbll7,user_2d8766d5ff
t3,1wcb8uc,user_5d22571ca6
t3,1wcazxm,user_e72e63d38f
t3,1wcaybm,user_83e5345e92
t3,1wcaola,user_6eecfea7e2
t3,1wcaa12,user_0d3e395f1c
t3,1wc9mtw,user_c14d354438
t3,1wc9ir4,user_3959699ee7
t3,1wc9fe9,user_55a4b2cc35
t3,1wc93fl,user_2b3c48d6f2
t3,1wc8rtn,user_1ccbd599a6
t3,1wc8kq7,user_09fbbe2cb6
t3,1wc8coq,user_485a912c5f
t3,1wc89fn,user_38d6c9a12b
t3,1wc7lx6,user_53513ccefc
t3,1wc6x4b,user_6cada03746
t3,1wc6ptc,user_0b8c27f35a
t3,1wc6jfx,user_f4b1645fe7
t3,1wc65vv,user_09fbbe2cb6
t3,1wc65ce,user_304973160f
t3,1wc64ws,user_6cada03746
t3,1wc5nyp,user_577b8e4e97
t3,1wc5mme,user_9e1a26c2e1
t3,1wc4m0r,user_8347920e5c
t3,1wc41j8,user_4c4542c4bf
t3,1wc2p0x,user_b5fba72543
t3,1wc2lgc,user_16eae4b422
t3,1wc2fqv,user_dab4360f59
t3,1wc2biq,user_3b129d3799
t3,1wc20vf,user_5a6a7370b7
t3,1wc2063,user_d76af9e5f5
t3,1wc1u1y,user_3d74da6a22
t3,1wc14nj,user_79e5850d19
t3,1wc0r99,user_0c1037a614
t3,1wc0jf0,user_45529bd73b
t3,1wc09cr,user_6c31c89839
t3,1wc083b,user_9c8560e6bd
t3,1wc06wi,user_feeb045994
t3,1wc0143,user_5492e1e870
t3,1wc0101,user_5492e1e870
t3,1wc009x,user_77a92612ed
t3,1wbzino,user_ea2ed41a38
t3,1wbz9tz,user_018d4d533a
t3,1wbz4nw,user_25e8325dcf
t3,1wby4br,user_452b3ba531
t3,1wby1ma,user_71e29c9975
t3,1wbxw9r,user_56e6e88a71
t3,1wbxrsj,user_f00a2619b7
t3,1wbxk0d,user_7bde44a517
t3,1wbxgx4,user_e70cff799c
t3,1wbxf4s,user_f7edd8a278
t3,1wbx7gc,user_b56b8fa839
t3,1wbwz4b,user_93360fdf44
t3,1wbwwp4,user_6fd5f19341
t3,1wbweaz,user_a76d99322f
t3,1wbwbi6,user_543603cd59
t3,1wbwa9p,user_543603cd59
t3,1wbw6dp,user_171feb4bf7
t3,1wbvzw2,user_b06645ab1a
t3,1wbvxxt,user_b06645ab1a
t3,1wbvpy8,user_e8aed96560
t3,1wbvlvc,user_71c5cd5408
t3,1wbvjbp,user_995546fd2c
t3,1wbvezj,user_4de473435c
t3,1wbvee7,user_58fbf677c4
t3,1wbvcxy,user_0c58936caf
t3,1wbvc6f,user_797ff7670a
t3,1wbvaef,user_162d5de6fa
t3,1wbuwi8,user_a187370e63
t3,1wbuqb6,user_329a6a754f
t3,1wbunbv,user_09fbbe2cb6
t3,1wbu7md,user_ec5f45170c
t3,1wbu52y,user_aee62bf454
t3,1wbu1eu,user_2d36b153d3
t3,1wbtkj1,user_2eb6a7d2de
t3,1wbtc62,user_a0283c8580
t3,1wbtbg2,user_a8066a6969
t3,1wbsnl5,user_9341240c27
t3,1wbsn7x,user_b53a90da78
t3,1wbskc1,user_5ab5fa65fe
t3,1wbsdux,user_1d351341ea
t3,1wbs269,user_6b4e42d6eb
t3,1wbrywm,user_91476e7922
t3,1wbro6e,user_616e7fe36c
t3,1wbrncf,user_776518aaef
t3,1wbr8gf,user_d40cf0b495
t3,1wbqzdg,user_616e7fe36c
t3,1wbqwsw,user_e4dae95ad0
t3,1wbquft,user_4cb41df020
t3,1wbql8q,user_7fb4062341
t3,1wbqkr5,user_a5ca3aa3a5
t3,1wbqi09,user_4cb41df020
t3,1wbqf28,user_776518aaef
t3,1wbpuj1,user_651c862848
t3,1wbpr85,user_651c862848
t3,1wbpqwi,user_33cd5b79bd
t3,1wbpqtu,user_c08c8c9b5a
t3,1wbpmn1,user_c43ce33af4
t3,1wbpiqv,user_acc4fb121a
t3,1wbphv7,user_a76d299b20
t3,1wbpf1p,user_6cada03746
t3,1wbou21,user_167d0eee04
t3,1wborcm,user_9c493dffe4
t3,1wbokxr,user_9b726933e3
t3,1wboj6f,user_774a5df2f0
t3,1wbodf2,user_9e7c2000fe
t3,1wbo8bx,user_89fe53a0d0
t3,1wbo2oj,user_92c771506b
t3,1wbnuie,user_577b8e4e97
t3,1wbnqyy,user_c73c3e3bd3
t3,1wbni4w,user_577b8e4e97
t3,1wbnc4i,user_4c4542c4bf
t3,1wbn8vd,user_39f63c20fb
t3,1wbn1h0,user_6c31c89839
t3,1wbn18k,user_48ac3b366c
t3,1wbn13g,user_76d6f6fd87
t3,1wbmvsv,user_fce36d12bc
t3,1wbmhca,user_1088f48c56
t3,1wbmh27,user_1088f48c56
t3,1wbmdfv,user_abc2de4a0b
t3,1wbm3jg,user_48985f475c
t3,1wblzlq,user_1fddcd7354
t3,1wblz56,user_d5a9c9913b
t3,1wblwqt,user_d4506cd933
t3,1wbltak,user_d84a7a4dc5
t3,1wble1x,user_1088f48c56
t3,1wbl8xc,user_6c31c89839
t3,1wbl41x,user_847b3f8a14
t3,1wbl1f7,user_171feb4bf7
t3,1wbkuc8,user_e0babd2cbe
t3,1wbkpna,user_ed300fdd2e
t3,1wbkkr4,user_ba3999d80a
t3,1wbkf3n,user_1636d24fb3
t3,1wbk81w,user_aaee4fbbb3
t3,1wbjy8u,user_9a27044c51
t3,1wbjmkj,user_dd8d882836
t3,1wbj3zi,user_959356f2dc
t3,1wbiaia,user_8b5d933eba
t3,1wbi9bc,user_171feb4bf7
t3,1wbi5e8,user_6a618cb774
t3,1wbhrw9,user_f1df9002a6
t3,1wbhqd1,user_6c31c89839
t3,1wbhm95,user_4c97a683ac
t3,1wbhflq,user_6f06c60397
t3,1wbh9mm,user_cf0c3b45d9
t3,1wbh7rv,user_1c65f2a2dc
t3,1wbgtzt,user_a8066a6969
t3,1wbgema,user_f1df9002a6
t3,1wbg5j9,user_be1b15c13a
t3,1wbfz2m,user_e72e63d38f
t3,1wbfu8e,user_d84a7a4dc5
t3,1wbfm5f,user_a8066a6969
t3,1wbf2kl,user_de5ae39488
t3,1wbelmg,user_58f1c4600d
t3,1wbej15,user_8d97131522
t3,1wbedmr,user_05e3c7a8b1
t3,1wbeadw,user_8015d93e75
t3,1wbdfyk,user_785d1ea30b
t3,1wbd9n9,user_866e342c02
t3,1wbd8ij,user_866e342c02
t3,1wbcwqi,user_72f3971e6f
t3,1wbcvx2,user_09fbbe2cb6
t3,1wbcv47,user_c2d4566f76
t3,1wbcux2,user_3c25048f85
t3,1wbcpxo,user_57ecec2919
t3,1wbcns2,user_785d1ea30b
t3,1wbccgu,user_4cef95630d
t3,1wbc96z,user_27a7a2a78b
t3,1wbbodo,user_463c94dc38
t3,1wbb45w,user_cd428efc9d
t3,1wbav8v,user_c764316a0d
t3,1wba97i,user_18d0fffe18
t3,1wba7xo,user_a5f0e055a0
t3,1wba495,user_437ba92f18
t3,1wb9o3a,user_015f1c16bb
t3,1wb9nkn,user_d05d28d481
t3,1wb9m3b,user_653d299e1e
t3,1wb94hw,user_16c31b870a
t3,1wb91gp,user_3fd9177ffa
t3,1wb8x1d,user_12d1092da4
t3,1wb8t0k,user_f7b97760c3
t3,1wb8qds,user_26f54911eb
t3,1wb8nst,user_09fbbe2cb6
t3,1wb7wwp,user_be1b15c13a
t3,1wb7qwk,user_c14d354438
t3,1wb7p4p,user_c16ef9cd96
t3,1wb7oz7,user_d233806da5
t3,1wb7ohp,user_81b3ff4efd
t3,1wb7ay2,user_8c51cbf5e9
t3,1wb7533,user_7f0d598f3c
t3,1wb752s,user_65044e3fde
t3,1wb6t0l,user_0af6a83049
t3,1wb6hh4,user_452b3ba531
t3,1wb648u,user_2d2b9b5f00
t3,1wb5nmj,user_36609dc6d5
t3,1wb5g2a,user_374f08ef59
t3,1wb5cvz,user_3001ab74ed
t3,1wb4ts3,user_d233806da5
t3,1wb389q,user_55d88d76bd
t3,1wb2z8w,user_55d88d76bd
t3,1wb2vwu,user_ea90302b9f
t3,1wb2pxv,user_09fbbe2cb6
t3,1wb2j1w,user_9140792f7f
t3,1wb2hoy,user_55d88d76bd
t3,1wb22ny,user_9079f9cdc2
t3,1wb21mc,user_499b250201
t3,1wb1x8g,user_7789e38681
t3,1wb1v2x,user_966013cc02
t3,1wb19ns,user_0a6bafd35d
t3,1wb0uuu,user_f5250dd48c
t3,1wb0aoe,user_840eaddeb6
t3,1wb0a3a,user_49165dde3e
t3,1wb04p1,user_feb94e8f21
t3,1wb042g,user_c288c5b15c
t3,1wb02we,user_4c97a683ac
t3,1wazuty,user_a32c459c9f
t3,1wazrnj,user_a3ce2cea4d
t3,1wayaqy,user_e4949b292a
t3,1way1ed,user_cfff30cf99
t3,1waxwxo,user_d9f26d3dc8
t3,1waxs5d,user_49165dde3e
t3,1waxm31,user_dd3daa1ad4
t3,1waxisw,user_54ffd6caa7
t3,1waxfbf,user_05068d28e1
t3,1wax4lw,user_3506c9cb21
t3,1wax3x9,user_f351bec40d
t3,1wax0mx,user_776fbd8acc
t3,1wawzf0,user_14c4312301
t3,1wawmks,user_7690b472e9
t3,1wawe5q,user_d9f26d3dc8
t3,1waway3,user_01afdbfbf1
t3,1waw2ip,user_2fd4ec01aa
t3,1wavzxm,user_49d4facc1d
t3,1wavksu,user_ad6846ee94
t3,1wav5o9,user_463e729350
t3,1wav0t1,user_cee72a67b0
t3,1wauhvr,user_29e435de1c
t3,1wauh5k,user_5f5dadf828
t3,1waue9n,user_d7d2ab86f5
t3,1waubug,user_f8196046ba
t3,1wau3o0,user_66672b27c2
t3,1wau3dz,user_b8d12974e6
t3,1watykx,user_847b3f8a14
t3,1watwfu,user_f9b096eb2e
t3,1wat537,user_81fe09a2d6
t3,1wat45i,user_c14d354438
t3,1wasx1m,user_51e9a28651
t3,1wasqug,user_0021b22d4e
t3,1wasciw,user_a8066a6969
t3,1wasatl,user_66672b27c2
t3,1warvn6,user_6c92854c12
t3,1warts4,user_6c92854c12
t3,1waqm84,user_e72e63d38f
t3,1wapzsp,user_74807650df
t3,1wapq6e,user_a55ad277d0
t3,1wapcy9,user_3b7af30d24
t3,1wapbkn,user_7027b47a63
t3,1wap6zd,user_c67bfa8bf6
t3,1wap5ve,user_c67bfa8bf6
t3,1wap4w1,user_c67bfa8bf6
t3,1waos0k,user_ff30ced5f1
t3,1waoqu0,user_7005d248a2
t3,1waojv7,user_6c31c89839
t3,1waoeoh,user_e72e63d38f
t3,1wao7w7,user_4eb625c155
t3,1wao17b,user_e47bc0ef79
t3,1wao0tu,user_041e1f8363
t3,1wanxi8,user_6ac5dcc25c
t3,1wanjkf,user_6ac5dcc25c
t3,1wan0zo,user_f1df9002a6
t3,1wamxov,user_43f90d5cba
t3,1wamn1x,user_c14d354438
t3,1wam89r,user_1fddcd7354
t3,1walx9z,user_e9eaceb8f3
t3,1walsle,user_a513750592
t3,1walm72,user_a45fb6a539
t3,1walitr,user_d233806da5
t3,1walikd,user_a253b3e5da
t3,1wakvo7,user_49165dde3e
t3,1wakifu,user_7e977595b9
t3,1wakfh8,user_6a618cb774
t3,1wak3p2,user_1817da38b3
t3,1wajn4d,user_25ad09ec02
t3,1wajbkv,user_776cd3b624
t3,1waixi8,user_a8066a6969
t3,1wahpzf,user_cc98a52b6f
t3,1wahju5,user_be1b15c13a
t3,1wagqve,user_71c5cd5408
t3,1wago7z,user_25e8325dcf
t3,1wagnei,user_9940b8cfdc
t3,1wagned,user_182ec97b69
t3,1wagflk,user_4dff742969
t3,1wag833,user_5510dd5a96
t3,1wag3zq,user_f2742b6180
t3,1wag2ot,user_583b47ff50
t3,1wafoee,user_55d02c6085
t3,1wafk47,user_4db7281fa2
t3,1waf7ur,user_4568f4aae3
t3,1waf632,user_5894aaa626
t3,1waf3qm,user_25e8325dcf
t3,1waewwa,user_c14d354438
t3,1waesnr,user_8990aaf91a
t3,1waejm1,user_05e7fed44e
t3,1waehke,user_9ab2170872
t3,1waefsl,user_53513ccefc
t3,1wae9tq,user_4db7281fa2
t3,1wadwnj,user_b18a7f2742
t3,1wadux7,user_4546fc36cb
t3,1wadnie,user_16eae4b422
t3,1wada3t,user_52148ad906
t3,1wad4ui,user_b0bd2e2595
t3,1wacpet,user_01ae3179b5
t3,1waceds,user_995546fd2c
t3,1wac3la,user_b06a5e092c
t3,1wabwl3,user_e009ca1c86
t3,1wabiym,user_726723325b
t3,1wabi8x,user_be1b15c13a
t3,1wab6kq,user_fbfeb21397
t3,1wab652,user_9c552b8d22
t3,1wab2b5,user_726723325b
t3,1wab1ji,user_93aa55f213
t3,1waavmu,user_997608295a
t3,1waaju7,user_c14d354438
t3,1waaak3,user_a253b3e5da
t3,1wa9xpi,user_8a1d1b39f2
t3,1wa9wq6,user_150740a328
t3,1wa9ksu,user_e650327a6c
t3,1wa9joe,user_e650327a6c
t3,1wa8nnz,user_a3927f7bb1
t3,1wa8bdn,user_ea2b71eed3
t3,1wa87oi,user_a636345ad3
t3,1wa7u2c,user_7f611e9454
t3,1wa7o71,user_74e8fc3e83
t3,1wa7kvq,user_74e8fc3e83
t3,1wa7bqw,user_4760177062
t3,1wa6zv5,user_a636345ad3
t3,1wa6s99,user_997608295a
t3,1wa6pc4,user_997608295a
t3,1wa6juy,user_c8260ddd97
t3,1wa6fxe,user_44396e836d
t3,1wa65w6,user_1088f48c56
t3,1wa64d2,user_1088f48c56
t3,1wa5z9f,user_6bf9ab8434
t3,1wa5q29,user_a7e3a3dee2
t3,1wa5ju9,user_57cd7e0728
t3,1wa5j0o,user_04bcbd0c51
t3,1wa5hwb,user_57cd7e0728
t3,1wa5gea,user_57cd7e0728
t3,1wa5eev,user_3d5d7f9039
t3,1wa3ynh,user_84d85e3e01
t3,1wa3rha,user_95492da17f
t3,1wa3gli,user_63720e5b73
t3,1wa2yzn,user_f3f1783c4a
t3,1wa2te4,user_db8a331f08
t3,1wa2plh,user_39fb103b05
t3,1wa22rd,user_a5d39fb53c
t3,1wa1qcw,user_e191139f61
t3,1wa1gi5,user_b878698f55
t3,1wa158h,user_a6395e54fd
t3,1wa0xlw,user_131ea1a754
t3,1wa08tm,user_25e8325dcf
t3,1wa07hr,user_01afdbfbf1
t3,1w9zx2u,user_496ea0949f
t3,1w9z8kk,user_11795af3d2
t3,1w9z75a,user_9a27044c51
t3,1w9z4y2,user_b12cb9c279
t3,1w9z1ij,user_6fb91cf7d4
t3,1w9yv1l,user_a253b3e5da
t3,1w9yjf0,user_3b18cb60fd
t3,1w9yggp,user_e009ca1c86
t3,1w9y78k,user_b1318329c4
t3,1w9y3o1,user_8347920e5c
t3,1w9xvzp,user_2ebf5f0483
t3,1w9xlc9,user_94707fc31e
t3,1w9xa0p,user_188474c35c
t3,1w9wzlz,user_a8066a6969
t3,1w9wseu,user_eb4c3df3ad
t3,1w9whvc,user_64fa0fe4ea
t3,1w9vwli,user_86e4b44165
t3,1w9vwbn,user_ea2ed41a38
t3,1w9vh1f,user_a8066a6969
t3,1w9vff0,user_b5eb0eeb35
t3,1w9v1n0,user_9fd1c08e30
t3,1w9usxg,user_d88b22757a
t3,1w9ujsn,user_f00140e703
t3,1w9uauc,user_0f6985a158
t3,1w9u8xu,user_e72e63d38f
t3,1w9txws,user_5c1ac25b92
t3,1w9tuer,user_616e7fe36c
t3,1w9ttzx,user_c934a6a837
t3,1w9tq89,user_de5710652e
t3,1w9t7a2,user_d34ad73a9b
t3,1w9sty5,user_302b54a4c4
t3,1w9s1ep,user_5ca823c8aa
t3,1w9ryd5,user_1fddcd7354
t3,1w9rvrt,user_10f7a2eea6
t3,1w9rr3q,user_463136c5bb
t3,1w9r25m,user_55d88d76bd
t3,1w9qs5p,user_771ccfe47d
t3,1w9qs2h,user_e009ca1c86
t3,1w9qon6,user_e009ca1c86
t3,1w9qcuk,user_ff64248f37
t3,1w9pzeh,user_84e85787ec
t3,1w9pq2z,user_9a27044c51
t3,1w9pm88,user_6c31c89839
t3,1w9plgh,user_9a27044c51
t3,1w9pkkl,user_2fe83fc83a
t3,1w9pid0,user_18c53ebdb1
t3,1w9pcjn,user_be1b15c13a
t3,1w9p858,user_a49d8372f4
t3,1w9omzm,user_78fb029d5a
t3,1w9ogja,user_b388e78f89
t3,1w9obdv,user_45b0bdbc75
t3,1w9nwam,user_2789765e0a
t3,1w9ntv9,user_094fe15156
t3,1w9npr5,user_c381577b9a
t3,1w9nnoy,user_d4f411e5dc
t3,1w9nadh,user_9a27044c51
t3,1w9n5np,user_eec97f2974
t3,1w9n0f4,user_9a27044c51
t3,1w9mzf0,user_9a27044c51
t3,1w9mttf,user_171feb4bf7
t3,1w9m1r5,user_d5f4b4023b
t3,1w9ly73,user_d9106b08f7
t3,1w9lxff,user_2c87842b52
t3,1w9lgcp,user_b388e78f89
t3,1w9l84b,user_dacc7c0fd5
t3,1w9kvss,user_6d84c8f5d4
t3,1w9klzj,user_030d6c0904
t3,1w9kfoz,user_a8066a6969
t3,1w9k25y,user_e72b5f5be9
t3,1w9jwxp,user_6d3edafb94
t3,1w9jtwl,user_730cc00988
t3,1w9j7zr,user_83e5345e92
t3,1w9iyzt,user_89fe53a0d0
t3,1w9insw,user_726723325b
t3,1w9imye,user_be1b15c13a
t3,1w9il2c,user_5e1ad87ec0
t3,1w9igoq,user_63f8123e8e
t3,1w9ibje,user_35c399b5fe
t3,1w9i0d4,user_8cef25038a
t3,1w9hji5,user_b255dfa3a5
t3,1w9hikr,user_fd9a795e65
t3,1w9hi91,user_1ddec90caa
t3,1w9gyeu,user_def1b92a0e
t3,1w9fxt2,user_7c71e747b7
t3,1w9fca6,user_be1b15c13a
t3,1w9f6sr,user_55d88d76bd
t3,1w9f4if,user_6375b87d73
t3,1w9erkf,user_6ac5dcc25c
t3,1w9ep0j,user_7ae43dfaf7
t3,1w9empo,user_7ae43dfaf7
t3,1w9ei2q,user_726723325b
t3,1w9e9q0,user_7ae43dfaf7
t3,1w9e876,user_cacdc033a0
t3,1w9detc,user_037f289c68
t3,1w9dbcw,user_b12cb9c279
t3,1w9cwf5,user_b82070e27c
t3,1w9cng5,user_a636345ad3
t3,1w9cnbo,user_a636345ad3
t3,1w9c9lq,user_2e156228e6
t3,1w9c990,user_181e30ae7d
t3,1w9c3px,user_e4ea789044
t3,1w9c1fi,user_d5a247c46c
t3,1w9c0qw,user_65108f574c
t3,1w9bzif,user_aadb5d8106
t3,1w9buuq,user_5e1ad87ec0
t3,1w9brk9,user_b12cb9c279
t3,1w9bjbw,user_a742edfeeb
t3,1w9bdyk,user_5c7bc1fbb2
t3,1w9bclo,user_0c439b7fb4
t3,1w9b0su,user_d873e41d8e
t3,1w9aza5,user_c9bf03ff7c
t3,1w9aul2,user_3d74da6a22
t3,1w9aln7,user_47cc50792d
t3,1w9aa9k,user_d370d0ee7d
t3,1w9a6t4,user_985b1c26d2
t3,1w9a1vd,user_b12cb9c279
t3,1w9a16f,user_acc3a9abc5
t3,1w99zfe,user_aeebe1cbb1
t3,1w99ymz,user_aeebe1cbb1
t3,1w99tfz,user_d370d0ee7d
t3,1w99mrp,user_b28396dac2
t3,1w98sg0,user_5c461d7f32
t3,1w98ml7,user_39d2639feb
t3,1w97ta5,user_ae2fc205ed
t3,1w97pe9,user_ae2fc205ed
t3,1w97iuw,user_9e30095d0e
t3,1w97f6c,user_9e30095d0e
t3,1w97dvg,user_d5a247c46c
t3,1w97c1l,user_d5a247c46c
t3,1w97blh,user_2bf6069a9a
t3,1w97aw1,user_fc95df5653
t3,1w97a04,user_0db338716a
t3,1w979bq,user_fc95df5653
t3,1w96u5j,user_aa829ec488
t3,1w96mt5,user_45b0bdbc75
t3,1w965h7,user_5d2594ec57
t3,1w961bq,user_d4458ae247
t3,1w95ryu,user_995546fd2c
t3,1w95n6n,user_a485234fbe
t3,1w95a3z,user_69c2557163
t3,1w9581z,user_09fbbe2cb6
t3,1w94v33,user_c9bf03ff7c
t3,1w94mmd,user_fc95df5653
t3,1w94ler,user_e73b43ab84
t3,1w94bxi,user_8f4f0791ec
t3,1w93bul,user_ff6b3ac1ce
t3,1w936w3,user_79732143ba
t3,1w930zk,user_c1158f93cf
t3,1w92pex,user_6a3881f20d
t3,1w92ajn,user_cfbb3b3678
t3,1w91w05,user_65d7d6c83b
t3,1w91axa,user_09b1fcef8f
t3,1w914yc,user_59b0a6c27a
t3,1w90l56,user_eec6738c64
t3,1w90k5u,user_21a41d29f5
t3,1w90j7a,user_dccdc9c722
t3,1w90giq,user_b0e1847641
t3,1w90e6u,user_92eab22e56
t3,1w90e2c,user_55d88d76bd
t3,1w90df8,user_097638af0b
t3,1w907a1,user_53470135c5
t3,1w905gl,user_b255dfa3a5
t3,1w902q5,user_27678199d7
t3,1w8zsaw,user_d26b16c1c9
t3,1w8zdh4,user_5e1ad87ec0
t3,1w8zbwj,user_f3b0f4f7a5
t3,1w8za83,user_c14d354438
t3,1w8z4a2,user_30ad6ce6c8
t3,1w8z29f,user_a23ba994f8
t3,1w8ymb7,user_7ddb5c6715
t3,1w8yjsf,user_b255dfa3a5
t3,1w8xpqe,user_b69ab99227
t3,1w8xofq,user_8974cdff9f
t3,1w8wtac,user_0a0fc991b4
t3,1w8wnun,user_a8a59d0699
t3,1w8w1sg,user_5a480071e8
t3,1w8vot5,user_c877a2b73b
t3,1w8v8m3,user_616e7fe36c
t3,1w8uz4j,user_f0e43d8db0
t3,1w8uucn,user_218ab9cfd9
t3,1w8urgh,user_1396c93bbb
t3,1w8urdy,user_27b97c5490
t3,1w8unzh,user_27b97c5490
t3,1w8ug2v,user_a45fb6a539
t3,1w8ucbh,user_56935e2341
t3,1w8ubpo,user_21a75b1d9a
t3,1w8uaoc,user_27b835b1bb
t3,1w8u8y9,user_a59e084549
t3,1w8u6is,user_21a75b1d9a
t3,1w8u0br,user_eb235d2d58
t3,1w8tv3u,user_1a689f7204
t3,1w8tsx7,user_aaee4fbbb3
t3,1w8tsm9,user_1fddcd7354
t3,1w8tsg7,user_9a27044c51
t3,1w8tnv2,user_35c399b5fe
t3,1w8th4f,user_e52213d7e1
t3,1w8t9hg,user_aa2be3c650
t3,1w8t95u,user_888f11219f
t3,1w8t84y,user_aa2be3c650
t3,1w8t6rj,user_aa2be3c650
t3,1w8t236,user_041e1f8363
t3,1w8ss8c,user_2789765e0a
t3,1w8spb9,user_2789765e0a
t3,1w8slht,user_2789765e0a
t3,1w8sl14,user_aa2be3c650
t3,1w8sc2v,user_171feb4bf7
t3,1w8rvkz,user_21a75b1d9a
t3,1w8riix,user_d64b76f36e
t3,1w8rf0g,user_45b0bdbc75
t3,1w8r1a7,user_8bf7475c92
t3,1w8qqh7,user_45b0bdbc75
t3,1w8q7d8,user_d1e3f9704f
t3,1w8pvei,user_d7e086fd87
t3,1w8p3hu,user_da7868be57
t3,1w8okxb,user_eea65e56e5
t3,1w8oepk,user_21a75b1d9a
t3,1w8ob63,user_2c4fcbe03b
t3,1w8o32o,user_8aadba2ac8
t3,1w8ntoq,user_942827f2d4
t3,1w8ns7w,user_d233806da5
t3,1w8nkwv,user_35c399b5fe
t3,1w8nj3d,user_54f7ce1514
t3,1w8ne4j,user_b4330d169e
t3,1w8mnwd,user_e619308321
t3,1w8mi4t,user_2210115c8e
t3,1w8mghk,user_45c61416da
t3,1w8m6i7,user_330a31a229
t3,1w8lv83,user_bd1209bcba
t3,1w8lrk6,user_bd1209bcba
t3,1w8lqfh,user_bd1209bcba
t3,1w8kqht,user_2c13e04924
t3,1w8koap,user_c216f77bbe
t3,1w8kln3,user_0d625c50c0
t3,1w8kb3e,user_f599a7ee5e
t3,1w8k5ot,user_75f7070c04
t3,1w8k3hd,user_efc36bdf06
t3,1w8jqi6,user_4d9dc68167
t3,1w8jot4,user_eccbc9e757
t3,1w8joaz,user_45b0bdbc75
t3,1w8j7sv,user_d97907529a
t3,1w8j1r0,user_8990aaf91a
t3,1w8j1o6,user_8e3e7805b4
t3,1w8ixs5,user_86cb855157
t3,1w8itt8,user_297d29ec9c
t3,1w8il6f,user_c1cb26e858
t3,1w8ibqo,user_654de3c59f
t3,1w8iani,user_654de3c59f
t3,1w8i9jy,user_73071ec425
t3,1w8i7j2,user_3be6dc5b6e
t3,1w8i3uu,user_28708df655
t3,1w8hwxa,user_d97907529a
t3,1w8hgwi,user_21a75b1d9a
t3,1w8hfd5,user_9eb941b823
t3,1w8hcnz,user_cccf3e115d
t3,1w8ghs3,user_985b1c26d2
t3,1w8gdcv,user_d9eda1cac3
t3,1w8gahs,user_61c17cfebc
t3,1w8g21u,user_ccb6c8a2f5
t3,1w8fq6t,user_31f4b42e1c
t3,1w8fmww,user_ea90302b9f
t3,1w8fhxc,user_d97907529a
t3,1w8fex4,user_8e3e7805b4
t3,1w8f2d6,user_8bf7475c92
t3,1w8epbq,user_462175d439
t3,1w8ep8c,user_45b0bdbc75
t3,1w8ej1v,user_2102890bc0
t3,1w8eijz,user_bb3ffdd406
t3,1w8eiem,user_5e994fbbb3
t3,1w8eht4,user_2686e69505
t3,1w8e742,user_113e0da32c
t3,1w8dvri,user_db7ab5f21d
t3,1w8dpm4,user_ce8735cf7f
t3,1w8ddl2,user_d39a6c0576
t3,1w8db6m,user_012973e424
t3,1w8d7vy,user_f53b5ef8ce
t3,1w8d68c,user_8ccbf98d68
t3,1w8d3xs,user_012973e424
t3,1w8cq5h,user_5f7221a5dc
t3,1w8clhq,user_8d3a03aaba
t3,1w8b8xo,user_616e7fe36c
t3,1w8b630,user_6837ac798c
t3,1w8b5mk,user_995546fd2c
t3,1w8b47u,user_11972610d4
t3,1w8ay8j,user_4609473e2f
t3,1w8apow,user_9c493dffe4
t3,1w8alz3,user_c60a4b4a29
t3,1w8alvp,user_45b0bdbc75
t3,1w8aak9,user_5fdc5443d5
t3,1w8a2rz,user_b24be3a686
t3,1w89p9r,user_36257a8d91
t3,1w89fzt,user_07bf419142
t3,1w89djc,user_c1bc68a7d3
t3,1w896vs,user_fb5c1ec136
t3,1w893z2,user_fb5c1ec136
t3,1w88yal,user_7eeb4e25d2
t3,1w88wb0,user_07c046a2b6
t3,1w886d1,user_19aacefce3
t3,1w87yk7,user_dee7e37760
t3,1w87xw4,user_a3af3cd69d
t3,1w87vpq,user_c9e59ebef8
t3,1w87t91,user_3311098cc0
t3,1w87saf,user_4216ee6bb7
t3,1w87p9c,user_65dd4ec29a
t3,1w87jbt,user_3934f7c16b
t3,1w87j2h,user_ad4e2dea77
t3,1w87flg,user_72ac82e619
t3,1w87b8i,user_09fbbe2cb6
t3,1w874fe,user_96dd86a6f5
t3,1w86wtf,user_d47c916069
t3,1w86qmd,user_3311098cc0
t3,1w86jlx,user_b427cb293b
t3,1w86gxg,user_a7a34c7854
t3,1w86gv8,user_4346bdb3a7
t3,1w867j4,user_432e65f971
t3,1w85yg8,user_041e1f8363
t3,1w85s23,user_eabdab1167
t3,1w85nnq,user_8bf7475c92
t3,1w85mb5,user_c335447c17
t3,1w85e60,user_1088f48c56
t3,1w849xq,user_e6427aeac4
t3,1w849cx,user_1ac307a134
t3,1w83mbr,user_e6427aeac4
t3,1w83l1v,user_6c31c89839
t3,1w83efr,user_c0393fbddf
t3,1w82z61,user_50383b8ee3
t3,1w82uex,user_66ba069bfd
t3,1w82tyd,user_5e4ebd2a40
t3,1w82q2g,user_cfff30cf99
t3,1w82lv5,user_1818d2d6fc
t3,1w82cxx,user_b4ea7ebdb7
t3,1w82cnl,user_a2003d105b
t3,1w82778,user_b4ea7ebdb7
t3,1w81u48,user_8c9df67e4e
t3,1w80v15,user_433b7f0ed8
t3,1w80nd4,user_1fddcd7354
t3,1w80j2x,user_59c933650c
t3,1w80fdt,user_302b54a4c4
t3,1w805k3,user_57e443173f
t3,1w7zio7,user_2a835a4efb
t3,1w7zap4,user_48ac3b366c
t3,1w7zam4,user_4cf3200705
t3,1w7z7c4,user_cda120921e
t3,1w7y8mx,user_8bafbc9f22
t3,1w7y8hw,user_dde4fe8c42
t3,1w7y8ba,user_c14d354438
t3,1w7y515,user_c14d354438
t3,1w7xzss,user_c14d354438
t3,1w7xxhu,user_c14d354438
t3,1w7xt4v,user_fb5c1ec136
t3,1w7xswd,user_c14d354438
t3,1w7xhrk,user_8783c16d80
t3,1w7xffx,user_35c399b5fe
t3,1w7x8gw,user_db1ec48540
t3,1w7x5gn,user_6cada03746
t3,1w7x29z,user_e024fc7b89
t3,1w7wy63,user_3b480475a6
t3,1w7wfdj,user_1901d10e57
t3,1w7wcpq,user_bf283e6a5a
t3,1w7wbej,user_1818d2d6fc
t3,1w7vnnu,user_35c399b5fe
t3,1w7tdk9,user_2a3db4345d
t3,1w7skcu,user_def1b92a0e
t3,1w7rzhg,user_d2ff184b63
t3,1w7ryu3,user_528aff8783
t3,1w7ry9h,user_99c42c3890
t3,1w7rqjw,user_cc83954858
t3,1w7rn9j,user_00eb2934a7
t3,1w7rmjr,user_453c2c9769
t3,1w7qixq,user_f401e6bae6
t3,1w7pxvl,user_45b0bdbc75
t3,1w7pxu9,user_0df362ca6c
t3,1w7pva7,user_e6ec4c6998
t3,1w7pfg2,user_27afabbd88
t3,1w7odeu,user_def1b92a0e
t3,1w7o7ia,user_11308c0b6d
t3,1w7o3cx,user_a3ce2cea4d
t3,1w7nqxq,user_020dc8aa8e
t3,1w7niyl,user_3e82331f7f
t3,1w7nglb,user_25e8325dcf
t3,1w7n81g,user_ff8cedf26c
t3,1w7mlgt,user_6903794850
t3,1w7mesr,user_1a15b60550
t3,1w7lzoj,user_4acee2bf0c
t3,1w7lw9h,user_ce3ef7bf72
t3,1w7lunf,user_c335447c17
t3,1w7lttr,user_c216f77bbe
t3,1w7lsee,user_828b9d4e37
t3,1w7louc,user_3f8d2935c2
t3,1w7liaz,user_9943fd907b
t3,1w7lht9,user_8e77279541
t3,1w7lhnv,user_2c13e04924
t3,1w7ldmq,user_3f8d2935c2
t3,1w7ks72,user_171feb4bf7
t3,1w7jfrb,user_c90b273804
t3,1w7j11v,user_09fbbe2cb6
t3,1w7irim,user_726723325b
t3,1w7ihs5,user_5e1ad87ec0
t3,1w7ibxx,user_aeab86530f
t3,1w7i82m,user_527c06ec4a
t3,1w7hhql,user_aeab86530f
t3,1w7h7pk,user_075e0ab279
t3,1w7h5wr,user_3a8dbed7f5
t3,1w7gwci,user_ae8ee1b3ee
t3,1w7gsmc,user_95492da17f
t3,1w7g3g1,user_7251809a99
t3,1w7fyrb,user_b562dde0ab
t3,1w7fk9u,user_e0342f5af2
t3,1w7fi7k,user_9fc4232f33
t3,1w7feqo,user_aa56d6bde4
t3,1w7f1p2,user_8990aaf91a
t3,1w7f0y7,user_1692e82a82
t3,1w7ey1e,user_63477dcf34
t3,1w7eqc1,user_d182b81ffe
t3,1w7eo0h,user_dd4ab9549d
t3,1w7ekfi,user_3db73fd5e9
t3,1w7ejac,user_37a33a7550
t3,1w7dytq,user_61d5e60cc7
t3,1w7dkzc,user_b1240335ed
t3,1w7dipy,user_b1240335ed
t3,1w7dfrc,user_e620d1749d
t3,1w7dfm0,user_b1240335ed
t3,1w7d9p3,user_b1240335ed
t3,1w7d4sd,user_b1240335ed
t3,1w7ckk6,user_22e65cef04
t3,1w7cja9,user_71c5cd5408
t3,1w7cgzc,user_6f886565db
t3,1w7c6ru,user_25e8325dcf
t3,1w7bwfg,user_b4ea7ebdb7
t3,1w7bweq,user_c3a537cc2c
t3,1w7brn5,user_f4d34897ae
t3,1w7blwa,user_262ed8f561
t3,1w7bk9y,user_a98c449b74
t3,1w7bjop,user_6c31c89839
t3,1w7bj6k,user_b497548612
t3,1w7bet3,user_6c31c89839
t3,1w7bcyx,user_7e751d773b
t3,1w7bcc5,user_fae0c3e89c
t3,1w7b2e5,user_888e15e2c3
t3,1w7awkl,user_3e26366e76
t3,1w7acuv,user_543271a867
t3,1w7acc0,user_1d351341ea
t3,1w7a9f9,user_ce6c073d45
t3,1w79yjl,user_dc22c186d5
t3,1w79w6j,user_6c31c89839
t3,1w79o8h,user_b4ea7ebdb7
t3,1w79hha,user_085da213e6
t3,1w7995k,user_b68d319192
t3,1w791u0,user_b68d319192
t3,1w7912w,user_e889483bb1
t3,1w78p2q,user_12d326a074
t3,1w783or,user_206ba2dd21
t3,1w782i2,user_5c229da702
t3,1w77svg,user_e559d6083e
t3,1w77qaz,user_69415733f9
t3,1w77csz,user_0f3252b845
t3,1w774le,user_940926151e
t3,1w76svs,user_9a27044c51
t3,1w76rws,user_39f63c20fb
t3,1w76poe,user_9a27044c51
t3,1w76lev,user_c956222b75
t3,1w76brv,user_9a27044c51
t3,1w766hv,user_19aacefce3
t3,1w75ylb,user_da40dd1400
t3,1w75n9x,user_1901d10e57
t3,1w75mj6,user_a8002f084a
t3,1w75m7f,user_1e1be478f5
t3,1w75jc2,user_1a1fbae360
t3,1w75h9p,user_1e1be478f5
t3,1w75h7m,user_6cada03746
t3,1w75ekf,user_9a27044c51
t3,1w75bfp,user_9a27044c51
t3,1w759da,user_1901d10e57
t3,1w753wy,user_6fec227157
t3,1w74vd9,user_74166fa44f
t3,1w74ltd,user_8860b20b32
t3,1w74kzm,user_9a27044c51
t3,1w74jui,user_b2e90905dc
t3,1w73g3u,user_e1ed0d7aa7
t3,1w73exo,user_e1ed0d7aa7
t3,1w73dpi,user_8b748bf769
t3,1w731de,user_1901d10e57
t3,1w72udg,user_08197e74d4
t3,1w72jv3,user_da40dd1400
t3,1w72am9,user_0580ee9139
t3,1w71rbk,user_dde4fe8c42
t3,1w71myt,user_e72e63d38f
t3,1w71fyx,user_1901d10e57
t3,1w7173f,user_1fddcd7354
t3,1w70yjm,user_8c97738e65
t3,1w707l3,user_70fb15a4ae
t3,1w700ry,user_1901d10e57
t3,1w6znh1,user_be1b15c13a
t3,1w6z22s,user_a45fb6a539
t3,1w6ytj9,user_2fe83fc83a
t3,1w6ygcj,user_d78f987370
t3,1w6ybb7,user_8e3e7805b4
t3,1w6y3b9,user_a2f4db95a6
t3,1w6y2cg,user_d699ab3fb7
t3,1w6y229,user_68dafdfbe4
t3,1w6x7hq,user_7f310fd434
t3,1w6wyaa,user_2151d2c478
t3,1w6wnsx,user_ebfbc8dff5
t3,1w6wk26,user_339efc8291
t3,1w6wazt,user_d59de6ed5d
t3,1w6vpp4,user_1b23c6fb6d
t3,1w6vgpa,user_b690fcde23
t3,1w6v8c9,user_061524cfb1
t3,1w6v4kr,user_c14d354438
t3,1w6utfo,user_fc445a2906
t3,1w6ur2p,user_1c2c24e855
t3,1w6ulns,user_f5ea1a428a
t3,1w6u8kq,user_16b8f29e09
t3,1w6u5r9,user_714467fa19
t3,1w6u5r4,user_52df37f1e4
t3,1w6ts47,user_25e8325dcf
t3,1w6tpce,user_0641ce0530
t3,1w6tkcz,user_4a83221d15
t3,1w6tev3,user_d10408ba2d
t3,1w6tdqj,user_0e082db3e3
t3,1w6t2jd,user_2a8c1f3e1e
t3,1w6t1gp,user_c0ca70478c
t3,1w6t0m2,user_ac96ddd449
t3,1w6s6u6,user_ff2b779df7
t3,1w6s66y,user_09fbbe2cb6
t3,1w6rvn6,user_b4fb45617a
t3,1w6ruaw,user_8dacdeaa0e
t3,1w6rkky,user_3bd19b8392
t3,1w6rdi1,user_0c527f002f
t3,1w6r5po,user_3d9a1976ca
t3,1w6qwih,user_e1a293caf1
t3,1w6qse9,user_f9b096eb2e
t3,1w6q2wf,user_66a2fd30ce
t3,1w6pzap,user_cee72a67b0
t3,1w6ph0o,user_4346bdb3a7
t3,1w6p677,user_9d4495d512
t3,1w6p3ln,user_57cd7e0728
t3,1w6p22n,user_baa86e4950
t3,1w6owap,user_4346bdb3a7
t3,1w6oslu,user_4346bdb3a7
t3,1w6osh2,user_726723325b
t3,1w6orl4,user_f3ce74e7eb
t3,1w6oocw,user_184ace4308
t3,1w6oc60,user_d2ff184b63
t3,1w6o5s5,user_33aa44438c
t3,1w6ngbc,user_b0e1847641
t3,1w6ncgg,user_78a31f738a
t3,1w6na0v,user_78a31f738a
t3,1w6n7zw,user_f6a85b97c6
t3,1w6mz92,user_bb68076c16
t3,1w6my8q,user_9fae4330b8
t3,1w6muab,user_d0b9717799
t3,1w6mpfa,user_52b01c12f7
t3,1w6mimm,user_4a327284be
t3,1w6mf0m,user_3cb175c1e7
t3,1w6me7n,user_092f64558a
t3,1w6mdnm,user_4a327284be
t3,1w6m7sw,user_09fbbe2cb6
t3,1w6m6q1,user_6c92854c12
t3,1w6m2k0,user_4ec9c7fd1b
t3,1w6m0nh,user_93a8204ef1
t3,1w6lxqm,user_1e39a6f92f
t3,1w6lkiy,user_57cd7e0728
t3,1w6ldkn,user_dcb9c6641c
t3,1w6l8ec,user_656cd12c69
t3,1w6l44l,user_3cb175c1e7
t3,1w6kinf,user_b6bce74fb2
t3,1w6jnb8,user_a45fb6a539
t3,1w6j3k1,user_aaee4fbbb3
t3,1w6ibe7,user_ae0c5b909d
t3,1w6i7ja,user_a2dc52ffcb
t3,1w6i3fl,user_f365bfe52c
t3,1w6hvut,user_4e9a3f8e74
t3,1w6hvqv,user_9febf18a80
t3,1w6huqs,user_2f1f16d8dd
t3,1w6huh2,user_82ce119815
t3,1w6hozc,user_5520efc095
t3,1w6hbt2,user_1de1547891
t3,1w6h7e5,user_5447cc5ea5
t3,1w6h6uq,user_b1240335ed
t3,1w6gunq,user_b1240335ed
t3,1w6gta2,user_b1240335ed
t3,1w6gry8,user_8ae782ac51
t3,1w6gqaq,user_35a09b1daa
t3,1w6goba,user_fa523c5a66
t3,1w6gnwy,user_b1240335ed
t3,1w6gldm,user_b1240335ed
t3,1w6gj4r,user_b1240335ed
t3,1w6gf80,user_b1240335ed
t3,1w6geiy,user_b1240335ed
t3,1w6gclb,user_b1240335ed
t3,1w6g0qw,user_b1240335ed
t3,1w6ft8y,user_371799b2c8
t3,1w6fqes,user_9c87bccf29
t3,1w6fp5m,user_171feb4bf7
t3,1w6fa75,user_b7ed67f33d
t3,1w6ey3s,user_da40dd1400
t3,1w6er1m,user_3cd3e943ac
t3,1w6eo8n,user_9fdaccec7c
t3,1w6eg39,user_f696a015db
t3,1w6ebwq,user_09fbbe2cb6
t3,1w6duk1,user_90b60460b6
t3,1w6dnyl,user_256a2431ea
t3,1w6dgk1,user_a10854a822
t3,1w6dfxe,user_6ffd0bd5ad
t3,1w6d1a3,user_b5eb0eeb35
t3,1w6d073,user_b5eb0eeb35
t3,1w6cxas,user_2e75ed3d1b
t3,1w6cjvn,user_5447cc5ea5
t3,1w6cfkp,user_da40dd1400
t3,1w6c3mo,user_c60a4b4a29
t3,1w6bx1e,user_097638af0b
t3,1w6bsjc,user_e53cd5e13c
t3,1w6bmtd,user_2102890bc0
t3,1w6bbbg,user_dc1d889c3b
t3,1w6alr0,user_9fdaccec7c
t3,1w6adn5,user_c14d354438
t3,1w69xdw,user_1088f48c56
t3,1w694hi,user_9a27044c51
t3,1w68ofd,user_9a27044c51
t3,1w68ivm,user_8860b20b32
t3,1w67yp0,user_f2c0d6ee6a
t3,1w67xqz,user_6c31c89839
t3,1w67jyn,user_7005d248a2
t3,1w67f3x,user_bf2babca1c
t3,1w67e57,user_09fbbe2cb6
t3,1w67c7q,user_da40dd1400
t3,1w678i6,user_ab9589854f
t3,1w675lx,user_83e5328bbd
t3,1w670ar,user_a76d299b20
t3,1w66yj6,user_a76d299b20
t3,1w66eav,user_1ddec90caa
t3,1w664hi,user_0db8ab1583
t3,1w662qg,user_1fddcd7354
t3,1w660ov,user_1901d10e57
t3,1w65chh,user_1fddcd7354
t3,1w654y6,user_bf17ec2ae8
t3,1w652e6,user_b375d45880
t3,1w64vfo,user_9fb44d02c8
t3,1w64uhb,user_1901d10e57
t3,1w64u8e,user_5dc97d06af
t3,1w64rm3,user_72e0e3dc23
t3,1w64q8f,user_8c547e0e38
t3,1w64id9,user_1eaca66598
t3,1w64exh,user_e1eee58559
t3,1w642y1,user_afa3783ef9
t3,1w6412i,user_f1c8319069
t3,1w63zc8,user_b562dde0ab
t3,1w63ama,user_9655581927
t3,1w632uz,user_ff89c92032
t3,1w62vao,user_a45fb6a539
t3,1w62d2j,user_9598dae70b
t3,1w61ybv,user_a574b74b16
t3,1w61aii,user_da7868be57
t3,1w60pby,user_b9a9e5caa8
t3,1w60l0b,user_1d076905eb
t3,1w60ga0,user_9fdaccec7c
t3,1w60bh5,user_f206b017ae
t3,1w606uv,user_c20197852c
t3,1w601ph,user_1d0f2dee4f
t3,1w5zuiw,user_78aeef098d
t3,1w5zti4,user_2dbffad4df
t3,1w5zsr9,user_da40dd1400
t3,1w5zjbh,user_8990aaf91a
t3,1w5yz38,user_24e47c0b91
t3,1w5yk51,user_97caf21091
t3,1w5y5zr,user_41f4cd1fe2
t3,1w5xw1m,user_d173395b9f
t3,1w5xqyl,user_ad4510ad4f
t3,1w5x1nj,user_7ce84adcca
t3,1w5wknz,user_157b6ed505
t3,1w5wjua,user_ffd4c21eb1
t3,1w5vult,user_51929306be
t3,1w5vo5i,user_51929306be
t3,1w5vdti,user_4a327284be
t3,1w5vcvx,user_4a327284be
t3,1w5v7w1,user_4a327284be
t3,1w5v5l8,user_09fbbe2cb6
t3,1w5uze4,user_726723325b
t3,1w5uq9s,user_85598c9535
t3,1w5ud5h,user_0da2815f9a
t3,1w5u9id,user_b68d319192
t3,1w5u6yz,user_f6989822c5
t3,1w5u6uf,user_979071cc82
t3,1w5ts4o,user_81fe09a2d6
t3,1w5tbk2,user_09fbbe2cb6
t3,1w5t9u5,user_1000ac9385
t3,1w5t26p,user_29fd8adb56
t3,1w5srsw,user_181e30ae7d
t3,1w5sp6w,user_55afecb64c
t3,1w5slew,user_1901d10e57
t3,1w5seo1,user_f2c0d6ee6a
t3,1w5rvqk,user_23acbe3e8a
t3,1w5rqsn,user_1901d10e57
t3,1wuka4f,user_f425eded13
t3,1wuk6ho,user_84a0a93765
t3,1wuk313,user_84a0a93765
t3,1wuj0vl,user_aa60f0b987
t3,1wuizni,user_aa60f0b987
t3,1wuigpe,user_1382992f34
t3,1wui01u,user_af078de613
t3,1wuh8ab,user_09563e04ef
t3,1wuh4wm,user_af078de613
t3,1wugf0z,user_e4481eccf6
t3,1wufzrf,user_db3457bb85
t3,1wufyy5,user_db3457bb85
t3,1wufwj4,user_5447cc5ea5
t3,1wuferu,user_2bb284034f
t3,1wuf46j,user_6c31c89839
t3,1wuf2ga,user_726d21c8f8
t3,1wuexg5,user_af078de613
t3,1wudato,user_75a4b0145d
t3,1wud8qp,user_0996a8e7cc
t3,1wucxhd,user_d49aef0d13
t3,1wuckbf,user_72c001beeb
t3,1wubhba,user_b2dc4ceb01
t3,1wubej9,user_90a884da31
t3,1wub7r2,user_90a884da31
t3,1wub6hk,user_7a8c19a476
t3,1wub1ul,user_c50269fde3
t3,1wu9ogs,user_d3dc8bbf9c
t3,1wu9m8p,user_8416d63ec9
t3,1wu9g82,user_ec6f7a04b2
t3,1wu90mc,user_fe8673c736
t3,1wu74ky,user_af078de613
t3,1wu6kk3,user_8a9d1ed3ce
t3,1wu5cy3,user_820a1daaf9
t3,1wu4u83,user_b718ba318f
t3,1wu4qs1,user_b718ba318f
t3,1wu41k9,user_fd621833dd
t3,1wu3594,user_7a8c19a476
t3,1wu337y,user_4b4533e878
t3,1wu1tjs,user_0344d98d6a
t3,1wu1270,user_7a8c19a476
t3,1wu0z7s,user_409d0beea6
t3,1wu0bc6,user_342941eec7
t3,1wtyyl7,user_4d69a6e24d
t3,1wty6k0,user_c42edb25ee
t3,1wty1gk,user_c42edb25ee
t3,1wtx6cd,user_d29c0c2fe0
t3,1wtx1uy,user_04450c5b1e
t3,1wtwwzm,user_9ffad412c6
t3,1wtwlyu,user_42a66941fd
t3,1wtw6bf,user_5a5ff7b81b
t3,1wtvgf6,user_af078de613
t3,1wttgwy,user_4e9346f61e
t3,1wtt4q8,user_21fa7d0ee3
t3,1wtscuu,user_b5d0572245
t3,1wts9qq,user_3411f39029
t3,1wts4kb,user_3411f39029
t3,1wtrubh,user_2b1efbb79d
t3,1wtrt3v,user_6ed54d5aef
t3,1wtri77,user_414b0348d6
t3,1wtrgac,user_004edf67d9
t3,1wtrcne,user_c10cb90d1f
t3,1wtr2uw,user_b718ba318f
t3,1wtqw2t,user_b718ba318f
t3,1wtqiqf,user_96a36389b7
t3,1wtp3r6,user_5e994fbbb3
t3,1wtmjfx,user_4b53d5500c
t3,1wtmdaz,user_c273db3f8a
t3,1wtm5dd,user_815f37222f
t3,1wtlval,user_4d69a6e24d
t3,1wtlsnn,user_f22ea233e2
t3,1wtlpbw,user_af078de613
t3,1wtleta,user_c7d271b0ca
t3,1wtjqj6,user_f6f5721949
t3,1wtjpsj,user_db3457bb85
t3,1wtjnw8,user_21e55e8d51
t3,1wtj78r,user_ae176b84f7
t3,1wthqyv,user_af078de613
t3,1wthnvm,user_95bc371cde
t3,1wtgwhs,user_f726df110a
t3,1wtglds,user_55da5ab8d5
t3,1wtgk97,user_1e33729d69
t3,1wtg7gs,user_f52e10bc6c
t3,1wtfuxs,user_b7738a48c3
t3,1wtfk51,user_cdc6bfff62
t3,1wtf6s1,user_9e1edafd59
t3,1wteus0,user_cb3539da9f
t3,1wtet9k,user_7a8c19a476
t3,1wteqsh,user_42a66941fd
t3,1wteitg,user_9a27044c51
t3,1wtecgm,user_15d9d2ae81
t3,1wte31j,user_98b5f74929
t3,1wtdpms,user_e7fe49ab87
t3,1wtdhb0,user_636f8bd954
t3,1wtcfi9,user_1f0233fc19
t3,1wtbv2j,user_990fbabc06
t3,1wtar88,user_10d7bd1044
t3,1wta8ld,user_97af7ccb00
t3,1wta3w2,user_43d0234cfa
t3,1wt9y6r,user_af078de613
t3,1wt9xso,user_98b5f74929
t3,1wt9nuc,user_b5b837dff3
t3,1wt8xc8,user_56fb83f597
t3,1wt8t43,user_910141531e
t3,1wt81rf,user_6baea0e37f
t3,1wt80e3,user_5a1deaee65
t3,1wt7kw6,user_9c614dee88
t3,1wt7i5b,user_eef320c7ff
t3,1wt6sno,user_76c736baf2
t3,1wt50do,user_bb6aa996b1
t3,1wt505p,user_fdcbdf3375
t3,1wt4mxg,user_e37052d782
t3,1wt476s,user_ffdfc4e58f
t3,1wt36tz,user_436a67296a
t3,1wt2z2m,user_6113a7636f
t3,1wt2pd4,user_af7ea651ee
t3,1wt0k36,user_db3457bb85
t3,1wt029y,user_b4154ebd41
t3,1wt01gh,user_7a8c19a476
t3,1wszghi,user_ffd4c21eb1
t3,1wsz88z,user_60c41c3af7
t3,1wsyv46,user_b62aeab219
t3,1wsysu1,user_cc0939788a
t3,1wsyj5y,user_c273db3f8a
t3,1wsyhc0,user_f726df110a
t3,1wsy96y,user_969dca125a
t3,1wsy2up,user_d9496cd355
t3,1wsy2fi,user_b2516dabd9
t3,1wsws29,user_6fa80b1b53
t3,1wsw02z,user_d20595275c
t3,1wsv12r,user_33d393242a
t3,1wsur6k,user_4c4542c4bf
t3,1wsuf1g,user_c273db3f8a
t3,1wsubls,user_820a1daaf9
t3,1wstz6t,user_d69fdfae2c
t3,1wstagq,user_820a1daaf9
t3,1wst4l1,user_1846e7ec8d
t3,1wst1ac,user_7bd2d78858
t3,1wss5ba,user_820a1daaf9
t3,1wsrs0p,user_558f5a5718
t3,1wsrme4,user_8c5ea20f1d
t3,1wsrkq7,user_c273db3f8a
t3,1wsq502,user_af078de613
t3,1wspo0c,user_22a49d40e0
t3,1wsnimh,user_a54ed0fd43
t3,1wsn7t6,user_97af7ccb00
t3,1wslx3h,user_b7950fc9ca
t3,1wslwex,user_ef2db1aa85
t3,1wslu6i,user_97af7ccb00
t3,1wslh91,user_79c04e393c
t3,1wskmem,user_12b5c593fc
t3,1wskh9r,user_42ec2cb808
t3,1wsjcew,user_f949dc75cd
t3,1wsj6oy,user_7a8c19a476
t3,1wsil03,user_31a08c7614
t3,1wsihxm,user_31a08c7614
t3,1wsib8d,user_31a08c7614
t3,1wsi4x4,user_ef1225d867
t3,1wshvhw,user_5313abf59e
t3,1wshv7l,user_4120437bd8
t3,1wsho76,user_890298bc96
t3,1wshklh,user_e137c02e77
t3,1wsgrby,user_c74482dee2
t3,1wsfrgh,user_e56ee948e7
t3,1wsfpla,user_f8ddcf7813
t3,1wsfjn0,user_f8ddcf7813
t3,1wsfcxk,user_e5b0c076db
t3,1wsf86e,user_7a8c19a476
t3,1wsd936,user_162ae5b88c
t3,1wscym3,user_4ea17129ba
t3,1wsbkwr,user_b40468c847
t3,1wsbkg1,user_77e02508b6
t3,1wsaopv,user_e37052d782
t3,1wsagv5,user_17628d4ac3
t3,1wsadfv,user_f52e10bc6c
t3,1ws82me,user_3cf04c441e
t3,1ws7jld,user_ebe0f467f6
t3,1ws73wc,user_75df09b8da
t3,1ws6sro,user_dc03405f50
t3,1ws6khs,user_c9553eab2d
t3,1ws6699,user_16c52cd297
t3,1ws47lk,user_3357a2bc61
t3,1ws3j1h,user_f9ee838205
t3,1ws2p8m,user_5da58b24cb
t3,1ws2acu,user_db3457bb85
t3,1ws25ts,user_77e4739960
t3,1ws20ie,user_04450c5b1e
t3,1ws20fl,user_2efe4c3a29
t3,1ws1wn4,user_06b17fad77
t3,1ws0w05,user_73451d2192
t3,1ws0v3e,user_22f76935e7
t3,1wrzzfy,user_cb3539da9f
t3,1wrzy77,user_15d9d2ae81
t3,1wrzxke,user_04450c5b1e
t3,1wryqgc,user_7bd2d78858
t3,1wrvasx,user_4d9957b356
t3,1wrv1ao,user_d4a618f0cc
t3,1wruc4n,user_77e02508b6
t3,1wrtt96,user_0b399f04b2
t3,1wrtrs8,user_0b399f04b2
t3,1wrtp2u,user_0399fc87fa
t3,1wrtmjt,user_d8f6d2e1f6
t3,1wrtl48,user_8d09a2c679
t3,1wrthg9,user_b5e40b5b94
t3,1wrt4ne,user_b6676cf171
t3,1wrsl8k,user_b2e90905dc
t3,1wrrrkk,user_f52e10bc6c
t3,1wrroin,user_959356f2dc
t3,1wrrmtz,user_a047907186
t3,1wrr7p1,user_1e33729d69
t3,1wrqb0d,user_da97a96370
t3,1wrporw,user_5313abf59e
t3,1wrpno0,user_6d98910964
t3,1wrp9qr,user_7f2ac59622
t3,1wrnx7s,user_bc2d5791a2
t3,1wrnw8j,user_d71c3c87b1
t3,1wrmuvx,user_522858c952
t3,1wrko6g,user_f43a939ce9
t3,1wrizwn,user_dc38b264d2
t3,1wriwpw,user_2ae34fd782
t3,1wrisb0,user_70194e04c7
t3,1wriety,user_3411f39029
t3,1wrgnrl,user_ee76d155a3
t3,1wrghf8,user_ee76d155a3
t3,1wrg47z,user_a34cf5e9c9
t3,1wrfrcr,user_69a3b9e4de
t3,1wrf4dq,user_513f290be9
t3,1wrdzx8,user_a4864af44e
t3,1wrdv8g,user_2d36b153d3
t3,1wrdrfk,user_6fb65a9a89
t3,1wrdb2u,user_2e33feeb10
t3,1wrd58c,user_19ba67a993
t3,1wrbubz,user_262cdce221
t3,1wrbfu2,user_6c222b3ad8
t3,1wrb64a,user_d56923db3e
t3,1wrat2a,user_3b0509c3a4
t3,1wraqus,user_7a8c19a476
t3,1wracy7,user_0395c6d88a
t3,1wra0l3,user_3411f39029
t3,1wr9yiv,user_3411f39029
t3,1wr9xac,user_3411f39029
t3,1wr98vr,user_c953ba84a6
t3,1wr9822,user_1520ab709e
t3,1wr8ciw,user_e0eebcfb08
t3,1wr68za,user_af078de613
t3,1wr5y8g,user_72aa9239ac
t3,1wr4cr2,user_49cb891cb3
t3,1wr43f3,user_2c4cf813a4
t3,1wr41be,user_ba63b734ba
t3,1wr411z,user_49cb891cb3
t3,1wr1d4q,user_37639ed58a
t3,1wr1c7p,user_7f00dd6632
t3,1wr0rfz,user_af078de613
t3,1wr0dur,user_3d055c4ccf
t3,1wr09av,user_6c31c89839
t3,1wr04bo,user_497eaca185
t3,1wqzuuv,user_2fa5b62513
t3,1wqzijv,user_21fa7d0ee3
t3,1wqz6ku,user_b325ed8a55
t3,1wqytlk,user_0a7c0b03b5
t3,1wqy5y3,user_330164ea9c
t3,1wqxnpn,user_5447cc5ea5
t3,1wqxj8f,user_331f66d25a
t3,1wqxb4y,user_4d004f2555
t3,1wqwam8,user_aafdf5ff78
t3,1wqw4f5,user_15d9d2ae81
t3,1wqw1ku,user_15d9d2ae81
t3,1wqw139,user_1b7a1c8824
t3,1wqw0tu,user_15d9d2ae81
t3,1wqvznc,user_52fcbc6f39
t3,1wqvref,user_516da9c188
t3,1wquof9,user_5313abf59e
t3,1wquipu,user_3be715c486
t3,1wqufkg,user_3b78dac076
t3,1wqttyz,user_1370754381
t3,1wqtjdy,user_7fd729dd53
t3,1wqtifv,user_7fd729dd53
t3,1wqsz5q,user_5638e49cb7
t3,1wqsx9i,user_7a8c19a476
t3,1wqskk0,user_4872c820d8
t3,1wqsiw4,user_7a8c19a476
t3,1wqsi3w,user_07380ce2ef
t3,1wqrzmz,user_4c5f026a31
t3,1wqrypv,user_7a8c19a476
t3,1wqrxvp,user_7a8c19a476
t3,1wqrgv4,user_43d0234cfa
t3,1wqqehl,user_ffdfc4e58f
t3,1wqqd6x,user_20c2747722
t3,1wqq24o,user_11f906d733
t3,1wqpf1q,user_9b7b1da0d0
t3,1wqofj3,user_8de9c0cff3
t3,1wqoejv,user_8a336dbe0e
t3,1wqo4gy,user_59fa8c815a
t3,1wqmslg,user_9fdaccec7c
t3,1wqlcd2,user_2205f7b469
t3,1wqkhvs,user_5dc97d06af
t3,1wqjksn,user_71f4d47f2c
t3,1wqhvub,user_af078de613
t3,1wqhlv0,user_af078de613
t3,1wqgu6g,user_43cf1eb426
t3,1wqgstz,user_43cf1eb426
t3,1wqg408,user_14cfb28b3a
t3,1wqf3se,user_4ffd712036
t3,1wqelxa,user_7a8c19a476
t3,1wqdqcx,user_3e7d2fb5db
t3,1wqd71a,user_1f3a14808f
t3,1wqd6ht,user_b5d0572245
t3,1wqc145,user_d78f987370
t3,1wqb47m,user_3b8ff1510c
t3,1wqaz3j,user_9bfcd8434c
t3,1wqalqa,user_42a66941fd
t3,1wqae8s,user_abb150ce7b
t3,1wqa07o,user_89df3d206c
t3,1wq9u1d,user_b4628cb606
t3,1wq9eqc,user_b46042880b
t3,1wq98og,user_89df3d206c
t3,1wq939s,user_858bb76ec1
t3,1wq912u,user_901be54d4c
t3,1wq6ztk,user_f758420bde
t3,1wq6lsz,user_8de9c0cff3
t3,1wq6euq,user_526ddbdc67
t3,1wq66i5,user_c131fdb569
t3,1wq5xpk,user_06fe035cb4
t3,1wq5va9,user_633d3260b3
t3,1wq52ut,user_7aa813ec91
t3,1wq4vph,user_03cfc74abf
t3,1wq45tr,user_18fc1b7757
t3,1wq3rkw,user_b325ed8a55
t3,1wq3ig2,user_42a66941fd
t3,1wq2tak,user_7a8c19a476
t3,1wq2qad,user_7a8c19a476
t3,1wq2nyg,user_96e71da43d
t3,1wq2m8i,user_8de9c0cff3
t3,1wq2il3,user_96e71da43d
t3,1wq2f2d,user_f4e9e7cb65
t3,1wq28w9,user_500fdc09e6
t3,1wq262i,user_9b9d359ad0
t3,1wq20yz,user_21e55e8d51
t3,1wq1bnk,user_fe4704ea55
t3,1wq17mp,user_7bd2d78858
t3,1wq0pyz,user_3411f39029
t3,1wq0miw,user_3411f39029
t3,1wpzp6g,user_7a8c19a476
t3,1wpyko9,user_dfc19072b2
t3,1wpy734,user_3f4b5ca428
t3,1wpxzw1,user_cccf3c781e
t3,1wpxdwo,user_057be5441d
t3,1wpwxe4,user_69a3b9e4de
t3,1wpwae7,user_74631e9af4
t3,1wpw5va,user_7281809738
t3,1wpv3ul,user_8a336dbe0e
t3,1wpu4ak,user_15d9d2ae81
t3,1wpu1yq,user_727235e7b8
t3,1wpss38,user_7a8c19a476
t3,1wpsr9j,user_7a8c19a476
t3,1wpr5pj,user_bdb7681f9f
t3,1wpq7qs,user_d6d98203eb
t3,1wppywo,user_e268879a62
t3,1wppyt8,user_959a673b29
t3,1wpprtu,user_b180c32f65
t3,1wppmpi,user_89b4991ae6
t3,1wpp58f,user_63cb294229
t3,1wpp0u5,user_2ed3ad8980
t3,1wpnhaq,user_27dbdf74fd
t3,1wpnf44,user_6c222b3ad8
t3,1wpmzwu,user_4b4533e878
t3,1wpmutl,user_4b4533e878
t3,1wpmnzg,user_27dbdf74fd
t3,1wpmj9r,user_27dbdf74fd
t3,1wpmc44,user_f233200bab
t3,1wpm436,user_1081690901
t3,1wplsf5,user_109a5aaa27
t3,1wpkxxz,user_22f76935e7
t3,1wpkvs8,user_cf8f7cc42d
t3,1wpjzuf,user_a8e085840f
t3,1wpjwiv,user_5eb7623ff7
t3,1wpjsi9,user_13d26d02bb
t3,1wpizcf,user_9a152a8f57
t3,1wpir15,user_f4e9e7cb65
t3,1wpi5jf,user_7a8c19a476
t3,1wphspj,user_c1392a569e
t3,1wph34h,user_215c533913
t3,1wpgvjq,user_62e781d2c3
t3,1wpgqa8,user_cbdc86aff0
t3,1wpfbgl,user_0d58e9412e
t3,1wpf9xn,user_7fd729dd53
t3,1wpf1g5,user_fb45f20193
t3,1wpeyem,user_661cb3e03d
t3,1wperwd,user_b8a1d2ffcf
t3,1wpe2li,user_bfe2f9e6eb
t3,1wpcqwq,user_12ea30b5ae
t3,1wpcg7h,user_ba32a26345
t3,1wpc22z,user_f293c99357
t3,1wpc06r,user_778fdfd522
t3,1wpbqt3,user_f1d817b966
t3,1wpbo2s,user_b8f19c00a1
t3,1wpb2qy,user_9d80a25e37
t3,1wpb0nj,user_4fed8f3a3f
t3,1wp9tip,user_d5258b8eb7
t3,1wp9ejb,user_2b78f93a3d
t3,1wp979f,user_723a9ee3e8
t3,1wp94hh,user_8b6cb88862
t3,1wp8wp1,user_138ebd46b5
t3,1wp8rme,user_c273db3f8a
t3,1wp88n8,user_af078de613
t3,1wp87pb,user_4b4533e878
t3,1wp86lf,user_bce1446b20
t3,1wp7r95,user_1e1cbd1d3a
t3,1wp6xhh,user_fd048962c2
t3,1wp62nx,user_4b4533e878
t3,1wp5zhv,user_99b182119b
t3,1wp5p3k,user_7a8c19a476
t3,1wp5jji,user_f4b0eb85f2
t3,1wp4zbx,user_7ad1dfa0ec
t3,1wp4a35,user_1e33729d69
t3,1wp3tuu,user_8b6cb88862
t3,1wp38mf,user_6c31c89839
t3,1wp2yux,user_c5eff9d083
t3,1wp2xgs,user_af078de613
t3,1wp2og2,user_fd02ca5c6f
t3,1wp29u1,user_807161df2d
t3,1wp22dh,user_894bba4cd9
t3,1wp1z6p,user_f52e10bc6c
t3,1wp1t1w,user_443cc3d6c6
t3,1wp0zg2,user_8ef12951b3
t3,1wp0xut,user_6c31c89839
t3,1wp0c92,user_43d0234cfa
t3,1wp087c,user_b57b6879ea
t3,1wp03qn,user_43d0234cfa
t3,1woz62o,user_5df781e228
t3,1woy22c,user_b2b41494f7
t3,1woxz7y,user_e6232d233e
t3,1wouz4t,user_15d9d2ae81
t3,1woummv,user_8d2b19d86d
t3,1wouagf,user_436a67296a
t3,1wotpbj,user_f95c0399c2
t3,1woti7v,user_07e9be6eec
t3,1woszal,user_8e3e7805b4
t3,1wosvwo,user_c1392a569e
t3,1wosp9w,user_f52e10bc6c
t3,1wos7ss,user_f52e10bc6c
t3,1woqz8n,user_436a67296a
t3,1woqlvx,user_21fa7d0ee3
t3,1wopmcu,user_10677ef27e
t3,1wop32r,user_4ed91ed25b
t3,1woov8f,user_c2b3a85dbe
t3,1woorbq,user_bed8956698
t3,1woo3nq,user_5056171117
t3,1wonaji,user_84a0a93765
t3,1wona3m,user_4589988bea
t3,1won5vp,user_4589988bea
t3,1womx0h,user_4589988bea
t3,1womvt9,user_2005e51e43
t3,1wommhr,user_b72fa06dc2
t3,1womcd9,user_594c85f4a4
t3,1woly3e,user_8b17a8bc04
t3,1wolrcv,user_af078de613
t3,1wolbg4,user_d47d0df8f6
t3,1wokw5o,user_1088f48c56
t3,1wokadd,user_15f277a3e4
t3,1wojcmv,user_3a64cedcd7
t3,1woiqgn,user_7a8c19a476
t3,1woiofa,user_1eee8d8911
t3,1woihki,user_a5e3935954
t3,1woi657,user_1979f9b831
t3,1wohkw7,user_0696788046
t3,1wogx2y,user_ec385aa92b
t3,1wogg7t,user_060993f661
t3,1wog0ca,user_15d9d2ae81
t3,1wofsmi,user_15d9d2ae81
t3,1wofm5l,user_ba32a26345
t3,1wofcvv,user_c5a81bd1b6
t3,1wofcj8,user_236d0332d5
t3,1wof9cz,user_5eca9b3db8
t3,1wof80w,user_3cdb0a2b24
t3,1woev54,user_af078de613
t3,1woeaki,user_f1d817b966
t3,1woe4ys,user_9ad05f3c61
t3,1wodkpo,user_04450c5b1e
t3,1wodh1c,user_75d14f88f0
t3,1wod4ke,user_8b731bb6f3
t3,1wod42t,user_efc7a01d58
t3,1wocwht,user_af078de613
t3,1wobpf2,user_7a8c19a476
t3,1wobodc,user_db3457bb85
t3,1wobf51,user_84d5a3416b
t3,1wobe8w,user_84d5a3416b
t3,1wob1xq,user_af078de613
t3,1woaq32,user_e37052d782
t3,1woals2,user_9b26719aaf
t3,1woa331,user_b8fb4b5862
t3,1wo9xqa,user_7a8c19a476
t3,1wo9qij,user_6c31c89839
t3,1wo9ocd,user_43d0234cfa
t3,1wo7ric,user_d973a0f11a
t3,1wo7i11,user_7aa813ec91
t3,1wo758c,user_f6883fb727
t3,1wo5dxt,user_20ca115a60
t3,1wo4ik1,user_1677e66185
t3,1wo4b5e,user_11f906d733
t3,1wo43gt,user_7a8c19a476
t3,1wo397u,user_74631e9af4
t3,1wo36ao,user_0fcaab824d
t3,1wo31ri,user_09933885bb
t3,1wo2non,user_87979a1aa7
t3,1wo2k3q,user_5dc97d06af
t3,1wo24il,user_06d38eb5ee
t3,1wo1s8u,user_9a27044c51
t3,1wo1nap,user_95fb464c27
t3,1wo1ll0,user_95fb464c27
t3,1wo175f,user_820a1daaf9
t3,1wo16j0,user_147d37095c
t3,1wo0zn9,user_6493c51911
t3,1wo09gk,user_ace333824a
t3,1wo022g,user_3411f39029
t3,1wnzy98,user_d973a0f11a
t3,1wnzmg4,user_9500a54e0f
t3,1wnz54u,user_f540903fe5
t3,1wny31u,user_f52e10bc6c
t3,1wnxx6e,user_07911c2897
t3,1wnxprq,user_f52e10bc6c
t3,1wnwloo,user_93e1a8ea84
t3,1wnwki1,user_99b182119b
t3,1wnwdct,user_936e97f6c9
t3,1wnvx64,user_42a66941fd
t3,1wnvu5f,user_2ea8222e31
t3,1wnugha,user_1e33729d69
t3,1wnu6sk,user_43d0234cfa
t3,1wntxb4,user_97f0660490
t3,1wntwlu,user_8b7580741e
t3,1wnt4x5,user_2fa63a43e0
t3,1wnsu2u,user_4ea17129ba
t3,1wnsttf,user_15d9d2ae81
t3,1wnsg4e,user_5dc97d06af
t3,1wns52w,user_5dc97d06af
t3,1wns29l,user_95193552e4
t3,1wns1gk,user_95193552e4
t3,1wnr8ha,user_47c2018038
t3,1wnr4o1,user_c11a08e513
t3,1wnqr8e,user_af078de613
t3,1wnqjjm,user_893cc847cc
t3,1wnpob3,user_a1b71a77f9
t3,1wnpj7t,user_4c7b119ec3
t3,1wnobom,user_af078de613
t3,1wno3xc,user_0587b1169f
t3,1wnnn4z,user_84a0a93765
t3,1wnndoy,user_b49f55e590
t3,1wnnb5h,user_aaab42efcc
t3,1wnmwyi,user_f9da9f8d91
t3,1wnmi4b,user_84a0a93765
t3,1wnlhqv,user_e943e2e8d1
t3,1wnkl6x,user_3356a36a65
t3,1wnkk6q,user_84a0a93765
t3,1wnkgk9,user_6bc1adcf79
t3,1wnkb8x,user_84a0a93765
t3,1wnkaxo,user_c273db3f8a
t3,1wnk2zs,user_ffd4c21eb1
t3,1wnj4jc,user_c12893af9a
t3,1wniyha,user_da97a96370
t3,1wnigli,user_3f97ad9ad7
t3,1wnh81i,user_77e02508b6
t3,1wnh0ut,user_c522e82c7a
t3,1wnh0u1,user_9d168b44f6
t3,1wnga2t,user_af078de613
t3,1wner2a,user_cc0939788a
t3,1wneq3n,user_1088f48c56
t3,1wneoim,user_1088f48c56
t3,1wnek2s,user_40a992c504
t3,1wnec6i,user_5313abf59e
t3,1wne18o,user_bce1446b20
t3,1wndp6t,user_6b786b9c33
t3,1wndml1,user_bfae900502
t3,1wndh2s,user_bfae900502
t3,1wnd9qt,user_929326932e
t3,1wnd211,user_f6f531b9c3
t3,1wnc3h8,user_056784738c
t3,1wnbnha,user_19dde04857
t3,1wnb9sx,user_9bfcd8434c
t3,1wna2qg,user_7a8c19a476
t3,1wn9thn,user_43d0234cfa
t3,1wn9iah,user_fe8673c736
t3,1wn90uq,user_9b26719aaf
t3,1wn8kfj,user_6fec227157
t3,1wn8k87,user_68d5e9a545
t3,1wn8bfb,user_43d0234cfa
t3,1wn86w3,user_3a64cedcd7
t3,1wn7khs,user_d19bb0866e
t3,1wn7cuv,user_3411f39029
t3,1wn79bv,user_68d5e9a545
t3,1wn773u,user_2f02cb8494
t3,1wn68zi,user_f13080a6bc
t3,1wn65su,user_058f62318a
t3,1wn61ew,user_3411f39029
t3,1wn5zi3,user_3411f39029
t3,1wn5cba,user_07055e5f41
t3,1wn4gmq,user_68d5e9a545
t3,1wn4bn9,user_68d5e9a545
t3,1wn3cqf,user_f92c98a2d2
t3,1wn29uq,user_9e8de18bfd
t3,1wn25li,user_7bbb77d506
t3,1wn0ore,user_0587b1169f
t3,1wn0cp0,user_d0760256a2
t3,1wmzp3m,user_dfe34d8fa8
t3,1wmzo6n,user_479b81a4a9
t3,1wmziji,user_2e4c9b029b
t3,1wmzfqh,user_b180c32f65
t3,1wmz8ha,user_af078de613
t3,1wmxl1j,user_cce499c706
t3,1wmxgqc,user_8bb5e284f1
t3,1wmwk5l,user_0350791634
t3,1wmwity,user_d8f6f7b910
t3,1wmvr3m,user_7a8c19a476
t3,1wmv3gm,user_04a51c1cb1
t3,1wmus3d,user_13490ffe9d
t3,1wmuq4s,user_0b421249b1
t3,1wmuars,user_479b81a4a9
t3,1wmu1ac,user_3924884207
t3,1wmtnmt,user_fbf1873463
t3,1wmtge7,user_5dc97d06af
t3,1wmtepd,user_67300cca8e
t3,1wmt8ct,user_7acc7f403e
t3,1wmt4m2,user_657cdf9868
t3,1wmsoc8,user_07380ce2ef
t3,1wmsk87,user_51095ec1e4
t3,1wmsb89,user_b25f5a6a57
t3,1wmrzqg,user_a943458de9
t3,1wmrwdh,user_afe4b59512
t3,1wmrpgx,user_7a8c19a476
t3,1wmrjbf,user_ee3eb470b5
t3,1wmqqgg,user_9c614dee88
t3,1wmqlj8,user_3f96d20186
t3,1wmqh3s,user_27eae48a24
t3,1wmqage,user_0c439b7fb4
t3,1wmq59o,user_5b70806353
t3,1wmq2jm,user_e5eab30c98
t3,1wmq16z,user_5b576341bc
t3,1wmpvmw,user_af078de613
t3,1wmputb,user_af078de613
t3,1wmpsn2,user_ba32a26345
t3,1wmppsf,user_d6b64c74fb
t3,1wmpnp2,user_3b8ff1510c
t3,1wmpnek,user_d6b64c74fb
t3,1wmpe6w,user_e8ddf9913a
t3,1wmovbw,user_cd880f5afb
t3,1wmo0be,user_c522e82c7a
t3,1wmnw97,user_2d166cfd26
t3,1wmn35e,user_e231a9a3e3
t3,1wmn19e,user_7bc398ddb3
t3,1wmmtwf,user_21fa7d0ee3
t3,1wmmptz,user_c12893af9a
t3,1wmme44,user_84a0a93765
t3,1wmm1y8,user_90fc5baeeb
t3,1wmlv5d,user_6512d74ee7
t3,1wmluuk,user_eb42c64c0e
t3,1wmltvd,user_43d0234cfa
t3,1wml3wu,user_32f14bf9d6
t3,1wmkmck,user_b21f2ea81f
t3,1wmkfrz,user_acc4d7d2e4
t3,1wmkd35,user_36245fca19
t3,1wmkd0y,user_ae176b84f7
t3,1wmjvrx,user_3b0509c3a4
t3,1wmjqcw,user_51ec9a7a9b
t3,1wmjjcq,user_af078de613
t3,1wmjhe0,user_6b786b9c33
t3,1wmjdez,user_7773b27c7a
t3,1wmiz2a,user_be51555908
t3,1wmiawf,user_ae176b84f7
t3,1wmhxsk,user_9566b94a2c
t3,1wmhc3s,user_c9d2ab8a2d
t3,1wmh6v7,user_15324580d6
t3,1wmgo2w,user_c6d2df5e96
t3,1wmgjis,user_0d3a821799
t3,1wmgfbk,user_9c614dee88
t3,1wmgcbc,user_c226f2d6d4
t3,1wmg9wn,user_c226f2d6d4
t3,1wmg508,user_c226f2d6d4
t3,1wmfxa0,user_af078de613
t3,1wmftj4,user_8bc2fa583b
t3,1wmexy0,user_d8b0dbf9ab
t3,1wmefyp,user_35dcade835
t3,1wme616,user_7a8c19a476
t3,1wmdxur,user_527e1bbb1b
t3,1wmdwvu,user_5313abf59e
t3,1wmd7w2,user_cf2da91c38
t3,1wmbd7u,user_4c64ab6e2b
t3,1wmbb3m,user_b2e90905dc
t3,1wmavvf,user_e28dfc8006
t3,1wmadnd,user_1ab076b2a7
t3,1wmadk8,user_f8ee0a06c9
t3,1wm9qr7,user_4c908954ed
t3,1wm9fqw,user_f6f5721949
t3,1wm95ax,user_545dfb8e9d
t3,1wm8cf2,user_2819dd8940
t3,1wm8a6l,user_8788b6d0bd
t3,1wm862b,user_5b1437a165
t3,1wm7x2a,user_9a27044c51
t3,1wm7uom,user_b56ae45ab1
t3,1wm7edo,user_ce12e27dd7
t3,1wm79bp,user_bc04243f1f
t3,1wm6sy4,user_aecc348e00
t3,1wm6quv,user_68d5e9a545
t3,1wm6k9x,user_2e9099717f
t3,1wm6hey,user_5d6614947e
t3,1wm69xy,user_8813c7e831
t3,1wm5ue3,user_1e33729d69
t3,1wm5oxz,user_306bb8fd34
t3,1wm5ba0,user_158fb47438
t3,1wm51m5,user_d120dc3a60
t3,1wm3vcg,user_35df29d5f7
t3,1wm3878,user_75c8366357
t3,1wm33x2,user_f52e10bc6c
t3,1wm33lj,user_6bd3487f11
t3,1wm324r,user_db3457bb85
t3,1wm2w1b,user_bc1b32f528
t3,1wm2dlv,user_af078de613
t3,1wm2535,user_959356f2dc
t3,1wm1vh3,user_7bd2d78858
t3,1wm1ijm,user_6ab8d8919e
t3,1wm1bn7,user_59286f1586
t3,1wm119z,user_177b8c57d1
t3,1wm0exc,user_af078de613
t3,1wm05fn,user_3de34050fe
t3,1wlzf8j,user_3c1270e5eb
t3,1wlyhtq,user_9ff349b615
t3,1wlye0x,user_73451d2192
t3,1wlydmj,user_43f2b9dd43
t3,1wly4k0,user_279778eece
t3,1wlwglf,user_d8f6f7b910
t3,1wlw9v1,user_93b689e99b
t3,1wltwnc,user_cd59c62519
t3,1wltn5u,user_6ee0e64618
t3,1wltl5f,user_9d896db7a4
t3,1wltbk2,user_0896e49393
t3,1wlt9qv,user_476142bb68
t3,1wlt64i,user_598ce20ec1
t3,1wlt0bh,user_af078de613
t3,1wlscys,user_b2e90905dc
t3,1wls82o,user_f01b1dfd7a
t3,1wlqkgo,user_8c77b12ad0
t3,1wlqa9o,user_5313abf59e
t3,1wlphq0,user_f95c0399c2
t3,1wlowl3,user_c6610002c3
t3,1wlo2jq,user_44d25f6c3a
t3,1wlnoer,user_e2d314e6f8
t3,1wlngoi,user_21fa7d0ee3
t3,1wlna7c,user_da97a96370
t3,1wln8kt,user_7a8c19a476
t3,1wlmfdz,user_68d5e9a545
t3,1wlm4q6,user_0e1788ae60
t3,1wllzc1,user_8fcd03ed3e
t3,1wll546,user_15d9d2ae81
t3,1wlk5ma,user_7b7216ce86
t3,1wliv46,user_15dccad282
t3,1wlh8tz,user_c9f41d53af
t3,1wlgmjz,user_70194e04c7
t3,1wlf3hi,user_98b5f74929
t3,1wlexm8,user_df86552a90
t3,1wlerkm,user_c6610002c3
t3,1wleeo1,user_8fcd03ed3e
t3,1wleax6,user_6ec00e1f54
t3,1wldoey,user_3356a36a65
t3,1wlcvyq,user_3f51199dc2
t3,1wlc1qb,user_f3f2412dcf
t3,1wlbyxt,user_5313abf59e
t3,1wlbxf1,user_105773fd3b
t3,1wlbv1u,user_fd4312eb9d
t3,1wlbrjp,user_2fb8fce0a7
t3,1wlb217,user_6ab8d8919e
t3,1wlawzd,user_d87f279896
t3,1wlamya,user_c829fd7d93
t3,1wlal86,user_6331d74845
t3,1wl9pss,user_d0760256a2
t3,1wl9ff0,user_dda52b9ab0
t3,1wl9cfa,user_c6d2df5e96
t3,1wl94n9,user_f52e10bc6c
t3,1wl8l3l,user_15d9d2ae81
t3,1wl6nzg,user_9cdec6e62e
t3,1wl6ejg,user_256185035b
t3,1wl6av7,user_af078de613
t3,1wl5xn2,user_351cec9702
t3,1wl5kq9,user_6abe077ef1
t3,1wl5kfz,user_6ab8d8919e
t3,1wl4nen,user_52a2f2df96
t3,1wl4gpg,user_c18114a62f
t3,1wl4e58,user_dc1d889c3b
t3,1wl42du,user_e8efa2ad7a
t3,1wl422t,user_3411f39029
t3,1wl3814,user_3411f39029
t3,1wl2uqn,user_127e22c1fe
t3,1wl2ffu,user_15d9d2ae81
t3,1wl2861,user_c91c4fcb72
t3,1wl09tb,user_e137c02e77
t3,1wkzdoz,user_af078de613
t3,1wkz5oe,user_b4dd2956f9
t3,1wkz00l,user_a5790f2981
t3,1wkyze4,user_d47ad989b0
t3,1wkyowq,user_af078de613
t3,1wky8fo,user_2bf74ddf6c
t3,1wkxnbb,user_fb45f20193
t3,1wkxb3m,user_f22ea233e2
t3,1wkwxey,user_9a27044c51
t3,1wkwsvn,user_a92cb34bb1
t3,1wkwn23,user_5ad193da93
t3,1wkvrfr,user_80a7ce062a
t3,1wkv5q8,user_af078de613
t3,1wku829,user_d6cdc7c62a
t3,1wkt25s,user_a5be17d102
t3,1wkrx90,user_e9218c4297
t3,1wkrtkr,user_537bb4ab39
t3,1wkrpl6,user_4ae43fe0af
t3,1wkrgyi,user_7a8c19a476
t3,1wkr9d6,user_4db93e6d5f
t3,1wkqtbi,user_8d09a2c679
t3,1wkqmto,user_f5e0e077a8
t3,1wkqd9t,user_7a8c19a476
t3,1wkq1ly,user_f5a984a93b
t3,1wkpaa0,user_f22ea233e2
t3,1wkoyz4,user_f46d43cf71
t3,1wko9qh,user_3fd9d4ef7b
t3,1wko5s7,user_74631e9af4
t3,1wknlxg,user_fd0efa312c
t3,1wknkzb,user_f52e10bc6c
t3,1wkmmmw,user_961f11261e
t3,1wkmfn8,user_6c31c89839
t3,1wkm7sd,user_d8bccfac94
t3,1wkl6g0,user_8fcd03ed3e
t3,1wkl2w6,user_dc1d889c3b
t3,1wkkb9l,user_dc1d889c3b
t3,1wkk5s1,user_ecdec1a095
t3,1wkjk1u,user_69a3b9e4de
t3,1wkizvy,user_c9b6391073
t3,1wkhkis,user_8241eda89d
t3,1wkfn4e,user_dc1d889c3b
t3,1wkfj7n,user_9d9668dc8b
t3,1wkfcdm,user_545dfb8e9d
t3,1wkf6b8,user_545dfb8e9d
t3,1wkf1mq,user_04450c5b1e
t3,1wkeuf9,user_5c72117e34
t3,1wkdrxe,user_8f39063850
t3,1wkckgk,user_db3457bb85
t3,1wkbs5p,user_c273db3f8a
t3,1wkazhm,user_8e3e7805b4
t3,1wkaopf,user_77e02508b6
t3,1wk9ubk,user_7ffb3027ff
t3,1wk9048,user_1e33729d69
t3,1wk8x3u,user_af078de613
t3,1wk7tim,user_f22ea233e2
t3,1wk7iv7,user_7a8c19a476
t3,1wk6suk,user_b5a827a286
t3,1wk6ixv,user_af078de613
t3,1wk6gdi,user_7177c040c5
t3,1wk5y56,user_9340b5adba
t3,1wk2b4t,user_7611ef70f0
t3,1wk24tb,user_60f9dff469
t3,1wk1l7r,user_c273db3f8a
t3,1wk12b9,user_5707893ca3
t3,1wk0jfc,user_053c5ad0f4
t3,1wk03zq,user_da97a96370
t3,1wjzn0z,user_8fcd03ed3e
t3,1wjze5k,user_820a1daaf9
t3,1wjyagn,user_84a0a93765
t3,1wjxxwx,user_c84daf3365
t3,1wjxwxl,user_3fd9d4ef7b
t3,1wjx3mb,user_6c31c89839
t3,1wjwcse,user_f52e10bc6c
t3,1wjvq7f,user_61bf2eabcf
t3,1wjvm07,user_1f3a14808f
t3,1wjv386,user_9ad05f3c61
t3,1wjtekb,user_15d9d2ae81
t3,1wjs7r1,user_c8d1083f46
t3,1wjrnpa,user_a33e3b4d95
t3,1wjrczm,user_7f2ac59622
t3,1wjqufy,user_6b786b9c33
t3,1wjqlk8,user_7a8c19a476
t3,1wjocs0,user_4c87d37d69
t3,1wjn1yu,user_362771a943
t3,1wjmnkg,user_910141531e
t3,1wjlsez,user_3c65fc714c
t3,1wjlk78,user_e38e0e9898
t3,1wjjoj7,user_3c65fc714c
t3,1wjjb3j,user_c9a22fed69
t3,1wji5dp,user_4c5f026a31
t3,1wji3t2,user_a80e051323
t3,1wjhqed,user_7938cdf75a
t3,1wjh947,user_ee5740d840
t3,1wjh3xz,user_0b421249b1
t3,1wjh1wv,user_f1d817b966
t3,1wjgwri,user_fd4312eb9d
t3,1wjgp6h,user_0be437868e
t3,1wjezeh,user_77e02508b6
t3,1wjea2o,user_c6d2df5e96
t3,1wje8w7,user_01eb12684e
t3,1wje1f3,user_545dc25f56
t3,1wjcejn,user_7f1fcfb740
t3,1wjc6d4,user_c2c830c9ed
t3,1wjc1ov,user_5dc97d06af
t3,1wjbowl,user_0e651df5ef
t3,1wjbcgr,user_3411f39029
t3,1wjants,user_731464d558
t3,1wjag24,user_175337ceb8
t3,1wj9xtr,user_e59ed87fd0
t3,1wj8jj5,user_175337ceb8
t3,1wj8jav,user_b82a94198d
t3,1wj7vfw,user_cb3420698c
t3,1wj7q1a,user_84a0a93765
t3,1wj79wk,user_af078de613
t3,1wj6zfj,user_f462fae2f5
t3,1wj5zn1,user_96e71da43d
t3,1wj5xw5,user_4f49e1299d
t3,1wj5lie,user_262f550df4
t3,1wj5fle,user_a1d527c887
t3,1wj5c49,user_e28dfc8006
t3,1wj4mnh,user_af078de613
t3,1wj1z0k,user_ecdec1a095
t3,1wj1qi0,user_be51555908
t3,1wj10io,user_58013969dd
t3,1wj0red,user_6b786b9c33
t3,1wizt40,user_7a8c19a476
t3,1wizrbi,user_e8aed96560
t3,1wiz4li,user_6c31c89839
t3,1wiz08m,user_af078de613
t3,1wiywdi,user_74631e9af4
t3,1wiya9h,user_96889feb3a
t3,1wixy6f,user_4d69a6e24d
t3,1wixpnl,user_d198df7b2e
t3,1wixnao,user_e50d7b7613
t3,1wixh5v,user_d8b0dbf9ab
t3,1wix4xd,user_391c24044b
t3,1wiwyn4,user_8f0268083f
t3,1wiwwlw,user_6a1ac62bb2
t3,1wiwd0x,user_ebe0f467f6
t3,1wiw3gv,user_62e781d2c3
t3,1wiw2fg,user_e137c02e77
t3,1wiw1vm,user_bb8a9c4bd6
t3,1wivaxu,user_a824730f79
t3,1wiuktj,user_af078de613
t3,1witzsy,user_d9b8abda84
t3,1witk4n,user_7246d493d0
t3,1witgc4,user_6c31c89839
t3,1witcb1,user_87a81f3887
t3,1wit82o,user_2a8c470a48
t3,1wir1in,user_af7ea651ee
t3,1wiqdyx,user_3a08b2ad83
t3,1wipz9z,user_af5c97c8a4
t3,1wipvut,user_820a1daaf9
t3,1wipvjx,user_e4e040d4a7
t3,1wiplu2,user_9dcbba9996
t3,1wiogqw,user_3fd9d4ef7b
t3,1winwiv,user_201dfbbb81
t3,1wim998,user_9d9668dc8b
t3,1wim4pl,user_4fed78bfa8
t3,1wilqsl,user_2c025d54ae
t3,1wiloyo,user_9ad05f3c61
t3,1wilj4k,user_1d5d778336
t3,1wikwnz,user_0603484814
t3,1wikol0,user_a4778e284c
t3,1wikhx5,user_99b182119b
t3,1wik6la,user_227aaf8247
t3,1wijz3u,user_81bd41a51d
t3,1wijyf2,user_3411f39029
t3,1wijl1z,user_f52e10bc6c
t3,1wii8vq,user_5dc97d06af
t3,1wihgzp,user_22f76935e7
t3,1wifu3c,user_0e1788ae60
t3,1wifnk7,user_1f04cdfbea
t3,1wifexz,user_b9b9be3569
t3,1wifbqq,user_a9c4e1ae0a
t3,1wif6kx,user_83159e7893
t3,1wie424,user_08f89cf4d1
t3,1widobh,user_341936a362
t3,1wid8py,user_7a8c19a476
t3,1wid0tz,user_707c7f9a00
t3,1wicsuc,user_461596ce82
t3,1wicj0p,user_c99c3766e5
t3,1wibxls,user_b322e56833
t3,1wibk72,user_96e71da43d
t3,1wiauyn,user_2aeac0acb7
t3,1wiandj,user_1d0ff22248
t3,1wiaa7w,user_48f16ce9e8
t3,1wi8qvc,user_d3f64e5f02
t3,1wi7s96,user_262f550df4
t3,1wi7oyg,user_806d9f3971
t3,1wi6u2y,user_3356a36a65
t3,1wi6tdw,user_895c6de6ad
t3,1wi6mgs,user_af078de613
t3,1wi6h35,user_ecdec1a095
t3,1wi6g2c,user_bf226f1b77
t3,1wi6d17,user_b72f8c4841
t3,1wi5x33,user_3fd9d4ef7b
t3,1wi5g4r,user_af078de613
t3,1wi3s0z,user_4d421bcb8b
t3,1wi39y4,user_438920e74c
t3,1wi333i,user_f52e10bc6c
t3,1wi314d,user_04450c5b1e
t3,1whzac4,user_fbf8ab45f7
t3,1whz9uv,user_7aa813ec91
t3,1whywo7,user_66e471d515
t3,1whylq8,user_dfe6852636
t3,1whyijb,user_e8efc2ca73
t3,1whujny,user_e10d023e02
t3,1whuco1,user_0995a4e6c6
t3,1whthta,user_3fd9d4ef7b
t3,1whtgi0,user_3fd9d4ef7b
t3,1whtcay,user_42a39fcceb
t3,1whshm2,user_42a39fcceb
t3,1whrx8q,user_988c224d3a
t3,1whrs4q,user_3411f39029
t3,1whq3tw,user_0178983b62
t3,1whpk6d,user_78a79f5e01
t3,1whp1ai,user_f52e10bc6c
t3,1whol0w,user_28a6dcc341
t3,1who8ec,user_c6023aae31
t3,1whnucy,user_7f2ac59622
t3,1whn7n6,user_f52e10bc6c
t3,1whn1dv,user_bf1dd16bc6
t3,1whmwr0,user_7a8c19a476
t3,1whmuvk,user_7a8c19a476
t3,1whmde6,user_48f16ce9e8
t3,1whm5dc,user_57420085cd
t3,1whlqff,user_f1d817b966
t3,1whld98,user_aa043452ac
t3,1whlbzl,user_07380ce2ef
t3,1whlalv,user_3fd9d4ef7b
t3,1whl5xn,user_4b53d5500c
t3,1whkdgl,user_bc6c39907f
t3,1whk6gl,user_ea7148e911
t3,1whjto1,user_3411f39029
t3,1whjcn1,user_3411f39029
t3,1whjc59,user_af078de613
t3,1whixd7,user_06f9d7f534
t3,1whiiqc,user_7c27405d6c
t3,1whhz1q,user_bf2babca1c
t3,1whhn8j,user_939e8d1a0c
t3,1whgspo,user_944d908328
t3,1whfyuf,user_4dd7d3c740
t3,1whf32n,user_375d44f371
t3,1whevmb,user_b7f6b4182d
t3,1wheuse,user_252a630a91
t3,1whemcd,user_c2b3a85dbe
t3,1whcy2k,user_66c820f843
t3,1whckhr,user_5af7750adf
t3,1whbtae,user_da97a96370
t3,1whbhos,user_6c31c89839
t3,1whbdld,user_cbac46a468
t3,1whar3u,user_813317204a
t3,1whaqfn,user_c522e82c7a
t3,1whactv,user_16557da6ff
t3,1wha8my,user_b38f8cdbb5
t3,1wha1zd,user_f8392c86cb
t3,1wh9vnh,user_3a64cedcd7
t3,1wh9u6r,user_04a51c1cb1
t3,1wh9tsi,user_749ab267da
t3,1wh9se2,user_244af1915b
t3,1wh9rvq,user_04a51c1cb1
t3,1wh9rt2,user_04a51c1cb1
t3,1wh9nvl,user_04a51c1cb1
t3,1wh8ir4,user_5313abf59e
t3,1wh7k65,user_341936a362
t3,1wh7bp1,user_38dae13d5f
t3,1wh6h2t,user_6c31c89839
t3,1wh6ack,user_c273db3f8a
t3,1wh63yv,user_7a8c19a476
t3,1wh5ppk,user_af078de613
t3,1wh5fuf,user_57e5b161ef
t3,1wh522o,user_ce12e27dd7
t3,1wh4cu3,user_b037424a96
t3,1wh499k,user_230a7a9d83
t3,1wh401e,user_d7faddb19c
t3,1wh3sjr,user_f58e3e9e22
t3,1wh3pcu,user_a943458de9
t3,1wh3jnv,user_238917213b
t3,1wh2tag,user_6ab8d8919e
t3,1wh2lgr,user_69a3b9e4de
t3,1wh24bu,user_e56ee948e7
t3,1wh1mw8,user_adc8c44245
t3,1wh17aa,user_44c502b3a6
t3,1wh0x3f,user_af7ea651ee
t3,1wh0hpu,user_af078de613
t3,1wh0dpe,user_85444d284a
t3,1wgzsha,user_bd570dc045
t3,1wgzgz6,user_84a0a93765
t3,1wgzcr6,user_c615940597
t3,1wgyj8j,user_8062247b1e
t3,1wgxx27,user_71704f1c68
t3,1wgwnt1,user_69f6cec609
t3,1wgwlv2,user_1414f6760e
t3,1wgw985,user_27d6a51d59
t3,1wguxf8,user_31a2bb4ccf
t3,1wguwfx,user_27b8873738
t3,1wguv4z,user_f1d817b966
t3,1wguk32,user_7a8c19a476
t3,1wgujm4,user_f1d817b966
t3,1wgujih,user_f6f5721949
t3,1wgu0c9,user_c72de89af2
t3,1wgtlk9,user_2d36b153d3
t3,1wgsqia,user_4907d14440
t3,1wgs8h0,user_4f49e1299d
t3,1wgs6nb,user_32bae4e9eb
t3,1wgs5f3,user_62cb5063b6
t3,1wgqgcm,user_a7f3ac390d
t3,1wgpzw9,user_70d57aa1cc
t3,1wgpxym,user_cbf2dc5c3a
t3,1wgpu68,user_cbf2dc5c3a
t3,1wgpqpo,user_cbf2dc5c3a
t3,1wgos6a,user_3411f39029
t3,1wgor18,user_3411f39029
t3,1wgopr2,user_3411f39029
t3,1wgoo4r,user_3411f39029
t3,1wgo2oq,user_82406dd64b
t3,1wgo1gu,user_f093270ba3
t3,1wgnuts,user_1ab076b2a7
t3,1wgnj9p,user_90795acddf
t3,1wgnbh7,user_c65c29e01f
t3,1wgn6ik,user_726723325b
t3,1wgmtir,user_c8fd641624
t3,1wgjueq,user_9b4ce8fe3e
t3,1wgj4an,user_51ec9a7a9b
t3,1wgj3xa,user_a24c46c855
t3,1wgitk2,user_5c69d60bdc
t3,1wgidxd,user_c8ecdbf0ca
t3,1wgide9,user_07380ce2ef
t3,1wghdwz,user_d9b8abda84
t3,1wgh962,user_49cb891cb3
t3,1wgh42s,user_57bd624fc9
t3,1wgg7dr,user_815f37222f
t3,1wgg73s,user_ca892003e0
t3,1wgf5d2,user_da97a96370
t3,1wge0ck,user_cca9e60fbc
t3,1wgdyru,user_af078de613
t3,1wgdlb4,user_6512d74ee7
t3,1wgd5as,user_f22ea233e2
t3,1wgcn8c,user_81eebc204e
t3,1wgck73,user_f823727074
t3,1wgcd74,user_f823727074
t3,1wgah04,user_eda752ba28
t3,1wga4ir,user_f894e298f2
t3,1wg9vi0,user_c638ccde94
t3,1wg9b79,user_561e7dcfc1
t3,1wg9ags,user_561e7dcfc1
t3,1wg8xkt,user_1f3a14808f
t3,1wg8sji,user_bf226f1b77
t3,1wg7kgb,user_f462fae2f5
t3,1wg7fv9,user_6c31c89839
t3,1wg75eo,user_7c4f56bf02
t3,1wg6quq,user_5313abf59e
t3,1wg6ejv,user_68f63bcc65
t3,1wg60g4,user_b3843b9070
t3,1wg5s4j,user_134977f846
t3,1wg5m68,user_223c637389
t3,1wg4u5j,user_3b8ff1510c
t3,1wg4j0z,user_362771a943
t3,1wg4dc9,user_5313abf59e
t3,1wg3rcb,user_aecc348e00
t3,1wg3pb1,user_c2114e43ef
t3,1wg3bpc,user_dc1d889c3b
t3,1wg392q,user_97ec2ef23a
t3,1wg2pso,user_2205f7b469
t3,1wg2pln,user_15316e4718
t3,1wg29pi,user_820a1daaf9
t3,1wg1xku,user_820a1daaf9
t3,1wg1amw,user_e2480fe47b
t3,1wg17uu,user_622fc0c2e9
t3,1wg0eoe,user_0790af7a3d
t3,1wg0aaf,user_3fd9d4ef7b
t3,1wfyyod,user_1ceabbb480
t3,1wfyti8,user_59f191aa51
t3,1wfydax,user_4924a6fcf0
t3,1wfycdg,user_1c8458b087
t3,1wfwxde,user_41f4f38433
t3,1wfwq4n,user_51a73a21d3
t3,1wfwgdw,user_e33a42a7b8
t3,1wfwd59,user_687f9228c0
t3,1wfw8ls,user_f01b1dfd7a
t3,1wfw4ut,user_49c3519e06
t3,1wfvt3i,user_6683842d2c
t3,1wfvn18,user_3875cd40d4
t3,1wfvh0n,user_9c3bcf678e
t3,1wfva9u,user_cccca6ad94
t3,1wfv9d5,user_f689771828
t3,1wfv8b0,user_a876af337d
t3,1wfv0xw,user_95110f23b8
t3,1wfudju,user_8052a189f5
t3,1wfubv4,user_9646a6fdbb
t3,1wfu5lq,user_ed20a24b24
t3,1wfu2n4,user_03d3434ad1
t3,1wftg9h,user_64e5535302
t3,1wft5cg,user_39df91c736
t3,1wft314,user_3b8ff1510c
t3,1wfsxmm,user_84aa7d3c6f
t3,1wfssx6,user_0ac2d8e4f3
t3,1wfshh8,user_6b786b9c33
t3,1wfsemo,user_bb17a49d5b
t3,1wfrj9d,user_7a8c19a476
t3,1wfrcno,user_3689249868
t3,1wfqskf,user_03dce8be2e
t3,1wfq5cn,user_db3457bb85
t3,1wfq2jx,user_225a95cd08
t3,1wfpn9q,user_a6527bd93d
t3,1wfpjl9,user_c14d354438
t3,1wfpcz3,user_71e29c9975
t3,1wfp3n4,user_73451d2192
t3,1wfowxt,user_c273db3f8a
t3,1wfoqsz,user_fb482be4cb
t3,1wfofgx,user_485e8999c8
t3,1wfo7iy,user_fe075e911e
t3,1wfo770,user_bf9c2efef0
t3,1wfn755,user_3411f39029
t3,1wfn64a,user_223533e8f9
t3,1wflsn2,user_b322e56833
t3,1wflhyg,user_af078de613
t3,1wflf5w,user_a73a271e03
t3,1wfkm73,user_c2b3a85dbe
t3,1wfio5f,user_b986003d57
t3,1wfhznc,user_af078de613
t3,1wfhnyy,user_7f00dd6632
t3,1wfh2zv,user_b4154ebd41
t3,1wfgk9z,user_7a8c19a476
t3,1wfg9ug,user_edef8f7bd2
t3,1wfg2p0,user_416b790380
t3,1wfemrc,user_87ef94b34c
t3,1wfdq7s,user_11f906d733
t3,1wfdc90,user_755b82933e
t3,1wfd7n2,user_eeacbfa32b
t3,1wfd6q7,user_84a0a93765
t3,1wfd4ze,user_f95c0399c2
t3,1wfc04l,user_04450c5b1e
t3,1wf8t1p,user_7aa813ec91
t3,1wf8c5k,user_b5a3b0566b
t3,1wf7u6f,user_594c85f4a4
t3,1wf73ul,user_ef13b16132
t3,1wf6xgb,user_39aaa6250a
t3,1wf669d,user_4c1ae8d069
t3,1wf5v4u,user_220eb2a5ca
t3,1wf54sf,user_70194e04c7
t3,1wf538f,user_7a8c19a476
t3,1wf3yrz,user_c273db3f8a
t3,1wf2ou9,user_9a27044c51
t3,1wf2oc6,user_9c614dee88
t3,1wf2nkw,user_9a27044c51
t3,1wf29w2,user_23cc91b951
t3,1wf1r1l,user_7bd2d78858
t3,1wf16k9,user_15d9d2ae81
t3,1wf15hm,user_9c614dee88
t3,1wezs41,user_c2bef5c546
t3,1wezajp,user_e137c02e77
t3,1weygjv,user_ebe0f467f6
t3,1wexqr0,user_e137c02e77
t3,1wexbmw,user_2d33bdf480
t3,1wewtft,user_af078de613
t3,1wewppb,user_7f00dd6632
t3,1wewkh0,user_fad03df28e
t3,1wew134,user_7f2b1afc0f
t3,1wevk6m,user_fe225f5378
t3,1wev6fp,user_c2bef5c546
t3,1wev1ti,user_af078de613
t3,1weuwnc,user_4d37d89f8d
t3,1weuuj8,user_c2bef5c546
t3,1wetm7s,user_03dce8be2e
t3,1wet95e,user_ec18527df4
t3,1wet85k,user_8b7580741e
t3,1wessfq,user_a07526ed54
t3,1wes504,user_ea3b59afb8
t3,1werpo5,user_1081690901
t3,1wep99w,user_4c4542c4bf
t3,1wep7mp,user_820a1daaf9
t3,1weoyoz,user_da70a59836
t3,1weomqk,user_3356a36a65
t3,1weolgx,user_3356a36a65
t3,1weodfl,user_598ce20ec1
t3,1went7g,user_52a2f2df96
t3,1wenah8,user_bb83de6656
t3,1wenack,user_c33b82c1bb
t3,1wemphe,user_af078de613
t3,1wem3ct,user_5cddbe20fc
t3,1welu4u,user_84a0a93765
t3,1welmjt,user_cd59c62519
t3,1wel3u2,user_49cb891cb3
t3,1wejrka,user_b9bae10e73
t3,1wejlh7,user_af078de613
t3,1wejk5u,user_4f24ff0a4b
t3,1wejiuc,user_dcd35b8f22
t3,1wejco2,user_436a67296a
t3,1wei6wx,user_2205f7b469
t3,1wei5xp,user_2205f7b469
t3,1wei33l,user_cb85a85046
t3,1wehzhm,user_9dbde4bbbe
t3,1wehbjn,user_381edf1ac7
t3,1wegvpm,user_266041e0dc
t3,1wegrcw,user_09ba9e7bc7
t3,1wegjbg,user_234ce91d70
t3,1weg30l,user_589d36b79f
t3,1wefrtt,user_aa1e9cf087
t3,1wefnwp,user_5c0cb6369e
t3,1weelim,user_71c06944c6
t3,1weea7s,user_42a66941fd
t3,1wedrn3,user_7a8c19a476
t3,1wed65t,user_ab3e45da5d
t3,1wed5y1,user_a24c46c855
t3,1wecpam,user_1585a0a464
t3,1weck5g,user_7a8c19a476
t3,1wecgql,user_4a4c97a0b4
t3,1webz2g,user_aecc348e00
t3,1webjpj,user_8229e70705
t3,1webin9,user_f6f5721949
t3,1webf2r,user_2205f7b469
t3,1webd09,user_e9d29c8218
t3,1webbut,user_db3457bb85
t3,1web9is,user_e9d29c8218
t3,1weawal,user_e2c904c47d
t3,1wea7jg,user_42a39fcceb
t3,1we9nsx,user_7fd729dd53
t3,1we8kfy,user_8de9c0cff3
t3,1we74tc,user_a8325f67f9
t3,1we6087,user_da36001768
t3,1we5qyt,user_15d9d2ae81
t3,1we5cf8,user_dc1d889c3b
t3,1we47a4,user_5111beabbf
t3,1we3uxp,user_7773b27c7a
t3,1we3izd,user_fc95df5653
t3,1we3a7l,user_b180c32f65
t3,1we30bg,user_39df91c736
t3,1we2qm0,user_d69fdfae2c
t3,1we2cdn,user_47fafa6dfa
t3,1we0z3q,user_00eb2934a7
t3,1we0oep,user_3b0509c3a4
t3,1we0n7f,user_fad03df28e
t3,1we0bwy,user_7bd2d78858
t3,1we062h,user_f01b1dfd7a
t3,1wdzx1g,user_70a62f280a
t3,1wdzhc1,user_b75310fce4
t3,1wdzdsu,user_b75310fce4
t3,1wdyocn,user_b9ca2be7de
t3,1wdyhc7,user_dac0944618
t3,1wdy6jz,user_deca102a94
t3,1wdy1m0,user_4c7b119ec3
t3,1wdxvpu,user_dbdbfcc1ae
t3,1wdwir2,user_74631e9af4
t3,1wdw6as,user_4c7b119ec3
t3,1wdvzt6,user_204ddd4dae
t3,1wdvrmf,user_9591e981d2
t3,1wdvra7,user_522b8a5cb3
t3,1wdv1oh,user_6683842d2c
t3,1wduxu6,user_35488fce21
t3,1wducjz,user_028f09f277
t3,1wdtwx9,user_e20a47149c
t3,1wdsx39,user_da70a59836
t3,1wdsv5c,user_72e7627baa
t3,1wds8cr,user_971e2dba97
t3,1wdrd2y,user_bf934dbedb
t3,1wdqkgg,user_89f734b0b2
t3,1wdqj9z,user_1ab076b2a7
t3,1wdqhwc,user_db3457bb85
t3,1wdq755,user_e137c02e77
t3,1wdq1v3,user_af078de613
t3,1wdpwhz,user_959bdf2277
t3,1wdpuw1,user_db3457bb85
t3,1wdp3np,user_04450c5b1e
t3,1wdp34r,user_bc293c5007
t3,1wdp23l,user_1f9bf851f4
t3,1wdp06j,user_c66370f37d
t3,1wdolvv,user_21fa7d0ee3
t3,1wdnfwi,user_52a2f2df96
t3,1wdna6c,user_d9b8abda84
t3,1wdn866,user_b180c32f65
t3,1wdn5nh,user_aa1e9cf087
t3,1wdmu2o,user_11f906d733
t3,1wdmnsl,user_ad735c00fc
t3,1wdmgxm,user_54aa4dc730
t3,1wdm8rt,user_ebe0f467f6
t3,1wdl9cm,user_31914f6935
t3,1wdl7zr,user_00b27fe1d4
t3,1wdl5l7,user_af078de613
t3,1wdkw0c,user_dbdbfcc1ae
t3,1wdjs99,user_268395b624
t3,1wdiq03,user_af078de613
t3,1wdiph7,user_f8af210777
t3,1wdh1na,user_705788283e
t3,1wdgg6t,user_60c24c1ff6
t3,1wdfzan,user_a44f95db40
t3,1wdfsm6,user_aee19e6a4f
t3,1wdf0j7,user_3411f39029
t3,1wdcyya,user_dab4360f59
t3,1wdcbg3,user_03aaffbc21
t3,1wdcbdf,user_973379bf77
t3,1wdc0ba,user_7a8c19a476
t3,1wdbtu0,user_96dd86a6f5
t3,1wdbk26,user_598ce20ec1
t3,1wda88g,user_820a1daaf9
t3,1wda5ro,user_e96dc48899
t3,1wd93l4,user_0be437868e
t3,1wd8wfc,user_3411f39029
t3,1wd83fd,user_a7a7ccd166
t3,1wd6u4x,user_24f510fa8f
t3,1wd670m,user_598ce20ec1
t3,1wd5mdm,user_f6f5721949
t3,1wd50qr,user_ebe0f467f6
t3,1wd4xez,user_d84f77a791
t3,1wd4vp3,user_725196a4e9
t3,1wd4q2r,user_598ce20ec1
t3,1wd4nis,user_d84f77a791
t3,1wd4mo5,user_d84f77a791
t3,1wd4kjt,user_5e2155f48a
t3,1wd4kfs,user_d84f77a791
t3,1wd3zbj,user_9883b013b2
t3,1wd34z4,user_c8d1083f46
t3,1wd346x,user_a24c46c855
t3,1wd33vn,user_1b02fb49a8
t3,1wd2ot0,user_545dfb8e9d
t3,1wd18g7,user_fd0a4c3b0f
t3,1wd1697,user_6334699168
t3,1wd0m6v,user_adf75bd42d
t3,1wczw1b,user_00df155a69
t3,1wczmdw,user_00eb2934a7
t3,1wcy8ip,user_ef36a1827d
t3,1wcxxv8,user_604833548c
t3,1wcxom1,user_c49c67a4c1
t3,1wcwnfv,user_01eb12684e
t3,1wcwb4k,user_83e5345e92
t3,1wcw44s,user_b7b3a71db6
t3,1wcvk4f,user_dc96a58ace
t3,1wcus9w,user_0dca0196ca
t3,1wctz3o,user_5d6485963a
t3,1wcshg7,user_84a0a93765
t3,1wcqtd6,user_9a27044c51
t3,1wcpf0r,user_fb66772711
t3,1wcoxlu,user_e8efc2ca73
t3,1wcot4z,user_29ccf101a5
t3,1wcorjm,user_b2e90905dc
t3,1wco6u2,user_a71c9f3f9c
t3,1wco36d,user_f0e019a3da
t3,1wco03x,user_d1f6641a7e
t3,1wcniar,user_bb47a12658
t3,1wcndnk,user_7a8c19a476
t3,1wcm8a5,user_bb45f575b8
t3,1wckwsm,user_3b8ff1510c
t3,1wckl50,user_a4864af44e
t3,1wcjx0e,user_5918fae5b0
t3,1wcjoki,user_47fafa6dfa
t3,1wci625,user_7c39a5ecb7
t3,1wci58s,user_04450c5b1e
t3,1wci525,user_edef8f7bd2
t3,1wchtzq,user_8da589bc07
t3,1wchbt7,user_7fd729dd53
t3,1wch4wp,user_5dc97d06af
t3,1wcgxn5,user_2329279dae
t3,1wcg3p9,user_5b43017b26
t3,1wcf66c,user_7621355e7f
t3,1wceqvf,user_0ce1b1e61a
t3,1wceeti,user_0ea5cef25f
t3,1wce5rn,user_4a314674c7
t3,1wcdwie,user_bc6331463e
t3,1wcda4p,user_f89b5cf53e
t3,1wcd0gw,user_2a906b2988
t3,1wcbuwo,user_fc646decee
t3,1wcbld9,user_6b786b9c33
t3,1wcaq9b,user_4410006b18
t3,1wcagfz,user_da36001768
t3,1wca0ld,user_8a359760c1
t3,1wc9bsh,user_df0c83c791
t3,1wc94q9,user_4c7b119ec3
t3,1wc8t38,user_ebe0f467f6
t3,1wc8kba,user_48f16ce9e8
t3,1wc7ppd,user_5c1ac25b92
t3,1wc7nsv,user_04450c5b1e
t3,1wc6k89,user_48fdcf70b6
t3,1wc6g89,user_e5ce653d35
t3,1wc5t38,user_b4286e5d67
t3,1wc4f5g,user_b2b22735f3
t3,1wc4die,user_21fa7d0ee3
t3,1wc45u2,user_da36001768
t3,1wc3s2m,user_7e4c4811fe
t3,1wc3p2h,user_2329279dae
t3,1wc3oe5,user_60390561c5
t3,1wc3kva,user_1e33729d69
t3,1wc3km7,user_88a7709ecb
t3,1wc2y2d,user_78dacfbc15
t3,1wc2toa,user_7af026d07c
t3,1wc2gde,user_42bf2b3c69
t3,1wc1y9h,user_f0d0748e8d
t3,1wc1vwt,user_45529bd73b
t3,1wc1ljl,user_71e29c9975
t3,1wc1hhm,user_5dc97d06af
t3,1wc0e1b,user_96dd86a6f5
t3,1wc0cm8,user_96dd86a6f5
t3,1wbzvnc,user_f6f531b9c3
t3,1wbytd2,user_6aea671401
t3,1wby5b9,user_381edf1ac7
t3,1wby1nm,user_84a0a93765
t3,1wbx6hv,user_7a8c19a476
t3,1wbx2tb,user_820a1daaf9
t3,1wbwio5,user_94e001672a
t3,1wbwdm5,user_db3457bb85
t3,1wbvlut,user_af078de613
t3,1wbunkw,user_a87418e5ab
t3,1wbun3o,user_dc96a58ace
t3,1wbujcj,user_dc96a58ace
t3,1wbuiip,user_1d5cd8f792
t3,1wbugh3,user_77e02508b6
t3,1wbuc3v,user_db3457bb85
t3,1wbu954,user_e8dfb9ad0f
t3,1wbsyej,user_598ce20ec1
t3,1wbqxiu,user_177b8c57d1
t3,1wbqvtt,user_ea368e1118
t3,1wbqpaq,user_cce702929f
t3,1wbqi4k,user_7a8c19a476
t3,1wbqfti,user_961161259d
t3,1wbqaqr,user_6c31c89839
t3,1wbq52e,user_09563e04ef
t3,1wbq4z8,user_7a8c19a476
t3,1wbpy31,user_7a8c19a476
t3,1wbon7a,user_381edf1ac7
t3,1wboidh,user_094fe15156
t3,1wbo8fo,user_4eca953d49
t3,1wbo6e2,user_8cfb757080
t3,1wbnkor,user_9518201f22
t3,1wbng1d,user_af078de613
t3,1wbmxxo,user_5b6ef3934e
t3,1wblet8,user_e2c62e7634
t3,1wbkk07,user_9a27044c51
t3,1wbkc9p,user_a55ad277d0
t3,1wbjb5x,user_a55ad277d0
t3,1wbiri3,user_b322e56833
t3,1wbikcx,user_88520818c1
t3,1wbifdi,user_84a0a93765
t3,1wbifd3,user_da7868be57
t3,1wbi9jr,user_31570263e3
t3,1wbhrgs,user_7a8c19a476
t3,1wbhc6q,user_7a8c19a476
t3,1wbhawb,user_da5476dc48
t3,1wbh8pq,user_7a8c19a476
t3,1wbh0bi,user_f98e7e5d56
t3,1wbfjnf,user_d7c5e39119
t3,1wbf3co,user_20aba501b7
t3,1wbdui5,user_13c243ed89
t3,1wbdbll,user_2472da7b28
t3,1wbcqes,user_63cb294229
t3,1wbbp9s,user_15df3a5ff8
t3,1wbbhrd,user_75a3f92e34
t3,1wbb9nl,user_d8f3f52821
t3,1wbb3wi,user_78ae90ab99
t3,1wba6ev,user_a24c46c855
t3,1wba613,user_b4154ebd41
t3,1wb9sqh,user_d84f77a791
t3,1wb8llo,user_10677ef27e
t3,1wb8gnf,user_5bd41d3968
t3,1wb8amg,user_9e2522e69b
t3,1wb85yo,user_b13a0f4bf9
t3,1wb7kll,user_90c55abe7a
t3,1wb7ci3,user_a57cbd560c
t3,1wb722k,user_f762ba8b9e
t3,1wb6oic,user_0be437868e
t3,1wb6kgk,user_3356a36a65
t3,1wb6d6w,user_c2b3a85dbe
t3,1wb64k7,user_19abdb9c82
t3,1wb5osw,user_76c3fc6c0e
t3,1wb4uqs,user_2e48ce6c8a
t3,1wb4p6e,user_09a41da60c
t3,1wb4ed8,user_5ebb80cb6b
t3,1wb3yl9,user_594c85f4a4
t3,1wb3x2a,user_1d5cd8f792
t3,1wb3sik,user_a765d358bb
t3,1wb3lgx,user_bf7b7d6735
t3,1wb3ksb,user_820a1daaf9
t3,1wb3k57,user_5dc97d06af
t3,1wb3ikw,user_7b2625fb5b
t3,1wb32c0,user_953e985fd3
t3,1wb1zr7,user_6a26175055
t3,1wb1kfp,user_4c4542c4bf
t3,1wb0wuj,user_5ff4e24b2c
t3,1wb0lni,user_bb0d0bacc0
t3,1wb0h6b,user_4abb2b3b11
t3,1wb0dz5,user_4abb2b3b11
t3,1wb0b3e,user_04450c5b1e
t3,1waz7fm,user_d84f77a791
t3,1waxwr9,user_04450c5b1e
t3,1waxi63,user_7a341cc66e
t3,1waxd7p,user_90795acddf
t3,1wax345,user_a5a8fe8da1
t3,1wax0ju,user_54ffd6caa7
t3,1wawiac,user_44c502b3a6
t3,1wawffu,user_00c571f2f5
t3,1wawb12,user_a737c73c68
t3,1waw6tt,user_94e001672a
t3,1waw34f,user_06bd7fc450
t3,1wav7ps,user_f13503d13c
t3,1wav14g,user_6c31c89839
t3,1waucxc,user_84a0a93765
t3,1waslf0,user_fd02ca5c6f
t3,1wash3l,user_fd02ca5c6f
t3,1was0s8,user_b25df901d6
t3,1warnfb,user_7b7216ce86
t3,1war2zh,user_dd35e57d31
t3,1waqdqz,user_706e3d26b9
t3,1wapsg9,user_d69fdfae2c
t3,1wapiqa,user_fe8673c736
t3,1waokai,user_930eeac994
t3,1wammqu,user_e9eaceb8f3
t3,1wajqxv,user_783fae8174
t3,1wajbvr,user_7a8c19a476
t3,1wajbjw,user_598ce20ec1
t3,1wahkmh,user_38feb95279
t3,1wagzqq,user_dc1d889c3b
t3,1wagygb,user_170fbfea6b
t3,1wag8wy,user_8a359760c1
t3,1waflg2,user_07380ce2ef
t3,1waeext,user_8bb5e284f1
t3,1wac3mo,user_af078de613
t3,1wabj8w,user_db3457bb85
t3,1wab9t8,user_fb8739d58c
t3,1wab94l,user_3a1b39149b
t3,1wab6q1,user_cfac99deaf
t3,1waa8rp,user_4e8e1888bd
t3,1waa2mx,user_a556bf243f
t3,1wa9mjh,user_1e33729d69
t3,1wa96mn,user_4410006b18
t3,1wa89b2,user_5dc97d06af
t3,1wa8485,user_807161df2d
t3,1wa83gn,user_807161df2d
t3,1wa7zxe,user_d8d9c678f5
t3,1wa7ysl,user_7411bb3a63
t3,1wa7on6,user_dc64bcee3e
t3,1wa7o38,user_62e781d2c3
t3,1wa7mys,user_327ba961dd
t3,1wa7d1f,user_c273db3f8a
t3,1wa75jf,user_6683842d2c
t3,1wa6qhq,user_d4992ed704
t3,1wa6pyi,user_99c4193a1e
t3,1wa5zq2,user_077676b41b
t3,1wa5qz4,user_9ffad412c6
t3,1wa5dn8,user_561e7dcfc1
t3,1wa554q,user_3e47dad0a0
t3,1wa47te,user_f6f5721949
t3,1wa3hr0,user_63720e5b73
t3,1wa25h7,user_3e47dad0a0
t3,1wa1ugn,user_84a0a93765
t3,1wa1t24,user_820a1daaf9
t3,1wa1oj8,user_9ad05f3c61
t3,1wa1kk0,user_edef8f7bd2
t3,1wa1jfa,user_814fcab91c
t3,1wa1iet,user_0b435cabd3
t3,1wa1hgc,user_814fcab91c
t3,1wa1gtq,user_02c21cd4f6
t3,1wa1fou,user_7ffdac3752
t3,1wa0z4y,user_c65c29e01f
t3,1wa0pg4,user_fbb81252ae
t3,1w9zlf4,user_959356f2dc
t3,1w9zap3,user_9a27044c51
t3,1w9z0og,user_e28dfc8006
t3,1w9ylms,user_97af7ccb00
t3,1w9yd7i,user_97af7ccb00
t3,1w9y2bp,user_9dae1ed296
t3,1w9xzcv,user_478aae2290
t3,1w9xr5j,user_af078de613
t3,1w9xp5k,user_dbdbfcc1ae
t3,1w9xova,user_5f97faa174
t3,1w9xafl,user_15316e4718
t3,1w9wo8t,user_15316e4718
t3,1w9w9pv,user_2d3085727d
t3,1w9w7k9,user_933f6ae3a3
t3,1w9w7bn,user_10677ef27e
t3,1w9vuvg,user_7bd2d78858
t3,1w9vqq1,user_7b3b36f5d6
t3,1w9vmfv,user_1bdbd3182e
t3,1w9vhsq,user_1bdbd3182e
t3,1w9vd4j,user_4c4542c4bf
t3,1w9uuz5,user_7621355e7f
t3,1w9uows,user_98e59670d5
t3,1w9uodi,user_50841f7c87
t3,1w9tpcz,user_15316e4718
t3,1w9tjhn,user_4c4542c4bf
t3,1w9t6fu,user_5dc97d06af
t3,1w9sl1d,user_77e02508b6
t3,1w9rx7a,user_fa6c69bde8
t3,1w9rvea,user_3b8ff1510c
t3,1w9rkeb,user_7709f98ff1
t3,1w9rj4i,user_94e001672a
t3,1w9qdvz,user_ecdec1a095
t3,1w9pkem,user_36261239b5
t3,1w9pc65,user_7621355e7f
t3,1w9ouu0,user_56581a9a3e
t3,1w9okaz,user_aa5fed8a62
t3,1w9o6eh,user_ce12e27dd7
t3,1w9lwr8,user_3efa3dfeb9
t3,1w9lkef,user_3d6e6f96cb
t3,1w9legw,user_dc96a58ace
t3,1w9l74z,user_71798205a7
t3,1w9knhm,user_731464d558
t3,1w9kir4,user_17faefa76b
t3,1w9khgx,user_15d9d2ae81
t3,1w9kdv9,user_15d9d2ae81
t3,1w9k2bn,user_b9d69e0f7a
t3,1w9k1iw,user_0be437868e
t3,1w9jt2n,user_7bd2d78858
t3,1w9jfdm,user_af078de613
t3,1w9iy4a,user_1e33729d69
t3,1w9ivxo,user_fec6101b6f
t3,1w9ij7k,user_de421f4ad2
t3,1w9ihyf,user_2e49565da2
t3,1w9ief6,user_61451f752b
t3,1w9htau,user_7d0269f7eb
t3,1w9hqyi,user_f0cb61f90d
t3,1w9gztq,user_c72cb1dafc
t3,1w9gqpv,user_1c33798d9d
t3,1w9gqia,user_d8a4c78ba0
t3,1w9fyqy,user_f6f5721949
t3,1w9fpjk,user_f6f5721949
t3,1w9f1c9,user_01ae3179b5
t3,1w9ezz1,user_7a8c19a476
t3,1w9ez8y,user_7a8c19a476
t3,1w9exbq,user_7a8c19a476
t3,1w9el3g,user_a9e8cd69b8
t3,1w9egd6,user_7a8c19a476
t3,1w9ea3h,user_cb3158d978
t3,1w9dvol,user_1ac2e2f072
t3,1w9dou3,user_73451d2192
t3,1w9cuyc,user_9ba17b9a8a
t3,1w9cryn,user_6ea1725898
t3,1w9bz5t,user_291247e991
t3,1w9b0de,user_d18415f622
t3,1w9an2o,user_65984d8dde
t3,1w9aht5,user_84a0a93765
t3,1w9a1yo,user_4c4542c4bf
t3,1w99m79,user_df902f0cf6
t3,1w98ioh,user_b54eff5813
t3,1w97wkk,user_833807e4af
t3,1w9793n,user_42a66941fd
t3,1w95t3h,user_7d897c54b9
t3,1w95sdt,user_af078de613
t3,1w95gea,user_931ad5b1e6
t3,1w93j3m,user_25daf99fce
t3,1w930oh,user_f6f5721949
t3,1w930l4,user_d7c5e39119
t3,1w92kj5,user_30328e0a88
t3,1w924vj,user_a07526ed54
t3,1w917ll,user_ab55c50630
t3,1w91442,user_ebe0f467f6
t3,1w90wm1,user_9db17abb1d
t3,1w90k4r,user_3b84c37bbb
t3,1w8zow0,user_1365fad769
t3,1w8zojl,user_7a8c19a476
t3,1w8zjud,user_70194e04c7
t3,1w8ysuj,user_fd02ca5c6f
t3,1w8ybvt,user_83e5345e92
t3,1w8xuwf,user_4c4542c4bf
t3,1w8xqx2,user_8974cdff9f
t3,1w8w19a,user_6d6347b9fa
t3,1w8w01g,user_84a0a93765
t3,1w8vn0q,user_def69dce02
t3,1w8vi9a,user_a4864af44e
t3,1w8usel,user_84a0a93765
t3,1w8uhub,user_1789db19f9
t3,1w8u8gh,user_69a3b9e4de
t3,1w8u6bl,user_0a4c46ea15
t3,1w8u4ao,user_c6610002c3
t3,1w8tehp,user_bd9b3cdbae
t3,1w8t3vg,user_27970c6904
t3,1w8sxab,user_3356a36a65
t3,1w8s86b,user_be1b15c13a
t3,1w8r7rb,user_84a0a93765
t3,1w8pl6o,user_652812dc4a
t3,1w8pchf,user_b25f5a6a57
t3,1w8mz20,user_438bf1aa70
t3,1w8mlvu,user_f6f5721949
t3,1w8mfly,user_f6f5721949
t3,1w8hlky,user_fd403588f8
t3,1w8glgh,user_dbdbfcc1ae
t3,1w8g0z0,user_7b22bcea85
t3,1w8dit7,user_ecdec1a095
t3,1w8a323,user_f6f5721949
t3,1w89onj,user_7b574ca910
t3,1w89f71,user_af078de613
t3,1w88ume,user_5c3f634cbc
t3,1w88q0b,user_a4864af44e
t3,1w88lcu,user_d86bf16867
t3,1w879e4,user_70aafcc779
t3,1w875ke,user_d13e0dd051
t3,1w86cap,user_3311098cc0
t3,1w8696k,user_96dd86a6f5
t3,1w865n7,user_96dd86a6f5
t3,1w86473,user_e16afb784b
t3,1w861rd,user_aecc348e00
t3,1w85u7i,user_07380ce2ef
t3,1w85qwy,user_2ba23e0cce
t3,1w85gib,user_34e6a0dc12
t3,1w85bzz,user_05c733beca
t3,1w84z57,user_fcc0c3af2f
t3,1w84wem,user_131ea1a754
t3,1w84w9l,user_5db0859161
t3,1w84nme,user_b522148bc4
t3,1w84g2e,user_726723325b
t3,1w84fjb,user_695ab61b2c
t3,1w83xym,user_18976e6806
t3,1w83cza,user_b2cbf252ec
t3,1w82smx,user_83e5345e92
t3,1w82r43,user_04935dcd34
t3,1w81ne6,user_dc1d889c3b
t3,1w81jq2,user_ad7da0aef8
t3,1w817tg,user_aa803d243e
t3,1w80yq0,user_fb45f20193
t3,1w801mc,user_d86bf16867
t3,1w7z7i5,user_77e02508b6
t3,1w7x00y,user_598ce20ec1
t3,1w7wzv8,user_3356a36a65
t3,1w7v957,user_82624be32c
t3,1w7tydd,user_a4864af44e
t3,1w7t1d7,user_69a3b9e4de
t3,1w7snzj,user_c829fd7d93
t3,1w7ryam,user_4da3ac42e8
t3,1w7rjow,user_f6f5721949
t3,1w7qptb,user_f6f5721949
t3,1w7qkbd,user_77e02508b6
t3,1w7q45p,user_5cac3a9bf4
t3,1w7pk7a,user_d84f77a791
t3,1w7pgb2,user_0a6229c1ec
t3,1w7p31o,user_74631e9af4
t3,1w7oqlq,user_27546d00e2
t3,1w7ojtj,user_5aceb8bbb1
t3,1w7nzoi,user_21fa7d0ee3
t3,1w7nu9q,user_201dfbbb81
t3,1w7nrqi,user_db3457bb85
t3,1w7n8lb,user_c6610002c3
t3,1w7n0rq,user_7a8c19a476
t3,1w7lkee,user_f6806ef826
t3,1w7kjm5,user_04450c5b1e
t3,1w7ke6n,user_4dfcddcec6
t3,1w7jwvn,user_0bdb4daf22
t3,1w7jibb,user_729577f743
t3,1w7jg63,user_0bdb4daf22
t3,1w7jc1n,user_706e3d26b9
t3,1w7j6ea,user_522b8a5cb3
t3,1w7i8u7,user_c273db3f8a
t3,1w7hini,user_18976e6806
t3,1w7h3lq,user_7ad1dfa0ec
t3,1w7h1uw,user_763ad7c439
t3,1w7gu21,user_026235b563
t3,1w7gbu6,user_da36001768
t3,1w7fyj1,user_a3eab0e4fa
t3,1w7fy6f,user_b4dd2956f9
t3,1w7fsdu,user_3611984f4f
t3,1w7fhr1,user_4b53d5500c
t3,1w7f8bb,user_ecdec1a095
t3,1w7f6iy,user_4b4533e878
t3,1w7evml,user_0978ff21ae
t3,1w7eqs9,user_7a8c19a476
t3,1w7ei3i,user_0cdb018095
t3,1w7ecp1,user_6ab8d8919e
t3,1w7dqxm,user_fb64af01aa
t3,1w7dfcp,user_820a1daaf9
t3,1w7d05y,user_cb631372c9
t3,1w7cj65,user_04935dcd34
t3,1w7cij0,user_5313abf59e
t3,1w7c2ax,user_cbe1d74e33
t3,1w7brzh,user_b711417ee3
t3,1w7bfc2,user_e065cec994
t3,1w7be6a,user_93b4408b04
t3,1w7acn9,user_be99f6de89
t3,1w7abhl,user_74631e9af4
t3,1w79li7,user_7a8c19a476
t3,1w7939z,user_b6024c8bd0
t3,1w791p8,user_47cadc9f9d
t3,1w78p09,user_7a8c19a476
t3,1w78d5b,user_807161df2d
t3,1w77pu7,user_d86bf16867
t3,1w75wp0,user_84a0a93765
t3,1w75srx,user_f52e10bc6c
t3,1w75nra,user_6c31c89839
t3,1w74uex,user_adb496a05b
t3,1w743ue,user_8968457105
t3,1w740i0,user_26e0fde08b
t3,1w73lnk,user_0a8d404de3
t3,1w72oq9,user_011cb707d3
t3,1w72jn3,user_04935dcd34
t3,1w72g7d,user_06b3e385c9
t3,1w71zy1,user_0fd8a058ac
t3,1w718ce,user_a55ad277d0
t3,1w6zhwn,user_4fed8f3a3f
t3,1w6zglu,user_9e2522e69b
t3,1w6yg65,user_a4864af44e
t3,1w6xtj2,user_80fbd648d7
t3,1w6x1zw,user_a4864af44e
t3,1w6wstl,user_95fb464c27
t3,1w6urrd,user_73af829f6d
t3,1w6tuh2,user_b7daee08b9
t3,1w6tbk8,user_5dc97d06af
t3,1w6sv7v,user_5a9af3d203
t3,1w6s62r,user_ff2b779df7
t3,1w6rtod,user_7a7d5bdb8f
t3,1w6r8iw,user_16d2e20936
t3,1w6q9dy,user_b5d0572245
t3,1w6q5zj,user_b5d0572245
t3,1w6pls3,user_6683842d2c
t3,1w6oke8,user_6c31c89839
t3,1w6ok1s,user_b94770a23c
t3,1w6oczw,user_48ac3b366c
t3,1w6ocmm,user_d4e9dbc6d7
t3,1w6mzhi,user_a86a30b23f
t3,1w6mhhe,user_4dfcddcec6
t3,1w6mdut,user_c4f5ae139c
t3,1w6m36i,user_46cef76f34
t3,1w6lx00,user_18ef34f20c
t3,1w6lwww,user_5699cc9520
t3,1w6ls15,user_2af063d97e
t3,1w6lefh,user_5699cc9520
t3,1w6l499,user_132d939c69
t3,1w6kfdv,user_7f0f9f1689
t3,1w6kbxo,user_16ca863538
t3,1w6jwzg,user_5df781e228
t3,1w6jueb,user_7fd729dd53
t3,1w6jsks,user_71733fad8c
t3,1w6jlsp,user_4dfcddcec6
t3,1w6j8a7,user_0485dc6de9
t3,1w6j7o3,user_0cfbe133f3
t3,1w6j3jq,user_994ff018b2
t3,1w6isv1,user_351df209c6
t3,1w6i27l,user_1d0ff22248
t3,1w6hx7m,user_22f1156045
t3,1w6hpel,user_a24c46c855
t3,1w6hitr,user_42a66941fd
t3,1w6gola,user_218f922528
t3,1w6gbvj,user_661043fb86
t3,1w6g9du,user_c522e82c7a
t3,1w6g7jc,user_92e68ceeb9
t3,1w6g623,user_76da0a68e2
t3,1w6fpbl,user_8a336dbe0e
t3,1w6f7bn,user_a3eab0e4fa
t3,1w6f4sc,user_1088f48c56
t3,1w6ew3u,user_8b8f646a92
t3,1w6elf3,user_1d553d3637
t3,1w6dv0d,user_6df4a25a07
t3,1w6dr7u,user_7f240f4554
t3,1w6c5ta,user_8102c76729
t3,1w6bx43,user_84a0a93765
t3,1w6bmv2,user_6c31c89839
t3,1w6au50,user_2a906b2988
t3,1w6admc,user_7fd729dd53
t3,1w69tzw,user_7a8c19a476
t3,1w69nd2,user_14f95cbaf5
t3,1w68q9w,user_0a4c46ea15
t3,1w68pif,user_d86bf16867
t3,1w68fzg,user_0a4c46ea15
t3,1w68ccy,user_49e89b1ead
t3,1w67n5y,user_6cd42f953c
t3,1w67akh,user_efc7a01d58
t3,1w6761h,user_0a4c46ea15
t3,1w66y2z,user_c085735deb
t3,1w66wpd,user_c085735deb
t3,1w66t42,user_469a1cae8a
t3,1w66ee7,user_ce12e27dd7
t3,1w651hi,user_0fdab4bf72
t3,1w64g7a,user_00b8d01462
t3,1w62puq,user_db1d208f7e
t3,1w61mt5,user_25e7f0e3f5
t3,1w613wp,user_262f550df4
t3,1w5zlew,user_9b7b1da0d0
t3,1w5z739,user_436a67296a
t3,1w5z364,user_17a609a54f
t3,1w5ylvx,user_aaab42efcc
t3,1w5y0mo,user_42d0b4186e
t3,1w5w8jq,user_18976e6806
t3,1w5vsgc,user_7fb830af05
t3,1w5vhzo,user_8d1b57050d
t3,1w5uyjh,user_d8f6f7b910
t3,1w5uur0,user_2d33bdf480
t3,1w5tysy,user_14f95cbaf5
t3,1w5tugq,user_9152cbed5e
t3,1w5s2o8,user_18976e6806
t1,d9wc75x,user_6cebb28d61
t1,donkp2n,user_78dd1e0ad7
t1,dq672h0,user_92cf683db5
t1,dzbu4ot,user_437dcb70d4
t1,e27ixk4,user_e14badbd02
t1,e7g7jap,user_a764b4d1eb
t1,e8fr2n9,user_b29c2e58ea
t1,e8fue4t,user_ad16dac8fc
t1,e8gaz0z,user_a1b158062d
t1,ebxvlgg,user_ed3513cdf8
t1,eyn7k34,user_81292f603c
t1,ezhulkf,user_388f400fd2
t1,g66f8ie,user_abba3e4d4a
t1,glbmeqh,user_b6b7ac672f
t1,gm0pog6,user_a6803e3f85
t1,gtfd02l,user_11a03bfb47
t1,gwrmtrx,user_7807144050
t1,halnbkk,user_fbd2775936
t1,hebu83x,user_51872834cc
t1,hkrl66r,user_171feb4bf7
t1,ht4sahl,user_457b1ab443
t1,ht4z1jh,user_cc7950f4c5
t1,ht5j2b6,user_db5d927a62
t1,hxe4r0q,user_843e7d9817
t1,i3m9p19,user_43f969a1f3
t1,i4ywjt4,user_efccb2425a
t1,i75z2g5,user_b0f4c8fd92
t1,ihdrsxy,user_b3901af184
t1,im9exm2,user_fe33db3d9b
t1,ipgsrh7,user_086eff3130
t1,iy6dbb2,user_e8201bd5f5
t1,jg99048,user_a3d2d2a25d
t1,jnuqvj9,user_067d1d51ae
t1,jwau4qa,user_aaa018c0e4
t1,jwgamjl,user_d3c09846c2
t1,jy2zytj,user_d42f2a54f0
t1,k30gio0,user_c948514243
t1,kg0dgiz,user_8671b69291
t1,kq24zfx,user_e06fb50442
t1,kxuitlw,user_69c3d41e4b
t1,kzyybh9,user_a911f468e4
t1,l0pcimi,user_61b79ca072
t1,l22psai,user_997906d30c
t1,l2b2n5e,user_8a5e49f2a4
t1,l2fodf2,user_0e0aeea054
t1,lcytpij,user_6eaa427580
t1,len8san,user_33af1d1f7d
t1,lkz00id,user_587d8566fd
t1,lxas6e8,user_de9d1fe2fe
t1,m260jne,user_7313b06eaf
t1,m8659rm,user_f68b01f112
t1,manfevy,user_55a0973615
t1,maon5oq,user_4da7994f9a
t1,mdxnldc,user_a228422de6
t1,mepvcy0,user_aba5ca4f22
t1,mi574xr,user_76dbb4a8de
t1,mol7sve,user_171feb4bf7
t1,mz3d46j,user_b12da4af7c
t1,mz3qhxo,user_8ad97b5c02
t1,n4q2eji,user_d5d70f7b7c
t1,n8r9i8p,user_60fae2edb5
t1,nhm6x3y,user_dbb5f8482d
t1,nimu3ev,user_30b33f3222
t1,nlws3ys,user_31a5067214
t1,o7s6q8i,user_3eec6b151a
t1,ohw4dj0,user_0afebd4a6e
t1,ok9duma,user_171feb4bf7
t1,okaf5sq,user_002ed02a94
t1,okbf06h,user_7dc49882ac
t1,okhlcz8,user_e4e0f975bb
t1,okkmpru,user_730a1f03a6
t1,okyw50w,user_a6803e3f85
t1,okyx002,user_e441bb2924
t1,okzc9ms,user_a6803e3f85
t1,ol0ub1o,user_d7680aa663
t1,oldqqhv,user_427f58b083
t1,omlbsnp,user_ef518e908e
t1,op8d8wd,user_986fba331e
t1,opwuqz7,user_02e372109c
t1,oqaabvz,user_b072d80ccb
t1,oqp9nr8,user_2dd34bcab2
t1,oskzuzr,user_44a86c0ea8
t1,othczyy,user_7f2b1afc0f
t1,otnn31v,user_dc4c1cd160
t1,otnrjp9,user_be9ebd4276
t1,otnufpi,user_cd72260ae3
t1,oto7hn6,user_f9605eb869
t1,ou2wggs,user_ed0c968bb0
t1,ou2z4be,user_93b25aaf7d
t1,oul3qhg,user_471596d2f1
t1,ourqe9b,user_d735a517b9
t1,ov6drfk,user_060993f661
t1,ov8sfj2,user_c1266b4fd7
t1,oy9mj0w,user_80f098dfc9
t1,oygd6r5,user_cc7950f4c5
t1,oyo5c8n,user_8e1bd0b6dd
t1,oysh2c3,user_8e1bd0b6dd
t1,oz8fb51,user_de7a3ff1d3
t1,ozck3x1,user_f373bdea5f
t1,ozk5s5i,user_1fb842d791
t1,ozmvj0y,user_d68e3a56ba
t1,ozqxqcs,user_c522e82c7a
t1,ozucv3z,user_db28caa68d
t1,p07soi2,user_6a3cca5d5c
t1,p07y99p,user_04ed4d4bb3
t1,p0irl6y,user_339e69d524
t1,p0jjd6d,user_5d63286fad
t1,p0mb6tw,user_171feb4bf7
t1,p0xqt8t,user_a580931d16
t1,p0zc0jh,user_8a3d565276
t1,p16orjm,user_bf1dcad748
t1,p17mywq,user_b240ce812e
t1,p1b7pdh,user_151db9f0e6
t1,p1ct8dc,user_efa5f32dcc
t1,p1je2le,user_2f6b00d326
t1,p1le1kn,user_09fbbe2cb6
t1,p1yjdxm,user_5a02fbb148
t1,p222wdh,user_d92268515d
t1,p24vhxk,user_a2acf899ed
t1,p255pv2,user_52b7eb1702
t1,p2731p5,user_c12707a921
t1,p273a1y,user_1d5393fdad
t1,p2754k8,user_5dfa78e656
t1,p2766ql,user_af6aa80f9d
t1,p2c1tz7,user_8e7d65ff80
t1,p2khnvu,user_0c8b9a2842
t1,p2ntasv,user_e250337aed
t1,p2o36ld,user_577e725f8a
t1,p2r0kqk,user_9fce546a0b
t1,p2yzxx5,user_90b2361bb2
t1,p308fwy,user_a45fb6a539
t1,p3h6x58,user_c963beac13
t1,p3q8flg,user_c273db3f8a
t1,p3td4ai,user_a49b91117f
t1,p3uturs,user_388ce16334
t1,p3w0hre,user_b81cd0bb0e
t1,p3w5pn7,user_808893a057
t1,p3x44cp,user_e8bea64c72
t1,p400wde,user_0e5ef42ac9
t1,p454p0v,user_1046055969
t1,p459cf4,user_25d5cda483
t1,p49lb8i,user_18d0e34791
t1,p4h8d0f,user_3902c0f1cc
t1,p4igrd6,user_49f2364239
t1,p4ip560,user_03c6c70251
t1,p4qdccv,user_fb69b0e178
t1,p4sd1oc,user_dc7b241237
t1,p4u1xnz,user_ef2fe96ebe
t1,p4wk1ym,user_01cb1e02d1
t1,p53k0wi,user_ebcd00a95d
t1,p53vgef,user_e37052d782
t1,p55rf8j,user_91f86ea79d
t1,p5ihovh,user_63c446f3f8
t1,p5kcmqa,user_58851f08b3
t1,p5q0duz,user_fa67163d2d
t1,p5s3qws,user_fdfc0240a3
t1,p5t1j21,user_16009a7a19
t1,p5t6hcd,user_0a18023369
t1,p5twsp3,user_b89a33d9f6
t1,p5usm0x,user_3111f90338
t1,p5yaxps,user_290a8ed641
t1,p61tsp4,user_7539d45440
t1,p61zn3u,user_771ccfe47d
t1,p64vw8w,user_dd7cf340e1
t1,p65j0hl,user_bafd3fc76e
t1,p65oy9c,user_4c73ee853d
t1,p69zl8b,user_38d6a50482
t1,p6bh1fe,user_55a68fcba5
t1,p6jazqx,user_216d23cdf5
t1,p6jqbee,user_29cf82ffc5
t1,p6myyeg,user_d63d1801e5
t1,p6nm08y,user_f14e51d0c1
t1,p6pvgbw,user_2278c7f16a
t1,p6rc5mr,user_b4c38a47bf
t1,p6tadq6,user_0f3bdd4a81
t1,p6wmg1i,user_896955f33d
t1,p6wpr8f,user_0ccb533966
t1,p6wslb2,user_bd660fa2c0
t1,p6wwhlq,user_9b9924a8dd
t1,p6x1zxi,user_42a10e8814
t1,p6x29kf,user_e58109730b
t1,p6xcxz3,user_0c391cd1dc
t1,p6xtqiy,user_e20a38ce90
t1,p6y4x4l,user_13b38fc27a
t1,p6y71y2,user_c22c62ba34
t1,p6y7zrr,user_900d41f339
t1,p6y8zzt,user_82963c2eb9
t1,p6ytout,user_6a4cd76da1
t1,p6zg49w,user_b412e7b5d8
t1,p704mm9,user_753e2e85a6
t1,p70hwlr,user_1dd35f0367
t1,p70ro8m,user_7bd2d78858
t1,p70xzzp,user_85b85291fc
t1,p70z4yw,user_6a5da319ed
t1,p712lcq,user_7ae5122bb4
t1,p713cm2,user_3754c58523
t1,p714qw5,user_8d1b57050d
t1,p71gqw1,user_2ced82f12d
t1,p71x2bo,user_19046671fa
t1,p725kca,user_13ce9d6afb
t1,p72nwan,user_e637be5846
t1,p72pylu,user_d92a6f8b91
t1,p72s1h7,user_99d56c2e93
t1,p72s5p3,user_d1f20d877b
t1,p73dqj3,user_308de2437f
t1,p73pq18,user_91fc0796b3
t1,p73qzaf,user_d5d01d1dd4
t1,p74ai8b,user_41befa0f72
t1,p74axbs,user_ef414229fd
t1,p74ffal,user_5efb9c1d79
t1,p74p1v8,user_4950821a5c
t1,p75d59k,user_2d1660ec11
t1,p75dgff,user_5556f74fb6
t1,p75qnix,user_12d1092da4
t1,p75tlpe,user_d5f4bf1953
t1,p75vwtx,user_b9b74fd009
t1,p76p6ce,user_3a59d385c0
t1,p76psu9,user_9d8f883ae3
t1,p774ed3,user_838f0a2fd5
t1,p77clrt,user_dd35e57d31
t1,p78bruu,user_f53fa83a1a
t1,p78eozj,user_7338464e17
t1,p78oskp,user_cef2c101cf
t1,p78ziii,user_379113d9a5
t1,p78zjgs,user_88e2a7e949
t1,p7a5duy,user_f868e7262d
t1,p7ae1rm,user_fa27a00832
t1,p7aebnq,user_10c1635302
t1,p7awvga,user_e63eb3831d
t1,p7axbf0,user_c02f80a774
t1,p7axv2j,user_ebbab7d6ba
t1,p7b9xwf,user_ba4127d7a1
t1,p7bdeqx,user_8f58c78bcf
t1,p7bgwek,user_a8d4b6d80e
t1,p7bhts8,user_62d98e2339
t1,p7bmf7x,user_4b18443875
t1,p7boke5,user_39923b557a
t1,p7bu5ws,user_5ac281e3b8
t1,p7bxiaj,user_a63e1e267d
t1,p7c1hts,user_a56aae9f45
t1,p7clf48,user_85c6682ab9
t1,p7d7zms,user_9f3ee8dced
t1,p7ddy5x,user_366dcafe15
t1,p7dqbxa,user_6ac124f708
t1,p7dwo4b,user_56df71624a
t1,p7e4583,user_86bae9adbe
t1,p7e8di8,user_4322368304
t1,p7ecak7,user_ab308f0891
t1,p7eteyh,user_f7d72a0914
t1,p7euf3e,user_709761192f
t1,p7ev6rg,user_da9f0598ea
t1,p7evm55,user_cfdebb4110
t1,p7ezl6v,user_46cdbd0aa3
t1,p7f1c5i,user_decab3988f
t1,p7f25ur,user_9d0fee70b0
t1,p7f6dur,user_3bafabcb68
t1,p7f9svl,user_1b0338b78e
t1,p7fdwbk,user_e5eeed7075
t1,p7fdwp4,user_9e1684322d
t1,p7fh0gm,user_64ccdd95ae
t1,p7fn9z1,user_4f5e825254
t1,p7fu56o,user_1bd3a9686c
t1,p7fucah,user_2b705236d2
t1,p7fudwj,user_d623540eb2
t1,p7fv9fl,user_f81fa5c824
t1,p7fwlxc,user_4af8a97ce1
t1,p7fwweo,user_0bdca81c5b
t1,p7fx00r,user_fa75833bef
t1,p7fzwhh,user_b3233c0951
t1,p7g057o,user_e889483bb1
t1,p7g0ovg,user_b66459bfb2
t1,p7g37th,user_6847bfacb5
t1,p7g4oh3,user_192cf690a2
t1,p7g4q1c,user_88abc50f7f
t1,p7g5f0e,user_899a415d75
t1,p7g6xnu,user_bbd9009ad2
t1,p7g8cgl,user_65cf44140d
t1,p7gcfue,user_c522e82c7a
t1,p7gct43,user_6f6ca3ac2a
t1,p7gd4lt,user_f4690597cb
t1,p7gejz3,user_0b83e2239d
t1,p7geoxx,user_7e3b90a6db
t1,p7gfndy,user_0f0b3daf07
t1,p7ghsfc,user_c0941b4c0c
t1,p7gi8tb,user_97be89bb4f
t1,p7gjdkv,user_b8fdda7621
t1,p7gjjwf,user_4b53d5500c
t1,p7gkb0v,user_3dce2af00d
t1,p7gme7z,user_1366634194
t1,p7gmk90,user_3203fa304a
t1,p7gmmoh,user_677420fd32
t1,p7gn2f9,user_a4d2a9d534
t1,p7gnqfx,user_8d62d7e9e7
t1,p7gqy9y,user_b1aa22ac62
t1,p7gr10h,user_7e295b90f9
t1,p7gtsi8,user_5133d462d1
t1,p7guuyr,user_0140087839
t1,p7gwnyb,user_1d1b46e013
t1,p7gxf82,user_d1437c2a0f
t1,p7gy0sb,user_acb92294d0
t1,p7gyizb,user_eae2d900a2
t1,p7gzsp4,user_15837909ed
t1,p7h0qmn,user_bea37e3f98
t1,p7h1h33,user_5a67d1709f
t1,p7h1pvy,user_f513ec3c6a
t1,p7h3fsn,user_c99655e42a
t1,p7h3l9o,user_692337a1f7
t1,p7h8607,user_c2ce6ef1b1
t1,p7h8e93,user_d9a65c7071
t1,p7h977x,user_b91bfc9258
t1,p7h9jy6,user_1c57aac847
t1,p7h9qav,user_933b6a12a6
t1,p7haeh6,user_8decffa656
t1,p7hcktu,user_d8c422406e
t1,p7hd074,user_64d8d9edd3
t1,p7hd6u1,user_c096b324b1
t1,p7heh2i,user_894d9c0ed9
t1,p7hfnkk,user_804446c759
t1,p7hgdo6,user_8af81f206b
t1,p7hgfcq,user_a2f7da67ff
t1,p7hikri,user_670867519e
t1,p7hkcyg,user_b91bfc9258
t1,p7ho6w5,user_25b4e1f93d
t1,p7hq0p7,user_0440b9bada
t1,p7hrbv7,user_1c65f2a2dc
t1,p7hrdcl,user_f7ea8fab91
t1,p7hrkkl,user_5d2114dbff
t1,p7hs233,user_0493fe4218
t1,p7hte7r,user_7f5b78c3eb
t1,p7huw5t,user_71c3d5401d
t1,p7hw1dt,user_f9bb36ac86
t1,p7hw40z,user_860865b6ed
t1,p7hxi9u,user_193f117192
t1,p7hy0ut,user_a56b2f83af
t1,p7i1r8l,user_fcbb8a6df1
t1,p7i3yb9,user_1739c4a39e
t1,p7i57xf,user_a270032826
t1,p7i6v6z,user_be610be82a
t1,p7i7p6d,user_6bb02f3b97
t1,p7i8rvh,user_f004ae097c
t1,p7i8yud,user_6bb02f3b97
t1,p7i90xg,user_f004ae097c
t1,p7i98ef,user_c0036e9faa
t1,p7iaikq,user_27d79c40f7
t1,p7ibnde,user_f88dfad7d6
t1,p7ibvpq,user_217f6cd0fa
t1,p7ibzgi,user_c7c340e973
t1,p7icfym,user_3e34f220cd
t1,p7icr58,user_fed6d8b957
t1,p7if29n,user_42147d0c21
t1,p7ighy5,user_f5e964741d
t1,p7iie7c,user_8a1d1b39f2
t1,p7ijdc2,user_fe69e31ca8
t1,p7ikc04,user_d1d868b1a4
t1,p7ildea,user_56b6fd8f53
t1,p7inzcv,user_42a0b8d709
t1,p7io057,user_9177dc66ec
t1,p7iogrz,user_b4fc811ec0
t1,p7iogvz,user_70f3d21e78
t1,p7ioh0z,user_b3fb033f33
t1,p7ioucq,user_ba47788550
t1,p7ipvxn,user_b1aa22ac62
t1,p7iqfdt,user_b1aa22ac62
t1,p7iqkft,user_96c0279868
t1,p7iqq5h,user_fc082d453f
t1,p7ir6ek,user_023ecc4dd1
t1,p7it4h8,user_3bb3120852
t1,p7itmih,user_7cda5a193f
t1,p7ito92,user_84a8988f1e
t1,p7itupt,user_5330c768f1
t1,p7iyo9i,user_639eb94def
t1,p7j4oaf,user_3e61ed1ed8
t1,p7j5azu,user_9767d85a75
t1,p7j73qz,user_c162dae5fe
t1,p7j7ivm,user_2fd4ec01aa
t1,p7jaslw,user_d5407fb368
t1,p7jc8sv,user_a13a33c22e
t1,p7je5b9,user_fea9eeb5e0
t1,p7jgu2v,user_e81a381a57
t1,p7jjx4o,user_1d076905eb
t1,p7joslt,user_8330b0831e
t1,p7jqljp,user_d03b6d7016
t1,p7jraov,user_17f473e5cb
t1,p7jsg7w,user_ad9cc67aaa
t1,p7juged,user_48a6a2b656
t1,p7jvtdv,user_8da589bc07
t1,p7jwkf8,user_a40e0759a2
t1,p7jwnnx,user_7b60d150a4
t1,p7jx46m,user_0493fe4218
t1,p7jy3t2,user_1e5608e492
t1,p7jyyya,user_36b85a0e8b
t1,p7k1hcp,user_1e5608e492
t1,p7k3btd,user_acde28434c
t1,p7k3fbp,user_72e0e3dc23
t1,p7k3mf0,user_72e0e3dc23
t1,p7k3mvi,user_90b60460b6
t1,p7k3snc,user_72aa543f13
t1,p7k3th1,user_85618638b3
t1,p7k3vfo,user_6681b02b5e
t1,p7k45p5,user_72e0e3dc23
t1,p7k45sz,user_f405a3f6bb
t1,p7k47m9,user_7d639b2d8a
t1,p7k4skd,user_f33574cc00
t1,p7k4vfs,user_72e0e3dc23
t1,p7k54ch,user_4a2a3f2176
t1,p7k572u,user_72e0e3dc23
t1,p7ke3nv,user_92653454c4
t1,p7kej18,user_f472363d35
t1,p7kh8fy,user_37ba782881
t1,p7khadu,user_d25561f6d3
t1,p7kmfsg,user_cf3409f8cf
t1,p7kmtaf,user_702521f696
t1,p7koqhk,user_f45e507f18
t1,p7kp31g,user_191f3140cb
t1,p7kqjvd,user_3aac9d2d4c
t1,p7kr0fj,user_f02e6897c7
t1,p7kunsn,user_be4634c8e7
t1,p7kvtse,user_c469a837a0
t1,p7kvw6u,user_9aafce13eb
t1,p7kwmmz,user_2c840011e0
t1,p7kxav1,user_18a63876c9
t1,p7l1fnz,user_09fbbe2cb6
t1,p7l3kzs,user_1ef9500bba
t1,p7l9hdf,user_2d35941cfb
t1,p7layh6,user_b83d9eb601
t1,p7lcast,user_eae6e4142c
t1,p7lcp8e,user_eae6e4142c
t1,p7ld2rm,user_1c9692caca
t1,p7le6oe,user_1fd25898ef
t1,p7lhny5,user_75fb40afd2
t1,p7lhzw2,user_09f2db5a49
t1,p7lipyu,user_2d35941cfb
t1,p7lje3a,user_dfae7bed0a
t1,p7ljf36,user_ef2ddbae3b
t1,p7lmxew,user_aa0e302d7d
t1,p7lnict,user_01b9734fce
t1,p7lqn54,user_9d8f883ae3
t1,p7lslb4,user_0490713ced
t1,p7ltmt7,user_e9d4d9e227
t1,p7lupch,user_2efa9c2655
t1,p7lvnqz,user_8429b6d292
t1,p7lvu83,user_66ba594323
t1,p7lwkgw,user_1d5d778336
t1,p7lxeei,user_682ea7729f
t1,p7lyp0b,user_1bd3a9686c
t1,p7m03sx,user_dd87c8df10
t1,p7m0jbo,user_d9ebd6ebf2
t1,p7m3arp,user_804446c759
t1,p7m3ecy,user_4fed78bfa8
t1,p7m3rnd,user_8da589bc07
t1,p7m3zwl,user_72e0e3dc23
t1,p7m46l3,user_8da589bc07
t1,p7m4k2h,user_341cca2959
t1,p7m54k2,user_348a5cc39c
t1,p7m65fr,user_77f0a72dfb
t1,p7m68s7,user_4fed78bfa8
t1,p7m6c39,user_d481084b1b
t1,p7m6ym7,user_4ded225821
t1,p7m73yq,user_bb47607baa
t1,p7m74it,user_c273db3f8a
t1,p7m7hn8,user_a7c9b38067
t1,p7m7r05,user_f1fd5ff155
t1,p7m7s9r,user_7a68259487
t1,p7m7wo9,user_333f41ef3c
t1,p7m8f1r,user_dfae7bed0a
t1,p7m8g0h,user_90b60460b6
t1,p7m8l32,user_40fdc93d58
t1,p7m8mm8,user_325b38419d
t1,p7m8nck,user_90b60460b6
t1,p7m8nr5,user_4030820ab3
t1,p7m8rbn,user_90b60460b6
t1,p7m8vly,user_a75a19abb0
t1,p7m8znr,user_eb27e4528e
t1,p7m912t,user_90b60460b6
t1,p7m9f78,user_23cd6d0b1d
t1,p7m9i6c,user_7d9f4a1b3a
t1,p7mgnxh,user_be4634c8e7
t1,p7mhvvs,user_7669af0045
t1,p7micyk,user_e38e0e9898
t1,p7mifvu,user_d1bd6a48d7
t1,p7mixv1,user_e3c39f5c66
t1,p7mkuv3,user_48fdcf70b6
t1,p7mkywt,user_16e84e698a
t1,p7mlbct,user_608be6e1c7
t1,p7mljxv,user_94465df4cf
t1,p7mllfn,user_43a53c2bbd
t1,p7mlzgr,user_f33ce0f582
t1,p7mm7q2,user_6808b442ab
t1,p7mn1ud,user_a2f9e6e4d3
t1,p7mn1w0,user_542c263c33
t1,p7mnjj3,user_a3bb2a6af7
t1,p7mnu7f,user_d1541114cb
t1,p7mnuew,user_17f473e5cb
t1,p7mprj3,user_80a686327b
t1,p7mqcnu,user_c0dae8c516
t1,p7mqijx,user_5c59bf6dde
t1,p7mr9gm,user_9a33851143
t1,p7mrkau,user_0490713ced
t1,p7mrmot,user_86a09a72d4
t1,p7msfd5,user_661043fb86
t1,p7mu232,user_34843ae11a
t1,p7mure8,user_051834d698
t1,p7muwth,user_05fac048e2
t1,p7mvjfg,user_24bf643437
t1,p7mwzip,user_aec1c286b8
t1,p7myegq,user_b5b37d0f44
t1,p7n0j21,user_4e9382a9c8
t1,p7n156q,user_c6425ede1d
t1,p7n298g,user_94cf6402d9
t1,p7n3eo0,user_03bb625fc8
t1,p7n4r7e,user_c3e8bc40fe
t1,p7n72nu,user_f600cd6732
t1,p7n8gpb,user_700ddecdab
t1,p7n93cy,user_6a314b477e
t1,p7n9jmy,user_c9b819fb65
t1,p7n9mru,user_a7e91e1334
t1,p7nf1ev,user_539d6feb5c
t1,p7ng7fp,user_4e645aa7af
t1,p7nhwcp,user_cd9bc53195
t1,p7niew3,user_09fbbe2cb6
t1,p7niprg,user_51388b8393
t1,p7nj8lu,user_b95a4fdc47
t1,p7njpk9,user_6b737b1bc5
t1,p7nkma8,user_3523bcd8a2
t1,p7nm1rp,user_72e3f128ca
t1,p7nn052,user_b14edb661c
t1,p7nncmt,user_55d2e33075
t1,p7nnlk2,user_f026117583
t1,p7noqbo,user_daf7c75877
t1,p7novsz,user_3e4ae3f45f
t1,p7npyq7,user_af6db192c9
t1,p7nq7q6,user_ea190c382b
t1,p7ntwtu,user_2e73f24995
t1,p7nuib4,user_fdb03a5c85
t1,p7nv5tj,user_836b7dd88c
t1,p7nvksa,user_30660e9690
t1,p7nwh8e,user_4d56db7732
t1,p7nwkki,user_171b3b135a
t1,p7nxh91,user_72c29b43ce
t1,p7nyrl6,user_424c9a4a96
t1,p7nzi19,user_7f05172983
t1,p7o0q31,user_5df781e228
t1,p7o1gnd,user_cbf6452bba
t1,p7o1tuo,user_0ae0337e6f
t1,p7o1x7q,user_22f1156045
t1,p7o2c31,user_c2fcdb73d7
t1,p7o2l9t,user_e0752097e8
t1,p7o2q9l,user_7f05172983
t1,p7o30qt,user_22f1156045
t1,p7o3i7r,user_f96e39f093
t1,p7o4t6j,user_0820224dc8
t1,p7o57sh,user_e7144a069d
t1,p7o5c7f,user_09fbbe2cb6
t1,p7o5yvt,user_46e28b5f70
t1,p7o65b6,user_b295e80b75
t1,p7o66ro,user_a3455b8808
t1,p7o67pp,user_4a327284be
t1,p7o69xx,user_cbf6452bba
t1,p7o6l0h,user_05a6dc38c0
t1,p7o77ub,user_5a53b92f80
t1,p7o7thx,user_72e0e3dc23
t1,p7o800a,user_e4f042126a
t1,p7o87xi,user_5699cc9520
t1,p7o94s7,user_35892b4555
t1,p7o98g9,user_47940632c7
t1,p7o9qan,user_59c933650c
t1,p7obwve,user_378a54f733
t1,p7oc20q,user_e52e4d89e3
t1,p7ocvvm,user_3c0db2e638
t1,p7ocxkz,user_c52da8002d
t1,p7od3uc,user_31a12ac53f
t1,p7oe00h,user_5699cc9520
t1,p7oe066,user_a7520bb036
t1,p7oec81,user_b0e1847641
t1,p7oeeu3,user_3c0db2e638
t1,p7oeix3,user_b0e0840541
t1,p7oejz1,user_e7144a069d
t1,p7oeliu,user_3c0db2e638
t1,p7oeoe7,user_d294206070
t1,p7oexxe,user_aaee4fbbb3
t1,p7of16w,user_e54bcf0383
t1,p7of9op,user_b0e1847641
t1,p7ofar9,user_bb8c9914de
t1,p7ofgc7,user_bffc7495fe
t1,p7ofjrk,user_e10261a0d1
t1,p7ofmou,user_c8998f09e9
t1,p7ofxkk,user_17f473e5cb
t1,p7og24s,user_4705552b8e
t1,p7okrx7,user_21029c8651
t1,p7olapv,user_5cfcbefd23
t1,p7oqe0j,user_cb5278a220
t1,p7oqk5k,user_3744fec5e3
t1,p7os7uz,user_a633620457
t1,p7ouh1v,user_51068aa97f
t1,p7ouynr,user_2550ff2e1b
t1,p7ovuud,user_622368b9d4
t1,p7owxty,user_8c94cdcd4e
t1,p7ox81p,user_9907a4c562
t1,p7oxy2m,user_3744fec5e3
t1,p7oybo9,user_482d428827
t1,p7oyehs,user_7ae54615f2
t1,p7p23zg,user_fc91765ffd
t1,p7p2f5h,user_2d106cc011
t1,p7p4b16,user_65c14d6e30
t1,p7p4txe,user_c942c3fd77
t1,p7p4zlz,user_c5a3796b41
t1,p7p5xnf,user_59f6cbdc4e
t1,p7p7ga8,user_1c256c14d0
t1,p7p8pfg,user_e59ed87fd0
t1,p7p8w82,user_82ceaee521
t1,p7pae3m,user_ba01d72d55
t1,p7pahs6,user_1e568071cc
t1,p7pb2bu,user_170af799a1
t1,p7pbyxb,user_75f1ce8883
t1,p7pcsm0,user_9b5986beb8
t1,p7pdaqg,user_5c1ac25b92
t1,p7pddfr,user_7aa3c60b2c
t1,p7pe5fr,user_15a626586c
t1,p7ped9t,user_f43aea1e2a
t1,p7peqfc,user_9bfedf9f64
t1,p7pevzv,user_5c1ac25b92
t1,p7pfwbd,user_5f94992093
t1,p7ph3bx,user_999f88dcb4
t1,p7phdy8,user_a6d844641b
t1,p7pkeiz,user_eb8856808a
t1,p7plqbg,user_464099daa1
t1,p7pnnkz,user_9b81208651
t1,p7pnowg,user_4eb62b537d
t1,p7po3vd,user_2a8c1f3e1e
t1,p7povio,user_4b53d5500c
t1,p7ppl5r,user_3ea22243aa
t1,p7pq054,user_3130d81f4b
t1,p7pqlfz,user_5d1a6ea359
t1,p7pr0tr,user_2a8c1f3e1e
t1,p7psaix,user_f475d082cd
t1,p7psm4i,user_cf42ba7e30
t1,p7psw33,user_ab2a8dac74
t1,p7ptp6c,user_0c391cd1dc
t1,p7ptswk,user_d73e2e1c5c
t1,p7ptwa3,user_ddcb47a2fb
t1,p7pud3k,user_3bef7c7f4d
t1,p7pue1u,user_9c61647337
t1,p7pukf1,user_80b72cc209
t1,p7putha,user_8dc9d7d31b
t1,p7puy4x,user_91a7729981
t1,p7pvbzj,user_5c49948a26
t1,p7pvenk,user_dd502b73cf
t1,p7pvf3h,user_4fbdce7e2f
t1,p7pvi8x,user_a3875344a8
t1,p7pw4k9,user_4de7f39679
t1,p7pw5ik,user_465a3579db
t1,p7pwif7,user_213db5898e
t1,p7pwrr6,user_1f3609f61a
t1,p7pwzvc,user_8990aaf91a
t1,p7px7me,user_3744fec5e3
t1,p7pxchp,user_269a84eede
t1,p7pxfw3,user_7c490001e5
t1,p7pxmyo,user_c73d1aa602
t1,p7pxylz,user_042fae0b12
t1,p7py28f,user_07515dd506
t1,p7py6wz,user_596f9455f4
t1,p7py9ov,user_4de7f39679
t1,p7pyvly,user_c634c2321f
t1,p7pyydi,user_6987b1f15c
t1,p7pz09t,user_37bc3e6768
t1,p7pzdah,user_42656e37f2
t1,p7pzham,user_bffc7495fe
t1,p7pzip5,user_7fb98d31e7
t1,p7pzv46,user_945b48705d
t1,p7pzvbs,user_042fae0b12
t1,p7q0afd,user_9895bb9a40
t1,p7q0m3y,user_e46aa4ee0d
t1,p7q0pzc,user_bffc7495fe
t1,p7q0ve4,user_d8bbc8b769
t1,p7q11ai,user_3e4ae3f45f
t1,p7q147o,user_697306aedb
t1,p7q1d42,user_ab1c27d707
t1,p7q1dkt,user_d405b8761c
t1,p7q1ha7,user_56126d54b3
t1,p7q1mit,user_790d70ede3
t1,p7q1y5p,user_c62e1c1c1f
t1,p7q23dw,user_5556f74fb6
t1,p7q2b7l,user_7929830bfb
t1,p7q32zf,user_cb09cfbf72
t1,p7q3fww,user_4e453d8fe8
t1,p7q3i2d,user_8dc9d7d31b
t1,p7q3nxe,user_4de7f39679
t1,p7q8k82,user_4c19b6abcc
t1,p7qfscg,user_b2bc61081c
t1,p7qg5vg,user_a49469e7df
t1,p7qg68s,user_b2bc61081c
t1,p7qgn68,user_98e6672af7
t1,p7qjlin,user_b70b99b512
t1,p7qko54,user_46056b0b8b
t1,p7qlpu4,user_d6101fe2db
t1,p7qlyl1,user_fe753e5087
t1,p7qm39a,user_4944c1a9ef
t1,p7qmf7w,user_8fa81ade6a
t1,p7qqs54,user_b1ed6cd1c3
t1,p7qr8lz,user_4de7f39679
t1,p7quvt6,user_4e8bb4d33c
t1,p7qv09e,user_5e0ae56134
t1,p7qv2h0,user_a812d30ef4
t1,p7qx2ag,user_c469a837a0
t1,p7qy1jf,user_f809ea6a88
t1,p7qy7hu,user_ad9cc67aaa
t1,p7qz8hi,user_89485a0223
t1,p7qzlj5,user_051d6576e0
t1,p7r20xg,user_5e426e74d8
t1,p7r2t6h,user_be4634c8e7
t1,p7r3swj,user_bffc7495fe
t1,p7r3y0w,user_4d6ea736b4
t1,p7r432v,user_be2aa59421
t1,p7r6zpw,user_0a638143d0
t1,p7r7rib,user_a306fc6a7f
t1,p7r7xwu,user_48cd53690e
t1,p7r816r,user_8ea1dffc48
t1,p7r88ft,user_a816508de7
t1,p7r8ibu,user_3a85b312e9
t1,p7r92lj,user_4b49989160
t1,p7ravxv,user_9cf7d0264d
t1,p7rayad,user_1901d10e57
t1,p7raz1l,user_a816508de7
t1,p7rbpji,user_e3e53fbca7
t1,p7rc1il,user_f75d221925
t1,p7rcc3q,user_6361a233b1
t1,p7rcud1,user_81914dc380
t1,p7rd5fp,user_666bd85ac4
t1,p7rd5md,user_58554cfc02
t1,p7rdmkf,user_3a62debeec
t1,p7rdpi0,user_40fe3c84ac
t1,p7rdts2,user_762da0a7aa
t1,p7re1mg,user_74226adb66
t1,p7re4d8,user_25b36c8be0
t1,p7rln43,user_78b6d64f82
t1,p7rra5j,user_ddd929167c
t1,p7rsjix,user_6775a6c7b9
t1,p7ruhkc,user_1b2dfb41ac
t1,p7ruxef,user_f08c93c97b
t1,p7rw99h,user_81e5471d4b
t1,p7rz3te,user_fd906d9ca2
t1,p7rz4eb,user_7cae0d7f9e
t1,p7s0t72,user_56f163167d
t1,p7s2p9s,user_3d9c17abf3
t1,p7s3srj,user_8860b20b32
t1,p7s4xty,user_a377642a78
t1,p7s5r27,user_0f168a40b6
t1,p7s8w42,user_5bc0d9fac0
t1,p7s9b2d,user_7cdb036214
t1,p7sao1m,user_ed0c968bb0
t1,p7sapw7,user_6ee52ca64b
t1,p7sd6cs,user_39d82aedb0
t1,p7sdh4a,user_faed976d45
t1,p7se71v,user_82af80998f
t1,p7seyxu,user_6864eedb2d
t1,p7sf0rx,user_06b3e385c9
t1,p7sg2p7,user_48fdcf70b6
t1,p7sgsg2,user_dd35e57d31
t1,p7sj7i8,user_1b732fa4d1
t1,p7sk1vd,user_4e05391acf
t1,p7snglp,user_a51737271d
t1,p7soaz5,user_3d2fc5d873
t1,p7sqz2n,user_66b9dba7d1
t1,p7srgqb,user_ce3d6c5093
t1,p7stc4i,user_5d3d6807fc
t1,p7stu86,user_e1a4656d99
t1,p7swfvi,user_06b3e385c9
t1,p7sztgh,user_48fdcf70b6
t1,p7t07b6,user_919d3f6452
t1,p7t1rzm,user_2276bc6cf2
t1,p7t419b,user_b85c1c4ed0
t1,p7t4qvd,user_ccaba890ee
t1,p7t5vog,user_97be89bb4f
t1,p7t6wjp,user_e2bb133780
t1,p7t7gkl,user_57e42b0de1
t1,p7t7s8q,user_6d5fe4f168
t1,p7t7w6w,user_ce96243d42
t1,p7t8cg7,user_6c31c89839
t1,p7t8ic0,user_c7de25500b
t1,p7t98le,user_c2f397d4f0
t1,p7t9bom,user_588549fd45
t1,p7t9hwt,user_da64ea6e06
t1,p7t9lou,user_17372470f3
t1,p7t9y6p,user_73b1deeb3b
t1,p7taolz,user_1dd35f0367
t1,p7tb280,user_48fdcf70b6
t1,p7tbd0e,user_82006dcb4e
t1,p7tbvo1,user_dfb33668c6
t1,p7tbzp8,user_bb8c9914de
t1,p7tcbuz,user_f8e8854568
t1,p7td04e,user_0781edab50
t1,p7tddir,user_e8b6638f03
t1,p7te3gw,user_eb779a5827
t1,p7tfe5s,user_3ab5d54bea
t1,p7tfpgd,user_a0ad4b8790
t1,p7tfpk6,user_74631e9af4
t1,p7tg2ga,user_80b6f13d2d
t1,p7tgbcx,user_726cb08ed3
t1,p7tgils,user_48fdcf70b6
t1,p7th8dv,user_bb55c0d179
t1,p7thdv9,user_94c3db360b
t1,p7tib1w,user_9975cf02c8
t1,p7tj5gc,user_9696e35bdc
t1,p7tjqfd,user_44bc4e68f1
t1,p7tkhdq,user_f727dd2bee
t1,p7tkl2k,user_8d6c572259
t1,p7tkupf,user_dc3ea94b78
t1,p7tle3h,user_0867c8ca8e
t1,p7tqdx6,user_9402e8bdd7
t1,p7tw2fe,user_63664a20f4
t1,p7tyrww,user_b38a876d0b
t1,p7u0eag,user_f6797f1cd3
t1,p7u48zx,user_cceae3a629
t1,p7u550v,user_d00fd5034d
t1,p7u5d94,user_c419bffb5a
t1,p7u5tur,user_bcd726da63
t1,p7u690u,user_fe6a4e4413
t1,p7u77i8,user_f57dbbe236
t1,p7u78cw,user_5dfa78e656
t1,p7u7tql,user_c23844023f
t1,p7u99i9,user_5df781e228
t1,p7u9j03,user_97be89bb4f
t1,p7ucyb5,user_8164a502ac
t1,p7uec9z,user_060993f661
t1,p7uegul,user_624db05ba1
t1,p7uer7t,user_81039cbe75
t1,p7ufm0u,user_c8aa62ab8b
t1,p7uixed,user_04935dcd34
t1,p7ulv4e,user_eadbe8c9bd
t1,p7um2mr,user_f021cd0c2c
t1,p7unens,user_6226f1a3e1
t1,p7unetx,user_77f5c9eb48
t1,p7uoa3k,user_c777ae1a17
t1,p7upui8,user_8c74082652
t1,p7uun9p,user_2573384390
t1,p7uv5ae,user_91c673d2f6
t1,p7uvdpy,user_bb8c9914de
t1,p7uw5kp,user_49c2787fc5
t1,p7uwy6p,user_e8fd3090d3
t1,p7ux0za,user_c925c90e45
t1,p7ux8c6,user_19b3b8f115
t1,p7uxkl7,user_771ccfe47d
t1,p7uyf5w,user_06b3e385c9
t1,p7uyh9t,user_ec59d6d405
t1,p7uzpx5,user_9730cf2178
t1,p7v2xd6,user_5de85bcb9b
t1,p7v3fak,user_060993f661
t1,p7v5gon,user_b6a866af0a
t1,p7v5xyg,user_52d7790421
t1,p7v6d9j,user_41b5938a05
t1,p7v7n5h,user_2f2cff924e
t1,p7v8qrk,user_2af063d97e
t1,p7v8t86,user_f113c5ff5d
t1,p7v96j7,user_31d9c18f17
t1,p7v9fus,user_1fe148b024
t1,p7vba2t,user_6fd832dacd
t1,p7vc0i0,user_d162267190
t1,p7vcj0a,user_4a9fe97f33
t1,p7vdhjx,user_efb6133413
t1,p7veqqj,user_50d8585543
t1,p7veubc,user_e8fd3090d3
t1,p7vfnny,user_2569792514
t1,p7vgsu9,user_eb6a1d93d2
t1,p7vgyan,user_0c8b9a2842
t1,p7vhv1m,user_7dc76b61f5
t1,p7vi743,user_43a2062acb
t1,p7viau2,user_e37e5eb6ce
t1,p7vibi6,user_3179d9292a
t1,p7vii87,user_5e0b80bf68
t1,p7vixp8,user_5a89a4a783
t1,p7vj8j9,user_2d0206782a
t1,p7vjd04,user_78dacfbc15
t1,p7vjdta,user_0490713ced
t1,p7vjep5,user_98c617944c
t1,p7vjvgw,user_71c3d5401d
t1,p7vkbva,user_581e8a10e4
t1,p7vkmny,user_fc9b61b4cb
t1,p7vl6ng,user_bb92cb3e43
t1,p7vladq,user_425b5ddeb8
t1,p7vs5wm,user_2af063d97e
t1,p7vt1t2,user_5e0b80bf68
t1,p7vvsny,user_0c8b9a2842
t1,p7vzsxy,user_bf1dcad748
t1,p7w0zzn,user_92522cb7db
t1,p7w1omf,user_bf0d9427b1
t1,p7w3bkr,user_39cb400a7b
t1,p7w6l00,user_02d9b8cb28
t1,p7w8977,user_4b53d5500c
t1,p7w8etc,user_61909a5d75
t1,p7w8x38,user_0b95127c93
t1,p7w9e4w,user_04f6824edd
t1,p7wa0fx,user_e452b6495d
t1,p7wbgbe,user_25e8325dcf
t1,p7wckuc,user_30b33f3222
t1,p7wdhsp,user_97ab77c3d7
t1,p7wfw4v,user_b5d0572245
t1,p7wg0fl,user_bf037eeb9a
t1,p7wicqs,user_aa1b612273
t1,p7widw6,user_23a8a76ac8
t1,p7wivdk,user_30b33f3222
t1,p7wiyrz,user_5e6804fdde
t1,p7wjuyz,user_b5d0572245
t1,p7wjyuc,user_b66459bfb2
t1,p7wmlbu,user_66bea7e08a
t1,p7wmt5o,user_75954a51c0
t1,p7wnmeb,user_50201ce08e
t1,p7wpo97,user_077e874a7b
t1,p7wr7sc,user_43ce00099c
t1,p7wtrme,user_136ee08c94
t1,p7wv4mo,user_420b6d31dd
t1,p7wwe8i,user_b8f42b1ff7
t1,p7wxhaz,user_68cf797086
t1,p7wxwp0,user_c4f13604df
t1,p7wybc0,user_e25ddd1959
t1,p7wydsg,user_3bd44ae7ba
t1,p7wzeib,user_a66c7203e7
t1,p7x0223,user_91474b4d67
t1,p7x141n,user_e5ee84d70d
t1,p7x275n,user_0c8b9a2842
t1,p7x2idq,user_5b676d053f
t1,p7x5ojg,user_83dcfc068f
t1,p7x5pug,user_e17d7b48a7
t1,p7x5vn0,user_4c6eb7977f
t1,p7x60b7,user_9a05ff7dc5
t1,p7x61xp,user_3f5bd081b1
t1,p7x6moc,user_47940632c7
t1,p7x6vph,user_9e605cedbe
t1,p7x6ww5,user_06546ca3d3
t1,p7x75eb,user_4448b3a8b5
t1,p7x75zm,user_aa2be3c650
t1,p7x7e4c,user_0314062974
t1,p7x7fi1,user_61bd6dde09
t1,p7x7gna,user_a22cd7308b
t1,p7x7gsz,user_0314062974
t1,p7x7ox7,user_d59de6ed5d
t1,p7x7rwf,user_19db82fa86
t1,p7x7vo1,user_6837ac798c
t1,p7x7xdl,user_09fbbe2cb6
t1,p7xavur,user_400371a24a
t1,p7xb9f3,user_2af063d97e
t1,p7xc2ma,user_22ac46fdff
t1,p7xcru4,user_0e1788ae60
t1,p7xecxh,user_7800320eda
t1,p7xiwwa,user_1a42fe87e0
t1,p7xj6ju,user_2012c7681e
t1,p7xkxnq,user_fcd2be3960
t1,p7xn4r9,user_56a64aeac0
t1,p7xn6fl,user_4125ce0061
t1,p7xqaa2,user_fa004aa2b8
t1,p7xr6xr,user_f88e621caf
t1,p7xs0ts,user_fe753e5087
t1,p7xtcfr,user_767c825f76
t1,p7xtib8,user_364dc35e25
t1,p7xtij6,user_4d8d1ac90a
t1,p7xu5ee,user_9fafe8fab3
t1,p7xug2a,user_f52e10bc6c
t1,p7xuopb,user_be610be82a
t1,p7xx4xa,user_58864628bb
t1,p7xxi3p,user_9fc7d49c91
t1,p7xyncx,user_f0ec4642e0
t1,p7y033n,user_814393a164
t1,p7y0gwm,user_999fd662d0
t1,p7y1a9v,user_d59f56fcb9
t1,p7y1cg3,user_9e96c0c136
t1,p7y1enm,user_d4c82a133d
t1,p7y23v8,user_26e0fde08b
t1,p7y32r6,user_da3de8bb91
t1,p7y3nf3,user_893d929d95
t1,p7y3oxq,user_7ce6e6327c
t1,p7y5764,user_fe753e5087
t1,p7y616e,user_bf50cf1102
t1,p7y6w3v,user_09933885bb
t1,p7y6xoz,user_3fe7c99641
t1,p7y7eun,user_0669ccb80f
t1,p7y8deb,user_54e63fba60
t1,p7y8e1i,user_a95ed1671a
t1,p7y8x5a,user_e01716ad0f
t1,p7y92sn,user_06b4e5d071
t1,p7y93aq,user_26e0fde08b
t1,p7y95w1,user_a776881902
t1,p7y9eyf,user_3c712d16f0
t1,p7y9kee,user_a542708ecd
t1,p7ya4b1,user_db796921c8
t1,p7yasgu,user_6f8394ca1e
t1,p7ybetn,user_de830994bc
t1,p7yc1py,user_49828fc94a
t1,p7yc7l1,user_4126b49be3
t1,p7yclza,user_959a4d2094
t1,p7ycrkj,user_dc032f1b63
t1,p7ydcny,user_82d7cd75b8
t1,p7ydrd7,user_35c399b5fe
t1,p7ydrhg,user_205bc4879c
t1,p7ydt77,user_11972610d4
t1,p7ydyhd,user_5ac9611066
t1,p7ye311,user_b58ebc2d6b
t1,p7ye34u,user_612e54496f
t1,p7ye50r,user_9c27bd4643
t1,p7ye5t1,user_a4b8210d6f
t1,p7yeap5,user_fef5587e69
t1,p7yehf7,user_c9d2ab8a2d
t1,p7yeksy,user_c8c05bdd6a
t1,p7yelqc,user_6882ce4759
t1,p7yeour,user_747237ac52
t1,p7yf2v1,user_3481a662c1
t1,p7yf6hi,user_a944b5c68b
t1,p7yf8w6,user_e2938c1b49
t1,p7yfjw4,user_fb5c1ec136
t1,p7yfkok,user_8f5b640941
t1,p7yfm5k,user_9fa356ecea
t1,p7yfzom,user_9cf7d0264d
t1,p7yg01c,user_28b0e9f15b
t1,p7ymwae,user_8c5885be82
t1,p7yp4du,user_4ea17129ba
t1,p7yq40a,user_a95ed1671a
t1,p7yqqw6,user_e0b761f76e
t1,p7yrm95,user_454a5cb61a
t1,p7ytho0,user_1eea5e2c90
t1,p7yxw80,user_4b0dde5f67
t1,p7yyogt,user_f4dbc1b2e3
t1,p7z0r9l,user_5a7eafb0ce
t1,p7z3ntu,user_13803bbc38
t1,p7z4bpe,user_1081690901
t1,p7z5gmf,user_644331ede0
t1,p7z5i5z,user_4cd546b029
t1,p7z606a,user_ad7da0aef8
t1,p7z6lzr,user_5b2f5fedf6
t1,p7z6ovd,user_5f37f7caec
t1,p7z7ccv,user_4175669ea5
t1,p7z8tkn,user_64d8d9edd3
t1,p7z8z51,user_be610be82a
t1,p7z91px,user_12d7da100e
t1,p7z9ir1,user_9293d310f1
t1,p7zblly,user_6974053cc2
t1,p7zbql2,user_d2e6b4d333
t1,p7zde47,user_be610be82a
t1,p7zejtf,user_318096cdff
t1,p7zjb1p,user_815f37222f
t1,p7zkoz4,user_16009a7a19
t1,p7zlk51,user_44572c0470
t1,p7zmyrw,user_68a8fd9621
t1,p7zmysv,user_b2cbf252ec
t1,p7zo1gr,user_43a53c2bbd
t1,p7zofkq,user_cbec0a4e71
t1,p7zoso8,user_779de4a6d6
t1,p7zpko2,user_07380ce2ef
t1,p7zr0s8,user_ad7da0aef8
t1,p7zs72n,user_542c263c33
t1,p7ztzwg,user_8da589bc07
t1,p7zu1ie,user_68a8fd9621
t1,p7zudap,user_338e6d5f1e
t1,p7zwt1c,user_e27298e472
t1,p7zxlqr,user_7fe134974a
t1,p7zxnrz,user_2e6812df53
t1,p7zyi32,user_4a052c00f6
t1,p7zyxus,user_91a641686a
t1,p7zzva7,user_baa86e4950
t1,p8002gk,user_b0bed35319
t1,p8011j5,user_0451eea505
t1,p80387x,user_1b29b6bed9
t1,p803kyg,user_256621001f
t1,p804at1,user_a44cc90d41
t1,p804m7i,user_6512d74ee7
t1,p8056y7,user_45eedbfff4
t1,p8057a7,user_d162267190
t1,p805i3t,user_728de3e875
t1,p807h51,user_3c48424ff4
t1,p807q9u,user_728d73d459
t1,p807qm0,user_14215f20f9
t1,p807uck,user_af6db192c9
t1,p8082oq,user_1d5d778336
t1,p808phb,user_71c5cd5408
t1,p80967t,user_0c93bcf611
t1,p8099oc,user_99002f9aa3
t1,p809cov,user_efb04a00ef
t1,p809hh0,user_09fbbe2cb6
t1,p80aby8,user_6bf0960d9a
t1,p80ae6q,user_a0712799ce
t1,p80arpm,user_c56d2b6b1f
t1,p80b2vy,user_5819157a27
t1,p80b5j2,user_f7ea4375cd
t1,p80b806,user_c9b819fb65
t1,p80cb8m,user_836a87b32c
t1,p80cfkh,user_1c41b4b5e2
t1,p80cnrv,user_b88519d42d
t1,p80dli5,user_ab12a0a4b2
t1,p80dsn8,user_df4c8cbe06
t1,p80dzpx,user_f6d3efb1c3
t1,p80e21g,user_e0d99bce03
t1,p80ew2l,user_21cfef646a
t1,p80f3l0,user_e903ccf3fb
t1,p80f6cb,user_8b87306eba
t1,p80f9en,user_0f5ba55f40
t1,p80fr5j,user_09fbbe2cb6
t1,p80frdf,user_639951698f
t1,p80fxtm,user_f53d449bdb
t1,p80izhp,user_7a341cc66e
t1,p80jyfw,user_b84110785e
t1,p80mww2,user_c2ef4db922
t1,p80puh0,user_6539f93327
t1,p80qo18,user_965cc15c6b
t1,p80r570,user_588cf170ce
t1,p80rbdp,user_d405b8761c
t1,p80rg9j,user_0b8b62071f
t1,p80szhb,user_c9e764a1ff
t1,p80tqsm,user_a71da702f4
t1,p80ubqn,user_14215f20f9
t1,p80v5f3,user_28d2bb6e5b
t1,p80w9fn,user_6ab791acc6
t1,p80wv3b,user_0e1788ae60
t1,p80x1g2,user_51929306be
t1,p80xrez,user_186c9635a2
t1,p80yai3,user_af6db192c9
t1,p80yio0,user_67dd502e22
t1,p80ylc8,user_c536a43800
t1,p80zn94,user_91498e5e9b
t1,p810lkk,user_d2f86a24d3
t1,p811r3j,user_482d428827
t1,p812w2d,user_96c0279868
t1,p815hnp,user_d2f92c7697
t1,p815tcv,user_843762f5fd
t1,p8161tf,user_7f5d88d676
t1,p8176rx,user_6980000cc6
t1,p817bzj,user_782b3aff35
t1,p818ua5,user_de383c2688
t1,p818xpu,user_e54bcf0383
t1,p81bew8,user_a7f15616af
t1,p81dd5s,user_4c50fa609f
t1,p81dlf7,user_9646a6fdbb
t1,p81dvff,user_91fd6d9418
t1,p81dvio,user_41da80a8ff
t1,p81et0t,user_9a22615856
t1,p81g7gh,user_d06ab627ff
t1,p81iea0,user_c9bc9211e6
t1,p81is41,user_952aafd6dd
t1,p81mkzf,user_fc30c954f0
t1,p81nofh,user_9f5b092b19
t1,p81nrm9,user_56c46b5d63
t1,p81oady,user_4383b09728
t1,p81ordc,user_5f7221a5dc
t1,p81ot2i,user_000c8975b6
t1,p81p9bk,user_7119deb655
t1,p81rdfm,user_8ab9a8ffb6
t1,p81rsg8,user_a8a628073c
t1,p81rthj,user_2b8000bafc
t1,p81tir7,user_0ceaeefd8c
t1,p81vp3l,user_a70c82a2e3
t1,p81vtxg,user_52c8285177
t1,p81zexe,user_5f7221a5dc
t1,p820m1w,user_ab308f0891
t1,p82255e,user_dbfd394abd
t1,p822tr8,user_655737af4e
t1,p822x0q,user_dbfd394abd
t1,p8238kg,user_2e6812df53
t1,p823alo,user_ab308f0891
t1,p823nhj,user_482d428827
t1,p823y7l,user_d06ab627ff
t1,p8249r7,user_2ad1c4055c
t1,p824f65,user_d1f400fcd6
t1,p824xv9,user_bffc7495fe
t1,p827pc3,user_4568f4aae3
t1,p8291dy,user_09fbbe2cb6
t1,p82a257,user_09fbbe2cb6
t1,p82a4m3,user_8e24a87109
t1,p82a7gu,user_946a3fdd32
t1,p82arku,user_b8c4be6c36
t1,p82bo7h,user_b87df341c0
t1,p82bs25,user_ea90302b9f
t1,p82c0yu,user_658af009ad
t1,p82dwdz,user_379113d9a5
t1,p82dwo4,user_351a2cb931
t1,p82e146,user_99f758f66a
t1,p82e7b1,user_99f758f66a
t1,p82eg5l,user_c00d320646
t1,p82eict,user_ea90302b9f
t1,p82etow,user_eb987921c8
t1,p82eyjm,user_7fdc7aa4a3
t1,p82f4aw,user_4568f4aae3
t1,p82f6jd,user_8e3e7805b4
t1,p82f8rj,user_588cf170ce
t1,p82imth,user_d626c62493
t1,p82jzlo,user_3590a50820
t1,p82kgyf,user_ce2e8ba5eb
t1,p82kx9k,user_99f758f66a
t1,p82os1w,user_2815caf367
t1,p82rshh,user_a842fdcb44
t1,p82u2cn,user_56a80e3f61
t1,p82yrph,user_59c933650c
t1,p82z5cg,user_074c0e1405
t1,p831k6n,user_99d56c2e93
t1,p833rzu,user_97edf48ef6
t1,p833za7,user_6258025b79
t1,p8351cz,user_1ee73b389f
t1,p83atp5,user_01d67ff23c
t1,p83elvc,user_8c4dc35812
t1,p83f9tn,user_4c65cd3dc7
t1,p83g4wo,user_bd3fec28ba
t1,p83j0oh,user_27b873754a
t1,p83j46v,user_a34e51faba
t1,p83jmm4,user_4fed78bfa8
t1,p83kkwx,user_582c1ab25c
t1,p83kvag,user_efa56a122d
t1,p83mrnq,user_6c8036ff4b
t1,p83ohf8,user_54bebcfa7f
t1,p83s5il,user_f6d3efb1c3
t1,p83srpp,user_0a404159f1
t1,p83uppo,user_4a2b5ca9fd
t1,p83v7cr,user_10147fb6ae
t1,p83vljn,user_f338851a1a
t1,p83whsx,user_c2fbc41025
t1,p83xr6v,user_616f50d2d7
t1,p83yghf,user_d089920660
t1,p8468i0,user_bbaab245fa
t1,p84gojs,user_b3ad9be47e
t1,p84nxep,user_89c9fd24ab
t1,p84pe3b,user_9fa77f24a6
t1,p84pqwm,user_e0cd15a4b9
t1,p84qu5c,user_00ab66f3a3
t1,p84qvfm,user_961583a618
t1,p84rx88,user_7e05832ad6
t1,p84wsbw,user_d4b23577dc
t1,p84xifb,user_dc4b5bc9bf
t1,p84yb66,user_ce67d28bb3
t1,p8502x6,user_09f454f2ea
t1,p850oms,user_e0cd15a4b9
t1,p850pt1,user_7d1c8a2f0c
t1,p850u23,user_25b5ae9b1c
t1,p8510iv,user_9c88260020
t1,p851d6y,user_4c9d83c5fd
t1,p851pv1,user_7d1c8a2f0c
t1,p85276g,user_65a0b3ce0a
t1,p853c82,user_782b3aff35
t1,p853nwd,user_8a9388bf85
t1,p8544cn,user_af39988bd8
t1,p854ve9,user_aa2be3c650
t1,p854y8g,user_c9d2ab8a2d
t1,p855lwr,user_b57b0757d4
t1,p855txy,user_6083f31926
t1,p855uts,user_b398637574
t1,p8561kr,user_86902f7c90
t1,p856hbk,user_aa2be3c650
t1,p856jft,user_f30d23523c
t1,p856r4s,user_aa2be3c650
t1,p856t9t,user_16d667feb3
t1,p8571le,user_c5689102c7
t1,p857kqq,user_bda4601e01
t1,p857s6e,user_403a498348
t1,p857tw4,user_35699267bf
t1,p857x5i,user_369f804cf7
t1,p8580og,user_c5689102c7
t1,p8581zs,user_8ea050531b
t1,p8583e1,user_f00058035d
t1,p8583u7,user_ac563a5a8c
t1,p85a2bw,user_33907315f9
t1,p85aic1,user_322423da56
t1,p85dq3b,user_6cada03746
t1,p85h76e,user_3bb3606bd0
t1,p85h7m7,user_cdebb77e65
t1,p85hbqi,user_5bdd8cae5f
t1,p85j20n,user_ad7a7d7a3b
t1,p85mjue,user_be7554a979
t1,p85n6ro,user_2fd4ec01aa
t1,p85qfv1,user_abb3924882
t1,p85sa4p,user_3de9b453ee
t1,p85sln2,user_523bba5a0d
t1,p85tdvl,user_5de85bcb9b
t1,p85y184,user_0d6df783ce
t1,p85y7sk,user_0e6dbc415a
t1,p85yszi,user_4e9f95b370
t1,p85zif8,user_be7554a979
t1,p86057m,user_d2943de437
t1,p861x80,user_239ce39e87
t1,p864ad2,user_5ccc2992f1
t1,p865euj,user_ad8b27bce6
t1,p866osm,user_7611ef70f0
t1,p86d80v,user_0c42e48554
t1,p86edhb,user_5ccc2992f1
t1,p86gaki,user_b35e7ec212
t1,p86gvom,user_efe4acabb8
t1,p86h3am,user_d1e8d800b4
t1,p86i3gu,user_4e9f95b370
t1,p86iixc,user_533db00a74
t1,p86j9vw,user_7ad1dfa0ec
t1,p86jh83,user_d10822af29
t1,p86jw89,user_62c95011a0
t1,p86l6fq,user_bcbf21e996
t1,p86l7ro,user_578002d512
t1,p86nppy,user_ebd7d97222
t1,p86nsfg,user_59c933650c
t1,p86pexx,user_d9b4f75968
t1,p86qe99,user_4e9f95b370
t1,p86qmgx,user_9828bf6b46
t1,p86rgrj,user_d75c5c4691
t1,p86rld7,user_b5dea869d2
t1,p86tfo9,user_f350e34ced
t1,p86tj1q,user_a489b4e419
t1,p86tjs4,user_c2846a13b4
t1,p86vq5e,user_b1c18dbceb
t1,p86vts9,user_e191139f61
t1,p86w2u4,user_d22c633e47
t1,p86wrnq,user_3a375b03b8
t1,p86wsjk,user_a8a59d0699
t1,p86wua0,user_77b998affe
t1,p86x4mh,user_69a567567d
t1,p86xgfi,user_27970c6904
t1,p86xtby,user_74bf4db037
t1,p86y51t,user_8610d6645e
t1,p86ybcy,user_9c38d5d912
t1,p86ye1l,user_06ca1e95d9
t1,p86yu44,user_c9b819fb65
t1,p86yui0,user_e8e27f3c91
t1,p86z05u,user_25ad23d624
t1,p8704jw,user_d132b1e4fb
t1,p870tbw,user_b512ea0f9e
t1,p871shr,user_9273d3f523
t1,p8729fm,user_99222e8f1d
t1,p872foi,user_29f3a54888
t1,p8736ey,user_7611ef70f0
t1,p8738bz,user_7ad1dfa0ec
t1,p873ocg,user_65d7d6c83b
t1,p874aqm,user_09fbbe2cb6
t1,p876zu5,user_1dd4d616ed
t1,p877nan,user_ac563a5a8c
t1,p878fhp,user_2958520ce8
t1,p878gi9,user_e841e8330f
t1,p878kkd,user_0f8b05df46
t1,p878l16,user_c40f0c02b7
t1,p87938t,user_fe6a4e4413
t1,p8797b0,user_1266a4fcf0
t1,p87dukd,user_5cff27ae7a
t1,p87hkun,user_589bb26d5d
t1,p87k467,user_1f38958313
t1,p87khse,user_00fa31a007
t1,p87lyim,user_be477fc72f
t1,p87my91,user_3d2fc5d873
t1,p87sx4b,user_3e1208c972
t1,p87yw12,user_ff903c9748
t1,p881t9x,user_4cd6242c49
t1,p889926,user_b19784ccc9
t1,p88c6id,user_0c8b9a2842
t1,p88cd4a,user_03aa9b5b15
t1,p88dk8b,user_47627065a4
t1,p88dt3w,user_7a63cdcc35
t1,p88g38l,user_0c8b9a2842
t1,p88g42x,user_ea01d7d96f
t1,p88ldbb,user_78c22c8588
t1,p88ovfm,user_61d47cbf1a
t1,p88p9aq,user_2fec92bbf7
t1,p88s91b,user_a633620457
t1,p88s9f9,user_b25c44de88
t1,p88t5iw,user_5056171117
t1,p88tamz,user_b25c44de88
t1,p88uk83,user_2b1c1b89c3
t1,p88vsiz,user_dbfd394abd
t1,p88wpt0,user_d7f81762fd
t1,p88y07x,user_43b19f6856
t1,p88zz8o,user_f8e8854568
t1,p8907tz,user_eda6f64bb8
t1,p890tmj,user_861a426b46
t1,p891iq2,user_0c8b9a2842
t1,p891pa6,user_d3dea1d73f
t1,p892tva,user_35dc43f5ef
t1,p89377b,user_a37430c33a
t1,p893hjb,user_84beb15464
t1,p893ywa,user_064c760b7a
t1,p8943x6,user_b26db7872e
t1,p894bv6,user_201dfbbb81
t1,p894crf,user_064c760b7a
t1,p895llp,user_f431b41203
t1,p8960d4,user_b80b5abbe2
t1,p896fj6,user_78872c172e
t1,p896g3r,user_b9360e5bec
t1,p897eof,user_549a40a8f7
t1,p897q3k,user_e24675f3f5
t1,p898b69,user_b8371f400a
t1,p898gcc,user_4f70bc24c2
t1,p89fjub,user_2747951ce2
t1,p89hpme,user_89e6d080a2
t1,p89ichp,user_c9bb4aaa0d
t1,p89y2jt,user_f8f216ee42
t1,p89yuyk,user_5d0e2a0a1f
t1,p89zt9w,user_a99870a00d
t1,p8a05lj,user_9f395b33ed
t1,p8a0yif,user_3114cb5c5e
t1,p8a21ej,user_9548423ca5
t1,p8a2b6s,user_854f61cbb2
t1,p8a2j0e,user_395c8a6f41
t1,p8a3f7l,user_12d7da100e
t1,p8a3fw7,user_1c4980ae3a
t1,p8a3sas,user_77445d1d44
t1,p8a3yk8,user_290b1c6b81
t1,p8a4bba,user_34261c4924
t1,p8a4qoc,user_3eec6b151a
t1,p8a5b7i,user_0fb265c5ff
t1,p8a5orc,user_1111391e12
t1,p8a5zvs,user_f3b944663d
t1,p8a61sv,user_e775070de0
t1,p8a65md,user_aa856be044
t1,p8a7kt4,user_4051d51de4
t1,p8a7pbp,user_f0cb61f90d
t1,p8a8hfv,user_ee77a79d82
t1,p8abqvh,user_8b7580741e
t1,p8ac2pb,user_c934a6a837
t1,p8adea5,user_a5606bc59e
t1,p8adv3q,user_f220334a7b
t1,p8afg43,user_c9553eab2d
t1,p8afixw,user_a14a31b3b2
t1,p8afqnw,user_3639abd82e
t1,p8afuzr,user_bd3741c198
t1,p8ahnm7,user_a24c46c855
t1,p8ahxq6,user_c522e82c7a
t1,p8ai4vx,user_df6e7c1be1
t1,p8aidso,user_4132d6f5f8
t1,p8aie05,user_6e3b88c5cb
t1,p8ajzg2,user_935a51ac02
t1,p8ak551,user_77445d1d44
t1,p8akjlv,user_fe64220968
t1,p8al21g,user_0a404159f1
t1,p8am6c9,user_2e8b59c1e4
t1,p8ambcf,user_5c29747374
t1,p8amgcn,user_6e3b88c5cb
t1,p8amnt9,user_8cef25038a
t1,p8amq11,user_93e1a8ea84
t1,p8an1oi,user_8cef25038a
t1,p8an2aw,user_fa447c01ad
t1,p8ang7u,user_2c0c04afa5
t1,p8ango4,user_8cef25038a
t1,p8anjn4,user_c1f91a7ba4
t1,p8anv5w,user_e9c5592d9e
t1,p8anz39,user_3c712d16f0
t1,p8ao5bf,user_35c399b5fe
t1,p8aob6c,user_50d8585543
t1,p8aoog9,user_002ed02a94
t1,p8aoq60,user_f00140e703
t1,p8aouhb,user_360152afd8
t1,p8aozkn,user_50c269f858
t1,p8ap0mf,user_32ffadfa94
t1,p8ap0xb,user_3ba374b73e
t1,p8apdb3,user_63f8123e8e
t1,p8aphcz,user_1ee8c8dfe1
t1,p8aplpl,user_dd24b3a89d
t1,p8apo4t,user_cc5626018a
t1,p8aptt7,user_7a68259487
t1,p8aq0rw,user_2e49565da2
t1,p8aqa7l,user_d5766d27b7
t1,p8aqig0,user_4060d7ab46
t1,p8aql41,user_c9bb4aaa0d
t1,p8aqodx,user_42a10e8814
t1,p8aqovb,user_7ef5b1b1cb
t1,p8aqpny,user_07692ab84e
t1,p8aqq98,user_0c391cd1dc
t1,p8aqs0w,user_fcc0c3af2f
t1,p8ara3l,user_4b53d5500c
t1,p8arox4,user_b82a94198d
t1,p8aspq0,user_2e49565da2
t1,p8at60w,user_2e49565da2
t1,p8at9iz,user_de421f4ad2
t1,p8atbnt,user_d64325f39b
t1,p8atcai,user_722893a6de
t1,p8ay733,user_8692a0ea95
t1,p8az544,user_1a066ccb88
t1,p8azoxi,user_09fe665283
t1,p8b17aw,user_834a40b022
t1,p8b4b4b,user_cab4ecb4e5
t1,p8b4ego,user_35c759c4dc
t1,p8b52co,user_07492de732
t1,p8b6alz,user_efccb2425a
t1,p8b6gqb,user_04bf1cb2a4
t1,p8b9cgl,user_c5b37b3a4a
t1,p8b9tut,user_a60a7217e9
t1,p8baix7,user_bf88b1db79
t1,p8baot6,user_ff903c9748
t1,p8bbpc1,user_065d9ee988
t1,p8bcti8,user_19b3b8f115
t1,p8bey6a,user_64b56c7fde
t1,p8bfod6,user_8cc0d1bfdd
t1,p8bi24f,user_33d9785bc9
t1,p8bi67j,user_a6e4feb96f
t1,p8bi6zg,user_e4acfe9f16
t1,p8bjflf,user_c4925d5216
t1,p8bjk2w,user_e0c121bc79
t1,p8bld10,user_d9fbfd2cb7
t1,p8bnlbj,user_fe225f5378
t1,p8bogwf,user_68dfc8242d
t1,p8bom2j,user_2c3853e141
t1,p8bpjbp,user_52fcb00c3d
t1,p8bq43p,user_c934a6a837
t1,p8bqd6l,user_fcdeb2aa96
t1,p8brtne,user_0de955eb38
t1,p8bsokr,user_7519e6a562
t1,p8btak4,user_f2411ab10f
t1,p8btaxp,user_ce12e27dd7
t1,p8bteo5,user_1748a6c6a3
t1,p8buc9s,user_41c44c0ff4
t1,p8buced,user_0159675db9
t1,p8bulv1,user_a45fb6a539
t1,p8buooh,user_d1c0190067
t1,p8buvoc,user_b539d387ce
t1,p8buxtj,user_269eb92693
t1,p8buz93,user_111bf3eb42
t1,p8bv2jj,user_19db82fa86
t1,p8bvbjd,user_a3b737c3ba
t1,p8bvlyi,user_ee3eb470b5
t1,p8bwati,user_aa5fed8a62
t1,p8bwlhk,user_5225901eb7
t1,p8bwso0,user_96072373a7
t1,p8bwu7o,user_c381577b9a
t1,p8bwxjo,user_6cada03746
t1,p8bx5n2,user_480304d1c3
t1,p8byds2,user_9a7efa088b
t1,p8bz42u,user_a3032e281e
t1,p8bzn9l,user_f46a6ee9b5
t1,p8bzv76,user_5f82b43cf6
t1,p8c07rm,user_7cbe1ee99c
t1,p8c0r4b,user_882f252f48
t1,p8c17d7,user_26db1a123d
t1,p8c18jr,user_2e14f349c5
t1,p8c19f5,user_46a774d8a5
t1,p8c1noz,user_6604e43ffd
t1,p8c1ogy,user_2529f0ae7d
t1,p8c1pn5,user_7dcfb1067e
t1,p8c7b08,user_5cb16b51d9
t1,p8c84to,user_0ebb4eed7e
t1,p8cdrqe,user_3f51a8f329
t1,p8cf31b,user_a114bb53a3
t1,p8cf5ea,user_e2f4bfe1e3
t1,p8ci1eg,user_751495de1c
t1,p8cjhcg,user_e606c660b2
t1,p8cjk1n,user_bf90fa7c21
t1,p8cjxvf,user_97e0a172a7
t1,p8csmf3,user_bd3741c198
t1,p8czdlb,user_687c2a9801
t1,p8czec9,user_e0db3a37f4
t1,p8d66af,user_1a0df0674d
t1,p8da2xc,user_6980000cc6
t1,p8dayat,user_f2fb5af268
t1,p8ddvzi,user_8f87fd89e8
t1,p8dfrub,user_0314062974
t1,p8dgeoj,user_24e56def0b
t1,p8dgjvr,user_42a10e8814
t1,p8dh4bw,user_458d3fb474
t1,p8diiyy,user_1dd35f0367
t1,p8dl0zm,user_95db562195
t1,p8dogae,user_d91df4273b
t1,p8dprlp,user_97171600bd
t1,p8dprv2,user_f246dd66af
t1,p8dqmcs,user_e4954ce7ae
t1,p8dqyre,user_89f8419e5f
t1,p8drkmw,user_ab1732aaa7
t1,p8dt18b,user_f303a862df
t1,p8dt68m,user_7455ddf990
t1,p8duqw3,user_e3e6126340
t1,p8dvomj,user_ec14ed7295
t1,p8dvzeg,user_9a00973f89
t1,p8dwe2g,user_af078de613
t1,p8dwx47,user_a4a77fc098
t1,p8dxjtb,user_db8e09da49
t1,p8dxqfg,user_482d428827
t1,p8dxxyy,user_f2c405afe9
t1,p8dz1fa,user_a99640c79a
t1,p8dzj89,user_a6803e3f85
t1,p8dzjdf,user_576253e8e6
t1,p8e01f1,user_15d9d2ae81
t1,p8e22wo,user_7411d2b14d
t1,p8e27ru,user_a22b7f06ff
t1,p8e2j0q,user_64fb5f73bd
t1,p8e4eqo,user_0c5eaade71
t1,p8e4zl3,user_e3dbece4d1
t1,p8e5a82,user_71c5cd5408
t1,p8e5vgl,user_d99065a0f3
t1,p8e63zb,user_09fbbe2cb6
t1,p8e9cl6,user_6fb91cf7d4
t1,p8e9n70,user_5948563620
t1,p8ebjx0,user_b74e69f4cf
t1,p8edb9i,user_b27576af23
t1,p8ehkzt,user_98114e9caa
t1,p8ejyei,user_4c32491ce8
t1,p8eko29,user_57b1997df7
t1,p8elfcj,user_1de56526ba
t1,p8elfdl,user_31596cb8f2
t1,p8elift,user_b9ffab1b8c
t1,p8empnc,user_86adecc1d6
t1,p8enqn0,user_e597f16c86
t1,p8enxvr,user_d91df4273b
t1,p8es3br,user_51082226cc
t1,p8esiwn,user_e9220025e0
t1,p8et1xt,user_cc6b9c2e48
t1,p8evnbn,user_91c0b4804e
t1,p8ewa87,user_9e43d6310e
t1,p8ewlti,user_dff84d6e60
t1,p8ewmpt,user_7ffdac3752
t1,p8ex6ex,user_7b964c0da9
t1,p8eyjb6,user_989715518e
t1,p8f0500,user_7a96fd316b
t1,p8f13nu,user_3de9b453ee
t1,p8f4326,user_7b30bb4640
t1,p8f68g6,user_a892dbb1f5
t1,p8f9lv0,user_e009ca1c86
t1,p8f9qo0,user_1aca55f926
t1,p8fa7fx,user_ba8cef3640
t1,p8fcwug,user_5837db8a0f
t1,p8fhvui,user_e9feab075f
t1,p8fkxe5,user_4ed2537fe7
t1,p8fl2el,user_3cea55b184
t1,p8fl9lo,user_5a02fbb148
t1,p8fllrx,user_335794bfde
t1,p8flmvp,user_25e8325dcf
t1,p8fm003,user_aaeeb2f6d4
t1,p8fm9i0,user_55ea1b6ea5
t1,p8fn2mf,user_85d35b591c
t1,p8fox5d,user_12d7c4f32d
t1,p8fp11s,user_5de85bcb9b
t1,p8fpivs,user_36609dc6d5
t1,p8fqmew,user_36609dc6d5
t1,p8frh7g,user_fa6c5327ad
t1,p8fs0xz,user_cd4c715846
t1,p8fvafd,user_5f3d8066f3
t1,p8fvk77,user_6b960f8606
t1,p8fvkhj,user_514a8a77fa
t1,p8fvnbu,user_583930b58a
t1,p8fy8xo,user_7411d2b14d
t1,p8fy9wi,user_65cf44140d
t1,p8fyy5t,user_04bcbd0c51
t1,p8fzk1a,user_0e1788ae60
t1,p8fzwwk,user_c431506271
t1,p8fzxuz,user_0c8b9a2842
t1,p8g07b3,user_b278a5bb68
t1,p8g0cl0,user_a47158afbd
t1,p8g0r43,user_95b6010015
t1,p8g1cs4,user_7638490db4
t1,p8g2gz0,user_f08c93c97b
t1,p8g2t9t,user_41d328107e
t1,p8g30ko,user_62e781d2c3
t1,p8g39wd,user_e009ca1c86
t1,p8g3k7z,user_85318337c1
t1,p8g3mki,user_72a8565648
t1,p8g3naa,user_71151b2bf4
t1,p8g3yt5,user_53bda180af
t1,p8g47c7,user_a96292978e
t1,p8g4lw3,user_ebd7d97222
t1,p8g4nm4,user_64c0116254
t1,p8g4x2e,user_a8a59d0699
t1,p8g51j8,user_4ad1d595ea
t1,p8g58o0,user_04bcbd0c51
t1,p8ghts5,user_e650327a6c
t1,p8gkruk,user_154ba6a20c
t1,p8gm5ep,user_110f3ef953
t1,p8gts0l,user_266747b3d3
t1,p8gtsm1,user_ebb6fe6794
t1,p8gv5dc,user_a5fa3801e3
t1,p8gvedp,user_5a02fbb148
t1,p8gwpcv,user_affea81f28
t1,p8gziwf,user_0d571de66c
t1,p8h14kt,user_dd30eca02a
t1,p8h1e80,user_06d3d16912
t1,p8h1k2s,user_bd168f3f80
t1,p8h3o78,user_0eecbb2b08
t1,p8h3q7d,user_87a81f3887
t1,p8h3w8d,user_6915d51a9d
t1,p8h4nm2,user_e91d03b570
t1,p8h70l0,user_a737c73c68
t1,p8h884o,user_a7a7ccd166
t1,p8h9au3,user_f5d182192b
t1,p8hafom,user_fbd57993a3
t1,p8hat6s,user_af6db192c9
t1,p8hbuc0,user_be610be82a
t1,p8hbymg,user_4e9f95b370
t1,p8hhnmu,user_82b9a38f0b
t1,p8hhunf,user_1c8bae76d1
t1,p8hit0j,user_eb51682f3c
t1,p8hj9mf,user_af078de613
t1,p8hk6g8,user_6216507e9f
t1,p8hk88r,user_6968ed24c1
t1,p8hkf13,user_7684d6859e
t1,p8hklxg,user_2f466cefb1
t1,p8hl1dm,user_c35efbeffb
t1,p8hl5jp,user_856c3d8365
t1,p8hljo1,user_4410006b18
t1,p8hlnse,user_11ecd12b59
t1,p8hloec,user_5a55d2dea5
t1,p8hm4rb,user_4410006b18
t1,p8hnuje,user_1fdb8825b6
t1,p8howjs,user_3d27004ca0
t1,p8hq72t,user_7d639b2d8a
t1,p8hqjvi,user_2a4d6701ae
t1,p8hqn5c,user_7d639b2d8a
t1,p8hqsnl,user_ce90a665ad
t1,p8hrc5m,user_5894aaa626
t1,p8hre8d,user_7d639b2d8a
t1,p8hzo7v,user_355adacd18
t1,p8i2o78,user_ebd7d97222
t1,p8i5fl5,user_5198cab612
t1,p8i7v0y,user_d03b6d7016
t1,p8i8pgu,user_d490633919
t1,p8i96uc,user_ea2f17676b
t1,p8i9u86,user_433264da78
t1,p8i9vlj,user_433264da78
t1,p8ia12u,user_21e3efaef1
t1,p8ieglv,user_0c8b9a2842
t1,p8igk8z,user_065d9ee988
t1,p8igqdp,user_07380ce2ef
t1,p8igs5x,user_887924d7f6
t1,p8ihxko,user_fcd2be3960
t1,p8ii0zx,user_598ce20ec1
t1,p8iinep,user_1b8128873b
t1,p8ij8ly,user_ceff83d102
t1,p8ik7rk,user_a75c7ca078
t1,p8ikp67,user_35a9dcc899
t1,p8ikplc,user_08b1ca6e28
t1,p8il8wb,user_cff58105ab
t1,p8ilaer,user_993ba96fdb
t1,p8ilqvj,user_c5a9f0d634
t1,p8im5ox,user_783fae8174
t1,p8in1m4,user_783fae8174
t1,p8in7sd,user_3b9191b95f
t1,p8ip6l3,user_5a02fbb148
t1,p8ipjo8,user_42eca32a4c
t1,p8ipjyq,user_5cb16b51d9
t1,p8ipzkp,user_5b29e1b38a
t1,p8iq13n,user_e043c1233e
t1,p8iqa89,user_32b9a6f0f9
t1,p8iqlb3,user_0ae2d458cd
t1,p8ircc5,user_e846cb883f
t1,p8irlxn,user_5f335fc674
t1,p8irp8s,user_5a15d3b519
t1,p8iryk1,user_56f163167d
t1,p8is6uk,user_e2480fe47b
t1,p8isg4d,user_2e23863795
t1,p8isppl,user_ab308f0891
t1,p8it30l,user_1f46733059
t1,p8it8f3,user_5330a6647a
t1,p8itux1,user_19fd4dc7b8
t1,p8iub8l,user_e38e0e9898
t1,p8iufys,user_d91df4273b
t1,p8ivw8g,user_623c670869
t1,p8iwcsw,user_6460aa2f95
t1,p8iwjrh,user_6460aa2f95
t1,p8iwp7a,user_e938c1fc27
t1,p8ix2j8,user_dd35e57d31
t1,p8ix5q8,user_c60522369d
t1,p8ixitz,user_a124dfb58d
t1,p8ixoka,user_b1c18dbceb
t1,p8iycxc,user_8d104b7d42
t1,p8iyi65,user_7d2897c970
t1,p8izbry,user_194eaf30da
t1,p8ize0k,user_2ee637d13d
t1,p8izi2a,user_d4e5aa6c3f
t1,p8j82dp,user_11df03bb07
t1,p8jqu2o,user_ae2831baba
t1,p8js9ok,user_2f4aa34b00
t1,p8jswmb,user_3c712d16f0
t1,p8jw9y0,user_9d906ca753
t1,p8jz7yr,user_6604e43ffd
t1,p8jz8ax,user_b7915fb0c1
t1,p8k548i,user_bcf66f6839
t1,p8k64fz,user_a7adb347d3
t1,p8k9wn0,user_041e1f8363
t1,p8kaary,user_21fa7d0ee3
t1,p8kbcn1,user_815fafd632
t1,p8kd70b,user_706e3d26b9
t1,p8kdfr3,user_e8c2b644c0
t1,p8kfhh5,user_4c7d3dc4a1
t1,p8kfkqd,user_4ea17129ba
t1,p8ki5vi,user_66672b27c2
t1,p8ki8b7,user_131ea1a754
t1,p8kiklx,user_686d3155c5
t1,p8kkgb7,user_d8f4f4a5b3
t1,p8kky45,user_d91df4273b
t1,p8kl6zh,user_9766f8171e
t1,p8kq3mv,user_c7f6b722b3
t1,p8kq7cm,user_8b5356a002
t1,p8kqlvu,user_333f41ef3c
t1,p8kr3dg,user_c3e8bc40fe
t1,p8krogk,user_8b7c78c6e9
t1,p8ktiv7,user_09a029cb96
t1,p8ktoen,user_ec38739040
t1,p8ktoju,user_0ea37aff83
t1,p8ktomy,user_96022758c2
t1,p8ktpck,user_2e3e9c2ac8
t1,p8kugyb,user_f16cec657d
t1,p8kv4lu,user_b83d9eb601
t1,p8kv78l,user_48fdcf70b6
t1,p8kvlyh,user_d61e753318
t1,p8kvo0q,user_e9a152eb1d
t1,p8kw6zy,user_b9684dcbdb
t1,p8kwih1,user_9599fd7404
t1,p8kwqsj,user_ce5dce97c4
t1,p8kxfuf,user_cda8f495d9
t1,p8kxme3,user_f34f1f46a7
t1,p8kxrvb,user_c671ebe5cb
t1,p8kxyua,user_8ff8e377e6
t1,p8ky81v,user_5cb32d2efb
t1,p8kym8d,user_a047907186
t1,p8kypw5,user_308359c769
t1,p8kys76,user_1c285793fa
t1,p8kz2id,user_7abd83590b
t1,p8kz6kt,user_1595db48aa
t1,p8kz6lu,user_87aa921ecc
t1,p8kzdt9,user_282b064ccb
t1,p8kzrzd,user_3140e2d1b6
t1,p8kzsb4,user_2a3d75fe10
t1,p8kzy1c,user_35a9dcc899
t1,p8kzy6b,user_d66334c969
t1,p8l03gq,user_fbed700f80
t1,p8l08x4,user_e6382a692f
t1,p8l0il6,user_c1716f4baa
t1,p8l0wds,user_ce5dce97c4
t1,p8l0znm,user_910d996872
t1,p8l16mz,user_d411531946
t1,p8l1axj,user_29d6d371f3
t1,p8l1b70,user_69528d9e56
t1,p8l1k9v,user_83b1fbeffd
t1,p8l1khb,user_d6028b948a
t1,p8l1p5e,user_9d7d5733d6
t1,p8l2vv9,user_c773ad7698
t1,p8l355f,user_09fbbe2cb6
t1,p8l4g90,user_2ecf1150bd
t1,p8l4w5u,user_1aa43b552d
t1,p8l4xfp,user_322738df07
t1,p8l502h,user_39f5b9dbde
t1,p8l50fz,user_7522fca602
t1,p8l55hw,user_edcf3bcd37
t1,p8l5kof,user_2a3d75fe10
t1,p8l5m3w,user_74226adb66
t1,p8l5v3m,user_9880144a55
t1,p8l9dme,user_fd96fe2e99
t1,p8la8sb,user_50201ce08e
t1,p8lcvmz,user_8b3cadd950
t1,p8lee17,user_a2228da28f
t1,p8lezet,user_89407ab41e
t1,p8lii2y,user_3aae0b7443
t1,p8lmsmx,user_60db0f16c7
t1,p8lo0b5,user_a61572e81a
t1,p8lq7iv,user_70debca215
t1,p8lqd1j,user_c3de6170ab
t1,p8lqhaa,user_ed352be0a1
t1,p8lqpih,user_a570566d4e
t1,p8lqv3t,user_57d3a46f21
t1,p8lrop9,user_ad23c25c67
t1,p8lrtuj,user_60dd34d93c
t1,p8ls4te,user_23bcf0d20e
t1,p8lsgvh,user_d6cd8910ed
t1,p8luh4q,user_6aa91b38fd
t1,p8luth2,user_1f1a1b566a
t1,p8luvuj,user_fedc4eb22d
t1,p8luxuc,user_348c35c2b3
t1,p8lv5cf,user_be1d73afc4
t1,p8lwizz,user_906036b46e
t1,p8lwqej,user_c40f06248e
t1,p8m18pm,user_18b6ac5a69
t1,p8m1haj,user_7a551feb52
t1,p8m1n3a,user_3eae846078
t1,p8m2vql,user_87fbf4747d
t1,p8m5oq9,user_18b6ac5a69
t1,p8m8ho6,user_ed671af78a
t1,p8mayjj,user_af078de613
t1,p8mbaxt,user_6715831d9d
t1,p8md7ee,user_f8ace59a6b
t1,p8mfibn,user_dc4852cbc2
t1,p8mhv6e,user_5a02fbb148
t1,p8miecx,user_488767fdf4
t1,p8mj6jv,user_d2bf0b5716
t1,p8mk254,user_2b9f50dc71
t1,p8mk7ps,user_15f1e5d08d
t1,p8mkt3o,user_9dcbba9996
t1,p8mlgck,user_b359e9820f
t1,p8mm9pk,user_c03ff521d5
t1,p8mmn3j,user_da1c400894
t1,p8mnjgo,user_4410006b18
t1,p8mpq0v,user_78f7b39642
t1,p8mpr5s,user_da6c22225b
t1,p8mpv16,user_9aa20db67a
t1,p8mq18i,user_9ce617f644
t1,p8mqcqk,user_0806397aaa
t1,p8mrkia,user_ebd7d97222
t1,p8ms8y0,user_47dc45d5cf
t1,p8msfhy,user_164d33f58f
t1,p8mssu7,user_bc5244c6f1
t1,p8mtc75,user_19de5a46e8
t1,p8mtqhe,user_156873e3bd
t1,p8mtv74,user_201dc50f36
t1,p8mup88,user_6bae20357e
t1,p8mxkl3,user_c2ce6ef1b1
t1,p8mxmfn,user_513d72ddf9
t1,p8myzn7,user_4199679a3c
t1,p8mzblh,user_30146dd538
t1,p8mzigq,user_1266a4fcf0
t1,p8mzxt2,user_df3e2e4676
t1,p8n0abl,user_96fb454502
t1,p8n18zo,user_3c824a3fee
t1,p8n226j,user_15d9d2ae81
t1,p8n23yl,user_87577a8066
t1,p8n3577,user_24938274de
t1,p8n3i7z,user_90dc5d085e
t1,p8n3k6w,user_db348ffbdf
t1,p8n3lc2,user_15d9d2ae81
t1,p8n4vbx,user_d8f4f4a5b3
t1,p8n5qv7,user_88cff2d3a4
t1,p8n5snw,user_6dc9f6c07e
t1,p8n6htk,user_a2765a2d4d
t1,p8n7gm7,user_50531390ef
t1,p8n8zok,user_3c2c684df5
t1,p8n9s44,user_995546fd2c
t1,p8nggob,user_e8aed96560
t1,p8ngvbx,user_e8aed96560
t1,p8njfzf,user_8d0c0887b1
t1,p8nkw42,user_9904c42119
t1,p8nli4y,user_06155e4148
t1,p8nn5nl,user_18cafb1e22
t1,p8nnetr,user_4203aea3ec
t1,p8no1jv,user_0ae9477f36
t1,p8nqb69,user_f5ff77d225
t1,p8nqkfp,user_c46d044155
t1,p8numer,user_3b10a9829f
t1,p8nvwkh,user_238e0ac373
t1,p8nxsm5,user_68cf797086
t1,p8o1fyy,user_1fb43119f6
t1,p8o2kpq,user_36701a6ef0
t1,p8o76lt,user_f7b97760c3
t1,p8o7coj,user_7c27405d6c
t1,p8o7zgt,user_e337f810aa
t1,p8o99tr,user_448584d7f5
t1,p8oa39o,user_740773dcc0
t1,p8obe3q,user_875d7b3f9b
t1,p8obfbi,user_c46d044155
t1,p8obluh,user_61241d70ae
t1,p8oby19,user_875d7b3f9b
t1,p8oe8od,user_b4154ebd41
t1,p8ofo8q,user_ecc3e5c510
t1,p8ogfm6,user_0806397aaa
t1,p8oied9,user_f021cd0c2c
t1,p8oiyip,user_d70c00064a
t1,p8ojgc1,user_42ef2acf5b
t1,p8ok5ou,user_a4885190d3
t1,p8okmqp,user_a5f0e055a0
t1,p8okp88,user_21e0a9a876
t1,p8ol66n,user_a5f0e055a0
t1,p8om58w,user_0806397aaa
t1,p8om7co,user_ffecb97309
t1,p8omnid,user_caed6a68a5
t1,p8omymr,user_c5bffc08a7
t1,p8on3hk,user_5d63286fad
t1,p8ond9r,user_ce6113160d
t1,p8onelj,user_5ff2cf6464
t1,p8ony53,user_f2a1c391c5
t1,p8oo11p,user_4e829fe39d
t1,p8ooo50,user_836a0d74e0
t1,p8openw,user_6f98c7ea6d
t1,p8orbjx,user_0c4441d8f7
t1,p8os9sv,user_d706f3efc1
t1,p8otb30,user_6f04168a17
t1,p8ovjih,user_d8b7d6dde5
t1,p8p7xq4,user_c8f6fe1401
t1,p8p9kut,user_df1d26363a
t1,p8p9zp8,user_eda1862b79
t1,p8pgjdt,user_801900a0ce
t1,p8pgssr,user_8b5356a002
t1,p8ph25p,user_74a7aecc63
t1,p8ps5h8,user_d1bbb11267
t1,p8pswwo,user_48f16ce9e8
t1,p8pul2j,user_0e69fb9dda
t1,p8puloc,user_5db5505a23
t1,p8pvlyb,user_5c1fe096ff
t1,p8pvxlz,user_0e69fb9dda
t1,p8pwmjn,user_d9f3d13370
t1,p8pwyzu,user_f60eaa057e
t1,p8px2ly,user_6c31c89839
t1,p8pyne9,user_9a7efa088b
t1,p8pypyc,user_a26f1d341d
t1,p8pyusf,user_6a261652a7
t1,p8pzgrh,user_b21c9f7928
t1,p8q04a5,user_ad7da0aef8
t1,p8q0mnh,user_a489b4e419
t1,p8q0qkc,user_f85e638f6d
t1,p8q0qld,user_c143d9d3a8
t1,p8q0rp1,user_171feb4bf7
t1,p8q1bbl,user_fe753e5087
t1,p8q1epz,user_e1ab679d38
t1,p8q1is9,user_3481a662c1
t1,p8q1jln,user_ad00d58989
t1,p8q226y,user_9a3541c4a5
t1,p8q247d,user_5ea02b3085
t1,p8q2849,user_93fb12ff12
t1,p8q2gya,user_7d7739ba24
t1,p8q2lxy,user_91c0b4804e
t1,p8q2qsx,user_892024e1c0
t1,p8q2tvg,user_fe753e5087
t1,p8q3hhs,user_4106327d3f
t1,p8q3ihk,user_67746158c7
t1,p8q3m0m,user_171feb4bf7
t1,p8q3s80,user_fe753e5087
t1,p8q4hs1,user_cec9da45f6
t1,p8q4p9j,user_a5f0e055a0
t1,p8q4r91,user_612f1462e2
t1,p8q4xvf,user_209996b1fc
t1,p8q53du,user_32148f1fb4
t1,p8q5asz,user_4f9c4432c5
t1,p8q5oca,user_bfae0652bb
t1,p8q60rc,user_1bda1ada04
t1,p8q64ac,user_f7b97760c3
t1,p8q67lu,user_d419f0a4f2
t1,p8q6hdg,user_ce6113160d
t1,p8q6sfy,user_2fd4ec01aa
t1,p8qc0o1,user_793d1cdb43
t1,p8qci29,user_cceae3a629
t1,p8qd7lf,user_55450165f7
t1,p8qhtux,user_ecf81177ae
t1,p8qieky,user_1275d35040
t1,p8qjrua,user_ee3f3b6351
t1,p8ql48j,user_935a51ac02
t1,p8qo1ct,user_4ea17129ba
t1,p8qo3h0,user_862d276854
t1,p8qp56i,user_6c31c89839
t1,p8quifw,user_a1767ab40b
t1,p8qzhlh,user_19d0ac176e
t1,p8r1e6v,user_b5384248b3
t1,p8r33jg,user_55450165f7
t1,p8r6cum,user_b34c68cf5f
t1,p8r6s66,user_492d858408
t1,p8r7a03,user_74c0ad22d0
t1,p8r7nmw,user_3de9b453ee
t1,p8r865u,user_12d1092da4
t1,p8r9oj9,user_30275c6c9e
t1,p8rac89,user_df1d26363a
t1,p8rao57,user_ca1e4619ee
t1,p8rbc8n,user_df56d5db8a
t1,p8rbri8,user_6848cb073e
t1,p8rca09,user_53afb166b9
t1,p8rcbz4,user_b0cf545dd5
t1,p8rcypa,user_549a40a8f7
t1,p8rd878,user_a0519e73e5
t1,p8rdndi,user_55450165f7
t1,p8refsw,user_6292de9399
t1,p8rfiqh,user_e0725a8255
t1,p8rfn40,user_c03ff521d5
t1,p8rg06g,user_e12c09c138
t1,p8rgjsk,user_bf50cf1102
t1,p8rgzw1,user_c30cee3c10
t1,p8rhhup,user_fda15dd6a1
t1,p8rhrnd,user_6e5260d529
t1,p8rhrrx,user_7ab3cf4135
t1,p8rhxb5,user_39f8298fa3
t1,p8rjgj1,user_be33450079
t1,p8rjrx4,user_4692d76cb9
t1,p8rlwlp,user_99ba3eda44
t1,p8rm20o,user_a45fb6a539
t1,p8rmtg7,user_785d1ea30b
t1,p8rn6h2,user_a55fd974fe
t1,p8rnl7z,user_fb921a0816
t1,p8rnwwt,user_51dd930cfd
t1,p8rohf1,user_89fe53a0d0
t1,p8rppmo,user_413765e7f2
t1,p8rqi2z,user_06d8543297
t1,p8rr21r,user_a7dffe1dcf
t1,p8rrlot,user_a44a8b233a
t1,p8rro4p,user_b4699e6a78
t1,p8rsdcp,user_5571eb753e
t1,p8rt4wu,user_650310cf7b
t1,p8ruk6e,user_60ade6a727
t1,p8rukfx,user_3f7b3116d4
t1,p8rvf7v,user_04c2a3c91e
t1,p8rvsss,user_5f11cc21f1
t1,p8rvw8e,user_50383b8ee3
t1,p8rvysj,user_3803d9d02a
t1,p8rvzlf,user_285ccf7ffa
t1,p8rwnfs,user_e0cd15a4b9
t1,p8rwpz0,user_b977fe4248
t1,p8rwt4i,user_1bb96a1f10
t1,p8rwyqw,user_0490713ced
t1,p8rx4ar,user_a5fa3801e3
t1,p8ry23x,user_ec6b48c232
t1,p8rzy10,user_f1cab2142b
t1,p8s00y2,user_d22e60c77d
t1,p8s05ik,user_6ee0e64618
t1,p8s0flo,user_5ad809d4e7
t1,p8s0hfg,user_736ef63fd5
t1,p8s0v4n,user_9353242095
t1,p8s0x37,user_f8b7a84f79
t1,p8s10je,user_23ec49ee88
t1,p8s1r3s,user_6a3aab8e74
t1,p8s1tn7,user_693314b9f6
t1,p8s1xxo,user_28780d51d7
t1,p8s25an,user_648ceabba7
t1,p8s2yq7,user_c9ded3f36e
t1,p8s43e3,user_5cb16b51d9
t1,p8s4q43,user_a6395e54fd
t1,p8s5rx6,user_f9ef253c34
t1,p8s6ea1,user_36f2df4ea5
t1,p8s6gb1,user_7f2ac59622
t1,p8s6q0j,user_a89099269b
t1,p8s6sas,user_0543a38439
t1,p8s8lh8,user_7b5c16eecf
t1,p8s92yk,user_a8d8ef8083
t1,p8sajy9,user_5f94992093
t1,p8saos9,user_aadccfafd0
t1,p8satds,user_9a206a01c9
t1,p8sb0k9,user_c486f6b130
t1,p8sbqyw,user_43a53c2bbd
t1,p8sbs6h,user_661ae91683
t1,p8scppb,user_c7f6b722b3
t1,p8sd52f,user_e655450565
t1,p8sdhv8,user_e7b714e3f4
t1,p8sdn9e,user_e7b714e3f4
t1,p8se875,user_7d7739ba24
t1,p8se9ay,user_231e6c253d
t1,p8sedfo,user_fb068ef93e
t1,p8sefwv,user_63260a7a48
t1,p8sego1,user_24179613f2
t1,p8si5z7,user_1ab08afd44
t1,p8sq1jl,user_385fa30b21
t1,p8srwlv,user_f64bbb8574
t1,p8ssttr,user_838ff78d00
t1,p8swkwf,user_8d59db8dd8
t1,p8swoqn,user_700b94057a
t1,p8t3968,user_09fbbe2cb6
t1,p8t3d9z,user_7316aaad58
t1,p8t483g,user_464e22364e
t1,p8t6prl,user_4aeabb1b7b
t1,p8t7r5s,user_7e3b14563c
t1,p8ta1q5,user_82bbd809a0
t1,p8tcc7f,user_c4e7eb0760
t1,p8tcg5m,user_585fe3fdbd
t1,p8tcwaa,user_a3f93d5b0d
t1,p8tk08x,user_8fc4c028bf
t1,p8tl6lv,user_7ab3cf4135
t1,p8tlnk7,user_3ff8364935
t1,p8tnip1,user_baf5348d4f
t1,p8tnklg,user_f00877a9be
t1,p8tomts,user_0fdcc44074
t1,p8tov5m,user_718fe01186
t1,p8tt6ea,user_89f66664d4
t1,p8ttzoz,user_0398d664a6
t1,p8twqhq,user_72274228cb
t1,p8txkjc,user_6bd9faa680
t1,p8tyn2y,user_fbf17a8740
t1,p8tzmkn,user_dffa275dfc
t1,p8u0cfn,user_6bae20357e
t1,p8u2b74,user_09f46fcca2
t1,p8u5soe,user_146e5f77b3
t1,p8u623p,user_759fc6893b
t1,p8u7dpa,user_b6f030e1e9
t1,p8u7smt,user_50201ce08e
t1,p8u82y9,user_ad4feb8c28
t1,p8u862v,user_461e35e339
t1,p8u8tv4,user_50201ce08e
t1,p8u8zo4,user_1c885ceb37
t1,p8uavla,user_a3ce2cea4d
t1,p8ub74y,user_6e1456d84b
t1,p8ubbi6,user_4977b02a04
t1,p8ubi66,user_1a53074ea1
t1,p8ud43s,user_5f11cc21f1
t1,p8udaln,user_0c64e2e36b
t1,p8ue2pj,user_5ba0c6d21a
t1,p8ue8ua,user_2ac7cffd8c
t1,p8ufigo,user_a1a42715ce
t1,p8ug6hx,user_2ac7cffd8c
t1,p8ugggf,user_91fc0796b3
t1,p8uh08o,user_6a351ad302
t1,p8uh6e1,user_f88dfad7d6
t1,p8uha0y,user_09fbbe2cb6
t1,p8uhais,user_91fc0796b3
t1,p8uicrp,user_f16794aa27
t1,p8uj3jp,user_d47f6cbeb6
t1,p8uj7xt,user_052151b42e
t1,p8ujg84,user_40c3c24a3d
t1,p8ujk9u,user_59c933650c
t1,p8ujvjf,user_e419530731
t1,p8uqlg4,user_064c760b7a
t1,p8urexp,user_6292de9399
t1,p8ut9cg,user_3d13653024
t1,p8utxcv,user_f0d0748e8d
t1,p8v0e64,user_08be5b24d5
t1,p8v3du2,user_415b1cb1f0
t1,p8v3ys8,user_b714323c40
t1,p8v3zbb,user_930e0ff0fe
t1,p8v6w2b,user_494bb6c9b7
t1,p8v8cw7,user_eb05b227a7
t1,p8v8phg,user_7c27405d6c
t1,p8v9x49,user_2888ae3e40
t1,p8veu4f,user_f0d0748e8d
t1,p8vgl3r,user_81a8efbe9d
t1,p8vhpd8,user_e419530731
t1,p8vilh6,user_ba5a6b11da
t1,p8vl4pt,user_0ef6c050e8
t1,p8vlrf4,user_7ea461d01e
t1,p8vltuo,user_97f663a597
t1,p8vtvqt,user_b7daee08b9
t1,p8vv4vj,user_b7daee08b9
t1,p8vxyws,user_0451eea505
t1,p8vypdd,user_758461b0c6
t1,p8vywpb,user_09fbbe2cb6
t1,p8vztwa,user_eb37a8e662
t1,p8vzwur,user_a6563a7c0b
t1,p8vzy42,user_0be437868e
t1,p8w0rbj,user_20ab5bfcfd
t1,p8w0xro,user_77573d2950
t1,p8w10ix,user_bd0edb3b6c
t1,p8w2pti,user_aaea642dab
t1,p8w3kyf,user_8b9235aac1
t1,p8w3mvm,user_915c5d6997
t1,p8w3q1f,user_4a3d0b758b
t1,p8w44mo,user_b397429c0f
t1,p8w49x5,user_af6db192c9
t1,p8w4b1k,user_be1f45d66f
t1,p8w4glo,user_f0d0748e8d
t1,p8w4ph7,user_4dfcddcec6
t1,p8w4thj,user_d92a6f8b91
t1,p8w5nmu,user_1a81bd33b6
t1,p8w5rud,user_1bdeb47936
t1,p8w5y4u,user_6b110b7a1e
t1,p8w8cbu,user_42277735cb
t1,p8w9olr,user_0f18ae8a34
t1,p8w9r9d,user_3a9a36933b
t1,p8weuqp,user_86653577e1
t1,p8wi8vd,user_b6b7320467
t1,p8wldkv,user_19aaa057ad
t1,p8wnh2t,user_bf177c01b3
t1,p8wpq3u,user_bd5309a442
t1,p8wq009,user_c7453cd57b
t1,p8ws6zn,user_f24d807ef1
t1,p8wsrsb,user_56f163167d
t1,p8wv4w9,user_73bf40f88b
t1,p8ww22p,user_bf88b1db79
t1,p8wwzbe,user_981821cd3b
t1,p8wy15k,user_caf44f1e99
t1,p8wyt2g,user_e5857b3e17
t1,p8x1ail,user_23dbfaa5ca
t1,p8x1ep6,user_d9f0f0641e
t1,p8x1h0h,user_5bbe4c35b4
t1,p8x1ua4,user_0d571de66c
t1,p8x2dla,user_8085d4e0ea
t1,p8x2jkk,user_a38da6fb2d
t1,p8x2m6s,user_3c4e40ae72
t1,p8x2r4q,user_b794a175aa
t1,p8x2xa7,user_a38da6fb2d
t1,p8x3fg8,user_472ec230e1
t1,p8x3my5,user_05caa05ccc
t1,p8x3xz9,user_1f0d7dc30c
t1,p8x41de,user_e6a1288576
t1,p8x4arf,user_095d3a4f55
t1,p8x4dbh,user_aca0f69d87
t1,p8x572h,user_de830994bc
t1,p8x5yt3,user_48ac3b366c
t1,p8x63u3,user_2cb7e9ebc6
t1,p8x686m,user_867c219dd5
t1,p8x6os0,user_ef66c0eada
t1,p8x6qs5,user_6292de9399
t1,p8x7bbp,user_d419f0a4f2
t1,p8x7ld6,user_b17803dbb6
t1,p8x7ned,user_a3ce2cea4d
t1,p8x8epj,user_9e0b84a43d
t1,p8x91bd,user_1b20eb00f8
t1,p8x9jho,user_8a71700f0d
t1,p8xa37n,user_28f1001440
t1,p8xa78s,user_7dd017e1a2
t1,p8xbizs,user_bc0eba7abd
t1,p8xc0d0,user_8377f9e922
t1,p8xciqk,user_280f235504
t1,p8xckhr,user_1b20eb00f8
t1,p8xclra,user_7a010c9fc0
t1,p8xcw6t,user_4028987975
t1,p8xdyhr,user_fc4200cdf8
t1,p8xe9ae,user_cfb541e4f2
t1,p8xext7,user_d91df4273b
t1,p8xf5yy,user_fc4200cdf8
t1,p8xfj5v,user_59c933650c
t1,p8xfv0x,user_526688902f
t1,p8xgkw2,user_fc4200cdf8
t1,p8xh54f,user_5e188748d3
t1,p8xhgb8,user_e9ec9e3e1a
t1,p8xp0tv,user_2329279dae
t1,p8xr4x0,user_c7de25500b
t1,p8xwjtq,user_52e3b301e7
t1,p8xyicn,user_faa3113326
t1,p8xyto5,user_1d1b46e013
t1,p8y02do,user_93cae16343
t1,p8y071e,user_309b1298d2
t1,p8y1tyq,user_f3a265f54f
t1,p8y6dpd,user_acdbf540fe
t1,p8yasib,user_7c27405d6c
t1,p8ycjm1,user_d18c81435e
t1,p8ywgdt,user_63664a20f4
t1,p8yyey7,user_35b7d36454
t1,p8yyktk,user_e0d1eaf3bd
t1,p8yzr2e,user_7800320eda
t1,p8z05n6,user_8c7e759eb3
t1,p8z19mg,user_635d77d844
t1,p8z1chn,user_31a60db988
t1,p8z1lwg,user_72bd2e290d
t1,p8z22wv,user_ae3a369d48
t1,p8z2v8w,user_e3016a0392
t1,p8z3wmb,user_e3894a6fee
t1,p8z43h1,user_e1b0f95376
t1,p8z4zpr,user_776518aaef
t1,p8z592x,user_9692e8b3d5
t1,p8z6l8h,user_9070b0c4af
t1,p8z6mt3,user_95ddedcf25
t1,p8z85g4,user_78872c172e
t1,p8z8gh9,user_147c874b2b
t1,p8z8no3,user_c1e57e5977
t1,p8za3mj,user_030b48adff
t1,p8zbfd7,user_9ccb246db7
t1,p8zbnzu,user_d91df4273b
t1,p8zbu9o,user_d91df4273b
t1,p8zdwnq,user_99e077cfae
t1,p8zf63i,user_50ad7391b5
t1,p8zfred,user_9070b0c4af
t1,p8zfza6,user_85ccbadc53
t1,p8zgdik,user_6e9cfcbd00
t1,p8zhlfj,user_0d14421e65
t1,p8zjf9i,user_e0752097e8
t1,p8zjzd7,user_9293d310f1
t1,p8zl1jj,user_a306fc6a7f
t1,p8zmh5k,user_a2059fdb52
t1,p8zmso7,user_4c097b73dc
t1,p8zn0fw,user_56f163167d
t1,p8zn0me,user_d5cba3f798
t1,p8zo0li,user_a5d8b9a4c5
t1,p8zo845,user_c90e184cbc
t1,p8zoo7m,user_b2e90905dc
t1,p8zottk,user_b6475922e5
t1,p8zoxqv,user_c90e184cbc
t1,p8zpchw,user_b8944e011d
t1,p8zphct,user_740773dcc0
t1,p8zpmu4,user_f8392c86cb
t1,p8zrga4,user_657698c2ea
t1,p8zshqs,user_df8962fd05
t1,p8zsk8z,user_e0752097e8
t1,p8ztah6,user_09fbbe2cb6
t1,p8ztfmf,user_44504314f2
t1,p8ztiie,user_09fbbe2cb6
t1,p8ztn0q,user_b408724db8
t1,p8ztr83,user_ef8b69e597
t1,p8ztvuy,user_404ec18d0b
t1,p8zu1w8,user_44504314f2
t1,p8zu2wq,user_f34f1f46a7
t1,p8zu4yn,user_09fbbe2cb6
t1,p8zwnc4,user_ca1e4619ee
t1,p8zwyaw,user_9480616ba2
t1,p8zxk6n,user_2cc18b312e
t1,p8zxp5c,user_6acd1e6c5d
t1,p8zxzn4,user_43c861237f
t1,p8zyohz,user_58864628bb
t1,p8zzy1h,user_c41285c663
t1,p901gic,user_e597f16c86
t1,p903zd1,user_5f86dea94a
t1,p904vl1,user_5f64b5764e
t1,p905r1e,user_8c35d70f8d
t1,p906six,user_d66dba5e60
t1,p9070kj,user_0407dac734
t1,p908yt8,user_a64604f01a
t1,p909zwi,user_624daae015
t1,p90at23,user_009d4a1cd9
t1,p90cegh,user_bc90019f34
t1,p90e4th,user_6dd524eb93
t1,p90gak5,user_9fcf56eb0e
t1,p90ge0j,user_e868bbe588
t1,p90hkj8,user_d7b4240f75
t1,p90htw8,user_9ae0d48292
t1,p90lknv,user_9407a402bc
t1,p90lzo6,user_89407ab41e
t1,p90n2z4,user_9d0e8d65d9
t1,p90p8x3,user_c10cb90d1f
t1,p90s0kw,user_834a4fcb14
t1,p90s1fz,user_48fdcf70b6
t1,p90vftb,user_a07df20552
t1,p90vhg0,user_0917c54259
t1,p90x2sd,user_85fe9a31ab
t1,p910pg6,user_d4f416581f
t1,p910xka,user_385ece4099
t1,p912ys7,user_1929e470a7
t1,p91541y,user_7a697fdce4
t1,p9184dg,user_3aa6da58a2
t1,p91ces5,user_4d595ae9e1
t1,p91grdm,user_e6fec6ff67
t1,p91jks2,user_eb3f608c61
t1,p91k8t6,user_c71dc2c80e
t1,p91kswo,user_db2f8c3dcf
t1,p91ltzi,user_18976e6806
t1,p91mhzk,user_550f17e4d9
t1,p91n51g,user_eb3f608c61
t1,p91nut1,user_032bf5cdb4
t1,p91o9to,user_212c0be6b1
t1,p91ojpf,user_8570942cdd
t1,p91ow6f,user_d1a2243574
t1,p91q565,user_a0519e73e5
t1,p91qm9f,user_364d8e0bfc
t1,p91qvrm,user_7fe6f8d061
t1,p91r302,user_cb571ca2ee
t1,p91rc6b,user_967d197d33
t1,p91rm8k,user_095507d986
t1,p91rtzw,user_f4a616f16f
t1,p91rwv7,user_f6cb9b2251
t1,p91s1sm,user_ef36a1827d
t1,p91si00,user_309c5dddc8
t1,p91szf9,user_1b3c9b3f9f
t1,p91t2xh,user_16208f2c5d
t1,p91t9ng,user_b09b4dffc7
t1,p91vzh0,user_946a3fdd32
t1,p91w85g,user_a8d8ef8083
t1,p91wymg,user_47034c847e
t1,p91xk2c,user_05a6dc38c0
t1,p91xwz2,user_1d14737d62
t1,p91xy6m,user_fa19360455
t1,p91xzel,user_f8359d2a66
t1,p91xznk,user_7f9b632f4c
t1,p91y4n1,user_c1716f4baa
t1,p91y907,user_30a776dab1
t1,p91y9l8,user_8824a492be
t1,p91yglt,user_55a0476f0b
t1,p91ygr4,user_eb0d6f13e3
t1,p91yh2d,user_b16af23414
t1,p91ylet,user_e7c16f24aa
t1,p91yshy,user_efb4dbcbe4
t1,p91yuao,user_eb0d6f13e3
t1,p91yx0w,user_86653577e1
t1,p91yxbq,user_bcacdee1a8
t1,p91z8t6,user_58b9ecb4e3
t1,p922tqz,user_670867519e
t1,p92941m,user_6f59c4d456
t1,p929af9,user_390dd7c090
t1,p92cvqm,user_6e0b160b16
t1,p92dthb,user_4568f4aae3
t1,p92flsu,user_fac8a042a8
t1,p92imd1,user_6e0b160b16
t1,p92jfnb,user_eb0d6f13e3
t1,p92s1go,user_df1d26363a
t1,p92tf7n,user_5537fc2967
t1,p92u7l6,user_849e5f92e5
t1,p92urra,user_4e7a7e6bdb
t1,p92wwc5,user_6dbc0b91ed
t1,p92xntk,user_d2036977d3
t1,p92yejl,user_a1919906ea
t1,p92yopq,user_bb8c9914de
t1,p92yqf7,user_f08c93c97b
t1,p92zkad,user_b5a320588e
t1,p92zsxg,user_ba5a6b11da
t1,p92zz69,user_ba4b07b810
t1,p931hd8,user_a398d9e9a1
t1,p9321em,user_2ef9acedae
t1,p9330he,user_3653b1608e
t1,p934ups,user_b7e358ff74
t1,p935655,user_1eefe94cf8
t1,p9363sf,user_b3817664ad
t1,p936t3a,user_a34e51faba
t1,p936ttr,user_152675e02a
t1,p9377hr,user_9904c42119
t1,p939tj8,user_5537fc2967
t1,p939x2r,user_255c6c858a
t1,p93a7p6,user_66b28a6056
t1,p93b9p9,user_48fdcf70b6
t1,p93ccsy,user_4162309653
t1,p93d08e,user_32179a6557
t1,p93d2ol,user_9ca54473f3
t1,p93d5up,user_fcd2be3960
t1,p93dqbf,user_e8aed96560
t1,p93f2mm,user_f7de0ddb0a
t1,p93ftlw,user_8b7b911974
t1,p93fzkd,user_16be14b194
t1,p93g45f,user_a6e460582e
t1,p93gcn2,user_13a44e0a13
t1,p93hh2z,user_3d893ca025
t1,p93i6da,user_cd9ad69af2
t1,p93ibkx,user_88c39aadb4
t1,p93jtsc,user_f540e7ec2f
t1,p93ka11,user_9215339530
t1,p93kijn,user_10c48ec8d2
t1,p93li02,user_10c48ec8d2
t1,p93meuu,user_f24a8a7468
t1,p93mfrj,user_de801e35d5
t1,p93mivk,user_755b02322e
t1,p93s3es,user_984c1248e1
t1,p93sjs5,user_78329ccee0
t1,p93ttex,user_669f87ecad
t1,p93vfbe,user_ff85921064
t1,p93w3bx,user_69d3adb7e1
t1,p93xfeb,user_e20aee860c
t1,p93y78n,user_77a4e495b3
t1,p941law,user_0609cc989e
t1,p942t7x,user_6e47de3adc
t1,p942xsh,user_38093a0f63
t1,p943gdq,user_f078c516e4
t1,p945074,user_4cadf34a08
t1,p947mgx,user_ec318f3d53
t1,p9489sl,user_7bd2d78858
t1,p94bh51,user_63a4c46cb9
t1,p94bt6p,user_b15406f735
t1,p94c7ri,user_7cdb036214
t1,p94dnro,user_c222ff403d
t1,p94drby,user_b752df2b7c
t1,p94efre,user_eda1862b79
t1,p94ek2i,user_fc1d82bfa6
t1,p94enkm,user_d5cb39fa2c
t1,p94eqz5,user_40b11fa8e8
t1,p94iffa,user_351a2cb931
t1,p94iwlg,user_d4f416581f
t1,p94jd7w,user_f0d0748e8d
t1,p94k3wi,user_3411f39029
t1,p94khua,user_09fa186451
t1,p94l9vs,user_a96292978e
t1,p94lllo,user_a7aa1dd38d
t1,p94m0i6,user_e61da2768b
t1,p94m5h4,user_e1b0f95376
t1,p94md4j,user_99c2519f32
t1,p94mmsw,user_732274456c
t1,p94mqjw,user_3b90140b18
t1,p94n5ju,user_8eb97d7b2f
t1,p94n70v,user_d7c5e39119
t1,p94n7w0,user_b1afe7ab4c
t1,p94o2af,user_088383885c
t1,p94oy4r,user_cb571ca2ee
t1,p94oz7f,user_cb571ca2ee
t1,p94qsnm,user_34c6a56abd
t1,p94rb5d,user_a842fdcb44
t1,p94terz,user_d131186001
t1,p94u0c0,user_5ff2cf6464
t1,p94u6ew,user_be33450079
t1,p94ua95,user_71ea72a650
t1,p94ukfn,user_2d2b29b815
t1,p94ulk9,user_a30f7057dc
t1,p957ybg,user_50201ce08e
t1,p958ony,user_f52e10bc6c
t1,p9597ee,user_45deaa5ef6
t1,p95n1dn,user_a44f95db40
t1,p95n86m,user_15e69b4f9d
t1,p95nfyu,user_547eb3d59f
t1,p95phdl,user_4c19b6abcc
t1,p95q4y5,user_e61da2768b
t1,p95r53o,user_176bacc463
t1,p95vyz4,user_547eb3d59f
t1,p95y1uc,user_09fbbe2cb6
t1,p9615qf,user_4131096a83
t1,p963hx2,user_8fd38b7b40
t1,p9662ct,user_48fdcf70b6
t1,p9673lg,user_4c097b73dc
t1,p96j51i,user_6abcb66d7b
t1,p96lza1,user_48fdcf70b6
t1,p96mhkt,user_d043d78525
t1,p96mn3b,user_59c933650c
t1,p96n7dp,user_ec38739040
t1,p96nus5,user_887fb85a15
t1,p96nxds,user_57d3a46f21
t1,p96o8qe,user_57d3a46f21
t1,p96odck,user_cfdebb4110
t1,p96oh4k,user_2b5f1ff38c
t1,p96oifl,user_af078de613
t1,p96oj3g,user_3d818b15e9
t1,p96otwx,user_62e4d471b2
t1,p96p9u5,user_6a26175055
t1,p96pjvx,user_36d0af555f
t1,p96ptu4,user_1dd35f0367
t1,p96pxcv,user_6216507e9f
t1,p96r1nv,user_3221f71c8b
t1,p96r4e4,user_a456f49e69
t1,p96r7o0,user_d8107b218e
t1,p96s2vy,user_3181876071
t1,p96s3ov,user_7a78b00855
t1,p96s7cn,user_120058de63
t1,p96t0ow,user_b9d8fc0e65
t1,p96t1z4,user_5831dcabf0
t1,p96t25e,user_bf1dcad748
t1,p96t50p,user_c532cc19b8
t1,p96tg6v,user_a9883912bc
t1,p96tkgd,user_71c5cd5408
t1,p96u3kh,user_995546fd2c
t1,p96u4zx,user_b6618a1edc
t1,p96usao,user_e691f4519b
t1,p96uurg,user_b7e07aacab
t1,p96vban,user_995546fd2c
t1,p96wb25,user_f1df9002a6
t1,p96wj7s,user_e8e0315468
t1,p96wuth,user_6f4974c9c4
t1,p96xm48,user_cb566988b8
t1,p96y1ka,user_4568f4aae3
t1,p96ylmi,user_c5a3796b41
t1,p96zg4z,user_ccf93442e4
t1,p97066g,user_ce8735cf7f
t1,p971i78,user_231e6c253d
t1,p972j3v,user_6dbc0b91ed
t1,p972pos,user_995546fd2c
t1,p972qyv,user_0c7f80dd8c
t1,p972qz4,user_6a2a2f1172
t1,p97dviq,user_51929306be
t1,p97dxuf,user_219b881a34
t1,p97hm19,user_21fa7d0ee3
t1,p97hqe7,user_38d6a50482
t1,p97irr3,user_9788cf667e
t1,p97j0yh,user_0ea37aff83
t1,p97l3ad,user_d59de6ed5d
t1,p97ln0h,user_b5c1ad7e05
t1,p97me6y,user_6ac124f708
t1,p97nav7,user_141c81a6f4
t1,p97oytc,user_23ec49ee88
t1,p97p8nf,user_df4a1ddff5
t1,p97to2d,user_c1f91a7ba4
t1,p97uh4h,user_52a77c2860
t1,p97vl3r,user_9bf566ece7
t1,p97ycn9,user_2f45d1618c
t1,p97zrdh,user_f991017818
t1,p983myi,user_6fd683866b
t1,p983yf8,user_09fbbe2cb6
t1,p986e3w,user_824c5dc216
t1,p989lxu,user_1765d5c68a
t1,p98c5ml,user_a401bf5f5e
t1,p98dcxe,user_6469249f70
t1,p98n4cl,user_ecd904bc62
t1,p98o13u,user_69c2557163
t1,p98o5os,user_ae8ef2f06c
t1,p98o9nr,user_779ae57d5f
t1,p98oi3v,user_cf9c434e62
t1,p98oz8c,user_5bb0c3b16a
t1,p98p2mb,user_c3461bb22d
t1,p98pl68,user_fb2fc06e4f
t1,p98qa5d,user_f0ec4642e0
t1,p98qgd5,user_e5b137eb72
t1,p98qto3,user_6809a02068
t1,p98sfjs,user_4f1d373aec
t1,p98u254,user_138cc7fe97
t1,p98u3nd,user_1d8438ac33
t1,p98us1u,user_4568f4aae3
t1,p98ve7b,user_2be5d3b1e2
t1,p98wqy8,user_c3b8e7f52f
t1,p98x6qz,user_4b1053aafa
t1,p98xczr,user_6683842d2c
t1,p98xg3i,user_944b3e5efd
t1,p98y6ly,user_b02c7076f0
t1,p98y9bk,user_7ad1dfa0ec
t1,p98yc6q,user_14fd631c4a
t1,p98ydaz,user_b9d0835aa8
t1,p98yh0f,user_36bebf6f49
t1,p98yhk3,user_6d887f136b
t1,p98yqul,user_4b1053aafa
t1,p98yyi0,user_05fc8ac949
t1,p98zgge,user_c74bf9fddc
t1,p98zhy7,user_bf1dcad748
t1,p990h4e,user_d49348f2e3
t1,p990hfy,user_4a3d0b758b
t1,p990yiq,user_081841c821
t1,p9911pg,user_77ca965d62
t1,p991dcc,user_cc64340ea6
t1,p991hpk,user_27a941c95a
t1,p991u6a,user_0c391cd1dc
t1,p991z96,user_6683842d2c
t1,p992369,user_f004ae097c
t1,p9923nx,user_54a568d68c
t1,p9924rh,user_6683842d2c
t1,p9929fw,user_08f49a3b21
t1,p992ev9,user_3286c34596
t1,p994gif,user_7ed2e287b1
t1,p995jyn,user_b337892894
t1,p996mf9,user_23e46e9022
t1,p9970vk,user_83ba9efb38
t1,p99757f,user_ea8bb49a2f
t1,p9977e5,user_c631c9a088
t1,p997fbf,user_995546fd2c
t1,p997hw8,user_c5b42c23b8
t1,p997mu3,user_7fc15c8122
t1,p997q28,user_9c8e1c4996
t1,p99846j,user_10d7690d03
t1,p9985vu,user_f004ae097c
t1,p9988jw,user_d4125f5d47
t1,p9989vp,user_298e675140
t1,p998nhv,user_9b3e60193b
t1,p998sbp,user_f55b803f6c
t1,p998xq9,user_25e8325dcf
t1,p99mckl,user_83ba9efb38
t1,p99o1hd,user_f0ec4642e0
t1,p99rpq5,user_bbfdc77209
t1,p99tgnh,user_12d1092da4
t1,p99utnt,user_3ee6ab7239
t1,p99wyvy,user_e0dcdd9293
t1,p99xizy,user_7b30bb4640
t1,p99yq05,user_4bd20ac884
t1,p99zgsn,user_879de88353
t1,p9a0g1g,user_64b2084ed8
t1,p9a14s4,user_700bd7cd7d
t1,p9a1vih,user_a37ba1e9fc
t1,p9a35b1,user_2bc9d450e8
t1,p9a3sx1,user_547ee9c634
t1,p9a5qu7,user_bde8733514
t1,p9a6i68,user_9c72ad7dee
t1,p9a72pu,user_8590ce5bf5
t1,p9a9dq8,user_730d623ca1
t1,p9aa84a,user_5e0763425b
t1,p9aal13,user_d7d9f01a86
t1,p9ac4ui,user_b1e58aee88
t1,p9acdim,user_ce03eb15d3
t1,p9adkee,user_801900a0ce
t1,p9adltw,user_4088a372d9
t1,p9ae1fm,user_48b8531343
t1,p9agnnm,user_6aaf651869
t1,p9ah8e9,user_14088474bd
t1,p9ahien,user_eb6a176753
t1,p9ahrz0,user_14088474bd
t1,p9ai322,user_6b737b1bc5
t1,p9aiadq,user_c815a1017d
t1,p9aiqod,user_47fafa6dfa
t1,p9ak97r,user_14088474bd
t1,p9al512,user_5e0763425b
t1,p9al5ag,user_2db72d67e3
t1,p9alem0,user_2db72d67e3
t1,p9an695,user_f551b880aa
t1,p9anei8,user_9c07a7954b
t1,p9ao87t,user_eb8856808a
t1,p9aoekr,user_eb8856808a
t1,p9aq37m,user_d75c52ee79
t1,p9aqc3r,user_22dbf09a2e
t1,p9aqgpu,user_25f142f784
t1,p9aqpsq,user_21ca89fb6f
t1,p9aqvz2,user_c235d0cf61
t1,p9aqzs4,user_8b6c3e1e46
t1,p9ar5n0,user_e8d8c9d8ae
t1,p9ar69a,user_d2bf0b5716
t1,p9ar6ka,user_8f09cf57d4
t1,p9arbbm,user_473ebc69ad
t1,p9ariio,user_473ebc69ad
t1,p9awr0z,user_91ec317eab
t1,p9awrgh,user_401dd142e5
t1,p9ax8n7,user_822a823461
t1,p9aysmx,user_e47140c7bc
t1,p9b06vc,user_a71bd650f9
t1,p9b0ct8,user_52f7a7b1ee
t1,p9b47my,user_637d5dd780
t1,p9b66zw,user_47940632c7
t1,p9b7yif,user_9943e3f2ea
t1,p9b8ynq,user_b4f573f16c
t1,p9bbgpq,user_5d6efbc002
t1,p9bczo3,user_4310566158
t1,p9bek5z,user_8e461ab6e9
t1,p9bg0o0,user_ec47bf6f49
t1,p9bg48p,user_5373bcdf82
t1,p9bhg77,user_0d2baed3e8
t1,p9birpe,user_5348a6acc9
t1,p9bj7d1,user_b35e7ec212
t1,p9bjulg,user_7e88c65bc5
t1,p9bmvwn,user_433264da78
t1,p9bn2jm,user_b1b4ec58de
t1,p9bn8de,user_44fa855908
t1,p9bnrjn,user_47d94e0b81
t1,p9bnxgw,user_2b8000bafc
t1,p9bny6w,user_ee3eb470b5
t1,p9bodc4,user_d414a1b022
t1,p9bp9r1,user_b480000761
t1,p9bpes7,user_f780f763ee
t1,p9bpo8n,user_209996b1fc
t1,p9bq5iu,user_22ab45f93c
t1,p9bqp41,user_6a64a236e4
t1,p9bqxj7,user_b17803dbb6
t1,p9bqzsp,user_b76d444706
t1,p9brmwv,user_cdfef0d3fe
t1,p9brumq,user_71c5cd5408
t1,p9brvnn,user_8b996a4f85
t1,p9brwkf,user_66a5c29cc5
t1,p9buagk,user_887924d7f6
t1,p9buo8i,user_4112f06794
t1,p9buxrv,user_7341b2127d
t1,p9bvcfh,user_3e0576ccea
t1,p9bvcn8,user_bdb6b1c5d9
t1,p9bvn98,user_a68df203ac
t1,p9bx8q1,user_0c12456fa3
t1,p9bxorn,user_94039198d8
t1,p9bz5ve,user_bf3aba10e3
t1,p9c6f35,user_2bb47c25ad
t1,p9c7d6o,user_d1fe373506
t1,p9c7tjv,user_ff09c6124b
t1,p9c814k,user_1dd35f0367
t1,p9c8r9q,user_a5bca5726c
t1,p9cap8a,user_2df008d035
t1,p9cbml3,user_949bda3d16
t1,p9ch93i,user_6efac1daaf
t1,p9ci0dx,user_975faea40a
t1,p9cigf5,user_93a25d1e30
t1,p9cj69d,user_a207655469
t1,p9ckxs2,user_61c0111828
t1,p9cp2qh,user_383d47f63f
t1,p9cr3xy,user_9acf86a1f1
t1,p9cws6q,user_8701729708
t1,p9cx03j,user_ce6fc7845e
t1,p9czyxr,user_4112f06794
t1,p9d0fr2,user_e0752097e8
t1,p9d0yot,user_69221801a8
t1,p9d159j,user_973105bb57
t1,p9d1hao,user_c60801a86b
t1,p9d380b,user_469578f41a
t1,p9d3t1l,user_03aaffbc21
t1,p9d5bud,user_1f0e293258
t1,p9d648j,user_dd0decc008
t1,p9d7pm3,user_c292cc4c69
t1,p9d7r4a,user_b665acbf32
t1,p9d7wjg,user_f1c1f02452
t1,p9d7za7,user_f0a748d02b
t1,p9d839o,user_7fe0bcfb8c
t1,p9d8ecx,user_5ad809d4e7
t1,p9d9y8s,user_0b6f25649f
t1,p9dbv7d,user_50201ce08e
t1,p9dcfsj,user_6ffa936108
t1,p9dcst1,user_4aa6416427
t1,p9deblu,user_22acefbd98
t1,p9dg619,user_4184463c63
t1,p9dh79z,user_a9d83eb279
t1,p9dhihk,user_720ed7d594
t1,p9dhyc6,user_20dbcf885e
t1,p9djwl5,user_0ee69c6726
t1,p9dkku3,user_0266e1a7c6
t1,p9dl2wj,user_3c8251f424
t1,p9dl7ko,user_266041e0dc
t1,p9dmeud,user_48f216237d
t1,p9dmmh2,user_f2ac4ea06d
t1,p9dmnxg,user_f8e8854568
t1,p9dn4cg,user_6cada03746
t1,p9dnbb5,user_266041e0dc
t1,p9dnoya,user_3477a6cd99
t1,p9doaak,user_804de080e5
t1,p9doul3,user_e76afcf59d
t1,p9doyty,user_77df292e26
t1,p9dp57w,user_efee160ad1
t1,p9dpjfl,user_14088474bd
t1,p9dqk0s,user_b14970c74e
t1,p9dqw8l,user_f8e8854568
t1,p9dqxry,user_0b682d8d3d
t1,p9drdpl,user_669de7ab13
t1,p9dril2,user_6b1c34f43c
t1,p9drlqn,user_a892dbb1f5
t1,p9dslvd,user_175337ceb8
t1,p9dsplb,user_459728f15b
t1,p9dt6c6,user_5a02fbb148
t1,p9du18n,user_2c8890d70c
t1,p9dvy5i,user_81b4599d34
t1,p9dvyrj,user_931ebc93e5
t1,p9dweu0,user_368a615dd6
t1,p9dwry1,user_99365b4b22
t1,p9dwxzc,user_bf850bb055
t1,p9dxe57,user_6da8c94482
t1,p9dxhl7,user_a32ef3b0d3
t1,p9dxmut,user_c8407f6794
t1,p9e00sn,user_cb040c49e1
t1,p9e0ey9,user_e6a5eb4a1a
t1,p9e0goy,user_f378b878de
t1,p9e0vrn,user_3e18d4ce5b
t1,p9e0ypt,user_877f023d59
t1,p9e7bsm,user_df4eecf848
t1,p9e8iet,user_3b84c37bbb
t1,p9e8ort,user_8fa54665c4
t1,p9e94t3,user_789dd26f54
t1,p9ealiz,user_3240f6de9f
t1,p9eatc4,user_1d2ed98122
t1,p9eaxy0,user_dc4b5bc9bf
t1,p9ebdlw,user_6a2a2f1172
t1,p9ebdtv,user_e9aefe49ea
t1,p9ecnku,user_6cc4dacc6b
t1,p9edg47,user_fde6c2afae
t1,p9ehrx4,user_5a02fbb148
t1,p9ei2s0,user_512f19e522
t1,p9ei6i9,user_98fb5ea086
t1,p9eir9x,user_0a3f4a4dd4
t1,p9ekfdd,user_1ee8c8dfe1
t1,p9elq0g,user_61bd6dde09
t1,p9em7hm,user_11851b777b
t1,p9emnr2,user_ebc989125d
t1,p9enys7,user_1cf33e367d
t1,p9eo21u,user_57d3a46f21
t1,p9eo80s,user_7d3b455734
t1,p9epa5g,user_21fa7d0ee3
t1,p9epdbh,user_3de9b453ee
t1,p9ern4e,user_698f49c542
t1,p9erpwj,user_a489b4e419
t1,p9eskn5,user_f38a382850
t1,p9ev9w9,user_6a9fb7381a
t1,p9evkyq,user_a22cd7308b
t1,p9exetb,user_d2943de437
t1,p9ezkx0,user_46fbde8bec
t1,p9f0phg,user_7fcae7b178
t1,p9f1ry8,user_f2745bc414
t1,p9f2z1u,user_0d9ba1dac9
t1,p9f4qqg,user_d2e6b4d333
t1,p9f6ct9,user_252681f599
t1,p9f8dsy,user_b9d0835aa8
t1,p9f96wt,user_095507d986
t1,p9fb59y,user_e63d729934
t1,p9fbzhf,user_edef8f7bd2
t1,p9fdbpq,user_3ed1ad8e31
t1,p9fdk9c,user_2d872847c8
t1,p9fdzvp,user_1b3c9b3f9f
t1,p9ffbst,user_416c5b754d
t1,p9fflxj,user_59d439c615
t1,p9ffrxv,user_9cebb291e2
t1,p9fgn7s,user_b7a367ac78
t1,p9fiu2a,user_48ac3b366c
t1,p9fk33r,user_156f63729c
t1,p9fky8t,user_0490713ced
t1,p9fluhr,user_91fc0796b3
t1,p9fm3rr,user_712b23eb1a
t1,p9fn9un,user_d163d95ea1
t1,p9fnev7,user_951f781062
t1,p9fomff,user_620ef21ef1
t1,p9fonek,user_5a0cd586ee
t1,p9fooq8,user_728de3e875
t1,p9fpbtw,user_f08c93c97b
t1,p9fs17a,user_5056171117
t1,p9fs3i7,user_f3c136ec20
t1,p9fsa7e,user_4c1de28463
t1,p9ft17a,user_ce8735cf7f
t1,p9ftdk0,user_fe225f5378
t1,p9fthdt,user_797dc3b683
t1,p9fu0y2,user_e0b7b20e01
t1,p9fu8in,user_fe6a4e4413
t1,p9fvl1l,user_b9174112e7
t1,p9fwfx3,user_f00e409341
t1,p9fwik7,user_2b66bc6af4
t1,p9fx8wx,user_cf5ce68847
t1,p9fxe96,user_748044daf2
t1,p9fxglx,user_f112c5738b
t1,p9fxlde,user_e52e4d89e3
t1,p9fyll4,user_f4b1645fe7
t1,p9fyux0,user_b2e14e7378
t1,p9fzlop,user_7167a79550
t1,p9fzw2o,user_6be4738099
t1,p9g16v8,user_15d34307ea
t1,p9g1bg8,user_b4b918b1de
t1,p9g1kho,user_5c571125e1
t1,p9g1kk9,user_fe6a4e4413
t1,p9g1mic,user_2aba6ba282
t1,p9g2atm,user_e1b0f95376
t1,p9g2r9m,user_908ac6efe3
t1,p9g323f,user_379fe8b893
t1,p9g33vy,user_e52e4d89e3
t1,p9g3meo,user_0aaa01190f
t1,p9g3s40,user_1bb1a589a7
t1,p9g442u,user_46fbde8bec
t1,p9g480z,user_38ef15c950
t1,p9g4ao1,user_b09b4dffc7
t1,p9gcbg2,user_4cf771abcb
t1,p9gf2jn,user_752f3a1768
t1,p9gff6f,user_d4f64b3eb7
t1,p9gigas,user_4d37d89f8d
t1,p9giq0z,user_8828c59c0c
t1,p9gmswi,user_ad76748a0a
t1,p9gn7n9,user_2b4f1da654
t1,p9gpi2l,user_a37ba1e9fc
t1,p9gpmps,user_27c88e646a
t1,p9gpsy1,user_b7e358ff74
t1,p9grc42,user_a149e96092
t1,p9grdn2,user_897d454573
t1,p9groiu,user_fc7414e339
t1,p9gs4mv,user_c0d96583d4
t1,p9gsj3s,user_5eaa2c4500
t1,p9gw7s1,user_029b9eb190
t1,p9gwwk2,user_06d6cc2cc7
t1,p9gxjb3,user_048dac8ee2
t1,p9gyst7,user_046e7b2562
t1,p9gznck,user_5f410cbd28
t1,p9gzolx,user_c30efea783
t1,p9h11vx,user_11f94d1ca1
t1,p9h1n6g,user_4dd42afc80
t1,p9h2tp4,user_1a19d1e91c
t1,p9h3txx,user_a07526ed54
t1,p9h4cdt,user_15d9d2ae81
t1,p9h4lo6,user_72c29b43ce
t1,p9h5k6m,user_1193148973
t1,p9h6xwc,user_d86f88287e
t1,p9h7jpk,user_98b21fc752
t1,p9h7wvq,user_a55cdc4a37
t1,p9h952b,user_31eab58eb3
t1,p9hakgi,user_fab564a326
t1,p9hbxuk,user_e78827c798
t1,p9hc5oj,user_3b180e1a42
t1,p9hc9ri,user_af078de613
t1,p9hdesz,user_04ed4d4bb3
t1,p9heqii,user_63f31a9437
t1,p9hez5q,user_cf5ce68847
t1,p9hfcff,user_21fa7d0ee3
t1,p9hgsxv,user_64d05981fb
t1,p9hgyd0,user_21fa7d0ee3
t1,p9hh29c,user_21fa7d0ee3
t1,p9hiez5,user_b60ebd9a96
t1,p9hjcbj,user_744985ea44
t1,p9hjprj,user_5bed8251b8
t1,p9hkrkj,user_02a47aacc7
t1,p9hlrk9,user_7f00dd6632
t1,p9honqd,user_5301dd5b7a
t1,p9hoyhc,user_62a08b03a2
t1,p9hp37o,user_f08c93c97b
t1,p9hp3c8,user_9568cda51f
t1,p9hyvk1,user_8041e8a82f
t1,p9i17oe,user_dff2b36d4d
t1,p9i4s8a,user_f161d78e91
t1,p9i5wtm,user_798d63ff3a
t1,p9i673n,user_e53cd5e13c
t1,p9i8sli,user_0025ba4f28
t1,p9ia7n9,user_3f78cbb2e6
t1,p9iadfj,user_d1db241cd0
t1,p9ib3qb,user_9c614dee88
t1,p9ibp6p,user_b47df779f1
t1,p9ibrvh,user_eda1862b79
t1,p9ic1zk,user_86073d734f
t1,p9icj3n,user_48149ceb7d
t1,p9iecfc,user_f4761dc166
t1,p9ielw7,user_085da213e6
t1,p9ifrw8,user_f112c5738b
t1,p9ifu3r,user_a22116982d
t1,p9ihunp,user_dd0bd7bdc6
t1,p9iipak,user_12d1092da4
t1,p9iitr8,user_da3a467d97
t1,p9iiznt,user_b3fc7ca886
t1,p9ikfru,user_ce8735cf7f
t1,p9ikzjn,user_70653cb520
t1,p9in169,user_a71c9f3f9c
t1,p9invds,user_2cda96e059
t1,p9ipnn0,user_30b33f3222
t1,p9ipwfu,user_8bf1d05095
t1,p9irfzo,user_2e14f349c5
t1,p9isuvc,user_6d906af88e
t1,p9it2nx,user_e66483ec02
t1,p9it92l,user_dee97765f8
t1,p9iuehx,user_02ee184e3d
t1,p9iwz0v,user_cfffd35ed9
t1,p9iynyl,user_b83d9eb601
t1,p9j6bni,user_45b592689d
t1,p9j7ltv,user_aa12e712cd
t1,p9j8qvr,user_25ebd171c7
t1,p9j9d4q,user_f7a674af15
t1,p9j9p11,user_a763597817
t1,p9jd2ft,user_5cd5719e0b
t1,p9jkw18,user_2d0162cbfe
t1,p9jn8ls,user_c8c05bdd6a
t1,p9jpgyv,user_06c3202b3c
t1,p9jub6o,user_af6db192c9
t1,p9jxq51,user_eb0d6f13e3
t1,p9jzfxb,user_da54e26e61
t1,p9k1hgd,user_46ba3ebcd4
t1,p9k1vio,user_d5324aec0c
t1,p9k57xm,user_09fbbe2cb6
t1,p9k67yw,user_b47cfb4bf6
t1,p9k6gna,user_4c1cfe650a
t1,p9k709o,user_1b63230c67
t1,p9k7yq4,user_9ea4d98d91
t1,p9k88kr,user_cd920654c4
t1,p9k9ra8,user_933cd5f806
t1,p9ka1ld,user_732274456c
t1,p9kadq6,user_a0522208d6
t1,p9ked2r,user_65bddb179a
t1,p9kfuo2,user_ab12a0a4b2
t1,p9khnjn,user_a034997dfb
t1,p9kkyav,user_302b54a4c4
t1,p9klom2,user_5bcf40cbd7
t1,p9knnd1,user_9f7c4c2306
t1,p9ko7sv,user_d57f8d5f92
t1,p9kpb3y,user_c2219fe821
t1,p9ksnax,user_e30d43945a
t1,p9kt0ex,user_e0752097e8
t1,p9kt3pk,user_e992c66165
t1,p9ku7w4,user_35b7d36454
t1,p9kuxi2,user_d36990c2cf
t1,p9kxayf,user_1e006af39f
t1,p9kxsss,user_618cf9263a
t1,p9kyaop,user_eb51682f3c
t1,p9kycxc,user_526688902f
t1,p9kydee,user_24af08c3e5
t1,p9kymgx,user_0ac705f01d
t1,p9kywpl,user_2e5e381ac9
t1,p9kz2il,user_24af08c3e5
t1,p9kzjs5,user_c31a326a96
t1,p9l0835,user_87aa921ecc
t1,p9l0ppp,user_c3b2d4b60e
t1,p9l1qq6,user_ffb8fba011
t1,p9l1ty2,user_620ef21ef1
t1,p9l1zpw,user_2155c440fa
t1,p9l261c,user_f1b36babf5
t1,p9l2rry,user_840002d445
t1,p9l2ylp,user_0aaa01190f
t1,p9l32r0,user_c360d56853
t1,p9l3sgt,user_2d157bc846
t1,p9l4fra,user_d0dccbc1bc
t1,p9l4ge6,user_ddd929167c
t1,p9l4gv1,user_b9cdbf4803
t1,p9l4iqz,user_20bd1b3cc8
t1,p9l4yub,user_ce56ddc6cb
t1,p9l5295,user_beb17c0cd9
t1,p9l53g6,user_f08c93c97b
t1,p9l53yy,user_50c3a1c296
t1,p9l57b5,user_00429a5a41
t1,p9l5ael,user_6889b8652f
t1,p9l5ap1,user_7eeb4ed418
t1,p9l5gws,user_bac31ef4f4
t1,p9l5j3t,user_6ae0b582ff
t1,p9l5q4s,user_f77f1cd6df
t1,p9l5sg3,user_b5c1116735
t1,p9l5t99,user_7eeb4ed418
t1,p9l5vxf,user_c0022c20f7
t1,p9l64k4,user_241ae592fb
t1,p9l64k7,user_2f1470d8fd
t1,p9l6ar7,user_050ebbe2cd
t1,p9l6g7p,user_8de1cae7e5
t1,p9l6kjj,user_edef8f7bd2
t1,p9l6wsz,user_d877a6ef77
t1,p9l769h,user_6889b8652f
t1,p9l79fn,user_9a9a64f61a
t1,p9l7ak6,user_bac31ef4f4
t1,p9l7d4e,user_6889b8652f
t1,p9l7jkd,user_d06ab627ff
t1,p9lddt9,user_b7d7fd3153
t1,p9lhq3o,user_2d872847c8
t1,p9lj62b,user_c8ba8053d0
t1,p9lk275,user_f6cb9b2251
t1,p9lpr1n,user_4bb5a461d6
t1,p9lr7rh,user_dc3c6dde7c
t1,p9lw682,user_b49333c29f
t1,p9lz4ot,user_6b29a7b485
t1,p9m6hmj,user_07c10db3f1
t1,p9m73eb,user_ebfe39df00
t1,p9ma0mj,user_0d190d1c28
t1,p9mahta,user_798230f5b3
t1,p9mepv8,user_09fbbe2cb6
t1,p9mezgl,user_091a7a4c50
t1,p9mfqoc,user_5cfa24c0e0
t1,p9mgoeb,user_22946dbfb0
t1,p9mlc4d,user_c3b2d4b60e
t1,p9mm39h,user_068a60351f
t1,p9moz7v,user_1cbcc8711c
t1,p9mphc3,user_3e4ba1a0d1
t1,p9mpyh9,user_b7b829ba6f
t1,p9ms32e,user_8f74d55280
t1,p9mt9h3,user_1870ff5876
t1,p9mu9a2,user_afbef72a78
t1,p9mwg50,user_ab308f0891
t1,p9mxdac,user_068a60351f
t1,p9n03wg,user_f8e8854568
t1,p9n1eul,user_3151f27958
t1,p9n1g4w,user_c02fb7cc14
t1,p9n1qvz,user_f4c0d75d4c
t1,p9n1u9m,user_64eabc4a70
t1,p9n2gz0,user_0e69fb9dda
t1,p9n2mxp,user_2c4b7ba22d
t1,p9n2t77,user_d9f3d13370
t1,p9n2y8v,user_56cdc917b1
t1,p9n4bks,user_6cca1fcfc9
t1,p9n6c7h,user_89916bc9f7
t1,p9n6yst,user_659fa88e80
t1,p9n9971,user_4ea17129ba
t1,p9nan9u,user_80be0ea746
t1,p9nbahi,user_77b7ea83cc
t1,p9nbwi8,user_f983dc9a91
t1,p9ndarv,user_6cad5c21f5
t1,p9ndbpi,user_80be0ea746
t1,p9ndri7,user_1501188403
t1,p9ndyxy,user_5144e9cc3e
t1,p9ne0kz,user_c03ff521d5
t1,p9neakh,user_c8c05bdd6a
t1,p9ned2q,user_9d83dcc90e
t1,p9negu7,user_0a404159f1
t1,p9nemqt,user_0a973bed7b
t1,p9neqpk,user_4d831b07bd
t1,p9nevos,user_9f5090848f
t1,p9nf6sx,user_a37ba1e9fc
t1,p9nffxc,user_f329ec82ff
t1,p9nfhmf,user_efb1a96752
t1,p9ngrt8,user_63d991b5d3
t1,p9nguy5,user_bf4fb8bb39
t1,p9nnkhk,user_9926ca695d
t1,p9nrgut,user_bf6fd2e2cb
t1,p9nu91z,user_bcacdee1a8
t1,p9nyqsq,user_25ad23d624
t1,p9nzzrf,user_77445d1d44
t1,p9o11o3,user_bbf930eb41
t1,p9o3kn3,user_aec2d08526
t1,p9o821x,user_b5c1116735
t1,p9o8wmf,user_c70e01480f
t1,p9o8woa,user_ace61250a4
t1,p9oaf0b,user_dbde8b2369
t1,p9objzs,user_bd7a15248f
t1,p9obybq,user_5934accdce
t1,p9octt7,user_67581e0966
t1,p9oddt7,user_fc95d68e18
t1,p9odlux,user_ce736a0470
t1,p9ofh4c,user_9c47a32643
t1,p9ogfzo,user_5a5af349d2
t1,p9oljum,user_3b8e4aa7e2
t1,p9olpgz,user_4293d6e7a2
t1,p9olskx,user_b6b7ac672f
t1,p9oltl9,user_8b0e9b75d9
t1,p9olujz,user_66419b2842
t1,p9on1l7,user_a119cb7e88
t1,p9onmsa,user_b6b7ac672f
t1,p9onn9s,user_28a994fd06
t1,p9ooejj,user_4b6714099c
t1,p9oqs99,user_4368e6bdd1
t1,p9or1yy,user_2329279dae
t1,p9or7zo,user_77445d1d44
t1,p9orju9,user_63b5495c33
t1,p9orlbk,user_8521b8f205
t1,p9orx82,user_7fc617cd26
t1,p9osm2c,user_fd3880cddb
t1,p9ot1y1,user_bf6990ed6d
t1,p9ot2q7,user_1a8e396147
t1,p9ot5h0,user_7c85c08452
t1,p9othp8,user_6e002fc2a7
t1,p9otqsl,user_26a829c94c
t1,p9ouikz,user_d8eef0a994
t1,p9oup6n,user_d95c74798d
t1,p9ourch,user_6e002fc2a7
t1,p9ouuyd,user_a1d91148fc
t1,p9ovn2o,user_1d05579c48
t1,p9owul4,user_a742edfeeb
t1,p9oxdr8,user_9564508bdf
t1,p9oxmdv,user_f3a031a267
t1,p9oya0g,user_043098d85c
t1,p9oyzlj,user_2f45d1618c
t1,p9ozp3e,user_0022d6bbce
t1,p9p0190,user_21d2e346e4
t1,p9p0g0l,user_0c3bfb19ef
t1,p9p0tux,user_0c2c9d11b6
t1,p9p107k,user_0022d6bbce
t1,p9p1dmo,user_c009137cb6
t1,p9p1nsz,user_ffe2db1548
t1,p9p29kb,user_f7d72a0914
t1,p9p36jw,user_1f166e59b0
t1,p9p3g59,user_e37319a4fa
t1,p9p3srs,user_6380c690d6
t1,p9p3ta2,user_d74e6649f6
t1,p9p3yis,user_6380c690d6
t1,p9p456c,user_7915936912
t1,p9p45j4,user_6380c690d6
t1,p9p4kg2,user_f3a031a267
t1,p9p4nbl,user_ae29243098
t1,p9p4ndp,user_3ba374b73e
t1,p9p4okv,user_f3a031a267
t1,p9p4tcr,user_31f1055a1b
t1,p9p4z6k,user_3ba374b73e
t1,p9p9c9x,user_6ae8240d85
t1,p9p9dv4,user_5a4a293fc5
t1,p9p9mcx,user_3b14680fd7
t1,p9p9svk,user_1ee73b389f
t1,p9pa2nj,user_c05a0faaac
t1,p9papzv,user_5b86b8dcba
t1,p9pb1tj,user_0b54e35d8d
t1,p9pdubl,user_23ba974125
t1,p9phikx,user_8be07f1e2d
t1,p9phj25,user_42b27f88b9
t1,p9pihdg,user_0a3f4a4dd4
t1,p9pj4f4,user_26dd5f3063
t1,p9pjnii,user_ee214357b5
t1,p9pk9pb,user_c98a27cd32
t1,p9pmtvd,user_1a42fe87e0
t1,p9pn8kf,user_443fd04d91
t1,p9pnm5i,user_0c0246de48
t1,p9ppnlu,user_e37052d782
t1,p9pt0z7,user_b0c0b25cb1
t1,p9ptxfx,user_5f2914f383
t1,p9puyk6,user_8eb359b9fa
t1,p9pviba,user_b0c0b25cb1
t1,p9px66u,user_ce9ee3159e
t1,p9pxq3y,user_1c8458b087
t1,p9pyn3t,user_34aa4c584b
t1,p9pyv6j,user_34aa4c584b
t1,p9pz41j,user_71c39f3440
t1,p9pz6df,user_67dd502e22
t1,p9pzany,user_bd38fbaf87
t1,p9pzctz,user_d7adb5e9cb
t1,p9pzduw,user_9500a54e0f
t1,p9q03me,user_c0b4f04a16
t1,p9q0w5r,user_a690d43cbe
t1,p9q1fqd,user_f09b810d58
t1,p9q1u34,user_f52c6422e6
t1,p9q1yqu,user_ebb8c019f7
t1,p9q2imi,user_f5f5be9d40
t1,p9q3ay2,user_35dc43f5ef
t1,p9q453p,user_f5ff77d225
t1,p9q4nvp,user_16bd67dc4d
t1,p9q4wvn,user_1f66d3fa62
t1,p9q5f3o,user_7626b5415f
t1,p9q5khu,user_b4f2e0ff93
t1,p9q6tr2,user_013923ebf6
t1,p9q7nkl,user_550f17e4d9
t1,p9q9e2i,user_6deafd8c85
t1,p9q9nvz,user_3055c09ae8
t1,p9q9xqa,user_da64ea6e06
t1,p9q9yzu,user_0e6dbc415a
t1,p9qa11m,user_3359ba7090
t1,p9qar3u,user_e37052d782
t1,p9qawgo,user_f3a031a267
t1,p9qb84x,user_165fe59526
t1,p9qbjau,user_2e45abfb66
t1,p9qcedb,user_732b29f071
t1,p9qci7q,user_732b29f071
t1,p9qe6ie,user_b83d9eb601
t1,p9qeube,user_3b13e80c50
t1,p9qf5g3,user_420b6d31dd
t1,p9qfgvk,user_59c933650c
t1,p9qg2fo,user_06dda564ca
t1,p9qg5pg,user_5d9bfb98cc
t1,p9qg7ww,user_c28b865793
t1,p9qgbcy,user_ddf41ec4f8
t1,p9qgbya,user_1a182de884
t1,p9qjkxx,user_057d1b582c
t1,p9qk1su,user_a65d863206
t1,p9qo7hp,user_956f6aa0d8
t1,p9qoz7d,user_8590ce5bf5
t1,p9qpc9r,user_54e63fba60
t1,p9qr75f,user_141c81a6f4
t1,p9qrlv9,user_bfe2f9e6eb
t1,p9qs13j,user_0b011322d5
t1,p9quoxi,user_eea2b79d50
t1,p9qxgmy,user_efa6075370
t1,p9r1tmb,user_45b0bdbc75
t1,p9r1x9d,user_177b8c57d1
t1,p9r3am5,user_7be8dbc445
t1,p9r3r07,user_ef1a8d2f68
t1,p9r5r5u,user_655eeb3eaa
t1,p9r614h,user_8700527e63
t1,p9ra9ln,user_d2df007709
t1,p9rdl0r,user_443fd04d91
t1,p9re1jg,user_893bf8e929
t1,p9rhro8,user_56b70f7573
t1,p9rhxyy,user_cf28e22f82
t1,p9rib8o,user_fd6d94d37b
t1,p9rie9a,user_7cbb29a581
t1,p9rif47,user_da61b9a13a
t1,p9rihcr,user_0ebc54273a
t1,p9rktnm,user_0d155e8501
t1,p9rldr7,user_cb7869b878
t1,p9rn6fy,user_f7d72a0914
t1,p9rs91v,user_0794205c2d
t1,p9ruiaj,user_3a86a31992
t1,p9rxegr,user_7e6929f276
t1,p9rxo63,user_ac537816aa
t1,p9rz5lb,user_485d2543d0
t1,p9rzhyi,user_7c4f56bf02
t1,p9rzp0x,user_8e24a87109
t1,p9s0b0c,user_c0d96583d4
t1,p9s1dg9,user_d319355938
t1,p9s1pjs,user_74e66bcbe2
t1,p9s29fs,user_7d2da23f79
t1,p9s2v8f,user_f021cd0c2c
t1,p9s3fip,user_40f4a442a6
t1,p9s436x,user_775a7bbe6c
t1,p9s57yo,user_d3ea71d79c
t1,p9s5sck,user_3982bc97ae
t1,p9s63y6,user_b0e1847641
t1,p9s6gu2,user_f16cec657d
t1,p9s6inj,user_239478f622
t1,p9s6t5n,user_3c41f4fee0
t1,p9s7htc,user_d52c0378d5
t1,p9s7l0x,user_5e106754a9
t1,p9sa20a,user_b00b71b361
t1,p9sbdaj,user_b00b71b361
t1,p9scnkv,user_39cdce156b
t1,p9seivx,user_55d7c3f456
t1,p9sf2p4,user_b18bc960de
t1,p9sfs73,user_730372b70b
t1,p9sgdbh,user_785d1ea30b
t1,p9sists,user_7c4f56bf02
t1,p9sj4or,user_ff6b566aac
t1,p9sjc3b,user_7c4f56bf02
t1,p9sjfj3,user_f8e8854568
t1,p9sjgx6,user_bd5ef76b03
t1,p9sjqxw,user_b24a3f39bd
t1,p9sjzac,user_1386d5cfe8
t1,p9sk52f,user_a6dd5b046d
t1,p9skchy,user_5104056974
t1,p9ske3i,user_19fd4dc7b8
t1,p9skl7h,user_5d8983ce38
t1,p9sktbt,user_f24bd1199c
t1,p9sku39,user_9f51a4d270
t1,p9skwzj,user_6b737b1bc5
t1,p9srwfv,user_1386d5cfe8
t1,p9srwqe,user_09fbbe2cb6
t1,p9ssxp6,user_8b96e7b617
t1,p9sx2f7,user_cf65eae999
t1,p9sy58h,user_c2cb097369
t1,p9t1tfn,user_2c04bbc3bd
t1,p9t4d7w,user_7114941320
t1,p9t5t6s,user_b54b26e853
t1,p9tb2bg,user_988c224d3a
t1,p9tg4rd,user_a971c1636c
t1,p9tgy09,user_06f212455a
t1,p9thnpx,user_e52f8034f5
t1,p9tjisq,user_6f9111b3e9
t1,p9tnnlm,user_a02434a408
t1,p9to7ce,user_5a7fe63f2a
t1,p9tqmqf,user_5a02fbb148
t1,p9tqwqn,user_518a73f43e
t1,p9tsf4e,user_36490b44a1
t1,p9tv50c,user_eb0d6f13e3
t1,p9tw5bc,user_4796bb75f4
t1,p9twxes,user_5104056974
t1,p9tzovt,user_5188ac6385
t1,p9u04g4,user_034cf083b0
t1,p9u1n55,user_815f37222f
t1,p9u1s9z,user_237ca6d8e8
t1,p9u26da,user_f67c6d31c2
t1,p9u6ahb,user_66a5c29cc5
t1,p9u6k8u,user_c102c0760e
t1,p9u6sx0,user_ee21af4a85
t1,p9u7omf,user_66e700ee08
t1,p9ua303,user_387a1d4804
t1,p9uakw7,user_387a1d4804
t1,p9uaqta,user_ff186a0f19
t1,p9ubep9,user_d292a58f03
t1,p9uc4tm,user_eda752ba28
t1,p9ud2v9,user_967f3734f8
t1,p9udi8v,user_9a88ddfeba
t1,p9udu5o,user_896a4ac622
t1,p9ui7to,user_b35d7986f0
t1,p9ujw91,user_f5ea1a428a
t1,p9ukhj5,user_6837ac798c
t1,p9ukryp,user_5a02fbb148
t1,p9ul1ug,user_da0603a851
t1,p9ulxu4,user_787db25b68
t1,p9unbwd,user_3982bc97ae
t1,p9undc2,user_6a6e1dd68b
t1,p9unese,user_f08c93c97b
t1,p9unfk9,user_86e4b44165
t1,p9unin4,user_e37443f531
t1,p9untuc,user_bf5dd9fd46
t1,p9uo308,user_e1a4656d99
t1,p9uo49p,user_2aa1505cfc
t1,p9uoeyz,user_02ee184e3d
t1,p9uoqpp,user_387a1d4804
t1,p9up4pt,user_80bc0a531e
t1,p9upat3,user_4c3beb02f7
t1,p9upx54,user_09e82c895b
t1,p9uq41g,user_2f83f6837d
t1,p9uq98e,user_c3e8bc40fe
t1,p9uqugl,user_fd284afdb1
t1,p9uqyak,user_d833d9314d
t1,p9urghb,user_9fa77f24a6
t1,p9urmyl,user_fbae8a0131
t1,p9uz2ny,user_6837ac798c
t1,p9v1oyz,user_579606b695
t1,p9v6oak,user_85fabda4ff
t1,p9vbsse,user_15d9d2ae81
t1,p9vexdq,user_9ea75ea15c
t1,p9vg9w3,user_13beb725e4
t1,p9vjrjv,user_0a2cc3a545
t1,p9vmfyy,user_482d428827
t1,p9vmltl,user_0d0be9fd50
t1,p9vnb53,user_2ad871596a
t1,p9vnfwz,user_be2ed7bbdb
t1,p9vob7v,user_4afd447565
t1,p9vorna,user_26896b22b7
t1,p9vpy3s,user_c54908dd5d
t1,p9vqndb,user_d0f1169ec9
t1,p9vqtm2,user_637d5dd780
t1,p9vqx1u,user_52c8285177
t1,p9vtg77,user_d2a3663fda
t1,p9vuglh,user_d8f5b075a5
t1,p9vv7m8,user_5c538cd655
t1,p9vxbmp,user_fb036c6591
t1,p9vzm5b,user_3b087829e6
t1,p9w01rl,user_e8aed96560
t1,p9w115b,user_e0edd46dcc
t1,p9w17f0,user_c860bffa60
t1,p9w1eyb,user_ea3b59afb8
t1,p9w1lpv,user_69e80d60e4
t1,p9w1rmy,user_c9ca0d110c
t1,p9w2zlm,user_d68fd27308
t1,p9w3kp8,user_adb68d2a63
t1,p9w471c,user_32f56ab38a
t1,p9w4qcx,user_adbc1e92b5
t1,p9w4xbl,user_159325adb9
t1,p9w4xow,user_24d67e28c1
t1,p9w52j3,user_5f0db069ac
t1,p9w6cmz,user_eb8856808a
t1,p9w6m12,user_cd0f7ff667
t1,p9w6zyn,user_08a7774bab
t1,p9w7abu,user_62e9d45f23
t1,p9w7k8r,user_39d103cf1d
t1,p9w7oiv,user_97be89bb4f
t1,p9w7tlb,user_b7e358ff74
t1,p9w7zzq,user_40af1a1675
t1,p9w9i13,user_86ba762fe5
t1,p9wasu9,user_cba7f7bea2
t1,p9wbcki,user_52ba048dc6
t1,p9wbd23,user_b80f1b69a4
t1,p9wbpj2,user_96fafdea75
t1,p9wbvqs,user_55021b09fb
t1,p9wc3p7,user_e8f88f2e06
t1,p9wdl82,user_977b1bebdf
t1,p9wemks,user_454a5cb61a
t1,p9weulj,user_e63eb3831d
t1,p9wfbrc,user_9cc12ee6f8
t1,p9wfhs6,user_47285aac60
t1,p9wfku8,user_750af79936
t1,p9wfq5r,user_e95bc1f52c
t1,p9wfw8z,user_c7829137e2
t1,p9wgpsb,user_2bfe4543df
t1,p9wgvz2,user_33549c75b5
t1,p9wgyjh,user_e82c4bc6fa
t1,p9wnqkn,user_fb036c6591
t1,p9wozel,user_8692a0ea95
t1,p9wp7x2,user_a388d741ea
t1,p9wqzr8,user_6c2e4a3c1e
t1,p9wru60,user_ff97fc237c
t1,p9wsf7y,user_156f63729c
t1,p9wyw1h,user_fe753e5087
t1,p9x8jph,user_e01716ad0f
t1,p9x8own,user_b5817f5ce5
t1,p9x9ygd,user_9ce6c0f609
t1,p9xfzxi,user_a36b028e90
t1,p9xhpwk,user_0e3362ed3f
t1,p9xjy9f,user_09fa186451
t1,p9xn7ud,user_4766efa062
t1,p9xncfs,user_aa9379f1bf
t1,p9xokui,user_f8c6fc1c31
t1,p9xozgj,user_4e7890d433
t1,p9xp2gq,user_48fcc3d80a
t1,p9xpcds,user_fb036c6591
t1,p9xpe7a,user_4532b911d3
t1,p9xptk5,user_45d62e12f7
t1,p9xq48y,user_8a8c9adb83
t1,p9xq6m5,user_9964a4ca50
t1,p9xqhr6,user_c813e6e3d2
t1,p9xqnk5,user_87231c186b
t1,p9xqza6,user_2e6812df53
t1,p9xrnwn,user_dff642fca0
t1,p9xrtrl,user_13208a31e5
t1,p9xrxah,user_7086a76e04
t1,p9xs881,user_beac9a065f
t1,p9xsadf,user_a456f49e69
t1,p9xzvnf,user_7b242b5caf
t1,p9y09uo,user_4aca8291c2
t1,p9y0wds,user_1067aa2558
t1,p9y2r0v,user_51cb30d53d
t1,p9y5vga,user_b2ec0f31e0
t1,p9ybbeh,user_f490672f51
t1,p9ycvhs,user_8ab9dc0ece
t1,p9ycvwm,user_f45a595394
t1,p9ydvj9,user_9fcf56eb0e
t1,p9yf2uk,user_1d2ed98122
t1,p9yf42z,user_8a1d1b39f2
t1,p9yfjsz,user_07b51c98fe
t1,p9yipc7,user_805d5cbeaf
t1,p9ym0ev,user_ae392cd8c8
t1,p9yn3ug,user_21e3efaef1
t1,p9yps7n,user_d02fa5ff0e
t1,p9yrcru,user_77826abb5e
t1,p9yusjs,user_2a1aa275a4
t1,p9ywcrh,user_82d7cd75b8
t1,p9ywocp,user_dbed8398d5
t1,p9yyxmd,user_85f544b4ff
t1,p9z09lt,user_d9d5a37782
t1,p9z4u33,user_a1c8c29b20
t1,p9z71dd,user_6c17d3cf5c
t1,p9z9jjv,user_a633620457
t1,p9zb465,user_571cfafe4c
t1,p9zb9wt,user_f8919d183b
t1,p9zcscx,user_720ed7d594
t1,p9zdh2x,user_6cd42f953c
t1,p9ze6wl,user_c2d123e7e3
t1,p9zepf8,user_d76fa801f8
t1,p9zew2l,user_d623540eb2
t1,p9zf5a2,user_5104056974
t1,p9zgpla,user_4ae77cf817
t1,p9zgxr8,user_6e894c92cc
t1,p9zjcko,user_87c99b9dd1
t1,p9zjy9q,user_c6446ae5b7
t1,p9zkum5,user_43ee6f7acb
t1,p9zm1xz,user_95d4fd0149
t1,p9zn1yx,user_c0b4f04a16
t1,p9zo71v,user_1875f04860
t1,p9zoyqn,user_af078de613
t1,p9zp3fl,user_8c8695e5a3
t1,p9zpuaj,user_1386d5cfe8
t1,p9zq42k,user_8c8695e5a3
t1,p9zq59i,user_1386d5cfe8
t1,p9zromd,user_cd360f5588
t1,p9zs36e,user_82335138f8
t1,p9zs5i4,user_f24ae5bd6f
t1,p9zsspk,user_9a28dae143
t1,p9zt713,user_48e759c8de
t1,p9zt95n,user_9e1f4c6926
t1,p9ztbci,user_4800f4785e
t1,p9ztq5n,user_cbd00645bd
t1,p9zv4w3,user_5f7a7e0557
t1,p9zv9a4,user_e1ed0d7aa7
t1,p9zvheq,user_46820a5957
t1,p9zw1nj,user_363e8ad899
t1,p9zw235,user_62f3f271e7
t1,p9zwgeo,user_8b996a4f85
t1,p9zwnd1,user_d06ab627ff
t1,p9zwo2d,user_24ecafbc9b
t1,p9zwua9,user_133ebf2de4
t1,p9zx4r8,user_6e894c92cc
t1,p9zxh9s,user_09fbbe2cb6
t1,p9zxt7w,user_7a43c8745d
t1,p9zy570,user_007179efa2
t1,p9zy8xc,user_413765e7f2
t1,p9zyil3,user_ca59ccb11a
t1,p9zz00u,user_94b9492427
t1,p9zz0sv,user_acc3ea95ce
t1,p9zz2zb,user_914bee0022
t1,p9zz7y0,user_f87b913ea3
t1,p9zzayj,user_cd360f5588
t1,p9zzki1,user_55fa057e03
t1,p9zztwg,user_cd5e97f908
t1,pa004uv,user_94e4418c49
t1,pa006bo,user_af078de613
t1,pa0088i,user_94e4418c49
t1,pa00bxk,user_c14ed171a0
t1,pa07vsa,user_fe6bebd93d
t1,pa081g6,user_4e9f95b370
t1,pa09z7g,user_2255f81329
t1,pa0cgo7,user_7b1bfa3fb5
t1,pa0d5r7,user_1951fc75a0
t1,pa0d7ce,user_25a10ce97b
t1,pa0dkuj,user_9a0ffc79e4
t1,pa0h5r7,user_fcf12746c5
t1,pa0k9gx,user_d2314a4091
t1,pa0n3td,user_0e83084781
t1,pa0stk6,user_f8392c86cb
t1,pa0sx9w,user_d76fa801f8
t1,pa0ud9b,user_f7b27ad237
t1,pa0w5fq,user_6ac124f708
t1,pa0ycdb,user_863a97a15f
t1,pa0yqku,user_56efa10eab
t1,pa0zk2w,user_9828bf6b46
t1,pa1189o,user_9c72ad7dee
t1,pa12zcw,user_c102c0760e
t1,pa13ms9,user_60bb63dbe3
t1,pa14m2g,user_084f033c34
t1,pa14p1s,user_1386d5cfe8
t1,pa16ldq,user_15d9d2ae81
t1,pa16s0c,user_1386d5cfe8
t1,pa16zye,user_133c48f993
t1,pa19xsr,user_f9b096eb2e
t1,pa1a3a9,user_f08d3d0b9e
t1,pa1aa73,user_9a7efa088b
t1,pa1aqm9,user_a1afc59df9
t1,pa1b0e1,user_7741993a1a
t1,pa1b729,user_65ed070058
t1,pa1bgd7,user_e87feb4877
t1,pa1bx23,user_ccfebd3bc3
t1,pa1eivh,user_1b3ea07f1e
t1,pa1emlx,user_815cb139aa
t1,pa1f5mn,user_1b3ea07f1e
t1,pa1hfs0,user_8bc2b16a2f
t1,pa1hi1l,user_fd9e4ae058
t1,pa1i1cb,user_c273db3f8a
t1,pa1iqit,user_d5aa972d3a
t1,pa1kagz,user_177b8c57d1
t1,pa1kul8,user_202c4d5ef8
t1,pa1ltpw,user_f465f40e71
t1,pa1mlnz,user_2f45d1618c
t1,pa1mw75,user_b17803dbb6
t1,pa1nc2q,user_bd9f9fd89a
t1,pa1nvdw,user_11729087d1
t1,pa1o735,user_ebd7d97222
t1,pa1ox65,user_1386d5cfe8
t1,pa1qeqn,user_361409fcdc
t1,pa1rk5h,user_eb0d6f13e3
t1,pa1rm8m,user_630d13f6d4
t1,pa1s3ps,user_385fa30b21
t1,pa1t9bi,user_96ceecc55a
t1,pa1to3w,user_4133a00d0c
t1,pa1tqo7,user_a5b60d4c95
t1,pa1voju,user_73e21ddda4
t1,pa1xagu,user_c976ac001b
t1,pa1xx1e,user_e5bde926a0
t1,pa1yhj1,user_4dd5a61982
t1,pa1yn59,user_1cbcc8711c
t1,pa1yx9r,user_26499a963d
t1,pa1z8tn,user_4a51937a47
t1,pa1zb87,user_77826abb5e
t1,pa20air,user_263b3096e0
t1,pa20vgj,user_f45a595394
t1,pa22ehb,user_19f2161e26
t1,pa22fej,user_19f2161e26
t1,pa22jls,user_463f939c23
t1,pa22oeo,user_01f2b37ea0
t1,pa22wx6,user_5d47492f6e
t1,pa22y0u,user_37c9fae429
t1,pa23120,user_227d48eef6
t1,pa232ni,user_4dd7d3c740
t1,pa23527,user_a943458de9
t1,pa2361c,user_631dc2eef6
t1,pa2380s,user_10dab6e2af
t1,pa23iej,user_374857f71d
t1,pa23n5u,user_9ababed3f0
t1,pa23y12,user_fd417d7d97
t1,pa24zr1,user_a8ae40a45d
t1,pa250wm,user_ea8bb49a2f
t1,pa2578r,user_35dd27e94e
t1,pa25874,user_c1627c12cd
t1,pa25s9j,user_fe225f5378
t1,pa2cx23,user_989c9f742f
t1,pa2erwl,user_a943458de9
t1,pa2fao0,user_1436660294
t1,pa2g7c3,user_132ad11c5e
t1,pa2gs5i,user_5e7ade9a2c
t1,pa2hhwu,user_fe225f5378
t1,pa2l2gb,user_6689830826
t1,pa2l2nq,user_10b454a819
t1,pa2lsyy,user_1aa1e6a539
t1,pa2oz1i,user_f214bb6580
t1,pa2qc77,user_57fcb5ebcf
t1,pa2rmp7,user_1f0b25a570
t1,pa2rsbb,user_6e95ce56cc
t1,pa2srfv,user_dd0ddd7f7b
t1,pa2t8nt,user_bd02220c13
t1,pa2tbd1,user_1ab281ebe2
t1,pa2tvgw,user_b63341b579
t1,pa2ukne,user_52ba048dc6
t1,pa2v6g6,user_7e1666bd26
t1,pa2vimz,user_d1ce2d9c3c
t1,pa2xthj,user_132cf9034b
t1,pa2ya4u,user_9e30095d0e
t1,pa2ydfl,user_67bfe6a550
t1,pa3090u,user_dc326cfa40
t1,pa309mr,user_aaa4b0f436
t1,pa353uw,user_cd66420688
t1,pa35t7f,user_24e469c697
t1,pa35zrs,user_a21aa2e212
t1,pa390ep,user_3e87d8fb06
t1,pa390x5,user_d5a6131d21
t1,pa3a1l8,user_2c90fc0c7b
t1,pa3aj1y,user_be610be82a
t1,pa3aoz7,user_ca98d06d4e
t1,pa3aq09,user_c3bf66b4e2
t1,pa3b8dn,user_3e87d8fb06
t1,pa3bzlq,user_e20a47149c
t1,pa3c5pe,user_0a7a506cb4
t1,pa3dejq,user_08157e7d94
t1,pa3dy7u,user_931ebc93e5
t1,pa3f2g9,user_86005e20fc
t1,pa3f3oi,user_be610be82a
t1,pa3f4o0,user_8d1b57050d
t1,pa3fkh7,user_b935ed9034
t1,pa3ftt9,user_4015337e19
t1,pa3gbi4,user_3b8315ff07
t1,pa3gc3g,user_0490713ced
t1,pa3gq9i,user_d69eadb40e
t1,pa3hrz3,user_d69eadb40e
t1,pa3i4kj,user_9353242095
t1,pa3j3j6,user_4d9efcd60a
t1,pa3jrob,user_b00b71b361
t1,pa3k509,user_56cd338716
t1,pa3k7rf,user_5ac9611066
t1,pa3kahc,user_56126d54b3
t1,pa3krx7,user_a74c9e1954
t1,pa3kxra,user_f83d16d681
t1,pa3lhmf,user_804446c759
t1,pa3lv6n,user_bfb6324c63
t1,pa3lxlf,user_e4b3f7b631
t1,pa3mn3v,user_0490713ced
t1,pa3pdhq,user_dde4fe8c42
t1,pa3pggt,user_736daacfc9
t1,pa3phfw,user_5a02fbb148
t1,pa3pjcp,user_d488fca90e
t1,pa3plm7,user_2af68ba9d2
t1,pa3pp8a,user_48f8d672ff
t1,pa3qfvu,user_b48357749d
t1,pa3qy5h,user_a47914fb12
t1,pa3r0uz,user_3ea3f71737
t1,pa3rtlp,user_6a081aa2af
t1,pa3s6yq,user_a323576910
t1,pa3sej6,user_eb8856808a
t1,pa3sil8,user_b0936a071c
t1,pa3tc73,user_a46e3badb6
t1,pa3zq9d,user_a26f1d341d
t1,pa44sub,user_eb0d6f13e3
t1,pa45fey,user_17776759e4
t1,pa48wgq,user_1a42fe87e0
t1,pa49188,user_adc1183f71
t1,pa49pyi,user_adc1183f71
t1,pa4bysr,user_c292cc4c69
t1,pa4diaz,user_bf2cd1481f
t1,pa4g03p,user_c9ba887243
t1,pa4gnuw,user_e419530731
t1,pa4hdzw,user_82ae82f183
t1,pa4iuep,user_3ea3f71737
t1,pa4jsx2,user_2eac8ec8c0
t1,pa4l9v8,user_ea8bb49a2f
t1,pa4o2zf,user_820ac4955c
t1,pa4o66r,user_1253922e1c
t1,pa4o9gh,user_38e8d67bd2
t1,pa4otsi,user_0122f7b6e5
t1,pa4qfte,user_2554d3aa59
t1,pa4qt10,user_951a77cd59
t1,pa4r91i,user_ff09c6124b
t1,pa4rp0s,user_439a488179
t1,pa4s14i,user_35c759c4dc
t1,pa4s2ae,user_081cb333d6
t1,pa4s6ge,user_48ac3b366c
t1,pa4sd0f,user_beca1afada
t1,pa4sfnb,user_0c97008f2b
t1,pa4sjod,user_c813e6e3d2
t1,pa4u126,user_5eeea97ebb
t1,pa4v2mf,user_988c224d3a
t1,pa4wg8y,user_ed6d9f522b
t1,pa4wtbp,user_1124e68cad
t1,pa4xcoe,user_0a63034c96
t1,pa4xfrb,user_5699cc9520
t1,pa4zhlp,user_6ecd08a2e3
t1,pa50owb,user_d91df4273b
t1,pa50vit,user_d9fbfd2cb7
t1,pa511sa,user_3ea3f71737
t1,pa51b0l,user_ce0118c0b0
t1,pa51ibe,user_4cb886857c
t1,pa51mpk,user_747237ac52
t1,pa51mr6,user_4cb886857c
t1,pa52dqw,user_7b2cbd4777
t1,pa52v4s,user_3f8ace1f4d
t1,pa52w8b,user_bc618cc58b
t1,pa532k1,user_fadf2fd9fd
t1,pa53tba,user_bddedea946
t1,pa53tgf,user_26a829c94c
t1,pa54xou,user_1b2b76df33
t1,pa5i78c,user_e5358c3434
t1,pa5kndn,user_d8ae336d92
t1,pa5mei1,user_1f55489895
t1,pa5mr8t,user_c12b887638
t1,pa5mzok,user_dfae7bed0a
t1,pa5rk9b,user_681ffc3931
t1,pa5tub8,user_9f395b33ed
t1,pa5uwy0,user_3e76cfb942
t1,pa5xdux,user_6e2a3e5d40
t1,pa5xy1o,user_38040ffc80
t1,pa62ki0,user_cd2e6d500e
t1,pa646j4,user_37fa99206e
t1,pa659ha,user_cec9da45f6
t1,pa67gsx,user_0fb91b8347
t1,pa69sqg,user_b0db4eaaf5
t1,pa6aawt,user_315c5ad43d
t1,pa6bqq0,user_3222dc614c
t1,pa6byts,user_176bacc463
t1,pa6ethl,user_27c3ed9f9f
t1,pa6ew5j,user_b626b56c4d
t1,pa6gyyo,user_dd35e57d31
t1,pa6h427,user_2859c4ad70
t1,pa6h7pk,user_35abb0a27f
t1,pa6hias,user_5fae360cef
t1,pa6k9gw,user_9710f54f18
t1,pa6l0oh,user_630739d67a
t1,pa6l5ku,user_3035233d31
t1,pa6l8gc,user_5e0eb5de60
t1,pa6mvjx,user_910141531e
t1,pa6owx3,user_0a87b6f501
t1,pa6qgin,user_603429c5f6
t1,pa6qsgb,user_e591eb122a
t1,pa6r0zf,user_0e8649d6b5
t1,pa6r3vc,user_0806397aaa
t1,pa6scwx,user_9c7aa0db02
t1,pa6tb06,user_4d2c869530
t1,pa6xuws,user_c7974c89c3
t1,pa6y9qv,user_30a7c98249
t1,pa6z5qq,user_6b4c089c38
t1,pa6zeue,user_cae73f125e
t1,pa713xk,user_7493ad380c
t1,pa71knl,user_42010c2f1b
t1,pa728rs,user_9ddeb74b2c
t1,pa72gu7,user_9f395b33ed
t1,pa754f3,user_52bbfecdb2
t1,pa75w9q,user_f52e10bc6c
t1,pa763pn,user_6e894c92cc
t1,pa76ipt,user_e799c104be
t1,pa77kg1,user_cce84a80b1
t1,pa77kzt,user_f52e10bc6c
t1,pa77o05,user_57013dfa3d
t1,pa78f9y,user_4293d6e7a2
t1,pa78idf,user_f161d78e91
t1,pa78kce,user_1db8a6089c
t1,pa78l8q,user_b097d57913
t1,pa79576,user_6e894c92cc
t1,pa799a0,user_6e894c92cc
t1,pa79ayg,user_1386d5cfe8
t1,pa79bk7,user_ce69bda37f
t1,pa79ko9,user_6e894c92cc
t1,pa79mif,user_cc788b9633
t1,pa79svq,user_1a42fe87e0
t1,pa7a541,user_a21ec2b09d
t1,pa7aj11,user_f6cb9b2251
t1,pa7arm3,user_055abe17bb
t1,pa7b6sj,user_427ead4cfc
t1,pa7bi7v,user_1386d5cfe8
t1,pa7boh3,user_f41796a445
t1,pa7bv8o,user_7a576b4787
t1,pa7bvrw,user_6e894c92cc
t1,pa7bwzm,user_4d421bcb8b
t1,pa7c7vo,user_7138672f5d
t1,pa7c9ci,user_0d6df783ce
t1,pa7cdwm,user_95273aac9e
t1,pa7cens,user_44de1a1c90
t1,pa7chh6,user_be610be82a
t1,pa7cmfs,user_c4db40548c
t1,pa7cwzd,user_a34e51faba
t1,pa7d2xl,user_e7c80535d7
t1,pa7d650,user_7ef5b1b1cb
t1,pa7d69h,user_71c5cd5408
t1,pa7dsnk,user_5ff2cf6464
t1,pa7dvid,user_fa6061291d
t1,pa7e0nw,user_6699e83831
t1,pa7ehwk,user_6837ac798c
t1,pa7m6ex,user_e8da982951
t1,pa7p226,user_66c76ed106
t1,pa7q432,user_56f163167d
t1,pa819vi,user_a776881902
t1,pa89lue,user_68cf797086
t1,pa8abos,user_efde699bbf
t1,pa8b19v,user_4203aea3ec
t1,pa8bcw4,user_ea68bae148
t1,pa8k4mw,user_f08c93c97b
t1,pa8lxzx,user_19fd4dc7b8
t1,pa8nkk8,user_f325d90527
t1,pa8ow6g,user_fcf12746c5
t1,pa8psls,user_1e36c0d989
t1,pa8ti9h,user_a07526ed54
t1,pa8ts5y,user_4346bdb3a7
t1,pa8uqhx,user_bebbd71007
t1,pa8xziz,user_bea32c118e
t1,pa8yndw,user_5c9f40e9ed
t1,pa8yvo3,user_78cc224308
t1,pa8z7te,user_30b33f3222
t1,pa902tt,user_283c6cebe4
t1,pa90c9c,user_bae0ea4dea
t1,pa90daq,user_f750e0291c
t1,pa90jgm,user_4cb642cc99
t1,pa92rky,user_52f6b623c4
t1,pa942ni,user_787db25b68
t1,pa96055,user_0ceaeefd8c
t1,pa98uy6,user_c9ba887243
t1,pa99m5l,user_0b015af6dd
t1,pa9b7wr,user_89e5c280f3
t1,pa9clzn,user_ccb1522a27
t1,pa9cs84,user_a929ca8c39
t1,pa9dzp7,user_d18c81435e
t1,pa9e88f,user_a6d844641b
t1,pa9ez3w,user_ce69bda37f
t1,pa9f158,user_e30d43945a
t1,pa9gjp3,user_13e8543fba
t1,pa9iucx,user_55f4716fa3
t1,pa9sqod,user_ee74e0b595
t1,pa9t37q,user_03f7d9354a
t1,pa9v436,user_6d9aaa467e
t1,pa9yurw,user_228b659d43
t1,pa9zsxo,user_147c874b2b
t1,paa2z09,user_4568f4aae3
t1,paa3qe4,user_8a08dc9642
t1,paa3yrx,user_25d5071275
t1,paa4a2l,user_25d5071275
t1,paa6mwm,user_8a08dc9642
t1,paaktjr,user_2bf74ddf6c
t1,paal6kh,user_e2ec056d70
t1,paanmzf,user_fe2f2dc846
t1,paaoiit,user_7ef5b1b1cb
t1,paaou5r,user_7ae43dfaf7
t1,paas7cc,user_d6e1520ecb
t1,paasjhv,user_a7f0985ec2
t1,paauayr,user_4568f4aae3
t1,paaud84,user_96022758c2
t1,paaukia,user_0ec74ca442
t1,paav6mv,user_05a6dc38c0
t1,paavl7m,user_3fc0e2a3e6
t1,paavlig,user_41c3a4d21b
t1,paaw4nq,user_d42db93458
t1,paaxn06,user_fe8999b22a
t1,paaxp0f,user_c17ea1b41e
t1,paaxvs8,user_468e793707
t1,paay2vr,user_408960ac57
t1,paay5ey,user_ce492238eb
t1,pab06ar,user_47b8f77476
t1,pab19am,user_7ae43dfaf7
t1,pab1bmi,user_15d04ba973
t1,pab1izz,user_6b786b9c33
t1,pab1j24,user_4badd68b26
t1,pab2c2u,user_52df37f1e4
t1,pab2h6f,user_a21aa2e212
t1,pab2kiq,user_92a4c0abb5
t1,pab2paw,user_39856cff0e
t1,pab4ase,user_dcf044ca21
t1,pab4av2,user_b9684dcbdb
t1,pab4hdd,user_6b786b9c33
t1,pab4syy,user_0f99600ee2
t1,pab4zbc,user_00e982233f
t1,pab5aal,user_0013b6051e
t1,pab66g9,user_00e982233f
t1,pab68t5,user_11c0ec9ad6
t1,pab6bdf,user_9f089e7789
t1,pab6jme,user_78c81d5701
t1,pab6z17,user_b5eb0eeb35
t1,pab6z2d,user_4568f4aae3
t1,pab7o0a,user_865faf8e0a
t1,pab7s3e,user_00e982233f
t1,pab85j6,user_4eee58675d
t1,pab8m07,user_00e982233f
t1,pab8wrc,user_9f089e7789
t1,pabfroi,user_f166988f5f
t1,pabifx7,user_8c4a0a66e3
t1,pabizye,user_13803bbc38
t1,pabvlod,user_a876af337d
t1,pabvxin,user_2f19cd35a8
t1,pac0k6m,user_cd9ad69af2
t1,pac3w2w,user_fa1ff2057c
t1,pac3zal,user_201dfbbb81
t1,pac5jep,user_c934a6a837
t1,pac6of1,user_14fc06d7b1
t1,pac9dn3,user_9dcbba9996
t1,pac9vmx,user_8ce25e40bd
t1,pacak89,user_cddaf0058a
t1,pacaq09,user_0c391cd1dc
t1,pacaqgl,user_8b319a9da4
t1,pacd5jn,user_64fb5f73bd
t1,pacdk0n,user_c8a17207a5
t1,pacg5k1,user_5ff2cf6464
t1,pacgshi,user_204d20b511
t1,pacgw7n,user_f730be0f4d
t1,pach868,user_f730be0f4d
t1,pachfbk,user_64fb5f73bd
t1,pachmlh,user_1b19ae2713
t1,pachpc8,user_b35cdb7029
t1,pachsxy,user_f730be0f4d
t1,paciv7t,user_fc1bc31585
t1,pacjeup,user_612f1462e2
t1,pacjw4a,user_19d0ac176e
t1,pacjwkj,user_612f1462e2
t1,pacjxb5,user_dff8d63fd5
t1,packef6,user_4950821a5c
t1,pacozaw,user_89a9ab801e
t1,pacvrxz,user_acd034c919
t1,pacx95x,user_b667d72eaa
t1,pacxaot,user_6c427e98c1
t1,pacyyth,user_75b76eab06
t1,paczc1h,user_526688902f
t1,pad2v8x,user_06b3e385c9
t1,pad4on2,user_cb4a441833
t1,pad5z3r,user_0b54e35d8d
t1,pad6pkq,user_002ed02a94
t1,pad71zn,user_6b49c50eee
t1,pad7uup,user_3ba374b73e
t1,pad8u5d,user_6230583efe
t1,pad9vm0,user_1d66a8aaed
t1,padar8n,user_24af08c3e5
t1,padbn4o,user_8da589bc07
t1,paddedh,user_afd603cc4c
t1,pade600,user_0806397aaa
t1,padecr3,user_5a21c1a75b
t1,padg4ez,user_354a3ef161
t1,padgjyq,user_7ae43dfaf7
t1,padgsht,user_f338851a1a
t1,padi9fg,user_1ac22a3f0d
t1,padjn61,user_006b93c136
t1,padkg3w,user_f5b679ba19
t1,padkjmc,user_f52e10bc6c
t1,padkqzv,user_94070c772e
t1,padl7ae,user_d9b8abda84
t1,padm7iw,user_bc2b66312a
t1,padr6uj,user_3489f8c82b
t1,padrd0f,user_b5833de530
t1,padsq3a,user_749c100c34
t1,padthyw,user_751495de1c
t1,padto0k,user_ae206b1d15
t1,padu8xi,user_30ffeea88a
t1,padvbgp,user_a45fb6a539
t1,padvc4w,user_30ffeea88a
t1,padxuw5,user_3b0509c3a4
t1,pae05g0,user_ebd7d97222
t1,pae2h95,user_b6788af815
t1,pae2hnw,user_f4d5f2cdd5
t1,pae2rqe,user_e0a7ba663f
t1,pae38av,user_47ca5e2a34
t1,pae5r3c,user_2b4f1da654
t1,pae68zz,user_2573384390
t1,pae6p9m,user_6dd6148abf
t1,pae6pno,user_24c70f84aa
t1,pae724f,user_2d422c3081
t1,pae73ip,user_72eedb8a54
t1,pae7j2g,user_30b615f48d
t1,pae8ji3,user_9f7f7cf65d
t1,pae9dhl,user_9d85b23ac6
t1,paea52z,user_9e2dcf0f0c
t1,paea946,user_610f4a94a2
t1,paeaczi,user_7500f8247c
t1,paebc0t,user_f7015877cb
t1,paecjcf,user_b8a4f93e53
t1,paectud,user_4500dd4ce3
t1,paecvm4,user_1917987540
t1,paecvqm,user_e53cd5e13c
t1,paedd69,user_aff763f7ec
t1,paee2us,user_925c234a18
t1,paef573,user_3a85b312e9
t1,paeg458,user_8570942cdd
t1,paeg7bv,user_3539ff4b6b
t1,paeg7st,user_6a503ed0a7
t1,paegnz9,user_fd392f042b
t1,paeh4he,user_a41423fce3
t1,paeh7gk,user_e4afcaee6f
t1,paehum5,user_c71b295b55
t1,paei9dr,user_f7015877cb
t1,paeiuab,user_1fb43119f6
t1,paej4ku,user_8a017ce42a
t1,paek4bh,user_6d887f136b
t1,paekl22,user_40e70be616
t1,paelcb8,user_bfadb8b041
t1,paelzcl,user_1739c4a39e
t1,paelzwv,user_9baf12663f
t1,paem1rl,user_a1979a1043
t1,paem7v2,user_e53cd5e13c
t1,paemlzm,user_c211f7382a
t1,paemv7f,user_bc4aad9035
t1,paen7rv,user_d03b6d7016
t1,paeo5hu,user_56f163167d
t1,paep094,user_c522e82c7a
t1,paep0go,user_6d887f136b
t1,paeptbj,user_914ba9e207
t1,paeqd9t,user_388cc0573c
t1,paeqed6,user_56f785e8ff
t1,paeqjma,user_14114f48b3
t1,paeqy2p,user_a22cd7308b
t1,paerv73,user_f86b1e3e54
t1,paerys8,user_c60ac98efc
t1,paes1ey,user_d9167e46b5
t1,paesbgf,user_fda15dd6a1
t1,paeskr4,user_9e09474e5c
t1,paeysdc,user_0490713ced
t1,paf0v4o,user_3eb277735a
t1,paf0z9w,user_8bffc48524
t1,paf19vf,user_11972610d4
t1,paf20sp,user_612f1462e2
t1,paf2t7b,user_0377d6bb5d
t1,paf3nzk,user_5a1e4c5a94
t1,paf88jd,user_b13de4847d
t1,paf9euh,user_e4b3a6104d
t1,pafc9dg,user_acccff0648
t1,pafd95d,user_4d42dbcdfb
t1,pafdbc0,user_035666aee6
t1,pafinoi,user_7246d493d0
t1,pafl0sn,user_45e1c511d0
t1,pafl46w,user_2fe41bfdbf
t1,pafo580,user_e50d7ba603
t1,pafpx5g,user_0490713ced
t1,pafqbvt,user_c4db40548c
t1,pafr63d,user_e985261558
t1,pafrwvg,user_097cb0b69d
t1,pafteif,user_c5f5cb9b77
t1,pafvr7c,user_ae83ba3da5
t1,pag2t4s,user_5831dcabf0
t1,pag5gyu,user_db58e8a25d
t1,pag95z4,user_20e230028e
t1,paganhp,user_4e814f41af
t1,pagaz4z,user_36a5015558
t1,pagbuq7,user_175337ceb8
t1,pageeei,user_7411d2b14d
t1,pagefjf,user_85b24acf5f
t1,pagegmq,user_2035c93b7c
t1,paghax4,user_793570bf65
t1,pagi140,user_d7520e62fe
t1,pagk46n,user_8779314f2a
t1,pagkmx8,user_077a01359d
t1,paglhbg,user_f08c93c97b
t1,paglx86,user_a8a628073c
t1,pagmfps,user_3c8251f424
t1,pagmnnr,user_5ba891496e
t1,pagnbf9,user_c4e80c1458
t1,pagnhht,user_175337ceb8
t1,pagnmm1,user_7c9a83f433
t1,pagokkr,user_7bcab1aa04
t1,pagp1d6,user_cac5443507
t1,pagp3ea,user_4342ac1adf
t1,pagp9tq,user_175337ceb8
t1,pagphc1,user_e4861b20fe
t1,pagpl10,user_1386d5cfe8
t1,pagqkrk,user_cdceaa1113
t1,pagqquz,user_3b263640bc
t1,pagr6a2,user_c1e57e5977
t1,pagr9k6,user_4ebcfcd4d6
t1,pagrd3a,user_ab85b7442e
t1,pagrix7,user_1db8a6089c
t1,pagrka0,user_f3c136ec20
t1,pagtkqe,user_d168f956e2
t1,pagtmk1,user_93fa4e2a1b
t1,paguabc,user_f75216f16a
t1,pagv4gx,user_ce4d925725
t1,pagvfco,user_a1566be8fa
t1,pagw2nr,user_cd3255094a
t1,pagw5bl,user_8345129013
t1,pagwp0y,user_c8aca68339
t1,pagx4zl,user_7ae43dfaf7
t1,pagxcs8,user_4568f4aae3
t1,pagxuk2,user_4568f4aae3
t1,pagydgn,user_4568f4aae3
t1,pagysxn,user_8a1d1b39f2
t1,pagytjs,user_f5b74eaaed
t1,pah3831,user_e6463cfb36
t1,pah3i78,user_15f779d6b5
t1,pah4tjz,user_45e4016709
t1,pahbipz,user_c9d2ab8a2d
t1,pahcde9,user_3e9110cd7f
t1,pahd0zx,user_82a5e816f3
t1,pahkkh4,user_5434dbb953
t1,pahogsu,user_ddb369e9bd
t1,pahxj8z,user_1d5d778336
t1,pahzkq4,user_e985261558
t1,pahzpdt,user_097cb0b69d
t1,pahzrdn,user_7bcab1aa04
t1,pai0bx1,user_35df29d5f7
t1,pai0txo,user_1386d5cfe8
t1,pai0w0r,user_f08870162c
t1,pai0yf4,user_35df29d5f7
t1,pai1ibd,user_fe7b3982d0
t1,pai1ibj,user_0a9a07dbd8
t1,pai226q,user_afaf0d8dc8
t1,pai30ot,user_7a045e2754
t1,pai6vku,user_e8e41d696a
t1,pai7a63,user_3343bb9c7a
t1,paia9e3,user_c57333e5c6
t1,paib8lm,user_60a14a3315
t1,paibi80,user_b16650ead0
t1,paier18,user_4346bdb3a7
t1,paif1m4,user_e956fef172
t1,paif9vj,user_b53fb33de8
t1,paifca7,user_3959b5640e
t1,paifoys,user_b16650ead0
t1,paifso5,user_15d9d2ae81
t1,paig3k5,user_80aa3696cb
t1,paigfvb,user_82e679a80a
t1,paigit3,user_82e679a80a
t1,paihg8s,user_e8aff4a228
t1,paihw1c,user_0fb91b8347
t1,paiinqb,user_975c8c1823
t1,paiivhu,user_a906203410
t1,paij5aj,user_00e982233f
t1,paij6hj,user_03dd888ab6
t1,paik58i,user_cbec0a4e71
t1,paikdro,user_a5e3935954
t1,paikq1w,user_951f7bdde7
t1,paiktjh,user_051d6576e0
t1,paiqi4l,user_0490713ced
t1,pait2d7,user_84983fc206
t1,paitzrs,user_f81b2bf124
t1,paiyc45,user_3b087829e6
t1,paj1oz4,user_47940632c7
t1,paj28pu,user_cd360f5588
t1,paj2upm,user_051d6576e0
t1,paj31rk,user_7740ec2528
t1,paj3va8,user_05c38f18b5
t1,paj55sx,user_ddb369e9bd
t1,paj5dtf,user_6fd832dacd
t1,paj61pa,user_1bea7e36fa
t1,paj62ji,user_55fa057e03
t1,paj6jpc,user_6fd832dacd
t1,paj7j4t,user_c201042b5b
t1,pajf4mh,user_ce492238eb
t1,pajfbcp,user_a7ac3a500b
t1,pajgax3,user_fd9470a38c
t1,pajgmj5,user_5f0175d188
t1,pajgqn2,user_c7b0c4e6ee
t1,pajgtyh,user_b7cf65efaa
t1,pajgyfm,user_c2a5c6f726
t1,pajh2hk,user_34261c4924
t1,pajhd8z,user_6e894c92cc
t1,pajhim8,user_b38a876d0b
t1,pajhswo,user_b38a876d0b
t1,pajl0km,user_f7deb6cf9c
t1,pajmdm7,user_e7db4d3656
t1,pajmmbi,user_5c072f4674
t1,pajnct1,user_a45fb6a539
t1,pajqx1l,user_6d701fe348
t1,pajrtdc,user_7d639b2d8a
t1,pajs248,user_ad2c908d3b
t1,pajsitb,user_a5d68cd4fe
t1,pajtjm3,user_2087fa212b
t1,pajtl96,user_3cb0502be3
t1,paju086,user_783564e3d9
t1,paju95e,user_812ee1b223
t1,pajuej5,user_1df00a54b6
t1,pajuick,user_0fb91b8347
t1,pajuzq7,user_0fb91b8347
t1,pajv43y,user_0fb91b8347
t1,pajv4xq,user_0fb91b8347
t1,pak38vi,user_c40a97bb8a
t1,pak4nxl,user_1386d5cfe8
t1,pak85cz,user_2087fa212b
t1,pakdmkw,user_0b018d20ed
t1,pakg7zk,user_783564e3d9
t1,pakhxgy,user_0fb91b8347
t1,paki15d,user_a3882d81ca
t1,pakm0mo,user_823a75bfd3
t1,paknbhe,user_2452360fd8
t1,paknkuy,user_b5e40b5b94
t1,pakox6k,user_e38edd4b7e
t1,pakr1o9,user_1fcc0744f8
t1,pakrcx3,user_c5a6a5ceba
t1,paktjjj,user_d06ab627ff
t1,paktt6b,user_ccaba890ee
t1,pakwcjt,user_bdb6778dc6
t1,pakzejj,user_96d7e8a3cc
t1,pakzsml,user_e315f4be3f
t1,pal02yd,user_9ed2c0d974
t1,pal0fhb,user_1bc4c0b94b
t1,pal0tf7,user_d8db51dbfa
t1,pal33tn,user_9d29a6d027
t1,pal3nsv,user_5c90ac3de9
t1,pal3xih,user_2fe41bfdbf
t1,pal5u40,user_ba1d562061
t1,pal6gnr,user_d4593281e2
t1,pal6ynj,user_60ade6a727
t1,pal7p86,user_89ad63df46
t1,pal846c,user_643c32089a
t1,pal970l,user_6a314b477e
t1,palabv9,user_be610be82a
t1,palb6w3,user_1b23c6fb6d
t1,palcesp,user_577aac4b16
t1,pald1lm,user_50201ce08e
t1,pald4kz,user_033c0fc90a
t1,paldn0d,user_5329df7040
t1,palgfy9,user_a94b8e9e06
t1,palggkk,user_bc6afcc3ea
t1,palgv2i,user_975faea40a
t1,palh9k7,user_dd35e57d31
t1,palhnuw,user_c102c0760e
t1,palhslx,user_0806397aaa
t1,paliydj,user_34948e03d4
t1,palk4x4,user_f980c6fc82
t1,pall8ry,user_6b7008cce5
t1,palllze,user_17a7d29c02
t1,palm4lx,user_952c442f53
t1,palpw17,user_414012490d
t1,palq3gp,user_2573384390
t1,palr7o6,user_5104056974
t1,pals0zn,user_9b08e24f64
t1,paltrdh,user_f6cb9b2251
t1,paluqhf,user_dcf3d41cdf
t1,palurei,user_051d6576e0
t1,palv9kj,user_880705f4d5
t1,palwacw,user_6812a1928e
t1,palwjfs,user_ae81598194
t1,palwlr4,user_54fbad909c
t1,palwq65,user_9ed2c0d974
t1,palwz84,user_d623540eb2
t1,palwzm8,user_66b9dba7d1
t1,palx9x7,user_48fdcf70b6
t1,palyryl,user_6bbe9fafe1
t1,palzibw,user_dcf0875bd0
t1,palziwk,user_a7811f6808
t1,palznhl,user_577b9f9762
t1,palzu98,user_5723e80308
t1,palzvq5,user_d98da70682
t1,pam06v4,user_efc7a01d58
t1,pam09ah,user_eae9d92fd9
t1,pam0af0,user_f52e10bc6c
t1,pam0ix7,user_6f7bdfe9ed
t1,pam0lpc,user_e8aed96560
t1,pam0rcn,user_518660ef34
t1,pam0w4l,user_f8cdc4c6d3
t1,pam14q1,user_6f6d0c27cc
t1,pam23wc,user_6f76869151
t1,pam2l84,user_59c933650c
t1,pam2unu,user_30b33f3222
t1,pam2xog,user_20cbec1817
t1,pam2z9c,user_e0752097e8
t1,pam3g4q,user_a34e51faba
t1,pam3t3b,user_fe0a154983
t1,pam3x4i,user_dbf2df772e
t1,pam4clc,user_cd4e49d57c
t1,pam4ew9,user_68141f759f
t1,pam8ewi,user_5a4c02050a
t1,pamams4,user_8b0619cfd8
t1,pamenks,user_acc3ea95ce
t1,pamfx6x,user_8e7d65ff80
t1,pamgf73,user_9abfbcd14c
t1,pamipyg,user_6b49c50eee
t1,pamixnd,user_9c12a8b370
t1,pamj21k,user_59c933650c
t1,pamm57i,user_1074eba21f
t1,pammmgm,user_559461ca01
t1,pamomwn,user_cd7463018e
t1,pamr87v,user_4abbdf5aa8
t1,pamtg2n,user_cd2e6d500e
t1,pamwbn9,user_5056171117
t1,pamwc5m,user_a0e0208208
t1,pamwggu,user_97171600bd
t1,pan079j,user_15d9d2ae81
t1,pan2j37,user_a1d567718b
t1,pan4y62,user_c273db3f8a
t1,pan866b,user_f08c93c97b
t1,pan9ufq,user_a98023e280
t1,panagwk,user_5a88c60d07
t1,pancu5b,user_c9553eab2d
t1,panczd2,user_780bd7100e
t1,pand668,user_3e4d351e97
t1,pandri6,user_d2036977d3
t1,panfd9j,user_92157ad447
t1,panifqq,user_0314062974
t1,panivzt,user_6b49c50eee
t1,panjbwf,user_aa459948a6
t1,panr9dn,user_830b51832f
t1,panrsa1,user_0c8b9a2842
t1,pansha7,user_ca07899793
t1,pantnfk,user_2362bff91f
t1,pantxjq,user_bf1dcad748
t1,panukjo,user_cd360f5588
t1,panup3k,user_dbf30162f5
t1,panwnkj,user_e956fef172
t1,panwv8y,user_8330b0831e
t1,panxd6w,user_3091a5db0e
t1,pao1dw1,user_dbf2df772e
t1,pao1sfm,user_c1716f4baa
t1,pao2k01,user_87a60d25c3
t1,pao2uyb,user_9e7d9ece15
t1,pao36uw,user_1ad50bf41d
t1,pao54ue,user_21e06b2681
t1,pao5bvw,user_05f66f1dcf
t1,pao5f3s,user_df511e7d25
t1,pao5fai,user_5bcc8dd1b0
t1,pao5ur9,user_ad0e1ddb56
t1,pao6gop,user_eb27e4528e
t1,paods16,user_b48357749d
t1,paoecmg,user_6732ff9d0b
t1,paog8s6,user_e631c2fea3
t1,paoixzh,user_a481b93794
t1,paojmpd,user_5067016c6b
t1,paomety,user_466863369f
t1,paooi5k,user_59c933650c
t1,paoqrgg,user_0fb91b8347
t1,paotumx,user_a1d91148fc
t1,paovjgm,user_21b9bc6633
t1,paow31t,user_e2dcb11777
t1,paowyiy,user_d77d72bae3
t1,paoz50n,user_2e9a9ec1a8
t1,paozsxw,user_19fd4dc7b8
t1,paozxwk,user_fb8f4dbb71
t1,pap0ln7,user_19fd4dc7b8
t1,pap1jfo,user_cd2e6d500e
t1,pap4ew2,user_7e2083d51a
t1,pap5zua,user_f505879516
t1,pap7ybn,user_e2b83ef7cd
t1,papamvy,user_89edcf2847
t1,papcnpa,user_1c7ef330e7
t1,papdbnc,user_274c9542d6
t1,papfhfn,user_c0ed90130c
t1,papmv0q,user_b0c0b25cb1
t1,papn08s,user_223b8bb63e
t1,papn9kr,user_3671056e51
t1,papnnsj,user_82e679a80a
t1,papnnxs,user_09fbbe2cb6
t1,papodot,user_525be22d7a
t1,papp3os,user_09fbbe2cb6
t1,papp4ii,user_dde4fe8c42
t1,pappcqn,user_fea9eeb5e0
t1,pappmrf,user_ad76748a0a
t1,pappql2,user_3ffc6963f3
t1,papps2j,user_05d30f1638
t1,pappt5m,user_7ae43dfaf7
t1,pappxrk,user_7ae43dfaf7
t1,papq1du,user_7ae43dfaf7
t1,papq4ad,user_7ae43dfaf7
t1,papq6sv,user_7ae43dfaf7
t1,papqdn5,user_f3267ef82e
t1,papvl1w,user_75dc0acb33
t1,papvpe0,user_42ab7017e4
t1,papw7j9,user_ce6113160d
t1,papwdxg,user_c1afaf417a
t1,papx3b9,user_74ecca1676
t1,papxfcb,user_7f0d598f3c
t1,paq0dc0,user_62cb5063b6
t1,paq2gqb,user_683266d754
t1,paq4pku,user_8317606c64
t1,paq802d,user_820ac4955c
t1,paq87ay,user_0210f2ea26
t1,paq8hmi,user_1d5d778336
t1,paq95lj,user_de7a3ff1d3
t1,paqau8h,user_313f16e4ad
t1,paqb8ya,user_17e81cb9c6
t1,paqbkfh,user_dc1d889c3b
t1,paqcisn,user_71c5cd5408
t1,paqd3w9,user_c9bae8796e
t1,paqev6b,user_0fb91b8347
t1,paqfoas,user_ad975183b5
t1,paqfvkm,user_6d25ca4212
t1,paqgq6f,user_9a3541c4a5
t1,paqgxdt,user_19fd4dc7b8
t1,paqh5ih,user_f824ce0798
t1,paqis42,user_ce76a1d4e0
t1,paqixp1,user_274c9542d6
t1,paqjpw0,user_e9589c1a31
t1,paqkpyz,user_c8e66d5e36
t1,paqkyeo,user_4ddec012af
t1,paql08u,user_46a1c5d8c0
t1,paql3xj,user_d10cbb3cc4
t1,paqlvj4,user_03dd888ab6
t1,paqmn6z,user_0fb91b8347
t1,paqng3b,user_1d0dc0a9ec
t1,paqnvkz,user_7c4f56bf02
t1,paqobav,user_dcf3d41cdf
t1,paqow1q,user_f21fcacb63
t1,paqq6y3,user_c68c29a058
t1,paqqie2,user_c54679591e
t1,paqqxz5,user_b57806b217
t1,paqs9uo,user_2df008d035
t1,paqsvvx,user_b275676d6a
t1,paqu1ja,user_820ac4955c
t1,par5e9j,user_1f71747665
t1,par68v5,user_9137fc5017
t1,pardfpz,user_0712807207
t1,parfnjm,user_3826336f14
t1,pargpiv,user_a4f4358425
t1,pargwr9,user_06f2d79e4c
t1,pari9of,user_d1c1bfb9b0
t1,pariw7f,user_b643fdaed4
t1,parjdwe,user_91f34289e1
t1,parjff9,user_f4d7d37e98
t1,parmhrd,user_d63119beca
t1,parncvv,user_52b63a91f2
t1,parpxlb,user_61714b4298
t1,parqjmv,user_657fbd80ce
t1,parqxdp,user_f021cd0c2c
t1,parqxiu,user_67746158c7
t1,parvvkp,user_2e837d5aa4
t1,parwjss,user_7ccea8a6ad
t1,parx13e,user_3091a5db0e
t1,parxpim,user_a0ad9e0515
t1,paryrto,user_38a7e772fb
t1,pas3dfl,user_6b83282ff8
t1,pas5q9h,user_6ea5e4a98d
t1,pas66el,user_a72b3e9193
t1,pas8d4e,user_f9f6a6859c
t1,pasa30i,user_5bd0a500e0
t1,pase8ji,user_0404737770
t1,pasfqmh,user_8e4a1826c2
t1,pasfwgl,user_2aa7c2506f
t1,pasg6pf,user_7d0371d0e5
t1,pash1c8,user_ee03a60e76
t1,paskckc,user_f5a984a93b
t1,paskvp1,user_820a95ee5d
t1,pasleh1,user_ea76ea5f3e
t1,paslt2b,user_9cf3e33aa7
t1,pasm29y,user_5506a89e4e
t1,pasmgsj,user_a74d73100c
t1,pasn0h1,user_68eeb0ab65
t1,paso1n3,user_24c3bba52c
t1,paso7cw,user_607bb72315
t1,pasomui,user_18f4016bb2
t1,pasos9t,user_08b44a0b56
t1,pasoztx,user_5cb96d204f
t1,pasp2bp,user_f1a08a791b
t1,pasp6y2,user_ee03a60e76
t1,paspcr4,user_b886227674
t1,paspdnm,user_5d03371d19
t1,pasrnmk,user_fc9b61b4cb
t1,pasrtry,user_267b1405ab
t1,pasrw0d,user_1a741c3fb6
t1,pasrxao,user_739c779cfa
t1,pasteyw,user_c6446ae5b7
t1,pastk8j,user_af6db192c9
t1,pastksm,user_2f7cb0483c
t1,pastp4f,user_b16650ead0
t1,pasun6x,user_7a8b52201a
t1,pasv4x9,user_fcd0e3d973
t1,pasv6ps,user_041ed47ef4
t1,pasv7ag,user_380eb41a2c
t1,pasvbuu,user_4ea17129ba
t1,pasvmes,user_041ed47ef4
t1,pasw0et,user_50201ce08e
t1,paswr6o,user_15d9d2ae81
t1,paswvo3,user_2d00b9222b
t1,pasx5nm,user_15d9d2ae81
t1,pasx6gq,user_09fbbe2cb6
t1,pasxiop,user_116535856b
t1,pasxr06,user_72c52e777e
t1,pasxt8i,user_d2c52860bb
t1,pasydm7,user_cb737aacbb
t1,pasyf92,user_bdec977f33
t1,pasylh9,user_380eb41a2c
t1,pasyq9v,user_4afe0aedb5
t1,paszgyp,user_40db45ee7e
t1,pasztsc,user_d1cef734df
t1,paszu0g,user_b844835a70
t1,pat08c8,user_9b3f78591e
t1,pat0hiz,user_3b7d03ed85
t1,pat0sdc,user_5ce552820d
t1,pat13vv,user_d28b47438d
t1,pat14lw,user_a7c253c377
t1,pat1977,user_eabf2b12d1
t1,pata3l4,user_53bda180af
t1,patb77x,user_09fbbe2cb6
t1,patbyzk,user_b8acfcb3a6
t1,patch4v,user_d4c46d5d86
t1,patdmzx,user_21d4b08afa
t1,patir68,user_a81db4607c
t1,patj22x,user_f57dbbe236
t1,patq8ch,user_5ccc2992f1
t1,pattfs7,user_6f6d6fdd4d
t1,patvm54,user_e6340a87d8
t1,patxam1,user_abb9ca9ce2
t1,patyfig,user_c822875b89
t1,patzayn,user_b0167d4caa
t1,pau3oo3,user_609ba46835
t1,pau4buj,user_50383b8ee3
t1,pau6arx,user_ea8bb49a2f
t1,pau6t3m,user_1570236e91
t1,pau6zqb,user_89abf77539
t1,pau7bqz,user_8d430eba2b
t1,pau7xc0,user_3c8251f424
t1,paual1x,user_042935d28f
t1,paub5hg,user_f6a402b11a
t1,pauboez,user_4fb156cb1b
t1,pauc31m,user_8375766d0b
t1,paugyep,user_e7263dd22e
t1,pauhc6l,user_2562b59e2e
t1,paui3v1,user_2d0a1583f9
t1,paui5xn,user_f38b9e0b57
t1,pauivir,user_04ce359ac4
t1,paujzju,user_e755bf2958
t1,paukvps,user_8fcd03ed3e
t1,pauls07,user_3b070bd778
t1,pauly5q,user_50201ce08e
t1,paumfqr,user_5a68642f2f
t1,paunmez,user_882b0c22e7
t1,paunw3x,user_801ae6e665
t1,pauojjk,user_3343870d7d
t1,pauomr0,user_6d30941b91
t1,pauoxiu,user_9723ca109b
t1,paup0yp,user_6942e51a31
t1,paupx5p,user_ea68d25958
t1,pauqjmo,user_3fc5145eba
t1,pauqx84,user_924879b539
t1,pauqxf0,user_dd584be27b
t1,paur8e7,user_67746158c7
t1,paurdud,user_6e1456d84b
t1,paurr2y,user_e350b455a3
t1,pautg63,user_d6e1520ecb
t1,pauuhgx,user_30dc0b6726
t1,pauutbt,user_e8452cd360
t1,pauw5e7,user_6b00aee497
t1,pauwyz7,user_749c100c34
t1,pauxd8a,user_e3c13515c6
t1,pauxhqj,user_5f94cc368e
t1,pauy4tr,user_2889c25a8e
t1,pauyap2,user_6ac671c86c
t1,pauym2z,user_b4b7707680
t1,pauyt7v,user_aee08f6453
t1,pauz1di,user_ea35bc665f
t1,pauz4k0,user_755b02322e
t1,pauzgk5,user_006ad7c881
t1,pavef5p,user_819209c39d
t1,pavlvix,user_437939c8d3
t1,pavnzge,user_d2510d7d8a
t1,pavo4cc,user_8c10224653
t1,pavpepa,user_ce492238eb
t1,pavr2qr,user_92ad648e6b
t1,pavuu8a,user_380eb41a2c
t1,pavvnib,user_c1e57e5977
t1,pavwnxa,user_2562b59e2e
t1,pavwzzm,user_11f94d1ca1
t1,pavypxl,user_4bf27d4ea4
t1,pavyu2x,user_25077ea54e
t1,pavz903,user_e2b4e1004b
t1,paw0cv7,user_5e32dfbfd6
t1,paw0iaf,user_3b0509c3a4
t1,paw1qe7,user_5e32dfbfd6
t1,paw2jwv,user_d2d7904818
t1,paw3aw2,user_a89fe4a093
t1,paw47vt,user_789a024d91
t1,paw495b,user_66148bef18
t1,paw58du,user_cd6da8d1dd
t1,paw58qc,user_4e83169d4f
t1,paw5cax,user_62cbd59c75
t1,paw6ru2,user_6d0c40efec
t1,paw705w,user_cb242454e4
t1,paw7rdu,user_a3e3cd196d
t1,paw834j,user_b412e7b5d8
t1,paw89sj,user_4ae43fe0af
t1,paw9djb,user_cee72a67b0
t1,paw9evg,user_59939fcfb7
t1,pawa0uy,user_354a3ef161
t1,pawb2xq,user_a9553cc16c
t1,pawb96g,user_b0beef1cd2
t1,pawc1p1,user_8990aaf91a
t1,pawcriw,user_6aefa64fdb
t1,pawd1yf,user_deacc4749e
t1,pawdqvb,user_9f6347b568
t1,pawe030,user_5c41becf76
t1,pawe4od,user_a5c63a7bf9
t1,pawf33a,user_69a75ddac6
t1,pawfaha,user_c78ed81a31
t1,pawg4bm,user_db8823923d
t1,pawg6nz,user_ebd9891ac9
t1,pawgept,user_256185035b
t1,pawglyn,user_256185035b
t1,pawgm1i,user_fa3e3f3689
t1,pawgr1c,user_35df29d5f7
t1,pawh1o0,user_e76599b1b1
t1,pawh7jj,user_be64071183
t1,pawhjhg,user_15d9d2ae81
t1,pawhmwx,user_6292de9399
t1,pawhsf5,user_07a9e5bb57
t1,pawib0n,user_44084e9133
t1,pawjjpo,user_7a551feb52
t1,pawjs9v,user_692337a1f7
t1,pawjze2,user_1727cb3b93
t1,pawk2co,user_2e71692d29
t1,pawknzg,user_0f903cf016
t1,pawl048,user_be64071183
t1,pawlh54,user_cf138253b0
t1,pawlz5d,user_7aebf3addc
t1,pawmdjv,user_785016cc71
t1,pawmds4,user_f08c93c97b
t1,pawmhgw,user_30abdc7b6a
t1,pawmmjh,user_7aebf3addc
t1,pawn00h,user_c9c676ccfc
t1,pawn2t3,user_c69ac031ab
t1,pawndem,user_be64071183
t1,pawnuh7,user_5d6efbc002
t1,pawui8q,user_f52e10bc6c
t1,pawv84u,user_f52e10bc6c
t1,paww1fp,user_e9bfcd7333
t1,paww1oc,user_ddb369e9bd
t1,pawwng6,user_ec5abea857
t1,pawx1mo,user_39b5001a73
t1,pawxvcw,user_47ecfc23d5
t1,pax0twf,user_c1e57e5977
t1,pax4qxi,user_2fd4ec01aa
t1,pax7cqo,user_deef5d2f76
t1,pax98no,user_f67f4b97a2
t1,paxazdv,user_39b5001a73
t1,paxbux0,user_218fe7dae3
t1,paxdtgl,user_5db3c77611
t1,paxe24i,user_cce84a80b1
t1,paxe681,user_d4d8624d74
t1,paxee6a,user_fe225f5378
t1,paxek0j,user_1eab793fb7
t1,paxf97g,user_6ab8d8919e
t1,paxhd2p,user_edef3d05b2
t1,paxho7g,user_64d8d9edd3
t1,paxi1ix,user_c60a4b4a29
t1,paxi81d,user_bffc7495fe
t1,paxj92r,user_86ea7b626d
t1,paxkrgh,user_b93a09c7fc
t1,paxloi1,user_700cb478b5
t1,paxlrp7,user_473ebc69ad
t1,paxptl9,user_d5993eaa31
t1,paxpvlu,user_46d1dd50a7
t1,paxsesc,user_a9a836b858
t1,paxtzqm,user_f7b0a6ebc4
t1,paxu5uj,user_0fb91b8347
t1,paxup3u,user_20229f850a
t1,paygydd,user_3d2fc5d873
t1,paym09d,user_0aaa01190f
t1,payqa7b,user_3091a5db0e
t1,paysams,user_9a82ecfa7b
t1,payvx9e,user_83ba9efb38
t1,paywxil,user_9ccce8d1c6
t1,payxjkv,user_b8f42b1ff7
t1,payzdgc,user_379113d9a5
t1,payzx8c,user_2b73e312a7
t1,paz0kwj,user_ec11cd843c
t1,paz0noz,user_3d90ff0844
t1,paz1hbm,user_87d693d5c8
t1,paz1we2,user_66c4dc797c
t1,paz3xax,user_5ece45ea4a
t1,paz4580,user_27ddb7d890
t1,paz48pj,user_81246862b6
t1,paz5rhf,user_5ac9611066
t1,paz5xpz,user_19f2161e26
t1,paz5z1r,user_ebd7d97222
t1,paz6ffj,user_e35de1353a
t1,paz7gkl,user_d46803f806
t1,paz7q7j,user_7b2cbd4777
t1,paz83b6,user_133c48f993
t1,paz85kk,user_30275c6c9e
t1,paz951a,user_f50531cd9c
t1,paza5ff,user_f78ea2814a
t1,pazc9ct,user_950e8a10f7
t1,pazd0aa,user_0ae591cec7
t1,pazee4w,user_09238d65fe
t1,pazeywu,user_b150701db8
t1,pazfh41,user_cfef5e8790
t1,pazftfe,user_aae6357547
t1,pazjgyk,user_2fb2582e46
t1,pazkj80,user_10e48b7a3a
t1,paznsyw,user_f491423e8c
t1,pazoek0,user_d4c6bb8990
t1,pazojgs,user_8fcd03ed3e
t1,pazoxsn,user_be7bfd6c85
t1,pazoyws,user_4ad61400fb
t1,pazpktx,user_435b6546cf
t1,pazps9w,user_155546e9b6
t1,pazpu7z,user_76dab050ae
t1,pazq60h,user_8fcd03ed3e
t1,pazqv3d,user_5111beabbf
t1,pazqzi0,user_18617a9aed
t1,pazrdf7,user_3840e80c8e
t1,pazrj5i,user_21fa7d0ee3
t1,pazrt7d,user_26dd5f3063
t1,pazsbjt,user_5fe3a767a1
t1,pazsqpr,user_db2554a118
t1,paztugv,user_fa3f3bdedc
t1,pazuaee,user_19f2161e26
t1,pazuer8,user_b4ca6b0815
t1,pazujhc,user_db2554a118
t1,pazuvpk,user_23e69be1b5
t1,pazv25t,user_32adda9193
t1,pazvb73,user_9595ca1490
t1,pazvb7v,user_8de9c0cff3
t1,pazvi48,user_c9553eab2d
t1,pazx68j,user_24dd91d5e8
t1,pazxpcv,user_fa3f3bdedc
t1,pazxqjn,user_c84626cc11
t1,pazy6ck,user_ce8735cf7f
t1,pazyfat,user_64fb5f73bd
t1,pazytbm,user_9baf12663f
t1,pazzi33,user_7ae43dfaf7
t1,pazzu1u,user_eb0d6f13e3
t1,pazzyrd,user_3481a662c1
t1,pb0068s,user_f08c93c97b
t1,pb0b7mf,user_6a2a2f1172
t1,pb0i7s2,user_d9fbfd2cb7
t1,pb0j6fm,user_24af08c3e5
t1,pb0jape,user_a1673ae40d
t1,pb0jszr,user_7ba928393c
t1,pb0l8d9,user_27735d0455
t1,pb0rfp3,user_34261c4924
t1,pb0s5rd,user_cdf5e84602
t1,pb0ssfr,user_2ad51d880c
t1,pb0tq8r,user_752f3a1768
t1,pb0vwfe,user_2909e43ec4
t1,pb0wgdt,user_4b725beec4
t1,pb0ywea,user_7d639b2d8a
t1,pb0zkvf,user_d983437d62
t1,pb10wk9,user_64fb5f73bd
t1,pb1651c,user_630b792af6
t1,pb16eqp,user_ceb87da333
t1,pb1c0g2,user_f89c8c153f
t1,pb1c785,user_fe225f5378
t1,pb1faol,user_bf259be0f1
t1,pb1hwsm,user_e14aa10386
t1,pb1nnp3,user_e4954ce7ae
t1,pb1paqx,user_bd751fcbf8
t1,pb1pv2w,user_228b659d43
t1,pb1pz1g,user_1ce10f01c1
t1,pb1qe68,user_abe6365c48
t1,pb1rd82,user_6fa1a26af7
t1,pb1sptj,user_54d41068f3
t1,pb1wtih,user_4d831b07bd
t1,pb1x5qb,user_b128c1fdea
t1,pb1xfgr,user_aa5fed8a62
t1,pb1xp1s,user_268fc475ca
t1,pb1y2b6,user_cd6bd946b0
t1,pb23ye0,user_142f7a3f5d
t1,pb24be2,user_080b834197
t1,pb24r35,user_c7ca87a2d9
t1,pb2569b,user_1086614911
t1,pb25qnk,user_bc9204b46e
t1,pb27v88,user_e62469ad8e
t1,pb2808l,user_73b1deeb3b
t1,pb28l70,user_343fb4bef4
t1,pb28vgb,user_e7c6f99159
t1,pb29mn4,user_a22cd7308b
t1,pb2a1qw,user_a1673ae40d
t1,pb2a3or,user_ffb4e7953a
t1,pb2ad2h,user_6efddc3012
t1,pb2avop,user_f65bc4c899
t1,pb2bitb,user_2aed284923
t1,pb2bsql,user_a55cdc4a37
t1,pb2bxtm,user_ceb87da333
t1,pb2bzft,user_deec364e12
t1,pb2c0yf,user_bae400358d
t1,pb2gbhx,user_f3b0f4f7a5
t1,pb2hnmh,user_2b8000bafc
t1,pb2ipbq,user_ba113674d4
t1,pb2kzp6,user_cc5626018a
t1,pb2lx4v,user_ec839bc01f
t1,pb2pact,user_683188a7f9
t1,pb2qdj5,user_622c984b49
t1,pb2qpef,user_2b9ce58069
t1,pb2sj6r,user_c2df300ccc
t1,pb2td7g,user_b623360145
t1,pb2v34m,user_c911829bd8
t1,pb2v6mc,user_bd9f9fd89a
t1,pb2vxug,user_9a40a995dc
t1,pb2z2wh,user_e34c241a54
t1,pb2z7jz,user_bafd3fc76e
t1,pb31ica,user_2951fb147c
t1,pb32581,user_7eb4900218
t1,pb32wxc,user_454b646d5a
t1,pb36rzs,user_2a9c3fa8b2
t1,pb38tem,user_454a5cb61a
t1,pb39bbc,user_eabee5f059
t1,pb3arnk,user_5507205e38
t1,pb3d1kn,user_74c0ad22d0
t1,pb3d8lu,user_0e7eae4461
t1,pb3dm09,user_1817721ef2
t1,pb3ecr2,user_e14aa10386
t1,pb3em0k,user_681cffb916
t1,pb3gpr2,user_5eaae81227
t1,pb3h1g9,user_de383c2688
t1,pb3iuoa,user_e2fa7b5c76
t1,pb3ixv7,user_3241aae1e0
t1,pb3j7te,user_814fcab91c
t1,pb3j9i3,user_668599c3b0
t1,pb3je6p,user_ebdab814ba
t1,pb3jw29,user_5eaae81227
t1,pb3kbv1,user_c28890722d
t1,pb3kuif,user_63b5495c33
t1,pb3kwd0,user_9d390834cd
t1,pb3kzhb,user_e837010ee5
t1,pb3lrso,user_a2765a2d4d
t1,pb3mkz0,user_59b3d16f18
t1,pb3mn4b,user_ce8376f0ed
t1,pb3nef0,user_17776759e4
t1,pb3o149,user_6986f3eebc
t1,pb3o88d,user_7e3b90a6db
t1,pb3olfu,user_ef4eabeb91
t1,pb3ory0,user_b1ac9659d5
t1,pb3pa7i,user_53540104a0
t1,pb3q5ty,user_1dd35f0367
t1,pb3qix3,user_08c7c0e40e
t1,pb3rcl2,user_0490713ced
t1,pb3rcx6,user_dd3e6ffe02
t1,pb3rec4,user_b25c606681
t1,pb3rht8,user_6b737b1bc5
t1,pb3rpa1,user_42a10e8814
t1,pb3rtm4,user_048edc2f9f
t1,pb3s2g7,user_c579ac3008
t1,pb3s33y,user_9ecadb1202
t1,pb3sgwo,user_269eb92693
t1,pb3sgxx,user_431ce34453
t1,pb3sj7d,user_a99640c79a
t1,pb3snpq,user_f021cd0c2c
t1,pb3tajc,user_2f02cb8494
t1,pb3tpgo,user_20ac37f744
t1,pb3uwai,user_77445d1d44
t1,pb3v6bx,user_ecca9930c0
t1,pb3vc3c,user_fa6c5327ad
t1,pb3vhhn,user_77445d1d44
t1,pb3vn7l,user_ca3c55cbc2
t1,pb3vq11,user_66713638f4
t1,pb3vuc5,user_401f8c3457
t1,pb4529k,user_4d3bd4bd40
t1,pb481o1,user_77445d1d44
t1,pb485bg,user_dff527c21c
t1,pb48cpf,user_b874b61977
t1,pb491qf,user_2e14e7fbc6
t1,pb4amur,user_17d320af86
t1,pb4b6iy,user_c8b5d196f9
t1,pb4bos2,user_7ff3d87a34
t1,pb4c3ah,user_85fe9a31ab
t1,pb4f87r,user_f894e298f2
t1,pb4h0oh,user_4de7f39679
t1,pb4hnn8,user_aeb982fe2e
t1,pb4irvk,user_ee40238831
t1,pb4kjeb,user_12d1092da4
t1,pb4lnre,user_31d3182db4
t1,pb4ounk,user_b26db7872e
t1,pb4oybp,user_2f02cb8494
t1,pb4qlep,user_c6e6b8456b
t1,pb4u061,user_c9255ae20a
t1,pb4unod,user_872acd392c
t1,pb4uuu1,user_7a26a0fdba
t1,pb4vpnk,user_c9d2ab8a2d
t1,pb4xnaj,user_782b3aff35
t1,pb4xu5g,user_8b1b40eb53
t1,pb4y16v,user_37d34d4dad
t1,pb4z399,user_d1fd57b750
t1,pb4zdnw,user_7669af0045
t1,pb4zke8,user_1017ce6ee4
t1,pb5050d,user_545dfb8e9d
t1,pb509t7,user_19aaa057ad
t1,pb50a1g,user_0f9f55dae9
t1,pb50v80,user_8ff658ce7a
t1,pb517ya,user_3b087829e6
t1,pb51djg,user_9d10c4d23f
t1,pb51m41,user_2fd901802f
t1,pb5258s,user_27db41345b
t1,pb52w6e,user_68cf797086
t1,pb53dih,user_892024e1c0
t1,pb53hlr,user_efa681a685
t1,pb53hym,user_dd48056f2c
t1,pb53i7i,user_68f749bfed
t1,pb54fpf,user_29edf562c1
t1,pb54s2u,user_9a36e514ec
t1,pb54uc8,user_eab0ecff83
t1,pb552tk,user_3ba374b73e
t1,pb55ml2,user_f894e298f2
t1,pb5foug,user_efb6133413
t1,pb5m2v4,user_e40ce2a7b5
t1,pb5o2s5,user_3b549f07e1
t1,pb5o6fa,user_c20b0d890b
t1,pb5pojy,user_63b5495c33
t1,pb5t2op,user_0bea09f23b
t1,pb61rf9,user_88bd966882
t1,pb63faw,user_1c8bae76d1
t1,pb63yk3,user_015462b4e7
t1,pb652mg,user_fcf12746c5
t1,pb653j0,user_356198bc75
t1,pb68s56,user_c6e6b8456b
t1,pb69bva,user_ebb6fe6794
t1,pb69hxr,user_de580b46eb
t1,pb6adox,user_eb277323e5
t1,pb6bx4n,user_19aaa057ad
t1,pb6dnca,user_1b23c6fb6d
t1,pb6ejze,user_9d0fee70b0
t1,pb6f0vp,user_dd4e90dfb0
t1,pb6fbtu,user_b78d17f50b
t1,pb6g4qm,user_c6e6b8456b
t1,pb6jjjj,user_3548be6c42
t1,pb6jya7,user_9753bfbc99
t1,pb6kbjh,user_051d6576e0
t1,pb6mxf4,user_d575dc1b6e
t1,pb6n5up,user_eda6f64bb8
t1,pb6nb0z,user_50201ce08e
t1,pb6nljd,user_e028b8cdd6
t1,pb6qrtn,user_5041b8a09b
t1,pb6sd2v,user_51b1a80f1e
t1,pb6tmmt,user_ff0559b7d5
t1,pb6vdrn,user_f030c4ac6f
t1,pb70o0f,user_e337f810aa
t1,pb70us6,user_c0022c20f7
t1,pb73p17,user_83e2741a33
t1,pb75q6v,user_36db44b7ce
t1,pb760z3,user_91c3a627b7
t1,pb76390,user_612f1462e2
t1,pb77d3l,user_612f1462e2
t1,pb7875c,user_4568f4aae3
t1,pb78gt5,user_080948bce5
t1,pb79ba7,user_d60873ba68
t1,pb7am42,user_730bc9690c
t1,pb7avzx,user_af078de613
t1,pb7azbf,user_0fb91b8347
t1,pb7b4w4,user_699f9d80a3
t1,pb7bd31,user_c9d2ab8a2d
t1,pb7boco,user_acbf17fc7d
t1,pb7bohz,user_fbd092c9c3
t1,pb7bq1t,user_1d0d52cea4
t1,pb7bqwr,user_fbd092c9c3
t1,pb7buvn,user_1ab076b2a7
t1,pb7bweb,user_dd4e90dfb0
t1,pb7c5cx,user_ffba5512d1
t1,pb7c8te,user_72ee15df1e
t1,pb7cco0,user_58e4a7c08e
t1,pb7d04w,user_77826abb5e
t1,pb7d7o0,user_77826abb5e
t1,pb7df2t,user_fe753e5087
t1,pb7dole,user_f127be98e9
t1,pb7dqp7,user_5056171117
t1,pb7dr57,user_a089196869
t1,pb7dvs7,user_4c64ab6e2b
t1,pb7dx74,user_63f31a9437
t1,pb7dyde,user_3f4b5ca428
t1,pb7e1h4,user_cf943336cd
t1,pb7e1jx,user_5315119cf1
t1,pb7e5cp,user_a34e51faba
t1,pb7e7t5,user_0f5f0462f3
t1,pb7eozw,user_5373bcdf82
t1,pb7eq3r,user_fe753e5087
t1,pb7evr5,user_fe753e5087
t1,pb7exhc,user_a089196869
t1,pb7exj0,user_c1716f4baa
t1,pb7exnj,user_23ec49ee88
t1,pb7f056,user_6ec67a8726
t1,pb7f1mf,user_b5b37d0f44
t1,pb7f2rd,user_bded5b9004
t1,pb7f4p4,user_fe753e5087
t1,pb7f7uw,user_4caefda8f3
t1,pb7fadp,user_a25da544dc
t1,pb7fdbv,user_b41d4f67b4
t1,pb7mf4x,user_c292cc4c69
t1,pb7n627,user_5000c447e4
t1,pb7of62,user_8e12f41769
t1,pb7osae,user_f3d73545cf
t1,pb7osfu,user_a25da544dc
t1,pb7p8oy,user_bab772f53d
t1,pb7sylf,user_3aee5c08df
t1,pb7vv1t,user_50ad7391b5
t1,pb7wh2o,user_e61da2768b
t1,pb7wunm,user_50ad7391b5
t1,pb7y4rx,user_8cc0d0369d
t1,pb7yadb,user_fdda802b7f
t1,pb82bpo,user_483a5cabeb
t1,pb85fap,user_666ca317a0
t1,pb85v3o,user_21fa7d0ee3
t1,pb8ih0z,user_7d639b2d8a
t1,pb8k1yg,user_58ca0bdf2c
t1,pb8k2mt,user_01f66a6ebb
t1,pb8k8nx,user_f9ad023e39
t1,pb8lrtr,user_fe021a86ab
t1,pb8m4ys,user_a3f93d5b0d
t1,pb8mljb,user_cee41f30c0
t1,pb8nend,user_75dca48be1
t1,pb8nqqw,user_59c933650c
t1,pb8otlr,user_0314062974
t1,pb8p9z0,user_f4fbc7f424
t1,pb8peom,user_f505879516
t1,pb8pjms,user_d3f60a68b9
t1,pb8q5gf,user_57d3a46f21
t1,pb8q5pn,user_30b33f3222
t1,pb8rp0o,user_97b90f0791
t1,pb8rvst,user_97b90f0791
t1,pb8s042,user_97b90f0791
t1,pb8skwx,user_a4b9be4e0c
t1,pb8suvw,user_d2a84a198f
t1,pb8sv33,user_71f66bcabf
t1,pb8u7ge,user_56c82ff34b
t1,pb8uv2c,user_9c43506edf
t1,pb8vive,user_deec364e12
t1,pb8vp0j,user_ad09f9ceb6
t1,pb8wgvg,user_50201ce08e
t1,pb8wqeq,user_9ccc0720fa
t1,pb8x9bk,user_239478f622
t1,pb8y498,user_c1894f802f
t1,pb8ym4y,user_99c08a0dc9
t1,pb8z45o,user_bf4fb8bb39
t1,pb8zoxm,user_a776881902
t1,pb91hhz,user_9a26d58b38
t1,pb91tpz,user_d36990c2cf
t1,pb920h1,user_063fc743fb
t1,pb926ym,user_bea768f87d
t1,pb92zx8,user_e0752097e8
t1,pb93t4p,user_6828f3d82e
t1,pb94gdf,user_c911829bd8
t1,pb97lis,user_1110d74073
t1,pb98fho,user_1a838cdeec
t1,pb98hpt,user_2f5d6b90a3
t1,pb999sv,user_15027386ce
t1,pb99utq,user_207f74c574
t1,pb9ajfy,user_48fdcf70b6
t1,pb9aoid,user_0ab2dbab31
t1,pb9b3m2,user_7bcab1aa04
t1,pb9bqv5,user_d5f77f43d0
t1,pb9c8xp,user_4b8857887c
t1,pb9cinc,user_c6ba7a89df
t1,pb9cprd,user_5b92c0c92c
t1,pb9d6e3,user_5a19fd370b
t1,pb9dpt1,user_c9553eab2d
t1,pb9dum3,user_aefaec646e
t1,pb9fl5r,user_2b4f1da654
t1,pb9ft0z,user_d8f5b075a5
t1,pb9fzok,user_e7df83c0a9
t1,pb9halg,user_0ab2dbab31
t1,pb9hg22,user_a842fdcb44
t1,pb9i3yo,user_33778a4e48
t1,pb9i6df,user_207f74c574
t1,pb9i8zt,user_c71dc2c80e
t1,pb9icvb,user_ccc130bd61
t1,pb9ik0o,user_db073e69c3
t1,pb9indm,user_33fbebbc91
t1,pb9iqcx,user_ccc130bd61
t1,pb9iysq,user_af078de613
t1,pb9iz9t,user_b26db7872e
t1,pb9jbzn,user_0aaa01190f
t1,pb9jiii,user_36db44b7ce
t1,pb9jv74,user_b13351d50b
t1,pb9jzat,user_f08c93c97b
t1,pb9kan9,user_a842fdcb44
t1,pb9kewr,user_5853f72e3c
t1,pb9kiu6,user_26d6816aec
t1,pb9kl8b,user_5c41becf76
t1,pb9kvp5,user_b6bdf4ce04
t1,pb9lgqz,user_c33c15a702
t1,pb9lp51,user_af04495c5c
t1,pb9lteh,user_f08c93c97b
t1,pb9luqa,user_585fe3fdbd
t1,pb9lxus,user_efccb2425a
t1,pb9pb78,user_9a7779eb21
t1,pb9qi8w,user_c7f4596844
t1,pb9s2dj,user_18b6ac5a69
t1,pb9sm49,user_1202a67388
t1,pb9syy1,user_594c85f4a4
t1,pb9vyog,user_8c2ca07fec
t1,pb9wvrr,user_fc20f4e8fb
t1,pb9z702,user_320f167ea9
t1,pba00st,user_b54b02e370
t1,pba07ly,user_aee19e6a4f
t1,pba0awg,user_1b3c9b3f9f
t1,pba27yj,user_3924884207
t1,pba66um,user_4600298c8c
t1,pba6wj3,user_ccaba890ee
t1,pba7ich,user_8d1b57050d
t1,pba7zhd,user_a842fdcb44
t1,pba86t7,user_5ad809d4e7
t1,pba8q4j,user_545dfb8e9d
t1,pba9153,user_c4b70b2632
t1,pbaa3cc,user_5e5bb0b68a
t1,pbaa69z,user_67300cca8e
t1,pbac3oy,user_5330a6647a
t1,pbacbfi,user_35df29d5f7
t1,pbacmok,user_98e722a8cb
t1,pbadef5,user_608be6e1c7
t1,pbafcap,user_fde6aa026d
t1,pbafqtq,user_8b7b911974
t1,pbafttf,user_e400ecaa49
t1,pbagmw0,user_6bab745a25
t1,pbagzop,user_84f21c4713
t1,pbah081,user_0490713ced
t1,pbahy4r,user_2b2cbeb717
t1,pbaimuz,user_bf6f7cb606
t1,pbajncn,user_d06ab627ff
t1,pbako2l,user_5442df6f4c
t1,pbal0yl,user_9bbf6215a7
t1,pbamcbi,user_739900f342
t1,pbaoe2c,user_82090a2940
t1,pbaoy7o,user_ebd9891ac9
t1,pbaq284,user_5da7412901
t1,pbaq6uv,user_8bc2fa583b
t1,pbaqn6i,user_147eaad223
t1,pbarf7t,user_c5282c33a2
t1,pbarxmm,user_8f23d68de3
t1,pbasto3,user_7341b2127d
t1,pbauund,user_c522e82c7a
t1,pbauxq4,user_ec47bf6f49
t1,pbaw4fy,user_c1e8cf5b09
t1,pbawau2,user_7f2272bfec
t1,pbaxwph,user_ca98d06d4e
t1,pbay922,user_48fdcf70b6
t1,pbazj3s,user_c273db3f8a
t1,pbazo99,user_d920acf1a9
t1,pbazv09,user_e2fbbf067b
t1,pbb0jf2,user_152c84b064
t1,pbb0ytb,user_5669483718
t1,pbb0z1p,user_6f471d3ece
t1,pbb13k5,user_55f38f7fc0
t1,pbb14n9,user_cce8661dfc
t1,pbb14z2,user_5e72cef413
t1,pbb1fk9,user_25e8325dcf
t1,pbb1tiq,user_797dc3b683
t1,pbb2ahw,user_e15cf1c31c
t1,pbb2rtm,user_c3c4af17fe
t1,pbb2x3k,user_152c84b064
t1,pbb2zdz,user_e419530731
t1,pbb3il4,user_0851d98d1c
t1,pbb3myt,user_6dda84510e
t1,pbb3qaz,user_1ee8c8dfe1
t1,pbb3s3c,user_df624a171f
t1,pbb3z7y,user_8d1b57050d
t1,pbb4foi,user_a842fdcb44
t1,pbb4hk0,user_7316aaad58
t1,pbb4i11,user_3dac907dad
t1,pbb4tqa,user_eb8856808a
t1,pbb4zt0,user_fd9c7ac5b8
t1,pbb4zxf,user_eb8856808a
t1,pbb52pl,user_db0ece18e7
t1,pbb58n5,user_bf18c5faac
t1,pbb5a60,user_a2f8d41c32
t1,pbb5aqx,user_eb8856808a
t1,pbb5cy9,user_eb8856808a
t1,pbb5mhm,user_e15cf1c31c
t1,pbb6402,user_e15cf1c31c
t1,pbbbu55,user_5f6f43713d
t1,pbbd1iq,user_7da8cd3b4c
t1,pbbdr2c,user_a3a7dbfa62
t1,pbbjf48,user_df4eecf848
t1,pbbjqyt,user_06ff827d60
t1,pbbm2u8,user_1d5231bfb0
t1,pbbn23o,user_cfdebb4110
t1,pbbnb03,user_5257843538
t1,pbbt063,user_5ac429b2b1
t1,pbbzaan,user_171feb4bf7
t1,pbbzc3x,user_aee19e6a4f
t1,pbc0rni,user_99aa98a0e5
t1,pbc17y6,user_0d6d0b4f06
t1,pbcalxx,user_1421b428d8
t1,pbcavqe,user_30650760c9
t1,pbcay5r,user_1421b428d8
t1,pbcb3md,user_315e421408
t1,pbcb73m,user_300c10aa9b
t1,pbcbftx,user_e0752097e8
t1,pbccdsj,user_39ad37af31
t1,pbcebnw,user_ec11cd843c
t1,pbced2u,user_a742edfeeb
t1,pbcfk4a,user_1874da8f19
t1,pbcgvdc,user_965cef56ce
t1,pbcgvm2,user_2a2527df90
t1,pbch1p4,user_b6788af815
t1,pbch5bj,user_b6788af815
t1,pbchk0m,user_24af08c3e5
t1,pbco5c6,user_4b725beec4
t1,pbcrlv1,user_9f59d26961
t1,pbcsq5x,user_804277e129
t1,pbctyws,user_681ffc3931
t1,pbcva2z,user_a4186b2c85
t1,pbcw8yu,user_c9f01ad214
t1,pbcy5l0,user_150ea21c8a
t1,pbcz3k2,user_cb78aadbea
t1,pbd33xx,user_9b26719aaf
t1,pbd39dy,user_8cfd503e6b
t1,pbd6sqz,user_9a68af7914
t1,pbd85oh,user_e92ed9b32c
t1,pbd88bh,user_75b76eab06
t1,pbd97su,user_f9bed48162
t1,pbdaink,user_754a9c518c
t1,pbdf3jy,user_c019c63789
t1,pbdfwct,user_b4b7dc6fd4
t1,pbdgcpf,user_9768e13ad1
t1,pbdggo6,user_1f0eefeeb4
t1,pbdgvhn,user_f8acef63b2
t1,pbdhgb5,user_e36f1595f0
t1,pbdj71t,user_a584e13735
t1,pbdjfuq,user_be5d9058b1
t1,pbdliub,user_d4c3fd4586
t1,pbdoogy,user_3b549f07e1
t1,pbdpyvy,user_44659e48d1
t1,pbdqbx0,user_97be89bb4f
t1,pbdrinv,user_2573384390
t1,pbdsc23,user_97be89bb4f
t1,pbdtck0,user_b488ad9a87
t1,pbdu9d1,user_13790859fe
t1,pbdug0x,user_06ec0ce5bd
t1,pbdvpnc,user_f003315e95
t1,pbdwxbm,user_8521b8f205
t1,pbdysz1,user_a54f32a133
t1,pbe4ga5,user_9548423ca5
t1,pbe5rba,user_d2f86a24d3
t1,pbe6iht,user_27d5e6d537
t1,pbe7t0n,user_8a1d1b39f2
t1,pbe8twr,user_97be89bb4f
t1,pbe9e5w,user_4d3b53e010
t1,pbe9ni2,user_4f0fa3907f
t1,pbec207,user_00723d25dc
t1,pbeclr6,user_67c2e2ad8c
t1,pbed4de,user_f1d817b966
t1,pbeetsn,user_3b8e4aa7e2
t1,pbegchq,user_2c0008f3d4
t1,pbegh4r,user_fe753e5087
t1,pbegw45,user_9bf2afece7
t1,pbehiyq,user_b5e3ca8423
t1,pbehpk8,user_be64071183
t1,pbeit00,user_2be5d3b1e2
t1,pbej0rq,user_85a23f7973
t1,pbej95z,user_2be5d3b1e2
t1,pbejlhj,user_d2f86a24d3
t1,pbejoaf,user_b1a30e1cfd
t1,pbek25z,user_42a10e8814
t1,pbek6vc,user_4568f4aae3
t1,pbek961,user_4c981c5ae2
t1,pbekj18,user_b1b14fea27
t1,pbekot4,user_b8116a8227
t1,pbekx3x,user_1d067f0dd5
t1,pbel1rh,user_85027e01d5
t1,pbemcwj,user_f4606d6e17
t1,pbemge2,user_8099db322a
t1,pbeml8i,user_1907452a58
t1,pbemo11,user_a7f07ac9d9
t1,pbeoirl,user_fed46c45d6
t1,pbep39g,user_b074f4cb88
t1,pbeuuwv,user_00723d25dc
t1,pbewcmq,user_730bc9690c
t1,pbf0bef,user_785d1ea30b
t1,pbf2mip,user_fe7c334192
t1,pbf3qw8,user_e0752097e8
t1,pbf7n8a,user_5155421e40
t1,pbfdfof,user_eadbe8c9bd
t1,pbfiv6y,user_2e6812df53
t1,pbfjrta,user_eb8856808a
t1,pbflmx0,user_4e646eb144
t1,pbfmd4g,user_f2c42480c7
t1,pbfoa1j,user_c9d2ab8a2d
t1,pbfob6z,user_97be89bb4f
t1,pbforav,user_c911829bd8
t1,pbfoucp,user_90795acddf
t1,pbfoveu,user_eb0d6f13e3
t1,pbfttnb,user_a05cc951db
t1,pbfugmp,user_d61f047577
t1,pbfvejz,user_eb0d6f13e3
t1,pbfx359,user_eb27e4528e
t1,pbg15k8,user_49231fc02e
t1,pbg35dv,user_47d5bbf37a
t1,pbg4929,user_c02fb7cc14
t1,pbg5bxx,user_80f9698220
t1,pbg6b7n,user_c273db3f8a
t1,pbg6o8h,user_c273db3f8a
t1,pbg6uko,user_336cf5ce58
t1,pbg8kep,user_e597f16c86
t1,pbg8vcs,user_5056171117
t1,pbg8yde,user_2143e2ebfb
t1,pbgaho7,user_d6180e8509
t1,pbgbk3c,user_d9f0f0641e
t1,pbgbpyg,user_4e1e0aa8c3
t1,pbgc6s7,user_a1eef29837
t1,pbgd4ex,user_cd6f19f9d2
t1,pbgdd70,user_2724bb20be
t1,pbgddqx,user_ff97fc237c
t1,pbgejfe,user_da4a8d6eb8
t1,pbgeuda,user_da4a8d6eb8
t1,pbgewta,user_47d5bbf37a
t1,pbggvuj,user_9c2f330827
t1,pbggznq,user_7da8cd3b4c
t1,pbghkls,user_7702f6edaa
t1,pbghnzi,user_ab67c4bb45
t1,pbgihmy,user_ca74780806
t1,pbgirug,user_abb9ca9ce2
t1,pbgjwln,user_34c1a1b837
t1,pbgkltf,user_3ddad84b54
t1,pbglear,user_b49f55e590
t1,pbgllse,user_e2e58b5580
t1,pbgmhwz,user_28ae42ae61
t1,pbgn105,user_ea8bb49a2f
t1,pbgouu5,user_2a8c1f3e1e
t1,pbgp8oe,user_ef086b4edd
t1,pbgs50x,user_671a64e341
t1,pbgspn3,user_49291aade0
t1,pbh1gvo,user_0eccc21ef1
t1,pbh2967,user_60bb9b011b
t1,pbh4tdt,user_86f1801bf0
t1,pbh4x13,user_1e5c60da31
t1,pbh629k,user_64fb5f73bd
t1,pbh7fm1,user_abdb74279f
t1,pbhax5e,user_dffe0d19ac
t1,pbhbga2,user_c1894f802f
t1,pbhc8au,user_54def29116
t1,pbheand,user_d72708e143
t1,pbhgp0u,user_229ab6a27c
t1,pbhi9x4,user_aa4c7d5643
t1,pbhjuz7,user_577bb8d24c
t1,pbhjxix,user_8887664fb2
t1,pbhlop6,user_4692d76cb9
t1,pbhmcwc,user_1fdb8825b6
t1,pbho95o,user_3c04db4003
t1,pbhphjv,user_05cd7eacda
t1,pbht6al,user_4133a00d0c
t1,pbhurrq,user_d48092bebb
t1,pbhuuym,user_99fff0372e
t1,pbhvrrm,user_7fc617cd26
t1,pbhwicz,user_d405b8761c
t1,pbhx5am,user_823f74d893
t1,pbhxbms,user_238917213b
t1,pbhygae,user_7fc617cd26
t1,pbhzeb0,user_cb2008a3db
t1,pbi0khl,user_b175e2a80f
t1,pbi0o7s,user_760f649587
t1,pbi0qyg,user_d07b18907a
t1,pbi0u9d,user_2a3db4345d
t1,pbi0v1c,user_4e60e17699
t1,pbi2drc,user_710ba63e30
t1,pbi2m70,user_bacb3671f0
t1,pbi38h5,user_28dccc2c53
t1,pbi3lsj,user_12ccc3925a
t1,pbi59pz,user_bea32c118e
t1,pbi5a4r,user_962c29e0c4
t1,pbi5r8l,user_0f4374b38b
t1,pbi609u,user_99bf02ae15
t1,pbi7ggq,user_7e82223fd3
t1,pbi7vx3,user_d03bf40c57
t1,pbi8m47,user_8ffc403f1a
t1,pbi9385,user_b05f6d5e4a
t1,pbia15h,user_e8eb5e98d7
t1,pbiaudf,user_4879ed65d2
t1,pbicj93,user_6c8036ff4b
t1,pbicuco,user_b99378d335
t1,pbidr82,user_0497725568
t1,pbidrig,user_4ebba76cff
t1,pbidx6d,user_07e08d69b2
t1,pbidxwd,user_5f68a1073e
t1,pbifmci,user_4ebba76cff
t1,pbifz09,user_34dbf54b06
t1,pbiktim,user_aede22d3d2
t1,pbilkpm,user_207f74c574
t1,pbimqbh,user_fffaf58dfd
t1,pbimvff,user_ad0f542be2
t1,pbin51x,user_8da589bc07
t1,pbio2up,user_7655da60af
t1,pbipls0,user_4462c2a9c0
t1,pbiqhdf,user_5322f6e183
t1,pbiqpc8,user_b4b7dc6fd4
t1,pbir445,user_2be5d3b1e2
t1,pbiy5at,user_45ebd82669
t1,pbizhac,user_91a48b27c8
t1,pbizyx9,user_4cdfd9856f
t1,pbj3g1g,user_2724bb20be
t1,pbj45iu,user_0c42e48554
t1,pbj5sv9,user_f5d6c00e3c
t1,pbj6q3l,user_a7530757a6
t1,pbj7mr9,user_987bd69dd0
t1,pbj850w,user_85fe9a31ab
t1,pbj8uu5,user_6d21b51537
t1,pbj993f,user_930f2b6b2c
t1,pbj9flt,user_e20aee860c
t1,pbj9frw,user_a7fa47ff09
t1,pbj9ha1,user_a853b178a6
t1,pbj9lie,user_55126f0c51
t1,pbj9udy,user_fb01fac819
t1,pbjae8p,user_171feb4bf7
t1,pbjawmg,user_ac34ce4b98
t1,pbjb0n1,user_c8b5d196f9
t1,pbjbapq,user_bd773008e9
t1,pbjbkwn,user_c0022c20f7
t1,pbjc80i,user_84983fc206
t1,pbjci4c,user_687ad82527
t1,pbjcjs6,user_67a3f70048
t1,pbje1ox,user_733a4c3210
t1,pbje72m,user_649196fa6b
t1,pbjfc9z,user_f24d807ef1
t1,pbjh3pg,user_f5b74eaaed
t1,pbji8uz,user_11767298d9
t1,pbjilz6,user_f8a82b58bd
t1,pbjj8ut,user_19a87f7d37
t1,pbjjnel,user_5f94cc368e
t1,pbjjw1b,user_f82e50a3fa
t1,pbjjzdb,user_6b2ca326bb
t1,pbjkfvr,user_171feb4bf7
t1,pbjl1pd,user_649196fa6b
t1,pbjlltm,user_171feb4bf7
t1,pbjmvzm,user_54ef75a50d
t1,pbjmzq8,user_ff84a53cba
t1,pbjoqx9,user_26f53db55d
t1,pbju0w1,user_39a0ddc987
t1,pbjvhx9,user_ac6d5e4f86
t1,pbjwwkc,user_4e36e9c65a
t1,pbjxkq3,user_dd8287bc81
t1,pbk0tox,user_9485bdb46d
t1,pbk1wx2,user_99bf02ae15
t1,pbk4588,user_805e5fe7c2
t1,pbk8cl7,user_39dd2bb2f1
t1,pbkt86p,user_c66d0c3e3f
t1,pbku65i,user_bafffaab9f
t1,pbkudjb,user_63664a20f4
t1,pbkvd6w,user_15c4556443
t1,pbkx8s9,user_03aa9b5b15
t1,pbkzcwq,user_c15b09fd0a
t1,pbl143x,user_358d32ad0d
t1,pbl1bv1,user_ed54b6aa78
t1,pbl3039,user_d566c84b1d
t1,pbl73ht,user_ee48cc4431
t1,pblb60g,user_9a27ca3998
t1,pblbda5,user_1105712c7c
t1,pblc85f,user_464a8460de
t1,pblchoe,user_9890a10ccb
t1,pblg326,user_8407751c53
t1,pblh8ch,user_0c4fbb8f7b
t1,pbli7sa,user_0490713ced
t1,pbliha7,user_c9255ae20a
t1,pbljgo1,user_7eb4900218
t1,pbljz38,user_c78b0dba2d
t1,pblldvc,user_8b62549bfc
t1,pbllgg5,user_50201ce08e
t1,pbllsih,user_5b576341bc
t1,pblmij4,user_47ca5e2a34
t1,pblmtkn,user_7626b5415f
t1,pblnrtp,user_bdc3cbeeff
t1,pblodco,user_695bdf88d0
t1,pblop59,user_bbf7d1d064
t1,pblp0k7,user_6a314b477e
t1,pblp2qh,user_c2219fe821
t1,pblpdmu,user_8c920ee6be
t1,pblphk2,user_512f19e522
t1,pblqjex,user_96fb454502
t1,pblrcxc,user_661ec7f6ca
t1,pblrhh0,user_acf5baa84b
t1,pblrzdk,user_26f31e1caf
t1,pblscwy,user_89dc76bfec
t1,pblsivp,user_720e3ad7b8
t1,pblt9w2,user_2a3d75fe10
t1,pblug0i,user_0f40f73ddf
t1,pbluxtv,user_d1f5617a4c
t1,pblv1vz,user_403a498348
t1,pblw091,user_403a498348
t1,pblwj8d,user_0dcd55c995
t1,pblx49q,user_27439bd9a9
t1,pblx594,user_3438402697
t1,pblx74f,user_171feb4bf7
t1,pbm3hn3,user_1ab076b2a7
t1,pbm83r1,user_af04495c5c
t1,pbm89pn,user_5b60a47911
t1,pbm8wjc,user_0490713ced
t1,pbma7hn,user_9c05fcaef5
t1,pbmdr6j,user_50201ce08e
t1,pbmew9j,user_e0cb67fbb5
t1,pbmj94y,user_a19ab9cc4e
t1,pbmje8y,user_06c85e71f0
t1,pbmkl5e,user_ba5cce0bd3
t1,pbmkqot,user_9e43d6310e
t1,pbmn5jw,user_1c728a9f8c
t1,pbmpg2a,user_b5b41b855a
t1,pbms7r8,user_afd5678fd3
t1,pbmuq7u,user_515f975d44
t1,pbmvrvl,user_259ddb8f8f
t1,pbmvwg0,user_315c5ad43d
t1,pbmyktb,user_63b5495c33
t1,pbmzr9t,user_196a23269c
t1,pbn56ci,user_4d4aa24a0c
t1,pbn88bm,user_e419530731
t1,pbnab7y,user_d1d3262180
t1,pbnazd3,user_1017ce6ee4
t1,pbnbw9h,user_b05f6d5e4a
t1,pbndnfz,user_1eee8d8911
t1,pbng0i5,user_afa2c28d56
t1,pbngzxe,user_2324620a6a
t1,pbni0xr,user_c273db3f8a
t1,pbnimqy,user_0490713ced
t1,pbnkjqg,user_04ca8dfd09
t1,pbnkxcx,user_9402e8bdd7
t1,pbnm38z,user_dfae7bed0a
t1,pbnmm0e,user_0490713ced
t1,pbnmrys,user_eb8856808a
t1,pbnpqh2,user_7ce293a567
t1,pbnqf6m,user_749c100c34
t1,pbnqy89,user_f81fa5c824
t1,pbnrh67,user_9f45ba1fd3
t1,pbnru5c,user_82e54c9684
t1,pbnrz2g,user_cc5626018a
t1,pbns7fg,user_f5db62959a
t1,pbnspy7,user_d36990c2cf
t1,pbnsqjt,user_eb8856808a
t1,pbnssb6,user_5f3cb70651
t1,pbnsva7,user_eb8856808a
t1,pbnt87o,user_9a1c285879
t1,pbntcna,user_9ab1ddb1ec
t1,pbntdqd,user_815cb139aa
t1,pbnu75k,user_c5f5cb9b77
t1,pbnup46,user_0fb91b8347
t1,pbnvc6x,user_ae206499e4
t1,pbnw3v1,user_142662b035
t1,pbnwbca,user_86b4cf02d0
t1,pbnxowq,user_d490633919
t1,pbnxpdu,user_8fc4c028bf
t1,pbnxprb,user_749c100c34
t1,pbny2uo,user_ae505d22aa
t1,pbnz1te,user_c71dc2c80e
t1,pbnz65s,user_bf4fb8bb39
t1,pbnzf78,user_65dbc8af26
t1,pbo0jvz,user_681cffb916
t1,pbo1ppo,user_c71dc2c80e
t1,pbo1ss1,user_a2f0411932
t1,pbo1t6z,user_963406c988
t1,pbo1zc4,user_503e3018c8
t1,pbo2fuf,user_23c2cb4745
t1,pbo2ja3,user_c3e8bc40fe
t1,pbo2jgz,user_21f24f76b9
t1,pbo2tpa,user_fea9eeb5e0
t1,pbo2xio,user_c71dc2c80e
t1,pbo2xy8,user_9912cf8bf1
t1,pbo6bdw,user_e1b631b9b2
t1,pbo7uip,user_21fa7d0ee3
t1,pboajzu,user_9bd3bdbae3
t1,pboc6fn,user_79610acee7
t1,pboel2v,user_c102c0760e
t1,pbof8j2,user_8ca5990290
t1,pbog58j,user_ada56020fa
t1,pbojtpc,user_531fe9d62a
t1,pbolk99,user_dc9eb75d4d
t1,pboo4vg,user_79ce0347d0
t1,pboqm4k,user_7748a356f6
t1,pbor737,user_beb17c0cd9
t1,pbotlco,user_1b74120305
t1,pboud4x,user_5bb0c3b16a
t1,pbp04ey,user_14f5713dda
t1,pbp310n,user_0ab2dbab31
t1,pbp50ar,user_d9be43736c
t1,pbp5k55,user_bf4fb8bb39
t1,pbp78ro,user_06d6cc2cc7
t1,pbp78u5,user_f6a6a49ca4
t1,pbp7eta,user_35df29d5f7
t1,pbp7l88,user_9766f8171e
t1,pbp7ql4,user_975faea40a
t1,pbp8hw9,user_a047907186
t1,pbp8pgc,user_7ae43dfaf7
t1,pbp9ria,user_9aafce13eb
t1,pbp9sax,user_a26987d005
t1,pbpb0vv,user_6683842d2c
t1,pbpb5cm,user_66bea7e08a
t1,pbpbczb,user_0490713ced
t1,pbpchp9,user_0a4fab40a2
t1,pbpdzlj,user_25e8325dcf
t1,pbpe16h,user_0d30be44a8
t1,pbpe7xy,user_62dcb430f1
t1,pbpe9nu,user_0490713ced
t1,pbpecvq,user_7c27405d6c
t1,pbpewi2,user_84ce29da9e
t1,pbpf1q6,user_6fbcd447a8
t1,pbpf6oe,user_074fefb62d
t1,pbpfiu6,user_8522ec509f
t1,pbpg21c,user_8dad200945
t1,pbpgy98,user_4460dab7dd
t1,pbph6ea,user_9aafce13eb
t1,pbpia21,user_6837ac798c
t1,pbpj0do,user_5ac46374c6
t1,pbpj91z,user_fd90226b8f
t1,pbpjjfe,user_0a404159f1
t1,pbpjkuy,user_8f4d81a6d4
t1,pbpjoli,user_fd048962c2
t1,pbpk44m,user_0f1ca38ac5
t1,pbpm65h,user_a591c4e297
t1,pbpmdxv,user_ab12a0a4b2
t1,pbpme2m,user_8f4d81a6d4
t1,pbpmjuj,user_04ed4d4bb3
t1,pbpx5eq,user_15d9d2ae81
t1,pbpxjby,user_fc646decee
t1,pbpxux3,user_a0469e38ed
t1,pbpzoyw,user_1d90931d07
t1,pbpzw8t,user_ea6ef2d0be
t1,pbq0dyu,user_3b087829e6
t1,pbq54os,user_e57e6a2cfc
t1,pbq5bcz,user_f25b0ec896
t1,pbq8j9f,user_6fbcd447a8
t1,pbq9lzm,user_25171d851c
t1,pbqao2w,user_f504d83b28
t1,pbqc6ju,user_8a7a528c86
t1,pbqe36o,user_c7d294f03e
t1,pbqgpvx,user_433264da78
t1,pbqi12f,user_4d9333aabb
t1,pbqiuzd,user_48f16ce9e8
t1,pbqjp2p,user_3a13012a44
t1,pbqjs8d,user_87a33b48b7
t1,pbqogj7,user_9c784b231b
t1,pbqowp4,user_267ec2112d
t1,pbqq3sd,user_25969c32c5
t1,pbqqcpq,user_75d7d46ded
t1,pbqr0gt,user_ff0239a288
t1,pbqr93f,user_1eab793fb7
t1,pbqtiwa,user_e1f0ac9cbc
t1,pbqttdr,user_e78c11282f
t1,pbquev4,user_44b95e84f6
t1,pbqvbbx,user_bdfd0bf3b2
t1,pbqvj05,user_28a72e1678
t1,pbqvzdm,user_edcc27f0d6
t1,pbqyasb,user_4d3fc36d6a
t1,pbqydoa,user_585fe3fdbd
t1,pbqygd1,user_72bd2e290d
t1,pbqyihy,user_c0db23d1d8
t1,pbqyjo0,user_a0469e38ed
t1,pbr2u0d,user_d60873ba68
t1,pbr3zxa,user_d60873ba68
t1,pbr7phi,user_1b23c6fb6d
t1,pbr9kr6,user_bdb6778dc6
t1,pbras0e,user_be2aa59421
t1,pbrfa0c,user_b1b14fea27
t1,pbrhud8,user_716f0643e4
t1,pbrkbcj,user_d3478de4a0
t1,pbrpdzi,user_e597d9cdba
t1,pbrqxp4,user_a1b05296dc
t1,pbrrh48,user_cb4e3ea06a
t1,pbrsv4f,user_2ca628c49e
t1,pbrtcay,user_40db45ee7e
t1,pbrtdej,user_898f94ac72
t1,pbrwim0,user_a0866e983b
t1,pbrwrg7,user_b397429c0f
t1,pbry1dt,user_c5eff9d083
t1,pbry1n9,user_5b576341bc
t1,pbry42t,user_4b0d8cb6e9
t1,pbryee1,user_c8f3080b23
t1,pbryl23,user_7ea461d01e
t1,pbrypi2,user_8d6baa5871
t1,pbryxmb,user_e52213d7e1
t1,pbrzfor,user_cce84a80b1
t1,pbrzyo3,user_5650e41a0e
t1,pbs02th,user_6c753e9a02
t1,pbs0g18,user_b8ca78dd98
t1,pbs3gkc,user_c15b09fd0a
t1,pbs5no2,user_7c1a70b0b0
t1,pbs6p1s,user_f87bba3661
t1,pbs7iy2,user_3d805edd35
t1,pbs7pvs,user_9e803e5fed
t1,pbs7qb7,user_4600298c8c
t1,pbs8pps,user_e1c2b4bfcc
t1,pbs8uuv,user_cc44a414d4
t1,pbs94cy,user_d405b8761c
t1,pbsbjlo,user_1dee45a86e
t1,pbsbyvw,user_35229cf3cc
t1,pbsc1q1,user_eb350acd4d
t1,pbseopa,user_6c427e98c1
t1,pbsf0tp,user_158869640b
t1,pbsg88o,user_ee767df1db
t1,pbsi4s2,user_7d91637fe2
t1,pbsiewi,user_23ec49ee88
t1,pbsj7we,user_9753bfbc99
t1,pbsjr2b,user_c469a837a0
t1,pbskx68,user_0bd4e242c5
t1,pbslu7g,user_7f7c93ad85
t1,pbsmiyn,user_e1c2b4bfcc
t1,pbsn4yb,user_eb0d6f13e3
t1,pbsocxz,user_7acf8e0b84
t1,pbspaon,user_41c44c0ff4
t1,pbsqbgd,user_3bc5c3543c
t1,pbsqg1j,user_8c2ef27cf7
t1,pbsqlwu,user_4b4533e878
t1,pbsu3la,user_c431506271
t1,pbsv8zr,user_250378a51a
t1,pbsvf8g,user_7ea461d01e
t1,pbsvrdm,user_5a19fd370b
t1,pbsw3c9,user_e732ff6185
t1,pbsw5go,user_1128af7822
t1,pbswk86,user_0cd678edf9
t1,pbswwsy,user_b6788af815
t1,pbsxany,user_cdb830b220
t1,pbsxeh8,user_0f902a7297
t1,pbsxu9x,user_b8a841afae
t1,pbsxwmv,user_e2ffc6f5a6
t1,pbsy12r,user_00df155a69
t1,pbsz4cf,user_8be56d5edd
t1,pbszytj,user_ed7fb248fd
t1,pbt00zl,user_d60873ba68
t1,pbt09sj,user_6f5136555c
t1,pbt0fz5,user_7c27405d6c
t1,pbt0rx3,user_f6cb9b2251
t1,pbt10d6,user_53c6f95bfa
t1,pbt11k9,user_dd1856f383
t1,pbt14lb,user_f64ff7d029
t1,pbt1d11,user_433aaea094
t1,pbt1l6o,user_fd048962c2
t1,pbtagw2,user_587d0e9f20
t1,pbtcapy,user_4cadf34a08
t1,pbtcee8,user_f2353b6ae3
t1,pbte8th,user_230814c645
t1,pbtejaq,user_1209dc41fd
t1,pbtg5ty,user_10d7de7333
t1,pbth8ps,user_66bea7e08a
t1,pbthuza,user_13beec48ab
t1,pbtiowz,user_c812152be4
t1,pbtjfgw,user_6910acf063
t1,pbtjvvi,user_6e8d04420f
t1,pbtnwqa,user_ab11d8680b
t1,pbtpbmt,user_9ab7f09758
t1,pbtrymy,user_1ece455ce0
t1,pbts8xt,user_655eeb3eaa
t1,pbtt8ai,user_cacc72c181
t1,pbu11du,user_43bf4f466c
t1,pbu21d0,user_8a060df313
t1,pbu232b,user_52c8285177
t1,pbu2aey,user_0aebaa41db
t1,pbu3hzc,user_28a994fd06
t1,pbu4bvk,user_8acd70c275
t1,pbu6v3w,user_7ca2aff12f
t1,pbu7a1k,user_c5f5cb9b77
t1,pbu7ps9,user_324782e8d1
t1,pbu7z97,user_bda46cc0ab
t1,pbu91nn,user_ed758a892b
t1,pbu9n5a,user_bd8a24e60e
t1,pbu9skd,user_79711c5d15
t1,pbuafxo,user_9315c8eb95
t1,pbuat4h,user_f1e0f57ea4
t1,pbuc65k,user_bf6f7cb606
t1,pbuefbw,user_c273db3f8a
t1,pbufkxy,user_e2ff11addd
t1,pbuglex,user_c2e868d706
t1,pbuj3ie,user_04b1d3c61d
t1,pbujbjx,user_0781edab50
t1,pbujj49,user_be45921ffa
t1,pbuk4pq,user_be45921ffa
t1,pbulik6,user_9d80a25e37
t1,pbun20v,user_cccff3d08e
t1,pbuppe7,user_eb8856808a
t1,pbusweu,user_1f80b64409
t1,pbut4n8,user_3c353d9a18
t1,pbut8nk,user_92f6b2c356
t1,pbutdjg,user_177b8c57d1
t1,pbutprf,user_df7b305b86
t1,pbuu0rz,user_5df781e228
t1,pbuv47f,user_5056171117
t1,pbuvqux,user_79356fb362
t1,pbuw6nu,user_0578c414b0
t1,pbux0mz,user_d30c8eab00
t1,pbuyr73,user_6a351ad302
t1,pbuyyr2,user_73309f228e
t1,pbuz8ep,user_3378c0f30c
t1,pbuzq5m,user_f08c93c97b
t1,pbv13n2,user_f1d817b966
t1,pbv20yi,user_bab772f53d
t1,pbv246g,user_a8a59d0699
t1,pbv299q,user_1341724c04
t1,pbv2fgq,user_172339a305
t1,pbv33f8,user_52c8285177
t1,pbv3d8w,user_86653577e1
t1,pbv3e35,user_42a10e8814
t1,pbv3f9m,user_4ec37106f0
t1,pbv4hv6,user_749c100c34
t1,pbv5htp,user_d9c2f1d226
t1,pbv60p1,user_c1cc6e642b
t1,pbv8e7k,user_995546fd2c
t1,pbv8ki2,user_0746c9fb19
t1,pbv8t1m,user_47e142c64b
t1,pbv8u7g,user_326eb5a950
t1,pbv8zgv,user_5e3ec1c13f
t1,pbv94d8,user_305764e3eb
t1,pbv979t,user_a8f9552d6d
t1,pbv9eh3,user_5e3ec1c13f
t1,pbv9pwz,user_47e142c64b
t1,pbvikjw,user_802d4663fa
t1,pbviu2r,user_3d62afa73b
t1,pbvj6qk,user_797dc3b683
t1,pbvjg77,user_6021b39498
t1,pbvjx8m,user_1da03fad69
t1,pbvmfoh,user_9144320dd3
t1,pbvn4l3,user_159325adb9
t1,pbvnta2,user_aea0a4c9c8
t1,pbvnxqn,user_66a5c29cc5
t1,pbvoz5w,user_3d848fd790
t1,pbvv0yg,user_cec9da45f6
t1,pbvxgj8,user_7f2ac59622
t1,pbvxhi8,user_9acf86a1f1
t1,pbw0rx9,user_4a7eaafb63
t1,pbw3hse,user_4f4f4e5596
t1,pbw506i,user_bfdd72cd1a
t1,pbw67hz,user_a4bac4938b
t1,pbw6t1l,user_c4ecf96d3b
t1,pbw7ear,user_676325fd7d
t1,pbw7edo,user_6625921202
t1,pbw7gj0,user_b6a232ed0c
t1,pbw8f8i,user_bbed1a0af3
t1,pbw95un,user_294ca46844
t1,pbw9x9e,user_5eb7623ff7
t1,pbwathy,user_21df6036d5
t1,pbwbn63,user_edd51f6a53
t1,pbwcjvm,user_5eb7623ff7
t1,pbwdu3a,user_cee72a67b0
t1,pbwdx8r,user_5e494d9b4f
t1,pbwe1bo,user_491f085cbb
t1,pbweh2d,user_f1aabee66d
t1,pbwf5wp,user_60f6c6230a
t1,pbwfomr,user_ef0eedc64d
t1,pbwgogv,user_bc5951c674
t1,pbwhi13,user_62b7c64c1d
t1,pbwi0rs,user_460a72544f
t1,pbwipmb,user_a77ed0e23d
t1,pbwj83h,user_8b241f67a8
t1,pbwjl2n,user_03dd888ab6
t1,pbwjz98,user_28ad3eea8e
t1,pbwl43w,user_01cc6c458d
t1,pbwmb4e,user_64d05981fb
t1,pbwmufu,user_c35cd4a1e2
t1,pbwn5sc,user_8a42402ee9
t1,pbwnatr,user_523d9f625b
t1,pbwngtl,user_efdf2a6ad0
t1,pbwobr5,user_92ad648e6b
t1,pbwogh1,user_a842fdcb44
t1,pbwoni8,user_d1802084fd
t1,pbwpdjs,user_ac3130e22f
t1,pbwpxd3,user_13d2418a22
t1,pbwrhbr,user_79f4fe6a3e
t1,pbwrub0,user_d1802084fd
t1,pbwrwov,user_a842fdcb44
t1,pbwvdkc,user_8e7d65ff80
t1,pbwvf7b,user_5dfd2e6126
t1,pbwvhma,user_7fc617cd26
t1,pbww4mw,user_0ae4e3f7ab
t1,pbwwd0w,user_393463e2c1
t1,pbwwokc,user_09fbbe2cb6
t1,pbwy50v,user_05a6dc38c0
t1,pbwy79m,user_9ec9aad1ca
t1,pbwysbh,user_ddfb82b9d5
t1,pbwyxbo,user_a842fdcb44
t1,pbx3r79,user_8d1509793b
t1,pbx4087,user_42a10e8814
t1,pbx54t9,user_50b5613474
t1,pbx73yr,user_00e982233f
t1,pbx7crp,user_e7263dd22e
t1,pbx9jmt,user_091919135d
t1,pbxaqxw,user_1301e430ec
t1,pbxd7fv,user_841b94e1c6
t1,pbxg5ry,user_7f702ec205
t1,pbxh5zi,user_eda3348138
t1,pbxhszp,user_47f3583db5
t1,pbxkb60,user_be2aa59421
t1,pbxm4hc,user_263b3096e0
t1,pbxo08t,user_3b22f6d102
t1,pbxp95u,user_949e48dfb2
t1,pbxpbsu,user_bdb6778dc6
t1,pbxs0lt,user_2ef08d488d
t1,pbxu8h8,user_ffda4de702
t1,pbxytek,user_93e75f2a72
t1,pbxyw8j,user_b5eb0eeb35
t1,pbxz9hf,user_9cf7d0264d
t1,pby09uk,user_3df4c580e8
t1,pby0t9k,user_1fd25898ef
t1,pby11d7,user_82a32e8b94
t1,pby1a2p,user_021f217ef2
t1,pby1fui,user_52b44f9e99
t1,pby2on5,user_e20aee860c
t1,pby2p5r,user_8253362515
t1,pby3xlg,user_ce492238eb
t1,pby3yan,user_b74e1c067d
t1,pby44wl,user_296aabf70d
t1,pby68yd,user_687ad82527
t1,pby6s8s,user_0543a38439
t1,pby83ov,user_5f033c7b9c
t1,pby8ja4,user_192318cc67
t1,pby9m4g,user_727dca5da8
t1,pby9w8i,user_8f9311466e
t1,pbyakqh,user_ef0c9db2fb
t1,pbyarch,user_ef0c9db2fb
t1,pbyasf7,user_2332a954f3
t1,pbyasm4,user_4568f4aae3
t1,pbyazxc,user_afd5daa87e
t1,pbygoic,user_a0bea245a8
t1,pbyh5x1,user_40ea0d88b9
t1,pbypio3,user_4f1590c041
t1,pbys5ic,user_4f4174b7cc
t1,pbys7jp,user_81451115d5
t1,pbysryy,user_dab7fc805e
t1,pbyu6zc,user_ca98d06d4e
t1,pbyv2md,user_5dadb87973
t1,pbyz14o,user_7771c086cf
t1,pbz4ji9,user_54ec63b81c
t1,pbz62av,user_06f6574a1b
t1,pbz6xpz,user_d2d652b9d6
t1,pbz7wyv,user_057be5441d
t1,pbzf4lt,user_5eb7623ff7
t1,pbzh1hu,user_afd5678fd3
t1,pbzkn2e,user_c81ff57bb2
t1,pbzmf5y,user_447844bca8
t1,pbzmixb,user_6afce36f1a
t1,pbzo1e7,user_a906203410
t1,pbzof8q,user_e13983436c
t1,pbzon5y,user_7364768ed4
t1,pbzv8vw,user_75f193edab
t1,pbzx2ve,user_782b3aff35
t1,pbzxggu,user_45de92e527
t1,pc03sbs,user_fc95d68e18
t1,pc03w4i,user_64c835378a
t1,pc03z40,user_172d168a84
t1,pc0401c,user_9ad4f7e305
t1,pc04v9u,user_13f43c5cc8
t1,pc05i0y,user_d75c5c4691
t1,pc05rtv,user_76460b7fb4
t1,pc05xzj,user_fe4704ea55
t1,pc06upi,user_6668ef19d9
t1,pc06wc2,user_efccb2425a
t1,pc076h7,user_872e7e327e
t1,pc078i2,user_6668ef19d9
t1,pc08545,user_7bd2d78858
t1,pc095y9,user_450d58db01
t1,pc09ub1,user_87b07b0d89
t1,pc0bp9g,user_728d73d459
t1,pc0c5gq,user_ca59ccb11a
t1,pc0c73i,user_b17803dbb6
t1,pc0c9pc,user_e4544b5804
t1,pc0ceig,user_75dca48be1
t1,pc0cktv,user_4c97a683ac
t1,pc0colh,user_6a314b477e
t1,pc0cuts,user_a588fdcb60
t1,pc0cv8u,user_fe753e5087
t1,pc0dzhb,user_8de9c0cff3
t1,pc0fgtk,user_0490713ced
t1,pc0fhli,user_8d1b57050d
t1,pc0fpfg,user_b2b15a2254
t1,pc0gaxf,user_7b406e70ae
t1,pc0ghv0,user_2aeac0acb7
t1,pc0gm6p,user_54295a7f79
t1,pc0gna7,user_82af80998f
t1,pc0h5o5,user_2c34573873
t1,pc0hyg1,user_ffa386c292
t1,pc0in57,user_ecf24c6945
t1,pc0j3qr,user_4280b1883c
t1,pc0jhci,user_62a8dfcce4
t1,pc0josf,user_acc07da343
t1,pc0jp23,user_9ae2691a01
t1,pc0jwa8,user_6636f5c51a
t1,pc0jwt9,user_1bb96a1f10
t1,pc0r6dx,user_54295a7f79
t1,pc0t8b2,user_06aac407a0
t1,pc0uor2,user_b25df901d6
t1,pc0zfv3,user_21e3efaef1
t1,pc12gor,user_c5e1f65e17
t1,pc134yc,user_c2222a5957
t1,pc1555t,user_b64a95e674
t1,pc15a7f,user_6ef1b4f4ca
t1,pc15cnu,user_89dc76bfec
t1,pc1bj2u,user_8542c649c0
t1,pc1cos8,user_ca73206905
t1,pc1gxhh,user_ea001ba9be
t1,pc1gz1i,user_771ccfe47d
t1,pc1ip5h,user_8e53009a5c
t1,pc1k8rp,user_2615c1519c
t1,pc1l09v,user_d3478de4a0
t1,pc1lg8p,user_252fe80b44
t1,pc1luke,user_31de1c83f0
t1,pc1muze,user_3920cef264
t1,pc1nmdl,user_7e295b90f9
t1,pc1r7ak,user_b3f2505fc1
t1,pc1rvzs,user_e0a3aa39e2
t1,pc1tepb,user_f83d16d681
t1,pc1u33h,user_285ccf7ffa
t1,pc1v5xl,user_a1afd2f28f
t1,pc1y7xp,user_6bff667732
t1,pc1yom0,user_7809d1369c
t1,pc206o4,user_c2983d4d8a
t1,pc20d2t,user_ba41547f41
t1,pc20qqw,user_0140c50bc0
t1,pc22ggx,user_d5f53a31ef
t1,pc23nef,user_375e2c3cf5
t1,pc2473j,user_3ff3fbd58f
t1,pc24wus,user_71c42ae731
t1,pc26qk3,user_9541cc725a
t1,pc273b1,user_c1716f4baa
t1,pc27y1i,user_875b3c38b4
t1,pc28b3h,user_d03fe73c25
t1,pc28k09,user_b3895914e6
t1,pc2a4oq,user_2aa1505cfc
t1,pc2aat9,user_f09b810d58
t1,pc2bu17,user_e837010ee5
t1,pc2d0f2,user_2f434ff98b
t1,pc2dbpm,user_377f4bd7d2
t1,pc2dkkv,user_8e7e008b28
t1,pc2evp9,user_0fb91b8347
t1,pc2ewbg,user_38d6a50482
t1,pc2f2ei,user_52ba048dc6
t1,pc2fbim,user_b74e69f4cf
t1,pc2fccr,user_6967778a7b
t1,pc2fl2d,user_526ddbdc67
t1,pc2fuc3,user_0806397aaa
t1,pc2g50e,user_463f939c23
t1,pc2iijr,user_815cb139aa
t1,pc2iwy2,user_0fb91b8347
t1,pc2j4ja,user_482e544b5d
t1,pc2j8ps,user_6eb4782af2
t1,pc2kpq0,user_66c4b22c9f
t1,pc2l0nj,user_cec9da45f6
t1,pc2lf1f,user_0fb91b8347
t1,pc2m012,user_501864b116
t1,pc2mfcs,user_d457178727
t1,pc2mlbp,user_5299610113
t1,pc2n0vu,user_594c85f4a4
t1,pc2ngrc,user_a217e125d4
t1,pc2nq18,user_a6464bb774
t1,pc2vn4r,user_e133786d52
t1,pc2xrdn,user_d59304bd42
t1,pc2yiov,user_363ecf5045
t1,pc304w9,user_0e55e9b006
t1,pc314ly,user_175337ceb8
t1,pc325vj,user_e2938c1b49
t1,pc33qxk,user_dfae7bed0a
t1,pc35gri,user_e52e4d89e3
t1,pc36nsy,user_b292fb8a77
t1,pc38089,user_df4eecf848
t1,pc3azn7,user_81a8efbe9d
t1,pc3b2kp,user_69f5627520
t1,pc3bq3h,user_3e7d2fb5db
t1,pc3e336,user_1d9b5bd948
t1,pc3f123,user_ffecb97309
t1,pc3gmd7,user_e82709a970
t1,pc3gxxc,user_897186d025
t1,pc3j5h5,user_00551eef4b
t1,pc3jiek,user_fbae8a0131
t1,pc3mvgl,user_6f620397fc
t1,pc3oa2f,user_63b6542756
t1,pc3ptfa,user_ed3b3d3ad2
t1,pc3s7a3,user_dc9eb75d4d
t1,pc3s8i2,user_e72f21efee
t1,pc3scwt,user_72ffcd03a1
t1,pc3u33h,user_01eb930f57
t1,pc3um7e,user_f7de0ddb0a
t1,pc3v0xc,user_7a6c2f0bcf
t1,pc3v92i,user_08b006db6a
t1,pc3vc9v,user_ccaba890ee
t1,pc3vgdm,user_e0d3efbe11
t1,pc3w4hf,user_a91a6ee482
t1,pc3x5qr,user_5c9f40e9ed
t1,pc3xqdr,user_63b6542756
t1,pc3xt1o,user_a91a6ee482
t1,pc3xy18,user_3fc0d0f18c
t1,pc3ydy0,user_5001758eaf
t1,pc3yrd9,user_7f93fa53e5
t1,pc3z7yp,user_d631fa6cd6
t1,pc3zg2w,user_21967a7bae
t1,pc404e3,user_ec318f3d53
t1,pc40eln,user_639ea8486f
t1,pc40qvp,user_b7290fa45c
t1,pc41azy,user_fafbccd8ab
t1,pc430mw,user_9ec9aad1ca
t1,pc43ezv,user_5859c683e9
t1,pc44gz2,user_bd194d0c18
t1,pc45t7x,user_4106327d3f
t1,pc46zf6,user_2376e354c2
t1,pc473gw,user_63664a20f4
t1,pc47cjh,user_63664a20f4
t1,pc47rk7,user_3686c74473
t1,pc48jx3,user_63664a20f4
t1,pc48qfu,user_63664a20f4
t1,pc48qyk,user_1795d7b5d3
t1,pc48s2i,user_1795d7b5d3
t1,pc48v6b,user_1795d7b5d3
t1,pc4955o,user_1cae9a8b4e
t1,pc49bif,user_1795d7b5d3
t1,pc49brx,user_dbac393ac7
t1,pc49jeb,user_25b40e0d7d
t1,pc49kks,user_164bf10411
t1,pc4fsy7,user_416c7f3c21
t1,pc4i2ex,user_b227937327
t1,pc4kk49,user_1d5d778336
t1,pc4rl0u,user_06bc5519e7
t1,pc4rvmp,user_2b1d704560
t1,pc4webl,user_919ecb1481
t1,pc50iho,user_a074851852
t1,pc519s9,user_d1a13fa487
t1,pc5224l,user_e0fcf9d8f1
t1,pc5321s,user_76a56b6f30
t1,pc54whj,user_fd4312eb9d
t1,pc5566p,user_fe225f5378
t1,pc55s9e,user_6d21b51537
t1,pc56vie,user_31963d0989
t1,pc56woj,user_f52e10bc6c
t1,pc59itk,user_8d84bdf1cc
t1,pc59x52,user_906036b46e
t1,pc5bgj7,user_93010efda1
t1,pc5btvq,user_22dd57cd3d
t1,pc5c5jz,user_92e3f2f89f
t1,pc5eap4,user_f675749604
t1,pc5gcg7,user_f805748192
t1,pc5gskr,user_f8c881cbb2
t1,pc5gx4v,user_81daa305e1
t1,pc5h5rm,user_fc925848f6
t1,pc5ijy9,user_ef9ea1407b
t1,pc5qdef,user_8da589bc07
t1,pc5r7f8,user_705d2a8df9
t1,pc5sgnb,user_9b7b1da0d0
t1,pc5wzq7,user_4487d8442e
t1,pc608vg,user_3477a6cd99
t1,pc60sih,user_b3ed5f6d0b
t1,pc62jx1,user_7247b70c17
t1,pc62tvq,user_b3ed5f6d0b
t1,pc687la,user_aea0a4c9c8
t1,pc6d1mn,user_841b94e1c6
t1,pc6d8pn,user_6c31c89839
t1,pc6h0ii,user_ca77f0f879
t1,pc6h2pr,user_9d58885b80
t1,pc6kz2m,user_c8c05bdd6a
t1,pc6mx3b,user_8be3dd9683
t1,pc6ncda,user_6e1456d84b
t1,pc6pn8q,user_50201ce08e
t1,pc6pvbq,user_cd414c73ee
t1,pc6r681,user_18c3102365
t1,pc6u69w,user_89dc76bfec
t1,pc6vblg,user_16c189c01b
t1,pc6wqia,user_d2e6b4d333
t1,pc6xhd2,user_cb0a177720
t1,pc6xvsi,user_1e444b3236
t1,pc6z6a7,user_31be79dcbe
t1,pc6zioe,user_2050a75ca2
t1,pc6zo0x,user_ddc0e29236
t1,pc7324f,user_6be71ca0ce
t1,pc73a9a,user_dd584be27b
t1,pc73hhm,user_7138672f5d
t1,pc73jd5,user_fe23e9cac7
t1,pc73nr8,user_382c2dc824
t1,pc74gbr,user_75b76eab06
t1,pc75lcs,user_6837ac798c
t1,pc77hbh,user_bbc5241347
t1,pc78d63,user_e8629b3a6d
t1,pc78mdz,user_1603de610a
t1,pc79b48,user_2855b25dd0
t1,pc7a35o,user_ebd121915f
t1,pc7cqre,user_3836dad0da
t1,pc7j8pm,user_c89b64c605
t1,pc7jn6x,user_275b05505b
t1,pc7jydq,user_433aaea094
t1,pc7k1te,user_eb987921c8
t1,pc7k7nv,user_f881456a7f
t1,pc7k9iv,user_8887664fb2
t1,pc7l0mc,user_f4877b71d2
t1,pc7l1xw,user_2b5f1ff38c
t1,pc7layn,user_1d4299deb4
t1,pc7lgb9,user_a5dca02f09
t1,pc7lmf4,user_23d6572515
t1,pc7lpv1,user_fe50f4c2c6
t1,pc7lsvs,user_09faec1cb8
t1,pc7lud2,user_38254dc392
t1,pc7lurb,user_55e5150ba1
t1,pc7lwfj,user_9e5e719314
t1,pc7lz6y,user_cebd2f4a0f
t1,pc7pptr,user_18a63876c9
t1,pc7ttr2,user_1e8c44767b
t1,pc7u7b3,user_b978255090
t1,pc7umx6,user_03f4121c6f
t1,pc7v544,user_8cc7c5acd5
t1,pc7vgtc,user_be610be82a
t1,pc7vjr8,user_8c552719ce
t1,pc7z9is,user_9b6b425d69
t1,pc80b1m,user_a71746ab79
t1,pc80j4z,user_e3c4558416
t1,pc82us6,user_0ceaeefd8c
t1,pc84ch9,user_aa429c2fe9
t1,pc85d26,user_c5d8983d32
t1,pc85rlb,user_faf76a1bb2
t1,pc885k7,user_e0d3efbe11
t1,pc88qfm,user_6e9b7f2cf8
t1,pc8biny,user_949e39e4a7
t1,pc8d8mm,user_0f8b05df46
t1,pc8dc6x,user_a7541c2b2b
t1,pc8gt08,user_6055f0e2ad
t1,pc8ifd7,user_50de33108e
t1,pc8ifyd,user_27439bd9a9
t1,pc8ilge,user_50de33108e
t1,pc8ip0k,user_21fa7d0ee3
t1,pc8kvg7,user_de19a66b8c
t1,pc8l1bm,user_e7e601244f
t1,pc8lyfu,user_919d64c4b7
t1,pc8masn,user_5c24e586de
t1,pc8npal,user_bfe2f9e6eb
t1,pc8o8xz,user_b978255090
t1,pc8osnv,user_1355b135e4
t1,pc8raxl,user_bbc5241347
t1,pc8t6g2,user_9aacb4fc6d
t1,pc8tw6s,user_ddf2f19a61
t1,pc8u05d,user_0ea06756cb
t1,pc8u27x,user_804700b8c1
t1,pc8v77w,user_12bdc8c221
t1,pc8vaal,user_fe50f4c2c6
t1,pc8ve5h,user_ec7ec5a84b
t1,pc8vlj9,user_07a9e5bb57
t1,pc8vr7v,user_bb6f33f7d6
t1,pc8xt04,user_285ccf7ffa
t1,pc8y4s7,user_c4cd27831f
t1,pc8ygfz,user_7f2ac59622
t1,pc8zwft,user_7669af0045
t1,pc907mo,user_a690d43cbe
t1,pc90d87,user_897186d025
t1,pc92cil,user_0dfa44013f
t1,pc92psl,user_c273db3f8a
t1,pc93d0p,user_c273db3f8a
t1,pc93o26,user_2b4f1da654
t1,pc93r0g,user_c273db3f8a
t1,pc93ygy,user_775ecb85d5
t1,pc951wm,user_5056171117
t1,pc98n0t,user_117d34d475
t1,pc98u9a,user_156f63729c
t1,pc98yzi,user_d413d67d8a
t1,pc995vu,user_a7da9cf130
t1,pc99gcw,user_6435acf92c
t1,pc9ax5r,user_34db307c7f
t1,pc9b0jb,user_6435acf92c
t1,pc9buor,user_ba14cc9119
t1,pc9do54,user_2c12dd9690
t1,pc9e8id,user_6b49c50eee
t1,pc9fajn,user_ddf2f19a61
t1,pc9ffw3,user_bcba9ca5f3
t1,pc9g9nr,user_efa56a122d
t1,pc9hd5n,user_cebd2f4a0f
t1,pc9iep6,user_e3e730a485
t1,pc9jcc2,user_8285ce7c43
t1,pc9jcdd,user_7c2432ed57
t1,pc9jlwu,user_6dbc0b91ed
t1,pc9k59j,user_9548423ca5
t1,pc9k5la,user_a578883cf1
t1,pc9klgz,user_1977cf7c9a
t1,pc9kvf7,user_41a19dd29b
t1,pc9l3ye,user_04cec479b7
t1,pc9leio,user_47ee89d941
t1,pc9m7ci,user_40e70be616
t1,pc9mg0w,user_e0ce174615
t1,pc9mt9f,user_00c31d82d4
t1,pc9nb28,user_54206d245e
t1,pc9nzgr,user_54206d245e
t1,pc9o6zq,user_4a84b8ec74
t1,pc9o9k8,user_aa3f28b112
t1,pc9oah7,user_b3fcba0e54
t1,pc9trar,user_180cbd1101
t1,pc9twri,user_3dc53e42df
t1,pc9wd9m,user_0ceaeefd8c
t1,pc9xjnm,user_aad87cc140
t1,pc9yesr,user_6af7f44fdc
t1,pc9zeam,user_cfe936b930
t1,pca0e2u,user_117d34d475
t1,pca0lb6,user_b4628cb606
t1,pca0qfd,user_f91117cb1d
t1,pca11r2,user_0a404159f1
t1,pca16fx,user_5cba0e49d9
t1,pca1yt1,user_ff3292a099
t1,pca3ecg,user_ba14cc9119
t1,pca440d,user_0a404159f1
t1,pca5w29,user_203efb2b69
t1,pca8d7i,user_666ca317a0
t1,pca8zq0,user_24273ab600
t1,pcaa571,user_f5fbbc3ca3
t1,pcaa5e4,user_cb25ce86ad
t1,pcacd7o,user_ea427e8dcd
t1,pcaduau,user_6ce518ed92
t1,pcagrkz,user_984a427a3b
t1,pcai19g,user_312f322dc7
t1,pcaihee,user_fad8d31e4b
t1,pcaiyi7,user_55e5ad47f0
t1,pcajik4,user_a690d43cbe
t1,pcala13,user_a92627568f
t1,pcalztk,user_740773dcc0
t1,pcamfbl,user_bee0265e20
t1,pcamver,user_bf3c649255
t1,pcandh9,user_735f0f062f
t1,pcao715,user_3c2c684df5
t1,pcao9ry,user_5cde18883e
t1,pcap4h2,user_f23340d1ee
t1,pcap9rf,user_2b4f1da654
t1,pcapaut,user_07ad46d4d5
t1,pcapznr,user_b82a94198d
t1,pcaq258,user_5b765668da
t1,pcarru4,user_7cda5a193f
t1,pcaso51,user_e4954ce7ae
t1,pcatbe2,user_4c4c3b99a2
t1,pcattsh,user_231b372012
t1,pcaurv2,user_f5ea1a428a
t1,pcauwlw,user_ed3a3aa2e0
t1,pcavjq5,user_a5c568993c
t1,pcavm8z,user_d55d5e8d22
t1,pcavvl9,user_82d7cd75b8
t1,pcawau8,user_ea8bb49a2f
t1,pcay87a,user_d153486b76
t1,pcaykij,user_57861fbdfc
t1,pcaytqf,user_0490713ced
t1,pcazmh5,user_d405b8761c
t1,pcazrct,user_1d5d778336
t1,pcb0g9c,user_6efd233cc1
t1,pcb0i6d,user_3411f39029
t1,pcb27pc,user_3477a6cd99
t1,pcb2sfh,user_91cba81d96
t1,pcb34op,user_aea0a4c9c8
t1,pcb3igr,user_f08c93c97b
t1,pcb4c5p,user_67bfe6a550
t1,pcb4mmg,user_dcacd97738
t1,pcb5l1y,user_ff65956e66
t1,pcb5oyn,user_afec67f641
t1,pcb5vnj,user_fef1a7f351
t1,pcb6er2,user_1e5608e492
t1,pcb6n0y,user_ff65956e66
t1,pcb8q0h,user_6bbd7ab917
t1,pcb8vvt,user_5dadc69909
t1,pcb9e4d,user_4fed78bfa8
t1,pcbdrxf,user_180cbd1101
t1,pcbdze3,user_d153486b76
t1,pcbhpuj,user_8cf421d353
t1,pcbkiya,user_54f87e20b5
t1,pcbl0z2,user_54f87e20b5
t1,pcbl4bt,user_aea0a4c9c8
t1,pcbmpd9,user_aea0a4c9c8
t1,pcbmwu7,user_31570263e3
t1,pcbnotm,user_051d6576e0
t1,pcbpzhg,user_d3a0d573b4
t1,pcbr6km,user_8a2d6abe3b
t1,pcbrd4p,user_ffb8fba011
t1,pcbsul8,user_8407751c53
t1,pcbszn4,user_fe70f75026
t1,pcbu57p,user_52dc96576f
t1,pcbvqo8,user_cbd00645bd
t1,pcbvvbs,user_6435acf92c
t1,pcc4906,user_e0752097e8
t1,pcc5fng,user_ba14cc9119
t1,pcc5ru9,user_9b7b1da0d0
t1,pcc5snu,user_3f7cdd5c17
t1,pcc6dmf,user_79ce0347d0
t1,pcc6hhd,user_4ea55bc0ac
t1,pcc6vdu,user_7800862911
t1,pcc6zpt,user_e775070de0
t1,pcc72xl,user_3f7cdd5c17
t1,pcccuqq,user_524a120d39
t1,pccfv5m,user_e0752097e8
t1,pcch38z,user_9e30095d0e
t1,pccioh2,user_d7a46ff715
t1,pccj5lq,user_d5993eaa31
t1,pccj5mg,user_27a513b128
t1,pccr0va,user_2b762c2d37
t1,pcd5kda,user_5de0d01fb5
t1,pcd7g9f,user_5994cc86df
t1,pcd9brz,user_776f50a181
t1,pcddfz9,user_307a00f36d
t1,pcde6yk,user_fad8d31e4b
t1,pcdf9ym,user_6f17b54294
t1,pcdgbgd,user_ee2d4b15af
t1,pcdkl06,user_1b732fa4d1
t1,pcdw3m6,user_99fe824d0a
t1,pcdxccu,user_f69f15a614
t1,pcdyhhr,user_05a793148a
t1,pcdz4z6,user_eabf2b12d1
t1,pcdzfna,user_cc09e34738
t1,pce0gqm,user_588d7cbecb
t1,pce31me,user_c7d5cea84d
t1,pce3j0i,user_92ced63d7f
t1,pce3jiz,user_7d73735f13
t1,pce4cqb,user_2ec98c464a
t1,pce5ska,user_ce74232ac3
t1,pce5wna,user_868a81e81c
t1,pce7oqs,user_7146265d8c
t1,pce8bjy,user_64b56c7fde
t1,pce9kgr,user_ddcdb171f1
t1,pce9nxg,user_34e8e58168
t1,pce9snl,user_e452b6495d
t1,pcea2qv,user_2dc084ad54
t1,pcea4vp,user_4e8f7837c6
t1,pcead8m,user_9269fbf496
t1,pceaftn,user_00ecb18bbb
t1,pceamyl,user_d5324aec0c
t1,pceauyl,user_0490713ced
t1,pcebclg,user_a475146448
t1,pceclde,user_fed46c45d6
t1,pcee9t0,user_72ffeac194
t1,pceenir,user_6db5b7dc06
t1,pceerut,user_2f42a576db
t1,pcefc1o,user_e3e730a485
t1,pcefhh3,user_132213b11c
t1,pcefqtz,user_ffccc9c324
t1,pceg3a4,user_1150ce55e9
t1,pceg7ac,user_f21e2a2b5c
t1,pcegcid,user_7500f8247c
t1,pcegfpr,user_37c37923ae
t1,pcegglu,user_a2cd92ea01
t1,pcegozy,user_4058fb09d7
t1,pcegsim,user_8a42402ee9
t1,pcegxxb,user_075b374a1c
t1,pcehd9o,user_43c1ed250d
t1,pceidz3,user_a560ed78d9
t1,pceii8y,user_e61da2768b
t1,pceilqf,user_4dd8d16c44
t1,pceiz26,user_3b180e1a42
t1,pcejz8k,user_9e19cf9e30
t1,pcek1r8,user_ca6a8edd27
t1,pcel17t,user_f7e092f8b4
t1,pceld1g,user_1556a47049
t1,pcem4ud,user_fbbf3d8085
t1,pcennap,user_69a628a5fa
t1,pcenwcl,user_267af24f98
t1,pceo32m,user_e6ad4b159a
t1,pcew6ah,user_7493ad380c
t1,pcezaje,user_c1894f802f
t1,pcf05lt,user_54d41068f3
t1,pcf30g1,user_0490713ced
t1,pcf35s6,user_f462fae2f5
t1,pcf8oz6,user_8274cac22b
t1,pcfbh97,user_e3bb3df3b8
t1,pcfe0j4,user_3222dc614c
t1,pcfeduc,user_778ed99d17
t1,pcfgecs,user_668a98b99b
t1,pcfi326,user_13690e1579
t1,pcflr7k,user_df44f10f6a
t1,pcfpdzj,user_559461ca01
t1,pcft2qd,user_0b399f04b2
t1,pcfthgh,user_b0a4482cb3
t1,pcftn1p,user_0f006e8bf8
t1,pcfvnj3,user_26d8057e97
t1,pcfxcu4,user_0b399f04b2
t1,pcfzi44,user_15b80373e1
t1,pcg1ddq,user_7e3b14563c
t1,pcg1q1s,user_fa9a51ad13
t1,pcg2104,user_2512b39ed7
t1,pcg3u0z,user_aa5fed8a62
t1,pcg4sqr,user_a2430e51d4
t1,pcg6g7d,user_f1b67ceebc
t1,pcg6ivt,user_cc1a861d84
t1,pcg6vvz,user_f4616956c7
t1,pcg6xln,user_dc2c071d5e
t1,pcg7ajx,user_d92f057a2e
t1,pcg7psl,user_d55545bd1c
t1,pcg7s30,user_67def57f9e
t1,pcg7xee,user_4005aebc5b
t1,pcg8pvz,user_a1898945d8
t1,pcg9t4r,user_40e70be616
t1,pcgad3y,user_5831dcabf0
t1,pcgb85j,user_ab2ceb24d6
t1,pcgc3ya,user_2512b39ed7
t1,pcgdfz8,user_a138ecf727
t1,pcgejx4,user_b9360e5bec
t1,pcgfhp2,user_15b80373e1
t1,pcgjl60,user_e6ad4b159a
t1,pcglsmn,user_fb3abef451
t1,pcglxpj,user_f7441c617a
t1,pcglyj1,user_39dff07239
t1,pcgm3ta,user_d3299a233d
t1,pcgmqn5,user_3c1370f7e1
t1,pcgnft3,user_fda15dd6a1
t1,pcgo0e5,user_9695b6df03
t1,pcgo2ee,user_9695b6df03
t1,pcgonv5,user_4ea17129ba
t1,pcgpa3k,user_c092cece78
t1,pcgpmop,user_9e70491be3
t1,pcgqqwc,user_1bb4449d14
t1,pcgqryh,user_145bd76796
t1,pcgr1yc,user_c9553eab2d
t1,pcgtji8,user_986e27ef3c
t1,pcgu2er,user_ac75f54f49
t1,pcguded,user_021f8198c1
t1,pcguh7t,user_48fdcf70b6
t1,pcgvx08,user_e2fa36a416
t1,pcgw73j,user_b5e40b5b94
t1,pcgwc0z,user_a701fc5ad2
t1,pcgwk9a,user_a701fc5ad2
t1,pcgwt5b,user_f45ffd4ba5
t1,pcgwt6s,user_58693a82d8
t1,pcgwxq6,user_00ecb18bbb
t1,pcgx9il,user_7c27405d6c
t1,pcgx9im,user_0a404159f1
t1,pcgxr3d,user_5859c683e9
t1,pcgy84t,user_6604e43ffd
t1,pcgy8h8,user_c7410c7696
t1,pch04q5,user_8cd186a750
t1,pch0dd4,user_5554ee0988
t1,pch0jn9,user_995546fd2c
t1,pch0xfj,user_dcf273020e
t1,pch1c2a,user_a742edfeeb
t1,pch92qc,user_a703c70bc5
t1,pchfsgc,user_552ced7865
t1,pchg693,user_8a4416135d
t1,pchg980,user_82521493f1
t1,pchjtap,user_9c47a32643
t1,pchjxub,user_27e605d543
t1,pchrbo1,user_9c47a32643
t1,pchrm2n,user_09fbbe2cb6
t1,pchrxxn,user_1bbcf5cbe0
t1,pchry51,user_a2ba72aa54
t1,pchs2gt,user_faf4e1d911
t1,pchsaup,user_545dfb8e9d
t1,pchsr7n,user_ca022e0892
t1,pchtsps,user_fc925848f6
t1,pchtt0a,user_813f430edc
t1,pchuv11,user_4133a00d0c
t1,pchuw62,user_903adac3a0
t1,pchv42h,user_974c0d658d
t1,pchxfsv,user_6855928387
t1,pchxgg7,user_2e4c9b029b
t1,pchyhlh,user_6855928387
t1,pchz05h,user_4435ab8cca
t1,pchzb2i,user_c4dc1a9f3b
t1,pci1qj4,user_0d3a821799
t1,pci1wob,user_3114cb5c5e
t1,pci1y52,user_cef091dd73
t1,pci2myf,user_032faf521a
t1,pci31fm,user_032faf521a
t1,pci5lhq,user_0d3a821799
t1,pci5qo9,user_9e67a1309f
t1,pci5z6j,user_71c42ae731
t1,pci64eu,user_feb2b3ffa0
t1,pci6s1x,user_44f3995bc8
t1,pci7202,user_2573384390
t1,pci74ws,user_19b3b8f115
t1,pci80d4,user_6ce128a0b2
t1,pci83g7,user_19b3b8f115
t1,pci97f4,user_77445d1d44
t1,pci9f8j,user_33a83cdae8
t1,pcia9kg,user_5a02fbb148
t1,pcib0ak,user_fd676e3022
t1,pcib7r7,user_b200d5c279
t1,pcib89l,user_9806791f05
t1,pcibmmp,user_60ade6a727
t1,pcid9sd,user_5d834e1a50
t1,pcidgpp,user_f08c93c97b
t1,pcidjp2,user_955eab8f24
t1,pciduam,user_63b5495c33
t1,pcie052,user_176eb343aa
t1,pcie72y,user_0a1ce8e842
t1,pcietbz,user_fe1a720cde
t1,pcifxxk,user_13ebd72911
t1,pcig1uk,user_550f17e4d9
t1,pcigx2f,user_bf4fb8bb39
t1,pcih4qx,user_e6040fcb1c
t1,pcih9o0,user_ba14cc9119
t1,pcihakd,user_63b5495c33
t1,pcihtbv,user_3f7cdd5c17
t1,pcii12v,user_dbfd394abd
t1,pciieyr,user_70f22574f3
t1,pcij8hv,user_ba1e101ec5
t1,pcij8pu,user_dbfd394abd
t1,pcijv20,user_2ead1115c7
t1,pcik2wc,user_e2480fe47b
t1,pcik9vy,user_77445d1d44
t1,pciklas,user_60553a495d
t1,pcikm9d,user_25a2079ce5
t1,pcikz6x,user_be610be82a
t1,pcimd6a,user_0362f38a59
t1,pcimuo2,user_7d44dce609
t1,pcin2so,user_1230dc5798
t1,pcinvya,user_93c3c22cdc
t1,pciut16,user_7485a4b4eb
t1,pciw5lm,user_a30f7057dc
t1,pcj03n7,user_8c62211876
t1,pcj06h7,user_08960aaf72
t1,pcj0gcs,user_ebd9891ac9
t1,pcj5lbu,user_006addd59a
t1,pcj5px2,user_d8e42d3dc0
t1,pcj601r,user_bc26e72687
t1,pcj6smi,user_3f7cdd5c17
t1,pcj7d08,user_fb5bf9c18b
t1,pcjahlh,user_036f3bd28e
t1,pcjazdr,user_6772908bb3
t1,pcjfkvt,user_60c6bc1f5c
t1,pcjgcl9,user_36f2df4ea5
t1,pcjhivj,user_0f12ad28ef
t1,pcjhqby,user_fd36852745
t1,pcjhv6b,user_9cc112fb4a
t1,pcjiw5y,user_2d7e03a206
t1,pcjj0vg,user_c1716f4baa
t1,pcjjdef,user_c85b89b940
t1,pcjli7z,user_b5d0572245
t1,pcjpd3r,user_401dd142e5
t1,pcjple9,user_cc5fc554fb
t1,pcjptft,user_50e96a809e
t1,pcjpyg7,user_ddf41ec4f8
t1,pcjqxhc,user_fb53cb82f7
t1,pcjr4a1,user_8b0619cfd8
t1,pcjvn19,user_70e983b7d1
t1,pcjy5lf,user_192318cc67
t1,pcjykm6,user_c3e97735c9
t1,pcjzo9z,user_fc3e090e15
t1,pck01ob,user_209c8bdffb
t1,pck05je,user_e02b4e356b
t1,pck0m1h,user_b6686f2570
t1,pck7n1x,user_790b7ca936
t1,pck8ky8,user_be648cba3a
t1,pckayvn,user_98c75e8293
t1,pckhx5n,user_e20d7b402c
t1,pckiiox,user_6433eaf00c
t1,pckkf6c,user_63b5495c33
t1,pcknzuq,user_20be42658b
t1,pckoivw,user_8828c59c0c
t1,pckqdhp,user_c394fb1623
t1,pcksh38,user_cbec0a4e71
t1,pckvijx,user_162ae5b88c
t1,pckxxpg,user_238eeb3d9d
t1,pcl0bdj,user_7a42b313f2
t1,pcl5r2f,user_a7a72f083e
t1,pcl6wvs,user_8ff1ec7e1d
t1,pclarxh,user_6a3aab8e74
t1,pcld6kx,user_32341e3817
t1,pclezhr,user_8ea4521e89
t1,pcljv3j,user_d3159d6720
t1,pcln94x,user_30d837b1a9
t1,pcln9r8,user_5cb244166f
t1,pclndhl,user_6a8db55ee9
t1,pclnjes,user_2d0278d729
t1,pcloedi,user_09fbbe2cb6
t1,pclor5j,user_9c942e4e0c
t1,pclq63f,user_44ef80d4a3
t1,pclr8ok,user_9a78146e23
t1,pclrqqb,user_cdf5e84602
t1,pclrupr,user_228b659d43
t1,pclt10b,user_ade678c293
t1,pcltz89,user_5104056974
t1,pclvdcj,user_815f37222f
t1,pclvihw,user_5d6efbc002
t1,pclw0mk,user_c10cb90d1f
t1,pclw8vc,user_14fffd530f
t1,pclwbcu,user_5104056974
t1,pclwhm4,user_351a734afc
t1,pclwlk6,user_f0ec4642e0
t1,pclwvuq,user_176cb85056
t1,pclx1xo,user_c10cb90d1f
t1,pclx92j,user_73032dac39
t1,pclxdjk,user_a99640c79a
t1,pclxf72,user_a99640c79a
t1,pclxzwe,user_db3b1b7410
t1,pcly908,user_5104056974
t1,pclyh57,user_2d34810d91
t1,pcm0a0g,user_97a63ffad5
t1,pcm0f8h,user_28f00e3cb7
t1,pcm1fsp,user_5f335fc674
t1,pcm1i10,user_8ffc403f1a
t1,pcm1tuz,user_4204eb7f0b
t1,pcm1ww2,user_d13dbfeaf9
t1,pcm25iv,user_da15bbf086
t1,pcm2met,user_169e177ab7
t1,pcm2oey,user_b210c4c402
t1,pcm33hx,user_de60c34c1c
t1,pcm3oio,user_177b8c57d1
t1,pcm4zl0,user_921b3ec0f1
t1,pcm51ag,user_7cf7163831
t1,pcm59gd,user_5104056974
t1,pcm6m8x,user_5433ecf49a
t1,pcm7f3y,user_44b4deed5e
t1,pcm7foz,user_957e81058f
t1,pcm7l8c,user_5a6307031a
t1,pcm81qy,user_a99640c79a
t1,pcm88vh,user_91e777e3bf
t1,pcm8op5,user_ae7ac4e352
t1,pcm8vcb,user_ab85b7442e
t1,pcm8wwt,user_5104056974
t1,pcm8xqx,user_ae1f7bb2a3
t1,pcm961d,user_50ad7391b5
t1,pcm9l9m,user_4568f4aae3
t1,pcm9tig,user_4568f4aae3
t1,pcma8g7,user_11d325e248
t1,pcmb6i6,user_ec5fa63c3a
t1,pcmbhu5,user_4bf0e23fc8
t1,pcmc5iv,user_82e679a80a
t1,pcmckdx,user_48c24363b1
t1,pcmd2ql,user_fba223c43d
t1,pcmdmlk,user_f85525219e
t1,pcme0lr,user_002ed02a94
t1,pcme1s6,user_a0b480ac2a
t1,pcmli04,user_87fc99dbef
t1,pcmlj2m,user_2b5f1ff38c
t1,pcmlj40,user_993f78a3e7
t1,pcmmvjc,user_56f163167d
t1,pcmp5vh,user_1f12e1b39c
t1,pcmp9nj,user_82a8a2a0dd
t1,pcmq1a0,user_77779a38dd
t1,pcmt2rc,user_1d4c51b595
t1,pcmu3oa,user_abc6865ec8
t1,pcmvjcv,user_975faea40a
t1,pcmvmdv,user_45baff6357
t1,pcmzzlb,user_fc43452683
t1,pcmzzt0,user_60c87b0a6d
t1,pcn3f3v,user_97be89bb4f
t1,pcn5vvs,user_89e6676854
t1,pcn60xm,user_5133d462d1
t1,pcn7o4e,user_85a027dc62
t1,pcn82ha,user_de9d2a426d
t1,pcn880t,user_3903616add
t1,pcn8dpz,user_48a6a2b656
t1,pcn98fg,user_6db5b7dc06
t1,pcnagl1,user_92708e2d58
t1,pcnam9a,user_f08c93c97b
t1,pcndifs,user_7ea461d01e
t1,pcnhcwu,user_06f212455a
t1,pcno4fx,user_e9feab075f
t1,pcnpfn2,user_91f0e803a3
t1,pcnpxzf,user_2a442d4c81
t1,pcnrwa8,user_026d400c91
t1,pcnsu4m,user_3a1dba3297
t1,pcntn5e,user_c3a37468a2
t1,pcntxtp,user_85fe9a31ab
t1,pcnv7gm,user_d96563183a
t1,pcnvqxs,user_f66559d562
t1,pcnxu4h,user_7ef5b1b1cb
t1,pcny627,user_7ef5b1b1cb
t1,pcnyo9d,user_5d00f479df
t1,pcnyx7h,user_c273db3f8a
t1,pcnzrku,user_bff24ad09c
t1,pco0o27,user_c273db3f8a
t1,pco0trc,user_ef2cc9625b
t1,pco3pt7,user_4600298c8c
t1,pco4sw5,user_e963b4da01
t1,pco50bg,user_6158963b78
t1,pco5s5n,user_c46d044155
t1,pco7y6n,user_9548423ca5
t1,pco82bk,user_e0d9ae3a26
t1,pco8hav,user_7e295b90f9
t1,pco8i8k,user_f0c586b655
t1,pco9shg,user_e14aa10386
t1,pcobn10,user_ebd9891ac9
t1,pcod9mo,user_8b50ad46fa
t1,pcoeh3a,user_924fb09b84
t1,pcoey3m,user_903adac3a0
t1,pcoezz9,user_815cb139aa
t1,pcofa6g,user_95ab32187b
t1,pcofeae,user_dfae7bed0a
t1,pcoflgr,user_9664934f28
t1,pcogiim,user_c12e455297
t1,pcogs0s,user_9ddeb74b2c
t1,pcohe9q,user_9388c9555b
t1,pcohsa7,user_033c5a6711
t1,pcolubw,user_4568f4aae3
t1,pcolv4v,user_80f76246ee
t1,pcom2r2,user_b56df38d48
t1,pcom86a,user_995546fd2c
t1,pcomc65,user_bee2ba4f13
t1,pcomst7,user_a7da9cf130
t1,pcomt5z,user_156873e3bd
t1,pcomyc2,user_6e20a7a309
t1,pcon9fn,user_995546fd2c
t1,pconrqq,user_488a34f2d2
t1,pcoo3ay,user_b71f86d174
t1,pcot0b4,user_ae81598194
t1,pcov3uv,user_0bf36601d0
t1,pcoxw64,user_f8ee0a06c9
t1,pcp8aya,user_d950f9f856
t1,pcpd4b7,user_6923bd57d9
t1,pcpdpg8,user_37b81bdb52
t1,pcpeymt,user_4b6726c561
t1,pcpifga,user_68cf797086
t1,pcpo10n,user_ca6a8edd27
t1,pcpp7gm,user_81e4a8fdfd
t1,pcppkr7,user_bc0692616c
t1,pcppzvx,user_c273db3f8a
t1,pcpq7zk,user_7a68259487
t1,pcpq9m9,user_2d157bc846
t1,pcpqab9,user_d7cbcf10fc
t1,pcpr2wa,user_b9065a664b
t1,pcpsecs,user_33c258cd95
t1,pcptalp,user_a37ba1e9fc
t1,pcptlc6,user_adf66ae1aa
t1,pcpuak6,user_0806397aaa
t1,pcpujax,user_a37ba1e9fc
t1,pcpup8q,user_3166e701a7
t1,pcpveue,user_7a68259487
t1,pcpvwds,user_c6bab2e8d2
t1,pcpwgeu,user_baaffe78f2
t1,pcpwkez,user_aa56bbcf07
t1,pcpwylz,user_99fe824d0a
t1,pcpx1nh,user_622fdd1d00
t1,pcpyors,user_b397429c0f
t1,pcpznjq,user_c1941eb53e
t1,pcq0a45,user_737b4388ce
t1,pcq0sz0,user_dbfd394abd
t1,pcq1g8l,user_09fbbe2cb6
t1,pcq1ztd,user_cf138253b0
t1,pcq21qa,user_ab85b7442e
t1,pcq2efi,user_c6bab2e8d2
t1,pcq2uc0,user_4de7f39679
t1,pcq3f3b,user_b370c90613
t1,pcq46l2,user_a37ba1e9fc
t1,pcq4x7h,user_72980283a6
t1,pcq54hw,user_a37ba1e9fc
t1,pcq58zx,user_2506c4f1c5
t1,pcq59ra,user_4de7f39679
t1,pcq5ez9,user_15027386ce
t1,pcq5pkz,user_4de7f39679
t1,pcq6oe5,user_4de7f39679
t1,pcq74dr,user_0e1788ae60
t1,pcq7e5g,user_384dab0db8
t1,pcq7k6l,user_cdf5e84602
t1,pcq7p1k,user_171feb4bf7
t1,pcq7z4a,user_515f975d44
t1,pcq80og,user_c0542100a7
t1,pcqb91o,user_8f3ec07a9d
t1,pcqc856,user_901405102d
t1,pcqchdc,user_463d4b2c51
t1,pcqcp09,user_d59de6ed5d
t1,pcqoa54,user_a513750592
t1,pcqotjn,user_c0022c20f7
t1,pcqsu9u,user_820ac4955c
t1,pcqv2wo,user_5dc347ed31
t1,pcqxb8k,user_8b8dc211ec
t1,pcr30nd,user_4c0d98ca10
t1,pcr60kc,user_16c189c01b
t1,pcrbdwc,user_50ad7391b5
t1,pcrbhcn,user_4db93e6d5f
t1,pcrbmf3,user_3faeae97f5
t1,pcrbpxs,user_b9d6662ea2
t1,pcrcznn,user_bb6aa996b1
t1,pcrebia,user_08195c4bfe
t1,pcrh3z7,user_64e1b63b2a
t1,pcrh4bf,user_16c189c01b
t1,pcrhwgx,user_1c0167a67a
t1,pcri40x,user_1eb1a41d60
t1,pcri6hd,user_657efd47ec
t1,pcrk7ur,user_9dfebd0ea7
t1,pcrkc0r,user_48b9efba5a
t1,pcrl6ew,user_ac6e020c2c
t1,pcrlf6i,user_e0752097e8
t1,pcrlmcm,user_fa1f785671
t1,pcrlmcs,user_de62119e5b
t1,pcrm6zu,user_e20aee860c
t1,pcrm8ne,user_e991050c1f
t1,pcrmh8n,user_e8098fb94c
t1,pcrmvfy,user_7938cdf75a
t1,pcrnm6a,user_7c9a83f433
t1,pcrnwhg,user_1a392c70be
t1,pcroeyd,user_1a93ee8a76
t1,pcromx1,user_92f3a05eff
t1,pcrou8r,user_8703ff2a5c
t1,pcrouv2,user_ff04af8462
t1,pcrox0s,user_771107be37
t1,pcrp543,user_e67084865c
t1,pcrp6ri,user_2b91c6b4be
t1,pcrt0xi,user_76a4021334
t1,pcrttry,user_cb6dad2c24
t1,pcru0xb,user_ae70056efc
t1,pcrzcrg,user_5d20e0f09c
t1,pcs1myj,user_e311818b94
t1,pcs4h1v,user_dd1856f383
t1,pcsdc5q,user_6ed3e27018
t1,pcse7s8,user_aebf7a2185
t1,pcselx2,user_456ab1cf79
t1,pcsl34s,user_91a48b27c8
t1,pcsnk3d,user_e416d56b84
t1,pcsol3y,user_021f217ef2
t1,pcst8op,user_86fc1691b4
t1,pcsumuq,user_49bc8f6a93
t1,pct12f3,user_7b19efd4f2
t1,pct23pd,user_1017ce6ee4
t1,pct28dy,user_ed7fb248fd
t1,pct55l5,user_f2bbe11133
t1,pct5f0g,user_09ac50fef7
t1,pct6lmr,user_b6f030e1e9
t1,pct6wwx,user_e6040fcb1c
t1,pct71uh,user_9a3a5046e0
t1,pct82hm,user_058cf20fde
t1,pct89jk,user_f56fdba807
t1,pct8bgx,user_c6bab2e8d2
t1,pct9oqj,user_21e3efaef1
t1,pcta1lq,user_5937bd9f6b
t1,pcta3u4,user_abac13a866
t1,pctdjp0,user_bf6f7cb606
t1,pctdsf2,user_ebaeae7ab1
t1,pctf657,user_975faea40a
t1,pcth2nz,user_35410536b2
t1,pcth8f2,user_21e3efaef1
t1,pcthfei,user_39252264d4
t1,pcthriw,user_192e23e851
t1,pcti3cd,user_5e7032cb56
t1,pctigz3,user_975faea40a
t1,pctj0qd,user_4de7f39679
t1,pctj78v,user_c9d2ab8a2d
t1,pctlyf0,user_288d35df17
t1,pctm4xh,user_936941915f
t1,pctm7cf,user_8377f9e922
t1,pcto6qa,user_2bbd31f0d6
t1,pctprki,user_780bd7100e
t1,pctprs2,user_dfae7bed0a
t1,pctr822,user_86fc1691b4
t1,pcttj4i,user_6f45b45b92
t1,pctu7td,user_762e261438
t1,pctuctc,user_e14aa10386
t1,pctudt6,user_777a007442
t1,pctuhtc,user_f719e7f264
t1,pctulml,user_7172dd3429
t1,pctuokc,user_62ceaab31b
t1,pctv18r,user_c8b1bf5095
t1,pctv1ew,user_004614f843
t1,pctv4de,user_cb3539da9f
t1,pctv7z2,user_f52e10bc6c
t1,pctvem3,user_86633e400a
t1,pctvilf,user_98051e1efb
t1,pctvkc2,user_03f519186b
t1,pctw72q,user_551c166ef6
t1,pctw72v,user_6439a67ecf
t1,pctw73b,user_078b5275e2
t1,pctw81y,user_051558ce79
t1,pctwcz5,user_fa20f2649a
t1,pctwlka,user_6a8f2ea053
t1,pctwmco,user_bba8572636
t1,pctwww2,user_f52e10bc6c
t1,pctxfun,user_e9feab075f
t1,pctxtyn,user_0fee007a91
t1,pcty8dg,user_09fbbe2cb6
t1,pctypy4,user_26b6afc6fa
t1,pctyzrw,user_7651640e6b
t1,pctziv2,user_8377f9e922
t1,pctzjqp,user_c40a9292e4
t1,pctzkld,user_ff04af8462
t1,pcu0azu,user_c813e6e3d2
t1,pcu3yc8,user_628a4e1e6d
t1,pcu4kp8,user_72896c7752
t1,pcu60jo,user_86fc1691b4
t1,pcua5kv,user_c6446ae5b7
t1,pcuawjr,user_f8bd0e40fa
t1,pcub8nm,user_567bc9c16e
t1,pcud05v,user_480be71464
t1,pcudepf,user_81a8efbe9d
t1,pcudpqh,user_084c2aed85
t1,pcue16z,user_824affe236
t1,pcue6sf,user_de0b481972
t1,pcuemtl,user_262f0008bd
t1,pcuipmw,user_6c94d19c08
t1,pcunnze,user_4e453abcae
t1,pcuo6wf,user_6e2d0974ec
t1,pcuss8q,user_7ceeb88b67
t1,pcuu31i,user_19ed266316
t1,pcuyh07,user_075626a7e2
t1,pcv0p6e,user_a2bfbc68b1
t1,pcv57tp,user_a66be677eb
t1,pcv9755,user_c46d044155
t1,pcva069,user_6460aa2f95
t1,pcvalef,user_0b399f04b2
t1,pcvb3vr,user_9f925425f2
t1,pcvcsp3,user_af073a479c
t1,pcvdta1,user_4b8857887c
t1,pcvfh37,user_b26db7872e
t1,pcvj4vr,user_470d12fdf5
t1,pcvk0d6,user_faf669c4d3
t1,pcvke79,user_0776233b1f
t1,pcvlkji,user_e94bfa0549
t1,pcvm0nw,user_7d786162d2
t1,pcvpjzt,user_55d87e0d92
t1,pcvplrf,user_9a9fe0b5e8
t1,pcvpq39,user_38de59bd9f
t1,pcvqdap,user_348976879d
t1,pcvqhwi,user_18cafb1e22
t1,pcvqm0l,user_c273db3f8a
t1,pcvsbyg,user_4c9d486904
t1,pcvskn0,user_93a25d1e30
t1,pcvt7th,user_cddaf0058a
t1,pcvuk6r,user_7fb48ef13c
t1,pcvv2vd,user_55403375a3
t1,pcvwmar,user_5d210118ec
t1,pcvxgba,user_d03b6d7016
t1,pcvylqd,user_dddc565f41
t1,pcvyvuv,user_30fb99b1f1
t1,pcvyx2u,user_ec8cdfc57f
t1,pcvzhoh,user_a3032e281e
t1,pcw0bwg,user_dcf5cddd9b
t1,pcw0lix,user_78c81d5701
t1,pcw4j98,user_8aa2d7ad76
t1,pcw4se8,user_0de955eb38
t1,pcw8kr7,user_1c9732af21
t1,pcwa4u7,user_648521c88e
t1,pcwa7yk,user_932b84f32a
t1,pcwakj7,user_70d1aedd77
t1,pcwav4b,user_a0f331644c
t1,pcwazeu,user_e20f246589
t1,pcwb06k,user_6604e43ffd
t1,pcwbs42,user_1dc4aa7fdb
t1,pcwc0f9,user_f13bdfef5b
t1,pcwcah3,user_45ebd82669
t1,pcwccj1,user_b3042b2041
t1,pcwcgtj,user_2e49565da2
t1,pcwci0r,user_63664a20f4
t1,pcwgypy,user_3b1ee305cb
t1,pcwo9g6,user_a138ecf727
t1,pcwro7p,user_0a4fab40a2
t1,pcwsi20,user_70dae283e2
t1,pcwy0oz,user_8d430eba2b
t1,pcx015l,user_c10cb90d1f
t1,pcx0z1d,user_101878db1e
t1,pcx17be,user_c1644357fa
t1,pcx1jle,user_c60522369d
t1,pcx6wb6,user_d30c8eab00
t1,pcx76i1,user_6cfb9a5bc4
t1,pcx7f32,user_7754ef6b13
t1,pcx81b1,user_7cbe1ee99c
t1,pcx8a9t,user_c9112549cf
t1,pcx9bl9,user_63664a20f4
t1,pcxcpi0,user_181dd2b1c1
t1,pcxd3ys,user_8920352d95
t1,pcxdtla,user_42b40e9dc2
t1,pcxgzq4,user_d983437d62
t1,pcxh51y,user_b149c2ed8a
t1,pcxhpz1,user_c328a5b0e7
t1,pcxhvaa,user_2e49565da2
t1,pcxij98,user_838ff78d00
t1,pcxl06i,user_7c0281179c
t1,pcxm89c,user_28ab68f9f0
t1,pcxmnve,user_ad4205a7c2
t1,pcxpyfc,user_e311818b94
t1,pcxqwmr,user_5550ed2407
t1,pcxuacb,user_cee2b62c50
t1,pcxvx9f,user_e0e077221b
t1,pcxwsv6,user_b4c9784b6d
t1,pcxxfr7,user_fa6c5327ad
t1,pcxxfse,user_4443e47b96
t1,pcxxidz,user_cb4650cb29
t1,pcxxiea,user_9dfcd5f257
t1,pcxxk2w,user_4443e47b96
t1,pcxxn37,user_077b0949d4
t1,pcxxsn8,user_c28890722d
t1,pcxxupp,user_0c8b9a2842
t1,pcxy71d,user_6e33410908
t1,pcxyfde,user_a1d91148fc
t1,pcxz3tl,user_c74bf9fddc
t1,pcxzirv,user_f239927149
t1,pcxzmff,user_b0bf92fd26
t1,pcy0k8e,user_d37dad8c71
t1,pcy7cin,user_32032a28c8
t1,pcy854u,user_b0278796ce
t1,pcya4wb,user_d27b888aa2
t1,pcybfqd,user_385a4631f8
t1,pcybmwt,user_7809a7c309
t1,pcycsqu,user_3d27004ca0
t1,pcyhojb,user_8c7db3bddc
t1,pcyitxp,user_1a4ab6d0ad
t1,pcykcl7,user_15a8614c8b
t1,pcykyc1,user_1666ef78a5
t1,pcym7up,user_5f2f46b405
t1,pcyoyrd,user_9ccb246db7
t1,pcyq0bl,user_8aa0297547
t1,pcyq9ra,user_699f9d80a3
t1,pcyrt3e,user_fa6c5327ad
t1,pcys0wf,user_794ec3c335
t1,pcys6z0,user_86fc1691b4
t1,pcyu35q,user_33d7e0faea
t1,pcyvbb1,user_c7e313326e
t1,pcyvww8,user_aaa4b0f436
t1,pcywtlx,user_50ad7391b5
t1,pcyx139,user_4b53d5500c
t1,pcyxnid,user_2403364b38
t1,pcyxpe6,user_c3578bd284
t1,pcyxsmh,user_2ee637d13d
t1,pcyyl6u,user_2f465cd2a8
t1,pcyyvo8,user_433264da78
t1,pcyzshy,user_c0022c20f7
t1,pcz008m,user_c0022c20f7
t1,pcz0zaf,user_236a7b2028
t1,pcz165y,user_374dcdd99a
t1,pcz21l1,user_02bbbab0d2
t1,pcz2lyv,user_6a1acf631f
t1,pcz31np,user_32489936eb
t1,pcz3irx,user_ad4f5f277b
t1,pcz48n1,user_13714f8b2e
t1,pcz519w,user_6095754576
t1,pcz51yc,user_f894e298f2
t1,pcz6fmy,user_7894935412
t1,pcz6lnt,user_c7aeffd94c
t1,pcz6zsr,user_384b657722
t1,pcz73fr,user_2f927e7cf6
t1,pcz7pp6,user_06d6cc2cc7
t1,pcz7vtm,user_9a10eba28e
t1,pcz83ap,user_f06f8b76d2
t1,pcz8cng,user_74a7aecc63
t1,pcz8fkv,user_e52e4d89e3
t1,pcz8s4w,user_f54b7135b1
t1,pcz9927,user_29dd42a357
t1,pcz9kxg,user_540a1cca1f
t1,pcz9p9m,user_e889db5b82
t1,pcz9v7l,user_171feb4bf7
t1,pczbw15,user_d55d5e8d22
t1,pczca8g,user_de60c34c1c
t1,pczcegl,user_5080d5fd41
t1,pczcv0x,user_4256285e96
t1,pczdwap,user_9f63d7c990
t1,pczeb8k,user_9885999422
t1,pczeita,user_9a27044c51
t1,pczeo9x,user_09fbbe2cb6
t1,pczjfvz,user_9015d1111d
t1,pczjloo,user_b4b7dc6fd4
t1,pczo5xk,user_82b9a38f0b
t1,pczucyn,user_c4db40548c
t1,pczy656,user_163db76718
t1,pd01wk6,user_4705552b8e
t1,pd0517m,user_abea50ccfe
t1,pd0aeml,user_0b2c7058b6
t1,pd0b3vo,user_78d8a4a825
t1,pd0e2sb,user_543bebcc9b
t1,pd0fqxr,user_d2cde0db13
t1,pd0fxxu,user_29afa160ce
t1,pd0hsl5,user_63664a20f4
t1,pd0lu2x,user_80760b2eff
t1,pd0ml6t,user_6fd2d51f77
t1,pd0n85m,user_57e2f677dd
t1,pd0quw3,user_687ad82527
t1,pd0sm2h,user_8e5ee8f7e1
t1,pd0ttbw,user_135a185749
t1,pd0u9h3,user_e9ac5c16e4
t1,pd0v8at,user_ba9b6b48d4
t1,pd0vgv5,user_a57cfc7358
t1,pd0vjy8,user_ed796e647a
t1,pd0vn1i,user_e0752097e8
t1,pd0x4xf,user_5bffb9d15b
t1,pd0x69q,user_557b5d26b8
t1,pd0y4vh,user_5bffb9d15b
t1,pd0yhze,user_ce36281c87
t1,pd12yv0,user_09fe665283
t1,pd16ys1,user_ae5aa310ee
t1,pd17c4o,user_988c224d3a
t1,pd18j1q,user_d73a5a35d7
t1,pd1ap6h,user_8d028aed23
t1,pd1clzt,user_948e6716a1
t1,pd1cxd0,user_4a4a3f473b
t1,pd1dhmy,user_c60b1238da
t1,pd1e5ob,user_d5ec45848b
t1,pd1fn4r,user_7247b70c17
t1,pd1gehu,user_388745e93d
t1,pd1gra4,user_93cae16343
t1,pd1h83x,user_3523268ec3
t1,pd1hfk5,user_dd46be57c7
t1,pd1i1ae,user_27557d02f5
t1,pd1i88n,user_27557d02f5
t1,pd1iauc,user_a7fed8405e
t1,pd1imjr,user_244434ed4a
t1,pd1inrn,user_7493ad380c
t1,pd1j387,user_d64325f39b
t1,pd1lby0,user_f56fdba807
t1,pd1ml8p,user_49642aa7db
t1,pd1nm4l,user_0208026ba4
t1,pd1ok9u,user_3523268ec3
t1,pd1oo14,user_e3e18ebdb3
t1,pd1p9bv,user_d9683382dc
t1,pd1pm26,user_a48075e1de
t1,pd1pows,user_08f49a3b21
t1,pd1pz8z,user_abb9960899
t1,pd1q16g,user_bbc5241347
t1,pd1uqql,user_ecc62295aa
t1,pd20j3n,user_e6fec6ff67
t1,pd21m7k,user_f22bda0f9f
t1,pd2kfp8,user_5e0b80bf68
t1,pd30uer,user_34c1a1b837
t1,pd31x1t,user_0355194a9d
t1,pd34lmx,user_c885ac9f02
t1,pd3594k,user_efc36bdf06
t1,pd3c1rt,user_0e8cd424cb
t1,pd3ekql,user_5817e8a1fc
t1,pd3etdt,user_c211f7382a
t1,pd3haxc,user_b437dec7ef
t1,pd3iwr5,user_1fccc0da63
t1,pd3jm2e,user_29b9826429
t1,pd3jtn7,user_fd36852745
t1,pd3kgqe,user_5554ee0988
t1,pd3lo6d,user_92acc89763
t1,pd3lvnm,user_3ec079ebdf
t1,pd3ly6x,user_977ef4a122
t1,pd3mt40,user_464099daa1
t1,pd3nopl,user_2833d55d5c
t1,pd3ntsz,user_a71c176cd9
t1,pd3ops5,user_a38e6fcd5b
t1,pd3pcoy,user_cfe936b930
t1,pd3pur2,user_f5db62959a
t1,pd3pv6d,user_b27576af23
t1,pd3t6lt,user_dd653d5a07
t1,pd3tp3f,user_af078de613
t1,pd3txrf,user_387fee0691
t1,pd3u92b,user_e82709a970
t1,pd3uwuy,user_92c9f71655
t1,pd3uxut,user_95938f9443
t1,pd3v1mk,user_6ac671c86c
t1,pd3v55i,user_3b549f07e1
t1,pd3v6nw,user_e15cf1c31c
t1,pd3v7mq,user_e36f1595f0
t1,pd3vb8y,user_e15cf1c31c
t1,pd3ve0o,user_5554ee0988
t1,pd3vmvt,user_fa20f2649a
t1,pd3vnok,user_434c19b1f9
t3,113sdww,user_1a1fbae360
t3,1205o69,user_7c4d8858b1
t3,12lusac,user_82800164ae
t3,14h0y31,user_7f2f029afb
t3,17vx3s7,user_076a900554
t3,1bn0cq4,user_c24249a660
t3,1c77rap,user_d6477081c1
t3,1cqy9ez,user_5a5ee8aecd
t3,1d3a35a,user_59e0c9e467
t3,1dj0um7,user_e2b321f4ca
t3,1f6jo6n,user_254b0d040e
t3,1gx6s98,user_58de60d766
t3,1klqh6o,user_abc6bf5280
t3,1l5y4b2,user_d9f329a0e4
t3,1mjervj,user_d46e209cfe
t3,1mkrbev,user_f484acdb96
t3,1mqiq3d,user_2959c82650
t3,1n03886,user_74098848cc
t3,1o5s83w,user_819a3fa8d8
t3,1q8obdq,user_d10408ba2d
t3,1qwyqqw,user_6cf646fefb
t3,1r5i40w,user_390f24840e
t3,1rawhnc,user_fc541df0e9
t3,1rmcqus,user_5c8ff165a2
t3,1sav0zk,user_e99026e3e5
t3,1sb7xhy,user_a0b0ab4b14
t3,1t3td65,user_7a8c19a476
t3,1t57s6y,user_8a4875fd70
t3,1thz3mz,user_d10408ba2d
t3,1tvf3dt,user_af078de613
t3,1tyjwds,user_09ba9e7bc7
t3,1u46eaf,user_193e87a99c
t3,1ue5vva,user_7f2b1afc0f
t3,1uexuwn,user_af078de613
t3,1ufmgxv,user_a567c41e17
t3,1ug9h6v,user_cb3dac2192
t3,1uh6bdd,user_cae73f125e
t3,1uhtlfb,user_568497e5a0
t3,1uibdj4,user_1017ce6ee4
t3,1ukyacz,user_15d9d2ae81
t3,1ulk875,user_5650c6285e
t3,1uq04so,user_5447cc5ea5
t3,1urx604,user_c5d434e769
t3,1ut1fm9,user_2f0d4e237f
t3,1uvikv5,user_a2985d2fde
t3,1ux9uvp,user_fcea96b0ea
t3,1uzcgo9,user_4e32ddc0a9
t3,1v0qjad,user_5447cc5ea5
t3,1v2755o,user_550ad4b945
t3,1v608lg,user_99ef0df3f2
t3,1v63edg,user_d2a9feaecd
t3,1v6a0fo,user_1142229885
t3,1v6rpzl,user_af078de613
t3,1v6vg5p,user_cd7135eaa6
t3,1v7dfwe,user_4316f687d0
t3,1v81gyd,user_6511be649f
t3,1v8kgpp,user_af078de613
t3,1v97zxw,user_54ffd6caa7
t3,1v9ofuf,user_171feb4bf7
t3,1vbrw4g,user_171feb4bf7
t3,1vcoq8s,user_7a8c19a476
t3,1ve77vj,user_9e3b2a809e
t3,1veqprc,user_6c31c89839
t3,1vfjy48,user_a2985d2fde
t3,1vfxo1j,user_58cc37bae1
t3,1vh3a5k,user_cef32259c8
t3,1vhxfus,user_8d2806691e
t3,1vig2pp,user_389a413b5e
t3,1vjg50k,user_15d9d2ae81
t3,1vk1qws,user_f1e0cfa77b
t3,1vk4oz1,user_33406c0e18
t3,1vkmwxk,user_7a8c19a476
t3,1vlhask,user_54ffd6caa7
t3,1vmihiw,user_a4593ef174
t3,1vmn9ya,user_304838bf23
t3,1vo8crb,user_7bd2d78858
t3,1volt2f,user_44396e836d
t3,1vp2wag,user_7bd2d78858
t3,1vpf0sm,user_065bf0a7da
t3,1vppcay,user_f52e10bc6c
t3,1vq4rza,user_177115e2a8
t3,1vqn0jx,user_4acee2bf0c
t3,1vqqvg6,user_7a8c19a476
t3,1vqyr2s,user_586c27df30
t3,1vqzk4o,user_77f8288cbf
t3,1vr1pjm,user_2b628fcd08
t3,1vrqsrn,user_a75a19abb0
t3,1vrz0vr,user_b1240335ed
t3,1vt3bbe,user_09a6e03b34
t3,1vtprg2,user_c446409104
t3,1vwtgoe,user_f83387d672
t3,1vxwied,user_0395c6d88a
t3,1vy4plk,user_c8773ab4a1
t3,1vywaia,user_09fbbe2cb6
t3,1vzemre,user_56126d54b3
t3,1vzf8gl,user_26b4c34cbf
t3,1vzq4yx,user_9b4d9938b7
t3,1w03o5j,user_9f118ba338
t3,1w08k6z,user_2329279dae
t3,1w0afn7,user_32e14f673d
t3,1w1o5n9,user_42a66941fd
t3,1w21c62,user_0761a51b76
t3,1w22o4m,user_8b17a8bc04
t3,1w2o9i1,user_fd02ca5c6f
t3,1w2z0qf,user_f781090242
t3,1w2zndj,user_598ce20ec1
t3,1w34fpt,user_84aa7d3c6f
t3,1w36vyl,user_7a8c19a476
t3,1w37swk,user_73af829f6d
t3,1w38yar,user_a55ad277d0
t3,1w3czyb,user_3ea22243aa
t3,1w3h92s,user_f6f5721949
t3,1w3iw7v,user_eb80fe4426
t3,1w3l56w,user_3738eae4e3
t3,1w3qq0n,user_c522e82c7a
t3,1w45vzo,user_9a27044c51
t3,1w47aqy,user_3411f39029
t3,1w4any7,user_7d8bf652ee
t3,1w4bxkq,user_7a8c19a476
t3,1w4elnf,user_6260c7936e
t3,1w4fqz3,user_1b2a88b5ee
t3,1w4labs,user_da40dd1400
t3,1w4lb76,user_f6f5721949
t3,1w4r26y,user_77f5c9eb48
t3,1w4rwhw,user_1a48362595
t3,1w4u1jd,user_c0fcefbb3a
t3,1w4ueo7,user_00eb2934a7
t3,1w4w2p0,user_a99640c79a
t3,1w4war5,user_5dc97d06af
t3,1w4yfq5,user_4c7a345baa
t3,1w4zlmi,user_b6180a41eb
t3,1w528w2,user_f9b096eb2e
t3,1w5928r,user_97f9f43f52
t3,1w59t74,user_76c3fc6c0e
t3,1w5bru3,user_7a8c19a476
t3,1w5dlde,user_e8aed96560
t3,1w5g7pz,user_54ffd6caa7
t3,1w5gwk3,user_fd02ca5c6f
t3,1w5hhs5,user_6c31c89839
t3,1w5jpd4,user_c8c7d89eda
t3,1w5jtsm,user_b1240335ed
t3,1w5k2cc,user_b1240335ed
t3,1w5k98c,user_b1240335ed
t3,1w5kfvy,user_9a27044c51
t3,1w5mq4p,user_d86bf16867
t3,1w5n35z,user_aa5fed8a62
t3,1w5o9t0,user_bf18c5faac
t3,1w5p3r5,user_62b5495ac0
t3,1w5p3sf,user_6c31c89839
t3,1w5pgwi,user_8da589bc07
t3,1w5qq0a,user_50383b8ee3
t3,774znu,user_68158fc5aa
t3,8r0nlk,user_f648e29376
t3,8tri0u,user_6776680997
t3,955qvh,user_ae09ca8682
t3,979w3o,user_e8b0c4f12a
t3,9agxfz,user_015aef2924
t3,9rc28g,user_4c28cf4c62
t3,atz7zo,user_f1c4212040
t3,aw26rh,user_084a0faa71
t3,bvae35,user_b7da447113
t3,cmhn14,user_915b8822e6
t3,cmxfy8,user_7eddab1a6b
t3,grkeku,user_35530e5277
t3,l8ycxg,user_5789b0a847
t3,ltzqe3,user_99ff36c6ec
t3,pctxuz,user_17a4524371
t3,puoi52,user_833514688f
t3,r372bm,user_84dac280f9
t3,rvaad3,user_332595efa6
t3,rxxvl4,user_d6ab9fad75
t3,saozar,user_9cb18bd25b
t3,szjgt1,user_428c700c8d
t3,tojii0,user_c13a54e472
t3,tyu9bd,user_b9cb222cf9
t3,uay92g,user_1355d4b36e
t3,vk3xuj,user_9726010878
t3,w4i4ai,user_e29547937e
t3,w4iezf,user_95f1887f68
t3,w6g5n0,user_254cd9e5eb
t3,wcqcva,user_385c098dae
t3,wpsvth,user_69ba94a174
t3,x66ykv,user_aa2d9294d8
