id,topic_id,topic_words
pcin5j3,4,"movie, time, man, mcu, marvel, loki, movies, doom"
pcin57k,4,"movie, time, man, mcu, marvel, loki, movies, doom"
pcin2so,4,"movie, time, man, mcu, marvel, loki, movies, doom"
pcin1fv,0,"gif, giphy, love, guy, number, op, biggest, bring"
pcin04d,3,"infinity, vision, imax, scene, scenes, saw, tva, screen"
pcimz1g,4,"movie, time, man, mcu, marvel, loki, movies, doom"
pcimyiw,4,"movie, time, man, mcu, marvel, loki, movies, doom"
pcimxre,4,"movie, time, man, mcu, marvel, loki, movies, doom"
pcimx86,0,"gif, giphy, love, guy, number, op, biggest, bring"
pcimwp2,1,"like, just, people, don, know, think, lol, did"
pcimwl8,1,"like, just, people, don, know, think, lol, did"
pcimw96,4,"movie, time, man, mcu, marvel, loki, movies, doom"
pcimuo2,1,"like, just, people, don, know, think, lol, did"
pcimoza,4,"movie, time, man, mcu, marvel, loki, movies, doom"
pcimogq,0,"gif, giphy, love, guy, number, op, biggest, bring"
pcimk8q,4,"movie, time, man, mcu, marvel, loki, movies, doom"
pcimjt5,4,"movie, time, man, mcu, marvel, loki, movies, doom"
pcimh3j,4,"movie, time, man, mcu, marvel, loki, movies, doom"
pcimfi8,1,"like, just, people, don, know, think, lol, did"
pcimd6a,4,"movie, time, man, mcu, marvel, loki, movies, doom"
pcim96o,4,"movie, time, man, mcu, marvel, loki, movies, doom"
pcim84h,1,"like, just, people, don, know, think, lol, did"
pcim7nn,1,"like, just, people, don, know, think, lol, did"
pcim6wn,4,"movie, time, man, mcu, marvel, loki, movies, doom"
pcim660,4,"movie, time, man, mcu, marvel, loki, movies, doom"
pcim65z,4,"movie, time, man, mcu, marvel, loki, movies, doom"
pcim45v,4,"movie, time, man, mcu, marvel, loki, movies, doom"
pcim2zf,1,"like, just, people, don, know, think, lol, did"
pcim2vn,1,"like, just, people, don, know, think, lol, did"
pcim2sr,1,"like, just, people, don, know, think, lol, did"
pcim2of,4,"movie, time, man, mcu, marvel, loki, movies, doom"
pcim15j,4,"movie, time, man, mcu, marvel, loki, movies, doom"
pcim05v,1,"like, just, people, don, know, think, lol, did"
pcilus8,3,"infinity, vision, imax, scene, scenes, saw, tva, screen"
pciltnr,3,"infinity, vision, imax, scene, scenes, saw, tva, screen"
pcilt55,1,"like, just, people, don, know, think, lol, did"
pcilsjl,4,"movie, time, man, mcu, marvel, loki, movies, doom"
pcilpnd,4,"movie, time, man, mcu, marvel, loki, movies, doom"
pcilp0d,4,"movie, time, man, mcu, marvel, loki, movies, doom"
pciloow,4,"movie, time, man, mcu, marvel, loki, movies, doom"
pcilnvj,3,"infinity, vision, imax, scene, scenes, saw, tva, screen"
pcillt4,0,"gif, giphy, love, guy, number, op, biggest, bring"
pcili24,1,"like, just, people, don, know, think, lol, did"
pcilh3q,1,"like, just, people, don, know, think, lol, did"
pcilfb9,4,"movie, time, man, mcu, marvel, loki, movies, doom"
pcild6o,3,"infinity, vision, imax, scene, scenes, saw, tva, screen"
pcilcot,0,"gif, giphy, love, guy, number, op, biggest, bring"
pcilclw,4,"movie, time, man, mcu, marvel, loki, movies, doom"
pcil32p,4,"movie, time, man, mcu, marvel, loki, movies, doom"
pcil1hb,1,"like, just, people, don, know, think, lol, did"
pcil18r,1,"like, just, people, don, know, think, lol, did"
pcikz1h,4,"movie, time, man, mcu, marvel, loki, movies, doom"
pciktds,2,"yes, doomsday, oh, pretty, say, comics, absolutely, better"
pcikt6c,4,"movie, time, man, mcu, marvel, loki, movies, doom"
pciksrr,2,"yes, doomsday, oh, pretty, say, comics, absolutely, better"
pcikne9,4,"movie, time, man, mcu, marvel, loki, movies, doom"
pcikmab,4,"movie, time, man, mcu, marvel, loki, movies, doom"
pciklas,1,"like, just, people, don, know, think, lol, did"
pcikl0j,4,"movie, time, man, mcu, marvel, loki, movies, doom"
pcikic0,1,"like, just, people, don, know, think, lol, did"
pcikhag,4,"movie, time, man, mcu, marvel, loki, movies, doom"
pcikfwc,4,"movie, time, man, mcu, marvel, loki, movies, doom"
pcikeu2,4,"movie, time, man, mcu, marvel, loki, movies, doom"
pcike55,1,"like, just, people, don, know, think, lol, did"
pcikc1g,3,"infinity, vision, imax, scene, scenes, saw, tva, screen"
pcikabd,1,"like, just, people, don, know, think, lol, did"
pcik9z2,1,"like, just, people, don, know, think, lol, did"
pcik92f,4,"movie, time, man, mcu, marvel, loki, movies, doom"
pcik8z5,4,"movie, time, man, mcu, marvel, loki, movies, doom"
pcik8fu,4,"movie, time, man, mcu, marvel, loki, movies, doom"
pcik6vp,4,"movie, time, man, mcu, marvel, loki, movies, doom"
pcik663,4,"movie, time, man, mcu, marvel, loki, movies, doom"
pcik3xr,4,"movie, time, man, mcu, marvel, loki, movies, doom"
pcik0y6,1,"like, just, people, don, know, think, lol, did"
pcijyeb,4,"movie, time, man, mcu, marvel, loki, movies, doom"
pcijwtx,4,"movie, time, man, mcu, marvel, loki, movies, doom"
pcijw3g,4,"movie, time, man, mcu, marvel, loki, movies, doom"
pcijvv5,1,"like, just, people, don, know, think, lol, did"
pcijv20,4,"movie, time, man, mcu, marvel, loki, movies, doom"
pcijuop,0,"gif, giphy, love, guy, number, op, biggest, bring"
pcijq9q,0,"gif, giphy, love, guy, number, op, biggest, bring"
pcijq11,4,"movie, time, man, mcu, marvel, loki, movies, doom"
pcijpcp,4,"movie, time, man, mcu, marvel, loki, movies, doom"
pcijnoi,2,"yes, doomsday, oh, pretty, say, comics, absolutely, better"
pcijlyu,3,"infinity, vision, imax, scene, scenes, saw, tva, screen"
pcijlt2,0,"gif, giphy, love, guy, number, op, biggest, bring"
pcijkcw,3,"infinity, vision, imax, scene, scenes, saw, tva, screen"
pcijk9e,4,"movie, time, man, mcu, marvel, loki, movies, doom"
pcijkc3,1,"like, just, people, don, know, think, lol, did"
pcijio9,4,"movie, time, man, mcu, marvel, loki, movies, doom"
pciji75,4,"movie, time, man, mcu, marvel, loki, movies, doom"
pcijh42,3,"infinity, vision, imax, scene, scenes, saw, tva, screen"
pcijg7n,4,"movie, time, man, mcu, marvel, loki, movies, doom"
pcijepu,0,"gif, giphy, love, guy, number, op, biggest, bring"
pcij7wi,1,"like, just, people, don, know, think, lol, did"
pcij6gy,1,"like, just, people, don, know, think, lol, did"
pcij6d1,4,"movie, time, man, mcu, marvel, loki, movies, doom"
pcij4bg,3,"infinity, vision, imax, scene, scenes, saw, tva, screen"
pcij2jf,0,"gif, giphy, love, guy, number, op, biggest, bring"
pcij1nm,4,"movie, time, man, mcu, marvel, loki, movies, doom"
pcij0tc,3,"infinity, vision, imax, scene, scenes, saw, tva, screen"
pciizwm,4,"movie, time, man, mcu, marvel, loki, movies, doom"
pciiyh6,4,"movie, time, man, mcu, marvel, loki, movies, doom"
pciiw5z,1,"like, just, people, don, know, think, lol, did"
pciiuqx,3,"infinity, vision, imax, scene, scenes, saw, tva, screen"
pciisxa,4,"movie, time, man, mcu, marvel, loki, movies, doom"
pciirks,4,"movie, time, man, mcu, marvel, loki, movies, doom"
pciir8s,4,"movie, time, man, mcu, marvel, loki, movies, doom"
pciio3m,4,"movie, time, man, mcu, marvel, loki, movies, doom"
pciiig5,0,"gif, giphy, love, guy, number, op, biggest, bring"
pciih4e,4,"movie, time, man, mcu, marvel, loki, movies, doom"
pciih39,2,"yes, doomsday, oh, pretty, say, comics, absolutely, better"
pciigj6,1,"like, just, people, don, know, think, lol, did"
pciigjy,4,"movie, time, man, mcu, marvel, loki, movies, doom"
pciid98,4,"movie, time, man, mcu, marvel, loki, movies, doom"
pciic5i,0,"gif, giphy, love, guy, number, op, biggest, bring"
pcii83e,4,"movie, time, man, mcu, marvel, loki, movies, doom"
pcii7jo,0,"gif, giphy, love, guy, number, op, biggest, bring"
pcii6z0,4,"movie, time, man, mcu, marvel, loki, movies, doom"
pcii6s8,4,"movie, time, man, mcu, marvel, loki, movies, doom"
pcii5wk,4,"movie, time, man, mcu, marvel, loki, movies, doom"
pcii5xe,4,"movie, time, man, mcu, marvel, loki, movies, doom"
pcii5kf,0,"gif, giphy, love, guy, number, op, biggest, bring"
pcii2sz,3,"infinity, vision, imax, scene, scenes, saw, tva, screen"
pcii1pi,1,"like, just, people, don, know, think, lol, did"
pcii02n,4,"movie, time, man, mcu, marvel, loki, movies, doom"
pcihzju,1,"like, just, people, don, know, think, lol, did"
pcihwg9,4,"movie, time, man, mcu, marvel, loki, movies, doom"
pcihv7v,1,"like, just, people, don, know, think, lol, did"
pcihtin,1,"like, just, people, don, know, think, lol, did"
pcihr70,1,"like, just, people, don, know, think, lol, did"
pcihned,4,"movie, time, man, mcu, marvel, loki, movies, doom"
pcihmzm,3,"infinity, vision, imax, scene, scenes, saw, tva, screen"
pcihizt,4,"movie, time, man, mcu, marvel, loki, movies, doom"
pcihivy,4,"movie, time, man, mcu, marvel, loki, movies, doom"
pcihinl,3,"infinity, vision, imax, scene, scenes, saw, tva, screen"
pcihhcu,4,"movie, time, man, mcu, marvel, loki, movies, doom"
pcihgrp,3,"infinity, vision, imax, scene, scenes, saw, tva, screen"
pcihgee,1,"like, just, people, don, know, think, lol, did"
pcihfqs,4,"movie, time, man, mcu, marvel, loki, movies, doom"
pcihczj,2,"yes, doomsday, oh, pretty, say, comics, absolutely, better"
pcihc6y,4,"movie, time, man, mcu, marvel, loki, movies, doom"
pcihbzn,1,"like, just, people, don, know, think, lol, did"
pcihb4n,4,"movie, time, man, mcu, marvel, loki, movies, doom"
pcihaje,4,"movie, time, man, mcu, marvel, loki, movies, doom"
pcih89v,4,"movie, time, man, mcu, marvel, loki, movies, doom"
pcih7mp,4,"movie, time, man, mcu, marvel, loki, movies, doom"
pcih7mu,4,"movie, time, man, mcu, marvel, loki, movies, doom"
pcih56h,1,"like, just, people, don, know, think, lol, did"
pcih4qx,4,"movie, time, man, mcu, marvel, loki, movies, doom"
pcih3rc,4,"movie, time, man, mcu, marvel, loki, movies, doom"
pcih2ds,4,"movie, time, man, mcu, marvel, loki, movies, doom"
pcih14z,4,"movie, time, man, mcu, marvel, loki, movies, doom"
pcih0jv,4,"movie, time, man, mcu, marvel, loki, movies, doom"
pcigzbd,1,"like, just, people, don, know, think, lol, did"
pcigxha,4,"movie, time, man, mcu, marvel, loki, movies, doom"
pcigx2f,3,"infinity, vision, imax, scene, scenes, saw, tva, screen"
pcigvzf,1,"like, just, people, don, know, think, lol, did"
pcigvhv,4,"movie, time, man, mcu, marvel, loki, movies, doom"
pcigtcq,1,"like, just, people, don, know, think, lol, did"
pcigsy3,4,"movie, time, man, mcu, marvel, loki, movies, doom"
pcigs7n,4,"movie, time, man, mcu, marvel, loki, movies, doom"
pcigpz8,1,"like, just, people, don, know, think, lol, did"
pcigm8s,4,"movie, time, man, mcu, marvel, loki, movies, doom"
pcigluy,3,"infinity, vision, imax, scene, scenes, saw, tva, screen"
pcigku0,4,"movie, time, man, mcu, marvel, loki, movies, doom"
pcigj5i,4,"movie, time, man, mcu, marvel, loki, movies, doom"
pcighq0,4,"movie, time, man, mcu, marvel, loki, movies, doom"
pciggp4,1,"like, just, people, don, know, think, lol, did"
pcigg64,1,"like, just, people, don, know, think, lol, did"
pcigefy,4,"movie, time, man, mcu, marvel, loki, movies, doom"
pcigaq5,4,"movie, time, man, mcu, marvel, loki, movies, doom"
pcig9bn,3,"infinity, vision, imax, scene, scenes, saw, tva, screen"
pcig7xb,4,"movie, time, man, mcu, marvel, loki, movies, doom"
pcig7os,4,"movie, time, man, mcu, marvel, loki, movies, doom"
pcig5cm,4,"movie, time, man, mcu, marvel, loki, movies, doom"
pcig3ea,1,"like, just, people, don, know, think, lol, did"
pcig24w,1,"like, just, people, don, know, think, lol, did"
pcig1xc,4,"movie, time, man, mcu, marvel, loki, movies, doom"
pcig0sb,4,"movie, time, man, mcu, marvel, loki, movies, doom"
pcifzff,4,"movie, time, man, mcu, marvel, loki, movies, doom"
pcifz2d,4,"movie, time, man, mcu, marvel, loki, movies, doom"
pcifxxk,4,"movie, time, man, mcu, marvel, loki, movies, doom"
pcifxfy,4,"movie, time, man, mcu, marvel, loki, movies, doom"
pcifuxw,4,"movie, time, man, mcu, marvel, loki, movies, doom"
pcifte0,1,"like, just, people, don, know, think, lol, did"
pcift75,4,"movie, time, man, mcu, marvel, loki, movies, doom"
pcifmzm,4,"movie, time, man, mcu, marvel, loki, movies, doom"
pciflux,4,"movie, time, man, mcu, marvel, loki, movies, doom"
pcifh6j,1,"like, just, people, don, know, think, lol, did"
pciff3j,3,"infinity, vision, imax, scene, scenes, saw, tva, screen"
pcife9q,4,"movie, time, man, mcu, marvel, loki, movies, doom"
pcifca9,4,"movie, time, man, mcu, marvel, loki, movies, doom"
pcifa4s,4,"movie, time, man, mcu, marvel, loki, movies, doom"
pcifa5b,4,"movie, time, man, mcu, marvel, loki, movies, doom"
pcif4kg,4,"movie, time, man, mcu, marvel, loki, movies, doom"
pcif3jw,4,"movie, time, man, mcu, marvel, loki, movies, doom"
pcif1uc,2,"yes, doomsday, oh, pretty, say, comics, absolutely, better"
pcif1lk,3,"infinity, vision, imax, scene, scenes, saw, tva, screen"
pciex4t,2,"yes, doomsday, oh, pretty, say, comics, absolutely, better"
pciewc8,4,"movie, time, man, mcu, marvel, loki, movies, doom"
pciew79,4,"movie, time, man, mcu, marvel, loki, movies, doom"
pciew8u,4,"movie, time, man, mcu, marvel, loki, movies, doom"
pcievzf,2,"yes, doomsday, oh, pretty, say, comics, absolutely, better"
pcievuy,1,"like, just, people, don, know, think, lol, did"
pciev2l,4,"movie, time, man, mcu, marvel, loki, movies, doom"
pcietxl,4,"movie, time, man, mcu, marvel, loki, movies, doom"
pcietiq,1,"like, just, people, don, know, think, lol, did"
pciesqn,4,"movie, time, man, mcu, marvel, loki, movies, doom"
pcieqef,1,"like, just, people, don, know, think, lol, did"
pcieq6w,3,"infinity, vision, imax, scene, scenes, saw, tva, screen"
pcieq2w,3,"infinity, vision, imax, scene, scenes, saw, tva, screen"
pcien5p,4,"movie, time, man, mcu, marvel, loki, movies, doom"
pciemwb,4,"movie, time, man, mcu, marvel, loki, movies, doom"
pciemwc,4,"movie, time, man, mcu, marvel, loki, movies, doom"
pciekea,1,"like, just, people, don, know, think, lol, did"
pciek47,3,"infinity, vision, imax, scene, scenes, saw, tva, screen"
pciejjh,4,"movie, time, man, mcu, marvel, loki, movies, doom"
pciejhc,0,"gif, giphy, love, guy, number, op, biggest, bring"
pciejhs,4,"movie, time, man, mcu, marvel, loki, movies, doom"
pcieirc,3,"infinity, vision, imax, scene, scenes, saw, tva, screen"
pciefe4,4,"movie, time, man, mcu, marvel, loki, movies, doom"
pcieeuu,3,"infinity, vision, imax, scene, scenes, saw, tva, screen"
pciedea,3,"infinity, vision, imax, scene, scenes, saw, tva, screen"
pciec1b,4,"movie, time, man, mcu, marvel, loki, movies, doom"
pcie8lo,4,"movie, time, man, mcu, marvel, loki, movies, doom"
pcie7sd,4,"movie, time, man, mcu, marvel, loki, movies, doom"
pcie62p,4,"movie, time, man, mcu, marvel, loki, movies, doom"
pcie5fz,4,"movie, time, man, mcu, marvel, loki, movies, doom"
pcie4k6,4,"movie, time, man, mcu, marvel, loki, movies, doom"
pcie4l6,4,"movie, time, man, mcu, marvel, loki, movies, doom"
pcie3ja,4,"movie, time, man, mcu, marvel, loki, movies, doom"
pcie1gb,3,"infinity, vision, imax, scene, scenes, saw, tva, screen"
pcidzll,4,"movie, time, man, mcu, marvel, loki, movies, doom"
pcidzg4,4,"movie, time, man, mcu, marvel, loki, movies, doom"
pcidywt,4,"movie, time, man, mcu, marvel, loki, movies, doom"
pcidx9n,3,"infinity, vision, imax, scene, scenes, saw, tva, screen"
pcidwyr,4,"movie, time, man, mcu, marvel, loki, movies, doom"
pcidwn3,3,"infinity, vision, imax, scene, scenes, saw, tva, screen"
pcidvug,4,"movie, time, man, mcu, marvel, loki, movies, doom"
pcidv80,4,"movie, time, man, mcu, marvel, loki, movies, doom"
pcidtfq,0,"gif, giphy, love, guy, number, op, biggest, bring"
pcidru0,4,"movie, time, man, mcu, marvel, loki, movies, doom"
pcidr1n,4,"movie, time, man, mcu, marvel, loki, movies, doom"
pcidpva,4,"movie, time, man, mcu, marvel, loki, movies, doom"
pcidos8,4,"movie, time, man, mcu, marvel, loki, movies, doom"
pcidnez,4,"movie, time, man, mcu, marvel, loki, movies, doom"
pcidlov,4,"movie, time, man, mcu, marvel, loki, movies, doom"
pcidlf3,3,"infinity, vision, imax, scene, scenes, saw, tva, screen"
pcidl3w,4,"movie, time, man, mcu, marvel, loki, movies, doom"
pcidkzd,4,"movie, time, man, mcu, marvel, loki, movies, doom"
pcidkik,4,"movie, time, man, mcu, marvel, loki, movies, doom"
pcidjfy,4,"movie, time, man, mcu, marvel, loki, movies, doom"
pcidiq2,4,"movie, time, man, mcu, marvel, loki, movies, doom"
pcidirf,4,"movie, time, man, mcu, marvel, loki, movies, doom"
pcidgpp,1,"like, just, people, don, know, think, lol, did"
pcidgq6,1,"like, just, people, don, know, think, lol, did"
pcidedm,3,"infinity, vision, imax, scene, scenes, saw, tva, screen"
pcidebx,1,"like, just, people, don, know, think, lol, did"
pcidcnb,3,"infinity, vision, imax, scene, scenes, saw, tva, screen"
pcidag1,4,"movie, time, man, mcu, marvel, loki, movies, doom"
pcid9sd,4,"movie, time, man, mcu, marvel, loki, movies, doom"
pcid6jc,2,"yes, doomsday, oh, pretty, say, comics, absolutely, better"
pcid0f9,4,"movie, time, man, mcu, marvel, loki, movies, doom"
pcicx5v,4,"movie, time, man, mcu, marvel, loki, movies, doom"
pcicwur,4,"movie, time, man, mcu, marvel, loki, movies, doom"
pcicwvo,3,"infinity, vision, imax, scene, scenes, saw, tva, screen"
pcicw4d,1,"like, just, people, don, know, think, lol, did"
pcicvvx,0,"gif, giphy, love, guy, number, op, biggest, bring"
pcicvea,4,"movie, time, man, mcu, marvel, loki, movies, doom"
pcicuhh,4,"movie, time, man, mcu, marvel, loki, movies, doom"
pcicu4i,4,"movie, time, man, mcu, marvel, loki, movies, doom"
pcicpw8,4,"movie, time, man, mcu, marvel, loki, movies, doom"
pcicl2t,4,"movie, time, man, mcu, marvel, loki, movies, doom"
pcicjq9,0,"gif, giphy, love, guy, number, op, biggest, bring"
pcicjib,0,"gif, giphy, love, guy, number, op, biggest, bring"
pcicfm8,1,"like, just, people, don, know, think, lol, did"
pcicbyp,4,"movie, time, man, mcu, marvel, loki, movies, doom"
pcicaa2,3,"infinity, vision, imax, scene, scenes, saw, tva, screen"
pcic7e2,1,"like, just, people, don, know, think, lol, did"
pcic731,3,"infinity, vision, imax, scene, scenes, saw, tva, screen"
pcic4vv,1,"like, just, people, don, know, think, lol, did"
pcic2kc,1,"like, just, people, don, know, think, lol, did"
pcic28r,4,"movie, time, man, mcu, marvel, loki, movies, doom"
pcibzxw,4,"movie, time, man, mcu, marvel, loki, movies, doom"
pcibx9c,4,"movie, time, man, mcu, marvel, loki, movies, doom"
pcibw9i,4,"movie, time, man, mcu, marvel, loki, movies, doom"
pcibu21,4,"movie, time, man, mcu, marvel, loki, movies, doom"
pcibs14,4,"movie, time, man, mcu, marvel, loki, movies, doom"
pcibro4,1,"like, just, people, don, know, think, lol, did"
pcibrjo,0,"gif, giphy, love, guy, number, op, biggest, bring"
pcibqyl,0,"gif, giphy, love, guy, number, op, biggest, bring"
pcibqnp,1,"like, just, people, don, know, think, lol, did"
pcibo7h,4,"movie, time, man, mcu, marvel, loki, movies, doom"
pcibmyn,4,"movie, time, man, mcu, marvel, loki, movies, doom"
pcibkno,4,"movie, time, man, mcu, marvel, loki, movies, doom"
pcibjss,1,"like, just, people, don, know, think, lol, did"
pcibfmt,0,"gif, giphy, love, guy, number, op, biggest, bring"
pcibfh4,0,"gif, giphy, love, guy, number, op, biggest, bring"
pcibfit,4,"movie, time, man, mcu, marvel, loki, movies, doom"
pcibfeb,4,"movie, time, man, mcu, marvel, loki, movies, doom"
pcibfav,1,"like, just, people, don, know, think, lol, did"
pcibf0m,3,"infinity, vision, imax, scene, scenes, saw, tva, screen"
pcibd5s,0,"gif, giphy, love, guy, number, op, biggest, bring"
pcibcx8,4,"movie, time, man, mcu, marvel, loki, movies, doom"
pcibct1,3,"infinity, vision, imax, scene, scenes, saw, tva, screen"
pcibbfu,1,"like, just, people, don, know, think, lol, did"
pcibaz1,1,"like, just, people, don, know, think, lol, did"
pcib89l,3,"infinity, vision, imax, scene, scenes, saw, tva, screen"
pcib4ya,4,"movie, time, man, mcu, marvel, loki, movies, doom"
pcib4dn,4,"movie, time, man, mcu, marvel, loki, movies, doom"
pcib1h0,3,"infinity, vision, imax, scene, scenes, saw, tva, screen"
pcib0ui,4,"movie, time, man, mcu, marvel, loki, movies, doom"
pciazd9,4,"movie, time, man, mcu, marvel, loki, movies, doom"
pciaytd,3,"infinity, vision, imax, scene, scenes, saw, tva, screen"
pciawvh,4,"movie, time, man, mcu, marvel, loki, movies, doom"
pciawg9,4,"movie, time, man, mcu, marvel, loki, movies, doom"
pciasr2,4,"movie, time, man, mcu, marvel, loki, movies, doom"
pcias9w,4,"movie, time, man, mcu, marvel, loki, movies, doom"
pciap4f,4,"movie, time, man, mcu, marvel, loki, movies, doom"
pciao36,4,"movie, time, man, mcu, marvel, loki, movies, doom"
pciajob,4,"movie, time, man, mcu, marvel, loki, movies, doom"
pciahw5,4,"movie, time, man, mcu, marvel, loki, movies, doom"
pciah9i,4,"movie, time, man, mcu, marvel, loki, movies, doom"
pciaf96,3,"infinity, vision, imax, scene, scenes, saw, tva, screen"
pciaeez,1,"like, just, people, don, know, think, lol, did"
pciacu4,4,"movie, time, man, mcu, marvel, loki, movies, doom"
pciac2n,0,"gif, giphy, love, guy, number, op, biggest, bring"
pciaba6,3,"infinity, vision, imax, scene, scenes, saw, tva, screen"
pciab0o,3,"infinity, vision, imax, scene, scenes, saw, tva, screen"
pcia8lj,4,"movie, time, man, mcu, marvel, loki, movies, doom"
pcia66j,0,"gif, giphy, love, guy, number, op, biggest, bring"
pcia4mn,0,"gif, giphy, love, guy, number, op, biggest, bring"
pcia4bk,0,"gif, giphy, love, guy, number, op, biggest, bring"
pcia3py,4,"movie, time, man, mcu, marvel, loki, movies, doom"
pcia3ml,3,"infinity, vision, imax, scene, scenes, saw, tva, screen"
pci9xqb,4,"movie, time, man, mcu, marvel, loki, movies, doom"
pci9u1q,4,"movie, time, man, mcu, marvel, loki, movies, doom"
pci9q9u,4,"movie, time, man, mcu, marvel, loki, movies, doom"
pci9oe6,4,"movie, time, man, mcu, marvel, loki, movies, doom"
pci9nfc,0,"gif, giphy, love, guy, number, op, biggest, bring"
pci9mbz,3,"infinity, vision, imax, scene, scenes, saw, tva, screen"
pci9kwk,1,"like, just, people, don, know, think, lol, did"
pci9hxt,0,"gif, giphy, love, guy, number, op, biggest, bring"
pci9hrz,1,"like, just, people, don, know, think, lol, did"
pci9gja,4,"movie, time, man, mcu, marvel, loki, movies, doom"
pci9g5p,4,"movie, time, man, mcu, marvel, loki, movies, doom"
pci9fy9,4,"movie, time, man, mcu, marvel, loki, movies, doom"
pci9fn5,1,"like, just, people, don, know, think, lol, did"
pci9dno,4,"movie, time, man, mcu, marvel, loki, movies, doom"
pci9bu8,4,"movie, time, man, mcu, marvel, loki, movies, doom"
pci9baf,4,"movie, time, man, mcu, marvel, loki, movies, doom"
pci9ahx,1,"like, just, people, don, know, think, lol, did"
pci983u,3,"infinity, vision, imax, scene, scenes, saw, tva, screen"
pci983z,1,"like, just, people, don, know, think, lol, did"
pci97dn,4,"movie, time, man, mcu, marvel, loki, movies, doom"
pci97ei,3,"infinity, vision, imax, scene, scenes, saw, tva, screen"
pci95r3,1,"like, just, people, don, know, think, lol, did"
pci95ai,4,"movie, time, man, mcu, marvel, loki, movies, doom"
pci9537,4,"movie, time, man, mcu, marvel, loki, movies, doom"
pci93if,4,"movie, time, man, mcu, marvel, loki, movies, doom"
pci92fc,4,"movie, time, man, mcu, marvel, loki, movies, doom"
pci9264,3,"infinity, vision, imax, scene, scenes, saw, tva, screen"
pci8ypo,4,"movie, time, man, mcu, marvel, loki, movies, doom"
pci8x8q,4,"movie, time, man, mcu, marvel, loki, movies, doom"
pci8unq,1,"like, just, people, don, know, think, lol, did"
pci8ukn,4,"movie, time, man, mcu, marvel, loki, movies, doom"
pci8tvb,4,"movie, time, man, mcu, marvel, loki, movies, doom"
pci8t6m,1,"like, just, people, don, know, think, lol, did"
pci8s6j,4,"movie, time, man, mcu, marvel, loki, movies, doom"
pci8rhm,4,"movie, time, man, mcu, marvel, loki, movies, doom"
pci8q2m,1,"like, just, people, don, know, think, lol, did"
pci8o6e,4,"movie, time, man, mcu, marvel, loki, movies, doom"
pci8nrh,4,"movie, time, man, mcu, marvel, loki, movies, doom"
pci8n25,4,"movie, time, man, mcu, marvel, loki, movies, doom"
pci8mg4,4,"movie, time, man, mcu, marvel, loki, movies, doom"
pci8j2q,0,"gif, giphy, love, guy, number, op, biggest, bring"
pci8inz,4,"movie, time, man, mcu, marvel, loki, movies, doom"
pci8h6h,1,"like, just, people, don, know, think, lol, did"
pci8cv0,4,"movie, time, man, mcu, marvel, loki, movies, doom"
pci8bpd,4,"movie, time, man, mcu, marvel, loki, movies, doom"
pci87s0,4,"movie, time, man, mcu, marvel, loki, movies, doom"
pci86oj,1,"like, just, people, don, know, think, lol, did"
pci85fk,4,"movie, time, man, mcu, marvel, loki, movies, doom"
pci8566,0,"gif, giphy, love, guy, number, op, biggest, bring"
pci84d3,4,"movie, time, man, mcu, marvel, loki, movies, doom"
pci8438,4,"movie, time, man, mcu, marvel, loki, movies, doom"
pci83sq,4,"movie, time, man, mcu, marvel, loki, movies, doom"
pci82uv,1,"like, just, people, don, know, think, lol, did"
pci7zre,4,"movie, time, man, mcu, marvel, loki, movies, doom"
pci7z5g,4,"movie, time, man, mcu, marvel, loki, movies, doom"
pci7ypb,3,"infinity, vision, imax, scene, scenes, saw, tva, screen"
pci7vgt,4,"movie, time, man, mcu, marvel, loki, movies, doom"
pci7te8,4,"movie, time, man, mcu, marvel, loki, movies, doom"
pci7tfo,4,"movie, time, man, mcu, marvel, loki, movies, doom"
pci7rf9,2,"yes, doomsday, oh, pretty, say, comics, absolutely, better"
pci7r3z,1,"like, just, people, don, know, think, lol, did"
pci7pzw,4,"movie, time, man, mcu, marvel, loki, movies, doom"
pci7pdq,3,"infinity, vision, imax, scene, scenes, saw, tva, screen"
pci7olj,4,"movie, time, man, mcu, marvel, loki, movies, doom"
pci7muo,4,"movie, time, man, mcu, marvel, loki, movies, doom"
pci7llj,4,"movie, time, man, mcu, marvel, loki, movies, doom"
pci7lll,4,"movie, time, man, mcu, marvel, loki, movies, doom"
pci7l56,4,"movie, time, man, mcu, marvel, loki, movies, doom"
pci7kg5,4,"movie, time, man, mcu, marvel, loki, movies, doom"
pci7kcd,4,"movie, time, man, mcu, marvel, loki, movies, doom"
pci7k40,4,"movie, time, man, mcu, marvel, loki, movies, doom"
pci7isd,4,"movie, time, man, mcu, marvel, loki, movies, doom"
pci7h6k,1,"like, just, people, don, know, think, lol, did"
pci7gs5,1,"like, just, people, don, know, think, lol, did"
pci7gfu,0,"gif, giphy, love, guy, number, op, biggest, bring"
pci7ggq,3,"infinity, vision, imax, scene, scenes, saw, tva, screen"
pci7ecr,1,"like, just, people, don, know, think, lol, did"
pci7cfl,4,"movie, time, man, mcu, marvel, loki, movies, doom"
pci7blg,1,"like, just, people, don, know, think, lol, did"
pci7blp,4,"movie, time, man, mcu, marvel, loki, movies, doom"
pci78kw,4,"movie, time, man, mcu, marvel, loki, movies, doom"
pci78c6,4,"movie, time, man, mcu, marvel, loki, movies, doom"
pci74q0,3,"infinity, vision, imax, scene, scenes, saw, tva, screen"
pci6z90,1,"like, just, people, don, know, think, lol, did"
pci6xli,1,"like, just, people, don, know, think, lol, did"
pci6x16,4,"movie, time, man, mcu, marvel, loki, movies, doom"
pci6wqj,1,"like, just, people, don, know, think, lol, did"
pci6wm9,4,"movie, time, man, mcu, marvel, loki, movies, doom"
pci6v1l,1,"like, just, people, don, know, think, lol, did"
pci6qst,4,"movie, time, man, mcu, marvel, loki, movies, doom"
pci6nxs,1,"like, just, people, don, know, think, lol, did"
pci6nop,4,"movie, time, man, mcu, marvel, loki, movies, doom"
pci6lxq,0,"gif, giphy, love, guy, number, op, biggest, bring"
pci6jby,3,"infinity, vision, imax, scene, scenes, saw, tva, screen"
pci6hxi,1,"like, just, people, don, know, think, lol, did"
pci6hvt,1,"like, just, people, don, know, think, lol, did"
pci6h03,4,"movie, time, man, mcu, marvel, loki, movies, doom"
pci6gqd,4,"movie, time, man, mcu, marvel, loki, movies, doom"
pci6da8,4,"movie, time, man, mcu, marvel, loki, movies, doom"
pci6bks,1,"like, just, people, don, know, think, lol, did"
pci6bj4,1,"like, just, people, don, know, think, lol, did"
pci6ax4,1,"like, just, people, don, know, think, lol, did"
pci69uy,0,"gif, giphy, love, guy, number, op, biggest, bring"
pci67io,1,"like, just, people, don, know, think, lol, did"
pci656s,4,"movie, time, man, mcu, marvel, loki, movies, doom"
pci64s7,4,"movie, time, man, mcu, marvel, loki, movies, doom"
pci64kf,4,"movie, time, man, mcu, marvel, loki, movies, doom"
pci64eu,4,"movie, time, man, mcu, marvel, loki, movies, doom"
pci6364,2,"yes, doomsday, oh, pretty, say, comics, absolutely, better"
pci62zq,4,"movie, time, man, mcu, marvel, loki, movies, doom"
pci62nr,4,"movie, time, man, mcu, marvel, loki, movies, doom"
pci624e,4,"movie, time, man, mcu, marvel, loki, movies, doom"
pci6092,4,"movie, time, man, mcu, marvel, loki, movies, doom"
pci5wxk,4,"movie, time, man, mcu, marvel, loki, movies, doom"
pci5wyb,4,"movie, time, man, mcu, marvel, loki, movies, doom"
pci5sbv,4,"movie, time, man, mcu, marvel, loki, movies, doom"
pci5sbz,4,"movie, time, man, mcu, marvel, loki, movies, doom"
pci5qo9,4,"movie, time, man, mcu, marvel, loki, movies, doom"
pci5qp6,4,"movie, time, man, mcu, marvel, loki, movies, doom"
pci5mzp,4,"movie, time, man, mcu, marvel, loki, movies, doom"
pci5mwi,4,"movie, time, man, mcu, marvel, loki, movies, doom"
pci5jrm,4,"movie, time, man, mcu, marvel, loki, movies, doom"
pci5hvl,0,"gif, giphy, love, guy, number, op, biggest, bring"
pci5h9q,0,"gif, giphy, love, guy, number, op, biggest, bring"
pci5g5p,4,"movie, time, man, mcu, marvel, loki, movies, doom"
pci5ews,3,"infinity, vision, imax, scene, scenes, saw, tva, screen"
pci5dx1,4,"movie, time, man, mcu, marvel, loki, movies, doom"
pci5crk,4,"movie, time, man, mcu, marvel, loki, movies, doom"
pci5c22,0,"gif, giphy, love, guy, number, op, biggest, bring"
pci5an2,4,"movie, time, man, mcu, marvel, loki, movies, doom"
pci5ab4,4,"movie, time, man, mcu, marvel, loki, movies, doom"
pci5862,4,"movie, time, man, mcu, marvel, loki, movies, doom"
pci5806,4,"movie, time, man, mcu, marvel, loki, movies, doom"
pci5718,3,"infinity, vision, imax, scene, scenes, saw, tva, screen"
pci566u,1,"like, just, people, don, know, think, lol, did"
pci549n,4,"movie, time, man, mcu, marvel, loki, movies, doom"
pci51jj,4,"movie, time, man, mcu, marvel, loki, movies, doom"
pci4y9v,4,"movie, time, man, mcu, marvel, loki, movies, doom"
pci4w6f,1,"like, just, people, don, know, think, lol, did"
pci4w2a,4,"movie, time, man, mcu, marvel, loki, movies, doom"
pci4v5q,4,"movie, time, man, mcu, marvel, loki, movies, doom"
pci4u3d,1,"like, just, people, don, know, think, lol, did"
pci4ty6,4,"movie, time, man, mcu, marvel, loki, movies, doom"
pci4pko,4,"movie, time, man, mcu, marvel, loki, movies, doom"
pci4nxf,3,"infinity, vision, imax, scene, scenes, saw, tva, screen"
pci4mpy,4,"movie, time, man, mcu, marvel, loki, movies, doom"
pci4lzp,1,"like, just, people, don, know, think, lol, did"
pci4ltd,1,"like, just, people, don, know, think, lol, did"
pci4k1x,4,"movie, time, man, mcu, marvel, loki, movies, doom"
pci4hpi,0,"gif, giphy, love, guy, number, op, biggest, bring"
pci4g0x,1,"like, just, people, don, know, think, lol, did"
pci4fmn,4,"movie, time, man, mcu, marvel, loki, movies, doom"
pci4eix,4,"movie, time, man, mcu, marvel, loki, movies, doom"
pci4ecb,2,"yes, doomsday, oh, pretty, say, comics, absolutely, better"
pci4dr1,4,"movie, time, man, mcu, marvel, loki, movies, doom"
pci4df3,3,"infinity, vision, imax, scene, scenes, saw, tva, screen"
pci4dda,3,"infinity, vision, imax, scene, scenes, saw, tva, screen"
pci4cc9,4,"movie, time, man, mcu, marvel, loki, movies, doom"
pci4c8k,1,"like, just, people, don, know, think, lol, did"
pci491l,1,"like, just, people, don, know, think, lol, did"
pci467f,4,"movie, time, man, mcu, marvel, loki, movies, doom"
pci3xth,1,"like, just, people, don, know, think, lol, did"
pci3rlj,4,"movie, time, man, mcu, marvel, loki, movies, doom"
pci3p7j,1,"like, just, people, don, know, think, lol, did"
pci3o8v,4,"movie, time, man, mcu, marvel, loki, movies, doom"
pci3o1d,4,"movie, time, man, mcu, marvel, loki, movies, doom"
pci3jjo,4,"movie, time, man, mcu, marvel, loki, movies, doom"
pci3hfv,0,"gif, giphy, love, guy, number, op, biggest, bring"
pci3h7u,4,"movie, time, man, mcu, marvel, loki, movies, doom"
pci3h9e,4,"movie, time, man, mcu, marvel, loki, movies, doom"
pci3g7u,2,"yes, doomsday, oh, pretty, say, comics, absolutely, better"
pci3c5c,4,"movie, time, man, mcu, marvel, loki, movies, doom"
pci35u3,4,"movie, time, man, mcu, marvel, loki, movies, doom"
pci33ph,2,"yes, doomsday, oh, pretty, say, comics, absolutely, better"
pci2vcs,1,"like, just, people, don, know, think, lol, did"
pci2uca,1,"like, just, people, don, know, think, lol, did"
pci2td3,0,"gif, giphy, love, guy, number, op, biggest, bring"
pci2r1u,4,"movie, time, man, mcu, marvel, loki, movies, doom"
pci2qiw,0,"gif, giphy, love, guy, number, op, biggest, bring"
pci2q9c,4,"movie, time, man, mcu, marvel, loki, movies, doom"
pci2ozx,4,"movie, time, man, mcu, marvel, loki, movies, doom"
pci2lqs,3,"infinity, vision, imax, scene, scenes, saw, tva, screen"
pci2dv1,1,"like, just, people, don, know, think, lol, did"
pci2dlg,0,"gif, giphy, love, guy, number, op, biggest, bring"
pci2cf8,4,"movie, time, man, mcu, marvel, loki, movies, doom"
pci2cfz,1,"like, just, people, don, know, think, lol, did"
pci276y,4,"movie, time, man, mcu, marvel, loki, movies, doom"
pci234y,1,"like, just, people, don, know, think, lol, did"
pci22nv,0,"gif, giphy, love, guy, number, op, biggest, bring"
pci22iz,4,"movie, time, man, mcu, marvel, loki, movies, doom"
pci1y52,4,"movie, time, man, mcu, marvel, loki, movies, doom"
pci1xfw,3,"infinity, vision, imax, scene, scenes, saw, tva, screen"
pci1xb0,1,"like, just, people, don, know, think, lol, did"
pci1v75,2,"yes, doomsday, oh, pretty, say, comics, absolutely, better"
pci1t7o,4,"movie, time, man, mcu, marvel, loki, movies, doom"
pci1px4,1,"like, just, people, don, know, think, lol, did"
pci1n6f,4,"movie, time, man, mcu, marvel, loki, movies, doom"
pci1la3,4,"movie, time, man, mcu, marvel, loki, movies, doom"
pci1ksm,2,"yes, doomsday, oh, pretty, say, comics, absolutely, better"
pci1fvp,1,"like, just, people, don, know, think, lol, did"
pci1aje,4,"movie, time, man, mcu, marvel, loki, movies, doom"
pci19ey,1,"like, just, people, don, know, think, lol, did"
pci197c,4,"movie, time, man, mcu, marvel, loki, movies, doom"
pci17ee,3,"infinity, vision, imax, scene, scenes, saw, tva, screen"
pci14qh,1,"like, just, people, don, know, think, lol, did"
pci139a,0,"gif, giphy, love, guy, number, op, biggest, bring"
pci11h1,4,"movie, time, man, mcu, marvel, loki, movies, doom"
pci105q,4,"movie, time, man, mcu, marvel, loki, movies, doom"
pci0z9s,1,"like, just, people, don, know, think, lol, did"
pci0wtg,4,"movie, time, man, mcu, marvel, loki, movies, doom"
pci0ut4,4,"movie, time, man, mcu, marvel, loki, movies, doom"
pci0qxb,0,"gif, giphy, love, guy, number, op, biggest, bring"
pci0ql9,1,"like, just, people, don, know, think, lol, did"
pci0pk5,0,"gif, giphy, love, guy, number, op, biggest, bring"
pci0ov2,4,"movie, time, man, mcu, marvel, loki, movies, doom"
pci0lmn,1,"like, just, people, don, know, think, lol, did"
pci0l8y,1,"like, just, people, don, know, think, lol, did"
pci0jlp,1,"like, just, people, don, know, think, lol, did"
pci0ibi,2,"yes, doomsday, oh, pretty, say, comics, absolutely, better"
pci0fdx,4,"movie, time, man, mcu, marvel, loki, movies, doom"
pci0f8h,4,"movie, time, man, mcu, marvel, loki, movies, doom"
pci0doq,3,"infinity, vision, imax, scene, scenes, saw, tva, screen"
pci0dje,4,"movie, time, man, mcu, marvel, loki, movies, doom"
pci0ctl,4,"movie, time, man, mcu, marvel, loki, movies, doom"
pci0cio,4,"movie, time, man, mcu, marvel, loki, movies, doom"
pci0brx,4,"movie, time, man, mcu, marvel, loki, movies, doom"
pci0b06,1,"like, just, people, don, know, think, lol, did"
pci0a0w,1,"like, just, people, don, know, think, lol, did"
pci07a8,3,"infinity, vision, imax, scene, scenes, saw, tva, screen"
pci05dd,3,"infinity, vision, imax, scene, scenes, saw, tva, screen"
pci045r,4,"movie, time, man, mcu, marvel, loki, movies, doom"
pci03c9,0,"gif, giphy, love, guy, number, op, biggest, bring"
pci00dl,1,"like, just, people, don, know, think, lol, did"
pchzz7w,1,"like, just, people, don, know, think, lol, did"
pchzunf,4,"movie, time, man, mcu, marvel, loki, movies, doom"
pchzu0v,4,"movie, time, man, mcu, marvel, loki, movies, doom"
pchzti8,0,"gif, giphy, love, guy, number, op, biggest, bring"
pchzrca,3,"infinity, vision, imax, scene, scenes, saw, tva, screen"
pchzpw2,1,"like, just, people, don, know, think, lol, did"
pchzpgk,1,"like, just, people, don, know, think, lol, did"
pchzp99,0,"gif, giphy, love, guy, number, op, biggest, bring"
pchzo5e,0,"gif, giphy, love, guy, number, op, biggest, bring"
pchzmd7,1,"like, just, people, don, know, think, lol, did"
pchzk49,0,"gif, giphy, love, guy, number, op, biggest, bring"
pchzhc0,0,"gif, giphy, love, guy, number, op, biggest, bring"
pchzfc0,4,"movie, time, man, mcu, marvel, loki, movies, doom"
pchzezt,4,"movie, time, man, mcu, marvel, loki, movies, doom"
pchzer6,4,"movie, time, man, mcu, marvel, loki, movies, doom"
pchzedq,4,"movie, time, man, mcu, marvel, loki, movies, doom"
pchzcnt,4,"movie, time, man, mcu, marvel, loki, movies, doom"
pchzbwh,0,"gif, giphy, love, guy, number, op, biggest, bring"
pchzb2i,4,"movie, time, man, mcu, marvel, loki, movies, doom"
pchzach,4,"movie, time, man, mcu, marvel, loki, movies, doom"
pchz7vd,3,"infinity, vision, imax, scene, scenes, saw, tva, screen"
pchz6ml,4,"movie, time, man, mcu, marvel, loki, movies, doom"
pchz6je,4,"movie, time, man, mcu, marvel, loki, movies, doom"
pchz6do,4,"movie, time, man, mcu, marvel, loki, movies, doom"
pchz4rs,3,"infinity, vision, imax, scene, scenes, saw, tva, screen"
pchz4s7,4,"movie, time, man, mcu, marvel, loki, movies, doom"
pchz3pg,4,"movie, time, man, mcu, marvel, loki, movies, doom"
pchyzh8,4,"movie, time, man, mcu, marvel, loki, movies, doom"
pchyzhv,4,"movie, time, man, mcu, marvel, loki, movies, doom"
pchyxip,1,"like, just, people, don, know, think, lol, did"
pchyvzs,4,"movie, time, man, mcu, marvel, loki, movies, doom"
pchytvj,4,"movie, time, man, mcu, marvel, loki, movies, doom"
pchytik,4,"movie, time, man, mcu, marvel, loki, movies, doom"
pchystb,2,"yes, doomsday, oh, pretty, say, comics, absolutely, better"
pchyoxf,4,"movie, time, man, mcu, marvel, loki, movies, doom"
pchyope,4,"movie, time, man, mcu, marvel, loki, movies, doom"
pchynzq,0,"gif, giphy, love, guy, number, op, biggest, bring"
pchyjs2,0,"gif, giphy, love, guy, number, op, biggest, bring"
pchyh3e,1,"like, just, people, don, know, think, lol, did"
pchyepg,4,"movie, time, man, mcu, marvel, loki, movies, doom"
pchyeat,4,"movie, time, man, mcu, marvel, loki, movies, doom"
pchydz7,1,"like, just, people, don, know, think, lol, did"
pchydmz,0,"gif, giphy, love, guy, number, op, biggest, bring"
pchycin,4,"movie, time, man, mcu, marvel, loki, movies, doom"
pchybth,1,"like, just, people, don, know, think, lol, did"
pchy8ws,4,"movie, time, man, mcu, marvel, loki, movies, doom"
pchy7f8,4,"movie, time, man, mcu, marvel, loki, movies, doom"
pchy63o,0,"gif, giphy, love, guy, number, op, biggest, bring"
pchy5zm,4,"movie, time, man, mcu, marvel, loki, movies, doom"
pchy2hg,0,"gif, giphy, love, guy, number, op, biggest, bring"
pchxzs0,4,"movie, time, man, mcu, marvel, loki, movies, doom"
pchxxll,4,"movie, time, man, mcu, marvel, loki, movies, doom"
pchxtc3,0,"gif, giphy, love, guy, number, op, biggest, bring"
pchxrfs,1,"like, just, people, don, know, think, lol, did"
pchxrhf,3,"infinity, vision, imax, scene, scenes, saw, tva, screen"
pchxr3t,4,"movie, time, man, mcu, marvel, loki, movies, doom"
pchxqp1,4,"movie, time, man, mcu, marvel, loki, movies, doom"
pchxnzo,4,"movie, time, man, mcu, marvel, loki, movies, doom"
pchxmc2,4,"movie, time, man, mcu, marvel, loki, movies, doom"
pchxkju,4,"movie, time, man, mcu, marvel, loki, movies, doom"
pchxfpo,3,"infinity, vision, imax, scene, scenes, saw, tva, screen"
pchxeny,4,"movie, time, man, mcu, marvel, loki, movies, doom"
pchxeh5,4,"movie, time, man, mcu, marvel, loki, movies, doom"
pchxdki,4,"movie, time, man, mcu, marvel, loki, movies, doom"
pchxd5r,4,"movie, time, man, mcu, marvel, loki, movies, doom"
pchx86z,1,"like, just, people, don, know, think, lol, did"
pchx7ue,1,"like, just, people, don, know, think, lol, did"
pchx7pu,3,"infinity, vision, imax, scene, scenes, saw, tva, screen"
pchx42u,1,"like, just, people, don, know, think, lol, did"
pchwyih,4,"movie, time, man, mcu, marvel, loki, movies, doom"
pchwy1c,1,"like, just, people, don, know, think, lol, did"
pchwx6m,4,"movie, time, man, mcu, marvel, loki, movies, doom"
pchww5o,4,"movie, time, man, mcu, marvel, loki, movies, doom"
pchww1n,4,"movie, time, man, mcu, marvel, loki, movies, doom"
pchwrm1,4,"movie, time, man, mcu, marvel, loki, movies, doom"
pchwqkg,1,"like, just, people, don, know, think, lol, did"
pchwp7x,0,"gif, giphy, love, guy, number, op, biggest, bring"
pchwnw5,4,"movie, time, man, mcu, marvel, loki, movies, doom"
pchwlb3,1,"like, just, people, don, know, think, lol, did"
pchwk8w,4,"movie, time, man, mcu, marvel, loki, movies, doom"
pchwdjt,4,"movie, time, man, mcu, marvel, loki, movies, doom"
pchwdbb,4,"movie, time, man, mcu, marvel, loki, movies, doom"
pchw9hf,4,"movie, time, man, mcu, marvel, loki, movies, doom"
pchw95x,0,"gif, giphy, love, guy, number, op, biggest, bring"
pchw8ao,4,"movie, time, man, mcu, marvel, loki, movies, doom"
pchw8cs,4,"movie, time, man, mcu, marvel, loki, movies, doom"
pchw5ba,4,"movie, time, man, mcu, marvel, loki, movies, doom"
pchw4es,3,"infinity, vision, imax, scene, scenes, saw, tva, screen"
pchvzvd,3,"infinity, vision, imax, scene, scenes, saw, tva, screen"
pchvzwn,4,"movie, time, man, mcu, marvel, loki, movies, doom"
pchvzet,4,"movie, time, man, mcu, marvel, loki, movies, doom"
pchvx6e,1,"like, just, people, don, know, think, lol, did"
pchvuoj,4,"movie, time, man, mcu, marvel, loki, movies, doom"
pchvu8t,4,"movie, time, man, mcu, marvel, loki, movies, doom"
pchvtha,0,"gif, giphy, love, guy, number, op, biggest, bring"
pchvswk,4,"movie, time, man, mcu, marvel, loki, movies, doom"
pchvrsr,1,"like, just, people, don, know, think, lol, did"
pchvqi6,4,"movie, time, man, mcu, marvel, loki, movies, doom"
pchvov3,4,"movie, time, man, mcu, marvel, loki, movies, doom"
pchvk9j,4,"movie, time, man, mcu, marvel, loki, movies, doom"
pchviwj,1,"like, just, people, don, know, think, lol, did"
pchvhwl,0,"gif, giphy, love, guy, number, op, biggest, bring"
pchvgxb,0,"gif, giphy, love, guy, number, op, biggest, bring"
pchvdjo,1,"like, just, people, don, know, think, lol, did"
pchvdc5,1,"like, just, people, don, know, think, lol, did"
pchv7u6,4,"movie, time, man, mcu, marvel, loki, movies, doom"
pchv5r0,0,"gif, giphy, love, guy, number, op, biggest, bring"
pchv42h,4,"movie, time, man, mcu, marvel, loki, movies, doom"
pchv2g5,4,"movie, time, man, mcu, marvel, loki, movies, doom"
pchv18z,4,"movie, time, man, mcu, marvel, loki, movies, doom"
pchuyak,4,"movie, time, man, mcu, marvel, loki, movies, doom"
pchuwwb,0,"gif, giphy, love, guy, number, op, biggest, bring"
pchut28,4,"movie, time, man, mcu, marvel, loki, movies, doom"
pchuqzj,4,"movie, time, man, mcu, marvel, loki, movies, doom"
pchuonv,0,"gif, giphy, love, guy, number, op, biggest, bring"
pchum4e,4,"movie, time, man, mcu, marvel, loki, movies, doom"
pchukgo,1,"like, just, people, don, know, think, lol, did"
pchukbm,4,"movie, time, man, mcu, marvel, loki, movies, doom"
pchuiyk,4,"movie, time, man, mcu, marvel, loki, movies, doom"
pchuigr,4,"movie, time, man, mcu, marvel, loki, movies, doom"
pchud3u,4,"movie, time, man, mcu, marvel, loki, movies, doom"
pchucs9,1,"like, just, people, don, know, think, lol, did"
pchuc1k,4,"movie, time, man, mcu, marvel, loki, movies, doom"
pchubks,4,"movie, time, man, mcu, marvel, loki, movies, doom"
pchu9kd,4,"movie, time, man, mcu, marvel, loki, movies, doom"
pchu79e,4,"movie, time, man, mcu, marvel, loki, movies, doom"
pchu6cu,4,"movie, time, man, mcu, marvel, loki, movies, doom"
pchu4u8,4,"movie, time, man, mcu, marvel, loki, movies, doom"
pchu092,4,"movie, time, man, mcu, marvel, loki, movies, doom"
pchtw93,4,"movie, time, man, mcu, marvel, loki, movies, doom"
pchtu0p,1,"like, just, people, don, know, think, lol, did"
pchtt0a,4,"movie, time, man, mcu, marvel, loki, movies, doom"
pchtr20,1,"like, just, people, don, know, think, lol, did"
pchtqpi,0,"gif, giphy, love, guy, number, op, biggest, bring"
pchtp3z,1,"like, just, people, don, know, think, lol, did"
pchtns3,4,"movie, time, man, mcu, marvel, loki, movies, doom"
pchtn2b,1,"like, just, people, don, know, think, lol, did"
pchtmhg,1,"like, just, people, don, know, think, lol, did"
pchtm1r,1,"like, just, people, don, know, think, lol, did"
pchtllf,4,"movie, time, man, mcu, marvel, loki, movies, doom"
pchtl92,4,"movie, time, man, mcu, marvel, loki, movies, doom"
pchtkly,4,"movie, time, man, mcu, marvel, loki, movies, doom"
pchth6r,4,"movie, time, man, mcu, marvel, loki, movies, doom"
pchtgdg,4,"movie, time, man, mcu, marvel, loki, movies, doom"
pchtehe,4,"movie, time, man, mcu, marvel, loki, movies, doom"
pchteed,3,"infinity, vision, imax, scene, scenes, saw, tva, screen"
pchtd2g,1,"like, just, people, don, know, think, lol, did"
pchtazg,1,"like, just, people, don, know, think, lol, did"
pchtab4,4,"movie, time, man, mcu, marvel, loki, movies, doom"
pcht9yc,3,"infinity, vision, imax, scene, scenes, saw, tva, screen"
pcht9ne,3,"infinity, vision, imax, scene, scenes, saw, tva, screen"
pcht6lc,1,"like, just, people, don, know, think, lol, did"
pcht0w6,4,"movie, time, man, mcu, marvel, loki, movies, doom"
pchszrs,4,"movie, time, man, mcu, marvel, loki, movies, doom"
pchsydi,4,"movie, time, man, mcu, marvel, loki, movies, doom"
pchswrj,4,"movie, time, man, mcu, marvel, loki, movies, doom"
pchsw46,4,"movie, time, man, mcu, marvel, loki, movies, doom"
pchsux1,4,"movie, time, man, mcu, marvel, loki, movies, doom"
pchsrwb,3,"infinity, vision, imax, scene, scenes, saw, tva, screen"
pchsrwd,4,"movie, time, man, mcu, marvel, loki, movies, doom"
pchsrsg,4,"movie, time, man, mcu, marvel, loki, movies, doom"
pchsn59,4,"movie, time, man, mcu, marvel, loki, movies, doom"
pchslh4,4,"movie, time, man, mcu, marvel, loki, movies, doom"
pchshnh,4,"movie, time, man, mcu, marvel, loki, movies, doom"
pchscy1,4,"movie, time, man, mcu, marvel, loki, movies, doom"
pchs6xo,1,"like, just, people, don, know, think, lol, did"
pchs6pj,4,"movie, time, man, mcu, marvel, loki, movies, doom"
pchs1fo,1,"like, just, people, don, know, think, lol, did"
pchs0h4,1,"like, just, people, don, know, think, lol, did"
pchrwrh,4,"movie, time, man, mcu, marvel, loki, movies, doom"
pchrups,4,"movie, time, man, mcu, marvel, loki, movies, doom"
pchrsgx,4,"movie, time, man, mcu, marvel, loki, movies, doom"
pchrrx8,1,"like, just, people, don, know, think, lol, did"
pchro6p,0,"gif, giphy, love, guy, number, op, biggest, bring"
pchrmqf,1,"like, just, people, don, know, think, lol, did"
pchrm2n,0,"gif, giphy, love, guy, number, op, biggest, bring"
pchrl78,4,"movie, time, man, mcu, marvel, loki, movies, doom"
pchrkqh,1,"like, just, people, don, know, think, lol, did"
pchrjuz,4,"movie, time, man, mcu, marvel, loki, movies, doom"
pchrjck,4,"movie, time, man, mcu, marvel, loki, movies, doom"
pchrhzm,4,"movie, time, man, mcu, marvel, loki, movies, doom"
pchrfom,4,"movie, time, man, mcu, marvel, loki, movies, doom"
pchrb3z,4,"movie, time, man, mcu, marvel, loki, movies, doom"
pchrahy,1,"like, just, people, don, know, think, lol, did"
pchr6mp,0,"gif, giphy, love, guy, number, op, biggest, bring"
pchr6ih,4,"movie, time, man, mcu, marvel, loki, movies, doom"
pchr5h9,1,"like, just, people, don, know, think, lol, did"
pchr4iz,4,"movie, time, man, mcu, marvel, loki, movies, doom"
pchr2zi,3,"infinity, vision, imax, scene, scenes, saw, tva, screen"
pchr2r2,4,"movie, time, man, mcu, marvel, loki, movies, doom"
pchqyp5,4,"movie, time, man, mcu, marvel, loki, movies, doom"
pchqyfq,4,"movie, time, man, mcu, marvel, loki, movies, doom"
pchqy7n,4,"movie, time, man, mcu, marvel, loki, movies, doom"
pchqveg,3,"infinity, vision, imax, scene, scenes, saw, tva, screen"
pchqv1i,4,"movie, time, man, mcu, marvel, loki, movies, doom"
pchql2d,0,"gif, giphy, love, guy, number, op, biggest, bring"
pchqkj6,4,"movie, time, man, mcu, marvel, loki, movies, doom"
pchqkeh,1,"like, just, people, don, know, think, lol, did"
pchqi3s,1,"like, just, people, don, know, think, lol, did"
pchqgae,4,"movie, time, man, mcu, marvel, loki, movies, doom"
pchqc6d,3,"infinity, vision, imax, scene, scenes, saw, tva, screen"
pchqblg,4,"movie, time, man, mcu, marvel, loki, movies, doom"
pchqa9k,4,"movie, time, man, mcu, marvel, loki, movies, doom"
pchq9eb,3,"infinity, vision, imax, scene, scenes, saw, tva, screen"
pchq88q,4,"movie, time, man, mcu, marvel, loki, movies, doom"
pchq62f,1,"like, just, people, don, know, think, lol, did"
pchq4h1,4,"movie, time, man, mcu, marvel, loki, movies, doom"
pchq2bq,4,"movie, time, man, mcu, marvel, loki, movies, doom"
pchq1tx,4,"movie, time, man, mcu, marvel, loki, movies, doom"
pchq1q3,4,"movie, time, man, mcu, marvel, loki, movies, doom"
pchq12q,0,"gif, giphy, love, guy, number, op, biggest, bring"
pchpz2d,0,"gif, giphy, love, guy, number, op, biggest, bring"
pchpx8k,1,"like, just, people, don, know, think, lol, did"
pchpx0s,4,"movie, time, man, mcu, marvel, loki, movies, doom"
pchpwse,4,"movie, time, man, mcu, marvel, loki, movies, doom"
pchpwq1,4,"movie, time, man, mcu, marvel, loki, movies, doom"
pchpwe3,0,"gif, giphy, love, guy, number, op, biggest, bring"
pchpr8z,4,"movie, time, man, mcu, marvel, loki, movies, doom"
pchpr0l,0,"gif, giphy, love, guy, number, op, biggest, bring"
pchppr6,4,"movie, time, man, mcu, marvel, loki, movies, doom"
pchpmgp,0,"gif, giphy, love, guy, number, op, biggest, bring"
pchplbf,3,"infinity, vision, imax, scene, scenes, saw, tva, screen"
pchpkvx,4,"movie, time, man, mcu, marvel, loki, movies, doom"
pchpkkz,2,"yes, doomsday, oh, pretty, say, comics, absolutely, better"
pchpji9,1,"like, just, people, don, know, think, lol, did"
pchpi96,2,"yes, doomsday, oh, pretty, say, comics, absolutely, better"
pchpfp6,2,"yes, doomsday, oh, pretty, say, comics, absolutely, better"
pchpf18,4,"movie, time, man, mcu, marvel, loki, movies, doom"
pchpdut,0,"gif, giphy, love, guy, number, op, biggest, bring"
pchpbk1,1,"like, just, people, don, know, think, lol, did"
pchpadb,1,"like, just, people, don, know, think, lol, did"
pchp838,4,"movie, time, man, mcu, marvel, loki, movies, doom"
pchp6vo,4,"movie, time, man, mcu, marvel, loki, movies, doom"
pchp5yi,4,"movie, time, man, mcu, marvel, loki, movies, doom"
pchp4x9,0,"gif, giphy, love, guy, number, op, biggest, bring"
pchp1n2,4,"movie, time, man, mcu, marvel, loki, movies, doom"
pchoz7a,4,"movie, time, man, mcu, marvel, loki, movies, doom"
pchoz84,3,"infinity, vision, imax, scene, scenes, saw, tva, screen"
pchoyvu,1,"like, just, people, don, know, think, lol, did"
pchoymx,0,"gif, giphy, love, guy, number, op, biggest, bring"
pchoy9j,4,"movie, time, man, mcu, marvel, loki, movies, doom"
pchoxcu,0,"gif, giphy, love, guy, number, op, biggest, bring"
pchordt,0,"gif, giphy, love, guy, number, op, biggest, bring"
pchopeq,1,"like, just, people, don, know, think, lol, did"
pchoo02,1,"like, just, people, don, know, think, lol, did"
pchomhb,1,"like, just, people, don, know, think, lol, did"
pchohxw,4,"movie, time, man, mcu, marvel, loki, movies, doom"
pchohyg,4,"movie, time, man, mcu, marvel, loki, movies, doom"
pchohiq,4,"movie, time, man, mcu, marvel, loki, movies, doom"
pchohew,4,"movie, time, man, mcu, marvel, loki, movies, doom"
pchofhm,4,"movie, time, man, mcu, marvel, loki, movies, doom"
pchobh8,0,"gif, giphy, love, guy, number, op, biggest, bring"
pchoa7v,4,"movie, time, man, mcu, marvel, loki, movies, doom"
pcho954,4,"movie, time, man, mcu, marvel, loki, movies, doom"
pcho8dv,4,"movie, time, man, mcu, marvel, loki, movies, doom"
pcho3z6,4,"movie, time, man, mcu, marvel, loki, movies, doom"
pcho2ru,4,"movie, time, man, mcu, marvel, loki, movies, doom"
pcho1y4,4,"movie, time, man, mcu, marvel, loki, movies, doom"
pcho0jn,4,"movie, time, man, mcu, marvel, loki, movies, doom"
pchns4z,1,"like, just, people, don, know, think, lol, did"
pchnrnl,4,"movie, time, man, mcu, marvel, loki, movies, doom"
pchnllj,0,"gif, giphy, love, guy, number, op, biggest, bring"
pchnl1d,4,"movie, time, man, mcu, marvel, loki, movies, doom"
pchnjtl,4,"movie, time, man, mcu, marvel, loki, movies, doom"
pchnixs,3,"infinity, vision, imax, scene, scenes, saw, tva, screen"
pchnhpp,1,"like, just, people, don, know, think, lol, did"
pchngjk,4,"movie, time, man, mcu, marvel, loki, movies, doom"
pchncpo,1,"like, just, people, don, know, think, lol, did"
pchnc6a,3,"infinity, vision, imax, scene, scenes, saw, tva, screen"
pchnc3y,0,"gif, giphy, love, guy, number, op, biggest, bring"
pchnbia,0,"gif, giphy, love, guy, number, op, biggest, bring"
pchnakk,4,"movie, time, man, mcu, marvel, loki, movies, doom"
pchn7w1,4,"movie, time, man, mcu, marvel, loki, movies, doom"
pchn7nj,1,"like, just, people, don, know, think, lol, did"
pchn6xj,4,"movie, time, man, mcu, marvel, loki, movies, doom"
pchn61r,4,"movie, time, man, mcu, marvel, loki, movies, doom"
pchn5lo,4,"movie, time, man, mcu, marvel, loki, movies, doom"
pchn5mp,4,"movie, time, man, mcu, marvel, loki, movies, doom"
pchn41n,1,"like, just, people, don, know, think, lol, did"
pchn1hg,4,"movie, time, man, mcu, marvel, loki, movies, doom"
pchn05s,4,"movie, time, man, mcu, marvel, loki, movies, doom"
pchmwl6,4,"movie, time, man, mcu, marvel, loki, movies, doom"
pchmthx,4,"movie, time, man, mcu, marvel, loki, movies, doom"
pchmr52,4,"movie, time, man, mcu, marvel, loki, movies, doom"
pchmr1d,4,"movie, time, man, mcu, marvel, loki, movies, doom"
pchmqu9,1,"like, just, people, don, know, think, lol, did"
pchmn40,4,"movie, time, man, mcu, marvel, loki, movies, doom"
pchmkql,0,"gif, giphy, love, guy, number, op, biggest, bring"
pchmkb0,4,"movie, time, man, mcu, marvel, loki, movies, doom"
pchmirq,4,"movie, time, man, mcu, marvel, loki, movies, doom"
pchmg6o,4,"movie, time, man, mcu, marvel, loki, movies, doom"
pchmfqa,4,"movie, time, man, mcu, marvel, loki, movies, doom"
pchmdtd,4,"movie, time, man, mcu, marvel, loki, movies, doom"
pchmd0u,4,"movie, time, man, mcu, marvel, loki, movies, doom"
pchmbp4,4,"movie, time, man, mcu, marvel, loki, movies, doom"
pchmaxf,3,"infinity, vision, imax, scene, scenes, saw, tva, screen"
pchma6c,4,"movie, time, man, mcu, marvel, loki, movies, doom"
pchm8bo,1,"like, just, people, don, know, think, lol, did"
pchm68u,4,"movie, time, man, mcu, marvel, loki, movies, doom"
pchm4lx,4,"movie, time, man, mcu, marvel, loki, movies, doom"
pchm41t,4,"movie, time, man, mcu, marvel, loki, movies, doom"
pchlz09,4,"movie, time, man, mcu, marvel, loki, movies, doom"
pchlxsq,4,"movie, time, man, mcu, marvel, loki, movies, doom"
pchlxgj,3,"infinity, vision, imax, scene, scenes, saw, tva, screen"
pchlx0v,4,"movie, time, man, mcu, marvel, loki, movies, doom"
pchlu7c,1,"like, just, people, don, know, think, lol, did"
pchlskh,4,"movie, time, man, mcu, marvel, loki, movies, doom"
pchlrkf,1,"like, just, people, don, know, think, lol, did"
pchlrav,4,"movie, time, man, mcu, marvel, loki, movies, doom"
pchlp8c,0,"gif, giphy, love, guy, number, op, biggest, bring"
pchlozn,4,"movie, time, man, mcu, marvel, loki, movies, doom"
pchlo2f,4,"movie, time, man, mcu, marvel, loki, movies, doom"
pchlmr7,4,"movie, time, man, mcu, marvel, loki, movies, doom"
pchlm99,1,"like, just, people, don, know, think, lol, did"
pchlhm9,1,"like, just, people, don, know, think, lol, did"
pchlhhw,0,"gif, giphy, love, guy, number, op, biggest, bring"
pchlhiv,2,"yes, doomsday, oh, pretty, say, comics, absolutely, better"
pchlhiw,3,"infinity, vision, imax, scene, scenes, saw, tva, screen"
pchlh01,4,"movie, time, man, mcu, marvel, loki, movies, doom"
pchlgpp,1,"like, just, people, don, know, think, lol, did"
pchlbby,4,"movie, time, man, mcu, marvel, loki, movies, doom"
pchlauk,1,"like, just, people, don, know, think, lol, did"
pchl9xl,4,"movie, time, man, mcu, marvel, loki, movies, doom"
pchl9hl,1,"like, just, people, don, know, think, lol, did"
pchl8mk,4,"movie, time, man, mcu, marvel, loki, movies, doom"
pchl8gv,4,"movie, time, man, mcu, marvel, loki, movies, doom"
pchl7op,4,"movie, time, man, mcu, marvel, loki, movies, doom"
pchl5h9,2,"yes, doomsday, oh, pretty, say, comics, absolutely, better"
pchl2tx,4,"movie, time, man, mcu, marvel, loki, movies, doom"
pchkzhg,3,"infinity, vision, imax, scene, scenes, saw, tva, screen"
pchkzbx,3,"infinity, vision, imax, scene, scenes, saw, tva, screen"
pchkxw4,4,"movie, time, man, mcu, marvel, loki, movies, doom"
pchkxhr,4,"movie, time, man, mcu, marvel, loki, movies, doom"
pchkwot,3,"infinity, vision, imax, scene, scenes, saw, tva, screen"
pchkvr2,4,"movie, time, man, mcu, marvel, loki, movies, doom"
pchkv8b,4,"movie, time, man, mcu, marvel, loki, movies, doom"
pchkt48,3,"infinity, vision, imax, scene, scenes, saw, tva, screen"
pchkqfm,4,"movie, time, man, mcu, marvel, loki, movies, doom"
pchkjmv,1,"like, just, people, don, know, think, lol, did"
pchkh4s,4,"movie, time, man, mcu, marvel, loki, movies, doom"
pchkfv0,4,"movie, time, man, mcu, marvel, loki, movies, doom"
pchkfcn,4,"movie, time, man, mcu, marvel, loki, movies, doom"
pchkdvc,4,"movie, time, man, mcu, marvel, loki, movies, doom"
pchkcuq,4,"movie, time, man, mcu, marvel, loki, movies, doom"
pchkb1t,4,"movie, time, man, mcu, marvel, loki, movies, doom"
pchk86n,4,"movie, time, man, mcu, marvel, loki, movies, doom"
pchjvwb,4,"movie, time, man, mcu, marvel, loki, movies, doom"
pchjtjf,3,"infinity, vision, imax, scene, scenes, saw, tva, screen"
pchjrx5,4,"movie, time, man, mcu, marvel, loki, movies, doom"
pchjo1u,4,"movie, time, man, mcu, marvel, loki, movies, doom"
pchjl5k,4,"movie, time, man, mcu, marvel, loki, movies, doom"
pchjkph,3,"infinity, vision, imax, scene, scenes, saw, tva, screen"
pchji47,1,"like, just, people, don, know, think, lol, did"
pchjc45,4,"movie, time, man, mcu, marvel, loki, movies, doom"
pchj97j,1,"like, just, people, don, know, think, lol, did"
pchj8m2,4,"movie, time, man, mcu, marvel, loki, movies, doom"
pchj6nt,2,"yes, doomsday, oh, pretty, say, comics, absolutely, better"
pchj3t6,1,"like, just, people, don, know, think, lol, did"
pchj17m,1,"like, just, people, don, know, think, lol, did"
pchizzv,4,"movie, time, man, mcu, marvel, loki, movies, doom"
pchiw5r,1,"like, just, people, don, know, think, lol, did"
pchirjn,4,"movie, time, man, mcu, marvel, loki, movies, doom"
pchir4c,4,"movie, time, man, mcu, marvel, loki, movies, doom"
pchir4q,4,"movie, time, man, mcu, marvel, loki, movies, doom"
pchinwi,4,"movie, time, man, mcu, marvel, loki, movies, doom"
pchin4u,4,"movie, time, man, mcu, marvel, loki, movies, doom"
pchin34,2,"yes, doomsday, oh, pretty, say, comics, absolutely, better"
pchil16,4,"movie, time, man, mcu, marvel, loki, movies, doom"
pchijwv,3,"infinity, vision, imax, scene, scenes, saw, tva, screen"
pchig4i,4,"movie, time, man, mcu, marvel, loki, movies, doom"
pchifd1,4,"movie, time, man, mcu, marvel, loki, movies, doom"
pchif1o,1,"like, just, people, don, know, think, lol, did"
pchic05,4,"movie, time, man, mcu, marvel, loki, movies, doom"
pchi7j4,3,"infinity, vision, imax, scene, scenes, saw, tva, screen"
pchi5w4,1,"like, just, people, don, know, think, lol, did"
pchi5jz,0,"gif, giphy, love, guy, number, op, biggest, bring"
pchi51b,4,"movie, time, man, mcu, marvel, loki, movies, doom"
pchi4f3,4,"movie, time, man, mcu, marvel, loki, movies, doom"
pchi3qs,1,"like, just, people, don, know, think, lol, did"
pchi3ny,1,"like, just, people, don, know, think, lol, did"
pchi2rs,2,"yes, doomsday, oh, pretty, say, comics, absolutely, better"
pchi2sm,3,"infinity, vision, imax, scene, scenes, saw, tva, screen"
pchi2u2,4,"movie, time, man, mcu, marvel, loki, movies, doom"
pchi150,4,"movie, time, man, mcu, marvel, loki, movies, doom"
pchhxvi,4,"movie, time, man, mcu, marvel, loki, movies, doom"
pchhwqq,4,"movie, time, man, mcu, marvel, loki, movies, doom"
pchhtnz,0,"gif, giphy, love, guy, number, op, biggest, bring"
pchhthz,1,"like, just, people, don, know, think, lol, did"
pchhspt,3,"infinity, vision, imax, scene, scenes, saw, tva, screen"
pchhrrw,4,"movie, time, man, mcu, marvel, loki, movies, doom"
pchhoxr,1,"like, just, people, don, know, think, lol, did"
pchhosw,4,"movie, time, man, mcu, marvel, loki, movies, doom"
pchhnur,4,"movie, time, man, mcu, marvel, loki, movies, doom"
pchhjuu,4,"movie, time, man, mcu, marvel, loki, movies, doom"
pchhjrb,4,"movie, time, man, mcu, marvel, loki, movies, doom"
pchhisk,4,"movie, time, man, mcu, marvel, loki, movies, doom"
pchhi2m,4,"movie, time, man, mcu, marvel, loki, movies, doom"
pchhc48,4,"movie, time, man, mcu, marvel, loki, movies, doom"
pchhbs3,1,"like, just, people, don, know, think, lol, did"
pchhbgw,4,"movie, time, man, mcu, marvel, loki, movies, doom"
pchh85r,4,"movie, time, man, mcu, marvel, loki, movies, doom"
pchh7aw,0,"gif, giphy, love, guy, number, op, biggest, bring"
pchh59m,4,"movie, time, man, mcu, marvel, loki, movies, doom"
pchh21s,4,"movie, time, man, mcu, marvel, loki, movies, doom"
pchh06c,4,"movie, time, man, mcu, marvel, loki, movies, doom"
pchgzlk,4,"movie, time, man, mcu, marvel, loki, movies, doom"
pchgyk4,0,"gif, giphy, love, guy, number, op, biggest, bring"
pchguhb,4,"movie, time, man, mcu, marvel, loki, movies, doom"
pchgtw4,4,"movie, time, man, mcu, marvel, loki, movies, doom"
pchgs7m,1,"like, just, people, don, know, think, lol, did"
pchgq0r,2,"yes, doomsday, oh, pretty, say, comics, absolutely, better"
pchgos3,4,"movie, time, man, mcu, marvel, loki, movies, doom"
pchgoeu,4,"movie, time, man, mcu, marvel, loki, movies, doom"
pchgnd7,2,"yes, doomsday, oh, pretty, say, comics, absolutely, better"
pchglhg,3,"infinity, vision, imax, scene, scenes, saw, tva, screen"
pchgl4u,4,"movie, time, man, mcu, marvel, loki, movies, doom"
pchgk8o,4,"movie, time, man, mcu, marvel, loki, movies, doom"
pchgjj5,4,"movie, time, man, mcu, marvel, loki, movies, doom"
pchghzx,0,"gif, giphy, love, guy, number, op, biggest, bring"
pchggln,1,"like, just, people, don, know, think, lol, did"
pchgg8u,4,"movie, time, man, mcu, marvel, loki, movies, doom"
pchgf46,4,"movie, time, man, mcu, marvel, loki, movies, doom"
pchgei8,4,"movie, time, man, mcu, marvel, loki, movies, doom"
pchgcz1,3,"infinity, vision, imax, scene, scenes, saw, tva, screen"
pchgbfd,4,"movie, time, man, mcu, marvel, loki, movies, doom"
pchgb1g,4,"movie, time, man, mcu, marvel, loki, movies, doom"
pchgaun,0,"gif, giphy, love, guy, number, op, biggest, bring"
pchgabz,4,"movie, time, man, mcu, marvel, loki, movies, doom"
pchg980,4,"movie, time, man, mcu, marvel, loki, movies, doom"
pchg8q2,1,"like, just, people, don, know, think, lol, did"
pchg66n,3,"infinity, vision, imax, scene, scenes, saw, tva, screen"
pchg693,0,"gif, giphy, love, guy, number, op, biggest, bring"
pchg5jk,0,"gif, giphy, love, guy, number, op, biggest, bring"
pchg515,0,"gif, giphy, love, guy, number, op, biggest, bring"
pchg4uj,4,"movie, time, man, mcu, marvel, loki, movies, doom"
pchg4mx,4,"movie, time, man, mcu, marvel, loki, movies, doom"
pchg47d,1,"like, just, people, don, know, think, lol, did"
pchg3md,1,"like, just, people, don, know, think, lol, did"
pchg3h9,4,"movie, time, man, mcu, marvel, loki, movies, doom"
pchg3bg,4,"movie, time, man, mcu, marvel, loki, movies, doom"
pchg2su,4,"movie, time, man, mcu, marvel, loki, movies, doom"
pchfxdy,4,"movie, time, man, mcu, marvel, loki, movies, doom"
pchfx4h,4,"movie, time, man, mcu, marvel, loki, movies, doom"
pchfu1g,3,"infinity, vision, imax, scene, scenes, saw, tva, screen"
pchfqvv,4,"movie, time, man, mcu, marvel, loki, movies, doom"
pchfl93,1,"like, just, people, don, know, think, lol, did"
pchfi8u,4,"movie, time, man, mcu, marvel, loki, movies, doom"
pchfi51,1,"like, just, people, don, know, think, lol, did"
pchfh1b,3,"infinity, vision, imax, scene, scenes, saw, tva, screen"
pchfdmn,4,"movie, time, man, mcu, marvel, loki, movies, doom"
pchfd81,4,"movie, time, man, mcu, marvel, loki, movies, doom"
pchf9jk,4,"movie, time, man, mcu, marvel, loki, movies, doom"
pchf6wx,3,"infinity, vision, imax, scene, scenes, saw, tva, screen"
pchf5pj,4,"movie, time, man, mcu, marvel, loki, movies, doom"
pchf1xd,4,"movie, time, man, mcu, marvel, loki, movies, doom"
pchf1do,2,"yes, doomsday, oh, pretty, say, comics, absolutely, better"
pchf0vd,1,"like, just, people, don, know, think, lol, did"
pchf0o7,4,"movie, time, man, mcu, marvel, loki, movies, doom"
pchf0ls,3,"infinity, vision, imax, scene, scenes, saw, tva, screen"
pchexdt,4,"movie, time, man, mcu, marvel, loki, movies, doom"
pcheu1h,4,"movie, time, man, mcu, marvel, loki, movies, doom"
pchesz6,4,"movie, time, man, mcu, marvel, loki, movies, doom"
pchesov,3,"infinity, vision, imax, scene, scenes, saw, tva, screen"
pchero5,4,"movie, time, man, mcu, marvel, loki, movies, doom"
pcher8g,4,"movie, time, man, mcu, marvel, loki, movies, doom"
pcheqlz,4,"movie, time, man, mcu, marvel, loki, movies, doom"
pchepyp,3,"infinity, vision, imax, scene, scenes, saw, tva, screen"
pcheoo1,3,"infinity, vision, imax, scene, scenes, saw, tva, screen"
pcheoo4,1,"like, just, people, don, know, think, lol, did"
pcheoh7,4,"movie, time, man, mcu, marvel, loki, movies, doom"
pchej9v,3,"infinity, vision, imax, scene, scenes, saw, tva, screen"
pchebr8,4,"movie, time, man, mcu, marvel, loki, movies, doom"
pchebry,4,"movie, time, man, mcu, marvel, loki, movies, doom"
pchebfq,4,"movie, time, man, mcu, marvel, loki, movies, doom"
pche8wo,4,"movie, time, man, mcu, marvel, loki, movies, doom"
pche7w8,4,"movie, time, man, mcu, marvel, loki, movies, doom"
pche4fn,4,"movie, time, man, mcu, marvel, loki, movies, doom"
pche2sk,3,"infinity, vision, imax, scene, scenes, saw, tva, screen"
pche0vp,1,"like, just, people, don, know, think, lol, did"
pchdzoi,4,"movie, time, man, mcu, marvel, loki, movies, doom"
pchdzl0,4,"movie, time, man, mcu, marvel, loki, movies, doom"
pchdyg7,1,"like, just, people, don, know, think, lol, did"
pchdygr,4,"movie, time, man, mcu, marvel, loki, movies, doom"
pchdxnp,0,"gif, giphy, love, guy, number, op, biggest, bring"
pchdxjl,3,"infinity, vision, imax, scene, scenes, saw, tva, screen"
pchdxen,3,"infinity, vision, imax, scene, scenes, saw, tva, screen"
pchdv4x,4,"movie, time, man, mcu, marvel, loki, movies, doom"
pchduzi,3,"infinity, vision, imax, scene, scenes, saw, tva, screen"
pchduhv,2,"yes, doomsday, oh, pretty, say, comics, absolutely, better"
pchdtyt,3,"infinity, vision, imax, scene, scenes, saw, tva, screen"
pchdss2,4,"movie, time, man, mcu, marvel, loki, movies, doom"
pchdpu3,4,"movie, time, man, mcu, marvel, loki, movies, doom"
pchdloy,3,"infinity, vision, imax, scene, scenes, saw, tva, screen"
pchdl61,4,"movie, time, man, mcu, marvel, loki, movies, doom"
pchdjbo,4,"movie, time, man, mcu, marvel, loki, movies, doom"
pchdeyp,4,"movie, time, man, mcu, marvel, loki, movies, doom"
pchdevn,4,"movie, time, man, mcu, marvel, loki, movies, doom"
pchddx1,4,"movie, time, man, mcu, marvel, loki, movies, doom"
pchdde1,4,"movie, time, man, mcu, marvel, loki, movies, doom"
pchdd7v,3,"infinity, vision, imax, scene, scenes, saw, tva, screen"
pchdc3k,4,"movie, time, man, mcu, marvel, loki, movies, doom"
pchdbfi,3,"infinity, vision, imax, scene, scenes, saw, tva, screen"
pchda6b,1,"like, just, people, don, know, think, lol, did"
pchd9v0,4,"movie, time, man, mcu, marvel, loki, movies, doom"
pchd9xa,4,"movie, time, man, mcu, marvel, loki, movies, doom"
pchd8k4,4,"movie, time, man, mcu, marvel, loki, movies, doom"
pchd3em,2,"yes, doomsday, oh, pretty, say, comics, absolutely, better"
pchd1m1,1,"like, just, people, don, know, think, lol, did"
pchd1ei,4,"movie, time, man, mcu, marvel, loki, movies, doom"
pchd0l9,4,"movie, time, man, mcu, marvel, loki, movies, doom"
pchczta,3,"infinity, vision, imax, scene, scenes, saw, tva, screen"
pchcymt,4,"movie, time, man, mcu, marvel, loki, movies, doom"
pchcyeg,1,"like, just, people, don, know, think, lol, did"
pchcttr,1,"like, just, people, don, know, think, lol, did"
pchcto8,4,"movie, time, man, mcu, marvel, loki, movies, doom"
pchcpms,1,"like, just, people, don, know, think, lol, did"
pchcovx,1,"like, just, people, don, know, think, lol, did"
pchcmmi,4,"movie, time, man, mcu, marvel, loki, movies, doom"
pchclt0,1,"like, just, people, don, know, think, lol, did"
pchci8j,4,"movie, time, man, mcu, marvel, loki, movies, doom"
pchcgf4,1,"like, just, people, don, know, think, lol, did"
pchce18,4,"movie, time, man, mcu, marvel, loki, movies, doom"
pchcbgl,4,"movie, time, man, mcu, marvel, loki, movies, doom"
pchcbib,4,"movie, time, man, mcu, marvel, loki, movies, doom"
pchcb03,4,"movie, time, man, mcu, marvel, loki, movies, doom"
pchcank,4,"movie, time, man, mcu, marvel, loki, movies, doom"
pchc7te,4,"movie, time, man, mcu, marvel, loki, movies, doom"
pchc5c3,4,"movie, time, man, mcu, marvel, loki, movies, doom"
pchc3d9,0,"gif, giphy, love, guy, number, op, biggest, bring"
pchc1nh,0,"gif, giphy, love, guy, number, op, biggest, bring"
pchbzab,3,"infinity, vision, imax, scene, scenes, saw, tva, screen"
pchbyn3,0,"gif, giphy, love, guy, number, op, biggest, bring"
pchbycs,1,"like, just, people, don, know, think, lol, did"
pchby4z,1,"like, just, people, don, know, think, lol, did"
pchbx06,2,"yes, doomsday, oh, pretty, say, comics, absolutely, better"
pchbwmc,4,"movie, time, man, mcu, marvel, loki, movies, doom"
pchbvp5,1,"like, just, people, don, know, think, lol, did"
pchbv4r,1,"like, just, people, don, know, think, lol, did"
pchbtsv,0,"gif, giphy, love, guy, number, op, biggest, bring"
pchbt58,1,"like, just, people, don, know, think, lol, did"
pchbt7t,4,"movie, time, man, mcu, marvel, loki, movies, doom"
pchbs1u,4,"movie, time, man, mcu, marvel, loki, movies, doom"
pchbqzb,2,"yes, doomsday, oh, pretty, say, comics, absolutely, better"
pchbpi3,0,"gif, giphy, love, guy, number, op, biggest, bring"
pchbok0,4,"movie, time, man, mcu, marvel, loki, movies, doom"
pchbodk,4,"movie, time, man, mcu, marvel, loki, movies, doom"
pchbmbf,4,"movie, time, man, mcu, marvel, loki, movies, doom"
pchbkze,4,"movie, time, man, mcu, marvel, loki, movies, doom"
pchbi66,1,"like, just, people, don, know, think, lol, did"
pchbcjm,4,"movie, time, man, mcu, marvel, loki, movies, doom"
pchbbvz,4,"movie, time, man, mcu, marvel, loki, movies, doom"
pchb8kg,0,"gif, giphy, love, guy, number, op, biggest, bring"
pchb6yw,0,"gif, giphy, love, guy, number, op, biggest, bring"
pchb5uk,4,"movie, time, man, mcu, marvel, loki, movies, doom"
pchb5ad,4,"movie, time, man, mcu, marvel, loki, movies, doom"
pchb4ev,1,"like, just, people, don, know, think, lol, did"
pchaz12,0,"gif, giphy, love, guy, number, op, biggest, bring"
pchaxuz,3,"infinity, vision, imax, scene, scenes, saw, tva, screen"
pchaxae,4,"movie, time, man, mcu, marvel, loki, movies, doom"
pchawj4,4,"movie, time, man, mcu, marvel, loki, movies, doom"
pchaw3q,4,"movie, time, man, mcu, marvel, loki, movies, doom"
pchaw0l,4,"movie, time, man, mcu, marvel, loki, movies, doom"
pchaudp,4,"movie, time, man, mcu, marvel, loki, movies, doom"
pchat4u,4,"movie, time, man, mcu, marvel, loki, movies, doom"
pchasbz,4,"movie, time, man, mcu, marvel, loki, movies, doom"
pchapdv,1,"like, just, people, don, know, think, lol, did"
pchao2m,4,"movie, time, man, mcu, marvel, loki, movies, doom"
pchanof,4,"movie, time, man, mcu, marvel, loki, movies, doom"
pchambw,4,"movie, time, man, mcu, marvel, loki, movies, doom"
pchaj2t,4,"movie, time, man, mcu, marvel, loki, movies, doom"
pchai8x,3,"infinity, vision, imax, scene, scenes, saw, tva, screen"
pchagb0,3,"infinity, vision, imax, scene, scenes, saw, tva, screen"
pchaf6t,4,"movie, time, man, mcu, marvel, loki, movies, doom"
pchadf2,4,"movie, time, man, mcu, marvel, loki, movies, doom"
pchabxk,1,"like, just, people, don, know, think, lol, did"
pchabv7,1,"like, just, people, don, know, think, lol, did"
pchaaws,4,"movie, time, man, mcu, marvel, loki, movies, doom"
pcha7he,4,"movie, time, man, mcu, marvel, loki, movies, doom"
pcha608,4,"movie, time, man, mcu, marvel, loki, movies, doom"
pcha5v4,1,"like, just, people, don, know, think, lol, did"
pcha513,1,"like, just, people, don, know, think, lol, did"
pcha43l,4,"movie, time, man, mcu, marvel, loki, movies, doom"
pcha39w,1,"like, just, people, don, know, think, lol, did"
pcha2zr,4,"movie, time, man, mcu, marvel, loki, movies, doom"
pcha0bf,4,"movie, time, man, mcu, marvel, loki, movies, doom"
pch9xq0,4,"movie, time, man, mcu, marvel, loki, movies, doom"
pch9x13,1,"like, just, people, don, know, think, lol, did"
pch9wbe,4,"movie, time, man, mcu, marvel, loki, movies, doom"
pch9tws,4,"movie, time, man, mcu, marvel, loki, movies, doom"
pch9sw8,1,"like, just, people, don, know, think, lol, did"
pch9st5,1,"like, just, people, don, know, think, lol, did"
pch9ru5,4,"movie, time, man, mcu, marvel, loki, movies, doom"
pch9ov1,1,"like, just, people, don, know, think, lol, did"
pch9mzq,4,"movie, time, man, mcu, marvel, loki, movies, doom"
pch9mw5,4,"movie, time, man, mcu, marvel, loki, movies, doom"
pch9mp6,1,"like, just, people, don, know, think, lol, did"
pch9mgd,4,"movie, time, man, mcu, marvel, loki, movies, doom"
pch9lh4,1,"like, just, people, don, know, think, lol, did"
pch9kqz,4,"movie, time, man, mcu, marvel, loki, movies, doom"
pch9jjm,2,"yes, doomsday, oh, pretty, say, comics, absolutely, better"
pch9jbl,1,"like, just, people, don, know, think, lol, did"
pch9iwp,1,"like, just, people, don, know, think, lol, did"
pch9heg,1,"like, just, people, don, know, think, lol, did"
pch9gfn,1,"like, just, people, don, know, think, lol, did"
pch9g39,1,"like, just, people, don, know, think, lol, did"
pch9dx6,4,"movie, time, man, mcu, marvel, loki, movies, doom"
pch9doo,4,"movie, time, man, mcu, marvel, loki, movies, doom"
pch9dby,4,"movie, time, man, mcu, marvel, loki, movies, doom"
pch9czl,4,"movie, time, man, mcu, marvel, loki, movies, doom"
pch9cmg,4,"movie, time, man, mcu, marvel, loki, movies, doom"
pch9cjl,3,"infinity, vision, imax, scene, scenes, saw, tva, screen"
pch9blx,4,"movie, time, man, mcu, marvel, loki, movies, doom"
pch9an9,4,"movie, time, man, mcu, marvel, loki, movies, doom"
pch99b9,4,"movie, time, man, mcu, marvel, loki, movies, doom"
pch97mm,4,"movie, time, man, mcu, marvel, loki, movies, doom"
pch977o,4,"movie, time, man, mcu, marvel, loki, movies, doom"
pch94w3,3,"infinity, vision, imax, scene, scenes, saw, tva, screen"
pch94ls,1,"like, just, people, don, know, think, lol, did"
pch942f,4,"movie, time, man, mcu, marvel, loki, movies, doom"
pch93up,3,"infinity, vision, imax, scene, scenes, saw, tva, screen"
pch92x6,1,"like, just, people, don, know, think, lol, did"
pch92qc,4,"movie, time, man, mcu, marvel, loki, movies, doom"
pch92qm,4,"movie, time, man, mcu, marvel, loki, movies, doom"
pch90xf,3,"infinity, vision, imax, scene, scenes, saw, tva, screen"
pch8xui,1,"like, just, people, don, know, think, lol, did"
pch8xpc,1,"like, just, people, don, know, think, lol, did"
pch8w9e,4,"movie, time, man, mcu, marvel, loki, movies, doom"
pch8u6w,4,"movie, time, man, mcu, marvel, loki, movies, doom"
pch8u10,4,"movie, time, man, mcu, marvel, loki, movies, doom"
pch8r5h,4,"movie, time, man, mcu, marvel, loki, movies, doom"
pch8qxq,4,"movie, time, man, mcu, marvel, loki, movies, doom"
pch8qdr,1,"like, just, people, don, know, think, lol, did"
pch8pja,4,"movie, time, man, mcu, marvel, loki, movies, doom"
pch8kle,3,"infinity, vision, imax, scene, scenes, saw, tva, screen"
pch8jv0,4,"movie, time, man, mcu, marvel, loki, movies, doom"
pch8ej2,4,"movie, time, man, mcu, marvel, loki, movies, doom"
pch8dnd,0,"gif, giphy, love, guy, number, op, biggest, bring"
pch8d2k,1,"like, just, people, don, know, think, lol, did"
pch8cls,4,"movie, time, man, mcu, marvel, loki, movies, doom"
pch8c4s,4,"movie, time, man, mcu, marvel, loki, movies, doom"
pch89ya,3,"infinity, vision, imax, scene, scenes, saw, tva, screen"
pch88qt,4,"movie, time, man, mcu, marvel, loki, movies, doom"
pch88jm,0,"gif, giphy, love, guy, number, op, biggest, bring"
pch871e,4,"movie, time, man, mcu, marvel, loki, movies, doom"
pch81xo,0,"gif, giphy, love, guy, number, op, biggest, bring"
pch805o,4,"movie, time, man, mcu, marvel, loki, movies, doom"
pch7vw3,1,"like, just, people, don, know, think, lol, did"
pch7tjo,4,"movie, time, man, mcu, marvel, loki, movies, doom"
pch7st7,1,"like, just, people, don, know, think, lol, did"
pch7sec,4,"movie, time, man, mcu, marvel, loki, movies, doom"
pch7rwd,4,"movie, time, man, mcu, marvel, loki, movies, doom"
pch7rph,1,"like, just, people, don, know, think, lol, did"
pch7rkq,3,"infinity, vision, imax, scene, scenes, saw, tva, screen"
pch7ptr,4,"movie, time, man, mcu, marvel, loki, movies, doom"
pch7ot3,4,"movie, time, man, mcu, marvel, loki, movies, doom"
pch7oio,2,"yes, doomsday, oh, pretty, say, comics, absolutely, better"
pch7o9i,3,"infinity, vision, imax, scene, scenes, saw, tva, screen"
pch7o48,4,"movie, time, man, mcu, marvel, loki, movies, doom"
pch7o0x,4,"movie, time, man, mcu, marvel, loki, movies, doom"
pch7lc2,4,"movie, time, man, mcu, marvel, loki, movies, doom"
pch7hoq,4,"movie, time, man, mcu, marvel, loki, movies, doom"
pch7h1c,2,"yes, doomsday, oh, pretty, say, comics, absolutely, better"
pch7fjn,4,"movie, time, man, mcu, marvel, loki, movies, doom"
pch7cn9,4,"movie, time, man, mcu, marvel, loki, movies, doom"
pch7bd2,4,"movie, time, man, mcu, marvel, loki, movies, doom"
pch7aie,4,"movie, time, man, mcu, marvel, loki, movies, doom"
pch7625,0,"gif, giphy, love, guy, number, op, biggest, bring"
pch75eo,4,"movie, time, man, mcu, marvel, loki, movies, doom"
pch7533,1,"like, just, people, don, know, think, lol, did"
pch72ci,4,"movie, time, man, mcu, marvel, loki, movies, doom"
pch71e0,4,"movie, time, man, mcu, marvel, loki, movies, doom"
pch70ek,4,"movie, time, man, mcu, marvel, loki, movies, doom"
pch6xo5,4,"movie, time, man, mcu, marvel, loki, movies, doom"
pch6whm,0,"gif, giphy, love, guy, number, op, biggest, bring"
pch6v2j,4,"movie, time, man, mcu, marvel, loki, movies, doom"
pch6uqf,4,"movie, time, man, mcu, marvel, loki, movies, doom"
pch6utj,4,"movie, time, man, mcu, marvel, loki, movies, doom"
pch6txr,1,"like, just, people, don, know, think, lol, did"
pch6rxs,4,"movie, time, man, mcu, marvel, loki, movies, doom"
pch6qkf,4,"movie, time, man, mcu, marvel, loki, movies, doom"
pch6n05,4,"movie, time, man, mcu, marvel, loki, movies, doom"
pch6k0a,4,"movie, time, man, mcu, marvel, loki, movies, doom"
pch6gle,1,"like, just, people, don, know, think, lol, did"
pch6gqn,1,"like, just, people, don, know, think, lol, did"
pch6g3d,4,"movie, time, man, mcu, marvel, loki, movies, doom"
pch6fiv,1,"like, just, people, don, know, think, lol, did"
pch6e3z,4,"movie, time, man, mcu, marvel, loki, movies, doom"
pch6cp0,4,"movie, time, man, mcu, marvel, loki, movies, doom"
pch6bcb,1,"like, just, people, don, know, think, lol, did"
pch6b62,1,"like, just, people, don, know, think, lol, did"
pch68nm,4,"movie, time, man, mcu, marvel, loki, movies, doom"
pch67ee,1,"like, just, people, don, know, think, lol, did"
pch62ye,4,"movie, time, man, mcu, marvel, loki, movies, doom"
pch6070,4,"movie, time, man, mcu, marvel, loki, movies, doom"
pch5zou,1,"like, just, people, don, know, think, lol, did"
pch5wb9,4,"movie, time, man, mcu, marvel, loki, movies, doom"
pch5uns,1,"like, just, people, don, know, think, lol, did"
pch5r39,0,"gif, giphy, love, guy, number, op, biggest, bring"
pch5owl,4,"movie, time, man, mcu, marvel, loki, movies, doom"
pch5ocj,4,"movie, time, man, mcu, marvel, loki, movies, doom"
pch5iqn,3,"infinity, vision, imax, scene, scenes, saw, tva, screen"
pch5gwk,4,"movie, time, man, mcu, marvel, loki, movies, doom"
pch5cvx,4,"movie, time, man, mcu, marvel, loki, movies, doom"
pch59yn,0,"gif, giphy, love, guy, number, op, biggest, bring"
pch5829,4,"movie, time, man, mcu, marvel, loki, movies, doom"
pch57nz,0,"gif, giphy, love, guy, number, op, biggest, bring"
pch57ld,4,"movie, time, man, mcu, marvel, loki, movies, doom"
pch52cc,3,"infinity, vision, imax, scene, scenes, saw, tva, screen"
pch525y,1,"like, just, people, don, know, think, lol, did"
pch51s7,1,"like, just, people, don, know, think, lol, did"
pch50m5,1,"like, just, people, don, know, think, lol, did"
pch4ypc,4,"movie, time, man, mcu, marvel, loki, movies, doom"
pch4wnc,1,"like, just, people, don, know, think, lol, did"
pch4wch,0,"gif, giphy, love, guy, number, op, biggest, bring"
pch4w45,3,"infinity, vision, imax, scene, scenes, saw, tva, screen"
pch4v92,1,"like, just, people, don, know, think, lol, did"
pch4svn,4,"movie, time, man, mcu, marvel, loki, movies, doom"
pch4ply,4,"movie, time, man, mcu, marvel, loki, movies, doom"
pch4oy5,4,"movie, time, man, mcu, marvel, loki, movies, doom"
pch4ovo,1,"like, just, people, don, know, think, lol, did"
pch4n0b,4,"movie, time, man, mcu, marvel, loki, movies, doom"
pch4n49,4,"movie, time, man, mcu, marvel, loki, movies, doom"
pch4lma,0,"gif, giphy, love, guy, number, op, biggest, bring"
pch4a6i,4,"movie, time, man, mcu, marvel, loki, movies, doom"
pch48rq,4,"movie, time, man, mcu, marvel, loki, movies, doom"
pch48kn,3,"infinity, vision, imax, scene, scenes, saw, tva, screen"
pch46ac,4,"movie, time, man, mcu, marvel, loki, movies, doom"
pch43wl,1,"like, just, people, don, know, think, lol, did"
pch43ya,4,"movie, time, man, mcu, marvel, loki, movies, doom"
pch433a,4,"movie, time, man, mcu, marvel, loki, movies, doom"
pch42yg,4,"movie, time, man, mcu, marvel, loki, movies, doom"
pch4268,4,"movie, time, man, mcu, marvel, loki, movies, doom"
pch417m,4,"movie, time, man, mcu, marvel, loki, movies, doom"
pch3xng,4,"movie, time, man, mcu, marvel, loki, movies, doom"
pch3wom,1,"like, just, people, don, know, think, lol, did"
pch3w4y,4,"movie, time, man, mcu, marvel, loki, movies, doom"
pch3v00,4,"movie, time, man, mcu, marvel, loki, movies, doom"
pch3t6t,4,"movie, time, man, mcu, marvel, loki, movies, doom"
pch3rys,1,"like, just, people, don, know, think, lol, did"
pch3riz,0,"gif, giphy, love, guy, number, op, biggest, bring"
pch3r4e,4,"movie, time, man, mcu, marvel, loki, movies, doom"
pch3r0g,3,"infinity, vision, imax, scene, scenes, saw, tva, screen"
pch3phd,4,"movie, time, man, mcu, marvel, loki, movies, doom"
pch3pid,2,"yes, doomsday, oh, pretty, say, comics, absolutely, better"
pch3om1,3,"infinity, vision, imax, scene, scenes, saw, tva, screen"
pch3nf5,4,"movie, time, man, mcu, marvel, loki, movies, doom"
pch3j82,4,"movie, time, man, mcu, marvel, loki, movies, doom"
pch3b2q,4,"movie, time, man, mcu, marvel, loki, movies, doom"
pch38x8,0,"gif, giphy, love, guy, number, op, biggest, bring"
pch37s2,4,"movie, time, man, mcu, marvel, loki, movies, doom"
pch36l3,2,"yes, doomsday, oh, pretty, say, comics, absolutely, better"
pch35p4,4,"movie, time, man, mcu, marvel, loki, movies, doom"
pch34hd,4,"movie, time, man, mcu, marvel, loki, movies, doom"
pch338z,1,"like, just, people, don, know, think, lol, did"
pch3268,0,"gif, giphy, love, guy, number, op, biggest, bring"
pch3023,4,"movie, time, man, mcu, marvel, loki, movies, doom"
pch2yew,3,"infinity, vision, imax, scene, scenes, saw, tva, screen"
pch2y19,1,"like, just, people, don, know, think, lol, did"
pch2x21,4,"movie, time, man, mcu, marvel, loki, movies, doom"
pch2npi,4,"movie, time, man, mcu, marvel, loki, movies, doom"
pch2n9d,4,"movie, time, man, mcu, marvel, loki, movies, doom"
pch2h5d,1,"like, just, people, don, know, think, lol, did"
pch2g5j,4,"movie, time, man, mcu, marvel, loki, movies, doom"
pch2ddw,4,"movie, time, man, mcu, marvel, loki, movies, doom"
pch2cdf,4,"movie, time, man, mcu, marvel, loki, movies, doom"
pch2cab,4,"movie, time, man, mcu, marvel, loki, movies, doom"
pch2bje,4,"movie, time, man, mcu, marvel, loki, movies, doom"
pch27ch,4,"movie, time, man, mcu, marvel, loki, movies, doom"
pch277u,4,"movie, time, man, mcu, marvel, loki, movies, doom"
pch24fc,4,"movie, time, man, mcu, marvel, loki, movies, doom"
pch1xtt,4,"movie, time, man, mcu, marvel, loki, movies, doom"
pch1wrg,4,"movie, time, man, mcu, marvel, loki, movies, doom"
pch1wnc,0,"gif, giphy, love, guy, number, op, biggest, bring"
pch1wht,4,"movie, time, man, mcu, marvel, loki, movies, doom"
pch1uz3,1,"like, just, people, don, know, think, lol, did"
pch1pkk,1,"like, just, people, don, know, think, lol, did"
pch1o53,0,"gif, giphy, love, guy, number, op, biggest, bring"
pch1mko,4,"movie, time, man, mcu, marvel, loki, movies, doom"
pch1kbt,4,"movie, time, man, mcu, marvel, loki, movies, doom"
pch1jgm,4,"movie, time, man, mcu, marvel, loki, movies, doom"
pch1hz8,3,"infinity, vision, imax, scene, scenes, saw, tva, screen"
pch1i1l,4,"movie, time, man, mcu, marvel, loki, movies, doom"
pch1gpf,4,"movie, time, man, mcu, marvel, loki, movies, doom"
pch1gb5,1,"like, just, people, don, know, think, lol, did"
pch1cwx,4,"movie, time, man, mcu, marvel, loki, movies, doom"
pch1c2a,4,"movie, time, man, mcu, marvel, loki, movies, doom"
pch1bdh,0,"gif, giphy, love, guy, number, op, biggest, bring"
pch16wv,1,"like, just, people, don, know, think, lol, did"
pch168o,4,"movie, time, man, mcu, marvel, loki, movies, doom"
pch15ma,4,"movie, time, man, mcu, marvel, loki, movies, doom"
pch11uj,1,"like, just, people, don, know, think, lol, did"
pch100r,4,"movie, time, man, mcu, marvel, loki, movies, doom"
pch0zi5,1,"like, just, people, don, know, think, lol, did"
pch0z9y,4,"movie, time, man, mcu, marvel, loki, movies, doom"
pch0xdd,4,"movie, time, man, mcu, marvel, loki, movies, doom"
pch0xfj,1,"like, just, people, don, know, think, lol, did"
pch0x5u,4,"movie, time, man, mcu, marvel, loki, movies, doom"
pch0vqd,4,"movie, time, man, mcu, marvel, loki, movies, doom"
pch0uil,4,"movie, time, man, mcu, marvel, loki, movies, doom"
pch0tma,1,"like, just, people, don, know, think, lol, did"
pch0mvm,4,"movie, time, man, mcu, marvel, loki, movies, doom"
pch0jn9,3,"infinity, vision, imax, scene, scenes, saw, tva, screen"
pch0ido,4,"movie, time, man, mcu, marvel, loki, movies, doom"
pch0gie,1,"like, just, people, don, know, think, lol, did"
pch0et7,1,"like, just, people, don, know, think, lol, did"
pch0dd4,4,"movie, time, man, mcu, marvel, loki, movies, doom"
pch0c62,3,"infinity, vision, imax, scene, scenes, saw, tva, screen"
pch09st,1,"like, just, people, don, know, think, lol, did"
pch071l,4,"movie, time, man, mcu, marvel, loki, movies, doom"
pch06x7,3,"infinity, vision, imax, scene, scenes, saw, tva, screen"
pch06ay,4,"movie, time, man, mcu, marvel, loki, movies, doom"
pch05ic,4,"movie, time, man, mcu, marvel, loki, movies, doom"
pch052v,3,"infinity, vision, imax, scene, scenes, saw, tva, screen"
pch04q5,1,"like, just, people, don, know, think, lol, did"
pch03ij,4,"movie, time, man, mcu, marvel, loki, movies, doom"
pch027a,4,"movie, time, man, mcu, marvel, loki, movies, doom"
pch01nn,2,"yes, doomsday, oh, pretty, say, comics, absolutely, better"
pch00oo,4,"movie, time, man, mcu, marvel, loki, movies, doom"
pcgzzeu,4,"movie, time, man, mcu, marvel, loki, movies, doom"
pcgzz01,4,"movie, time, man, mcu, marvel, loki, movies, doom"
pcgzuks,0,"gif, giphy, love, guy, number, op, biggest, bring"
pcgzmza,4,"movie, time, man, mcu, marvel, loki, movies, doom"
pcgzk9j,4,"movie, time, man, mcu, marvel, loki, movies, doom"
pcgzdxz,4,"movie, time, man, mcu, marvel, loki, movies, doom"
pcgzcqj,4,"movie, time, man, mcu, marvel, loki, movies, doom"
pcgzck4,4,"movie, time, man, mcu, marvel, loki, movies, doom"
pcgzb7b,4,"movie, time, man, mcu, marvel, loki, movies, doom"
pcgz9w4,3,"infinity, vision, imax, scene, scenes, saw, tva, screen"
pcgz8gl,4,"movie, time, man, mcu, marvel, loki, movies, doom"
pcgz6e6,3,"infinity, vision, imax, scene, scenes, saw, tva, screen"
pcgz2fx,4,"movie, time, man, mcu, marvel, loki, movies, doom"
pcgz1sa,1,"like, just, people, don, know, think, lol, did"
pcgz0f7,3,"infinity, vision, imax, scene, scenes, saw, tva, screen"
pcgz03q,1,"like, just, people, don, know, think, lol, did"
pcgyycp,4,"movie, time, man, mcu, marvel, loki, movies, doom"
pcgyxmz,4,"movie, time, man, mcu, marvel, loki, movies, doom"
pcgyx0s,4,"movie, time, man, mcu, marvel, loki, movies, doom"
pcgyvdk,1,"like, just, people, don, know, think, lol, did"
pcgyuno,4,"movie, time, man, mcu, marvel, loki, movies, doom"
pcgythe,4,"movie, time, man, mcu, marvel, loki, movies, doom"
pcgys6n,4,"movie, time, man, mcu, marvel, loki, movies, doom"
pcgyqa8,1,"like, just, people, don, know, think, lol, did"
pcgyq6i,1,"like, just, people, don, know, think, lol, did"
pcgypie,4,"movie, time, man, mcu, marvel, loki, movies, doom"
pcgyo7v,4,"movie, time, man, mcu, marvel, loki, movies, doom"
pcgymuy,4,"movie, time, man, mcu, marvel, loki, movies, doom"
pcgyl9l,4,"movie, time, man, mcu, marvel, loki, movies, doom"
pcgyigu,4,"movie, time, man, mcu, marvel, loki, movies, doom"
pcgyhg5,1,"like, just, people, don, know, think, lol, did"
pcgyfck,4,"movie, time, man, mcu, marvel, loki, movies, doom"
pcgycuc,4,"movie, time, man, mcu, marvel, loki, movies, doom"
pcgy9g1,1,"like, just, people, don, know, think, lol, did"
pcgy92g,4,"movie, time, man, mcu, marvel, loki, movies, doom"
pcgy8h8,4,"movie, time, man, mcu, marvel, loki, movies, doom"
pcgy84t,3,"infinity, vision, imax, scene, scenes, saw, tva, screen"
pcgy7cq,3,"infinity, vision, imax, scene, scenes, saw, tva, screen"
pcgy6j6,1,"like, just, people, don, know, think, lol, did"
pcgy5sx,0,"gif, giphy, love, guy, number, op, biggest, bring"
pcgy5di,4,"movie, time, man, mcu, marvel, loki, movies, doom"
pcgy4sf,1,"like, just, people, don, know, think, lol, did"
pcgy1l0,4,"movie, time, man, mcu, marvel, loki, movies, doom"
pcgxyc5,0,"gif, giphy, love, guy, number, op, biggest, bring"
pcgxxuz,4,"movie, time, man, mcu, marvel, loki, movies, doom"
pcgxwkc,4,"movie, time, man, mcu, marvel, loki, movies, doom"
pcgxvsg,0,"gif, giphy, love, guy, number, op, biggest, bring"
pcgxujk,1,"like, just, people, don, know, think, lol, did"
pcgxtyc,1,"like, just, people, don, know, think, lol, did"
pcgxsgs,1,"like, just, people, don, know, think, lol, did"
pcgxsah,4,"movie, time, man, mcu, marvel, loki, movies, doom"
pcgxrlm,1,"like, just, people, don, know, think, lol, did"
pcgxr3d,4,"movie, time, man, mcu, marvel, loki, movies, doom"
pcgxqqj,4,"movie, time, man, mcu, marvel, loki, movies, doom"
pcgxpuy,1,"like, just, people, don, know, think, lol, did"
pcgxp54,4,"movie, time, man, mcu, marvel, loki, movies, doom"
pcgxoco,1,"like, just, people, don, know, think, lol, did"
pcgxnzs,1,"like, just, people, don, know, think, lol, did"
pcgxnpr,4,"movie, time, man, mcu, marvel, loki, movies, doom"
pcgxlgg,0,"gif, giphy, love, guy, number, op, biggest, bring"
pcgxiwo,4,"movie, time, man, mcu, marvel, loki, movies, doom"
pcgxikn,4,"movie, time, man, mcu, marvel, loki, movies, doom"
pcgxgin,4,"movie, time, man, mcu, marvel, loki, movies, doom"
pcgxg77,4,"movie, time, man, mcu, marvel, loki, movies, doom"
pcgxfzt,4,"movie, time, man, mcu, marvel, loki, movies, doom"
pcgxer0,4,"movie, time, man, mcu, marvel, loki, movies, doom"
pcgxa4b,1,"like, just, people, don, know, think, lol, did"
pcgx9im,4,"movie, time, man, mcu, marvel, loki, movies, doom"
pcgx893,4,"movie, time, man, mcu, marvel, loki, movies, doom"
pcgx7wq,3,"infinity, vision, imax, scene, scenes, saw, tva, screen"
pcgx4pj,1,"like, just, people, don, know, think, lol, did"
pcgx48o,3,"infinity, vision, imax, scene, scenes, saw, tva, screen"
pcgx3ve,4,"movie, time, man, mcu, marvel, loki, movies, doom"
pcgx3d0,1,"like, just, people, don, know, think, lol, did"
pcgx1d4,4,"movie, time, man, mcu, marvel, loki, movies, doom"
pcgx1bi,1,"like, just, people, don, know, think, lol, did"
pcgwv16,4,"movie, time, man, mcu, marvel, loki, movies, doom"
pcgwuf6,4,"movie, time, man, mcu, marvel, loki, movies, doom"
pcgwqlg,4,"movie, time, man, mcu, marvel, loki, movies, doom"
pcgwq6w,4,"movie, time, man, mcu, marvel, loki, movies, doom"
pcgwony,4,"movie, time, man, mcu, marvel, loki, movies, doom"
pcgwn2g,0,"gif, giphy, love, guy, number, op, biggest, bring"
pcgwls5,4,"movie, time, man, mcu, marvel, loki, movies, doom"
pcgwl47,1,"like, just, people, don, know, think, lol, did"
pcgwk9a,1,"like, just, people, don, know, think, lol, did"
pcgwjkb,4,"movie, time, man, mcu, marvel, loki, movies, doom"
pcgwj5t,1,"like, just, people, don, know, think, lol, did"
pcgwixp,4,"movie, time, man, mcu, marvel, loki, movies, doom"
pcgwixt,4,"movie, time, man, mcu, marvel, loki, movies, doom"
pcgwiia,4,"movie, time, man, mcu, marvel, loki, movies, doom"
pcgwgl6,2,"yes, doomsday, oh, pretty, say, comics, absolutely, better"
pcgwg59,4,"movie, time, man, mcu, marvel, loki, movies, doom"
pcgwg1q,4,"movie, time, man, mcu, marvel, loki, movies, doom"
pcgwfvg,4,"movie, time, man, mcu, marvel, loki, movies, doom"
pcgwfp6,3,"infinity, vision, imax, scene, scenes, saw, tva, screen"
pcgwep2,2,"yes, doomsday, oh, pretty, say, comics, absolutely, better"
pcgwenr,4,"movie, time, man, mcu, marvel, loki, movies, doom"
pcgwc0z,4,"movie, time, man, mcu, marvel, loki, movies, doom"
pcgwb8x,4,"movie, time, man, mcu, marvel, loki, movies, doom"
pcgwas2,4,"movie, time, man, mcu, marvel, loki, movies, doom"
pcgw9y2,2,"yes, doomsday, oh, pretty, say, comics, absolutely, better"
pcgw55y,4,"movie, time, man, mcu, marvel, loki, movies, doom"
pcgw586,4,"movie, time, man, mcu, marvel, loki, movies, doom"
pcgw25t,4,"movie, time, man, mcu, marvel, loki, movies, doom"
pcgw1s0,3,"infinity, vision, imax, scene, scenes, saw, tva, screen"
pcgw0ny,4,"movie, time, man, mcu, marvel, loki, movies, doom"
pcgvxir,0,"gif, giphy, love, guy, number, op, biggest, bring"
pcgvxak,4,"movie, time, man, mcu, marvel, loki, movies, doom"
pcgvx08,4,"movie, time, man, mcu, marvel, loki, movies, doom"
pcgvv5z,4,"movie, time, man, mcu, marvel, loki, movies, doom"
pcgvu0o,4,"movie, time, man, mcu, marvel, loki, movies, doom"
pcgvs86,4,"movie, time, man, mcu, marvel, loki, movies, doom"
pcgvou4,1,"like, just, people, don, know, think, lol, did"
pcgvn93,0,"gif, giphy, love, guy, number, op, biggest, bring"
pcgvmxv,4,"movie, time, man, mcu, marvel, loki, movies, doom"
pcgvmdj,4,"movie, time, man, mcu, marvel, loki, movies, doom"
pcgvldd,3,"infinity, vision, imax, scene, scenes, saw, tva, screen"
pcgvj9i,4,"movie, time, man, mcu, marvel, loki, movies, doom"
pcgviww,4,"movie, time, man, mcu, marvel, loki, movies, doom"
pcgvimy,3,"infinity, vision, imax, scene, scenes, saw, tva, screen"
pcgvigl,4,"movie, time, man, mcu, marvel, loki, movies, doom"
pcgvgku,4,"movie, time, man, mcu, marvel, loki, movies, doom"
pcgvgaj,1,"like, just, people, don, know, think, lol, did"
pcgvfpb,0,"gif, giphy, love, guy, number, op, biggest, bring"
pcgverw,4,"movie, time, man, mcu, marvel, loki, movies, doom"
pcgve4d,1,"like, just, people, don, know, think, lol, did"
pcgvdn9,0,"gif, giphy, love, guy, number, op, biggest, bring"
pcgvd31,0,"gif, giphy, love, guy, number, op, biggest, bring"
pcgvaud,4,"movie, time, man, mcu, marvel, loki, movies, doom"
pcgv9mz,4,"movie, time, man, mcu, marvel, loki, movies, doom"
pcgv8p8,0,"gif, giphy, love, guy, number, op, biggest, bring"
pcgv8gf,4,"movie, time, man, mcu, marvel, loki, movies, doom"
pcgv6rb,1,"like, just, people, don, know, think, lol, did"
pcgv622,1,"like, just, people, don, know, think, lol, did"
pcgv3gl,3,"infinity, vision, imax, scene, scenes, saw, tva, screen"
pcgv1pv,0,"gif, giphy, love, guy, number, op, biggest, bring"
pcgv1m7,4,"movie, time, man, mcu, marvel, loki, movies, doom"
pcguzdb,4,"movie, time, man, mcu, marvel, loki, movies, doom"
pcguzdu,0,"gif, giphy, love, guy, number, op, biggest, bring"
pcguxvh,0,"gif, giphy, love, guy, number, op, biggest, bring"
pcguxmf,3,"infinity, vision, imax, scene, scenes, saw, tva, screen"
pcguwdi,3,"infinity, vision, imax, scene, scenes, saw, tva, screen"
pcgur52,0,"gif, giphy, love, guy, number, op, biggest, bring"
pcguq4x,4,"movie, time, man, mcu, marvel, loki, movies, doom"
pcguo8y,4,"movie, time, man, mcu, marvel, loki, movies, doom"
pcgunsd,4,"movie, time, man, mcu, marvel, loki, movies, doom"
pcgunii,4,"movie, time, man, mcu, marvel, loki, movies, doom"
pcgun2u,4,"movie, time, man, mcu, marvel, loki, movies, doom"
pcgulzy,4,"movie, time, man, mcu, marvel, loki, movies, doom"
pcguiny,1,"like, just, people, don, know, think, lol, did"
pcguijh,0,"gif, giphy, love, guy, number, op, biggest, bring"
pcguigi,4,"movie, time, man, mcu, marvel, loki, movies, doom"
pcguhpt,4,"movie, time, man, mcu, marvel, loki, movies, doom"
pcguhao,1,"like, just, people, don, know, think, lol, did"
pcgug4k,0,"gif, giphy, love, guy, number, op, biggest, bring"
pcgue5e,4,"movie, time, man, mcu, marvel, loki, movies, doom"
pcgue5m,1,"like, just, people, don, know, think, lol, did"
pcguded,4,"movie, time, man, mcu, marvel, loki, movies, doom"
pcgucjk,3,"infinity, vision, imax, scene, scenes, saw, tva, screen"
pcguce4,0,"gif, giphy, love, guy, number, op, biggest, bring"
pcgubex,4,"movie, time, man, mcu, marvel, loki, movies, doom"
pcgub49,4,"movie, time, man, mcu, marvel, loki, movies, doom"
pcguazz,4,"movie, time, man, mcu, marvel, loki, movies, doom"
pcgu9k8,1,"like, just, people, don, know, think, lol, did"
pcgu9k9,4,"movie, time, man, mcu, marvel, loki, movies, doom"
pcgu6th,0,"gif, giphy, love, guy, number, op, biggest, bring"
pcgu5wg,4,"movie, time, man, mcu, marvel, loki, movies, doom"
pcgu5m0,0,"gif, giphy, love, guy, number, op, biggest, bring"
pcgu5cl,0,"gif, giphy, love, guy, number, op, biggest, bring"
pcgu2er,0,"gif, giphy, love, guy, number, op, biggest, bring"
pcgtzlf,1,"like, just, people, don, know, think, lol, did"
pcgtyr7,4,"movie, time, man, mcu, marvel, loki, movies, doom"
pcgtyql,4,"movie, time, man, mcu, marvel, loki, movies, doom"
pcgtxky,1,"like, just, people, don, know, think, lol, did"
pcgtv4z,4,"movie, time, man, mcu, marvel, loki, movies, doom"
pcgtszm,4,"movie, time, man, mcu, marvel, loki, movies, doom"
pcgtsdx,4,"movie, time, man, mcu, marvel, loki, movies, doom"
pcgtr9h,4,"movie, time, man, mcu, marvel, loki, movies, doom"
pcgtq7c,1,"like, just, people, don, know, think, lol, did"
pcgtp12,1,"like, just, people, don, know, think, lol, did"
pcgtnvc,4,"movie, time, man, mcu, marvel, loki, movies, doom"
pcgtn1t,3,"infinity, vision, imax, scene, scenes, saw, tva, screen"
pcgtml7,1,"like, just, people, don, know, think, lol, did"
pcgtlht,3,"infinity, vision, imax, scene, scenes, saw, tva, screen"
pcgtjhe,2,"yes, doomsday, oh, pretty, say, comics, absolutely, better"
pcgtji8,1,"like, just, people, don, know, think, lol, did"
pcgthnw,3,"infinity, vision, imax, scene, scenes, saw, tva, screen"
pcgtgfl,4,"movie, time, man, mcu, marvel, loki, movies, doom"
pcgtfsa,1,"like, just, people, don, know, think, lol, did"
pcgtexi,4,"movie, time, man, mcu, marvel, loki, movies, doom"
pcgteny,4,"movie, time, man, mcu, marvel, loki, movies, doom"
pcgtdzn,2,"yes, doomsday, oh, pretty, say, comics, absolutely, better"
pcgtdz1,4,"movie, time, man, mcu, marvel, loki, movies, doom"
pcgtdm2,4,"movie, time, man, mcu, marvel, loki, movies, doom"
pcgtcyc,1,"like, just, people, don, know, think, lol, did"
pcgtcf4,0,"gif, giphy, love, guy, number, op, biggest, bring"
pcgt94a,1,"like, just, people, don, know, think, lol, did"
pcgt72o,4,"movie, time, man, mcu, marvel, loki, movies, doom"
pcgt43j,4,"movie, time, man, mcu, marvel, loki, movies, doom"
pcgt3x2,1,"like, just, people, don, know, think, lol, did"
pcgt3do,4,"movie, time, man, mcu, marvel, loki, movies, doom"
pcgt3dv,1,"like, just, people, don, know, think, lol, did"
pcgt2on,1,"like, just, people, don, know, think, lol, did"
pcgt2l3,1,"like, just, people, don, know, think, lol, did"
pcgt1xt,1,"like, just, people, don, know, think, lol, did"
pcgsz8t,1,"like, just, people, don, know, think, lol, did"
pcgsyui,3,"infinity, vision, imax, scene, scenes, saw, tva, screen"
pcgsygm,4,"movie, time, man, mcu, marvel, loki, movies, doom"
pcgswyu,4,"movie, time, man, mcu, marvel, loki, movies, doom"
pcgsw1r,4,"movie, time, man, mcu, marvel, loki, movies, doom"
pcgsugj,4,"movie, time, man, mcu, marvel, loki, movies, doom"
pcgsrg0,1,"like, just, people, don, know, think, lol, did"
pcgsqkv,0,"gif, giphy, love, guy, number, op, biggest, bring"
pcgsqab,1,"like, just, people, don, know, think, lol, did"
pcgspe3,3,"infinity, vision, imax, scene, scenes, saw, tva, screen"
pcgsp8h,4,"movie, time, man, mcu, marvel, loki, movies, doom"
pcgsjmc,4,"movie, time, man, mcu, marvel, loki, movies, doom"
pcgsh3p,2,"yes, doomsday, oh, pretty, say, comics, absolutely, better"
pcgsgf8,1,"like, just, people, don, know, think, lol, did"
pcgscek,4,"movie, time, man, mcu, marvel, loki, movies, doom"
pcgs9vx,4,"movie, time, man, mcu, marvel, loki, movies, doom"
pcgs7tz,2,"yes, doomsday, oh, pretty, say, comics, absolutely, better"
pcgs60k,3,"infinity, vision, imax, scene, scenes, saw, tva, screen"
pcgs5nt,0,"gif, giphy, love, guy, number, op, biggest, bring"
pcgs5he,3,"infinity, vision, imax, scene, scenes, saw, tva, screen"
pcgs4sh,0,"gif, giphy, love, guy, number, op, biggest, bring"
pcgs489,3,"infinity, vision, imax, scene, scenes, saw, tva, screen"
pcgs47h,1,"like, just, people, don, know, think, lol, did"
pcgs39j,0,"gif, giphy, love, guy, number, op, biggest, bring"
pcgs1qk,4,"movie, time, man, mcu, marvel, loki, movies, doom"
pcgs0xo,4,"movie, time, man, mcu, marvel, loki, movies, doom"
pcgs02p,3,"infinity, vision, imax, scene, scenes, saw, tva, screen"
pcgry87,4,"movie, time, man, mcu, marvel, loki, movies, doom"
pcgrxr8,4,"movie, time, man, mcu, marvel, loki, movies, doom"
pcgrw4p,4,"movie, time, man, mcu, marvel, loki, movies, doom"
pcgrts9,0,"gif, giphy, love, guy, number, op, biggest, bring"
pcgrtit,0,"gif, giphy, love, guy, number, op, biggest, bring"
pcgroua,4,"movie, time, man, mcu, marvel, loki, movies, doom"
pcgrlwx,0,"gif, giphy, love, guy, number, op, biggest, bring"
pcgrl3l,1,"like, just, people, don, know, think, lol, did"
pcgrkza,0,"gif, giphy, love, guy, number, op, biggest, bring"
pcgrjfc,4,"movie, time, man, mcu, marvel, loki, movies, doom"
pcgrh4h,1,"like, just, people, don, know, think, lol, did"
pcgrbw1,1,"like, just, people, don, know, think, lol, did"
pcgramq,1,"like, just, people, don, know, think, lol, did"
pcgr591,3,"infinity, vision, imax, scene, scenes, saw, tva, screen"
pcgr3ru,4,"movie, time, man, mcu, marvel, loki, movies, doom"
pcgr0xt,1,"like, just, people, don, know, think, lol, did"
pcgr07t,4,"movie, time, man, mcu, marvel, loki, movies, doom"
pcgqxef,0,"gif, giphy, love, guy, number, op, biggest, bring"
pcgqtn6,3,"infinity, vision, imax, scene, scenes, saw, tva, screen"
pcgqse4,4,"movie, time, man, mcu, marvel, loki, movies, doom"
pcgqqwc,4,"movie, time, man, mcu, marvel, loki, movies, doom"
pcgqqbz,3,"infinity, vision, imax, scene, scenes, saw, tva, screen"
pcgqq1t,3,"infinity, vision, imax, scene, scenes, saw, tva, screen"
pcgqpze,4,"movie, time, man, mcu, marvel, loki, movies, doom"
pcgqnxq,4,"movie, time, man, mcu, marvel, loki, movies, doom"
pcgqmzq,1,"like, just, people, don, know, think, lol, did"
pcgqm9u,4,"movie, time, man, mcu, marvel, loki, movies, doom"
pcgqjjn,1,"like, just, people, don, know, think, lol, did"
pcgqibx,4,"movie, time, man, mcu, marvel, loki, movies, doom"
pcgqfb9,3,"infinity, vision, imax, scene, scenes, saw, tva, screen"
pcgqdvr,4,"movie, time, man, mcu, marvel, loki, movies, doom"
pcgqclk,2,"yes, doomsday, oh, pretty, say, comics, absolutely, better"
pcgqbev,4,"movie, time, man, mcu, marvel, loki, movies, doom"
pcgqafj,0,"gif, giphy, love, guy, number, op, biggest, bring"
pcgq8pz,0,"gif, giphy, love, guy, number, op, biggest, bring"
pcgq393,4,"movie, time, man, mcu, marvel, loki, movies, doom"
pcgq160,0,"gif, giphy, love, guy, number, op, biggest, bring"
pcgq0xy,0,"gif, giphy, love, guy, number, op, biggest, bring"
pcgpzwa,4,"movie, time, man, mcu, marvel, loki, movies, doom"
pcgpzsu,4,"movie, time, man, mcu, marvel, loki, movies, doom"
pcgpys7,4,"movie, time, man, mcu, marvel, loki, movies, doom"
pcgpxyb,4,"movie, time, man, mcu, marvel, loki, movies, doom"
pcgpv8r,4,"movie, time, man, mcu, marvel, loki, movies, doom"
pcgpu5c,0,"gif, giphy, love, guy, number, op, biggest, bring"
pcgpssr,4,"movie, time, man, mcu, marvel, loki, movies, doom"
pcgpqmx,3,"infinity, vision, imax, scene, scenes, saw, tva, screen"
pcgpqac,1,"like, just, people, don, know, think, lol, did"
pcgpoak,2,"yes, doomsday, oh, pretty, say, comics, absolutely, better"
pcgpmop,4,"movie, time, man, mcu, marvel, loki, movies, doom"
pcgphzk,3,"infinity, vision, imax, scene, scenes, saw, tva, screen"
pcgph71,4,"movie, time, man, mcu, marvel, loki, movies, doom"
pcgpfz3,0,"gif, giphy, love, guy, number, op, biggest, bring"
pcgpfna,0,"gif, giphy, love, guy, number, op, biggest, bring"
pcgpej6,4,"movie, time, man, mcu, marvel, loki, movies, doom"
pcgpdly,4,"movie, time, man, mcu, marvel, loki, movies, doom"
pcgpdez,2,"yes, doomsday, oh, pretty, say, comics, absolutely, better"
pcgpbvu,4,"movie, time, man, mcu, marvel, loki, movies, doom"
pcgpb16,4,"movie, time, man, mcu, marvel, loki, movies, doom"
pcgpafr,0,"gif, giphy, love, guy, number, op, biggest, bring"
pcgpa3k,3,"infinity, vision, imax, scene, scenes, saw, tva, screen"
pcgp9rk,2,"yes, doomsday, oh, pretty, say, comics, absolutely, better"
pcgp8om,4,"movie, time, man, mcu, marvel, loki, movies, doom"
pcgp7k1,4,"movie, time, man, mcu, marvel, loki, movies, doom"
pcgp5qh,1,"like, just, people, don, know, think, lol, did"
pcgp5ir,4,"movie, time, man, mcu, marvel, loki, movies, doom"
pcgp4gs,1,"like, just, people, don, know, think, lol, did"
pcgp4h3,1,"like, just, people, don, know, think, lol, did"
pcgp227,4,"movie, time, man, mcu, marvel, loki, movies, doom"
pcgp124,4,"movie, time, man, mcu, marvel, loki, movies, doom"
pcgoyq9,1,"like, just, people, don, know, think, lol, did"
pcgoy8c,4,"movie, time, man, mcu, marvel, loki, movies, doom"
pcgoy1v,4,"movie, time, man, mcu, marvel, loki, movies, doom"
pcgox34,1,"like, just, people, don, know, think, lol, did"
pcgow6o,1,"like, just, people, don, know, think, lol, did"
pcgotlq,2,"yes, doomsday, oh, pretty, say, comics, absolutely, better"
pcgot4o,4,"movie, time, man, mcu, marvel, loki, movies, doom"
pcgormz,4,"movie, time, man, mcu, marvel, loki, movies, doom"
pcgoqqn,4,"movie, time, man, mcu, marvel, loki, movies, doom"
pcgoq6w,4,"movie, time, man, mcu, marvel, loki, movies, doom"
pcgonva,4,"movie, time, man, mcu, marvel, loki, movies, doom"
pcgol24,2,"yes, doomsday, oh, pretty, say, comics, absolutely, better"
pcgoipv,1,"like, just, people, don, know, think, lol, did"
pcgoi6b,4,"movie, time, man, mcu, marvel, loki, movies, doom"
pcgoi6k,4,"movie, time, man, mcu, marvel, loki, movies, doom"
pcgohqs,4,"movie, time, man, mcu, marvel, loki, movies, doom"
pcgogpn,4,"movie, time, man, mcu, marvel, loki, movies, doom"
pcgof9m,4,"movie, time, man, mcu, marvel, loki, movies, doom"
pcgofa2,2,"yes, doomsday, oh, pretty, say, comics, absolutely, better"
pcgofac,4,"movie, time, man, mcu, marvel, loki, movies, doom"
pcgodmv,3,"infinity, vision, imax, scene, scenes, saw, tva, screen"
pcgodgi,0,"gif, giphy, love, guy, number, op, biggest, bring"
pcgocm7,1,"like, just, people, don, know, think, lol, did"
pcgo9gy,4,"movie, time, man, mcu, marvel, loki, movies, doom"
pcgo7mr,1,"like, just, people, don, know, think, lol, did"
pcgo7ii,4,"movie, time, man, mcu, marvel, loki, movies, doom"
pcgo6nk,4,"movie, time, man, mcu, marvel, loki, movies, doom"
pcgo6fw,0,"gif, giphy, love, guy, number, op, biggest, bring"
pcgo602,4,"movie, time, man, mcu, marvel, loki, movies, doom"
pcgo5ks,1,"like, just, people, don, know, think, lol, did"
pcgo4zr,4,"movie, time, man, mcu, marvel, loki, movies, doom"
pcgo45m,4,"movie, time, man, mcu, marvel, loki, movies, doom"
pcgo3ui,0,"gif, giphy, love, guy, number, op, biggest, bring"
pcgnzwa,3,"infinity, vision, imax, scene, scenes, saw, tva, screen"
pcgnyy2,4,"movie, time, man, mcu, marvel, loki, movies, doom"
pcgnyif,4,"movie, time, man, mcu, marvel, loki, movies, doom"
pcgnxdv,4,"movie, time, man, mcu, marvel, loki, movies, doom"
pcgnttu,1,"like, just, people, don, know, think, lol, did"
pcgnqr3,4,"movie, time, man, mcu, marvel, loki, movies, doom"
pcgnq47,0,"gif, giphy, love, guy, number, op, biggest, bring"
pcgnpr8,4,"movie, time, man, mcu, marvel, loki, movies, doom"
pcgnoms,4,"movie, time, man, mcu, marvel, loki, movies, doom"
pcgnmc6,2,"yes, doomsday, oh, pretty, say, comics, absolutely, better"
pcgnlav,4,"movie, time, man, mcu, marvel, loki, movies, doom"
pcgnh8z,4,"movie, time, man, mcu, marvel, loki, movies, doom"
pcgnh7j,1,"like, just, people, don, know, think, lol, did"
pcgnh0u,4,"movie, time, man, mcu, marvel, loki, movies, doom"
pcgnft3,4,"movie, time, man, mcu, marvel, loki, movies, doom"
pcgnbsv,4,"movie, time, man, mcu, marvel, loki, movies, doom"
pcgn9nb,0,"gif, giphy, love, guy, number, op, biggest, bring"
pcgn8f1,3,"infinity, vision, imax, scene, scenes, saw, tva, screen"
pcgn58c,1,"like, just, people, don, know, think, lol, did"
pcgn3zv,4,"movie, time, man, mcu, marvel, loki, movies, doom"
pcgn3cl,4,"movie, time, man, mcu, marvel, loki, movies, doom"
pcgn0f9,0,"gif, giphy, love, guy, number, op, biggest, bring"
pcgmz6y,4,"movie, time, man, mcu, marvel, loki, movies, doom"
pcgms76,3,"infinity, vision, imax, scene, scenes, saw, tva, screen"
pcgms2o,1,"like, just, people, don, know, think, lol, did"
pcgmqwj,4,"movie, time, man, mcu, marvel, loki, movies, doom"
pcgmqn5,1,"like, just, people, don, know, think, lol, did"
pcgmpci,4,"movie, time, man, mcu, marvel, loki, movies, doom"
pcgmkrs,4,"movie, time, man, mcu, marvel, loki, movies, doom"
pcgmjfq,0,"gif, giphy, love, guy, number, op, biggest, bring"
pcgmh45,4,"movie, time, man, mcu, marvel, loki, movies, doom"
pcgmh74,3,"infinity, vision, imax, scene, scenes, saw, tva, screen"
pcgmfxa,4,"movie, time, man, mcu, marvel, loki, movies, doom"
pcgmese,1,"like, just, people, don, know, think, lol, did"
pcgme4u,1,"like, just, people, don, know, think, lol, did"
pcgmbmp,1,"like, just, people, don, know, think, lol, did"
pcgm9c3,3,"infinity, vision, imax, scene, scenes, saw, tva, screen"
pcgm9di,1,"like, just, people, don, know, think, lol, did"
pcgm8xt,4,"movie, time, man, mcu, marvel, loki, movies, doom"
pcgm7oy,1,"like, just, people, don, know, think, lol, did"
pcgm79q,2,"yes, doomsday, oh, pretty, say, comics, absolutely, better"
pcgm6qv,4,"movie, time, man, mcu, marvel, loki, movies, doom"
pcgm698,4,"movie, time, man, mcu, marvel, loki, movies, doom"
pcgm3ij,4,"movie, time, man, mcu, marvel, loki, movies, doom"
pcgm3ej,4,"movie, time, man, mcu, marvel, loki, movies, doom"
pcgm2cx,4,"movie, time, man, mcu, marvel, loki, movies, doom"
pcgm19f,3,"infinity, vision, imax, scene, scenes, saw, tva, screen"
pcglzlk,3,"infinity, vision, imax, scene, scenes, saw, tva, screen"
pcglxxm,4,"movie, time, man, mcu, marvel, loki, movies, doom"
pcglxvt,1,"like, just, people, don, know, think, lol, did"
pcglxik,4,"movie, time, man, mcu, marvel, loki, movies, doom"
pcglwpc,3,"infinity, vision, imax, scene, scenes, saw, tva, screen"
pcglwlm,1,"like, just, people, don, know, think, lol, did"
pcglukj,4,"movie, time, man, mcu, marvel, loki, movies, doom"
pcgluco,2,"yes, doomsday, oh, pretty, say, comics, absolutely, better"
pcglshc,2,"yes, doomsday, oh, pretty, say, comics, absolutely, better"
pcglrdq,3,"infinity, vision, imax, scene, scenes, saw, tva, screen"
pcgln9y,1,"like, just, people, don, know, think, lol, did"
pcgliy8,4,"movie, time, man, mcu, marvel, loki, movies, doom"
pcgli0b,2,"yes, doomsday, oh, pretty, say, comics, absolutely, better"
pcglg8v,1,"like, just, people, don, know, think, lol, did"
pcglefk,0,"gif, giphy, love, guy, number, op, biggest, bring"
pcglcfv,0,"gif, giphy, love, guy, number, op, biggest, bring"
pcglcj7,4,"movie, time, man, mcu, marvel, loki, movies, doom"
pcgl9lz,4,"movie, time, man, mcu, marvel, loki, movies, doom"
pcgl8av,4,"movie, time, man, mcu, marvel, loki, movies, doom"
pcgl3ci,0,"gif, giphy, love, guy, number, op, biggest, bring"
pcgl32v,0,"gif, giphy, love, guy, number, op, biggest, bring"
pcgl33e,1,"like, just, people, don, know, think, lol, did"
pcgl0sf,4,"movie, time, man, mcu, marvel, loki, movies, doom"
pcgkyl4,3,"infinity, vision, imax, scene, scenes, saw, tva, screen"
pcgkw4k,0,"gif, giphy, love, guy, number, op, biggest, bring"
pcgktt9,1,"like, just, people, don, know, think, lol, did"
pcgktp6,4,"movie, time, man, mcu, marvel, loki, movies, doom"
pcgkrcc,1,"like, just, people, don, know, think, lol, did"
pcgkqz0,1,"like, just, people, don, know, think, lol, did"
pcgkqwv,4,"movie, time, man, mcu, marvel, loki, movies, doom"
pcgkqko,0,"gif, giphy, love, guy, number, op, biggest, bring"
pcgknhp,4,"movie, time, man, mcu, marvel, loki, movies, doom"
pcgkm67,0,"gif, giphy, love, guy, number, op, biggest, bring"
pcgkl4t,4,"movie, time, man, mcu, marvel, loki, movies, doom"
pcgkkid,4,"movie, time, man, mcu, marvel, loki, movies, doom"
pcgkkf2,4,"movie, time, man, mcu, marvel, loki, movies, doom"
pcgkjk6,4,"movie, time, man, mcu, marvel, loki, movies, doom"
pcgkjfm,3,"infinity, vision, imax, scene, scenes, saw, tva, screen"
pcgkjga,1,"like, just, people, don, know, think, lol, did"
pcgkikr,3,"infinity, vision, imax, scene, scenes, saw, tva, screen"
pcgkgut,1,"like, just, people, don, know, think, lol, did"
pcgkfn3,3,"infinity, vision, imax, scene, scenes, saw, tva, screen"
pcgkdym,0,"gif, giphy, love, guy, number, op, biggest, bring"
pcgkdie,1,"like, just, people, don, know, think, lol, did"
pcgkauk,3,"infinity, vision, imax, scene, scenes, saw, tva, screen"
pcgk6n1,2,"yes, doomsday, oh, pretty, say, comics, absolutely, better"
pcgk56h,0,"gif, giphy, love, guy, number, op, biggest, bring"
pcgk557,0,"gif, giphy, love, guy, number, op, biggest, bring"
pcgk4ad,0,"gif, giphy, love, guy, number, op, biggest, bring"
pcgk2xz,3,"infinity, vision, imax, scene, scenes, saw, tva, screen"
pcgk2nu,4,"movie, time, man, mcu, marvel, loki, movies, doom"
pcgjzxv,4,"movie, time, man, mcu, marvel, loki, movies, doom"
pcgjzim,4,"movie, time, man, mcu, marvel, loki, movies, doom"
pcgjyy4,3,"infinity, vision, imax, scene, scenes, saw, tva, screen"
pcgjy93,1,"like, just, people, don, know, think, lol, did"
pcgjxvs,1,"like, just, people, don, know, think, lol, did"
pcgjxxj,4,"movie, time, man, mcu, marvel, loki, movies, doom"
pcgjwq5,0,"gif, giphy, love, guy, number, op, biggest, bring"
pcgjw27,1,"like, just, people, don, know, think, lol, did"
pcgjumf,4,"movie, time, man, mcu, marvel, loki, movies, doom"
pcgjt3t,0,"gif, giphy, love, guy, number, op, biggest, bring"
pcgjss3,4,"movie, time, man, mcu, marvel, loki, movies, doom"
pcgjrai,3,"infinity, vision, imax, scene, scenes, saw, tva, screen"
pcgjqmu,4,"movie, time, man, mcu, marvel, loki, movies, doom"
pcgjpha,1,"like, just, people, don, know, think, lol, did"
pcgjp8b,4,"movie, time, man, mcu, marvel, loki, movies, doom"
pcgjpaa,3,"infinity, vision, imax, scene, scenes, saw, tva, screen"
pcgjn9h,0,"gif, giphy, love, guy, number, op, biggest, bring"
pcgjm00,3,"infinity, vision, imax, scene, scenes, saw, tva, screen"
pcgjlgn,1,"like, just, people, don, know, think, lol, did"
pcgjl60,3,"infinity, vision, imax, scene, scenes, saw, tva, screen"
pcgjjrb,1,"like, just, people, don, know, think, lol, did"
pcgjikb,4,"movie, time, man, mcu, marvel, loki, movies, doom"
pcgjhe2,4,"movie, time, man, mcu, marvel, loki, movies, doom"
pcgjgqv,1,"like, just, people, don, know, think, lol, did"
pcgjfpt,4,"movie, time, man, mcu, marvel, loki, movies, doom"
pcgjfil,3,"infinity, vision, imax, scene, scenes, saw, tva, screen"
pcgjfev,3,"infinity, vision, imax, scene, scenes, saw, tva, screen"
pcgjc19,1,"like, just, people, don, know, think, lol, did"
pcgjbc7,4,"movie, time, man, mcu, marvel, loki, movies, doom"
pcgjb3p,4,"movie, time, man, mcu, marvel, loki, movies, doom"
pcgjb49,4,"movie, time, man, mcu, marvel, loki, movies, doom"
pcgjagr,4,"movie, time, man, mcu, marvel, loki, movies, doom"
pcgj61t,4,"movie, time, man, mcu, marvel, loki, movies, doom"
pcgj4wn,3,"infinity, vision, imax, scene, scenes, saw, tva, screen"
pcgj4l4,4,"movie, time, man, mcu, marvel, loki, movies, doom"
pcgj487,4,"movie, time, man, mcu, marvel, loki, movies, doom"
pcgj3jc,3,"infinity, vision, imax, scene, scenes, saw, tva, screen"
pcgj2n7,0,"gif, giphy, love, guy, number, op, biggest, bring"
pcgj2og,3,"infinity, vision, imax, scene, scenes, saw, tva, screen"
pcgj22q,3,"infinity, vision, imax, scene, scenes, saw, tva, screen"
pcgj23j,4,"movie, time, man, mcu, marvel, loki, movies, doom"
pcgj1me,4,"movie, time, man, mcu, marvel, loki, movies, doom"
pcgj144,3,"infinity, vision, imax, scene, scenes, saw, tva, screen"
pcgiy35,1,"like, just, people, don, know, think, lol, did"
pcgiy4m,4,"movie, time, man, mcu, marvel, loki, movies, doom"
pcgiwqb,4,"movie, time, man, mcu, marvel, loki, movies, doom"
pcgiwl2,3,"infinity, vision, imax, scene, scenes, saw, tva, screen"
pcgiuid,1,"like, just, people, don, know, think, lol, did"
pcgitmm,1,"like, just, people, don, know, think, lol, did"
pcgisjf,4,"movie, time, man, mcu, marvel, loki, movies, doom"
pcgiraz,3,"infinity, vision, imax, scene, scenes, saw, tva, screen"
pcgiqc1,1,"like, just, people, don, know, think, lol, did"
pcgip4h,4,"movie, time, man, mcu, marvel, loki, movies, doom"
pcgiozf,4,"movie, time, man, mcu, marvel, loki, movies, doom"
pcgio8e,4,"movie, time, man, mcu, marvel, loki, movies, doom"
pcgilke,0,"gif, giphy, love, guy, number, op, biggest, bring"
pcgikxx,4,"movie, time, man, mcu, marvel, loki, movies, doom"
pcgiku0,4,"movie, time, man, mcu, marvel, loki, movies, doom"
pcgik1t,1,"like, just, people, don, know, think, lol, did"
pcgii7i,1,"like, just, people, don, know, think, lol, did"
pcgihf0,1,"like, just, people, don, know, think, lol, did"
pcgigwj,4,"movie, time, man, mcu, marvel, loki, movies, doom"
pcgifa5,4,"movie, time, man, mcu, marvel, loki, movies, doom"
pcgif3p,4,"movie, time, man, mcu, marvel, loki, movies, doom"
pcgierk,4,"movie, time, man, mcu, marvel, loki, movies, doom"
pcgiczp,4,"movie, time, man, mcu, marvel, loki, movies, doom"
pcgic03,4,"movie, time, man, mcu, marvel, loki, movies, doom"
pcgibjj,4,"movie, time, man, mcu, marvel, loki, movies, doom"
pcgib19,0,"gif, giphy, love, guy, number, op, biggest, bring"
pcgiawo,1,"like, just, people, don, know, think, lol, did"
pcgi91p,3,"infinity, vision, imax, scene, scenes, saw, tva, screen"
pcgi8jk,4,"movie, time, man, mcu, marvel, loki, movies, doom"
pcgi841,2,"yes, doomsday, oh, pretty, say, comics, absolutely, better"
pcgi6r6,4,"movie, time, man, mcu, marvel, loki, movies, doom"
pcgi5qj,3,"infinity, vision, imax, scene, scenes, saw, tva, screen"
pcgi4z5,3,"infinity, vision, imax, scene, scenes, saw, tva, screen"
pcgi022,1,"like, just, people, don, know, think, lol, did"
pcghwws,1,"like, just, people, don, know, think, lol, did"
pcghvxo,1,"like, just, people, don, know, think, lol, did"
pcghtd3,4,"movie, time, man, mcu, marvel, loki, movies, doom"
pcght7a,4,"movie, time, man, mcu, marvel, loki, movies, doom"
pcght8w,4,"movie, time, man, mcu, marvel, loki, movies, doom"
pcghszm,1,"like, just, people, don, know, think, lol, did"
pcghr42,0,"gif, giphy, love, guy, number, op, biggest, bring"
pcghjpm,3,"infinity, vision, imax, scene, scenes, saw, tva, screen"
pcghjms,4,"movie, time, man, mcu, marvel, loki, movies, doom"
pcghj62,4,"movie, time, man, mcu, marvel, loki, movies, doom"
pcghhka,4,"movie, time, man, mcu, marvel, loki, movies, doom"
pcghfnu,4,"movie, time, man, mcu, marvel, loki, movies, doom"
pcghecu,4,"movie, time, man, mcu, marvel, loki, movies, doom"
pcghdmv,4,"movie, time, man, mcu, marvel, loki, movies, doom"
pcghdhd,0,"gif, giphy, love, guy, number, op, biggest, bring"
pcghbaa,1,"like, just, people, don, know, think, lol, did"
pcghafa,0,"gif, giphy, love, guy, number, op, biggest, bring"
pcghaay,4,"movie, time, man, mcu, marvel, loki, movies, doom"
pcgh8il,3,"infinity, vision, imax, scene, scenes, saw, tva, screen"
pcgh7kp,3,"infinity, vision, imax, scene, scenes, saw, tva, screen"
pcgh780,1,"like, just, people, don, know, think, lol, did"
pcgh62f,0,"gif, giphy, love, guy, number, op, biggest, bring"
pcgh5wo,2,"yes, doomsday, oh, pretty, say, comics, absolutely, better"
pcgh4mh,1,"like, just, people, don, know, think, lol, did"
pcgh2w4,1,"like, just, people, don, know, think, lol, did"
pcgh2sa,4,"movie, time, man, mcu, marvel, loki, movies, doom"
pcgh1lb,4,"movie, time, man, mcu, marvel, loki, movies, doom"
pcgh09k,4,"movie, time, man, mcu, marvel, loki, movies, doom"
pcgh01n,3,"infinity, vision, imax, scene, scenes, saw, tva, screen"
pcggyjk,4,"movie, time, man, mcu, marvel, loki, movies, doom"
pcggxuy,1,"like, just, people, don, know, think, lol, did"
pcggx62,1,"like, just, people, don, know, think, lol, did"
pcggvz6,4,"movie, time, man, mcu, marvel, loki, movies, doom"
pcggtxm,4,"movie, time, man, mcu, marvel, loki, movies, doom"
pcggr53,4,"movie, time, man, mcu, marvel, loki, movies, doom"
pcggnbn,1,"like, just, people, don, know, think, lol, did"
pcggjxp,1,"like, just, people, don, know, think, lol, did"
pcggi1q,1,"like, just, people, don, know, think, lol, did"
pcggh5n,4,"movie, time, man, mcu, marvel, loki, movies, doom"
pcgggg3,4,"movie, time, man, mcu, marvel, loki, movies, doom"
pcgggfa,0,"gif, giphy, love, guy, number, op, biggest, bring"
pcggf38,3,"infinity, vision, imax, scene, scenes, saw, tva, screen"
pcggegl,4,"movie, time, man, mcu, marvel, loki, movies, doom"
pcggdoj,3,"infinity, vision, imax, scene, scenes, saw, tva, screen"
pcggd6t,0,"gif, giphy, love, guy, number, op, biggest, bring"
pcggcl6,4,"movie, time, man, mcu, marvel, loki, movies, doom"
pcggbqk,1,"like, just, people, don, know, think, lol, did"
pcggasa,3,"infinity, vision, imax, scene, scenes, saw, tva, screen"
pcgg7sy,4,"movie, time, man, mcu, marvel, loki, movies, doom"
pcgg5ci,4,"movie, time, man, mcu, marvel, loki, movies, doom"
pcgg584,4,"movie, time, man, mcu, marvel, loki, movies, doom"
pcgg2xa,4,"movie, time, man, mcu, marvel, loki, movies, doom"
pcgg227,1,"like, just, people, don, know, think, lol, did"
pcgg1zc,4,"movie, time, man, mcu, marvel, loki, movies, doom"
pcgg197,3,"infinity, vision, imax, scene, scenes, saw, tva, screen"
pcgg0r1,4,"movie, time, man, mcu, marvel, loki, movies, doom"
pcgfwju,3,"infinity, vision, imax, scene, scenes, saw, tva, screen"
pcgfudt,2,"yes, doomsday, oh, pretty, say, comics, absolutely, better"
pcgfs4v,4,"movie, time, man, mcu, marvel, loki, movies, doom"
pcgfrxr,2,"yes, doomsday, oh, pretty, say, comics, absolutely, better"
pcgfryj,4,"movie, time, man, mcu, marvel, loki, movies, doom"
pcgfqzs,0,"gif, giphy, love, guy, number, op, biggest, bring"
pcgfqj7,1,"like, just, people, don, know, think, lol, did"
pcgfmgc,4,"movie, time, man, mcu, marvel, loki, movies, doom"
pcgfmdl,1,"like, just, people, don, know, think, lol, did"
pcgfi3x,4,"movie, time, man, mcu, marvel, loki, movies, doom"
pcgfhgi,4,"movie, time, man, mcu, marvel, loki, movies, doom"
pcgfeye,1,"like, just, people, don, know, think, lol, did"
pcgfev4,4,"movie, time, man, mcu, marvel, loki, movies, doom"
pcgfc1a,0,"gif, giphy, love, guy, number, op, biggest, bring"
pcgfbrd,4,"movie, time, man, mcu, marvel, loki, movies, doom"
pcgf93l,2,"yes, doomsday, oh, pretty, say, comics, absolutely, better"
pcgf5o7,0,"gif, giphy, love, guy, number, op, biggest, bring"
pcgf582,4,"movie, time, man, mcu, marvel, loki, movies, doom"
pcgf51f,1,"like, just, people, don, know, think, lol, did"
pcgf236,0,"gif, giphy, love, guy, number, op, biggest, bring"
pcgf188,1,"like, just, people, don, know, think, lol, did"
pcgezgz,4,"movie, time, man, mcu, marvel, loki, movies, doom"
pcgeylw,2,"yes, doomsday, oh, pretty, say, comics, absolutely, better"
pcgeyke,0,"gif, giphy, love, guy, number, op, biggest, bring"
pcgexpb,4,"movie, time, man, mcu, marvel, loki, movies, doom"
pcgexe2,1,"like, just, people, don, know, think, lol, did"
pcgex6b,4,"movie, time, man, mcu, marvel, loki, movies, doom"
pcgewzi,4,"movie, time, man, mcu, marvel, loki, movies, doom"
pcgeuaw,4,"movie, time, man, mcu, marvel, loki, movies, doom"
pcger69,0,"gif, giphy, love, guy, number, op, biggest, bring"
pcgeps6,4,"movie, time, man, mcu, marvel, loki, movies, doom"
pcgeniw,4,"movie, time, man, mcu, marvel, loki, movies, doom"
pcgem5x,1,"like, just, people, don, know, think, lol, did"
pcgejx4,1,"like, just, people, don, know, think, lol, did"
pcgeix8,0,"gif, giphy, love, guy, number, op, biggest, bring"
pcgein5,0,"gif, giphy, love, guy, number, op, biggest, bring"
pcgefaw,4,"movie, time, man, mcu, marvel, loki, movies, doom"
pcgeex4,4,"movie, time, man, mcu, marvel, loki, movies, doom"
pcged4a,1,"like, just, people, don, know, think, lol, did"
pcgec7i,3,"infinity, vision, imax, scene, scenes, saw, tva, screen"
pcgebee,0,"gif, giphy, love, guy, number, op, biggest, bring"
pcge9he,4,"movie, time, man, mcu, marvel, loki, movies, doom"
pcge86y,0,"gif, giphy, love, guy, number, op, biggest, bring"
pcge75n,0,"gif, giphy, love, guy, number, op, biggest, bring"
pcge6so,0,"gif, giphy, love, guy, number, op, biggest, bring"
pcge5nm,4,"movie, time, man, mcu, marvel, loki, movies, doom"
pcge4te,3,"infinity, vision, imax, scene, scenes, saw, tva, screen"
pcge1dk,0,"gif, giphy, love, guy, number, op, biggest, bring"
pcgdy1m,4,"movie, time, man, mcu, marvel, loki, movies, doom"
pcgdwqm,4,"movie, time, man, mcu, marvel, loki, movies, doom"
pcgdwjo,4,"movie, time, man, mcu, marvel, loki, movies, doom"
pcgdw7e,1,"like, just, people, don, know, think, lol, did"
pcgdv7l,4,"movie, time, man, mcu, marvel, loki, movies, doom"
pcgdmvi,4,"movie, time, man, mcu, marvel, loki, movies, doom"
pcgdm88,4,"movie, time, man, mcu, marvel, loki, movies, doom"
pcgdirv,3,"infinity, vision, imax, scene, scenes, saw, tva, screen"
pcgdfdy,4,"movie, time, man, mcu, marvel, loki, movies, doom"
pcgd6tc,4,"movie, time, man, mcu, marvel, loki, movies, doom"
pcgd3b4,4,"movie, time, man, mcu, marvel, loki, movies, doom"
pcgd2kz,4,"movie, time, man, mcu, marvel, loki, movies, doom"
pcgd2gw,1,"like, just, people, don, know, think, lol, did"
pcgd25p,3,"infinity, vision, imax, scene, scenes, saw, tva, screen"
pcgd1wh,4,"movie, time, man, mcu, marvel, loki, movies, doom"
pcgcxwf,3,"infinity, vision, imax, scene, scenes, saw, tva, screen"
pcgcwf6,4,"movie, time, man, mcu, marvel, loki, movies, doom"
pcgctt9,1,"like, just, people, don, know, think, lol, did"
pcgct27,1,"like, just, people, don, know, think, lol, did"
pcgcsr5,1,"like, just, people, don, know, think, lol, did"
pcgcsh8,4,"movie, time, man, mcu, marvel, loki, movies, doom"
pcgcs8g,0,"gif, giphy, love, guy, number, op, biggest, bring"
pcgcroo,1,"like, just, people, don, know, think, lol, did"
pcgcnn4,3,"infinity, vision, imax, scene, scenes, saw, tva, screen"
pcgck60,4,"movie, time, man, mcu, marvel, loki, movies, doom"
pcgcjbe,3,"infinity, vision, imax, scene, scenes, saw, tva, screen"
pcgcfj5,1,"like, just, people, don, know, think, lol, did"
pcgccyf,0,"gif, giphy, love, guy, number, op, biggest, bring"
pcgcctt,1,"like, just, people, don, know, think, lol, did"
pcgccs7,4,"movie, time, man, mcu, marvel, loki, movies, doom"
pcgccn2,1,"like, just, people, don, know, think, lol, did"
pcgccfy,4,"movie, time, man, mcu, marvel, loki, movies, doom"
pcgcbmr,4,"movie, time, man, mcu, marvel, loki, movies, doom"
pcgcb14,4,"movie, time, man, mcu, marvel, loki, movies, doom"
pcgcahs,1,"like, just, people, don, know, think, lol, did"
pcgc5sq,0,"gif, giphy, love, guy, number, op, biggest, bring"
pcgc57c,4,"movie, time, man, mcu, marvel, loki, movies, doom"
pcgc4nb,4,"movie, time, man, mcu, marvel, loki, movies, doom"
pcgc3oc,0,"gif, giphy, love, guy, number, op, biggest, bring"
pcgc2qe,1,"like, just, people, don, know, think, lol, did"
pcgc282,3,"infinity, vision, imax, scene, scenes, saw, tva, screen"
pcgc278,4,"movie, time, man, mcu, marvel, loki, movies, doom"
pcgbz34,4,"movie, time, man, mcu, marvel, loki, movies, doom"
pcgbwji,4,"movie, time, man, mcu, marvel, loki, movies, doom"
pcgbuew,1,"like, just, people, don, know, think, lol, did"
pcgbu2m,4,"movie, time, man, mcu, marvel, loki, movies, doom"
pcgbqlc,0,"gif, giphy, love, guy, number, op, biggest, bring"
pcgbq5j,4,"movie, time, man, mcu, marvel, loki, movies, doom"
pcgbpsb,1,"like, just, people, don, know, think, lol, did"
pcgbpax,0,"gif, giphy, love, guy, number, op, biggest, bring"
pcgbnlb,4,"movie, time, man, mcu, marvel, loki, movies, doom"
pcgbk0b,4,"movie, time, man, mcu, marvel, loki, movies, doom"
pcgbj04,4,"movie, time, man, mcu, marvel, loki, movies, doom"
pcgbgdu,1,"like, just, people, don, know, think, lol, did"
pcgbfog,0,"gif, giphy, love, guy, number, op, biggest, bring"
pcgbeb8,0,"gif, giphy, love, guy, number, op, biggest, bring"
pcgbebi,1,"like, just, people, don, know, think, lol, did"
pcgbc9z,0,"gif, giphy, love, guy, number, op, biggest, bring"
pcgbake,0,"gif, giphy, love, guy, number, op, biggest, bring"
pcgb85j,1,"like, just, people, don, know, think, lol, did"
pcgb67e,0,"gif, giphy, love, guy, number, op, biggest, bring"
pcgb3b2,4,"movie, time, man, mcu, marvel, loki, movies, doom"
pcgb27h,1,"like, just, people, don, know, think, lol, did"
pcgb1ze,1,"like, just, people, don, know, think, lol, did"
pcgb1l4,0,"gif, giphy, love, guy, number, op, biggest, bring"
pcgazam,4,"movie, time, man, mcu, marvel, loki, movies, doom"
pcgaymg,4,"movie, time, man, mcu, marvel, loki, movies, doom"
pcgayi9,0,"gif, giphy, love, guy, number, op, biggest, bring"
pcgaxm1,1,"like, just, people, don, know, think, lol, did"
pcgaxmr,3,"infinity, vision, imax, scene, scenes, saw, tva, screen"
pcgarun,4,"movie, time, man, mcu, marvel, loki, movies, doom"
pcgapxd,0,"gif, giphy, love, guy, number, op, biggest, bring"
pcgajxm,4,"movie, time, man, mcu, marvel, loki, movies, doom"
pcgajeb,4,"movie, time, man, mcu, marvel, loki, movies, doom"
pcgahs2,4,"movie, time, man, mcu, marvel, loki, movies, doom"
pcgahue,0,"gif, giphy, love, guy, number, op, biggest, bring"
pcgagjz,1,"like, just, people, don, know, think, lol, did"
pcgag70,1,"like, just, people, don, know, think, lol, did"
pcgafz5,4,"movie, time, man, mcu, marvel, loki, movies, doom"
pcgaem8,1,"like, just, people, don, know, think, lol, did"
pcgadz9,4,"movie, time, man, mcu, marvel, loki, movies, doom"
pcgadtg,0,"gif, giphy, love, guy, number, op, biggest, bring"
pcgad0b,0,"gif, giphy, love, guy, number, op, biggest, bring"
pcgach8,1,"like, just, people, don, know, think, lol, did"
pcgabu5,1,"like, just, people, don, know, think, lol, did"
pcga8dy,1,"like, just, people, don, know, think, lol, did"
pcga89j,0,"gif, giphy, love, guy, number, op, biggest, bring"
pcga6f5,3,"infinity, vision, imax, scene, scenes, saw, tva, screen"
pcga3ox,4,"movie, time, man, mcu, marvel, loki, movies, doom"
pcga29h,4,"movie, time, man, mcu, marvel, loki, movies, doom"
pcga1u6,4,"movie, time, man, mcu, marvel, loki, movies, doom"
pcg9z4g,1,"like, just, people, don, know, think, lol, did"
pcg9yfc,4,"movie, time, man, mcu, marvel, loki, movies, doom"
pcg9xsp,0,"gif, giphy, love, guy, number, op, biggest, bring"
pcg9wtw,4,"movie, time, man, mcu, marvel, loki, movies, doom"
pcg9vlt,0,"gif, giphy, love, guy, number, op, biggest, bring"
pcg9t4r,4,"movie, time, man, mcu, marvel, loki, movies, doom"
pcg9t0i,0,"gif, giphy, love, guy, number, op, biggest, bring"
pcg9qr5,4,"movie, time, man, mcu, marvel, loki, movies, doom"
pcg9pvh,0,"gif, giphy, love, guy, number, op, biggest, bring"
pcg9p1j,0,"gif, giphy, love, guy, number, op, biggest, bring"
pcg9oyo,0,"gif, giphy, love, guy, number, op, biggest, bring"
pcg9nua,4,"movie, time, man, mcu, marvel, loki, movies, doom"
pcg9nd7,4,"movie, time, man, mcu, marvel, loki, movies, doom"
pcg9nc1,4,"movie, time, man, mcu, marvel, loki, movies, doom"
pcg9ltt,1,"like, just, people, don, know, think, lol, did"
pcg9lqa,0,"gif, giphy, love, guy, number, op, biggest, bring"
pcg9jfw,4,"movie, time, man, mcu, marvel, loki, movies, doom"
pcg9jhu,4,"movie, time, man, mcu, marvel, loki, movies, doom"
pcg9gys,0,"gif, giphy, love, guy, number, op, biggest, bring"
pcg9gil,2,"yes, doomsday, oh, pretty, say, comics, absolutely, better"
pcg9fbw,4,"movie, time, man, mcu, marvel, loki, movies, doom"
pcg9e4k,4,"movie, time, man, mcu, marvel, loki, movies, doom"
pcg9dzr,0,"gif, giphy, love, guy, number, op, biggest, bring"
pcg99d6,4,"movie, time, man, mcu, marvel, loki, movies, doom"
pcg98cg,0,"gif, giphy, love, guy, number, op, biggest, bring"
pcg96ja,0,"gif, giphy, love, guy, number, op, biggest, bring"
pcg91u6,0,"gif, giphy, love, guy, number, op, biggest, bring"
pcg8yb8,3,"infinity, vision, imax, scene, scenes, saw, tva, screen"
pcg8xy8,3,"infinity, vision, imax, scene, scenes, saw, tva, screen"
pcg8x95,4,"movie, time, man, mcu, marvel, loki, movies, doom"
pcg8v3p,4,"movie, time, man, mcu, marvel, loki, movies, doom"
pcg8sl8,1,"like, just, people, don, know, think, lol, did"
pcg8sgb,4,"movie, time, man, mcu, marvel, loki, movies, doom"
pcg8s9g,0,"gif, giphy, love, guy, number, op, biggest, bring"
pcg8rby,4,"movie, time, man, mcu, marvel, loki, movies, doom"
pcg8pvz,4,"movie, time, man, mcu, marvel, loki, movies, doom"
pcg8oug,0,"gif, giphy, love, guy, number, op, biggest, bring"
pcg8nt2,1,"like, just, people, don, know, think, lol, did"
pcg8lk7,4,"movie, time, man, mcu, marvel, loki, movies, doom"
pcg8koc,1,"like, just, people, don, know, think, lol, did"
pcg8kl7,4,"movie, time, man, mcu, marvel, loki, movies, doom"
pcg8knn,0,"gif, giphy, love, guy, number, op, biggest, bring"
pcg8jgx,1,"like, just, people, don, know, think, lol, did"
pcg8j2z,1,"like, just, people, don, know, think, lol, did"
pcg8guj,4,"movie, time, man, mcu, marvel, loki, movies, doom"
pcg8gjh,4,"movie, time, man, mcu, marvel, loki, movies, doom"
pcg8fx4,4,"movie, time, man, mcu, marvel, loki, movies, doom"
pcg8fm7,4,"movie, time, man, mcu, marvel, loki, movies, doom"
pcg8cml,0,"gif, giphy, love, guy, number, op, biggest, bring"
pcg8bck,4,"movie, time, man, mcu, marvel, loki, movies, doom"
pcg89ja,4,"movie, time, man, mcu, marvel, loki, movies, doom"
pcg8969,0,"gif, giphy, love, guy, number, op, biggest, bring"
pcg88w2,4,"movie, time, man, mcu, marvel, loki, movies, doom"
pcg883h,3,"infinity, vision, imax, scene, scenes, saw, tva, screen"
pcg86r5,4,"movie, time, man, mcu, marvel, loki, movies, doom"
pcg86f5,4,"movie, time, man, mcu, marvel, loki, movies, doom"
pcg8544,4,"movie, time, man, mcu, marvel, loki, movies, doom"
pcg84vh,4,"movie, time, man, mcu, marvel, loki, movies, doom"
pcg81ju,4,"movie, time, man, mcu, marvel, loki, movies, doom"
pcg7zb5,0,"gif, giphy, love, guy, number, op, biggest, bring"
pcg7z6m,0,"gif, giphy, love, guy, number, op, biggest, bring"
pcg7xee,4,"movie, time, man, mcu, marvel, loki, movies, doom"
pcg7vnh,1,"like, just, people, don, know, think, lol, did"
pcg7u4v,1,"like, just, people, don, know, think, lol, did"
pcg7tgb,0,"gif, giphy, love, guy, number, op, biggest, bring"
pcg7spn,1,"like, just, people, don, know, think, lol, did"
pcg7qlp,4,"movie, time, man, mcu, marvel, loki, movies, doom"
pcg7psl,0,"gif, giphy, love, guy, number, op, biggest, bring"
pcg7oki,4,"movie, time, man, mcu, marvel, loki, movies, doom"
pcg7llk,1,"like, just, people, don, know, think, lol, did"
pcg7ku3,4,"movie, time, man, mcu, marvel, loki, movies, doom"
pcg7jrl,4,"movie, time, man, mcu, marvel, loki, movies, doom"
pcg7iiw,1,"like, just, people, don, know, think, lol, did"
pcg7i8n,3,"infinity, vision, imax, scene, scenes, saw, tva, screen"
pcg7f4r,3,"infinity, vision, imax, scene, scenes, saw, tva, screen"
pcg7df8,4,"movie, time, man, mcu, marvel, loki, movies, doom"
pcg7dbd,0,"gif, giphy, love, guy, number, op, biggest, bring"
pcg79tn,4,"movie, time, man, mcu, marvel, loki, movies, doom"
pcg79ay,3,"infinity, vision, imax, scene, scenes, saw, tva, screen"
pcg77ck,4,"movie, time, man, mcu, marvel, loki, movies, doom"
pcg743w,1,"like, just, people, don, know, think, lol, did"
pcg73xs,1,"like, just, people, don, know, think, lol, did"
pcg70kc,4,"movie, time, man, mcu, marvel, loki, movies, doom"
pcg70a4,4,"movie, time, man, mcu, marvel, loki, movies, doom"
pcg6xwo,4,"movie, time, man, mcu, marvel, loki, movies, doom"
pcg6xln,0,"gif, giphy, love, guy, number, op, biggest, bring"
pcg6xdj,3,"infinity, vision, imax, scene, scenes, saw, tva, screen"
pcg6vte,4,"movie, time, man, mcu, marvel, loki, movies, doom"
pcg6vvz,3,"infinity, vision, imax, scene, scenes, saw, tva, screen"
pcg6oke,4,"movie, time, man, mcu, marvel, loki, movies, doom"
pcg6oc6,3,"infinity, vision, imax, scene, scenes, saw, tva, screen"
pcg6mvm,3,"infinity, vision, imax, scene, scenes, saw, tva, screen"
pcg6kdn,4,"movie, time, man, mcu, marvel, loki, movies, doom"
pcg6k0k,4,"movie, time, man, mcu, marvel, loki, movies, doom"
pcg6j0r,4,"movie, time, man, mcu, marvel, loki, movies, doom"
pcg6iwt,4,"movie, time, man, mcu, marvel, loki, movies, doom"
pcg6ghz,4,"movie, time, man, mcu, marvel, loki, movies, doom"
pcg6g80,3,"infinity, vision, imax, scene, scenes, saw, tva, screen"
pcg6eoa,4,"movie, time, man, mcu, marvel, loki, movies, doom"
pcg6afv,4,"movie, time, man, mcu, marvel, loki, movies, doom"
pcg6aay,0,"gif, giphy, love, guy, number, op, biggest, bring"
pcg67d6,3,"infinity, vision, imax, scene, scenes, saw, tva, screen"
pcg66e0,1,"like, just, people, don, know, think, lol, did"
pcg6663,0,"gif, giphy, love, guy, number, op, biggest, bring"
pcg655b,2,"yes, doomsday, oh, pretty, say, comics, absolutely, better"
pcg61g0,4,"movie, time, man, mcu, marvel, loki, movies, doom"
pcg5y4e,4,"movie, time, man, mcu, marvel, loki, movies, doom"
pcg5xpd,4,"movie, time, man, mcu, marvel, loki, movies, doom"
pcg5wwt,4,"movie, time, man, mcu, marvel, loki, movies, doom"
pcg5wu9,3,"infinity, vision, imax, scene, scenes, saw, tva, screen"
pcg5tka,4,"movie, time, man, mcu, marvel, loki, movies, doom"
pcg5qvk,4,"movie, time, man, mcu, marvel, loki, movies, doom"
pcg5ovl,0,"gif, giphy, love, guy, number, op, biggest, bring"
pcg5mbh,4,"movie, time, man, mcu, marvel, loki, movies, doom"
pcg5kxn,1,"like, just, people, don, know, think, lol, did"
pcg5jjg,1,"like, just, people, don, know, think, lol, did"
pcg5iri,4,"movie, time, man, mcu, marvel, loki, movies, doom"
pcg5hrd,3,"infinity, vision, imax, scene, scenes, saw, tva, screen"
pcg5h4p,1,"like, just, people, don, know, think, lol, did"
pcg5g3e,4,"movie, time, man, mcu, marvel, loki, movies, doom"
pcg5feg,4,"movie, time, man, mcu, marvel, loki, movies, doom"
pcg5dgd,4,"movie, time, man, mcu, marvel, loki, movies, doom"
pcg5dhd,4,"movie, time, man, mcu, marvel, loki, movies, doom"
pcg5cpz,4,"movie, time, man, mcu, marvel, loki, movies, doom"
pcg5ao4,4,"movie, time, man, mcu, marvel, loki, movies, doom"
pcg5akf,4,"movie, time, man, mcu, marvel, loki, movies, doom"
pcg59ni,3,"infinity, vision, imax, scene, scenes, saw, tva, screen"
pcg58mi,4,"movie, time, man, mcu, marvel, loki, movies, doom"
pcg58it,2,"yes, doomsday, oh, pretty, say, comics, absolutely, better"
pcg55n1,4,"movie, time, man, mcu, marvel, loki, movies, doom"
pcg54u6,4,"movie, time, man, mcu, marvel, loki, movies, doom"
pcg54vk,4,"movie, time, man, mcu, marvel, loki, movies, doom"
pcg54ri,4,"movie, time, man, mcu, marvel, loki, movies, doom"
pcg508j,4,"movie, time, man, mcu, marvel, loki, movies, doom"
pcg4zp3,4,"movie, time, man, mcu, marvel, loki, movies, doom"
pcg4y79,3,"infinity, vision, imax, scene, scenes, saw, tva, screen"
pcg4x1t,0,"gif, giphy, love, guy, number, op, biggest, bring"
pcg4vy7,0,"gif, giphy, love, guy, number, op, biggest, bring"
pcg4uo4,4,"movie, time, man, mcu, marvel, loki, movies, doom"
pcg4ueo,4,"movie, time, man, mcu, marvel, loki, movies, doom"
pcg4ucw,4,"movie, time, man, mcu, marvel, loki, movies, doom"
pcg4swl,3,"infinity, vision, imax, scene, scenes, saw, tva, screen"
pcg4sqr,4,"movie, time, man, mcu, marvel, loki, movies, doom"
pcg4qs5,4,"movie, time, man, mcu, marvel, loki, movies, doom"
pcg4oqk,4,"movie, time, man, mcu, marvel, loki, movies, doom"
pcg4nl5,4,"movie, time, man, mcu, marvel, loki, movies, doom"
pcg4mwg,4,"movie, time, man, mcu, marvel, loki, movies, doom"
pcg4mdv,3,"infinity, vision, imax, scene, scenes, saw, tva, screen"
pcg4m1c,4,"movie, time, man, mcu, marvel, loki, movies, doom"
pcg4ksm,4,"movie, time, man, mcu, marvel, loki, movies, doom"
pcg4kuf,4,"movie, time, man, mcu, marvel, loki, movies, doom"
pcg4k9q,1,"like, just, people, don, know, think, lol, did"
pcg4jqp,2,"yes, doomsday, oh, pretty, say, comics, absolutely, better"
pcg4iqg,4,"movie, time, man, mcu, marvel, loki, movies, doom"
pcg4iqs,1,"like, just, people, don, know, think, lol, did"
pcg4hjm,4,"movie, time, man, mcu, marvel, loki, movies, doom"
pcg4gl2,1,"like, just, people, don, know, think, lol, did"
pcg4fn0,4,"movie, time, man, mcu, marvel, loki, movies, doom"
pcg4f2e,4,"movie, time, man, mcu, marvel, loki, movies, doom"
pcg4drt,4,"movie, time, man, mcu, marvel, loki, movies, doom"
pcg4chz,0,"gif, giphy, love, guy, number, op, biggest, bring"
pcg4cat,4,"movie, time, man, mcu, marvel, loki, movies, doom"
pcg4c5k,1,"like, just, people, don, know, think, lol, did"
pcg4b9n,4,"movie, time, man, mcu, marvel, loki, movies, doom"
pcg494o,3,"infinity, vision, imax, scene, scenes, saw, tva, screen"
pcg482t,4,"movie, time, man, mcu, marvel, loki, movies, doom"
pcg45sn,1,"like, just, people, don, know, think, lol, did"
pcg3z5m,0,"gif, giphy, love, guy, number, op, biggest, bring"
pcg3yri,4,"movie, time, man, mcu, marvel, loki, movies, doom"
pcg3xcd,0,"gif, giphy, love, guy, number, op, biggest, bring"
pcg3vik,4,"movie, time, man, mcu, marvel, loki, movies, doom"
pcg3um4,4,"movie, time, man, mcu, marvel, loki, movies, doom"
pcg3uia,1,"like, just, people, don, know, think, lol, did"
pcg3ufy,4,"movie, time, man, mcu, marvel, loki, movies, doom"
pcg3sk0,0,"gif, giphy, love, guy, number, op, biggest, bring"
pcg3rn0,1,"like, just, people, don, know, think, lol, did"
pcg3pux,4,"movie, time, man, mcu, marvel, loki, movies, doom"
pcg3pox,4,"movie, time, man, mcu, marvel, loki, movies, doom"
pcg3npt,4,"movie, time, man, mcu, marvel, loki, movies, doom"
pcg3m8e,4,"movie, time, man, mcu, marvel, loki, movies, doom"
pcg3ly3,0,"gif, giphy, love, guy, number, op, biggest, bring"
pcg3iyb,0,"gif, giphy, love, guy, number, op, biggest, bring"
pcg3fuc,4,"movie, time, man, mcu, marvel, loki, movies, doom"
pcg3eof,4,"movie, time, man, mcu, marvel, loki, movies, doom"
pcg3e8j,4,"movie, time, man, mcu, marvel, loki, movies, doom"
pcg3bf3,4,"movie, time, man, mcu, marvel, loki, movies, doom"
pcg39wz,0,"gif, giphy, love, guy, number, op, biggest, bring"
pcg38l8,3,"infinity, vision, imax, scene, scenes, saw, tva, screen"
pcg35v6,4,"movie, time, man, mcu, marvel, loki, movies, doom"
pcg34ii,1,"like, just, people, don, know, think, lol, did"
pcg337o,4,"movie, time, man, mcu, marvel, loki, movies, doom"
pcg339s,4,"movie, time, man, mcu, marvel, loki, movies, doom"
pcg334z,0,"gif, giphy, love, guy, number, op, biggest, bring"
pcg32vv,1,"like, just, people, don, know, think, lol, did"
pcg32dm,1,"like, just, people, don, know, think, lol, did"
pcg310p,4,"movie, time, man, mcu, marvel, loki, movies, doom"
pcg2yzt,4,"movie, time, man, mcu, marvel, loki, movies, doom"
pcg2x9i,4,"movie, time, man, mcu, marvel, loki, movies, doom"
pcg2v00,4,"movie, time, man, mcu, marvel, loki, movies, doom"
pcg2tyk,4,"movie, time, man, mcu, marvel, loki, movies, doom"
pcg2tx3,1,"like, just, people, don, know, think, lol, did"
pcg2qb2,1,"like, just, people, don, know, think, lol, did"
pcg2ppd,4,"movie, time, man, mcu, marvel, loki, movies, doom"
pcg2p6s,4,"movie, time, man, mcu, marvel, loki, movies, doom"
pcg2kht,0,"gif, giphy, love, guy, number, op, biggest, bring"
pcg2hg3,1,"like, just, people, don, know, think, lol, did"
pcg2hco,1,"like, just, people, don, know, think, lol, did"
pcg2g9s,4,"movie, time, man, mcu, marvel, loki, movies, doom"
pcg2dn0,4,"movie, time, man, mcu, marvel, loki, movies, doom"
pcg2dg8,0,"gif, giphy, love, guy, number, op, biggest, bring"
pcg2cnz,0,"gif, giphy, love, guy, number, op, biggest, bring"
pcg2bpc,1,"like, just, people, don, know, think, lol, did"
pcg29wt,4,"movie, time, man, mcu, marvel, loki, movies, doom"
pcg297k,4,"movie, time, man, mcu, marvel, loki, movies, doom"
pcg2624,4,"movie, time, man, mcu, marvel, loki, movies, doom"
pcg2180,0,"gif, giphy, love, guy, number, op, biggest, bring"
pcg218m,4,"movie, time, man, mcu, marvel, loki, movies, doom"
pcg1urr,1,"like, just, people, don, know, think, lol, did"
pcg1uhv,4,"movie, time, man, mcu, marvel, loki, movies, doom"
pcg1sgu,1,"like, just, people, don, know, think, lol, did"
pcg1rcx,0,"gif, giphy, love, guy, number, op, biggest, bring"
pcg1r8w,0,"gif, giphy, love, guy, number, op, biggest, bring"
pcg1qw1,1,"like, just, people, don, know, think, lol, did"
pcg1q1s,4,"movie, time, man, mcu, marvel, loki, movies, doom"
pcg1phz,1,"like, just, people, don, know, think, lol, did"
pcg1ncl,4,"movie, time, man, mcu, marvel, loki, movies, doom"
pcg1n8b,1,"like, just, people, don, know, think, lol, did"
pcg1mba,4,"movie, time, man, mcu, marvel, loki, movies, doom"
pcg1jrw,0,"gif, giphy, love, guy, number, op, biggest, bring"
pcg1jfg,3,"infinity, vision, imax, scene, scenes, saw, tva, screen"
pcg1h7w,1,"like, just, people, don, know, think, lol, did"
pcg1ehr,1,"like, just, people, don, know, think, lol, did"
pcg1e48,4,"movie, time, man, mcu, marvel, loki, movies, doom"
pcg1dz8,4,"movie, time, man, mcu, marvel, loki, movies, doom"
pcg1e1e,1,"like, just, people, don, know, think, lol, did"
pcg1ddq,4,"movie, time, man, mcu, marvel, loki, movies, doom"
pcg1cfk,4,"movie, time, man, mcu, marvel, loki, movies, doom"
pcg1cb7,0,"gif, giphy, love, guy, number, op, biggest, bring"
pcg1bel,1,"like, just, people, don, know, think, lol, did"
pcg1anf,4,"movie, time, man, mcu, marvel, loki, movies, doom"
pcg19pq,4,"movie, time, man, mcu, marvel, loki, movies, doom"
pcg18xk,4,"movie, time, man, mcu, marvel, loki, movies, doom"
pcg17wa,0,"gif, giphy, love, guy, number, op, biggest, bring"
pcg14zq,4,"movie, time, man, mcu, marvel, loki, movies, doom"
pcg14ty,3,"infinity, vision, imax, scene, scenes, saw, tva, screen"
pcg14rs,4,"movie, time, man, mcu, marvel, loki, movies, doom"
pcg14ko,3,"infinity, vision, imax, scene, scenes, saw, tva, screen"
pcg14bc,2,"yes, doomsday, oh, pretty, say, comics, absolutely, better"
pcg12cl,2,"yes, doomsday, oh, pretty, say, comics, absolutely, better"
pcg1290,4,"movie, time, man, mcu, marvel, loki, movies, doom"
pcg1049,3,"infinity, vision, imax, scene, scenes, saw, tva, screen"
pcg0zhg,4,"movie, time, man, mcu, marvel, loki, movies, doom"
pcg0z7b,3,"infinity, vision, imax, scene, scenes, saw, tva, screen"
pcg0y1y,4,"movie, time, man, mcu, marvel, loki, movies, doom"
pcg0xt7,1,"like, just, people, don, know, think, lol, did"
pcg0wyl,4,"movie, time, man, mcu, marvel, loki, movies, doom"
pcg0ruj,1,"like, just, people, don, know, think, lol, did"
pcg0ryv,4,"movie, time, man, mcu, marvel, loki, movies, doom"
pcg0q67,4,"movie, time, man, mcu, marvel, loki, movies, doom"
pcg0pqt,4,"movie, time, man, mcu, marvel, loki, movies, doom"
pcg0pmk,4,"movie, time, man, mcu, marvel, loki, movies, doom"
pcg0o6p,1,"like, just, people, don, know, think, lol, did"
pcg0mym,3,"infinity, vision, imax, scene, scenes, saw, tva, screen"
pcg0m8q,4,"movie, time, man, mcu, marvel, loki, movies, doom"
pcg0l27,1,"like, just, people, don, know, think, lol, did"
pcg0k0r,4,"movie, time, man, mcu, marvel, loki, movies, doom"
pcg0jp8,4,"movie, time, man, mcu, marvel, loki, movies, doom"
pcg0i6x,4,"movie, time, man, mcu, marvel, loki, movies, doom"
pcg0hve,4,"movie, time, man, mcu, marvel, loki, movies, doom"
pcg0hw3,4,"movie, time, man, mcu, marvel, loki, movies, doom"
pcg0h6r,2,"yes, doomsday, oh, pretty, say, comics, absolutely, better"
pcg0gs6,4,"movie, time, man, mcu, marvel, loki, movies, doom"
pcg0fwj,4,"movie, time, man, mcu, marvel, loki, movies, doom"
pcg0e8j,4,"movie, time, man, mcu, marvel, loki, movies, doom"
pcg0e2r,3,"infinity, vision, imax, scene, scenes, saw, tva, screen"
pcg0c7c,1,"like, just, people, don, know, think, lol, did"
pcg0b64,3,"infinity, vision, imax, scene, scenes, saw, tva, screen"
pcg07t6,4,"movie, time, man, mcu, marvel, loki, movies, doom"
pcg04n3,0,"gif, giphy, love, guy, number, op, biggest, bring"
pcg02zs,2,"yes, doomsday, oh, pretty, say, comics, absolutely, better"
pcg02a0,0,"gif, giphy, love, guy, number, op, biggest, bring"
pcfzzd1,4,"movie, time, man, mcu, marvel, loki, movies, doom"
pcfzyhb,1,"like, just, people, don, know, think, lol, did"
pcfzy2m,4,"movie, time, man, mcu, marvel, loki, movies, doom"
pcfzv7i,1,"like, just, people, don, know, think, lol, did"
pcfztk2,4,"movie, time, man, mcu, marvel, loki, movies, doom"
pcfzs60,4,"movie, time, man, mcu, marvel, loki, movies, doom"
pcfzq9q,4,"movie, time, man, mcu, marvel, loki, movies, doom"
pcfzp25,1,"like, just, people, don, know, think, lol, did"
pcfzohr,1,"like, just, people, don, know, think, lol, did"
pcfzm4y,0,"gif, giphy, love, guy, number, op, biggest, bring"
pcfzlcq,1,"like, just, people, don, know, think, lol, did"
pcfzgia,3,"infinity, vision, imax, scene, scenes, saw, tva, screen"
pcfzgbt,0,"gif, giphy, love, guy, number, op, biggest, bring"
pcfzeuj,0,"gif, giphy, love, guy, number, op, biggest, bring"
pcfzen5,4,"movie, time, man, mcu, marvel, loki, movies, doom"
pcfzcog,4,"movie, time, man, mcu, marvel, loki, movies, doom"
pcfzbr4,1,"like, just, people, don, know, think, lol, did"
pcfz70g,4,"movie, time, man, mcu, marvel, loki, movies, doom"
pcfz5qh,0,"gif, giphy, love, guy, number, op, biggest, bring"
pcfz4u4,4,"movie, time, man, mcu, marvel, loki, movies, doom"
pcfz2zu,3,"infinity, vision, imax, scene, scenes, saw, tva, screen"
pcfz2tm,4,"movie, time, man, mcu, marvel, loki, movies, doom"
pcfyxoy,3,"infinity, vision, imax, scene, scenes, saw, tva, screen"
pcfyrss,3,"infinity, vision, imax, scene, scenes, saw, tva, screen"
pcfyn32,1,"like, just, people, don, know, think, lol, did"
pcfym9h,4,"movie, time, man, mcu, marvel, loki, movies, doom"
pcfyi66,3,"infinity, vision, imax, scene, scenes, saw, tva, screen"
pcfyi3a,4,"movie, time, man, mcu, marvel, loki, movies, doom"
pcfyhyr,0,"gif, giphy, love, guy, number, op, biggest, bring"
pcfygme,0,"gif, giphy, love, guy, number, op, biggest, bring"
pcfygho,4,"movie, time, man, mcu, marvel, loki, movies, doom"
pcfygis,4,"movie, time, man, mcu, marvel, loki, movies, doom"
pcfye0w,4,"movie, time, man, mcu, marvel, loki, movies, doom"
pcfycs9,0,"gif, giphy, love, guy, number, op, biggest, bring"
pcfyc0q,3,"infinity, vision, imax, scene, scenes, saw, tva, screen"
pcfybsl,0,"gif, giphy, love, guy, number, op, biggest, bring"
pcfyaa5,4,"movie, time, man, mcu, marvel, loki, movies, doom"
pcfy97q,1,"like, just, people, don, know, think, lol, did"
pcfy6rm,4,"movie, time, man, mcu, marvel, loki, movies, doom"
pcfxxs9,1,"like, just, people, don, know, think, lol, did"
pcfxw0g,0,"gif, giphy, love, guy, number, op, biggest, bring"
pcfxuj7,4,"movie, time, man, mcu, marvel, loki, movies, doom"
pcfxuce,4,"movie, time, man, mcu, marvel, loki, movies, doom"
pcfxs6n,4,"movie, time, man, mcu, marvel, loki, movies, doom"
pcfxmg3,4,"movie, time, man, mcu, marvel, loki, movies, doom"
pcfxkv7,1,"like, just, people, don, know, think, lol, did"
pcfxjpt,4,"movie, time, man, mcu, marvel, loki, movies, doom"
pcfxehx,2,"yes, doomsday, oh, pretty, say, comics, absolutely, better"
pcfx7ep,4,"movie, time, man, mcu, marvel, loki, movies, doom"
pcfx6wu,4,"movie, time, man, mcu, marvel, loki, movies, doom"
pcfx1zl,4,"movie, time, man, mcu, marvel, loki, movies, doom"
pcfww37,4,"movie, time, man, mcu, marvel, loki, movies, doom"
pcfwu1k,4,"movie, time, man, mcu, marvel, loki, movies, doom"
pcfwryz,1,"like, just, people, don, know, think, lol, did"
pcfwr2o,2,"yes, doomsday, oh, pretty, say, comics, absolutely, better"
pcfwmu4,1,"like, just, people, don, know, think, lol, did"
pcfwlsw,4,"movie, time, man, mcu, marvel, loki, movies, doom"
pcfwll8,4,"movie, time, man, mcu, marvel, loki, movies, doom"
pcfwhmz,4,"movie, time, man, mcu, marvel, loki, movies, doom"
pcfwh9o,1,"like, just, people, don, know, think, lol, did"
pcfwekw,4,"movie, time, man, mcu, marvel, loki, movies, doom"
pcfwdsy,3,"infinity, vision, imax, scene, scenes, saw, tva, screen"
pcfwcd8,4,"movie, time, man, mcu, marvel, loki, movies, doom"
pcfwa98,3,"infinity, vision, imax, scene, scenes, saw, tva, screen"
pcfwa0v,4,"movie, time, man, mcu, marvel, loki, movies, doom"
pcfw7k2,0,"gif, giphy, love, guy, number, op, biggest, bring"
pcfw5h0,4,"movie, time, man, mcu, marvel, loki, movies, doom"
pcfw3bz,4,"movie, time, man, mcu, marvel, loki, movies, doom"
pcfw0aj,4,"movie, time, man, mcu, marvel, loki, movies, doom"
pcfvupj,4,"movie, time, man, mcu, marvel, loki, movies, doom"
pcfvu6w,0,"gif, giphy, love, guy, number, op, biggest, bring"
pcfvofj,4,"movie, time, man, mcu, marvel, loki, movies, doom"
pcfvnxi,3,"infinity, vision, imax, scene, scenes, saw, tva, screen"
pcfvnqc,4,"movie, time, man, mcu, marvel, loki, movies, doom"
pcfvn2m,4,"movie, time, man, mcu, marvel, loki, movies, doom"
pcfvigm,1,"like, just, people, don, know, think, lol, did"
pcfvcu1,1,"like, just, people, don, know, think, lol, did"
pcfvbbf,4,"movie, time, man, mcu, marvel, loki, movies, doom"
pcfva8j,0,"gif, giphy, love, guy, number, op, biggest, bring"
pcfva2x,4,"movie, time, man, mcu, marvel, loki, movies, doom"
pcfv9v0,4,"movie, time, man, mcu, marvel, loki, movies, doom"
pcfv9cr,3,"infinity, vision, imax, scene, scenes, saw, tva, screen"
pcfv6xm,0,"gif, giphy, love, guy, number, op, biggest, bring"
pcfv4so,4,"movie, time, man, mcu, marvel, loki, movies, doom"
pcfv121,1,"like, just, people, don, know, think, lol, did"
pcfuzbt,1,"like, just, people, don, know, think, lol, did"
pcfuwr4,4,"movie, time, man, mcu, marvel, loki, movies, doom"
pcfuwd7,1,"like, just, people, don, know, think, lol, did"
pcfuvri,4,"movie, time, man, mcu, marvel, loki, movies, doom"
pcfuutz,0,"gif, giphy, love, guy, number, op, biggest, bring"
pcfut0a,4,"movie, time, man, mcu, marvel, loki, movies, doom"
pcfuou7,4,"movie, time, man, mcu, marvel, loki, movies, doom"
pcfumcn,4,"movie, time, man, mcu, marvel, loki, movies, doom"
pcfulic,4,"movie, time, man, mcu, marvel, loki, movies, doom"
pcfulb2,4,"movie, time, man, mcu, marvel, loki, movies, doom"
pcful0i,1,"like, just, people, don, know, think, lol, did"
pcfuhd3,3,"infinity, vision, imax, scene, scenes, saw, tva, screen"
pcfug91,0,"gif, giphy, love, guy, number, op, biggest, bring"
pcfuevx,4,"movie, time, man, mcu, marvel, loki, movies, doom"
pcfuczc,3,"infinity, vision, imax, scene, scenes, saw, tva, screen"
pcfuaot,2,"yes, doomsday, oh, pretty, say, comics, absolutely, better"
pcfu872,4,"movie, time, man, mcu, marvel, loki, movies, doom"
pcfu620,4,"movie, time, man, mcu, marvel, loki, movies, doom"
pcfu59j,0,"gif, giphy, love, guy, number, op, biggest, bring"
pcfu444,1,"like, just, people, don, know, think, lol, did"
pcfu08o,0,"gif, giphy, love, guy, number, op, biggest, bring"
pcftzn6,4,"movie, time, man, mcu, marvel, loki, movies, doom"
pcftyo4,1,"like, just, people, don, know, think, lol, did"
pcftuuo,4,"movie, time, man, mcu, marvel, loki, movies, doom"
pcftr97,4,"movie, time, man, mcu, marvel, loki, movies, doom"
pcftqyn,4,"movie, time, man, mcu, marvel, loki, movies, doom"
pcftquw,1,"like, just, people, don, know, think, lol, did"
pcftpze,1,"like, just, people, don, know, think, lol, did"
pcftpu0,4,"movie, time, man, mcu, marvel, loki, movies, doom"
pcftovx,4,"movie, time, man, mcu, marvel, loki, movies, doom"
pcftntv,0,"gif, giphy, love, guy, number, op, biggest, bring"
pcftib4,4,"movie, time, man, mcu, marvel, loki, movies, doom"
pcftdxb,0,"gif, giphy, love, guy, number, op, biggest, bring"
pcftdse,4,"movie, time, man, mcu, marvel, loki, movies, doom"
pcftctb,0,"gif, giphy, love, guy, number, op, biggest, bring"
pcftcc6,4,"movie, time, man, mcu, marvel, loki, movies, doom"
pcftavu,4,"movie, time, man, mcu, marvel, loki, movies, doom"
pcft4l0,4,"movie, time, man, mcu, marvel, loki, movies, doom"
pcft3jy,1,"like, just, people, don, know, think, lol, did"
pcft2n6,0,"gif, giphy, love, guy, number, op, biggest, bring"
pcfsvgc,1,"like, just, people, don, know, think, lol, did"
pcfsv8z,4,"movie, time, man, mcu, marvel, loki, movies, doom"
pcfstbj,4,"movie, time, man, mcu, marvel, loki, movies, doom"
pcfssj3,4,"movie, time, man, mcu, marvel, loki, movies, doom"
pcfsr5t,4,"movie, time, man, mcu, marvel, loki, movies, doom"
pcfspm5,4,"movie, time, man, mcu, marvel, loki, movies, doom"
pcfspaa,0,"gif, giphy, love, guy, number, op, biggest, bring"
pcfsond,1,"like, just, people, don, know, think, lol, did"
pcfsn9q,4,"movie, time, man, mcu, marvel, loki, movies, doom"
pcfsnap,2,"yes, doomsday, oh, pretty, say, comics, absolutely, better"
pcfslrr,0,"gif, giphy, love, guy, number, op, biggest, bring"
pcfshaz,4,"movie, time, man, mcu, marvel, loki, movies, doom"
pcfse3k,1,"like, just, people, don, know, think, lol, did"
pcfsdj4,4,"movie, time, man, mcu, marvel, loki, movies, doom"
pcfsck7,1,"like, just, people, don, know, think, lol, did"
pcfsbne,4,"movie, time, man, mcu, marvel, loki, movies, doom"
pcfsayp,3,"infinity, vision, imax, scene, scenes, saw, tva, screen"
pcfsae2,4,"movie, time, man, mcu, marvel, loki, movies, doom"
pcfs8np,4,"movie, time, man, mcu, marvel, loki, movies, doom"
pcfs7ba,0,"gif, giphy, love, guy, number, op, biggest, bring"
pcfs6nr,3,"infinity, vision, imax, scene, scenes, saw, tva, screen"
pcfs69e,0,"gif, giphy, love, guy, number, op, biggest, bring"
pcfs5yx,4,"movie, time, man, mcu, marvel, loki, movies, doom"
pcfs4cz,4,"movie, time, man, mcu, marvel, loki, movies, doom"
pcfs1pq,1,"like, just, people, don, know, think, lol, did"
pcfs17b,4,"movie, time, man, mcu, marvel, loki, movies, doom"
pcfrydp,3,"infinity, vision, imax, scene, scenes, saw, tva, screen"
pcfrw0h,0,"gif, giphy, love, guy, number, op, biggest, bring"
pcfrvky,4,"movie, time, man, mcu, marvel, loki, movies, doom"
pcfruq9,4,"movie, time, man, mcu, marvel, loki, movies, doom"
pcfrq3p,4,"movie, time, man, mcu, marvel, loki, movies, doom"
pcfrorx,4,"movie, time, man, mcu, marvel, loki, movies, doom"
pcfrnnp,1,"like, just, people, don, know, think, lol, did"
pcfrmcc,1,"like, just, people, don, know, think, lol, did"
pcfrmb2,0,"gif, giphy, love, guy, number, op, biggest, bring"
pcfrlt6,0,"gif, giphy, love, guy, number, op, biggest, bring"
pcfrf44,0,"gif, giphy, love, guy, number, op, biggest, bring"
pcfrdtl,4,"movie, time, man, mcu, marvel, loki, movies, doom"
pcfrclh,0,"gif, giphy, love, guy, number, op, biggest, bring"
pcfrash,4,"movie, time, man, mcu, marvel, loki, movies, doom"
pcfra3a,4,"movie, time, man, mcu, marvel, loki, movies, doom"
pcfra4s,4,"movie, time, man, mcu, marvel, loki, movies, doom"
pcfr9ya,0,"gif, giphy, love, guy, number, op, biggest, bring"
pcfr7w5,3,"infinity, vision, imax, scene, scenes, saw, tva, screen"
pcfr5ki,4,"movie, time, man, mcu, marvel, loki, movies, doom"
pcfr48q,4,"movie, time, man, mcu, marvel, loki, movies, doom"
pcfr1ru,4,"movie, time, man, mcu, marvel, loki, movies, doom"
pcfr1it,1,"like, just, people, don, know, think, lol, did"
pcfr0o2,1,"like, just, people, don, know, think, lol, did"
pcfqvgg,1,"like, just, people, don, know, think, lol, did"
pcfqttv,4,"movie, time, man, mcu, marvel, loki, movies, doom"
pcfqrgw,4,"movie, time, man, mcu, marvel, loki, movies, doom"
pcfqpp7,4,"movie, time, man, mcu, marvel, loki, movies, doom"
pcfqnv2,4,"movie, time, man, mcu, marvel, loki, movies, doom"
pcfqiz7,4,"movie, time, man, mcu, marvel, loki, movies, doom"
pcfqil0,4,"movie, time, man, mcu, marvel, loki, movies, doom"
pcfqgo9,1,"like, just, people, don, know, think, lol, did"
pcfqfdl,4,"movie, time, man, mcu, marvel, loki, movies, doom"
pcfqeex,4,"movie, time, man, mcu, marvel, loki, movies, doom"
pcfqcs4,0,"gif, giphy, love, guy, number, op, biggest, bring"
pcfqc85,4,"movie, time, man, mcu, marvel, loki, movies, doom"
pcfq8be,4,"movie, time, man, mcu, marvel, loki, movies, doom"
pcfq7tt,4,"movie, time, man, mcu, marvel, loki, movies, doom"
pcfq7sw,4,"movie, time, man, mcu, marvel, loki, movies, doom"
pcfq5zu,4,"movie, time, man, mcu, marvel, loki, movies, doom"
pcfq2bh,3,"infinity, vision, imax, scene, scenes, saw, tva, screen"
pcfq28u,4,"movie, time, man, mcu, marvel, loki, movies, doom"
pcfpx3k,4,"movie, time, man, mcu, marvel, loki, movies, doom"
pcfpwb4,0,"gif, giphy, love, guy, number, op, biggest, bring"
pcfpvxo,4,"movie, time, man, mcu, marvel, loki, movies, doom"
pcfpv95,1,"like, just, people, don, know, think, lol, did"
pcfpuym,4,"movie, time, man, mcu, marvel, loki, movies, doom"
pcfpulw,1,"like, just, people, don, know, think, lol, did"
pcfpt44,4,"movie, time, man, mcu, marvel, loki, movies, doom"
pcfps35,4,"movie, time, man, mcu, marvel, loki, movies, doom"
pcfppqr,3,"infinity, vision, imax, scene, scenes, saw, tva, screen"
pcfpoq1,4,"movie, time, man, mcu, marvel, loki, movies, doom"
pcfpneg,3,"infinity, vision, imax, scene, scenes, saw, tva, screen"
pcfpn5m,0,"gif, giphy, love, guy, number, op, biggest, bring"
pcfpl48,4,"movie, time, man, mcu, marvel, loki, movies, doom"
pcfpkq6,4,"movie, time, man, mcu, marvel, loki, movies, doom"
pcfpjer,4,"movie, time, man, mcu, marvel, loki, movies, doom"
pcfpgxd,3,"infinity, vision, imax, scene, scenes, saw, tva, screen"
pcfpgl3,0,"gif, giphy, love, guy, number, op, biggest, bring"
pcfpfyl,4,"movie, time, man, mcu, marvel, loki, movies, doom"
pcfpewq,4,"movie, time, man, mcu, marvel, loki, movies, doom"
pcfpb6l,1,"like, just, people, don, know, think, lol, did"
pcfpb0s,4,"movie, time, man, mcu, marvel, loki, movies, doom"
pcfp8xm,4,"movie, time, man, mcu, marvel, loki, movies, doom"
pcfp65k,4,"movie, time, man, mcu, marvel, loki, movies, doom"
pcfp5u1,1,"like, just, people, don, know, think, lol, did"
pcfp5j7,1,"like, just, people, don, know, think, lol, did"
pcfp4w0,4,"movie, time, man, mcu, marvel, loki, movies, doom"
pcfp4lb,0,"gif, giphy, love, guy, number, op, biggest, bring"
pcfp3mk,4,"movie, time, man, mcu, marvel, loki, movies, doom"
pcfp2ol,4,"movie, time, man, mcu, marvel, loki, movies, doom"
pcfp23i,0,"gif, giphy, love, guy, number, op, biggest, bring"
pcfoznd,4,"movie, time, man, mcu, marvel, loki, movies, doom"
pcfozaj,4,"movie, time, man, mcu, marvel, loki, movies, doom"
pcfoz7w,1,"like, just, people, don, know, think, lol, did"
pcfox16,4,"movie, time, man, mcu, marvel, loki, movies, doom"
pcfouf0,4,"movie, time, man, mcu, marvel, loki, movies, doom"
pcfot07,4,"movie, time, man, mcu, marvel, loki, movies, doom"
pcfot19,4,"movie, time, man, mcu, marvel, loki, movies, doom"
pcforka,2,"yes, doomsday, oh, pretty, say, comics, absolutely, better"
pcfore1,4,"movie, time, man, mcu, marvel, loki, movies, doom"
pcfor0z,1,"like, just, people, don, know, think, lol, did"
pcfoqol,4,"movie, time, man, mcu, marvel, loki, movies, doom"
pcfoo5f,1,"like, just, people, don, know, think, lol, did"
pcfonh3,1,"like, just, people, don, know, think, lol, did"
pcfolgm,1,"like, just, people, don, know, think, lol, did"
pcfol9o,1,"like, just, people, don, know, think, lol, did"
pcfokc4,4,"movie, time, man, mcu, marvel, loki, movies, doom"
pcfoh36,4,"movie, time, man, mcu, marvel, loki, movies, doom"
pcfofo3,4,"movie, time, man, mcu, marvel, loki, movies, doom"
pcfobmh,0,"gif, giphy, love, guy, number, op, biggest, bring"
pcfoa5z,1,"like, just, people, don, know, think, lol, did"
pcfo9qf,1,"like, just, people, don, know, think, lol, did"
pcfo6di,4,"movie, time, man, mcu, marvel, loki, movies, doom"
pcfo4v4,1,"like, just, people, don, know, think, lol, did"
pcfnzvd,0,"gif, giphy, love, guy, number, op, biggest, bring"
pcfny2t,4,"movie, time, man, mcu, marvel, loki, movies, doom"
pcfnxl7,0,"gif, giphy, love, guy, number, op, biggest, bring"
pcfnwz6,3,"infinity, vision, imax, scene, scenes, saw, tva, screen"
pcfnwpm,4,"movie, time, man, mcu, marvel, loki, movies, doom"
pcfnwi9,4,"movie, time, man, mcu, marvel, loki, movies, doom"
pcfnv5q,0,"gif, giphy, love, guy, number, op, biggest, bring"
pcfnv0p,0,"gif, giphy, love, guy, number, op, biggest, bring"
pcfnubp,4,"movie, time, man, mcu, marvel, loki, movies, doom"
pcfntjg,1,"like, just, people, don, know, think, lol, did"
pcfnszw,4,"movie, time, man, mcu, marvel, loki, movies, doom"
pcfnnz7,4,"movie, time, man, mcu, marvel, loki, movies, doom"
pcfnms8,4,"movie, time, man, mcu, marvel, loki, movies, doom"
pcfnl03,4,"movie, time, man, mcu, marvel, loki, movies, doom"
pcfnh99,4,"movie, time, man, mcu, marvel, loki, movies, doom"
pcfngou,1,"like, just, people, don, know, think, lol, did"
pcfng3q,4,"movie, time, man, mcu, marvel, loki, movies, doom"
pcfnebf,4,"movie, time, man, mcu, marvel, loki, movies, doom"
pcfncq9,1,"like, just, people, don, know, think, lol, did"
pcfn9oh,4,"movie, time, man, mcu, marvel, loki, movies, doom"
pcfn8jr,4,"movie, time, man, mcu, marvel, loki, movies, doom"
pcfn8f6,4,"movie, time, man, mcu, marvel, loki, movies, doom"
pcfn83a,0,"gif, giphy, love, guy, number, op, biggest, bring"
pcfn6ep,4,"movie, time, man, mcu, marvel, loki, movies, doom"
pcfn6jj,1,"like, just, people, don, know, think, lol, did"
pcfn5xk,4,"movie, time, man, mcu, marvel, loki, movies, doom"
pcfn53a,4,"movie, time, man, mcu, marvel, loki, movies, doom"
pcfn552,1,"like, just, people, don, know, think, lol, did"
pcfn3yf,4,"movie, time, man, mcu, marvel, loki, movies, doom"
pcfn3tj,4,"movie, time, man, mcu, marvel, loki, movies, doom"
pcfn3wu,1,"like, just, people, don, know, think, lol, did"
pcfmxc4,0,"gif, giphy, love, guy, number, op, biggest, bring"
pcfmw7m,4,"movie, time, man, mcu, marvel, loki, movies, doom"
pcfmvya,4,"movie, time, man, mcu, marvel, loki, movies, doom"
pcfmvqv,0,"gif, giphy, love, guy, number, op, biggest, bring"
pcfmuqu,4,"movie, time, man, mcu, marvel, loki, movies, doom"
pcfmuf4,4,"movie, time, man, mcu, marvel, loki, movies, doom"
pcfmtvl,4,"movie, time, man, mcu, marvel, loki, movies, doom"
pcfmtrt,0,"gif, giphy, love, guy, number, op, biggest, bring"
pcfmsm5,3,"infinity, vision, imax, scene, scenes, saw, tva, screen"
pcfmqn6,4,"movie, time, man, mcu, marvel, loki, movies, doom"
pcfmor6,4,"movie, time, man, mcu, marvel, loki, movies, doom"
pcfmo7g,4,"movie, time, man, mcu, marvel, loki, movies, doom"
pcfmmbw,4,"movie, time, man, mcu, marvel, loki, movies, doom"
pcfmkh9,3,"infinity, vision, imax, scene, scenes, saw, tva, screen"
pcfmkit,4,"movie, time, man, mcu, marvel, loki, movies, doom"
pcfmjkd,0,"gif, giphy, love, guy, number, op, biggest, bring"
pcfmjns,1,"like, just, people, don, know, think, lol, did"
pcfmh33,1,"like, just, people, don, know, think, lol, did"
pcfmgft,0,"gif, giphy, love, guy, number, op, biggest, bring"
pcfmec8,4,"movie, time, man, mcu, marvel, loki, movies, doom"
pcfmcta,3,"infinity, vision, imax, scene, scenes, saw, tva, screen"
pcfmcrc,4,"movie, time, man, mcu, marvel, loki, movies, doom"
pcfmc3g,3,"infinity, vision, imax, scene, scenes, saw, tva, screen"
pcfm7ba,4,"movie, time, man, mcu, marvel, loki, movies, doom"
pcfm6po,1,"like, just, people, don, know, think, lol, did"
pcfm419,4,"movie, time, man, mcu, marvel, loki, movies, doom"
pcfm2vq,1,"like, just, people, don, know, think, lol, did"
pcfm2s5,4,"movie, time, man, mcu, marvel, loki, movies, doom"
pcfm29d,3,"infinity, vision, imax, scene, scenes, saw, tva, screen"
pcfm1a6,1,"like, just, people, don, know, think, lol, did"
pcfm0rw,4,"movie, time, man, mcu, marvel, loki, movies, doom"
pcflzlf,1,"like, just, people, don, know, think, lol, did"
pcflxc0,0,"gif, giphy, love, guy, number, op, biggest, bring"
pcflw21,1,"like, just, people, don, know, think, lol, did"
pcflw26,4,"movie, time, man, mcu, marvel, loki, movies, doom"
pcflvi2,3,"infinity, vision, imax, scene, scenes, saw, tva, screen"
pcflu6o,4,"movie, time, man, mcu, marvel, loki, movies, doom"
pcflrk1,4,"movie, time, man, mcu, marvel, loki, movies, doom"
pcflr07,0,"gif, giphy, love, guy, number, op, biggest, bring"
pcflqk5,4,"movie, time, man, mcu, marvel, loki, movies, doom"
pcflq27,1,"like, just, people, don, know, think, lol, did"
pcflpir,0,"gif, giphy, love, guy, number, op, biggest, bring"
pcflowg,4,"movie, time, man, mcu, marvel, loki, movies, doom"
pcflndb,0,"gif, giphy, love, guy, number, op, biggest, bring"
pcfllsc,3,"infinity, vision, imax, scene, scenes, saw, tva, screen"
pcflk3j,3,"infinity, vision, imax, scene, scenes, saw, tva, screen"
pcfljpu,4,"movie, time, man, mcu, marvel, loki, movies, doom"
pcflib0,3,"infinity, vision, imax, scene, scenes, saw, tva, screen"
pcflh8w,4,"movie, time, man, mcu, marvel, loki, movies, doom"
pcfle3s,0,"gif, giphy, love, guy, number, op, biggest, bring"
pcfldrk,4,"movie, time, man, mcu, marvel, loki, movies, doom"
pcfldwg,4,"movie, time, man, mcu, marvel, loki, movies, doom"
pcflahb,4,"movie, time, man, mcu, marvel, loki, movies, doom"
pcflaau,4,"movie, time, man, mcu, marvel, loki, movies, doom"
pcfla4q,4,"movie, time, man, mcu, marvel, loki, movies, doom"
pcfl9fb,3,"infinity, vision, imax, scene, scenes, saw, tva, screen"
pcfl8el,4,"movie, time, man, mcu, marvel, loki, movies, doom"
pcfl7zz,1,"like, just, people, don, know, think, lol, did"
pcfl7oi,0,"gif, giphy, love, guy, number, op, biggest, bring"
pcfl68q,1,"like, just, people, don, know, think, lol, did"
pcfl4dy,4,"movie, time, man, mcu, marvel, loki, movies, doom"
pcfl44s,4,"movie, time, man, mcu, marvel, loki, movies, doom"
pcfl1c0,4,"movie, time, man, mcu, marvel, loki, movies, doom"
pcfl0lp,0,"gif, giphy, love, guy, number, op, biggest, bring"
pcfkyvd,4,"movie, time, man, mcu, marvel, loki, movies, doom"
pcfkxxv,4,"movie, time, man, mcu, marvel, loki, movies, doom"
pcfkxls,0,"gif, giphy, love, guy, number, op, biggest, bring"
pcfkvk1,1,"like, just, people, don, know, think, lol, did"
pcfkt8h,4,"movie, time, man, mcu, marvel, loki, movies, doom"
pcfks20,0,"gif, giphy, love, guy, number, op, biggest, bring"
pcfkrps,4,"movie, time, man, mcu, marvel, loki, movies, doom"
pcfkqme,0,"gif, giphy, love, guy, number, op, biggest, bring"
pcfkqd6,2,"yes, doomsday, oh, pretty, say, comics, absolutely, better"
pcfknmh,1,"like, just, people, don, know, think, lol, did"
pcfkm9l,4,"movie, time, man, mcu, marvel, loki, movies, doom"
pcfkjn3,1,"like, just, people, don, know, think, lol, did"
pcfkixg,4,"movie, time, man, mcu, marvel, loki, movies, doom"
pcfkio8,1,"like, just, people, don, know, think, lol, did"
pcfkh2v,0,"gif, giphy, love, guy, number, op, biggest, bring"
pcfkgs5,1,"like, just, people, don, know, think, lol, did"
pcfkgtc,4,"movie, time, man, mcu, marvel, loki, movies, doom"
pcfkgg0,4,"movie, time, man, mcu, marvel, loki, movies, doom"
pcfkf53,4,"movie, time, man, mcu, marvel, loki, movies, doom"
pcfkejh,0,"gif, giphy, love, guy, number, op, biggest, bring"
pcfkcyo,4,"movie, time, man, mcu, marvel, loki, movies, doom"
pcfkc6z,4,"movie, time, man, mcu, marvel, loki, movies, doom"
pcfk9s4,1,"like, just, people, don, know, think, lol, did"
pcfk90x,0,"gif, giphy, love, guy, number, op, biggest, bring"
pcfk8x0,1,"like, just, people, don, know, think, lol, did"
pcfk8d1,1,"like, just, people, don, know, think, lol, did"
pcfk8d9,4,"movie, time, man, mcu, marvel, loki, movies, doom"
pcfk7xa,0,"gif, giphy, love, guy, number, op, biggest, bring"
pcfk7nu,3,"infinity, vision, imax, scene, scenes, saw, tva, screen"
pcfk6to,4,"movie, time, man, mcu, marvel, loki, movies, doom"
pcfk6wo,4,"movie, time, man, mcu, marvel, loki, movies, doom"
pcfk65k,4,"movie, time, man, mcu, marvel, loki, movies, doom"
pcfk5sh,4,"movie, time, man, mcu, marvel, loki, movies, doom"
pcfk5bs,4,"movie, time, man, mcu, marvel, loki, movies, doom"
pcfk3ia,1,"like, just, people, don, know, think, lol, did"
pcfk1q5,0,"gif, giphy, love, guy, number, op, biggest, bring"
pcfk1jj,4,"movie, time, man, mcu, marvel, loki, movies, doom"
pcfk0u3,4,"movie, time, man, mcu, marvel, loki, movies, doom"
pcfk06y,4,"movie, time, man, mcu, marvel, loki, movies, doom"
pcfjz0v,1,"like, just, people, don, know, think, lol, did"
pcfjypn,4,"movie, time, man, mcu, marvel, loki, movies, doom"
pcfjwuz,4,"movie, time, man, mcu, marvel, loki, movies, doom"
pcfjwak,0,"gif, giphy, love, guy, number, op, biggest, bring"
pcfjw1y,4,"movie, time, man, mcu, marvel, loki, movies, doom"
pcfjuhz,4,"movie, time, man, mcu, marvel, loki, movies, doom"
pcfjtqr,0,"gif, giphy, love, guy, number, op, biggest, bring"
pcfjqoz,1,"like, just, people, don, know, think, lol, did"
pcfjq9n,4,"movie, time, man, mcu, marvel, loki, movies, doom"
pcfjojx,1,"like, just, people, don, know, think, lol, did"
pcfjj32,1,"like, just, people, don, know, think, lol, did"
pcfjido,1,"like, just, people, don, know, think, lol, did"
pcfjgv2,1,"like, just, people, don, know, think, lol, did"
pcfjgc2,0,"gif, giphy, love, guy, number, op, biggest, bring"
pcfjflp,4,"movie, time, man, mcu, marvel, loki, movies, doom"
pcfjeuk,0,"gif, giphy, love, guy, number, op, biggest, bring"
pcfjd0s,4,"movie, time, man, mcu, marvel, loki, movies, doom"
pcfjcpw,1,"like, just, people, don, know, think, lol, did"
pcfjc39,1,"like, just, people, don, know, think, lol, did"
pcfjbfc,4,"movie, time, man, mcu, marvel, loki, movies, doom"
pcfjaxw,1,"like, just, people, don, know, think, lol, did"
pcfja0x,4,"movie, time, man, mcu, marvel, loki, movies, doom"
pcfja2q,4,"movie, time, man, mcu, marvel, loki, movies, doom"
pcfj710,4,"movie, time, man, mcu, marvel, loki, movies, doom"
pcfj4yn,1,"like, just, people, don, know, think, lol, did"
pcfj22r,1,"like, just, people, don, know, think, lol, did"
pcfj1c7,4,"movie, time, man, mcu, marvel, loki, movies, doom"
pcfj04w,0,"gif, giphy, love, guy, number, op, biggest, bring"
pcfiz9y,0,"gif, giphy, love, guy, number, op, biggest, bring"
pcfiyl7,0,"gif, giphy, love, guy, number, op, biggest, bring"
pcfiy3c,0,"gif, giphy, love, guy, number, op, biggest, bring"
pcfixuv,2,"yes, doomsday, oh, pretty, say, comics, absolutely, better"
pcfixg1,1,"like, just, people, don, know, think, lol, did"
pcfix0k,4,"movie, time, man, mcu, marvel, loki, movies, doom"
pcfivhz,4,"movie, time, man, mcu, marvel, loki, movies, doom"
pcfiu1y,4,"movie, time, man, mcu, marvel, loki, movies, doom"
pcfitxa,0,"gif, giphy, love, guy, number, op, biggest, bring"
pcfir7q,4,"movie, time, man, mcu, marvel, loki, movies, doom"
pcfipqk,4,"movie, time, man, mcu, marvel, loki, movies, doom"
pcfip3d,4,"movie, time, man, mcu, marvel, loki, movies, doom"
pcfiofm,1,"like, just, people, don, know, think, lol, did"
pcfiner,4,"movie, time, man, mcu, marvel, loki, movies, doom"
pcfilo5,0,"gif, giphy, love, guy, number, op, biggest, bring"
pcfikyk,0,"gif, giphy, love, guy, number, op, biggest, bring"
pcfikrf,1,"like, just, people, don, know, think, lol, did"
pcfik1p,4,"movie, time, man, mcu, marvel, loki, movies, doom"
pcfijtj,4,"movie, time, man, mcu, marvel, loki, movies, doom"
pcfijhg,0,"gif, giphy, love, guy, number, op, biggest, bring"
pcfii4j,0,"gif, giphy, love, guy, number, op, biggest, bring"
pcfih82,0,"gif, giphy, love, guy, number, op, biggest, bring"
pcfigs6,4,"movie, time, man, mcu, marvel, loki, movies, doom"
pcfif7s,4,"movie, time, man, mcu, marvel, loki, movies, doom"
pcfiej1,0,"gif, giphy, love, guy, number, op, biggest, bring"
pcfiefg,4,"movie, time, man, mcu, marvel, loki, movies, doom"
pcfid3i,4,"movie, time, man, mcu, marvel, loki, movies, doom"
pcfibsv,0,"gif, giphy, love, guy, number, op, biggest, bring"
pcfiae5,4,"movie, time, man, mcu, marvel, loki, movies, doom"
pcfi7x8,3,"infinity, vision, imax, scene, scenes, saw, tva, screen"
pcfi6pz,0,"gif, giphy, love, guy, number, op, biggest, bring"
pcfi5u1,1,"like, just, people, don, know, think, lol, did"
pcfi5md,1,"like, just, people, don, know, think, lol, did"
pcfi3b9,0,"gif, giphy, love, guy, number, op, biggest, bring"
pcfi326,3,"infinity, vision, imax, scene, scenes, saw, tva, screen"
pcfi2t3,4,"movie, time, man, mcu, marvel, loki, movies, doom"
pcfhym5,4,"movie, time, man, mcu, marvel, loki, movies, doom"
pcfhy7b,1,"like, just, people, don, know, think, lol, did"
pcfhxkr,1,"like, just, people, don, know, think, lol, did"
pcfhxlr,1,"like, just, people, don, know, think, lol, did"
pcfhv03,3,"infinity, vision, imax, scene, scenes, saw, tva, screen"
pcfhtd2,3,"infinity, vision, imax, scene, scenes, saw, tva, screen"
pcfhsoo,3,"infinity, vision, imax, scene, scenes, saw, tva, screen"
pcfhpmo,0,"gif, giphy, love, guy, number, op, biggest, bring"
pcfhouu,1,"like, just, people, don, know, think, lol, did"
pcfhnwe,4,"movie, time, man, mcu, marvel, loki, movies, doom"
pcfhn5i,3,"infinity, vision, imax, scene, scenes, saw, tva, screen"
pcfhlp9,0,"gif, giphy, love, guy, number, op, biggest, bring"
pcfhl08,4,"movie, time, man, mcu, marvel, loki, movies, doom"
pcfhki6,3,"infinity, vision, imax, scene, scenes, saw, tva, screen"
pcfhh4s,1,"like, just, people, don, know, think, lol, did"
pcfhg1f,0,"gif, giphy, love, guy, number, op, biggest, bring"
pcfhezl,3,"infinity, vision, imax, scene, scenes, saw, tva, screen"
pcfhett,4,"movie, time, man, mcu, marvel, loki, movies, doom"
pcfhbnc,4,"movie, time, man, mcu, marvel, loki, movies, doom"
pcfhbfp,0,"gif, giphy, love, guy, number, op, biggest, bring"
pcfh84n,4,"movie, time, man, mcu, marvel, loki, movies, doom"
pcfh6yr,0,"gif, giphy, love, guy, number, op, biggest, bring"
pcfh64o,3,"infinity, vision, imax, scene, scenes, saw, tva, screen"
pcfh60h,1,"like, just, people, don, know, think, lol, did"
pcfh5xc,0,"gif, giphy, love, guy, number, op, biggest, bring"
pcfh3xd,4,"movie, time, man, mcu, marvel, loki, movies, doom"
pcfh1iq,4,"movie, time, man, mcu, marvel, loki, movies, doom"
pcfh06v,4,"movie, time, man, mcu, marvel, loki, movies, doom"
pcfgzwv,1,"like, just, people, don, know, think, lol, did"
pcfgyzu,4,"movie, time, man, mcu, marvel, loki, movies, doom"
pcfgy1b,1,"like, just, people, don, know, think, lol, did"
pcfgxg3,4,"movie, time, man, mcu, marvel, loki, movies, doom"
pcfgvol,0,"gif, giphy, love, guy, number, op, biggest, bring"
pcfgutj,0,"gif, giphy, love, guy, number, op, biggest, bring"
pcfgufy,4,"movie, time, man, mcu, marvel, loki, movies, doom"
pcfgsz9,1,"like, just, people, don, know, think, lol, did"
pcfgsmc,4,"movie, time, man, mcu, marvel, loki, movies, doom"
pcfgsnn,4,"movie, time, man, mcu, marvel, loki, movies, doom"
pcfgrba,4,"movie, time, man, mcu, marvel, loki, movies, doom"
pcfgqd4,4,"movie, time, man, mcu, marvel, loki, movies, doom"
pcfgogb,4,"movie, time, man, mcu, marvel, loki, movies, doom"
pcfgnw9,4,"movie, time, man, mcu, marvel, loki, movies, doom"
pcfgmk6,0,"gif, giphy, love, guy, number, op, biggest, bring"
pcfgl6o,1,"like, just, people, don, know, think, lol, did"
pcfgkxv,4,"movie, time, man, mcu, marvel, loki, movies, doom"
pcfgkcu,0,"gif, giphy, love, guy, number, op, biggest, bring"
pcfgjth,4,"movie, time, man, mcu, marvel, loki, movies, doom"
pcfgjnw,4,"movie, time, man, mcu, marvel, loki, movies, doom"
pcfgjat,1,"like, just, people, don, know, think, lol, did"
pcfgiux,0,"gif, giphy, love, guy, number, op, biggest, bring"
pcfgg8p,1,"like, just, people, don, know, think, lol, did"
pcfgfrt,3,"infinity, vision, imax, scene, scenes, saw, tva, screen"
pcfgecs,4,"movie, time, man, mcu, marvel, loki, movies, doom"
pcfge0q,4,"movie, time, man, mcu, marvel, loki, movies, doom"
pcfgdws,1,"like, just, people, don, know, think, lol, did"
pcfgdm2,4,"movie, time, man, mcu, marvel, loki, movies, doom"
pcfgdfb,4,"movie, time, man, mcu, marvel, loki, movies, doom"
pcfgdcd,4,"movie, time, man, mcu, marvel, loki, movies, doom"
pcfgc2r,0,"gif, giphy, love, guy, number, op, biggest, bring"
pcfgbxc,1,"like, just, people, don, know, think, lol, did"
pcfgbmt,0,"gif, giphy, love, guy, number, op, biggest, bring"
pcfgack,0,"gif, giphy, love, guy, number, op, biggest, bring"
pcfgagu,0,"gif, giphy, love, guy, number, op, biggest, bring"
pcfga2x,4,"movie, time, man, mcu, marvel, loki, movies, doom"
pcfg9ye,0,"gif, giphy, love, guy, number, op, biggest, bring"
pcfg9p1,1,"like, just, people, don, know, think, lol, did"
pcfg9fl,1,"like, just, people, don, know, think, lol, did"
pcfg871,0,"gif, giphy, love, guy, number, op, biggest, bring"
pcfg77j,4,"movie, time, man, mcu, marvel, loki, movies, doom"
pcfg704,4,"movie, time, man, mcu, marvel, loki, movies, doom"
pcfg2zr,1,"like, just, people, don, know, think, lol, did"
pcfg2d6,4,"movie, time, man, mcu, marvel, loki, movies, doom"
pcfg18h,4,"movie, time, man, mcu, marvel, loki, movies, doom"
pcfg127,0,"gif, giphy, love, guy, number, op, biggest, bring"
pcfg0y3,0,"gif, giphy, love, guy, number, op, biggest, bring"
pcfg109,1,"like, just, people, don, know, think, lol, did"
pcffzxd,4,"movie, time, man, mcu, marvel, loki, movies, doom"
pcffzvv,4,"movie, time, man, mcu, marvel, loki, movies, doom"
pcffz13,0,"gif, giphy, love, guy, number, op, biggest, bring"
pcffw4d,4,"movie, time, man, mcu, marvel, loki, movies, doom"
pcffvre,4,"movie, time, man, mcu, marvel, loki, movies, doom"
pcffuok,4,"movie, time, man, mcu, marvel, loki, movies, doom"
pcffuev,4,"movie, time, man, mcu, marvel, loki, movies, doom"
pcfftkh,4,"movie, time, man, mcu, marvel, loki, movies, doom"
pcffr6i,4,"movie, time, man, mcu, marvel, loki, movies, doom"
pcffovy,0,"gif, giphy, love, guy, number, op, biggest, bring"
pcffoht,0,"gif, giphy, love, guy, number, op, biggest, bring"
pcffn90,1,"like, just, people, don, know, think, lol, did"
pcffmmm,1,"like, just, people, don, know, think, lol, did"
pcffk07,4,"movie, time, man, mcu, marvel, loki, movies, doom"
pcffigj,0,"gif, giphy, love, guy, number, op, biggest, bring"
pcffh3k,0,"gif, giphy, love, guy, number, op, biggest, bring"
pcffgte,0,"gif, giphy, love, guy, number, op, biggest, bring"
pcffdm5,3,"infinity, vision, imax, scene, scenes, saw, tva, screen"
pcffcrl,0,"gif, giphy, love, guy, number, op, biggest, bring"
pcff7xs,4,"movie, time, man, mcu, marvel, loki, movies, doom"
pcff7zd,4,"movie, time, man, mcu, marvel, loki, movies, doom"
pcff5dd,4,"movie, time, man, mcu, marvel, loki, movies, doom"
pcff4pw,0,"gif, giphy, love, guy, number, op, biggest, bring"
pcff2a4,0,"gif, giphy, love, guy, number, op, biggest, bring"
pcff2a8,0,"gif, giphy, love, guy, number, op, biggest, bring"
pcff1ys,4,"movie, time, man, mcu, marvel, loki, movies, doom"
pcfeymq,3,"infinity, vision, imax, scene, scenes, saw, tva, screen"
pcfeufy,4,"movie, time, man, mcu, marvel, loki, movies, doom"
pcfeu8g,1,"like, just, people, don, know, think, lol, did"
pcferdh,0,"gif, giphy, love, guy, number, op, biggest, bring"
pcfeqwj,4,"movie, time, man, mcu, marvel, loki, movies, doom"
pcfel4x,4,"movie, time, man, mcu, marvel, loki, movies, doom"
pcfel4y,4,"movie, time, man, mcu, marvel, loki, movies, doom"
pcfekj0,4,"movie, time, man, mcu, marvel, loki, movies, doom"
pcfehq3,0,"gif, giphy, love, guy, number, op, biggest, bring"
pcfegll,4,"movie, time, man, mcu, marvel, loki, movies, doom"
pcfeg9n,4,"movie, time, man, mcu, marvel, loki, movies, doom"
pcfef5h,4,"movie, time, man, mcu, marvel, loki, movies, doom"
pcfeduc,4,"movie, time, man, mcu, marvel, loki, movies, doom"
pcfebip,0,"gif, giphy, love, guy, number, op, biggest, bring"
pcfe9do,4,"movie, time, man, mcu, marvel, loki, movies, doom"
pcfe8bv,0,"gif, giphy, love, guy, number, op, biggest, bring"
pcfe76c,0,"gif, giphy, love, guy, number, op, biggest, bring"
pcfe1o5,4,"movie, time, man, mcu, marvel, loki, movies, doom"
pcfe1ey,4,"movie, time, man, mcu, marvel, loki, movies, doom"
pcfe0j4,0,"gif, giphy, love, guy, number, op, biggest, bring"
pcfe0bb,1,"like, just, people, don, know, think, lol, did"
pcfdzu2,4,"movie, time, man, mcu, marvel, loki, movies, doom"
pcfdzjl,1,"like, just, people, don, know, think, lol, did"
pcfdx6c,4,"movie, time, man, mcu, marvel, loki, movies, doom"
pcfdv9n,3,"infinity, vision, imax, scene, scenes, saw, tva, screen"
pcfduub,0,"gif, giphy, love, guy, number, op, biggest, bring"
pcfdtk6,3,"infinity, vision, imax, scene, scenes, saw, tva, screen"
pcfdtkr,4,"movie, time, man, mcu, marvel, loki, movies, doom"
pcfdrtr,1,"like, just, people, don, know, think, lol, did"
pcfdpf4,4,"movie, time, man, mcu, marvel, loki, movies, doom"
pcfdnqe,0,"gif, giphy, love, guy, number, op, biggest, bring"
pcfdnqh,4,"movie, time, man, mcu, marvel, loki, movies, doom"
pcfdmrm,1,"like, just, people, don, know, think, lol, did"
pcfdl69,0,"gif, giphy, love, guy, number, op, biggest, bring"
pcfdjpd,4,"movie, time, man, mcu, marvel, loki, movies, doom"
pcfdhfw,4,"movie, time, man, mcu, marvel, loki, movies, doom"
pcfdg17,4,"movie, time, man, mcu, marvel, loki, movies, doom"
pcfde4x,4,"movie, time, man, mcu, marvel, loki, movies, doom"
pcfdc9o,4,"movie, time, man, mcu, marvel, loki, movies, doom"
pcfdbal,4,"movie, time, man, mcu, marvel, loki, movies, doom"
pcfd9dg,4,"movie, time, man, mcu, marvel, loki, movies, doom"
pcfd945,4,"movie, time, man, mcu, marvel, loki, movies, doom"
pcfd81f,4,"movie, time, man, mcu, marvel, loki, movies, doom"
pcfd82k,4,"movie, time, man, mcu, marvel, loki, movies, doom"
pcfd6u4,1,"like, just, people, don, know, think, lol, did"
pcfd48c,4,"movie, time, man, mcu, marvel, loki, movies, doom"
pcfd02c,4,"movie, time, man, mcu, marvel, loki, movies, doom"
pcfcymv,4,"movie, time, man, mcu, marvel, loki, movies, doom"
pcfcyod,4,"movie, time, man, mcu, marvel, loki, movies, doom"
pcfcwud,4,"movie, time, man, mcu, marvel, loki, movies, doom"
pcfcwup,4,"movie, time, man, mcu, marvel, loki, movies, doom"
pcfcvsc,3,"infinity, vision, imax, scene, scenes, saw, tva, screen"
pcfcvgk,4,"movie, time, man, mcu, marvel, loki, movies, doom"
pcfcv2s,4,"movie, time, man, mcu, marvel, loki, movies, doom"
pcfcukf,4,"movie, time, man, mcu, marvel, loki, movies, doom"
pcfcths,4,"movie, time, man, mcu, marvel, loki, movies, doom"
pcfctds,4,"movie, time, man, mcu, marvel, loki, movies, doom"
pcfcsgl,4,"movie, time, man, mcu, marvel, loki, movies, doom"
pcfcpx1,3,"infinity, vision, imax, scene, scenes, saw, tva, screen"
pcfckoc,1,"like, just, people, don, know, think, lol, did"
pcfckr1,4,"movie, time, man, mcu, marvel, loki, movies, doom"
pcfcjaj,3,"infinity, vision, imax, scene, scenes, saw, tva, screen"
pcfchsl,4,"movie, time, man, mcu, marvel, loki, movies, doom"
pcfchk7,1,"like, just, people, don, know, think, lol, did"
pcfcgth,1,"like, just, people, don, know, think, lol, did"
pcfcdta,1,"like, just, people, don, know, think, lol, did"
pcfcd18,4,"movie, time, man, mcu, marvel, loki, movies, doom"
pcfcagc,4,"movie, time, man, mcu, marvel, loki, movies, doom"
pcfc8ck,1,"like, just, people, don, know, think, lol, did"
pcfc6go,3,"infinity, vision, imax, scene, scenes, saw, tva, screen"
pcfc3h4,4,"movie, time, man, mcu, marvel, loki, movies, doom"
pcfc0m1,3,"infinity, vision, imax, scene, scenes, saw, tva, screen"
pcfbzjc,4,"movie, time, man, mcu, marvel, loki, movies, doom"
pcfbyoz,3,"infinity, vision, imax, scene, scenes, saw, tva, screen"
pcfbylo,1,"like, just, people, don, know, think, lol, did"
pcfbwog,1,"like, just, people, don, know, think, lol, did"
pcfbukz,1,"like, just, people, don, know, think, lol, did"
pcfbulu,4,"movie, time, man, mcu, marvel, loki, movies, doom"
pcfbu28,3,"infinity, vision, imax, scene, scenes, saw, tva, screen"
pcfbtjy,4,"movie, time, man, mcu, marvel, loki, movies, doom"
pcfbt68,1,"like, just, people, don, know, think, lol, did"
pcfbqbw,4,"movie, time, man, mcu, marvel, loki, movies, doom"
pcfborz,4,"movie, time, man, mcu, marvel, loki, movies, doom"
pcfblf9,1,"like, just, people, don, know, think, lol, did"
pcfbiai,4,"movie, time, man, mcu, marvel, loki, movies, doom"
pcfbhg9,4,"movie, time, man, mcu, marvel, loki, movies, doom"
pcfbh97,1,"like, just, people, don, know, think, lol, did"
pcfbdm2,3,"infinity, vision, imax, scene, scenes, saw, tva, screen"
pcfbd2s,4,"movie, time, man, mcu, marvel, loki, movies, doom"
pcfbcw5,4,"movie, time, man, mcu, marvel, loki, movies, doom"
pcfbcfe,4,"movie, time, man, mcu, marvel, loki, movies, doom"
pcfbbtk,4,"movie, time, man, mcu, marvel, loki, movies, doom"
pcfba0s,3,"infinity, vision, imax, scene, scenes, saw, tva, screen"
pcfb92y,4,"movie, time, man, mcu, marvel, loki, movies, doom"
pcfb750,1,"like, just, people, don, know, think, lol, did"
pcfb4v8,1,"like, just, people, don, know, think, lol, did"
pcfb3fj,2,"yes, doomsday, oh, pretty, say, comics, absolutely, better"
pcfb2sh,4,"movie, time, man, mcu, marvel, loki, movies, doom"
pcfb2is,4,"movie, time, man, mcu, marvel, loki, movies, doom"
pcfb2d0,4,"movie, time, man, mcu, marvel, loki, movies, doom"
pcfb1mx,4,"movie, time, man, mcu, marvel, loki, movies, doom"
pcfb00s,1,"like, just, people, don, know, think, lol, did"
pcfazs0,4,"movie, time, man, mcu, marvel, loki, movies, doom"
pcfay4f,1,"like, just, people, don, know, think, lol, did"
pcfaxam,4,"movie, time, man, mcu, marvel, loki, movies, doom"
pcfawcg,4,"movie, time, man, mcu, marvel, loki, movies, doom"
pcfavxv,4,"movie, time, man, mcu, marvel, loki, movies, doom"
pcfatwt,4,"movie, time, man, mcu, marvel, loki, movies, doom"
pcfas12,4,"movie, time, man, mcu, marvel, loki, movies, doom"
pcfaryt,1,"like, just, people, don, know, think, lol, did"
pcfarqh,1,"like, just, people, don, know, think, lol, did"
pcfar10,3,"infinity, vision, imax, scene, scenes, saw, tva, screen"
pcfaq0t,4,"movie, time, man, mcu, marvel, loki, movies, doom"
pcfamh2,4,"movie, time, man, mcu, marvel, loki, movies, doom"
pcfaj8l,4,"movie, time, man, mcu, marvel, loki, movies, doom"
pcfaczn,4,"movie, time, man, mcu, marvel, loki, movies, doom"
pcfab6w,4,"movie, time, man, mcu, marvel, loki, movies, doom"
pcfa9hj,4,"movie, time, man, mcu, marvel, loki, movies, doom"
pcfa8wi,1,"like, just, people, don, know, think, lol, did"
pcfa4rz,4,"movie, time, man, mcu, marvel, loki, movies, doom"
pcf9y09,4,"movie, time, man, mcu, marvel, loki, movies, doom"
pcf9xm1,4,"movie, time, man, mcu, marvel, loki, movies, doom"
pcf9xas,1,"like, just, people, don, know, think, lol, did"
pcf9uuv,1,"like, just, people, don, know, think, lol, did"
pcf9rcy,4,"movie, time, man, mcu, marvel, loki, movies, doom"
pcf9q6h,4,"movie, time, man, mcu, marvel, loki, movies, doom"
pcf9oly,1,"like, just, people, don, know, think, lol, did"
pcf9nuj,1,"like, just, people, don, know, think, lol, did"
pcf9lm8,4,"movie, time, man, mcu, marvel, loki, movies, doom"
pcf9jbx,4,"movie, time, man, mcu, marvel, loki, movies, doom"
pcf9dwq,4,"movie, time, man, mcu, marvel, loki, movies, doom"
pcf9dgb,4,"movie, time, man, mcu, marvel, loki, movies, doom"
pcf99zd,4,"movie, time, man, mcu, marvel, loki, movies, doom"
pcf98gr,3,"infinity, vision, imax, scene, scenes, saw, tva, screen"
pcf988v,4,"movie, time, man, mcu, marvel, loki, movies, doom"
pcf9775,4,"movie, time, man, mcu, marvel, loki, movies, doom"
pcf9705,4,"movie, time, man, mcu, marvel, loki, movies, doom"
pcf96md,1,"like, just, people, don, know, think, lol, did"
pcf9660,1,"like, just, people, don, know, think, lol, did"
pcf95ys,1,"like, just, people, don, know, think, lol, did"
pcf95qr,4,"movie, time, man, mcu, marvel, loki, movies, doom"
pcf94fc,1,"like, just, people, don, know, think, lol, did"
pcf93o6,1,"like, just, people, don, know, think, lol, did"
pcf8vqn,4,"movie, time, man, mcu, marvel, loki, movies, doom"
pcf8vhd,4,"movie, time, man, mcu, marvel, loki, movies, doom"
pcf8tr5,4,"movie, time, man, mcu, marvel, loki, movies, doom"
pcf8s2x,4,"movie, time, man, mcu, marvel, loki, movies, doom"
pcf8qfh,1,"like, just, people, don, know, think, lol, did"
pcf8ptx,4,"movie, time, man, mcu, marvel, loki, movies, doom"
pcf8oz6,4,"movie, time, man, mcu, marvel, loki, movies, doom"
pcf8opt,4,"movie, time, man, mcu, marvel, loki, movies, doom"
pcf8oht,1,"like, just, people, don, know, think, lol, did"
pcf8o00,1,"like, just, people, don, know, think, lol, did"
pcf8ngr,4,"movie, time, man, mcu, marvel, loki, movies, doom"
pcf8mlg,1,"like, just, people, don, know, think, lol, did"
pcf8l01,1,"like, just, people, don, know, think, lol, did"
pcf8kr5,4,"movie, time, man, mcu, marvel, loki, movies, doom"
pcf8hba,4,"movie, time, man, mcu, marvel, loki, movies, doom"
pcf8g11,4,"movie, time, man, mcu, marvel, loki, movies, doom"
pcf8dq0,4,"movie, time, man, mcu, marvel, loki, movies, doom"
pcf8a56,4,"movie, time, man, mcu, marvel, loki, movies, doom"
pcf88wj,1,"like, just, people, don, know, think, lol, did"
pcf87yt,4,"movie, time, man, mcu, marvel, loki, movies, doom"
pcf868w,1,"like, just, people, don, know, think, lol, did"
pcf843h,4,"movie, time, man, mcu, marvel, loki, movies, doom"
pcf8389,4,"movie, time, man, mcu, marvel, loki, movies, doom"
pcf82kt,4,"movie, time, man, mcu, marvel, loki, movies, doom"
pcf7zrm,4,"movie, time, man, mcu, marvel, loki, movies, doom"
pcf7w2x,4,"movie, time, man, mcu, marvel, loki, movies, doom"
pcf7rat,4,"movie, time, man, mcu, marvel, loki, movies, doom"
pcf7qy0,1,"like, just, people, don, know, think, lol, did"
pcf7osr,4,"movie, time, man, mcu, marvel, loki, movies, doom"
pcf7lu2,4,"movie, time, man, mcu, marvel, loki, movies, doom"
pcf7j03,4,"movie, time, man, mcu, marvel, loki, movies, doom"
pcf7gze,1,"like, just, people, don, know, think, lol, did"
pcf7ghk,4,"movie, time, man, mcu, marvel, loki, movies, doom"
pcf7fw3,3,"infinity, vision, imax, scene, scenes, saw, tva, screen"
pcf7bxk,4,"movie, time, man, mcu, marvel, loki, movies, doom"
pcf7944,1,"like, just, people, don, know, think, lol, did"
pcf75eu,4,"movie, time, man, mcu, marvel, loki, movies, doom"
pcf70hq,1,"like, just, people, don, know, think, lol, did"
pcf6y8s,3,"infinity, vision, imax, scene, scenes, saw, tva, screen"
pcf6wy4,4,"movie, time, man, mcu, marvel, loki, movies, doom"
pcf6wv0,4,"movie, time, man, mcu, marvel, loki, movies, doom"
pcf6psr,4,"movie, time, man, mcu, marvel, loki, movies, doom"
pcf6mgl,4,"movie, time, man, mcu, marvel, loki, movies, doom"
pcf6j98,4,"movie, time, man, mcu, marvel, loki, movies, doom"
pcf6ga7,4,"movie, time, man, mcu, marvel, loki, movies, doom"
pcf6fqz,4,"movie, time, man, mcu, marvel, loki, movies, doom"
pcf6coy,4,"movie, time, man, mcu, marvel, loki, movies, doom"
pcf6bf7,4,"movie, time, man, mcu, marvel, loki, movies, doom"
pcf6ab8,3,"infinity, vision, imax, scene, scenes, saw, tva, screen"
pcf6a68,4,"movie, time, man, mcu, marvel, loki, movies, doom"
pcf693z,4,"movie, time, man, mcu, marvel, loki, movies, doom"
pcf63j8,4,"movie, time, man, mcu, marvel, loki, movies, doom"
pcf61is,4,"movie, time, man, mcu, marvel, loki, movies, doom"
pcf616z,4,"movie, time, man, mcu, marvel, loki, movies, doom"
pcf5w16,3,"infinity, vision, imax, scene, scenes, saw, tva, screen"
pcf5vnh,4,"movie, time, man, mcu, marvel, loki, movies, doom"
pcf5vfq,1,"like, just, people, don, know, think, lol, did"
pcf5tc9,4,"movie, time, man, mcu, marvel, loki, movies, doom"
pcf5phc,0,"gif, giphy, love, guy, number, op, biggest, bring"
pcf5par,1,"like, just, people, don, know, think, lol, did"
pcf5mxt,0,"gif, giphy, love, guy, number, op, biggest, bring"
pcf5jmy,1,"like, just, people, don, know, think, lol, did"
pcf5g51,3,"infinity, vision, imax, scene, scenes, saw, tva, screen"
pcf5dw6,1,"like, just, people, don, know, think, lol, did"
pcf5byv,1,"like, just, people, don, know, think, lol, did"
pcf5b6o,1,"like, just, people, don, know, think, lol, did"
pcf5ay4,4,"movie, time, man, mcu, marvel, loki, movies, doom"
pcf58aq,4,"movie, time, man, mcu, marvel, loki, movies, doom"
pcf56a5,0,"gif, giphy, love, guy, number, op, biggest, bring"
pcf55qu,4,"movie, time, man, mcu, marvel, loki, movies, doom"
pcf54e3,4,"movie, time, man, mcu, marvel, loki, movies, doom"
pcf51mh,4,"movie, time, man, mcu, marvel, loki, movies, doom"
pcf4y8p,1,"like, just, people, don, know, think, lol, did"
pcf4wwe,0,"gif, giphy, love, guy, number, op, biggest, bring"
pcf4vpk,1,"like, just, people, don, know, think, lol, did"
pcf4rd8,4,"movie, time, man, mcu, marvel, loki, movies, doom"
pcf4q94,4,"movie, time, man, mcu, marvel, loki, movies, doom"
pcf4p9g,1,"like, just, people, don, know, think, lol, did"
pcf4ml9,1,"like, just, people, don, know, think, lol, did"
pcf4m3h,4,"movie, time, man, mcu, marvel, loki, movies, doom"
pcf4k54,4,"movie, time, man, mcu, marvel, loki, movies, doom"
pcf4hps,4,"movie, time, man, mcu, marvel, loki, movies, doom"
pcf4h8b,1,"like, just, people, don, know, think, lol, did"
pcf4h1d,4,"movie, time, man, mcu, marvel, loki, movies, doom"
pcf4emq,4,"movie, time, man, mcu, marvel, loki, movies, doom"
pcf4def,1,"like, just, people, don, know, think, lol, did"
pcf4bwd,3,"infinity, vision, imax, scene, scenes, saw, tva, screen"
pcf49e6,1,"like, just, people, don, know, think, lol, did"
pcf48qv,4,"movie, time, man, mcu, marvel, loki, movies, doom"
pcf46d7,0,"gif, giphy, love, guy, number, op, biggest, bring"
pcf44se,2,"yes, doomsday, oh, pretty, say, comics, absolutely, better"
pcf440p,1,"like, just, people, don, know, think, lol, did"
pcf43pe,4,"movie, time, man, mcu, marvel, loki, movies, doom"
pcf42yn,4,"movie, time, man, mcu, marvel, loki, movies, doom"
pcf40mq,4,"movie, time, man, mcu, marvel, loki, movies, doom"
pcf3zgc,4,"movie, time, man, mcu, marvel, loki, movies, doom"
pcf3yyo,4,"movie, time, man, mcu, marvel, loki, movies, doom"
pcf3wx4,3,"infinity, vision, imax, scene, scenes, saw, tva, screen"
pcf3wao,4,"movie, time, man, mcu, marvel, loki, movies, doom"
pcf3wb2,3,"infinity, vision, imax, scene, scenes, saw, tva, screen"
pcf3uun,1,"like, just, people, don, know, think, lol, did"
pcf3uw0,4,"movie, time, man, mcu, marvel, loki, movies, doom"
pcf3peu,3,"infinity, vision, imax, scene, scenes, saw, tva, screen"
pcf3i9l,0,"gif, giphy, love, guy, number, op, biggest, bring"
pcf3htb,4,"movie, time, man, mcu, marvel, loki, movies, doom"
pcf3fap,4,"movie, time, man, mcu, marvel, loki, movies, doom"
pcf3ee3,4,"movie, time, man, mcu, marvel, loki, movies, doom"
pcf3e0v,1,"like, just, people, don, know, think, lol, did"
pcf3dw5,4,"movie, time, man, mcu, marvel, loki, movies, doom"
pcf3bv2,3,"infinity, vision, imax, scene, scenes, saw, tva, screen"
pcf3bgs,4,"movie, time, man, mcu, marvel, loki, movies, doom"
pcf3b63,4,"movie, time, man, mcu, marvel, loki, movies, doom"
pcf39rp,2,"yes, doomsday, oh, pretty, say, comics, absolutely, better"
pcf348n,4,"movie, time, man, mcu, marvel, loki, movies, doom"
pcf30xd,4,"movie, time, man, mcu, marvel, loki, movies, doom"
pcf2yeu,4,"movie, time, man, mcu, marvel, loki, movies, doom"
pcf2xhr,1,"like, just, people, don, know, think, lol, did"
pcf2w4n,1,"like, just, people, don, know, think, lol, did"
pcf2qp8,4,"movie, time, man, mcu, marvel, loki, movies, doom"
pcf2lbi,4,"movie, time, man, mcu, marvel, loki, movies, doom"
pcf2jcu,4,"movie, time, man, mcu, marvel, loki, movies, doom"
pcf2iqi,4,"movie, time, man, mcu, marvel, loki, movies, doom"
pcf2gpv,0,"gif, giphy, love, guy, number, op, biggest, bring"
pcf2f9a,0,"gif, giphy, love, guy, number, op, biggest, bring"
pcf2d41,1,"like, just, people, don, know, think, lol, did"
pcf2beh,0,"gif, giphy, love, guy, number, op, biggest, bring"
pcf27ql,4,"movie, time, man, mcu, marvel, loki, movies, doom"
pcf26z5,1,"like, just, people, don, know, think, lol, did"
pcf272r,4,"movie, time, man, mcu, marvel, loki, movies, doom"
pcf26u3,4,"movie, time, man, mcu, marvel, loki, movies, doom"
pcf25jw,1,"like, just, people, don, know, think, lol, did"
pcf22kd,4,"movie, time, man, mcu, marvel, loki, movies, doom"
pcf1zir,4,"movie, time, man, mcu, marvel, loki, movies, doom"
pcf1yaq,4,"movie, time, man, mcu, marvel, loki, movies, doom"
pcf1wfp,1,"like, just, people, don, know, think, lol, did"
pcf1tq1,3,"infinity, vision, imax, scene, scenes, saw, tva, screen"
pcf1sut,4,"movie, time, man, mcu, marvel, loki, movies, doom"
pcf1r5e,4,"movie, time, man, mcu, marvel, loki, movies, doom"
pcf1p7u,3,"infinity, vision, imax, scene, scenes, saw, tva, screen"
pcf1mw1,1,"like, just, people, don, know, think, lol, did"
pcf1mlz,3,"infinity, vision, imax, scene, scenes, saw, tva, screen"
pcf1l15,4,"movie, time, man, mcu, marvel, loki, movies, doom"
pcf1eg1,1,"like, just, people, don, know, think, lol, did"
pcf1dav,4,"movie, time, man, mcu, marvel, loki, movies, doom"
pcf1cq4,4,"movie, time, man, mcu, marvel, loki, movies, doom"
pcf19lo,3,"infinity, vision, imax, scene, scenes, saw, tva, screen"
pcf16k6,4,"movie, time, man, mcu, marvel, loki, movies, doom"
pcf12yj,1,"like, just, people, don, know, think, lol, did"
pcf10xu,4,"movie, time, man, mcu, marvel, loki, movies, doom"
pcf0wl3,4,"movie, time, man, mcu, marvel, loki, movies, doom"
pcf0uuo,4,"movie, time, man, mcu, marvel, loki, movies, doom"
pcf0uhf,3,"infinity, vision, imax, scene, scenes, saw, tva, screen"
pcf0tlq,4,"movie, time, man, mcu, marvel, loki, movies, doom"
pcf0s3b,4,"movie, time, man, mcu, marvel, loki, movies, doom"
pcf0qmg,4,"movie, time, man, mcu, marvel, loki, movies, doom"
pcf0o93,4,"movie, time, man, mcu, marvel, loki, movies, doom"
pcf0kqt,4,"movie, time, man, mcu, marvel, loki, movies, doom"
pcf0ikn,4,"movie, time, man, mcu, marvel, loki, movies, doom"
pcf0fb6,4,"movie, time, man, mcu, marvel, loki, movies, doom"
pcf0ewi,4,"movie, time, man, mcu, marvel, loki, movies, doom"
pcf0ezf,1,"like, just, people, don, know, think, lol, did"
pcf0bm4,4,"movie, time, man, mcu, marvel, loki, movies, doom"
pcf05lt,1,"like, just, people, don, know, think, lol, did"
pcf047a,4,"movie, time, man, mcu, marvel, loki, movies, doom"
pcf03os,4,"movie, time, man, mcu, marvel, loki, movies, doom"
pcf01ci,1,"like, just, people, don, know, think, lol, did"
pcf00vf,4,"movie, time, man, mcu, marvel, loki, movies, doom"
pcezya0,3,"infinity, vision, imax, scene, scenes, saw, tva, screen"
pcezxft,4,"movie, time, man, mcu, marvel, loki, movies, doom"
pcezw7f,1,"like, just, people, don, know, think, lol, did"
pcezrp6,1,"like, just, people, don, know, think, lol, did"
pcezptj,1,"like, just, people, don, know, think, lol, did"
pcezfcm,1,"like, just, people, don, know, think, lol, did"
pcezbqd,4,"movie, time, man, mcu, marvel, loki, movies, doom"
pcezauo,1,"like, just, people, don, know, think, lol, did"
pcez8o5,4,"movie, time, man, mcu, marvel, loki, movies, doom"
pcez4t4,2,"yes, doomsday, oh, pretty, say, comics, absolutely, better"
pcez0bf,4,"movie, time, man, mcu, marvel, loki, movies, doom"
pceyzuy,4,"movie, time, man, mcu, marvel, loki, movies, doom"
pceywdg,4,"movie, time, man, mcu, marvel, loki, movies, doom"
pceyt87,4,"movie, time, man, mcu, marvel, loki, movies, doom"
pceyt68,4,"movie, time, man, mcu, marvel, loki, movies, doom"
pceyred,4,"movie, time, man, mcu, marvel, loki, movies, doom"
pceynuy,1,"like, just, people, don, know, think, lol, did"
pceynml,1,"like, just, people, don, know, think, lol, did"
pceynn2,4,"movie, time, man, mcu, marvel, loki, movies, doom"
pceymbn,4,"movie, time, man, mcu, marvel, loki, movies, doom"
pceym54,4,"movie, time, man, mcu, marvel, loki, movies, doom"
pceyf87,1,"like, just, people, don, know, think, lol, did"
pceyf3f,4,"movie, time, man, mcu, marvel, loki, movies, doom"
pceyelk,4,"movie, time, man, mcu, marvel, loki, movies, doom"
pceydfo,4,"movie, time, man, mcu, marvel, loki, movies, doom"
pceyd07,1,"like, just, people, don, know, think, lol, did"
pceyas1,1,"like, just, people, don, know, think, lol, did"
pcey811,1,"like, just, people, don, know, think, lol, did"
pcey7rm,4,"movie, time, man, mcu, marvel, loki, movies, doom"
pcey7gs,1,"like, just, people, don, know, think, lol, did"
pcey6q5,2,"yes, doomsday, oh, pretty, say, comics, absolutely, better"
pcey2l6,1,"like, just, people, don, know, think, lol, did"
pcey16f,4,"movie, time, man, mcu, marvel, loki, movies, doom"
pcexxjr,4,"movie, time, man, mcu, marvel, loki, movies, doom"
pcexx9n,3,"infinity, vision, imax, scene, scenes, saw, tva, screen"
pcexs57,4,"movie, time, man, mcu, marvel, loki, movies, doom"
pcexrud,4,"movie, time, man, mcu, marvel, loki, movies, doom"
pcexr6g,1,"like, just, people, don, know, think, lol, did"
pcexr0k,4,"movie, time, man, mcu, marvel, loki, movies, doom"
pcexqf1,4,"movie, time, man, mcu, marvel, loki, movies, doom"
pcexqhv,1,"like, just, people, don, know, think, lol, did"
pcexqbu,4,"movie, time, man, mcu, marvel, loki, movies, doom"
pcexq81,1,"like, just, people, don, know, think, lol, did"
pcexnq9,3,"infinity, vision, imax, scene, scenes, saw, tva, screen"
pcexmbl,1,"like, just, people, don, know, think, lol, did"
pcexlae,1,"like, just, people, don, know, think, lol, did"
pcexiw7,4,"movie, time, man, mcu, marvel, loki, movies, doom"
pcexiwz,4,"movie, time, man, mcu, marvel, loki, movies, doom"
pcexhjn,0,"gif, giphy, love, guy, number, op, biggest, bring"
pcexggr,4,"movie, time, man, mcu, marvel, loki, movies, doom"
pcexcsg,3,"infinity, vision, imax, scene, scenes, saw, tva, screen"
pcexao9,4,"movie, time, man, mcu, marvel, loki, movies, doom"
pcex9us,0,"gif, giphy, love, guy, number, op, biggest, bring"
pcex6cz,4,"movie, time, man, mcu, marvel, loki, movies, doom"
pcex5k4,1,"like, just, people, don, know, think, lol, did"
pcex494,4,"movie, time, man, mcu, marvel, loki, movies, doom"
pcex2jn,1,"like, just, people, don, know, think, lol, did"
pcewvmc,4,"movie, time, man, mcu, marvel, loki, movies, doom"
pcewusu,4,"movie, time, man, mcu, marvel, loki, movies, doom"
pcewu10,4,"movie, time, man, mcu, marvel, loki, movies, doom"
pcewu3i,4,"movie, time, man, mcu, marvel, loki, movies, doom"
pcewtfz,0,"gif, giphy, love, guy, number, op, biggest, bring"
pcewqg2,4,"movie, time, man, mcu, marvel, loki, movies, doom"
pcewq9r,4,"movie, time, man, mcu, marvel, loki, movies, doom"
pcewpr7,4,"movie, time, man, mcu, marvel, loki, movies, doom"
pcewp8y,4,"movie, time, man, mcu, marvel, loki, movies, doom"
pcewoou,4,"movie, time, man, mcu, marvel, loki, movies, doom"
pcewndj,4,"movie, time, man, mcu, marvel, loki, movies, doom"
pcewld3,4,"movie, time, man, mcu, marvel, loki, movies, doom"
pcewky7,3,"infinity, vision, imax, scene, scenes, saw, tva, screen"
pcewik7,4,"movie, time, man, mcu, marvel, loki, movies, doom"
pcewg29,4,"movie, time, man, mcu, marvel, loki, movies, doom"
pcewfi6,1,"like, just, people, don, know, think, lol, did"
pcewf3o,4,"movie, time, man, mcu, marvel, loki, movies, doom"
pcewesk,1,"like, just, people, don, know, think, lol, did"
pcewbmr,4,"movie, time, man, mcu, marvel, loki, movies, doom"
pcew7mw,2,"yes, doomsday, oh, pretty, say, comics, absolutely, better"
pcew6ah,3,"infinity, vision, imax, scene, scenes, saw, tva, screen"
pcew67f,4,"movie, time, man, mcu, marvel, loki, movies, doom"
pcew5qp,4,"movie, time, man, mcu, marvel, loki, movies, doom"
pcew5ki,3,"infinity, vision, imax, scene, scenes, saw, tva, screen"
pcew5ie,1,"like, just, people, don, know, think, lol, did"
pcew2va,4,"movie, time, man, mcu, marvel, loki, movies, doom"
pcew20m,4,"movie, time, man, mcu, marvel, loki, movies, doom"
pcevwst,4,"movie, time, man, mcu, marvel, loki, movies, doom"
pcevu3w,1,"like, just, people, don, know, think, lol, did"
pcevttj,4,"movie, time, man, mcu, marvel, loki, movies, doom"
pcevtpf,1,"like, just, people, don, know, think, lol, did"
pcevsm9,4,"movie, time, man, mcu, marvel, loki, movies, doom"
pcevscl,1,"like, just, people, don, know, think, lol, did"
pcevrkd,4,"movie, time, man, mcu, marvel, loki, movies, doom"
pcevr1n,3,"infinity, vision, imax, scene, scenes, saw, tva, screen"
pcevqm1,4,"movie, time, man, mcu, marvel, loki, movies, doom"
pcevq16,4,"movie, time, man, mcu, marvel, loki, movies, doom"
pcevouf,4,"movie, time, man, mcu, marvel, loki, movies, doom"
pcevngt,4,"movie, time, man, mcu, marvel, loki, movies, doom"
pcevlzb,4,"movie, time, man, mcu, marvel, loki, movies, doom"
pcevluy,4,"movie, time, man, mcu, marvel, loki, movies, doom"
pcevlq7,1,"like, just, people, don, know, think, lol, did"
pcevk54,0,"gif, giphy, love, guy, number, op, biggest, bring"
pcevjbs,0,"gif, giphy, love, guy, number, op, biggest, bring"
pcevfif,1,"like, just, people, don, know, think, lol, did"
pcevesc,3,"infinity, vision, imax, scene, scenes, saw, tva, screen"
pcevcxg,4,"movie, time, man, mcu, marvel, loki, movies, doom"
pcevcrm,4,"movie, time, man, mcu, marvel, loki, movies, doom"
pcevaua,4,"movie, time, man, mcu, marvel, loki, movies, doom"
pcev9va,1,"like, just, people, don, know, think, lol, did"
pcev7wz,1,"like, just, people, don, know, think, lol, did"
pcev5k7,4,"movie, time, man, mcu, marvel, loki, movies, doom"
pcev2ej,0,"gif, giphy, love, guy, number, op, biggest, bring"
pcev112,4,"movie, time, man, mcu, marvel, loki, movies, doom"
pceuwh9,4,"movie, time, man, mcu, marvel, loki, movies, doom"
pceuuwf,4,"movie, time, man, mcu, marvel, loki, movies, doom"
pceuuyi,4,"movie, time, man, mcu, marvel, loki, movies, doom"
pceuurd,4,"movie, time, man, mcu, marvel, loki, movies, doom"
pceutwx,3,"infinity, vision, imax, scene, scenes, saw, tva, screen"
pceupdq,4,"movie, time, man, mcu, marvel, loki, movies, doom"
pceujkj,4,"movie, time, man, mcu, marvel, loki, movies, doom"
pceuhqa,4,"movie, time, man, mcu, marvel, loki, movies, doom"
pceuevj,4,"movie, time, man, mcu, marvel, loki, movies, doom"
pceucne,3,"infinity, vision, imax, scene, scenes, saw, tva, screen"
pceuc0q,4,"movie, time, man, mcu, marvel, loki, movies, doom"
pceubk5,4,"movie, time, man, mcu, marvel, loki, movies, doom"
pceu62d,4,"movie, time, man, mcu, marvel, loki, movies, doom"
pceu45p,3,"infinity, vision, imax, scene, scenes, saw, tva, screen"
pceu38k,4,"movie, time, man, mcu, marvel, loki, movies, doom"
pceu2ov,4,"movie, time, man, mcu, marvel, loki, movies, doom"
pceu26t,4,"movie, time, man, mcu, marvel, loki, movies, doom"
pcetzh4,4,"movie, time, man, mcu, marvel, loki, movies, doom"
pcetz9o,4,"movie, time, man, mcu, marvel, loki, movies, doom"
pcetxtw,1,"like, just, people, don, know, think, lol, did"
pcetxkm,4,"movie, time, man, mcu, marvel, loki, movies, doom"
pcetwxc,4,"movie, time, man, mcu, marvel, loki, movies, doom"
pcetw7u,4,"movie, time, man, mcu, marvel, loki, movies, doom"
pcetvay,4,"movie, time, man, mcu, marvel, loki, movies, doom"
pcetutp,1,"like, just, people, don, know, think, lol, did"
pcetsys,0,"gif, giphy, love, guy, number, op, biggest, bring"
pcetsgu,1,"like, just, people, don, know, think, lol, did"
pcetqm5,3,"infinity, vision, imax, scene, scenes, saw, tva, screen"
pcetlu6,4,"movie, time, man, mcu, marvel, loki, movies, doom"
pcetljo,1,"like, just, people, don, know, think, lol, did"
pcetl1z,1,"like, just, people, don, know, think, lol, did"
pcetdn7,4,"movie, time, man, mcu, marvel, loki, movies, doom"
pcetcfg,4,"movie, time, man, mcu, marvel, loki, movies, doom"
pcetbbu,4,"movie, time, man, mcu, marvel, loki, movies, doom"
pcetb5r,4,"movie, time, man, mcu, marvel, loki, movies, doom"
pcet8wf,4,"movie, time, man, mcu, marvel, loki, movies, doom"
pcet5vx,1,"like, just, people, don, know, think, lol, did"
pcet3nn,4,"movie, time, man, mcu, marvel, loki, movies, doom"
pcet34y,4,"movie, time, man, mcu, marvel, loki, movies, doom"
pcesx7j,4,"movie, time, man, mcu, marvel, loki, movies, doom"
pcesuxh,4,"movie, time, man, mcu, marvel, loki, movies, doom"
pcesuhi,4,"movie, time, man, mcu, marvel, loki, movies, doom"
pcesqcl,4,"movie, time, man, mcu, marvel, loki, movies, doom"
pcespbk,1,"like, just, people, don, know, think, lol, did"
pcespch,4,"movie, time, man, mcu, marvel, loki, movies, doom"
pcesovp,4,"movie, time, man, mcu, marvel, loki, movies, doom"
pcesnji,4,"movie, time, man, mcu, marvel, loki, movies, doom"
pcesmzm,4,"movie, time, man, mcu, marvel, loki, movies, doom"
pceskuu,1,"like, just, people, don, know, think, lol, did"
pcesi1g,2,"yes, doomsday, oh, pretty, say, comics, absolutely, better"
pceshir,0,"gif, giphy, love, guy, number, op, biggest, bring"
pcesghh,2,"yes, doomsday, oh, pretty, say, comics, absolutely, better"
pcesfa6,4,"movie, time, man, mcu, marvel, loki, movies, doom"
pcesdbr,1,"like, just, people, don, know, think, lol, did"
pcesbi6,0,"gif, giphy, love, guy, number, op, biggest, bring"
pcesbbi,4,"movie, time, man, mcu, marvel, loki, movies, doom"
pcesa5t,4,"movie, time, man, mcu, marvel, loki, movies, doom"
pces810,4,"movie, time, man, mcu, marvel, loki, movies, doom"
pces4vv,1,"like, just, people, don, know, think, lol, did"
pcerxty,1,"like, just, people, don, know, think, lol, did"
pcerwdf,1,"like, just, people, don, know, think, lol, did"
pcerwcb,4,"movie, time, man, mcu, marvel, loki, movies, doom"
pcers38,4,"movie, time, man, mcu, marvel, loki, movies, doom"
pcerq4y,0,"gif, giphy, love, guy, number, op, biggest, bring"
pcermrs,0,"gif, giphy, love, guy, number, op, biggest, bring"
pcermig,4,"movie, time, man, mcu, marvel, loki, movies, doom"
pcerlc6,2,"yes, doomsday, oh, pretty, say, comics, absolutely, better"
pcerjz9,4,"movie, time, man, mcu, marvel, loki, movies, doom"
pcer9gp,4,"movie, time, man, mcu, marvel, loki, movies, doom"
pcer8yz,4,"movie, time, man, mcu, marvel, loki, movies, doom"
pcer6wu,4,"movie, time, man, mcu, marvel, loki, movies, doom"
pcer5d7,4,"movie, time, man, mcu, marvel, loki, movies, doom"
pceqzu5,1,"like, just, people, don, know, think, lol, did"
pceqvee,4,"movie, time, man, mcu, marvel, loki, movies, doom"
pcequva,4,"movie, time, man, mcu, marvel, loki, movies, doom"
pceqthi,4,"movie, time, man, mcu, marvel, loki, movies, doom"
pceqr4t,1,"like, just, people, don, know, think, lol, did"
pceqpyq,1,"like, just, people, don, know, think, lol, did"
pceqprf,1,"like, just, people, don, know, think, lol, did"
pceqp3l,1,"like, just, people, don, know, think, lol, did"
pceqjty,4,"movie, time, man, mcu, marvel, loki, movies, doom"
pceqdv4,4,"movie, time, man, mcu, marvel, loki, movies, doom"
pceqaz9,1,"like, just, people, don, know, think, lol, did"
pceqacd,4,"movie, time, man, mcu, marvel, loki, movies, doom"
pceq5td,1,"like, just, people, don, know, think, lol, did"
pceq4md,4,"movie, time, man, mcu, marvel, loki, movies, doom"
pceq3n8,1,"like, just, people, don, know, think, lol, did"
pceq0af,4,"movie, time, man, mcu, marvel, loki, movies, doom"
pceq06y,4,"movie, time, man, mcu, marvel, loki, movies, doom"
pcepz6x,0,"gif, giphy, love, guy, number, op, biggest, bring"
pcepwvv,1,"like, just, people, don, know, think, lol, did"
pcepwie,4,"movie, time, man, mcu, marvel, loki, movies, doom"
pcepu51,1,"like, just, people, don, know, think, lol, did"
pceptfi,4,"movie, time, man, mcu, marvel, loki, movies, doom"
pceppiy,0,"gif, giphy, love, guy, number, op, biggest, bring"
pcepn6m,4,"movie, time, man, mcu, marvel, loki, movies, doom"
pcepmmb,4,"movie, time, man, mcu, marvel, loki, movies, doom"
pcepjra,4,"movie, time, man, mcu, marvel, loki, movies, doom"
pcepiu3,1,"like, just, people, don, know, think, lol, did"
pcepb5f,4,"movie, time, man, mcu, marvel, loki, movies, doom"
pcep6du,4,"movie, time, man, mcu, marvel, loki, movies, doom"
pcep5rb,4,"movie, time, man, mcu, marvel, loki, movies, doom"
pcep15g,4,"movie, time, man, mcu, marvel, loki, movies, doom"
pcep0of,4,"movie, time, man, mcu, marvel, loki, movies, doom"
pceovao,4,"movie, time, man, mcu, marvel, loki, movies, doom"
pceoucv,4,"movie, time, man, mcu, marvel, loki, movies, doom"
pceosyo,4,"movie, time, man, mcu, marvel, loki, movies, doom"
pceoqw4,4,"movie, time, man, mcu, marvel, loki, movies, doom"
pceoqfw,1,"like, just, people, don, know, think, lol, did"
pceoobu,4,"movie, time, man, mcu, marvel, loki, movies, doom"
pceolfw,1,"like, just, people, don, know, think, lol, did"
pceoied,4,"movie, time, man, mcu, marvel, loki, movies, doom"
pceogyb,4,"movie, time, man, mcu, marvel, loki, movies, doom"
pceofz4,4,"movie, time, man, mcu, marvel, loki, movies, doom"
pceoacf,4,"movie, time, man, mcu, marvel, loki, movies, doom"
pceo8t9,3,"infinity, vision, imax, scene, scenes, saw, tva, screen"
pceo75i,4,"movie, time, man, mcu, marvel, loki, movies, doom"
pceo5oc,4,"movie, time, man, mcu, marvel, loki, movies, doom"
pceo5j7,1,"like, just, people, don, know, think, lol, did"
pceo32m,3,"infinity, vision, imax, scene, scenes, saw, tva, screen"
pceo0ps,4,"movie, time, man, mcu, marvel, loki, movies, doom"
pcenyr4,1,"like, just, people, don, know, think, lol, did"
pcenwcl,0,"gif, giphy, love, guy, number, op, biggest, bring"
pcenw2o,4,"movie, time, man, mcu, marvel, loki, movies, doom"
pcenqcy,0,"gif, giphy, love, guy, number, op, biggest, bring"
pcenq9u,4,"movie, time, man, mcu, marvel, loki, movies, doom"
pcenp1j,1,"like, just, people, don, know, think, lol, did"
pcennap,4,"movie, time, man, mcu, marvel, loki, movies, doom"
pcenkzu,2,"yes, doomsday, oh, pretty, say, comics, absolutely, better"
pcenjxv,4,"movie, time, man, mcu, marvel, loki, movies, doom"
pcenjqc,4,"movie, time, man, mcu, marvel, loki, movies, doom"
pceng72,1,"like, just, people, don, know, think, lol, did"
pceng8b,4,"movie, time, man, mcu, marvel, loki, movies, doom"
pcenfca,1,"like, just, people, don, know, think, lol, did"
pcend1x,1,"like, just, people, don, know, think, lol, did"
pcend00,4,"movie, time, man, mcu, marvel, loki, movies, doom"
pcenccd,4,"movie, time, man, mcu, marvel, loki, movies, doom"
pcen8sm,3,"infinity, vision, imax, scene, scenes, saw, tva, screen"
pcen36i,0,"gif, giphy, love, guy, number, op, biggest, bring"
pcen2yb,3,"infinity, vision, imax, scene, scenes, saw, tva, screen"
pcen0qr,4,"movie, time, man, mcu, marvel, loki, movies, doom"
pcemyyz,4,"movie, time, man, mcu, marvel, loki, movies, doom"
pcemuo9,3,"infinity, vision, imax, scene, scenes, saw, tva, screen"
pcemtno,4,"movie, time, man, mcu, marvel, loki, movies, doom"
pcemtq8,4,"movie, time, man, mcu, marvel, loki, movies, doom"
pcemtqa,4,"movie, time, man, mcu, marvel, loki, movies, doom"
pcems2c,1,"like, just, people, don, know, think, lol, did"
pcemrxu,4,"movie, time, man, mcu, marvel, loki, movies, doom"
pcemq04,1,"like, just, people, don, know, think, lol, did"
pcemp2m,1,"like, just, people, don, know, think, lol, did"
pcemmkp,4,"movie, time, man, mcu, marvel, loki, movies, doom"
pcemk8m,4,"movie, time, man, mcu, marvel, loki, movies, doom"
pcembd9,4,"movie, time, man, mcu, marvel, loki, movies, doom"
pcema5k,4,"movie, time, man, mcu, marvel, loki, movies, doom"
pcem9db,4,"movie, time, man, mcu, marvel, loki, movies, doom"
pcem4ud,4,"movie, time, man, mcu, marvel, loki, movies, doom"
pcelyky,1,"like, just, people, don, know, think, lol, did"
pcelwki,1,"like, just, people, don, know, think, lol, did"
pcelugh,4,"movie, time, man, mcu, marvel, loki, movies, doom"
pcelrhz,1,"like, just, people, don, know, think, lol, did"
pceln8f,4,"movie, time, man, mcu, marvel, loki, movies, doom"
pceln08,4,"movie, time, man, mcu, marvel, loki, movies, doom"
pcelke2,1,"like, just, people, don, know, think, lol, did"
pceljrs,1,"like, just, people, don, know, think, lol, did"
pcelfvk,1,"like, just, people, don, know, think, lol, did"
pceldv7,4,"movie, time, man, mcu, marvel, loki, movies, doom"
pceld1g,4,"movie, time, man, mcu, marvel, loki, movies, doom"
pcelc7q,0,"gif, giphy, love, guy, number, op, biggest, bring"
pcela96,0,"gif, giphy, love, guy, number, op, biggest, bring"
pcel9q7,4,"movie, time, man, mcu, marvel, loki, movies, doom"
pcel6ux,0,"gif, giphy, love, guy, number, op, biggest, bring"
pcel3cm,1,"like, just, people, don, know, think, lol, did"
pcel3hh,3,"infinity, vision, imax, scene, scenes, saw, tva, screen"
pcel306,1,"like, just, people, don, know, think, lol, did"
pcel2em,1,"like, just, people, don, know, think, lol, did"
pcel17t,4,"movie, time, man, mcu, marvel, loki, movies, doom"
pcekrrh,4,"movie, time, man, mcu, marvel, loki, movies, doom"
pcekotp,1,"like, just, people, don, know, think, lol, did"
pcekmzz,1,"like, just, people, don, know, think, lol, did"
pcekmus,4,"movie, time, man, mcu, marvel, loki, movies, doom"
pcekkvx,4,"movie, time, man, mcu, marvel, loki, movies, doom"
pcekjx9,1,"like, just, people, don, know, think, lol, did"
pcekju7,4,"movie, time, man, mcu, marvel, loki, movies, doom"
pcekhh0,4,"movie, time, man, mcu, marvel, loki, movies, doom"
pcekg1i,1,"like, just, people, don, know, think, lol, did"
pcekf4h,4,"movie, time, man, mcu, marvel, loki, movies, doom"
pceke1e,4,"movie, time, man, mcu, marvel, loki, movies, doom"
pcekbi0,1,"like, just, people, don, know, think, lol, did"
pcekb5o,3,"infinity, vision, imax, scene, scenes, saw, tva, screen"
pcek8b5,1,"like, just, people, don, know, think, lol, did"
pcek3yq,1,"like, just, people, don, know, think, lol, did"
pcek1s2,1,"like, just, people, don, know, think, lol, did"
pcek0vm,1,"like, just, people, don, know, think, lol, did"
pcejz8k,4,"movie, time, man, mcu, marvel, loki, movies, doom"
pcejyez,4,"movie, time, man, mcu, marvel, loki, movies, doom"
pcejwzz,2,"yes, doomsday, oh, pretty, say, comics, absolutely, better"
pcejvdb,1,"like, just, people, don, know, think, lol, did"
pcejuyl,1,"like, just, people, don, know, think, lol, did"
pceju9c,4,"movie, time, man, mcu, marvel, loki, movies, doom"
pcejuat,1,"like, just, people, don, know, think, lol, did"
pcejt2a,0,"gif, giphy, love, guy, number, op, biggest, bring"
pcejr19,1,"like, just, people, don, know, think, lol, did"
pcejqsj,4,"movie, time, man, mcu, marvel, loki, movies, doom"
pcejnyy,1,"like, just, people, don, know, think, lol, did"
pcejo01,2,"yes, doomsday, oh, pretty, say, comics, absolutely, better"
pcejmhy,4,"movie, time, man, mcu, marvel, loki, movies, doom"
pcejlxa,1,"like, just, people, don, know, think, lol, did"
pcejlmm,4,"movie, time, man, mcu, marvel, loki, movies, doom"
pceji3w,1,"like, just, people, don, know, think, lol, did"
pcejf48,4,"movie, time, man, mcu, marvel, loki, movies, doom"
pcejces,4,"movie, time, man, mcu, marvel, loki, movies, doom"
pceja9h,4,"movie, time, man, mcu, marvel, loki, movies, doom"
pcej6rt,0,"gif, giphy, love, guy, number, op, biggest, bring"
pcej5xp,4,"movie, time, man, mcu, marvel, loki, movies, doom"
pceiz26,1,"like, just, people, don, know, think, lol, did"
pceiy4o,4,"movie, time, man, mcu, marvel, loki, movies, doom"
pceixt3,0,"gif, giphy, love, guy, number, op, biggest, bring"
pceixab,4,"movie, time, man, mcu, marvel, loki, movies, doom"
pceiwow,4,"movie, time, man, mcu, marvel, loki, movies, doom"
pceivgi,3,"infinity, vision, imax, scene, scenes, saw, tva, screen"
pceiqgc,4,"movie, time, man, mcu, marvel, loki, movies, doom"
pceilc6,4,"movie, time, man, mcu, marvel, loki, movies, doom"
pceiian,3,"infinity, vision, imax, scene, scenes, saw, tva, screen"
pceihom,4,"movie, time, man, mcu, marvel, loki, movies, doom"
pceidz3,4,"movie, time, man, mcu, marvel, loki, movies, doom"
pceido2,4,"movie, time, man, mcu, marvel, loki, movies, doom"
pcei8ag,1,"like, just, people, don, know, think, lol, did"
pcei7pq,4,"movie, time, man, mcu, marvel, loki, movies, doom"
pcei1f1,4,"movie, time, man, mcu, marvel, loki, movies, doom"
pcehxg1,4,"movie, time, man, mcu, marvel, loki, movies, doom"
pcehwi9,3,"infinity, vision, imax, scene, scenes, saw, tva, screen"
pcehtyp,4,"movie, time, man, mcu, marvel, loki, movies, doom"
pceht1z,4,"movie, time, man, mcu, marvel, loki, movies, doom"
pcehr6r,4,"movie, time, man, mcu, marvel, loki, movies, doom"
pcehnjy,1,"like, just, people, don, know, think, lol, did"
pcehmsb,1,"like, just, people, don, know, think, lol, did"
pcehmcq,1,"like, just, people, don, know, think, lol, did"
pcehh7l,4,"movie, time, man, mcu, marvel, loki, movies, doom"
pcehd9o,4,"movie, time, man, mcu, marvel, loki, movies, doom"
pcehcf1,1,"like, just, people, don, know, think, lol, did"
pceh730,3,"infinity, vision, imax, scene, scenes, saw, tva, screen"
pceh6s6,4,"movie, time, man, mcu, marvel, loki, movies, doom"
pceh5i5,4,"movie, time, man, mcu, marvel, loki, movies, doom"
pceh4nt,4,"movie, time, man, mcu, marvel, loki, movies, doom"
pceh0u3,3,"infinity, vision, imax, scene, scenes, saw, tva, screen"
pcegz2r,1,"like, just, people, don, know, think, lol, did"
pcegxtl,2,"yes, doomsday, oh, pretty, say, comics, absolutely, better"
pceguu5,4,"movie, time, man, mcu, marvel, loki, movies, doom"
pceguli,1,"like, just, people, don, know, think, lol, did"
pcegpzl,4,"movie, time, man, mcu, marvel, loki, movies, doom"
pcegpg8,1,"like, just, people, don, know, think, lol, did"
pcegmt6,1,"like, just, people, don, know, think, lol, did"
pcegm9a,4,"movie, time, man, mcu, marvel, loki, movies, doom"
pcegi18,4,"movie, time, man, mcu, marvel, loki, movies, doom"
pcegglu,4,"movie, time, man, mcu, marvel, loki, movies, doom"
pcegfns,4,"movie, time, man, mcu, marvel, loki, movies, doom"
pcegcid,3,"infinity, vision, imax, scene, scenes, saw, tva, screen"
pcegbb4,0,"gif, giphy, love, guy, number, op, biggest, bring"
pcegazf,4,"movie, time, man, mcu, marvel, loki, movies, doom"
pceg8mc,4,"movie, time, man, mcu, marvel, loki, movies, doom"
pceg7ac,1,"like, just, people, don, know, think, lol, did"
pceg5v8,4,"movie, time, man, mcu, marvel, loki, movies, doom"
pceg3a4,1,"like, just, people, don, know, think, lol, did"
pceg21v,4,"movie, time, man, mcu, marvel, loki, movies, doom"
pcefyqy,1,"like, just, people, don, know, think, lol, did"
pcefvt2,2,"yes, doomsday, oh, pretty, say, comics, absolutely, better"
pceftc9,4,"movie, time, man, mcu, marvel, loki, movies, doom"
pcefruu,1,"like, just, people, don, know, think, lol, did"
pcefroe,0,"gif, giphy, love, guy, number, op, biggest, bring"
pcefqap,1,"like, just, people, don, know, think, lol, did"
pcefq96,4,"movie, time, man, mcu, marvel, loki, movies, doom"
pcefnp5,4,"movie, time, man, mcu, marvel, loki, movies, doom"
pcefn5d,1,"like, just, people, don, know, think, lol, did"
pcefg0a,4,"movie, time, man, mcu, marvel, loki, movies, doom"
pceffp1,4,"movie, time, man, mcu, marvel, loki, movies, doom"
pceffao,3,"infinity, vision, imax, scene, scenes, saw, tva, screen"
pcefdsx,4,"movie, time, man, mcu, marvel, loki, movies, doom"
pcefdc4,1,"like, just, people, don, know, think, lol, did"
pcefc1o,4,"movie, time, man, mcu, marvel, loki, movies, doom"
pcefc0e,4,"movie, time, man, mcu, marvel, loki, movies, doom"
pcefakp,1,"like, just, people, don, know, think, lol, did"
pcef849,1,"like, just, people, don, know, think, lol, did"
pcef5xd,4,"movie, time, man, mcu, marvel, loki, movies, doom"
pcef49y,1,"like, just, people, don, know, think, lol, did"
pcef29s,3,"infinity, vision, imax, scene, scenes, saw, tva, screen"
pcef0hz,3,"infinity, vision, imax, scene, scenes, saw, tva, screen"
pceezgc,4,"movie, time, man, mcu, marvel, loki, movies, doom"
pceexwx,3,"infinity, vision, imax, scene, scenes, saw, tva, screen"
pceexul,1,"like, just, people, don, know, think, lol, did"
pceewi7,3,"infinity, vision, imax, scene, scenes, saw, tva, screen"
pceevjh,4,"movie, time, man, mcu, marvel, loki, movies, doom"
pceetwa,4,"movie, time, man, mcu, marvel, loki, movies, doom"
pceetbj,0,"gif, giphy, love, guy, number, op, biggest, bring"
pceesq8,1,"like, just, people, don, know, think, lol, did"
pceerut,4,"movie, time, man, mcu, marvel, loki, movies, doom"
pceeqcr,4,"movie, time, man, mcu, marvel, loki, movies, doom"
pceeoml,3,"infinity, vision, imax, scene, scenes, saw, tva, screen"
pceenvq,4,"movie, time, man, mcu, marvel, loki, movies, doom"
pceem7b,0,"gif, giphy, love, guy, number, op, biggest, bring"
pceel3u,4,"movie, time, man, mcu, marvel, loki, movies, doom"
pceejox,4,"movie, time, man, mcu, marvel, loki, movies, doom"
pceefuc,4,"movie, time, man, mcu, marvel, loki, movies, doom"
pceefpj,1,"like, just, people, don, know, think, lol, did"
pceedae,4,"movie, time, man, mcu, marvel, loki, movies, doom"
pceebhr,4,"movie, time, man, mcu, marvel, loki, movies, doom"
pceebhy,3,"infinity, vision, imax, scene, scenes, saw, tva, screen"
pcee9t0,4,"movie, time, man, mcu, marvel, loki, movies, doom"
pcee9ib,4,"movie, time, man, mcu, marvel, loki, movies, doom"
pcee90a,4,"movie, time, man, mcu, marvel, loki, movies, doom"
pcee83j,4,"movie, time, man, mcu, marvel, loki, movies, doom"
pcee7am,4,"movie, time, man, mcu, marvel, loki, movies, doom"
pcee6de,4,"movie, time, man, mcu, marvel, loki, movies, doom"
pcee5x3,0,"gif, giphy, love, guy, number, op, biggest, bring"
pcee4nu,3,"infinity, vision, imax, scene, scenes, saw, tva, screen"
pcedzf3,1,"like, just, people, don, know, think, lol, did"
pcedymt,0,"gif, giphy, love, guy, number, op, biggest, bring"
pcedx8s,4,"movie, time, man, mcu, marvel, loki, movies, doom"
pcedvs2,3,"infinity, vision, imax, scene, scenes, saw, tva, screen"
pcedvu8,4,"movie, time, man, mcu, marvel, loki, movies, doom"
pcedthp,4,"movie, time, man, mcu, marvel, loki, movies, doom"
pcedrck,4,"movie, time, man, mcu, marvel, loki, movies, doom"
pcedr1r,1,"like, just, people, don, know, think, lol, did"
pcedr2h,4,"movie, time, man, mcu, marvel, loki, movies, doom"
pcedqxh,1,"like, just, people, don, know, think, lol, did"
pcedpae,4,"movie, time, man, mcu, marvel, loki, movies, doom"
pcedp6k,4,"movie, time, man, mcu, marvel, loki, movies, doom"
pcedlxs,4,"movie, time, man, mcu, marvel, loki, movies, doom"
pcedl8b,4,"movie, time, man, mcu, marvel, loki, movies, doom"
pcedkm4,4,"movie, time, man, mcu, marvel, loki, movies, doom"
pcedko2,4,"movie, time, man, mcu, marvel, loki, movies, doom"
pcedjos,0,"gif, giphy, love, guy, number, op, biggest, bring"
pcedje1,3,"infinity, vision, imax, scene, scenes, saw, tva, screen"
pcedg8f,4,"movie, time, man, mcu, marvel, loki, movies, doom"
pcedg0x,1,"like, just, people, don, know, think, lol, did"
pceddz3,4,"movie, time, man, mcu, marvel, loki, movies, doom"
pceddao,0,"gif, giphy, love, guy, number, op, biggest, bring"
pcedct8,4,"movie, time, man, mcu, marvel, loki, movies, doom"
pcedbqs,4,"movie, time, man, mcu, marvel, loki, movies, doom"
pced9lw,4,"movie, time, man, mcu, marvel, loki, movies, doom"
pced8eh,4,"movie, time, man, mcu, marvel, loki, movies, doom"
pced7vq,4,"movie, time, man, mcu, marvel, loki, movies, doom"
pced66y,4,"movie, time, man, mcu, marvel, loki, movies, doom"
pced5qk,4,"movie, time, man, mcu, marvel, loki, movies, doom"
pced492,1,"like, just, people, don, know, think, lol, did"
pced3lp,3,"infinity, vision, imax, scene, scenes, saw, tva, screen"
pced21g,4,"movie, time, man, mcu, marvel, loki, movies, doom"
pced1gj,1,"like, just, people, don, know, think, lol, did"
pceczvy,4,"movie, time, man, mcu, marvel, loki, movies, doom"
pcecztd,4,"movie, time, man, mcu, marvel, loki, movies, doom"
pcecwx5,4,"movie, time, man, mcu, marvel, loki, movies, doom"
pcecwn0,4,"movie, time, man, mcu, marvel, loki, movies, doom"
pcecv4g,4,"movie, time, man, mcu, marvel, loki, movies, doom"
pcecuw3,4,"movie, time, man, mcu, marvel, loki, movies, doom"
pcecrnf,3,"infinity, vision, imax, scene, scenes, saw, tva, screen"
pcecou1,4,"movie, time, man, mcu, marvel, loki, movies, doom"
pceco7v,4,"movie, time, man, mcu, marvel, loki, movies, doom"
pcecld7,4,"movie, time, man, mcu, marvel, loki, movies, doom"
pceclde,1,"like, just, people, don, know, think, lol, did"
pcecl2p,4,"movie, time, man, mcu, marvel, loki, movies, doom"
pceckxm,1,"like, just, people, don, know, think, lol, did"
pcecksv,1,"like, just, people, don, know, think, lol, did"
pceck3p,1,"like, just, people, don, know, think, lol, did"
pcecgbe,4,"movie, time, man, mcu, marvel, loki, movies, doom"
pcecf3z,4,"movie, time, man, mcu, marvel, loki, movies, doom"
pcecesg,0,"gif, giphy, love, guy, number, op, biggest, bring"
pcecdou,4,"movie, time, man, mcu, marvel, loki, movies, doom"
pcecd9r,4,"movie, time, man, mcu, marvel, loki, movies, doom"
pcecckx,4,"movie, time, man, mcu, marvel, loki, movies, doom"
pcecapm,3,"infinity, vision, imax, scene, scenes, saw, tva, screen"
pceca88,3,"infinity, vision, imax, scene, scenes, saw, tva, screen"
pcec95t,4,"movie, time, man, mcu, marvel, loki, movies, doom"
pcec84y,1,"like, just, people, don, know, think, lol, did"
pcec6f5,4,"movie, time, man, mcu, marvel, loki, movies, doom"
pcec68i,4,"movie, time, man, mcu, marvel, loki, movies, doom"
pcec6aa,4,"movie, time, man, mcu, marvel, loki, movies, doom"
pcec4v5,4,"movie, time, man, mcu, marvel, loki, movies, doom"
pcec4t7,1,"like, just, people, don, know, think, lol, did"
pcec4nn,4,"movie, time, man, mcu, marvel, loki, movies, doom"
pcec47s,0,"gif, giphy, love, guy, number, op, biggest, bring"
pcec2gn,4,"movie, time, man, mcu, marvel, loki, movies, doom"
pcec18w,4,"movie, time, man, mcu, marvel, loki, movies, doom"
pcebw96,1,"like, just, people, don, know, think, lol, did"
pcebtei,1,"like, just, people, don, know, think, lol, did"
pcebtdy,4,"movie, time, man, mcu, marvel, loki, movies, doom"
pcebs9r,4,"movie, time, man, mcu, marvel, loki, movies, doom"
pcebrhn,1,"like, just, people, don, know, think, lol, did"
pcebqba,0,"gif, giphy, love, guy, number, op, biggest, bring"
pcebq2t,4,"movie, time, man, mcu, marvel, loki, movies, doom"
pceblsy,4,"movie, time, man, mcu, marvel, loki, movies, doom"
pcebl47,4,"movie, time, man, mcu, marvel, loki, movies, doom"
pcebkwf,3,"infinity, vision, imax, scene, scenes, saw, tva, screen"
pcebky8,4,"movie, time, man, mcu, marvel, loki, movies, doom"
pcebj7k,4,"movie, time, man, mcu, marvel, loki, movies, doom"
pcebgm2,1,"like, just, people, don, know, think, lol, did"
pcebgbu,3,"infinity, vision, imax, scene, scenes, saw, tva, screen"
pcebeug,4,"movie, time, man, mcu, marvel, loki, movies, doom"
pcebe2u,4,"movie, time, man, mcu, marvel, loki, movies, doom"
pcebclg,3,"infinity, vision, imax, scene, scenes, saw, tva, screen"
pcebc28,1,"like, just, people, don, know, think, lol, did"
pcebbmg,4,"movie, time, man, mcu, marvel, loki, movies, doom"
pcebbd6,4,"movie, time, man, mcu, marvel, loki, movies, doom"
pceba6o,1,"like, just, people, don, know, think, lol, did"
pceb81b,1,"like, just, people, don, know, think, lol, did"
pceb7jc,4,"movie, time, man, mcu, marvel, loki, movies, doom"
pceb77h,4,"movie, time, man, mcu, marvel, loki, movies, doom"
pceb5wv,0,"gif, giphy, love, guy, number, op, biggest, bring"
pceb5ym,4,"movie, time, man, mcu, marvel, loki, movies, doom"
pceb5t2,1,"like, just, people, don, know, think, lol, did"
pceb456,1,"like, just, people, don, know, think, lol, did"
pceb3ma,4,"movie, time, man, mcu, marvel, loki, movies, doom"
pceb23q,3,"infinity, vision, imax, scene, scenes, saw, tva, screen"
pceazkk,4,"movie, time, man, mcu, marvel, loki, movies, doom"
pceayr2,0,"gif, giphy, love, guy, number, op, biggest, bring"
pceavjk,3,"infinity, vision, imax, scene, scenes, saw, tva, screen"
pceaq0k,4,"movie, time, man, mcu, marvel, loki, movies, doom"
pceaolp,4,"movie, time, man, mcu, marvel, loki, movies, doom"
pceamyl,4,"movie, time, man, mcu, marvel, loki, movies, doom"
pceamt7,1,"like, just, people, don, know, think, lol, did"
pceamh8,4,"movie, time, man, mcu, marvel, loki, movies, doom"
pceakju,4,"movie, time, man, mcu, marvel, loki, movies, doom"
pceak5n,3,"infinity, vision, imax, scene, scenes, saw, tva, screen"
pceae7u,4,"movie, time, man, mcu, marvel, loki, movies, doom"
pceadch,4,"movie, time, man, mcu, marvel, loki, movies, doom"
pcead8m,1,"like, just, people, don, know, think, lol, did"
pceaaty,0,"gif, giphy, love, guy, number, op, biggest, bring"
pceaa2q,4,"movie, time, man, mcu, marvel, loki, movies, doom"
pcea7n6,0,"gif, giphy, love, guy, number, op, biggest, bring"
pcea6yn,1,"like, just, people, don, know, think, lol, did"
pcea4vp,1,"like, just, people, don, know, think, lol, did"
pcea2qv,4,"movie, time, man, mcu, marvel, loki, movies, doom"
pcea1qv,4,"movie, time, man, mcu, marvel, loki, movies, doom"
pce9x7z,0,"gif, giphy, love, guy, number, op, biggest, bring"
pce9wse,1,"like, just, people, don, know, think, lol, did"
pce9uo1,4,"movie, time, man, mcu, marvel, loki, movies, doom"
pce9snl,4,"movie, time, man, mcu, marvel, loki, movies, doom"
pce9s7r,1,"like, just, people, don, know, think, lol, did"
pce9qy8,4,"movie, time, man, mcu, marvel, loki, movies, doom"
pce9pm5,3,"infinity, vision, imax, scene, scenes, saw, tva, screen"
pce9ng1,4,"movie, time, man, mcu, marvel, loki, movies, doom"
pce9n6c,4,"movie, time, man, mcu, marvel, loki, movies, doom"
pce9lux,1,"like, just, people, don, know, think, lol, did"
pce9kqv,4,"movie, time, man, mcu, marvel, loki, movies, doom"
pce9kao,4,"movie, time, man, mcu, marvel, loki, movies, doom"
pce9jnh,4,"movie, time, man, mcu, marvel, loki, movies, doom"
pce9h5s,2,"yes, doomsday, oh, pretty, say, comics, absolutely, better"
pce9gxn,1,"like, just, people, don, know, think, lol, did"
pce9g5v,4,"movie, time, man, mcu, marvel, loki, movies, doom"
pce9elc,4,"movie, time, man, mcu, marvel, loki, movies, doom"
pce9eha,4,"movie, time, man, mcu, marvel, loki, movies, doom"
pce9dos,1,"like, just, people, don, know, think, lol, did"
pce9c68,1,"like, just, people, don, know, think, lol, did"
pce9bny,4,"movie, time, man, mcu, marvel, loki, movies, doom"
pce9a0o,1,"like, just, people, don, know, think, lol, did"
pce99eg,4,"movie, time, man, mcu, marvel, loki, movies, doom"
pce99c6,1,"like, just, people, don, know, think, lol, did"
pce9846,4,"movie, time, man, mcu, marvel, loki, movies, doom"
pce97ki,4,"movie, time, man, mcu, marvel, loki, movies, doom"
pce95x2,4,"movie, time, man, mcu, marvel, loki, movies, doom"
pce955x,2,"yes, doomsday, oh, pretty, say, comics, absolutely, better"
pce950q,4,"movie, time, man, mcu, marvel, loki, movies, doom"
pce93s6,4,"movie, time, man, mcu, marvel, loki, movies, doom"
pce93nu,1,"like, just, people, don, know, think, lol, did"
pce92kw,2,"yes, doomsday, oh, pretty, say, comics, absolutely, better"
pce91jd,4,"movie, time, man, mcu, marvel, loki, movies, doom"
pce916z,1,"like, just, people, don, know, think, lol, did"
pce913e,1,"like, just, people, don, know, think, lol, did"
pce8yml,4,"movie, time, man, mcu, marvel, loki, movies, doom"
pce8y6i,1,"like, just, people, don, know, think, lol, did"
pce8xor,1,"like, just, people, don, know, think, lol, did"
pce8xld,3,"infinity, vision, imax, scene, scenes, saw, tva, screen"
pce8wim,1,"like, just, people, don, know, think, lol, did"
pce8sws,4,"movie, time, man, mcu, marvel, loki, movies, doom"
pce8siv,0,"gif, giphy, love, guy, number, op, biggest, bring"
pce8pmj,4,"movie, time, man, mcu, marvel, loki, movies, doom"
pce8oz6,0,"gif, giphy, love, guy, number, op, biggest, bring"
pce8nep,2,"yes, doomsday, oh, pretty, say, comics, absolutely, better"
pce8lbr,1,"like, just, people, don, know, think, lol, did"
pce8ivn,1,"like, just, people, don, know, think, lol, did"
pce8f1t,4,"movie, time, man, mcu, marvel, loki, movies, doom"
pce8e8j,4,"movie, time, man, mcu, marvel, loki, movies, doom"
pce8bh8,4,"movie, time, man, mcu, marvel, loki, movies, doom"
pce8bjo,4,"movie, time, man, mcu, marvel, loki, movies, doom"
pce8ba9,4,"movie, time, man, mcu, marvel, loki, movies, doom"
pce8aoe,0,"gif, giphy, love, guy, number, op, biggest, bring"
pce88n9,4,"movie, time, man, mcu, marvel, loki, movies, doom"
pce88nk,1,"like, just, people, don, know, think, lol, did"
pce86ff,4,"movie, time, man, mcu, marvel, loki, movies, doom"
pce83uf,0,"gif, giphy, love, guy, number, op, biggest, bring"
pce80rt,1,"like, just, people, don, know, think, lol, did"
pce7y96,4,"movie, time, man, mcu, marvel, loki, movies, doom"
pce7wlv,4,"movie, time, man, mcu, marvel, loki, movies, doom"
pce7tmj,1,"like, just, people, don, know, think, lol, did"
pce7spx,4,"movie, time, man, mcu, marvel, loki, movies, doom"
pce7s5u,4,"movie, time, man, mcu, marvel, loki, movies, doom"
pce7s67,4,"movie, time, man, mcu, marvel, loki, movies, doom"
pce7ryr,4,"movie, time, man, mcu, marvel, loki, movies, doom"
pce7qgw,1,"like, just, people, don, know, think, lol, did"
pce7pm0,0,"gif, giphy, love, guy, number, op, biggest, bring"
pce7oor,3,"infinity, vision, imax, scene, scenes, saw, tva, screen"
pce7oqs,3,"infinity, vision, imax, scene, scenes, saw, tva, screen"
pce7mq8,4,"movie, time, man, mcu, marvel, loki, movies, doom"
pce7m3i,4,"movie, time, man, mcu, marvel, loki, movies, doom"
pce7lwa,4,"movie, time, man, mcu, marvel, loki, movies, doom"
pce7fhk,4,"movie, time, man, mcu, marvel, loki, movies, doom"
pce7fkd,4,"movie, time, man, mcu, marvel, loki, movies, doom"
pce7ckk,4,"movie, time, man, mcu, marvel, loki, movies, doom"
pce794d,1,"like, just, people, don, know, think, lol, did"
pce782r,1,"like, just, people, don, know, think, lol, did"
pce76qs,4,"movie, time, man, mcu, marvel, loki, movies, doom"
pce762t,4,"movie, time, man, mcu, marvel, loki, movies, doom"
pce74kw,1,"like, just, people, don, know, think, lol, did"
pce74h9,1,"like, just, people, don, know, think, lol, did"
pce748m,4,"movie, time, man, mcu, marvel, loki, movies, doom"
pce73jw,4,"movie, time, man, mcu, marvel, loki, movies, doom"
pce72jm,4,"movie, time, man, mcu, marvel, loki, movies, doom"
pce7281,4,"movie, time, man, mcu, marvel, loki, movies, doom"
pce70x4,1,"like, just, people, don, know, think, lol, did"
pce700j,0,"gif, giphy, love, guy, number, op, biggest, bring"
pce6zph,4,"movie, time, man, mcu, marvel, loki, movies, doom"
pce6z8w,0,"gif, giphy, love, guy, number, op, biggest, bring"
pce6z30,4,"movie, time, man, mcu, marvel, loki, movies, doom"
pce6z5i,1,"like, just, people, don, know, think, lol, did"
pce6yse,1,"like, just, people, don, know, think, lol, did"
pce6xq0,4,"movie, time, man, mcu, marvel, loki, movies, doom"
pce6xg2,4,"movie, time, man, mcu, marvel, loki, movies, doom"
pce6wxm,4,"movie, time, man, mcu, marvel, loki, movies, doom"
pce6w99,1,"like, just, people, don, know, think, lol, did"
pce6vim,4,"movie, time, man, mcu, marvel, loki, movies, doom"
pce6v43,4,"movie, time, man, mcu, marvel, loki, movies, doom"
pce6uiw,4,"movie, time, man, mcu, marvel, loki, movies, doom"
pce6svb,4,"movie, time, man, mcu, marvel, loki, movies, doom"
pce6so3,4,"movie, time, man, mcu, marvel, loki, movies, doom"
pce6slm,4,"movie, time, man, mcu, marvel, loki, movies, doom"
pce6rwf,4,"movie, time, man, mcu, marvel, loki, movies, doom"
pce6r2w,4,"movie, time, man, mcu, marvel, loki, movies, doom"
pce6prg,3,"infinity, vision, imax, scene, scenes, saw, tva, screen"
pce6pgh,4,"movie, time, man, mcu, marvel, loki, movies, doom"
pce6opt,4,"movie, time, man, mcu, marvel, loki, movies, doom"
pce6obp,4,"movie, time, man, mcu, marvel, loki, movies, doom"
pce6mva,1,"like, just, people, don, know, think, lol, did"
pce6mtu,4,"movie, time, man, mcu, marvel, loki, movies, doom"
pce6m05,3,"infinity, vision, imax, scene, scenes, saw, tva, screen"
pce6l0z,1,"like, just, people, don, know, think, lol, did"
pce6l12,0,"gif, giphy, love, guy, number, op, biggest, bring"
pce6kro,0,"gif, giphy, love, guy, number, op, biggest, bring"
pce6i2n,4,"movie, time, man, mcu, marvel, loki, movies, doom"
pce6ggd,4,"movie, time, man, mcu, marvel, loki, movies, doom"
pce6eo0,1,"like, just, people, don, know, think, lol, did"
pce6ec7,1,"like, just, people, don, know, think, lol, did"
pce6dmb,4,"movie, time, man, mcu, marvel, loki, movies, doom"
pce68ar,4,"movie, time, man, mcu, marvel, loki, movies, doom"
pce67jz,1,"like, just, people, don, know, think, lol, did"
pce66lm,4,"movie, time, man, mcu, marvel, loki, movies, doom"
pce61q1,1,"like, just, people, don, know, think, lol, did"
pce61ju,0,"gif, giphy, love, guy, number, op, biggest, bring"
pce5ygy,4,"movie, time, man, mcu, marvel, loki, movies, doom"
pce5y81,1,"like, just, people, don, know, think, lol, did"
pce5xvs,3,"infinity, vision, imax, scene, scenes, saw, tva, screen"
pce5xao,4,"movie, time, man, mcu, marvel, loki, movies, doom"
pce5wvv,2,"yes, doomsday, oh, pretty, say, comics, absolutely, better"
pce5wna,4,"movie, time, man, mcu, marvel, loki, movies, doom"
pce5vd2,4,"movie, time, man, mcu, marvel, loki, movies, doom"
pce5v2a,1,"like, just, people, don, know, think, lol, did"
pce5uua,4,"movie, time, man, mcu, marvel, loki, movies, doom"
pce5u82,1,"like, just, people, don, know, think, lol, did"
pce5uar,4,"movie, time, man, mcu, marvel, loki, movies, doom"
pce5tz8,1,"like, just, people, don, know, think, lol, did"
pce5ska,1,"like, just, people, don, know, think, lol, did"
pce5sbn,4,"movie, time, man, mcu, marvel, loki, movies, doom"
pce5s3k,4,"movie, time, man, mcu, marvel, loki, movies, doom"
pce5quq,4,"movie, time, man, mcu, marvel, loki, movies, doom"
pce5pu9,4,"movie, time, man, mcu, marvel, loki, movies, doom"
pce5pmk,1,"like, just, people, don, know, think, lol, did"
pce5pgj,4,"movie, time, man, mcu, marvel, loki, movies, doom"
pce5p8b,4,"movie, time, man, mcu, marvel, loki, movies, doom"
pce5o56,2,"yes, doomsday, oh, pretty, say, comics, absolutely, better"
pce5nz7,4,"movie, time, man, mcu, marvel, loki, movies, doom"
pce5o0m,0,"gif, giphy, love, guy, number, op, biggest, bring"
pce5n05,4,"movie, time, man, mcu, marvel, loki, movies, doom"
pce5m7f,3,"infinity, vision, imax, scene, scenes, saw, tva, screen"
pce5lcz,4,"movie, time, man, mcu, marvel, loki, movies, doom"
pce5kou,4,"movie, time, man, mcu, marvel, loki, movies, doom"
pce5k0e,1,"like, just, people, don, know, think, lol, did"
pce5k2y,1,"like, just, people, don, know, think, lol, did"
pce5jho,1,"like, just, people, don, know, think, lol, did"
pce5j0u,1,"like, just, people, don, know, think, lol, did"
pce5iej,2,"yes, doomsday, oh, pretty, say, comics, absolutely, better"
pce5fvv,4,"movie, time, man, mcu, marvel, loki, movies, doom"
pce5fxj,4,"movie, time, man, mcu, marvel, loki, movies, doom"
pce5exq,3,"infinity, vision, imax, scene, scenes, saw, tva, screen"
pce5d9u,4,"movie, time, man, mcu, marvel, loki, movies, doom"
pce5d2c,4,"movie, time, man, mcu, marvel, loki, movies, doom"
pce5clk,4,"movie, time, man, mcu, marvel, loki, movies, doom"
pce5bre,4,"movie, time, man, mcu, marvel, loki, movies, doom"
pce5be7,1,"like, just, people, don, know, think, lol, did"
pce5b9d,4,"movie, time, man, mcu, marvel, loki, movies, doom"
pce5any,0,"gif, giphy, love, guy, number, op, biggest, bring"
pce59d8,4,"movie, time, man, mcu, marvel, loki, movies, doom"
pce594m,4,"movie, time, man, mcu, marvel, loki, movies, doom"
pce58tr,4,"movie, time, man, mcu, marvel, loki, movies, doom"
pce57no,2,"yes, doomsday, oh, pretty, say, comics, absolutely, better"
pce57oa,3,"infinity, vision, imax, scene, scenes, saw, tva, screen"
pce5733,4,"movie, time, man, mcu, marvel, loki, movies, doom"
pce54rv,4,"movie, time, man, mcu, marvel, loki, movies, doom"
pce54bv,1,"like, just, people, don, know, think, lol, did"
pce53gc,3,"infinity, vision, imax, scene, scenes, saw, tva, screen"
pce523i,4,"movie, time, man, mcu, marvel, loki, movies, doom"
pce50ib,1,"like, just, people, don, know, think, lol, did"
pce50ey,4,"movie, time, man, mcu, marvel, loki, movies, doom"
pce5073,1,"like, just, people, don, know, think, lol, did"
pce509d,4,"movie, time, man, mcu, marvel, loki, movies, doom"
pce4zwk,4,"movie, time, man, mcu, marvel, loki, movies, doom"
pce4z4v,1,"like, just, people, don, know, think, lol, did"
pce4z6c,0,"gif, giphy, love, guy, number, op, biggest, bring"
pce4y1s,3,"infinity, vision, imax, scene, scenes, saw, tva, screen"
pce4we4,1,"like, just, people, don, know, think, lol, did"
pce4ugu,4,"movie, time, man, mcu, marvel, loki, movies, doom"
pce4t1v,4,"movie, time, man, mcu, marvel, loki, movies, doom"
pce4sq6,4,"movie, time, man, mcu, marvel, loki, movies, doom"
pce4s5e,4,"movie, time, man, mcu, marvel, loki, movies, doom"
pce4qvd,4,"movie, time, man, mcu, marvel, loki, movies, doom"
pce4q2z,4,"movie, time, man, mcu, marvel, loki, movies, doom"
pce4peg,1,"like, just, people, don, know, think, lol, did"
pce4oot,4,"movie, time, man, mcu, marvel, loki, movies, doom"
pce4nkf,4,"movie, time, man, mcu, marvel, loki, movies, doom"
pce4nak,4,"movie, time, man, mcu, marvel, loki, movies, doom"
pce4mg3,3,"infinity, vision, imax, scene, scenes, saw, tva, screen"
pce4miy,3,"infinity, vision, imax, scene, scenes, saw, tva, screen"
pce4lto,4,"movie, time, man, mcu, marvel, loki, movies, doom"
pce4l8t,4,"movie, time, man, mcu, marvel, loki, movies, doom"
pce4kt9,4,"movie, time, man, mcu, marvel, loki, movies, doom"
pce4kji,3,"infinity, vision, imax, scene, scenes, saw, tva, screen"
pce4jrx,4,"movie, time, man, mcu, marvel, loki, movies, doom"
pce4itm,4,"movie, time, man, mcu, marvel, loki, movies, doom"
pce4ikw,1,"like, just, people, don, know, think, lol, did"
pce4igp,4,"movie, time, man, mcu, marvel, loki, movies, doom"
pce4hx5,4,"movie, time, man, mcu, marvel, loki, movies, doom"
pce4g5y,1,"like, just, people, don, know, think, lol, did"
pce4do4,4,"movie, time, man, mcu, marvel, loki, movies, doom"
pce4dr4,4,"movie, time, man, mcu, marvel, loki, movies, doom"
pce4drl,4,"movie, time, man, mcu, marvel, loki, movies, doom"
pce4bw1,3,"infinity, vision, imax, scene, scenes, saw, tva, screen"
pce48ta,1,"like, just, people, don, know, think, lol, did"
pce48hk,4,"movie, time, man, mcu, marvel, loki, movies, doom"
pce47qt,4,"movie, time, man, mcu, marvel, loki, movies, doom"
pce45wu,0,"gif, giphy, love, guy, number, op, biggest, bring"
pce452x,1,"like, just, people, don, know, think, lol, did"
pce4467,4,"movie, time, man, mcu, marvel, loki, movies, doom"
pce42ea,4,"movie, time, man, mcu, marvel, loki, movies, doom"
pce429b,4,"movie, time, man, mcu, marvel, loki, movies, doom"
pce40hl,0,"gif, giphy, love, guy, number, op, biggest, bring"
pce3xqa,0,"gif, giphy, love, guy, number, op, biggest, bring"
pce3xjr,3,"infinity, vision, imax, scene, scenes, saw, tva, screen"
pce3xdb,4,"movie, time, man, mcu, marvel, loki, movies, doom"
pce3x29,4,"movie, time, man, mcu, marvel, loki, movies, doom"
pce3wfg,2,"yes, doomsday, oh, pretty, say, comics, absolutely, better"
pce3upb,4,"movie, time, man, mcu, marvel, loki, movies, doom"
pce3sjs,1,"like, just, people, don, know, think, lol, did"
pce3rxq,4,"movie, time, man, mcu, marvel, loki, movies, doom"
pce3rhw,4,"movie, time, man, mcu, marvel, loki, movies, doom"
pce3ppu,3,"infinity, vision, imax, scene, scenes, saw, tva, screen"
pce3pf3,4,"movie, time, man, mcu, marvel, loki, movies, doom"
pce3ofs,1,"like, just, people, don, know, think, lol, did"
pce3nud,4,"movie, time, man, mcu, marvel, loki, movies, doom"
pce3non,0,"gif, giphy, love, guy, number, op, biggest, bring"
pce3m1s,4,"movie, time, man, mcu, marvel, loki, movies, doom"
pce3kiy,4,"movie, time, man, mcu, marvel, loki, movies, doom"
pce3k4k,1,"like, just, people, don, know, think, lol, did"
pce3k14,1,"like, just, people, don, know, think, lol, did"
pce3jiz,1,"like, just, people, don, know, think, lol, did"
pce3j0i,1,"like, just, people, don, know, think, lol, did"
pce3hqg,4,"movie, time, man, mcu, marvel, loki, movies, doom"
pce3hnn,4,"movie, time, man, mcu, marvel, loki, movies, doom"
pce3h32,4,"movie, time, man, mcu, marvel, loki, movies, doom"
pce3fz5,1,"like, just, people, don, know, think, lol, did"
pce3fep,4,"movie, time, man, mcu, marvel, loki, movies, doom"
pce3etk,3,"infinity, vision, imax, scene, scenes, saw, tva, screen"
pce3ch9,4,"movie, time, man, mcu, marvel, loki, movies, doom"
pce3c1s,2,"yes, doomsday, oh, pretty, say, comics, absolutely, better"
pce3bu1,1,"like, just, people, don, know, think, lol, did"
pce3bns,1,"like, just, people, don, know, think, lol, did"
pce3b8s,4,"movie, time, man, mcu, marvel, loki, movies, doom"
pce37j3,3,"infinity, vision, imax, scene, scenes, saw, tva, screen"
pce37gm,4,"movie, time, man, mcu, marvel, loki, movies, doom"
pce35b3,4,"movie, time, man, mcu, marvel, loki, movies, doom"
pce359m,4,"movie, time, man, mcu, marvel, loki, movies, doom"
pce34l3,4,"movie, time, man, mcu, marvel, loki, movies, doom"
pce34dn,4,"movie, time, man, mcu, marvel, loki, movies, doom"
pce325w,1,"like, just, people, don, know, think, lol, did"
pce31wb,4,"movie, time, man, mcu, marvel, loki, movies, doom"
pce31me,4,"movie, time, man, mcu, marvel, loki, movies, doom"
pce30gk,4,"movie, time, man, mcu, marvel, loki, movies, doom"
pce2zvz,1,"like, just, people, don, know, think, lol, did"
pce2xy7,4,"movie, time, man, mcu, marvel, loki, movies, doom"
pce2x3e,4,"movie, time, man, mcu, marvel, loki, movies, doom"
pce2x09,0,"gif, giphy, love, guy, number, op, biggest, bring"
pce2vet,4,"movie, time, man, mcu, marvel, loki, movies, doom"
pce2u8d,4,"movie, time, man, mcu, marvel, loki, movies, doom"
pce2t3d,0,"gif, giphy, love, guy, number, op, biggest, bring"
pce2qmu,4,"movie, time, man, mcu, marvel, loki, movies, doom"
pce2pwd,3,"infinity, vision, imax, scene, scenes, saw, tva, screen"
pce2pmo,4,"movie, time, man, mcu, marvel, loki, movies, doom"
pce2pct,4,"movie, time, man, mcu, marvel, loki, movies, doom"
pce2om9,4,"movie, time, man, mcu, marvel, loki, movies, doom"
pce2ofb,1,"like, just, people, don, know, think, lol, did"
pce2o6a,4,"movie, time, man, mcu, marvel, loki, movies, doom"
pce2nkp,1,"like, just, people, don, know, think, lol, did"
pce2mu6,1,"like, just, people, don, know, think, lol, did"
pce2m4y,4,"movie, time, man, mcu, marvel, loki, movies, doom"
pce2lzs,4,"movie, time, man, mcu, marvel, loki, movies, doom"
pce2kqm,4,"movie, time, man, mcu, marvel, loki, movies, doom"
pce2k7g,1,"like, just, people, don, know, think, lol, did"
pce2jtv,0,"gif, giphy, love, guy, number, op, biggest, bring"
pce2ia0,4,"movie, time, man, mcu, marvel, loki, movies, doom"
pce2h99,4,"movie, time, man, mcu, marvel, loki, movies, doom"
pce2gwi,4,"movie, time, man, mcu, marvel, loki, movies, doom"
pce2gbd,3,"infinity, vision, imax, scene, scenes, saw, tva, screen"
pce2e5c,4,"movie, time, man, mcu, marvel, loki, movies, doom"
pce2dwm,4,"movie, time, man, mcu, marvel, loki, movies, doom"
pce2bzu,4,"movie, time, man, mcu, marvel, loki, movies, doom"
pce2c24,4,"movie, time, man, mcu, marvel, loki, movies, doom"
pce2c2i,4,"movie, time, man, mcu, marvel, loki, movies, doom"
pce2bs1,2,"yes, doomsday, oh, pretty, say, comics, absolutely, better"
pce2af6,3,"infinity, vision, imax, scene, scenes, saw, tva, screen"
pce29p9,4,"movie, time, man, mcu, marvel, loki, movies, doom"
pce29kw,4,"movie, time, man, mcu, marvel, loki, movies, doom"
pce24tv,4,"movie, time, man, mcu, marvel, loki, movies, doom"
pce24nl,3,"infinity, vision, imax, scene, scenes, saw, tva, screen"
pce24ax,4,"movie, time, man, mcu, marvel, loki, movies, doom"
pce24c1,1,"like, just, people, don, know, think, lol, did"
pce2458,4,"movie, time, man, mcu, marvel, loki, movies, doom"
pce238i,3,"infinity, vision, imax, scene, scenes, saw, tva, screen"
pce236q,4,"movie, time, man, mcu, marvel, loki, movies, doom"
pce22du,4,"movie, time, man, mcu, marvel, loki, movies, doom"
pce22h0,1,"like, just, people, don, know, think, lol, did"
pce223v,4,"movie, time, man, mcu, marvel, loki, movies, doom"
pce21jw,3,"infinity, vision, imax, scene, scenes, saw, tva, screen"
pce21dw,4,"movie, time, man, mcu, marvel, loki, movies, doom"
pce1za8,0,"gif, giphy, love, guy, number, op, biggest, bring"
pce1yrj,0,"gif, giphy, love, guy, number, op, biggest, bring"
pce1xzw,4,"movie, time, man, mcu, marvel, loki, movies, doom"
pce1x22,4,"movie, time, man, mcu, marvel, loki, movies, doom"
pce1vjd,4,"movie, time, man, mcu, marvel, loki, movies, doom"
pce1v1r,4,"movie, time, man, mcu, marvel, loki, movies, doom"
pce1txn,4,"movie, time, man, mcu, marvel, loki, movies, doom"
pce1tz3,3,"infinity, vision, imax, scene, scenes, saw, tva, screen"
pce1tcc,4,"movie, time, man, mcu, marvel, loki, movies, doom"
pce1teo,4,"movie, time, man, mcu, marvel, loki, movies, doom"
pce1t5n,4,"movie, time, man, mcu, marvel, loki, movies, doom"
pce1pet,4,"movie, time, man, mcu, marvel, loki, movies, doom"
pce1oqs,4,"movie, time, man, mcu, marvel, loki, movies, doom"
pce1n23,0,"gif, giphy, love, guy, number, op, biggest, bring"
pce1mbm,4,"movie, time, man, mcu, marvel, loki, movies, doom"
pce1me1,4,"movie, time, man, mcu, marvel, loki, movies, doom"
pce1l9l,4,"movie, time, man, mcu, marvel, loki, movies, doom"
pce1lbr,3,"infinity, vision, imax, scene, scenes, saw, tva, screen"
pce1kzo,3,"infinity, vision, imax, scene, scenes, saw, tva, screen"
pce1jdg,4,"movie, time, man, mcu, marvel, loki, movies, doom"
pce1hvs,3,"infinity, vision, imax, scene, scenes, saw, tva, screen"
pce1gsr,3,"infinity, vision, imax, scene, scenes, saw, tva, screen"
pce1fqt,1,"like, just, people, don, know, think, lol, did"
pce1fnw,4,"movie, time, man, mcu, marvel, loki, movies, doom"
pce1cas,4,"movie, time, man, mcu, marvel, loki, movies, doom"
pce1bvm,4,"movie, time, man, mcu, marvel, loki, movies, doom"
pce1ayu,4,"movie, time, man, mcu, marvel, loki, movies, doom"
pce1a5a,4,"movie, time, man, mcu, marvel, loki, movies, doom"
pce1a7t,4,"movie, time, man, mcu, marvel, loki, movies, doom"
pce1a33,4,"movie, time, man, mcu, marvel, loki, movies, doom"
pce18xt,1,"like, just, people, don, know, think, lol, did"
pce188j,4,"movie, time, man, mcu, marvel, loki, movies, doom"
pce178f,4,"movie, time, man, mcu, marvel, loki, movies, doom"
pce16rx,0,"gif, giphy, love, guy, number, op, biggest, bring"
pce16hh,0,"gif, giphy, love, guy, number, op, biggest, bring"
pce1653,4,"movie, time, man, mcu, marvel, loki, movies, doom"
pce15ig,4,"movie, time, man, mcu, marvel, loki, movies, doom"
pce15fg,4,"movie, time, man, mcu, marvel, loki, movies, doom"
pce14wl,0,"gif, giphy, love, guy, number, op, biggest, bring"
pce14fy,1,"like, just, people, don, know, think, lol, did"
pce146p,4,"movie, time, man, mcu, marvel, loki, movies, doom"
pce12s0,3,"infinity, vision, imax, scene, scenes, saw, tva, screen"
pce1095,4,"movie, time, man, mcu, marvel, loki, movies, doom"
pce10dy,0,"gif, giphy, love, guy, number, op, biggest, bring"
pce0ya9,1,"like, just, people, don, know, think, lol, did"
pce0xqd,1,"like, just, people, don, know, think, lol, did"
pce0wan,4,"movie, time, man, mcu, marvel, loki, movies, doom"
pce0w50,1,"like, just, people, don, know, think, lol, did"
pce0uwo,1,"like, just, people, don, know, think, lol, did"
pce0umr,4,"movie, time, man, mcu, marvel, loki, movies, doom"
pce0txj,1,"like, just, people, don, know, think, lol, did"
pce0tyc,4,"movie, time, man, mcu, marvel, loki, movies, doom"
pce0tpt,1,"like, just, people, don, know, think, lol, did"
pce0t78,0,"gif, giphy, love, guy, number, op, biggest, bring"
pce0sc4,4,"movie, time, man, mcu, marvel, loki, movies, doom"
pce0q6o,3,"infinity, vision, imax, scene, scenes, saw, tva, screen"
pce0pa0,1,"like, just, people, don, know, think, lol, did"
pce0p6e,1,"like, just, people, don, know, think, lol, did"
pce0ng8,4,"movie, time, man, mcu, marvel, loki, movies, doom"
pce0mlv,4,"movie, time, man, mcu, marvel, loki, movies, doom"
pce0luo,4,"movie, time, man, mcu, marvel, loki, movies, doom"
pce0lpk,4,"movie, time, man, mcu, marvel, loki, movies, doom"
pce0ld6,1,"like, just, people, don, know, think, lol, did"
pce0l93,4,"movie, time, man, mcu, marvel, loki, movies, doom"
pce0ju2,0,"gif, giphy, love, guy, number, op, biggest, bring"
pce0jxq,4,"movie, time, man, mcu, marvel, loki, movies, doom"
pce0jt7,4,"movie, time, man, mcu, marvel, loki, movies, doom"
pce0j04,4,"movie, time, man, mcu, marvel, loki, movies, doom"
pce0gfk,3,"infinity, vision, imax, scene, scenes, saw, tva, screen"
pce0gic,3,"infinity, vision, imax, scene, scenes, saw, tva, screen"
pce0elj,4,"movie, time, man, mcu, marvel, loki, movies, doom"
pce0ei0,1,"like, just, people, don, know, think, lol, did"
pce0dvc,1,"like, just, people, don, know, think, lol, did"
pce0csh,1,"like, just, people, don, know, think, lol, did"
pce0cab,4,"movie, time, man, mcu, marvel, loki, movies, doom"
pce0b0c,4,"movie, time, man, mcu, marvel, loki, movies, doom"
pce0b0d,4,"movie, time, man, mcu, marvel, loki, movies, doom"
pce0am4,4,"movie, time, man, mcu, marvel, loki, movies, doom"
pce0a7m,1,"like, just, people, don, know, think, lol, did"
pce09r9,4,"movie, time, man, mcu, marvel, loki, movies, doom"
pce09gh,4,"movie, time, man, mcu, marvel, loki, movies, doom"
pce08w4,4,"movie, time, man, mcu, marvel, loki, movies, doom"
pce074x,3,"infinity, vision, imax, scene, scenes, saw, tva, screen"
pce05zs,4,"movie, time, man, mcu, marvel, loki, movies, doom"
pce061x,1,"like, just, people, don, know, think, lol, did"
pce05ob,1,"like, just, people, don, know, think, lol, did"
pce032t,4,"movie, time, man, mcu, marvel, loki, movies, doom"
pce01em,0,"gif, giphy, love, guy, number, op, biggest, bring"
pce01gc,4,"movie, time, man, mcu, marvel, loki, movies, doom"
pce00rq,4,"movie, time, man, mcu, marvel, loki, movies, doom"
pcdzyfa,4,"movie, time, man, mcu, marvel, loki, movies, doom"
pcdzxnm,4,"movie, time, man, mcu, marvel, loki, movies, doom"
pcdzwq0,4,"movie, time, man, mcu, marvel, loki, movies, doom"
pcdzuf0,4,"movie, time, man, mcu, marvel, loki, movies, doom"
pcdzufa,0,"gif, giphy, love, guy, number, op, biggest, bring"
pcdzu7l,1,"like, just, people, don, know, think, lol, did"
pcdzu8d,4,"movie, time, man, mcu, marvel, loki, movies, doom"
pcdztcc,4,"movie, time, man, mcu, marvel, loki, movies, doom"
pcdzswr,4,"movie, time, man, mcu, marvel, loki, movies, doom"
pcdzsl9,3,"infinity, vision, imax, scene, scenes, saw, tva, screen"
pcdzrvn,4,"movie, time, man, mcu, marvel, loki, movies, doom"
pcdzrjy,1,"like, just, people, don, know, think, lol, did"
pcdzrk0,4,"movie, time, man, mcu, marvel, loki, movies, doom"
pcdzr8u,4,"movie, time, man, mcu, marvel, loki, movies, doom"
pcdzp2h,1,"like, just, people, don, know, think, lol, did"
pcdzo7m,4,"movie, time, man, mcu, marvel, loki, movies, doom"
pcdznvd,4,"movie, time, man, mcu, marvel, loki, movies, doom"
pcdzncv,1,"like, just, people, don, know, think, lol, did"
pcdzmgy,4,"movie, time, man, mcu, marvel, loki, movies, doom"
pcdzm60,1,"like, just, people, don, know, think, lol, did"
pcdzln8,0,"gif, giphy, love, guy, number, op, biggest, bring"
pcdzhby,1,"like, just, people, don, know, think, lol, did"
pcdzhft,4,"movie, time, man, mcu, marvel, loki, movies, doom"
pcdzfna,4,"movie, time, man, mcu, marvel, loki, movies, doom"
pcdzf5e,3,"infinity, vision, imax, scene, scenes, saw, tva, screen"
pcdze89,1,"like, just, people, don, know, think, lol, did"
pcdzdj3,4,"movie, time, man, mcu, marvel, loki, movies, doom"
pcdzbw8,0,"gif, giphy, love, guy, number, op, biggest, bring"
pcdz9b4,4,"movie, time, man, mcu, marvel, loki, movies, doom"
pcdz8k1,4,"movie, time, man, mcu, marvel, loki, movies, doom"
pcdz6gx,1,"like, just, people, don, know, think, lol, did"
pcdz4z6,4,"movie, time, man, mcu, marvel, loki, movies, doom"
pcdz4jl,4,"movie, time, man, mcu, marvel, loki, movies, doom"
pcdz474,3,"infinity, vision, imax, scene, scenes, saw, tva, screen"
pcdz0ev,1,"like, just, people, don, know, think, lol, did"
pcdz09a,4,"movie, time, man, mcu, marvel, loki, movies, doom"
pcdyzvp,1,"like, just, people, don, know, think, lol, did"
pcdyzje,4,"movie, time, man, mcu, marvel, loki, movies, doom"
pcdyyfr,4,"movie, time, man, mcu, marvel, loki, movies, doom"
pcdywpt,4,"movie, time, man, mcu, marvel, loki, movies, doom"
pcdyw5k,4,"movie, time, man, mcu, marvel, loki, movies, doom"
pcdytm1,4,"movie, time, man, mcu, marvel, loki, movies, doom"
pcdysoi,4,"movie, time, man, mcu, marvel, loki, movies, doom"
pcdyrx7,4,"movie, time, man, mcu, marvel, loki, movies, doom"
pcdyr0x,1,"like, just, people, don, know, think, lol, did"
pcdypqn,4,"movie, time, man, mcu, marvel, loki, movies, doom"
pcdyj5t,4,"movie, time, man, mcu, marvel, loki, movies, doom"
pcdyhhr,4,"movie, time, man, mcu, marvel, loki, movies, doom"
pcdygd6,4,"movie, time, man, mcu, marvel, loki, movies, doom"
pcdybhy,1,"like, just, people, don, know, think, lol, did"
pcdy934,1,"like, just, people, don, know, think, lol, did"
pcdy6hp,4,"movie, time, man, mcu, marvel, loki, movies, doom"
pcdxtma,1,"like, just, people, don, know, think, lol, did"
pcdxtnv,4,"movie, time, man, mcu, marvel, loki, movies, doom"
pcdxq2s,3,"infinity, vision, imax, scene, scenes, saw, tva, screen"
pcdxn49,3,"infinity, vision, imax, scene, scenes, saw, tva, screen"
pcdxmb7,4,"movie, time, man, mcu, marvel, loki, movies, doom"
pcdxjzz,4,"movie, time, man, mcu, marvel, loki, movies, doom"
pcdxjkc,4,"movie, time, man, mcu, marvel, loki, movies, doom"
pcdxf3l,4,"movie, time, man, mcu, marvel, loki, movies, doom"
pcdxccu,4,"movie, time, man, mcu, marvel, loki, movies, doom"
pcdx6gh,0,"gif, giphy, love, guy, number, op, biggest, bring"
pcdx56r,4,"movie, time, man, mcu, marvel, loki, movies, doom"
pcdx33h,4,"movie, time, man, mcu, marvel, loki, movies, doom"
pcdx2op,4,"movie, time, man, mcu, marvel, loki, movies, doom"
pcdwysv,4,"movie, time, man, mcu, marvel, loki, movies, doom"
pcdwska,4,"movie, time, man, mcu, marvel, loki, movies, doom"
pcdwo5e,3,"infinity, vision, imax, scene, scenes, saw, tva, screen"
pcdwlse,4,"movie, time, man, mcu, marvel, loki, movies, doom"
pcdwj2p,4,"movie, time, man, mcu, marvel, loki, movies, doom"
pcdweua,3,"infinity, vision, imax, scene, scenes, saw, tva, screen"
pcdwd8n,4,"movie, time, man, mcu, marvel, loki, movies, doom"
pcdw3m6,4,"movie, time, man, mcu, marvel, loki, movies, doom"
pcdw1in,1,"like, just, people, don, know, think, lol, did"
pcdvx6l,4,"movie, time, man, mcu, marvel, loki, movies, doom"
pcdvsad,4,"movie, time, man, mcu, marvel, loki, movies, doom"
pcdvrtg,1,"like, just, people, don, know, think, lol, did"
pcdvqnk,1,"like, just, people, don, know, think, lol, did"
pcdvluo,4,"movie, time, man, mcu, marvel, loki, movies, doom"
pcdvjim,4,"movie, time, man, mcu, marvel, loki, movies, doom"
pcdvir6,3,"infinity, vision, imax, scene, scenes, saw, tva, screen"
pcdvhwf,1,"like, just, people, don, know, think, lol, did"
pcdvhl9,1,"like, just, people, don, know, think, lol, did"
pcdvfqg,4,"movie, time, man, mcu, marvel, loki, movies, doom"
pcdvact,4,"movie, time, man, mcu, marvel, loki, movies, doom"
pcdv9rn,1,"like, just, people, don, know, think, lol, did"
pcdv9mx,4,"movie, time, man, mcu, marvel, loki, movies, doom"
pcdv1er,4,"movie, time, man, mcu, marvel, loki, movies, doom"
pcdv0tl,4,"movie, time, man, mcu, marvel, loki, movies, doom"
pcdus7v,4,"movie, time, man, mcu, marvel, loki, movies, doom"
pcduotw,4,"movie, time, man, mcu, marvel, loki, movies, doom"
pcduocf,4,"movie, time, man, mcu, marvel, loki, movies, doom"
pcduo3r,1,"like, just, people, don, know, think, lol, did"
pcdunfm,4,"movie, time, man, mcu, marvel, loki, movies, doom"
pcdum55,4,"movie, time, man, mcu, marvel, loki, movies, doom"
pcduk64,1,"like, just, people, don, know, think, lol, did"
pcduigk,4,"movie, time, man, mcu, marvel, loki, movies, doom"
pcduhn3,4,"movie, time, man, mcu, marvel, loki, movies, doom"
pcdu7t9,1,"like, just, people, don, know, think, lol, did"
pcdu3mh,2,"yes, doomsday, oh, pretty, say, comics, absolutely, better"
pcdu33z,1,"like, just, people, don, know, think, lol, did"
pcdtztm,4,"movie, time, man, mcu, marvel, loki, movies, doom"
pcdtzie,4,"movie, time, man, mcu, marvel, loki, movies, doom"
pcdtmeb,0,"gif, giphy, love, guy, number, op, biggest, bring"
pcdtfyh,4,"movie, time, man, mcu, marvel, loki, movies, doom"
pcdtf5b,0,"gif, giphy, love, guy, number, op, biggest, bring"
pcdtejz,0,"gif, giphy, love, guy, number, op, biggest, bring"
pcdtedn,4,"movie, time, man, mcu, marvel, loki, movies, doom"
pcdtd7t,4,"movie, time, man, mcu, marvel, loki, movies, doom"
pcdtcds,1,"like, just, people, don, know, think, lol, did"
pcdt8q7,4,"movie, time, man, mcu, marvel, loki, movies, doom"
pcdt4lz,4,"movie, time, man, mcu, marvel, loki, movies, doom"
pcdt4io,1,"like, just, people, don, know, think, lol, did"
pcdt2mh,4,"movie, time, man, mcu, marvel, loki, movies, doom"
pcdsz2a,4,"movie, time, man, mcu, marvel, loki, movies, doom"
pcdsx4j,4,"movie, time, man, mcu, marvel, loki, movies, doom"
pcdsw01,3,"infinity, vision, imax, scene, scenes, saw, tva, screen"
pcdsrlt,1,"like, just, people, don, know, think, lol, did"
pcdsr69,1,"like, just, people, don, know, think, lol, did"
pcdsiqt,3,"infinity, vision, imax, scene, scenes, saw, tva, screen"
pcdsgdj,4,"movie, time, man, mcu, marvel, loki, movies, doom"
pcdsga7,1,"like, just, people, don, know, think, lol, did"
pcdsg00,3,"infinity, vision, imax, scene, scenes, saw, tva, screen"
pcdsfiz,4,"movie, time, man, mcu, marvel, loki, movies, doom"
pcdsei6,1,"like, just, people, don, know, think, lol, did"
pcdsdnf,4,"movie, time, man, mcu, marvel, loki, movies, doom"
pcdsd1i,3,"infinity, vision, imax, scene, scenes, saw, tva, screen"
pcdsbss,1,"like, just, people, don, know, think, lol, did"
pcds8x8,3,"infinity, vision, imax, scene, scenes, saw, tva, screen"
pcds5rh,4,"movie, time, man, mcu, marvel, loki, movies, doom"
pcds4gz,1,"like, just, people, don, know, think, lol, did"
pcds3hv,1,"like, just, people, don, know, think, lol, did"
pcds2yz,0,"gif, giphy, love, guy, number, op, biggest, bring"
pcds0pw,1,"like, just, people, don, know, think, lol, did"
pcdrxh3,4,"movie, time, man, mcu, marvel, loki, movies, doom"
pcdrx2a,4,"movie, time, man, mcu, marvel, loki, movies, doom"
pcdrw69,2,"yes, doomsday, oh, pretty, say, comics, absolutely, better"
pcdrw2q,4,"movie, time, man, mcu, marvel, loki, movies, doom"
pcdrqlk,3,"infinity, vision, imax, scene, scenes, saw, tva, screen"
pcdrp8j,1,"like, just, people, don, know, think, lol, did"
pcdrmqc,4,"movie, time, man, mcu, marvel, loki, movies, doom"
pcdrmn4,4,"movie, time, man, mcu, marvel, loki, movies, doom"
pcdrdhz,1,"like, just, people, don, know, think, lol, did"
pcdrcfy,4,"movie, time, man, mcu, marvel, loki, movies, doom"
pcdr7xo,1,"like, just, people, don, know, think, lol, did"
pcdr7ba,1,"like, just, people, don, know, think, lol, did"
pcdr0hc,1,"like, just, people, don, know, think, lol, did"
pcdqz1m,1,"like, just, people, don, know, think, lol, did"
pcdqsib,4,"movie, time, man, mcu, marvel, loki, movies, doom"
pcdqrqk,3,"infinity, vision, imax, scene, scenes, saw, tva, screen"
pcdqlyi,0,"gif, giphy, love, guy, number, op, biggest, bring"
pcdqkvd,3,"infinity, vision, imax, scene, scenes, saw, tva, screen"
pcdqg5f,3,"infinity, vision, imax, scene, scenes, saw, tva, screen"
pcdqfsf,1,"like, just, people, don, know, think, lol, did"
pcdq9ay,1,"like, just, people, don, know, think, lol, did"
pcdq8ot,3,"infinity, vision, imax, scene, scenes, saw, tva, screen"
pcdq60d,1,"like, just, people, don, know, think, lol, did"
pcdpvda,1,"like, just, people, don, know, think, lol, did"
pcdpoyp,3,"infinity, vision, imax, scene, scenes, saw, tva, screen"
pcdpkew,0,"gif, giphy, love, guy, number, op, biggest, bring"
pcdpgrm,0,"gif, giphy, love, guy, number, op, biggest, bring"
pcdpd90,4,"movie, time, man, mcu, marvel, loki, movies, doom"
pcdpby0,4,"movie, time, man, mcu, marvel, loki, movies, doom"
pcdpavy,4,"movie, time, man, mcu, marvel, loki, movies, doom"
pcdpaja,0,"gif, giphy, love, guy, number, op, biggest, bring"
pcdp8i7,3,"infinity, vision, imax, scene, scenes, saw, tva, screen"
pcdp722,1,"like, just, people, don, know, think, lol, did"
pcdp4mt,0,"gif, giphy, love, guy, number, op, biggest, bring"
pcdp413,4,"movie, time, man, mcu, marvel, loki, movies, doom"
pcdoza0,4,"movie, time, man, mcu, marvel, loki, movies, doom"
pcdoywr,1,"like, just, people, don, know, think, lol, did"
pcdoykx,1,"like, just, people, don, know, think, lol, did"
pcdovr9,0,"gif, giphy, love, guy, number, op, biggest, bring"
pcdot5v,1,"like, just, people, don, know, think, lol, did"
pcdoqui,0,"gif, giphy, love, guy, number, op, biggest, bring"
pcdoqma,4,"movie, time, man, mcu, marvel, loki, movies, doom"
pcdoo4h,4,"movie, time, man, mcu, marvel, loki, movies, doom"
pcdolqy,4,"movie, time, man, mcu, marvel, loki, movies, doom"
pcdok5r,3,"infinity, vision, imax, scene, scenes, saw, tva, screen"
pcdoiz6,4,"movie, time, man, mcu, marvel, loki, movies, doom"
pcdoa5u,4,"movie, time, man, mcu, marvel, loki, movies, doom"
pcdo5wi,3,"infinity, vision, imax, scene, scenes, saw, tva, screen"
pcdo40b,4,"movie, time, man, mcu, marvel, loki, movies, doom"
pcdo05g,4,"movie, time, man, mcu, marvel, loki, movies, doom"
pcdnzk9,4,"movie, time, man, mcu, marvel, loki, movies, doom"
pcdnydx,4,"movie, time, man, mcu, marvel, loki, movies, doom"
pcdnwlr,4,"movie, time, man, mcu, marvel, loki, movies, doom"
pcdntap,4,"movie, time, man, mcu, marvel, loki, movies, doom"
pcdnsg2,4,"movie, time, man, mcu, marvel, loki, movies, doom"
pcdnp54,4,"movie, time, man, mcu, marvel, loki, movies, doom"
pcdnoyx,4,"movie, time, man, mcu, marvel, loki, movies, doom"
pcdnmyb,4,"movie, time, man, mcu, marvel, loki, movies, doom"
pcdnj5e,4,"movie, time, man, mcu, marvel, loki, movies, doom"
pcdnj1r,1,"like, just, people, don, know, think, lol, did"
pcdngkp,1,"like, just, people, don, know, think, lol, did"
pcdnevp,4,"movie, time, man, mcu, marvel, loki, movies, doom"
pcdndsl,4,"movie, time, man, mcu, marvel, loki, movies, doom"
pcdndu9,4,"movie, time, man, mcu, marvel, loki, movies, doom"
pcdnclc,4,"movie, time, man, mcu, marvel, loki, movies, doom"
pcdnbkp,4,"movie, time, man, mcu, marvel, loki, movies, doom"
pcdn9jd,2,"yes, doomsday, oh, pretty, say, comics, absolutely, better"
pcdn9kn,1,"like, just, people, don, know, think, lol, did"
pcdn6mk,4,"movie, time, man, mcu, marvel, loki, movies, doom"
pcdn552,1,"like, just, people, don, know, think, lol, did"
pcdn4qj,4,"movie, time, man, mcu, marvel, loki, movies, doom"
pcdn3mg,4,"movie, time, man, mcu, marvel, loki, movies, doom"
pcdn3jq,4,"movie, time, man, mcu, marvel, loki, movies, doom"
pcdn1po,4,"movie, time, man, mcu, marvel, loki, movies, doom"
pcdmzw2,0,"gif, giphy, love, guy, number, op, biggest, bring"
pcdmv8r,4,"movie, time, man, mcu, marvel, loki, movies, doom"
pcdmtpn,0,"gif, giphy, love, guy, number, op, biggest, bring"
pcdmo6x,3,"infinity, vision, imax, scene, scenes, saw, tva, screen"
pcdmmd0,1,"like, just, people, don, know, think, lol, did"
pcdmkpq,4,"movie, time, man, mcu, marvel, loki, movies, doom"
pcdmh6k,4,"movie, time, man, mcu, marvel, loki, movies, doom"
pcdmfn1,1,"like, just, people, don, know, think, lol, did"
pcdmesl,1,"like, just, people, don, know, think, lol, did"
pcdmd6z,4,"movie, time, man, mcu, marvel, loki, movies, doom"
pcdmbpk,3,"infinity, vision, imax, scene, scenes, saw, tva, screen"
pcdm6v6,4,"movie, time, man, mcu, marvel, loki, movies, doom"
pcdm3vh,4,"movie, time, man, mcu, marvel, loki, movies, doom"
pcdm2cq,4,"movie, time, man, mcu, marvel, loki, movies, doom"
pcdm24n,1,"like, just, people, don, know, think, lol, did"
pcdm1ld,4,"movie, time, man, mcu, marvel, loki, movies, doom"
pcdm1e3,4,"movie, time, man, mcu, marvel, loki, movies, doom"
pcdltig,1,"like, just, people, don, know, think, lol, did"
pcdls4j,4,"movie, time, man, mcu, marvel, loki, movies, doom"
pcdlqvk,4,"movie, time, man, mcu, marvel, loki, movies, doom"
pcdlqxc,4,"movie, time, man, mcu, marvel, loki, movies, doom"
pcdlhby,4,"movie, time, man, mcu, marvel, loki, movies, doom"
pcdlakg,1,"like, just, people, don, know, think, lol, did"
pcdl7uz,4,"movie, time, man, mcu, marvel, loki, movies, doom"
pcdl7d7,3,"infinity, vision, imax, scene, scenes, saw, tva, screen"
pcdl1c2,4,"movie, time, man, mcu, marvel, loki, movies, doom"
pcdkmko,4,"movie, time, man, mcu, marvel, loki, movies, doom"
pcdkkf0,4,"movie, time, man, mcu, marvel, loki, movies, doom"
pcdkkhq,1,"like, just, people, don, know, think, lol, did"
pcdkij7,3,"infinity, vision, imax, scene, scenes, saw, tva, screen"
pcdkg1p,4,"movie, time, man, mcu, marvel, loki, movies, doom"
pcdkf99,4,"movie, time, man, mcu, marvel, loki, movies, doom"
pcdkf3z,1,"like, just, people, don, know, think, lol, did"
pcdkek6,4,"movie, time, man, mcu, marvel, loki, movies, doom"
pcdkdjk,4,"movie, time, man, mcu, marvel, loki, movies, doom"
pcdkbvs,4,"movie, time, man, mcu, marvel, loki, movies, doom"
pcdkane,4,"movie, time, man, mcu, marvel, loki, movies, doom"
pcdkapz,1,"like, just, people, don, know, think, lol, did"
pcdkaqb,4,"movie, time, man, mcu, marvel, loki, movies, doom"
pcdk7kq,4,"movie, time, man, mcu, marvel, loki, movies, doom"
pcdk5t4,1,"like, just, people, don, know, think, lol, did"
pcdjyr2,4,"movie, time, man, mcu, marvel, loki, movies, doom"
pcdjy6c,4,"movie, time, man, mcu, marvel, loki, movies, doom"
pcdjsv8,4,"movie, time, man, mcu, marvel, loki, movies, doom"
pcdjr2u,4,"movie, time, man, mcu, marvel, loki, movies, doom"
pcdjlk8,4,"movie, time, man, mcu, marvel, loki, movies, doom"
pcdjk0j,1,"like, just, people, don, know, think, lol, did"
pcdji5e,1,"like, just, people, don, know, think, lol, did"
pcdjdne,0,"gif, giphy, love, guy, number, op, biggest, bring"
pcdjdor,4,"movie, time, man, mcu, marvel, loki, movies, doom"
pcdj9lx,4,"movie, time, man, mcu, marvel, loki, movies, doom"
pcdj4ec,3,"infinity, vision, imax, scene, scenes, saw, tva, screen"
pcdj1lw,4,"movie, time, man, mcu, marvel, loki, movies, doom"
pcdiznh,4,"movie, time, man, mcu, marvel, loki, movies, doom"
pcdiyi5,1,"like, just, people, don, know, think, lol, did"
pcdiybi,4,"movie, time, man, mcu, marvel, loki, movies, doom"
pcdit0w,4,"movie, time, man, mcu, marvel, loki, movies, doom"
pcdirpf,1,"like, just, people, don, know, think, lol, did"
pcdiri8,1,"like, just, people, don, know, think, lol, did"
pcdiqgr,4,"movie, time, man, mcu, marvel, loki, movies, doom"
pcdin5m,1,"like, just, people, don, know, think, lol, did"
pcdimxx,4,"movie, time, man, mcu, marvel, loki, movies, doom"
pcdilg8,4,"movie, time, man, mcu, marvel, loki, movies, doom"
pcdifok,4,"movie, time, man, mcu, marvel, loki, movies, doom"
pcdibj2,1,"like, just, people, don, know, think, lol, did"
pcdi82j,4,"movie, time, man, mcu, marvel, loki, movies, doom"
pcdi2uj,4,"movie, time, man, mcu, marvel, loki, movies, doom"
pcdhykm,3,"infinity, vision, imax, scene, scenes, saw, tva, screen"
pcdhwm8,1,"like, just, people, don, know, think, lol, did"
pcdhscf,4,"movie, time, man, mcu, marvel, loki, movies, doom"
pcdhpr3,4,"movie, time, man, mcu, marvel, loki, movies, doom"
pcdhp1n,4,"movie, time, man, mcu, marvel, loki, movies, doom"
pcdhodn,4,"movie, time, man, mcu, marvel, loki, movies, doom"
pcdhkz9,4,"movie, time, man, mcu, marvel, loki, movies, doom"
pcdhkb5,1,"like, just, people, don, know, think, lol, did"
pcdhgir,3,"infinity, vision, imax, scene, scenes, saw, tva, screen"
pcdhgf6,4,"movie, time, man, mcu, marvel, loki, movies, doom"
pcdh9fq,1,"like, just, people, don, know, think, lol, did"
pcdh6fv,4,"movie, time, man, mcu, marvel, loki, movies, doom"
pcdh533,3,"infinity, vision, imax, scene, scenes, saw, tva, screen"
pcdh4p6,0,"gif, giphy, love, guy, number, op, biggest, bring"
pcdh2oq,1,"like, just, people, don, know, think, lol, did"
pcdh0at,4,"movie, time, man, mcu, marvel, loki, movies, doom"
pcdgzaq,3,"infinity, vision, imax, scene, scenes, saw, tva, screen"
pcdgyf2,1,"like, just, people, don, know, think, lol, did"
pcdgy10,4,"movie, time, man, mcu, marvel, loki, movies, doom"
pcdgr4k,1,"like, just, people, don, know, think, lol, did"
pcdgqf8,4,"movie, time, man, mcu, marvel, loki, movies, doom"
pcdgpos,4,"movie, time, man, mcu, marvel, loki, movies, doom"
pcdgncq,4,"movie, time, man, mcu, marvel, loki, movies, doom"
pcdgmt5,4,"movie, time, man, mcu, marvel, loki, movies, doom"
pcdgmm6,1,"like, just, people, don, know, think, lol, did"
pcdgkvt,1,"like, just, people, don, know, think, lol, did"
pcdgkpu,4,"movie, time, man, mcu, marvel, loki, movies, doom"
pcdgjx2,1,"like, just, people, don, know, think, lol, did"
pcdgjoz,4,"movie, time, man, mcu, marvel, loki, movies, doom"
pcdgdhr,4,"movie, time, man, mcu, marvel, loki, movies, doom"
pcdgbht,0,"gif, giphy, love, guy, number, op, biggest, bring"
pcdgbgd,4,"movie, time, man, mcu, marvel, loki, movies, doom"
pcdgaqi,3,"infinity, vision, imax, scene, scenes, saw, tva, screen"
pcdg8eg,4,"movie, time, man, mcu, marvel, loki, movies, doom"
pcdg7sn,4,"movie, time, man, mcu, marvel, loki, movies, doom"
pcdg6ik,4,"movie, time, man, mcu, marvel, loki, movies, doom"
pcdg2md,3,"infinity, vision, imax, scene, scenes, saw, tva, screen"
pcdg0uj,4,"movie, time, man, mcu, marvel, loki, movies, doom"
pcdg04q,1,"like, just, people, don, know, think, lol, did"
pcdfy6w,1,"like, just, people, don, know, think, lol, did"
pcdfxft,4,"movie, time, man, mcu, marvel, loki, movies, doom"
pcdfw80,4,"movie, time, man, mcu, marvel, loki, movies, doom"
pcdfutf,1,"like, just, people, don, know, think, lol, did"
pcdfsg4,2,"yes, doomsday, oh, pretty, say, comics, absolutely, better"
pcdflo4,3,"infinity, vision, imax, scene, scenes, saw, tva, screen"
pcdfg3l,4,"movie, time, man, mcu, marvel, loki, movies, doom"
pcdfcc9,4,"movie, time, man, mcu, marvel, loki, movies, doom"
pcdfc7e,4,"movie, time, man, mcu, marvel, loki, movies, doom"
pcdf9ob,4,"movie, time, man, mcu, marvel, loki, movies, doom"
pcdf777,4,"movie, time, man, mcu, marvel, loki, movies, doom"
pcdf6t1,1,"like, just, people, don, know, think, lol, did"
pcdeunt,4,"movie, time, man, mcu, marvel, loki, movies, doom"
pcdeu8m,0,"gif, giphy, love, guy, number, op, biggest, bring"
pcdesdm,3,"infinity, vision, imax, scene, scenes, saw, tva, screen"
pcdes7k,4,"movie, time, man, mcu, marvel, loki, movies, doom"
pcder7g,4,"movie, time, man, mcu, marvel, loki, movies, doom"
pcdep6w,4,"movie, time, man, mcu, marvel, loki, movies, doom"
pcdeo8z,3,"infinity, vision, imax, scene, scenes, saw, tva, screen"
pcdem6r,3,"infinity, vision, imax, scene, scenes, saw, tva, screen"
pcdegry,4,"movie, time, man, mcu, marvel, loki, movies, doom"
pcdef5f,3,"infinity, vision, imax, scene, scenes, saw, tva, screen"
pcdef6o,4,"movie, time, man, mcu, marvel, loki, movies, doom"
pcdef2c,4,"movie, time, man, mcu, marvel, loki, movies, doom"
pcdedut,1,"like, just, people, don, know, think, lol, did"
pcde9v1,4,"movie, time, man, mcu, marvel, loki, movies, doom"
pcde6yk,3,"infinity, vision, imax, scene, scenes, saw, tva, screen"
pcde28t,2,"yes, doomsday, oh, pretty, say, comics, absolutely, better"
pcde1nz,4,"movie, time, man, mcu, marvel, loki, movies, doom"
pcde06r,4,"movie, time, man, mcu, marvel, loki, movies, doom"
pcddzct,1,"like, just, people, don, know, think, lol, did"
pcddy3s,4,"movie, time, man, mcu, marvel, loki, movies, doom"
pcddxlt,0,"gif, giphy, love, guy, number, op, biggest, bring"
pcddv6e,4,"movie, time, man, mcu, marvel, loki, movies, doom"
pcddsqd,4,"movie, time, man, mcu, marvel, loki, movies, doom"
pcddqzc,1,"like, just, people, don, know, think, lol, did"
pcddnbp,1,"like, just, people, don, know, think, lol, did"
pcddmyb,4,"movie, time, man, mcu, marvel, loki, movies, doom"
pcddjt1,1,"like, just, people, don, know, think, lol, did"
pcddigf,1,"like, just, people, don, know, think, lol, did"
pcdddxm,2,"yes, doomsday, oh, pretty, say, comics, absolutely, better"
pcdda0e,1,"like, just, people, don, know, think, lol, did"
pcdd9f8,3,"infinity, vision, imax, scene, scenes, saw, tva, screen"
pcdd9ap,4,"movie, time, man, mcu, marvel, loki, movies, doom"
pcdd6eh,1,"like, just, people, don, know, think, lol, did"
pcdd6fs,0,"gif, giphy, love, guy, number, op, biggest, bring"
pcdd120,1,"like, just, people, don, know, think, lol, did"
pcdd0ka,4,"movie, time, man, mcu, marvel, loki, movies, doom"
pcdcuz8,1,"like, just, people, don, know, think, lol, did"
pcdctmg,4,"movie, time, man, mcu, marvel, loki, movies, doom"
pcdcskb,4,"movie, time, man, mcu, marvel, loki, movies, doom"
pcdcqza,4,"movie, time, man, mcu, marvel, loki, movies, doom"
pcdcq7d,1,"like, just, people, don, know, think, lol, did"
pcdcjat,4,"movie, time, man, mcu, marvel, loki, movies, doom"
pcdcemp,1,"like, just, people, don, know, think, lol, did"
pcdce99,1,"like, just, people, don, know, think, lol, did"
pcdcapa,4,"movie, time, man, mcu, marvel, loki, movies, doom"
pcdc535,4,"movie, time, man, mcu, marvel, loki, movies, doom"
pcdc494,0,"gif, giphy, love, guy, number, op, biggest, bring"
pcdc3c6,1,"like, just, people, don, know, think, lol, did"
pcdbu2t,4,"movie, time, man, mcu, marvel, loki, movies, doom"
pcdbt9j,4,"movie, time, man, mcu, marvel, loki, movies, doom"
pcdbrwi,1,"like, just, people, don, know, think, lol, did"
pcdbp0n,4,"movie, time, man, mcu, marvel, loki, movies, doom"
pcdbkvl,0,"gif, giphy, love, guy, number, op, biggest, bring"
pcdbjo5,4,"movie, time, man, mcu, marvel, loki, movies, doom"
pcdbjq6,4,"movie, time, man, mcu, marvel, loki, movies, doom"
pcdbi93,4,"movie, time, man, mcu, marvel, loki, movies, doom"
pcdbghx,4,"movie, time, man, mcu, marvel, loki, movies, doom"
pcdbcff,4,"movie, time, man, mcu, marvel, loki, movies, doom"
pcdbbcs,4,"movie, time, man, mcu, marvel, loki, movies, doom"
pcdbb9a,0,"gif, giphy, love, guy, number, op, biggest, bring"
pcdb99e,4,"movie, time, man, mcu, marvel, loki, movies, doom"
pcdb26f,4,"movie, time, man, mcu, marvel, loki, movies, doom"
pcdb0it,1,"like, just, people, don, know, think, lol, did"
pcdb0jb,1,"like, just, people, don, know, think, lol, did"
pcdazz8,4,"movie, time, man, mcu, marvel, loki, movies, doom"
pcdazlk,4,"movie, time, man, mcu, marvel, loki, movies, doom"
pcdaxfu,4,"movie, time, man, mcu, marvel, loki, movies, doom"
pcdaw32,1,"like, just, people, don, know, think, lol, did"
pcdau7r,4,"movie, time, man, mcu, marvel, loki, movies, doom"
pcdap7v,1,"like, just, people, don, know, think, lol, did"
pcdaolc,3,"infinity, vision, imax, scene, scenes, saw, tva, screen"
pcdamxc,4,"movie, time, man, mcu, marvel, loki, movies, doom"
pcdalkf,4,"movie, time, man, mcu, marvel, loki, movies, doom"
pcdalgs,1,"like, just, people, don, know, think, lol, did"
pcdaidn,3,"infinity, vision, imax, scene, scenes, saw, tva, screen"
pcdahre,4,"movie, time, man, mcu, marvel, loki, movies, doom"
pcdahme,4,"movie, time, man, mcu, marvel, loki, movies, doom"
pcdah9e,4,"movie, time, man, mcu, marvel, loki, movies, doom"
pcdaflr,1,"like, just, people, don, know, think, lol, did"
pcdafnk,3,"infinity, vision, imax, scene, scenes, saw, tva, screen"
pcdaekt,1,"like, just, people, don, know, think, lol, did"
pcdaeb4,4,"movie, time, man, mcu, marvel, loki, movies, doom"
pcdadwn,1,"like, just, people, don, know, think, lol, did"
pcdadrb,1,"like, just, people, don, know, think, lol, did"
pcdacjw,4,"movie, time, man, mcu, marvel, loki, movies, doom"
pcdabek,4,"movie, time, man, mcu, marvel, loki, movies, doom"
pcdaa0u,4,"movie, time, man, mcu, marvel, loki, movies, doom"
pcda8b4,4,"movie, time, man, mcu, marvel, loki, movies, doom"
pcda69z,1,"like, just, people, don, know, think, lol, did"
pcda5ja,4,"movie, time, man, mcu, marvel, loki, movies, doom"
pcda58f,4,"movie, time, man, mcu, marvel, loki, movies, doom"
pcda516,0,"gif, giphy, love, guy, number, op, biggest, bring"
pcda4v8,4,"movie, time, man, mcu, marvel, loki, movies, doom"
pcda1o7,1,"like, just, people, don, know, think, lol, did"
pcda0ol,2,"yes, doomsday, oh, pretty, say, comics, absolutely, better"
pcd9ykh,4,"movie, time, man, mcu, marvel, loki, movies, doom"
pcd9xml,3,"infinity, vision, imax, scene, scenes, saw, tva, screen"
pcd9v8l,4,"movie, time, man, mcu, marvel, loki, movies, doom"
pcd9uks,4,"movie, time, man, mcu, marvel, loki, movies, doom"
pcd9tid,4,"movie, time, man, mcu, marvel, loki, movies, doom"
pcd9rcl,4,"movie, time, man, mcu, marvel, loki, movies, doom"
pcd9qe4,1,"like, just, people, don, know, think, lol, did"
pcd9q1m,4,"movie, time, man, mcu, marvel, loki, movies, doom"
pcd9odr,4,"movie, time, man, mcu, marvel, loki, movies, doom"
pcd9luh,3,"infinity, vision, imax, scene, scenes, saw, tva, screen"
pcd9kuq,4,"movie, time, man, mcu, marvel, loki, movies, doom"
pcd9jg1,1,"like, just, people, don, know, think, lol, did"
pcd9eo9,3,"infinity, vision, imax, scene, scenes, saw, tva, screen"
pcd9cp9,1,"like, just, people, don, know, think, lol, did"
pcd9bzz,4,"movie, time, man, mcu, marvel, loki, movies, doom"
pcd9brz,1,"like, just, people, don, know, think, lol, did"
pcd98cl,1,"like, just, people, don, know, think, lol, did"
pcd94zh,4,"movie, time, man, mcu, marvel, loki, movies, doom"
pcd94d4,0,"gif, giphy, love, guy, number, op, biggest, bring"
pcd92y7,3,"infinity, vision, imax, scene, scenes, saw, tva, screen"
pcd92ty,1,"like, just, people, don, know, think, lol, did"
pcd9132,1,"like, just, people, don, know, think, lol, did"
pcd8z44,1,"like, just, people, don, know, think, lol, did"
pcd8ysu,4,"movie, time, man, mcu, marvel, loki, movies, doom"
pcd8vdq,1,"like, just, people, don, know, think, lol, did"
pcd8tub,1,"like, just, people, don, know, think, lol, did"
pcd8tuy,3,"infinity, vision, imax, scene, scenes, saw, tva, screen"
pcd8ps1,0,"gif, giphy, love, guy, number, op, biggest, bring"
pcd8pe0,1,"like, just, people, don, know, think, lol, did"
pcd8p6b,0,"gif, giphy, love, guy, number, op, biggest, bring"
pcd8ork,4,"movie, time, man, mcu, marvel, loki, movies, doom"
pcd8maq,1,"like, just, people, don, know, think, lol, did"
pcd8gnu,4,"movie, time, man, mcu, marvel, loki, movies, doom"
pcd8azw,0,"gif, giphy, love, guy, number, op, biggest, bring"
pcd8at0,1,"like, just, people, don, know, think, lol, did"
pcd89lw,4,"movie, time, man, mcu, marvel, loki, movies, doom"
pcd88xp,4,"movie, time, man, mcu, marvel, loki, movies, doom"
pcd86q2,3,"infinity, vision, imax, scene, scenes, saw, tva, screen"
pcd85x6,1,"like, just, people, don, know, think, lol, did"
pcd8245,1,"like, just, people, don, know, think, lol, did"
pcd81e9,4,"movie, time, man, mcu, marvel, loki, movies, doom"
pcd80h2,4,"movie, time, man, mcu, marvel, loki, movies, doom"
pcd7z74,1,"like, just, people, don, know, think, lol, did"
pcd7wjc,4,"movie, time, man, mcu, marvel, loki, movies, doom"
pcd7uwz,1,"like, just, people, don, know, think, lol, did"
pcd7rwb,1,"like, just, people, don, know, think, lol, did"
pcd7q60,1,"like, just, people, don, know, think, lol, did"
pcd7o87,4,"movie, time, man, mcu, marvel, loki, movies, doom"
pcd7nin,1,"like, just, people, don, know, think, lol, did"
pcd7n9x,4,"movie, time, man, mcu, marvel, loki, movies, doom"
pcd7lx0,1,"like, just, people, don, know, think, lol, did"
pcd7iry,4,"movie, time, man, mcu, marvel, loki, movies, doom"
pcd7h55,1,"like, just, people, don, know, think, lol, did"
pcd7g21,3,"infinity, vision, imax, scene, scenes, saw, tva, screen"
pcd7ff9,1,"like, just, people, don, know, think, lol, did"
pcd7fbf,4,"movie, time, man, mcu, marvel, loki, movies, doom"
pcd7eyn,4,"movie, time, man, mcu, marvel, loki, movies, doom"
pcd7efv,4,"movie, time, man, mcu, marvel, loki, movies, doom"
pcd7e8w,4,"movie, time, man, mcu, marvel, loki, movies, doom"
pcd7dsm,4,"movie, time, man, mcu, marvel, loki, movies, doom"
pcd7dec,4,"movie, time, man, mcu, marvel, loki, movies, doom"
pcd7d74,4,"movie, time, man, mcu, marvel, loki, movies, doom"
pcd7cf1,2,"yes, doomsday, oh, pretty, say, comics, absolutely, better"
pcd7aoy,4,"movie, time, man, mcu, marvel, loki, movies, doom"
pcd79vx,1,"like, just, people, don, know, think, lol, did"
pcd790j,4,"movie, time, man, mcu, marvel, loki, movies, doom"
pcd77n2,1,"like, just, people, don, know, think, lol, did"
pcd74zk,1,"like, just, people, don, know, think, lol, did"
pcd72nd,0,"gif, giphy, love, guy, number, op, biggest, bring"
pcd70t5,1,"like, just, people, don, know, think, lol, did"
pcd6zpo,4,"movie, time, man, mcu, marvel, loki, movies, doom"
pcd6yvn,2,"yes, doomsday, oh, pretty, say, comics, absolutely, better"
pcd6x07,4,"movie, time, man, mcu, marvel, loki, movies, doom"
pcd6sfs,4,"movie, time, man, mcu, marvel, loki, movies, doom"
pcd6rbq,0,"gif, giphy, love, guy, number, op, biggest, bring"
pcd6qbx,4,"movie, time, man, mcu, marvel, loki, movies, doom"
pcd6nik,3,"infinity, vision, imax, scene, scenes, saw, tva, screen"
pcd6n2z,4,"movie, time, man, mcu, marvel, loki, movies, doom"
pcd6l70,1,"like, just, people, don, know, think, lol, did"
pcd6kt6,4,"movie, time, man, mcu, marvel, loki, movies, doom"
pcd6heb,4,"movie, time, man, mcu, marvel, loki, movies, doom"
pcd6f0j,1,"like, just, people, don, know, think, lol, did"
pcd6emy,4,"movie, time, man, mcu, marvel, loki, movies, doom"
pcd6e05,1,"like, just, people, don, know, think, lol, did"
pcd6cql,3,"infinity, vision, imax, scene, scenes, saw, tva, screen"
pcd672x,4,"movie, time, man, mcu, marvel, loki, movies, doom"
pcd663x,1,"like, just, people, don, know, think, lol, did"
pcd6570,1,"like, just, people, don, know, think, lol, did"
pcd64i7,1,"like, just, people, don, know, think, lol, did"
pcd62ip,4,"movie, time, man, mcu, marvel, loki, movies, doom"
pcd60yg,4,"movie, time, man, mcu, marvel, loki, movies, doom"
pcd5yvd,4,"movie, time, man, mcu, marvel, loki, movies, doom"
pcd5wrn,4,"movie, time, man, mcu, marvel, loki, movies, doom"
pcd5s97,4,"movie, time, man, mcu, marvel, loki, movies, doom"
pcd5qlo,4,"movie, time, man, mcu, marvel, loki, movies, doom"
pcd5pt6,3,"infinity, vision, imax, scene, scenes, saw, tva, screen"
pcd5pmr,4,"movie, time, man, mcu, marvel, loki, movies, doom"
pcd5mvc,4,"movie, time, man, mcu, marvel, loki, movies, doom"
pcd5kcx,3,"infinity, vision, imax, scene, scenes, saw, tva, screen"
pcd5hss,1,"like, just, people, don, know, think, lol, did"
pcd5cov,3,"infinity, vision, imax, scene, scenes, saw, tva, screen"
pcd5ba4,4,"movie, time, man, mcu, marvel, loki, movies, doom"
pcd5aj2,1,"like, just, people, don, know, think, lol, did"
pcd59mb,4,"movie, time, man, mcu, marvel, loki, movies, doom"
pcd594n,2,"yes, doomsday, oh, pretty, say, comics, absolutely, better"
pcd57rp,4,"movie, time, man, mcu, marvel, loki, movies, doom"
pcd5773,4,"movie, time, man, mcu, marvel, loki, movies, doom"
pcd55ns,1,"like, just, people, don, know, think, lol, did"
pcd527r,1,"like, just, people, don, know, think, lol, did"
pcd50ip,4,"movie, time, man, mcu, marvel, loki, movies, doom"
pcd4ytk,1,"like, just, people, don, know, think, lol, did"
pcd4y6g,1,"like, just, people, don, know, think, lol, did"
pcd4x8w,1,"like, just, people, don, know, think, lol, did"
pcd4x0v,1,"like, just, people, don, know, think, lol, did"
pcd4wu4,1,"like, just, people, don, know, think, lol, did"
pcd4wj1,4,"movie, time, man, mcu, marvel, loki, movies, doom"
pcd4urv,0,"gif, giphy, love, guy, number, op, biggest, bring"
pcd4ued,4,"movie, time, man, mcu, marvel, loki, movies, doom"
pcd4s7g,1,"like, just, people, don, know, think, lol, did"
pcd4s46,4,"movie, time, man, mcu, marvel, loki, movies, doom"
pcd4raf,1,"like, just, people, don, know, think, lol, did"
pcd4os9,4,"movie, time, man, mcu, marvel, loki, movies, doom"
pcd4ny0,2,"yes, doomsday, oh, pretty, say, comics, absolutely, better"
pcd4moh,1,"like, just, people, don, know, think, lol, did"
pcd4m2e,4,"movie, time, man, mcu, marvel, loki, movies, doom"
pcd4lwf,0,"gif, giphy, love, guy, number, op, biggest, bring"
pcd4kwz,1,"like, just, people, don, know, think, lol, did"
pcd4kqi,4,"movie, time, man, mcu, marvel, loki, movies, doom"
pcd4klx,4,"movie, time, man, mcu, marvel, loki, movies, doom"
pcd4imu,3,"infinity, vision, imax, scene, scenes, saw, tva, screen"
pcd4ik4,4,"movie, time, man, mcu, marvel, loki, movies, doom"
pcd4hgy,4,"movie, time, man, mcu, marvel, loki, movies, doom"
pcd4gba,4,"movie, time, man, mcu, marvel, loki, movies, doom"
pcd4fmp,0,"gif, giphy, love, guy, number, op, biggest, bring"
pcd4cg2,4,"movie, time, man, mcu, marvel, loki, movies, doom"
pcd4awf,4,"movie, time, man, mcu, marvel, loki, movies, doom"
pcd4al1,3,"infinity, vision, imax, scene, scenes, saw, tva, screen"
pcd4ahj,4,"movie, time, man, mcu, marvel, loki, movies, doom"
pcd4afh,4,"movie, time, man, mcu, marvel, loki, movies, doom"
pcd4a2r,4,"movie, time, man, mcu, marvel, loki, movies, doom"
pcd48ze,1,"like, just, people, don, know, think, lol, did"
pcd47i0,1,"like, just, people, don, know, think, lol, did"
pcd46u2,4,"movie, time, man, mcu, marvel, loki, movies, doom"
pcd466l,4,"movie, time, man, mcu, marvel, loki, movies, doom"
pcd45ky,1,"like, just, people, don, know, think, lol, did"
pcd45cz,4,"movie, time, man, mcu, marvel, loki, movies, doom"
pcd42f6,4,"movie, time, man, mcu, marvel, loki, movies, doom"
pcd41wr,4,"movie, time, man, mcu, marvel, loki, movies, doom"
pcd3zcn,4,"movie, time, man, mcu, marvel, loki, movies, doom"
pcd3yph,1,"like, just, people, don, know, think, lol, did"
pcd3x6o,4,"movie, time, man, mcu, marvel, loki, movies, doom"
pcd3wye,0,"gif, giphy, love, guy, number, op, biggest, bring"
pcd3w97,4,"movie, time, man, mcu, marvel, loki, movies, doom"
pcd3w0s,4,"movie, time, man, mcu, marvel, loki, movies, doom"
pcd3vnw,4,"movie, time, man, mcu, marvel, loki, movies, doom"
pcd3umu,3,"infinity, vision, imax, scene, scenes, saw, tva, screen"
pcd3uoy,4,"movie, time, man, mcu, marvel, loki, movies, doom"
pcd3tmk,3,"infinity, vision, imax, scene, scenes, saw, tva, screen"
pcd3tg2,1,"like, just, people, don, know, think, lol, did"
pcd3t5r,4,"movie, time, man, mcu, marvel, loki, movies, doom"
pcd3ry5,4,"movie, time, man, mcu, marvel, loki, movies, doom"
pcd3r5t,4,"movie, time, man, mcu, marvel, loki, movies, doom"
pcd3q7b,4,"movie, time, man, mcu, marvel, loki, movies, doom"
pcd3q37,2,"yes, doomsday, oh, pretty, say, comics, absolutely, better"
pcd3on0,0,"gif, giphy, love, guy, number, op, biggest, bring"
pcd3old,4,"movie, time, man, mcu, marvel, loki, movies, doom"
pcd3ner,1,"like, just, people, don, know, think, lol, did"
pcd3ly9,4,"movie, time, man, mcu, marvel, loki, movies, doom"
pcd3lfw,2,"yes, doomsday, oh, pretty, say, comics, absolutely, better"
pcd3l5l,4,"movie, time, man, mcu, marvel, loki, movies, doom"
pcd3kpd,4,"movie, time, man, mcu, marvel, loki, movies, doom"
pcd3jbk,4,"movie, time, man, mcu, marvel, loki, movies, doom"
pcd3ilt,1,"like, just, people, don, know, think, lol, did"
pcd3htx,1,"like, just, people, don, know, think, lol, did"
pcd3fvj,4,"movie, time, man, mcu, marvel, loki, movies, doom"
pcd3eax,1,"like, just, people, don, know, think, lol, did"
pcd3d45,2,"yes, doomsday, oh, pretty, say, comics, absolutely, better"
pcd3bhg,1,"like, just, people, don, know, think, lol, did"
pcd3add,1,"like, just, people, don, know, think, lol, did"
pcd38hi,1,"like, just, people, don, know, think, lol, did"
pcd38dw,3,"infinity, vision, imax, scene, scenes, saw, tva, screen"
pcd38ej,1,"like, just, people, don, know, think, lol, did"
pcd37ie,4,"movie, time, man, mcu, marvel, loki, movies, doom"
pcd36ja,4,"movie, time, man, mcu, marvel, loki, movies, doom"
pcd34bk,4,"movie, time, man, mcu, marvel, loki, movies, doom"
pcd3257,4,"movie, time, man, mcu, marvel, loki, movies, doom"
pcd315c,1,"like, just, people, don, know, think, lol, did"
pcd313h,4,"movie, time, man, mcu, marvel, loki, movies, doom"
pcd2yi2,1,"like, just, people, don, know, think, lol, did"
pcd2xth,1,"like, just, people, don, know, think, lol, did"
pcd2wiu,1,"like, just, people, don, know, think, lol, did"
pcd2qlj,0,"gif, giphy, love, guy, number, op, biggest, bring"
pcd2plg,4,"movie, time, man, mcu, marvel, loki, movies, doom"
pcd2n23,4,"movie, time, man, mcu, marvel, loki, movies, doom"
pcd2n3z,3,"infinity, vision, imax, scene, scenes, saw, tva, screen"
pcd2m0d,4,"movie, time, man, mcu, marvel, loki, movies, doom"
pcd2m0h,0,"gif, giphy, love, guy, number, op, biggest, bring"
pcd2l0b,4,"movie, time, man, mcu, marvel, loki, movies, doom"
pcd2kh4,4,"movie, time, man, mcu, marvel, loki, movies, doom"
pcd2jww,1,"like, just, people, don, know, think, lol, did"
pcd2gba,3,"infinity, vision, imax, scene, scenes, saw, tva, screen"
pcd2cgn,4,"movie, time, man, mcu, marvel, loki, movies, doom"
pcd29ih,4,"movie, time, man, mcu, marvel, loki, movies, doom"
pcd2914,3,"infinity, vision, imax, scene, scenes, saw, tva, screen"
pcd255f,1,"like, just, people, don, know, think, lol, did"
pcd21cx,4,"movie, time, man, mcu, marvel, loki, movies, doom"
pcd1zo7,4,"movie, time, man, mcu, marvel, loki, movies, doom"
pcd1xon,4,"movie, time, man, mcu, marvel, loki, movies, doom"
pcd1kuw,4,"movie, time, man, mcu, marvel, loki, movies, doom"
pcd1knf,3,"infinity, vision, imax, scene, scenes, saw, tva, screen"
pcd1kmv,4,"movie, time, man, mcu, marvel, loki, movies, doom"
pcd1js5,4,"movie, time, man, mcu, marvel, loki, movies, doom"
pcd1ida,1,"like, just, people, don, know, think, lol, did"
pcd1ict,4,"movie, time, man, mcu, marvel, loki, movies, doom"
pcd1drz,4,"movie, time, man, mcu, marvel, loki, movies, doom"
pcd1cwk,4,"movie, time, man, mcu, marvel, loki, movies, doom"
pcd1ctz,4,"movie, time, man, mcu, marvel, loki, movies, doom"
pcd1baj,4,"movie, time, man, mcu, marvel, loki, movies, doom"
pcd1ajb,4,"movie, time, man, mcu, marvel, loki, movies, doom"
pcd191f,4,"movie, time, man, mcu, marvel, loki, movies, doom"
pcd18vs,1,"like, just, people, don, know, think, lol, did"
pcd16n9,1,"like, just, people, don, know, think, lol, did"
pcd15vh,4,"movie, time, man, mcu, marvel, loki, movies, doom"
pcd125r,4,"movie, time, man, mcu, marvel, loki, movies, doom"
pcd107k,4,"movie, time, man, mcu, marvel, loki, movies, doom"
pcd0wqc,4,"movie, time, man, mcu, marvel, loki, movies, doom"
pcd0wit,3,"infinity, vision, imax, scene, scenes, saw, tva, screen"
pcd0uch,1,"like, just, people, don, know, think, lol, did"
pcd0qze,4,"movie, time, man, mcu, marvel, loki, movies, doom"
pcd0nwd,4,"movie, time, man, mcu, marvel, loki, movies, doom"
pcd0n7i,4,"movie, time, man, mcu, marvel, loki, movies, doom"
pcd0kdr,3,"infinity, vision, imax, scene, scenes, saw, tva, screen"
pcd0gsx,4,"movie, time, man, mcu, marvel, loki, movies, doom"
pcd070a,4,"movie, time, man, mcu, marvel, loki, movies, doom"
pcd06ww,4,"movie, time, man, mcu, marvel, loki, movies, doom"
pcd05sb,4,"movie, time, man, mcu, marvel, loki, movies, doom"
pcd05hv,3,"infinity, vision, imax, scene, scenes, saw, tva, screen"
pcd05dg,4,"movie, time, man, mcu, marvel, loki, movies, doom"
pcd03zj,4,"movie, time, man, mcu, marvel, loki, movies, doom"
pcd0266,0,"gif, giphy, love, guy, number, op, biggest, bring"
pcd019h,4,"movie, time, man, mcu, marvel, loki, movies, doom"
pcczz8m,3,"infinity, vision, imax, scene, scenes, saw, tva, screen"
pcczwaz,1,"like, just, people, don, know, think, lol, did"
pcczprd,1,"like, just, people, don, know, think, lol, did"
pcczkwx,1,"like, just, people, don, know, think, lol, did"
pcczic1,4,"movie, time, man, mcu, marvel, loki, movies, doom"
pcczeim,1,"like, just, people, don, know, think, lol, did"
pcczck5,4,"movie, time, man, mcu, marvel, loki, movies, doom"
pcczb4t,4,"movie, time, man, mcu, marvel, loki, movies, doom"
pcczadn,4,"movie, time, man, mcu, marvel, loki, movies, doom"
pccz9oo,4,"movie, time, man, mcu, marvel, loki, movies, doom"
pccz4bf,1,"like, just, people, don, know, think, lol, did"
pccz3wh,1,"like, just, people, don, know, think, lol, did"
pccz356,4,"movie, time, man, mcu, marvel, loki, movies, doom"
pccyy22,4,"movie, time, man, mcu, marvel, loki, movies, doom"
pccyvh8,4,"movie, time, man, mcu, marvel, loki, movies, doom"
pccysn7,0,"gif, giphy, love, guy, number, op, biggest, bring"
pccysid,4,"movie, time, man, mcu, marvel, loki, movies, doom"
pccysg4,1,"like, just, people, don, know, think, lol, did"
pccys8a,4,"movie, time, man, mcu, marvel, loki, movies, doom"
pccyrii,4,"movie, time, man, mcu, marvel, loki, movies, doom"
pccypzq,3,"infinity, vision, imax, scene, scenes, saw, tva, screen"
pccypr9,4,"movie, time, man, mcu, marvel, loki, movies, doom"
pccynhn,4,"movie, time, man, mcu, marvel, loki, movies, doom"
pccykqz,0,"gif, giphy, love, guy, number, op, biggest, bring"
pccyjpk,4,"movie, time, man, mcu, marvel, loki, movies, doom"
pccyin6,4,"movie, time, man, mcu, marvel, loki, movies, doom"
pccybyh,1,"like, just, people, don, know, think, lol, did"
pccy65x,4,"movie, time, man, mcu, marvel, loki, movies, doom"
pccy5l1,4,"movie, time, man, mcu, marvel, loki, movies, doom"
pccy46d,4,"movie, time, man, mcu, marvel, loki, movies, doom"
pccy2nd,4,"movie, time, man, mcu, marvel, loki, movies, doom"
pccy00l,4,"movie, time, man, mcu, marvel, loki, movies, doom"
pccxzft,3,"infinity, vision, imax, scene, scenes, saw, tva, screen"
pccxx2g,4,"movie, time, man, mcu, marvel, loki, movies, doom"
pccxvyf,4,"movie, time, man, mcu, marvel, loki, movies, doom"
pccxsep,1,"like, just, people, don, know, think, lol, did"
pccxqiv,4,"movie, time, man, mcu, marvel, loki, movies, doom"
pccxpjp,1,"like, just, people, don, know, think, lol, did"
pccxmwp,1,"like, just, people, don, know, think, lol, did"
pccxkqw,0,"gif, giphy, love, guy, number, op, biggest, bring"
pccxiwl,4,"movie, time, man, mcu, marvel, loki, movies, doom"
pccxhln,4,"movie, time, man, mcu, marvel, loki, movies, doom"
pccxhc5,3,"infinity, vision, imax, scene, scenes, saw, tva, screen"
pccxggz,3,"infinity, vision, imax, scene, scenes, saw, tva, screen"
pccxfpm,3,"infinity, vision, imax, scene, scenes, saw, tva, screen"
pccxfjn,4,"movie, time, man, mcu, marvel, loki, movies, doom"
pccxapd,4,"movie, time, man, mcu, marvel, loki, movies, doom"
pccx7bv,1,"like, just, people, don, know, think, lol, did"
pccwyxq,3,"infinity, vision, imax, scene, scenes, saw, tva, screen"
pccwxej,4,"movie, time, man, mcu, marvel, loki, movies, doom"
pccwuom,1,"like, just, people, don, know, think, lol, did"
pccwtj7,4,"movie, time, man, mcu, marvel, loki, movies, doom"
pccwr7u,4,"movie, time, man, mcu, marvel, loki, movies, doom"
pccwpf0,0,"gif, giphy, love, guy, number, op, biggest, bring"
pccwkyh,1,"like, just, people, don, know, think, lol, did"
pccwk3b,4,"movie, time, man, mcu, marvel, loki, movies, doom"
pccwiwc,4,"movie, time, man, mcu, marvel, loki, movies, doom"
pccwis6,4,"movie, time, man, mcu, marvel, loki, movies, doom"
pccwg8s,2,"yes, doomsday, oh, pretty, say, comics, absolutely, better"
pccwdhw,4,"movie, time, man, mcu, marvel, loki, movies, doom"
pccwbnl,1,"like, just, people, don, know, think, lol, did"
pccwatt,4,"movie, time, man, mcu, marvel, loki, movies, doom"
pccw968,0,"gif, giphy, love, guy, number, op, biggest, bring"
pccw8k7,4,"movie, time, man, mcu, marvel, loki, movies, doom"
pccw7s6,1,"like, just, people, don, know, think, lol, did"
pccw50z,1,"like, just, people, don, know, think, lol, did"
pccw48r,4,"movie, time, man, mcu, marvel, loki, movies, doom"
pccw2yg,4,"movie, time, man, mcu, marvel, loki, movies, doom"
pccvzo2,4,"movie, time, man, mcu, marvel, loki, movies, doom"
pccvxmf,4,"movie, time, man, mcu, marvel, loki, movies, doom"
pccvx7h,4,"movie, time, man, mcu, marvel, loki, movies, doom"
pccvucl,4,"movie, time, man, mcu, marvel, loki, movies, doom"
pccvteb,1,"like, just, people, don, know, think, lol, did"
pccvpvz,4,"movie, time, man, mcu, marvel, loki, movies, doom"
pccvngd,4,"movie, time, man, mcu, marvel, loki, movies, doom"
pccvm40,4,"movie, time, man, mcu, marvel, loki, movies, doom"
pccvm2h,1,"like, just, people, don, know, think, lol, did"
pccvljh,4,"movie, time, man, mcu, marvel, loki, movies, doom"
pccvk2y,3,"infinity, vision, imax, scene, scenes, saw, tva, screen"
pccvixn,1,"like, just, people, don, know, think, lol, did"
pccvih3,4,"movie, time, man, mcu, marvel, loki, movies, doom"
pccvfx3,1,"like, just, people, don, know, think, lol, did"
pccvd4s,4,"movie, time, man, mcu, marvel, loki, movies, doom"
pccvbrf,4,"movie, time, man, mcu, marvel, loki, movies, doom"
pccvbi6,4,"movie, time, man, mcu, marvel, loki, movies, doom"
pccvaif,1,"like, just, people, don, know, think, lol, did"
pccv9s1,1,"like, just, people, don, know, think, lol, did"
pccv9oc,4,"movie, time, man, mcu, marvel, loki, movies, doom"
pccv4wa,1,"like, just, people, don, know, think, lol, did"
pccv07x,4,"movie, time, man, mcu, marvel, loki, movies, doom"
pccuzxw,4,"movie, time, man, mcu, marvel, loki, movies, doom"
pccuyfl,4,"movie, time, man, mcu, marvel, loki, movies, doom"
pccuyc9,1,"like, just, people, don, know, think, lol, did"
pccuxv0,1,"like, just, people, don, know, think, lol, did"
pccux77,4,"movie, time, man, mcu, marvel, loki, movies, doom"
pccuv8e,1,"like, just, people, don, know, think, lol, did"
pccurdh,4,"movie, time, man, mcu, marvel, loki, movies, doom"
pccupim,4,"movie, time, man, mcu, marvel, loki, movies, doom"
pccup8b,1,"like, just, people, don, know, think, lol, did"
pccukfw,1,"like, just, people, don, know, think, lol, did"
pccukaj,0,"gif, giphy, love, guy, number, op, biggest, bring"
pccuh47,4,"movie, time, man, mcu, marvel, loki, movies, doom"
pccufhk,1,"like, just, people, don, know, think, lol, did"
pccudqu,4,"movie, time, man, mcu, marvel, loki, movies, doom"
pccu8yk,1,"like, just, people, don, know, think, lol, did"
pccu894,4,"movie, time, man, mcu, marvel, loki, movies, doom"
pccu853,1,"like, just, people, don, know, think, lol, did"
pccu7xq,0,"gif, giphy, love, guy, number, op, biggest, bring"
pccu7ml,0,"gif, giphy, love, guy, number, op, biggest, bring"
pccu6hp,0,"gif, giphy, love, guy, number, op, biggest, bring"
pccu60j,3,"infinity, vision, imax, scene, scenes, saw, tva, screen"
pccu4sb,1,"like, just, people, don, know, think, lol, did"
pccu4mb,1,"like, just, people, don, know, think, lol, did"
pccu4e1,4,"movie, time, man, mcu, marvel, loki, movies, doom"
pccu49n,3,"infinity, vision, imax, scene, scenes, saw, tva, screen"
pccu3f9,1,"like, just, people, don, know, think, lol, did"
pccu3cb,0,"gif, giphy, love, guy, number, op, biggest, bring"
pccu2pl,0,"gif, giphy, love, guy, number, op, biggest, bring"
pccu1pe,4,"movie, time, man, mcu, marvel, loki, movies, doom"
pccu1fb,4,"movie, time, man, mcu, marvel, loki, movies, doom"
pccu0te,0,"gif, giphy, love, guy, number, op, biggest, bring"
pcctyxb,3,"infinity, vision, imax, scene, scenes, saw, tva, screen"
pcctybq,1,"like, just, people, don, know, think, lol, did"
pcctxtv,4,"movie, time, man, mcu, marvel, loki, movies, doom"
pcctwfq,4,"movie, time, man, mcu, marvel, loki, movies, doom"
pcctw9w,4,"movie, time, man, mcu, marvel, loki, movies, doom"
pcctuv1,0,"gif, giphy, love, guy, number, op, biggest, bring"
pcctuv6,4,"movie, time, man, mcu, marvel, loki, movies, doom"
pcctu4z,1,"like, just, people, don, know, think, lol, did"
pccttsu,4,"movie, time, man, mcu, marvel, loki, movies, doom"
pccttox,3,"infinity, vision, imax, scene, scenes, saw, tva, screen"
pccttlv,1,"like, just, people, don, know, think, lol, did"
pcctsvg,4,"movie, time, man, mcu, marvel, loki, movies, doom"
pcctrjo,4,"movie, time, man, mcu, marvel, loki, movies, doom"
pcctp8n,4,"movie, time, man, mcu, marvel, loki, movies, doom"
pcctony,0,"gif, giphy, love, guy, number, op, biggest, bring"
pcctm40,4,"movie, time, man, mcu, marvel, loki, movies, doom"
pcctlx8,4,"movie, time, man, mcu, marvel, loki, movies, doom"
pcctloo,3,"infinity, vision, imax, scene, scenes, saw, tva, screen"
pcctl8n,1,"like, just, people, don, know, think, lol, did"
pccthub,4,"movie, time, man, mcu, marvel, loki, movies, doom"
pccthgd,1,"like, just, people, don, know, think, lol, did"
pcctgvk,4,"movie, time, man, mcu, marvel, loki, movies, doom"
pcctfhc,1,"like, just, people, don, know, think, lol, did"
pcctf2b,3,"infinity, vision, imax, scene, scenes, saw, tva, screen"
pcctevp,4,"movie, time, man, mcu, marvel, loki, movies, doom"
pcctcz0,4,"movie, time, man, mcu, marvel, loki, movies, doom"
pcctce3,4,"movie, time, man, mcu, marvel, loki, movies, doom"
pcctaam,4,"movie, time, man, mcu, marvel, loki, movies, doom"
pccta8b,4,"movie, time, man, mcu, marvel, loki, movies, doom"
pcct6ll,4,"movie, time, man, mcu, marvel, loki, movies, doom"
pcct4r9,4,"movie, time, man, mcu, marvel, loki, movies, doom"
pcct3d0,1,"like, just, people, don, know, think, lol, did"
pcct1rd,1,"like, just, people, don, know, think, lol, did"
pcct0yp,4,"movie, time, man, mcu, marvel, loki, movies, doom"
pcct068,4,"movie, time, man, mcu, marvel, loki, movies, doom"
pccszsr,3,"infinity, vision, imax, scene, scenes, saw, tva, screen"
pccszgj,4,"movie, time, man, mcu, marvel, loki, movies, doom"
pccsxus,3,"infinity, vision, imax, scene, scenes, saw, tva, screen"
pccsxnn,4,"movie, time, man, mcu, marvel, loki, movies, doom"
pccsx4l,1,"like, just, people, don, know, think, lol, did"
pccsuh0,4,"movie, time, man, mcu, marvel, loki, movies, doom"
pccssgq,4,"movie, time, man, mcu, marvel, loki, movies, doom"
pccsqyv,4,"movie, time, man, mcu, marvel, loki, movies, doom"
pccsq3y,1,"like, just, people, don, know, think, lol, did"
pccso5v,4,"movie, time, man, mcu, marvel, loki, movies, doom"
pccsnxw,1,"like, just, people, don, know, think, lol, did"
pccsnlr,4,"movie, time, man, mcu, marvel, loki, movies, doom"
pccsm28,1,"like, just, people, don, know, think, lol, did"
pccsl3e,4,"movie, time, man, mcu, marvel, loki, movies, doom"
pccsjhs,1,"like, just, people, don, know, think, lol, did"
pccsimr,4,"movie, time, man, mcu, marvel, loki, movies, doom"
pccsil2,4,"movie, time, man, mcu, marvel, loki, movies, doom"
pccsggh,0,"gif, giphy, love, guy, number, op, biggest, bring"
pccsggq,1,"like, just, people, don, know, think, lol, did"
pccseg2,4,"movie, time, man, mcu, marvel, loki, movies, doom"
pccsdwi,4,"movie, time, man, mcu, marvel, loki, movies, doom"
pccscat,1,"like, just, people, don, know, think, lol, did"
pccs9dx,4,"movie, time, man, mcu, marvel, loki, movies, doom"
pccs7df,1,"like, just, people, don, know, think, lol, did"
pccs592,4,"movie, time, man, mcu, marvel, loki, movies, doom"
pccs5b4,4,"movie, time, man, mcu, marvel, loki, movies, doom"
pccrxpp,4,"movie, time, man, mcu, marvel, loki, movies, doom"
pccrx3g,1,"like, just, people, don, know, think, lol, did"
pccrvsv,4,"movie, time, man, mcu, marvel, loki, movies, doom"
pccrvkg,1,"like, just, people, don, know, think, lol, did"
pccrviq,1,"like, just, people, don, know, think, lol, did"
pccruqa,4,"movie, time, man, mcu, marvel, loki, movies, doom"
pccrqdg,4,"movie, time, man, mcu, marvel, loki, movies, doom"
pccrpwv,0,"gif, giphy, love, guy, number, op, biggest, bring"
pccrnwq,4,"movie, time, man, mcu, marvel, loki, movies, doom"
pccrn49,4,"movie, time, man, mcu, marvel, loki, movies, doom"
pccrlq1,1,"like, just, people, don, know, think, lol, did"
pccrj5f,1,"like, just, people, don, know, think, lol, did"
pccrj30,4,"movie, time, man, mcu, marvel, loki, movies, doom"
pccrhe5,3,"infinity, vision, imax, scene, scenes, saw, tva, screen"
pccrh9f,4,"movie, time, man, mcu, marvel, loki, movies, doom"
pccrgm6,1,"like, just, people, don, know, think, lol, did"
pccrel0,4,"movie, time, man, mcu, marvel, loki, movies, doom"
pccre42,1,"like, just, people, don, know, think, lol, did"
pccrd09,4,"movie, time, man, mcu, marvel, loki, movies, doom"
pccrctl,4,"movie, time, man, mcu, marvel, loki, movies, doom"
pccrcqf,4,"movie, time, man, mcu, marvel, loki, movies, doom"
pccrchs,4,"movie, time, man, mcu, marvel, loki, movies, doom"
pccrbyh,4,"movie, time, man, mcu, marvel, loki, movies, doom"
pccramh,0,"gif, giphy, love, guy, number, op, biggest, bring"
pccr8t4,1,"like, just, people, don, know, think, lol, did"
pccr8mg,4,"movie, time, man, mcu, marvel, loki, movies, doom"
pccr7zo,4,"movie, time, man, mcu, marvel, loki, movies, doom"
pccr58a,4,"movie, time, man, mcu, marvel, loki, movies, doom"
pccr4sv,1,"like, just, people, don, know, think, lol, did"
pccr1va,4,"movie, time, man, mcu, marvel, loki, movies, doom"
pccr0va,4,"movie, time, man, mcu, marvel, loki, movies, doom"
pccr0mk,3,"infinity, vision, imax, scene, scenes, saw, tva, screen"
pccr0c7,3,"infinity, vision, imax, scene, scenes, saw, tva, screen"
pccr0cj,1,"like, just, people, don, know, think, lol, did"
pccr01o,4,"movie, time, man, mcu, marvel, loki, movies, doom"
pccqzdc,1,"like, just, people, don, know, think, lol, did"
pccqxfs,3,"infinity, vision, imax, scene, scenes, saw, tva, screen"
pccqw4u,4,"movie, time, man, mcu, marvel, loki, movies, doom"
pccqomx,4,"movie, time, man, mcu, marvel, loki, movies, doom"
pccqmjh,4,"movie, time, man, mcu, marvel, loki, movies, doom"
pccqlim,3,"infinity, vision, imax, scene, scenes, saw, tva, screen"
pccql46,1,"like, just, people, don, know, think, lol, did"
pccqimd,4,"movie, time, man, mcu, marvel, loki, movies, doom"
pccqhmp,1,"like, just, people, don, know, think, lol, did"
pccqba8,3,"infinity, vision, imax, scene, scenes, saw, tva, screen"
pccq974,1,"like, just, people, don, know, think, lol, did"
pccq84r,4,"movie, time, man, mcu, marvel, loki, movies, doom"
pccq4gh,4,"movie, time, man, mcu, marvel, loki, movies, doom"
pccq31k,0,"gif, giphy, love, guy, number, op, biggest, bring"
pccq2d4,3,"infinity, vision, imax, scene, scenes, saw, tva, screen"
pccpy88,1,"like, just, people, don, know, think, lol, did"
pccpwpl,1,"like, just, people, don, know, think, lol, did"
pccpw02,4,"movie, time, man, mcu, marvel, loki, movies, doom"
pccpw27,4,"movie, time, man, mcu, marvel, loki, movies, doom"
pccprpb,1,"like, just, people, don, know, think, lol, did"
pccpqzf,4,"movie, time, man, mcu, marvel, loki, movies, doom"
pccppuo,4,"movie, time, man, mcu, marvel, loki, movies, doom"
pccppmx,1,"like, just, people, don, know, think, lol, did"
pccpkkv,1,"like, just, people, don, know, think, lol, did"
pccpk1n,4,"movie, time, man, mcu, marvel, loki, movies, doom"
pccpjm8,4,"movie, time, man, mcu, marvel, loki, movies, doom"
pccpj2x,4,"movie, time, man, mcu, marvel, loki, movies, doom"
pccphy0,4,"movie, time, man, mcu, marvel, loki, movies, doom"
pccpf7n,4,"movie, time, man, mcu, marvel, loki, movies, doom"
pccpe63,1,"like, just, people, don, know, think, lol, did"
pccpdii,4,"movie, time, man, mcu, marvel, loki, movies, doom"
pccpaay,4,"movie, time, man, mcu, marvel, loki, movies, doom"
pccp6r3,4,"movie, time, man, mcu, marvel, loki, movies, doom"
pccp699,4,"movie, time, man, mcu, marvel, loki, movies, doom"
pccp5o8,4,"movie, time, man, mcu, marvel, loki, movies, doom"
pccp52r,3,"infinity, vision, imax, scene, scenes, saw, tva, screen"
pccp290,4,"movie, time, man, mcu, marvel, loki, movies, doom"
pccozc7,4,"movie, time, man, mcu, marvel, loki, movies, doom"
pccoz6p,1,"like, just, people, don, know, think, lol, did"
pccoysu,4,"movie, time, man, mcu, marvel, loki, movies, doom"
pccoycd,1,"like, just, people, don, know, think, lol, did"
pccouoj,4,"movie, time, man, mcu, marvel, loki, movies, doom"
pccoub2,4,"movie, time, man, mcu, marvel, loki, movies, doom"
pccou72,4,"movie, time, man, mcu, marvel, loki, movies, doom"
pccosi5,4,"movie, time, man, mcu, marvel, loki, movies, doom"
pccooyr,1,"like, just, people, don, know, think, lol, did"
pccoli1,4,"movie, time, man, mcu, marvel, loki, movies, doom"
pccokk4,4,"movie, time, man, mcu, marvel, loki, movies, doom"
pccokm3,4,"movie, time, man, mcu, marvel, loki, movies, doom"
pccojgo,1,"like, just, people, don, know, think, lol, did"
pccoiox,0,"gif, giphy, love, guy, number, op, biggest, bring"
pccoibu,3,"infinity, vision, imax, scene, scenes, saw, tva, screen"
pccohrz,0,"gif, giphy, love, guy, number, op, biggest, bring"
pccohsg,1,"like, just, people, don, know, think, lol, did"
pccoham,4,"movie, time, man, mcu, marvel, loki, movies, doom"
pccofa4,4,"movie, time, man, mcu, marvel, loki, movies, doom"
pccodh8,1,"like, just, people, don, know, think, lol, did"
pccocsu,1,"like, just, people, don, know, think, lol, did"
pccobxc,3,"infinity, vision, imax, scene, scenes, saw, tva, screen"
pccoboe,2,"yes, doomsday, oh, pretty, say, comics, absolutely, better"
pccoazm,4,"movie, time, man, mcu, marvel, loki, movies, doom"
pccoaq3,4,"movie, time, man, mcu, marvel, loki, movies, doom"
pcco81o,4,"movie, time, man, mcu, marvel, loki, movies, doom"
pcco784,3,"infinity, vision, imax, scene, scenes, saw, tva, screen"
pcco73a,1,"like, just, people, don, know, think, lol, did"
pcco6vq,4,"movie, time, man, mcu, marvel, loki, movies, doom"
pcco5vi,3,"infinity, vision, imax, scene, scenes, saw, tva, screen"
pcco5xs,3,"infinity, vision, imax, scene, scenes, saw, tva, screen"
pcco5l4,4,"movie, time, man, mcu, marvel, loki, movies, doom"
pcco470,4,"movie, time, man, mcu, marvel, loki, movies, doom"
pcco0eh,4,"movie, time, man, mcu, marvel, loki, movies, doom"
pccnzyo,4,"movie, time, man, mcu, marvel, loki, movies, doom"
pccnzv4,4,"movie, time, man, mcu, marvel, loki, movies, doom"
pccnz9c,4,"movie, time, man, mcu, marvel, loki, movies, doom"
pccnz6a,4,"movie, time, man, mcu, marvel, loki, movies, doom"
pccny9i,4,"movie, time, man, mcu, marvel, loki, movies, doom"
pccnwpe,4,"movie, time, man, mcu, marvel, loki, movies, doom"
pccnwc9,4,"movie, time, man, mcu, marvel, loki, movies, doom"
pccnw5y,4,"movie, time, man, mcu, marvel, loki, movies, doom"
pccntjd,4,"movie, time, man, mcu, marvel, loki, movies, doom"
pccns29,4,"movie, time, man, mcu, marvel, loki, movies, doom"
pccnqrw,4,"movie, time, man, mcu, marvel, loki, movies, doom"
pccnps3,4,"movie, time, man, mcu, marvel, loki, movies, doom"
pccnooe,1,"like, just, people, don, know, think, lol, did"
pccnoqi,4,"movie, time, man, mcu, marvel, loki, movies, doom"
pccnnon,3,"infinity, vision, imax, scene, scenes, saw, tva, screen"
pccnm5n,1,"like, just, people, don, know, think, lol, did"
pccnkq8,4,"movie, time, man, mcu, marvel, loki, movies, doom"
pccnk3o,3,"infinity, vision, imax, scene, scenes, saw, tva, screen"
pccnjty,4,"movie, time, man, mcu, marvel, loki, movies, doom"
pccnjmo,4,"movie, time, man, mcu, marvel, loki, movies, doom"
pccnjii,0,"gif, giphy, love, guy, number, op, biggest, bring"
pccnia4,4,"movie, time, man, mcu, marvel, loki, movies, doom"
pccnhma,4,"movie, time, man, mcu, marvel, loki, movies, doom"
pccnh5l,4,"movie, time, man, mcu, marvel, loki, movies, doom"
pccnghk,1,"like, just, people, don, know, think, lol, did"
pccnfx3,4,"movie, time, man, mcu, marvel, loki, movies, doom"
pccnel6,4,"movie, time, man, mcu, marvel, loki, movies, doom"
pccne0q,4,"movie, time, man, mcu, marvel, loki, movies, doom"
pccnbus,0,"gif, giphy, love, guy, number, op, biggest, bring"
pccnbo2,4,"movie, time, man, mcu, marvel, loki, movies, doom"
pccnbjc,4,"movie, time, man, mcu, marvel, loki, movies, doom"
pccn85r,4,"movie, time, man, mcu, marvel, loki, movies, doom"
pccn7xc,1,"like, just, people, don, know, think, lol, did"
pccn77f,4,"movie, time, man, mcu, marvel, loki, movies, doom"
pccn65j,0,"gif, giphy, love, guy, number, op, biggest, bring"
pccn5kf,4,"movie, time, man, mcu, marvel, loki, movies, doom"
pccn2fs,4,"movie, time, man, mcu, marvel, loki, movies, doom"
pccn282,4,"movie, time, man, mcu, marvel, loki, movies, doom"
pccn11n,1,"like, just, people, don, know, think, lol, did"
pccn0p0,4,"movie, time, man, mcu, marvel, loki, movies, doom"
pccmzkg,4,"movie, time, man, mcu, marvel, loki, movies, doom"
pccmzc6,1,"like, just, people, don, know, think, lol, did"
pccmxfd,4,"movie, time, man, mcu, marvel, loki, movies, doom"
pccmwh5,0,"gif, giphy, love, guy, number, op, biggest, bring"
pccmv8f,4,"movie, time, man, mcu, marvel, loki, movies, doom"
pccmsbx,4,"movie, time, man, mcu, marvel, loki, movies, doom"
pccmpgf,4,"movie, time, man, mcu, marvel, loki, movies, doom"
pccmnac,4,"movie, time, man, mcu, marvel, loki, movies, doom"
pccmmvn,4,"movie, time, man, mcu, marvel, loki, movies, doom"
pccmhcb,4,"movie, time, man, mcu, marvel, loki, movies, doom"
pccmfqs,4,"movie, time, man, mcu, marvel, loki, movies, doom"
pccmdxa,1,"like, just, people, don, know, think, lol, did"
pccmdbu,1,"like, just, people, don, know, think, lol, did"
pccmcq8,4,"movie, time, man, mcu, marvel, loki, movies, doom"
pccm9l6,0,"gif, giphy, love, guy, number, op, biggest, bring"
pccm823,1,"like, just, people, don, know, think, lol, did"
pcclyxl,4,"movie, time, man, mcu, marvel, loki, movies, doom"
pcclyk2,4,"movie, time, man, mcu, marvel, loki, movies, doom"
pccly94,0,"gif, giphy, love, guy, number, op, biggest, bring"
pcclxe1,3,"infinity, vision, imax, scene, scenes, saw, tva, screen"
pcclvwj,4,"movie, time, man, mcu, marvel, loki, movies, doom"
pcclufr,4,"movie, time, man, mcu, marvel, loki, movies, doom"
pcclucv,3,"infinity, vision, imax, scene, scenes, saw, tva, screen"
pcclseo,4,"movie, time, man, mcu, marvel, loki, movies, doom"
pcclqc7,4,"movie, time, man, mcu, marvel, loki, movies, doom"
pcclprx,0,"gif, giphy, love, guy, number, op, biggest, bring"
pcclouz,3,"infinity, vision, imax, scene, scenes, saw, tva, screen"
pccloeu,4,"movie, time, man, mcu, marvel, loki, movies, doom"
pcclkiq,3,"infinity, vision, imax, scene, scenes, saw, tva, screen"
pcclkb2,1,"like, just, people, don, know, think, lol, did"
pcclhjz,4,"movie, time, man, mcu, marvel, loki, movies, doom"
pccleey,4,"movie, time, man, mcu, marvel, loki, movies, doom"
pccl9id,1,"like, just, people, don, know, think, lol, did"
pccl6ws,3,"infinity, vision, imax, scene, scenes, saw, tva, screen"
pccl6rl,4,"movie, time, man, mcu, marvel, loki, movies, doom"
pcckz6x,4,"movie, time, man, mcu, marvel, loki, movies, doom"
pcckwzi,1,"like, just, people, don, know, think, lol, did"
pcckwt3,1,"like, just, people, don, know, think, lol, did"
pcckt9r,4,"movie, time, man, mcu, marvel, loki, movies, doom"
pcckokv,1,"like, just, people, don, know, think, lol, did"
pcckna6,4,"movie, time, man, mcu, marvel, loki, movies, doom"
pcckl0f,4,"movie, time, man, mcu, marvel, loki, movies, doom"
pcckjvs,4,"movie, time, man, mcu, marvel, loki, movies, doom"
pcckhyf,1,"like, just, people, don, know, think, lol, did"
pcckgg8,4,"movie, time, man, mcu, marvel, loki, movies, doom"
pcckg3r,1,"like, just, people, don, know, think, lol, did"
pcck745,4,"movie, time, man, mcu, marvel, loki, movies, doom"
pcck62b,1,"like, just, people, don, know, think, lol, did"
pcck1ax,1,"like, just, people, don, know, think, lol, did"
pccjzn1,1,"like, just, people, don, know, think, lol, did"
pccjzap,1,"like, just, people, don, know, think, lol, did"
pccjwin,2,"yes, doomsday, oh, pretty, say, comics, absolutely, better"
pccjw84,3,"infinity, vision, imax, scene, scenes, saw, tva, screen"
pccjueh,0,"gif, giphy, love, guy, number, op, biggest, bring"
pccjs5y,0,"gif, giphy, love, guy, number, op, biggest, bring"
pccjo9t,4,"movie, time, man, mcu, marvel, loki, movies, doom"
pccjj4e,4,"movie, time, man, mcu, marvel, loki, movies, doom"
pccjh99,1,"like, just, people, don, know, think, lol, did"
pccjdj7,3,"infinity, vision, imax, scene, scenes, saw, tva, screen"
pccjcyq,1,"like, just, people, don, know, think, lol, did"
pccjcuf,1,"like, just, people, don, know, think, lol, did"
pccja65,0,"gif, giphy, love, guy, number, op, biggest, bring"
pccj5mg,4,"movie, time, man, mcu, marvel, loki, movies, doom"
pccj5lq,4,"movie, time, man, mcu, marvel, loki, movies, doom"
pccj1u0,4,"movie, time, man, mcu, marvel, loki, movies, doom"
pccj10v,0,"gif, giphy, love, guy, number, op, biggest, bring"
pccj097,4,"movie, time, man, mcu, marvel, loki, movies, doom"
pcciwo2,4,"movie, time, man, mcu, marvel, loki, movies, doom"
pcciw5f,4,"movie, time, man, mcu, marvel, loki, movies, doom"
pccivm2,3,"infinity, vision, imax, scene, scenes, saw, tva, screen"
pccirpm,1,"like, just, people, don, know, think, lol, did"
pccipja,3,"infinity, vision, imax, scene, scenes, saw, tva, screen"
pccioh2,1,"like, just, people, don, know, think, lol, did"
pccinbm,4,"movie, time, man, mcu, marvel, loki, movies, doom"
pccieia,4,"movie, time, man, mcu, marvel, loki, movies, doom"
pcci57w,1,"like, just, people, don, know, think, lol, did"
pcci4nz,4,"movie, time, man, mcu, marvel, loki, movies, doom"
pcchwb7,4,"movie, time, man, mcu, marvel, loki, movies, doom"
pcchrxc,1,"like, just, people, don, know, think, lol, did"
pcchqtk,4,"movie, time, man, mcu, marvel, loki, movies, doom"
pcchpz9,4,"movie, time, man, mcu, marvel, loki, movies, doom"
pcchnj6,1,"like, just, people, don, know, think, lol, did"
pcchgrs,4,"movie, time, man, mcu, marvel, loki, movies, doom"
pcchept,4,"movie, time, man, mcu, marvel, loki, movies, doom"
pcchdoc,4,"movie, time, man, mcu, marvel, loki, movies, doom"
pcchdk3,4,"movie, time, man, mcu, marvel, loki, movies, doom"
pcchd8v,4,"movie, time, man, mcu, marvel, loki, movies, doom"
pcchapk,4,"movie, time, man, mcu, marvel, loki, movies, doom"
pcch909,4,"movie, time, man, mcu, marvel, loki, movies, doom"
pcch5yb,4,"movie, time, man, mcu, marvel, loki, movies, doom"
pcch38z,3,"infinity, vision, imax, scene, scenes, saw, tva, screen"
pcch2t9,1,"like, just, people, don, know, think, lol, did"
pcch2sj,0,"gif, giphy, love, guy, number, op, biggest, bring"
pcch2ng,2,"yes, doomsday, oh, pretty, say, comics, absolutely, better"
pcch1bz,4,"movie, time, man, mcu, marvel, loki, movies, doom"
pcch119,1,"like, just, people, don, know, think, lol, did"
pccgy0e,1,"like, just, people, don, know, think, lol, did"
pccgwmz,4,"movie, time, man, mcu, marvel, loki, movies, doom"
pccgv1d,4,"movie, time, man, mcu, marvel, loki, movies, doom"
pccgrek,4,"movie, time, man, mcu, marvel, loki, movies, doom"
pccgq38,4,"movie, time, man, mcu, marvel, loki, movies, doom"
pccgp13,4,"movie, time, man, mcu, marvel, loki, movies, doom"
pccglr7,4,"movie, time, man, mcu, marvel, loki, movies, doom"
pccgjd6,2,"yes, doomsday, oh, pretty, say, comics, absolutely, better"
pccgi0v,4,"movie, time, man, mcu, marvel, loki, movies, doom"
pccghin,3,"infinity, vision, imax, scene, scenes, saw, tva, screen"
pccgftf,4,"movie, time, man, mcu, marvel, loki, movies, doom"
pccg5fc,3,"infinity, vision, imax, scene, scenes, saw, tva, screen"
pccg2a4,1,"like, just, people, don, know, think, lol, did"
pccfz3u,1,"like, just, people, don, know, think, lol, did"
pccfxz5,4,"movie, time, man, mcu, marvel, loki, movies, doom"
pccfvf4,4,"movie, time, man, mcu, marvel, loki, movies, doom"
pccfv5m,4,"movie, time, man, mcu, marvel, loki, movies, doom"
pccfuod,4,"movie, time, man, mcu, marvel, loki, movies, doom"
pccftr9,1,"like, just, people, don, know, think, lol, did"
pccfqt5,4,"movie, time, man, mcu, marvel, loki, movies, doom"
pccfjri,4,"movie, time, man, mcu, marvel, loki, movies, doom"
pccffmg,4,"movie, time, man, mcu, marvel, loki, movies, doom"
pccff7a,4,"movie, time, man, mcu, marvel, loki, movies, doom"
pccfear,1,"like, just, people, don, know, think, lol, did"
pccfde4,4,"movie, time, man, mcu, marvel, loki, movies, doom"
pccfc37,4,"movie, time, man, mcu, marvel, loki, movies, doom"
pccfayk,0,"gif, giphy, love, guy, number, op, biggest, bring"
pccf5zd,1,"like, just, people, don, know, think, lol, did"
pccf49i,0,"gif, giphy, love, guy, number, op, biggest, bring"
pccevz9,4,"movie, time, man, mcu, marvel, loki, movies, doom"
pcceueb,4,"movie, time, man, mcu, marvel, loki, movies, doom"
pccetrl,4,"movie, time, man, mcu, marvel, loki, movies, doom"
pccesm4,0,"gif, giphy, love, guy, number, op, biggest, bring"
pcceqpe,3,"infinity, vision, imax, scene, scenes, saw, tva, screen"
pcceoi6,4,"movie, time, man, mcu, marvel, loki, movies, doom"
pccejs2,4,"movie, time, man, mcu, marvel, loki, movies, doom"
pccejlq,4,"movie, time, man, mcu, marvel, loki, movies, doom"
pcceiu9,4,"movie, time, man, mcu, marvel, loki, movies, doom"
pccei56,4,"movie, time, man, mcu, marvel, loki, movies, doom"
pccebzs,3,"infinity, vision, imax, scene, scenes, saw, tva, screen"
pcceb0u,3,"infinity, vision, imax, scene, scenes, saw, tva, screen"
pccdvo1,0,"gif, giphy, love, guy, number, op, biggest, bring"
pccdstr,4,"movie, time, man, mcu, marvel, loki, movies, doom"
pccds0o,4,"movie, time, man, mcu, marvel, loki, movies, doom"
pccdrzh,0,"gif, giphy, love, guy, number, op, biggest, bring"
pccdrl1,1,"like, just, people, don, know, think, lol, did"
pccdmcy,2,"yes, doomsday, oh, pretty, say, comics, absolutely, better"
pccdl8q,1,"like, just, people, don, know, think, lol, did"
pccdjfh,1,"like, just, people, don, know, think, lol, did"
pccdibz,4,"movie, time, man, mcu, marvel, loki, movies, doom"
pccdhdz,0,"gif, giphy, love, guy, number, op, biggest, bring"
pccdg47,3,"infinity, vision, imax, scene, scenes, saw, tva, screen"
pccdbv7,1,"like, just, people, don, know, think, lol, did"
pccdahb,3,"infinity, vision, imax, scene, scenes, saw, tva, screen"
pccd9qd,4,"movie, time, man, mcu, marvel, loki, movies, doom"
pccd5a5,4,"movie, time, man, mcu, marvel, loki, movies, doom"
pccd0gw,0,"gif, giphy, love, guy, number, op, biggest, bring"
pcccwna,4,"movie, time, man, mcu, marvel, loki, movies, doom"
pcccw4m,4,"movie, time, man, mcu, marvel, loki, movies, doom"
pcccvr8,3,"infinity, vision, imax, scene, scenes, saw, tva, screen"
pcccuqq,4,"movie, time, man, mcu, marvel, loki, movies, doom"
pccctgh,4,"movie, time, man, mcu, marvel, loki, movies, doom"
pcccszz,0,"gif, giphy, love, guy, number, op, biggest, bring"
pcccpke,3,"infinity, vision, imax, scene, scenes, saw, tva, screen"
pcccn51,3,"infinity, vision, imax, scene, scenes, saw, tva, screen"
pccceb1,1,"like, just, people, don, know, think, lol, did"
pccccuc,4,"movie, time, man, mcu, marvel, loki, movies, doom"
pcccc73,0,"gif, giphy, love, guy, number, op, biggest, bring"
pccc9a6,3,"infinity, vision, imax, scene, scenes, saw, tva, screen"
pccc23p,4,"movie, time, man, mcu, marvel, loki, movies, doom"
pccc1m4,1,"like, just, people, don, know, think, lol, did"
pccbyvc,4,"movie, time, man, mcu, marvel, loki, movies, doom"
pccbx86,4,"movie, time, man, mcu, marvel, loki, movies, doom"
pccbvwg,4,"movie, time, man, mcu, marvel, loki, movies, doom"
pccbtjq,4,"movie, time, man, mcu, marvel, loki, movies, doom"
pccbt3m,0,"gif, giphy, love, guy, number, op, biggest, bring"
pccbshj,3,"infinity, vision, imax, scene, scenes, saw, tva, screen"
pccbq1h,4,"movie, time, man, mcu, marvel, loki, movies, doom"
pccbprr,4,"movie, time, man, mcu, marvel, loki, movies, doom"
pccboqt,1,"like, just, people, don, know, think, lol, did"
pccbmtb,0,"gif, giphy, love, guy, number, op, biggest, bring"
pccbl37,2,"yes, doomsday, oh, pretty, say, comics, absolutely, better"
pccbfcc,3,"infinity, vision, imax, scene, scenes, saw, tva, screen"
pccbepn,0,"gif, giphy, love, guy, number, op, biggest, bring"
pccbbjl,1,"like, just, people, don, know, think, lol, did"
pccb81d,4,"movie, time, man, mcu, marvel, loki, movies, doom"
pccb47b,4,"movie, time, man, mcu, marvel, loki, movies, doom"
pccb0r6,4,"movie, time, man, mcu, marvel, loki, movies, doom"
pccb02l,0,"gif, giphy, love, guy, number, op, biggest, bring"
pccawgw,3,"infinity, vision, imax, scene, scenes, saw, tva, screen"
pccatru,0,"gif, giphy, love, guy, number, op, biggest, bring"
pccasou,1,"like, just, people, don, know, think, lol, did"
pccarba,1,"like, just, people, don, know, think, lol, did"
pccaqna,3,"infinity, vision, imax, scene, scenes, saw, tva, screen"
pccank6,1,"like, just, people, don, know, think, lol, did"
pccamef,1,"like, just, people, don, know, think, lol, did"
pccalg0,4,"movie, time, man, mcu, marvel, loki, movies, doom"
pccajwl,1,"like, just, people, don, know, think, lol, did"
pccahie,3,"infinity, vision, imax, scene, scenes, saw, tva, screen"
pccagwu,4,"movie, time, man, mcu, marvel, loki, movies, doom"
pccagsi,4,"movie, time, man, mcu, marvel, loki, movies, doom"
pccag61,0,"gif, giphy, love, guy, number, op, biggest, bring"
pccadg0,0,"gif, giphy, love, guy, number, op, biggest, bring"
pccacno,0,"gif, giphy, love, guy, number, op, biggest, bring"
pcca8zm,0,"gif, giphy, love, guy, number, op, biggest, bring"
pcca3nd,2,"yes, doomsday, oh, pretty, say, comics, absolutely, better"
pcca24z,3,"infinity, vision, imax, scene, scenes, saw, tva, screen"
pcca1v6,1,"like, just, people, don, know, think, lol, did"
pcc9v7p,4,"movie, time, man, mcu, marvel, loki, movies, doom"
pcc9ug1,4,"movie, time, man, mcu, marvel, loki, movies, doom"
pcc9trk,3,"infinity, vision, imax, scene, scenes, saw, tva, screen"
pcc9tpa,1,"like, just, people, don, know, think, lol, did"
pcc9ond,0,"gif, giphy, love, guy, number, op, biggest, bring"
pcc9jll,4,"movie, time, man, mcu, marvel, loki, movies, doom"
pcc9h4z,0,"gif, giphy, love, guy, number, op, biggest, bring"
pcc9gk0,0,"gif, giphy, love, guy, number, op, biggest, bring"
pcc9g2t,4,"movie, time, man, mcu, marvel, loki, movies, doom"
pcc9cpw,3,"infinity, vision, imax, scene, scenes, saw, tva, screen"
pcc9ce5,4,"movie, time, man, mcu, marvel, loki, movies, doom"
pcc99t9,4,"movie, time, man, mcu, marvel, loki, movies, doom"
pcc981n,4,"movie, time, man, mcu, marvel, loki, movies, doom"
pcc94lo,1,"like, just, people, don, know, think, lol, did"
pcc94aa,4,"movie, time, man, mcu, marvel, loki, movies, doom"
pcc942x,4,"movie, time, man, mcu, marvel, loki, movies, doom"
pcc93ph,4,"movie, time, man, mcu, marvel, loki, movies, doom"
pcc92se,3,"infinity, vision, imax, scene, scenes, saw, tva, screen"
pcc91zz,0,"gif, giphy, love, guy, number, op, biggest, bring"
pcc91za,4,"movie, time, man, mcu, marvel, loki, movies, doom"
pcc8v1e,4,"movie, time, man, mcu, marvel, loki, movies, doom"
pcc8u4v,0,"gif, giphy, love, guy, number, op, biggest, bring"
pcc8sod,1,"like, just, people, don, know, think, lol, did"
pcc8sab,4,"movie, time, man, mcu, marvel, loki, movies, doom"
pcc8rkb,1,"like, just, people, don, know, think, lol, did"
pcc8r8d,0,"gif, giphy, love, guy, number, op, biggest, bring"
pcc8r3i,4,"movie, time, man, mcu, marvel, loki, movies, doom"
pcc8n8f,1,"like, just, people, don, know, think, lol, did"
pcc8luy,4,"movie, time, man, mcu, marvel, loki, movies, doom"
pcc8l85,3,"infinity, vision, imax, scene, scenes, saw, tva, screen"
pcc8k8l,3,"infinity, vision, imax, scene, scenes, saw, tva, screen"
pcc8jt6,0,"gif, giphy, love, guy, number, op, biggest, bring"
pcc8iyt,0,"gif, giphy, love, guy, number, op, biggest, bring"
pcc8g1n,1,"like, just, people, don, know, think, lol, did"
pcc8fog,0,"gif, giphy, love, guy, number, op, biggest, bring"
pcc8f8f,4,"movie, time, man, mcu, marvel, loki, movies, doom"
pcc8dme,3,"infinity, vision, imax, scene, scenes, saw, tva, screen"
pcc8d1m,4,"movie, time, man, mcu, marvel, loki, movies, doom"
pcc8cql,4,"movie, time, man, mcu, marvel, loki, movies, doom"
pcc85q6,3,"infinity, vision, imax, scene, scenes, saw, tva, screen"
pcc84pe,4,"movie, time, man, mcu, marvel, loki, movies, doom"
pcc80z0,1,"like, just, people, don, know, think, lol, did"
pcc7zlo,4,"movie, time, man, mcu, marvel, loki, movies, doom"
pcc7z0y,1,"like, just, people, don, know, think, lol, did"
pcc7y34,4,"movie, time, man, mcu, marvel, loki, movies, doom"
pcc7tzy,1,"like, just, people, don, know, think, lol, did"
pcc7fg2,4,"movie, time, man, mcu, marvel, loki, movies, doom"
pcc7ehc,1,"like, just, people, don, know, think, lol, did"
pcc7cv0,1,"like, just, people, don, know, think, lol, did"
pcc7cek,1,"like, just, people, don, know, think, lol, did"
pcc74ns,0,"gif, giphy, love, guy, number, op, biggest, bring"
pcc74j2,4,"movie, time, man, mcu, marvel, loki, movies, doom"
pcc6zcu,4,"movie, time, man, mcu, marvel, loki, movies, doom"
pcc6z5k,4,"movie, time, man, mcu, marvel, loki, movies, doom"
pcc6ymv,1,"like, just, people, don, know, think, lol, did"
pcc6wsa,4,"movie, time, man, mcu, marvel, loki, movies, doom"
pcc6w4r,3,"infinity, vision, imax, scene, scenes, saw, tva, screen"
pcc6tnh,4,"movie, time, man, mcu, marvel, loki, movies, doom"
pcc6s64,4,"movie, time, man, mcu, marvel, loki, movies, doom"
pcc6r86,1,"like, just, people, don, know, think, lol, did"
pcc6r7g,1,"like, just, people, don, know, think, lol, did"
pcc6q22,4,"movie, time, man, mcu, marvel, loki, movies, doom"
pcc6oa9,1,"like, just, people, don, know, think, lol, did"
pcc6fs2,0,"gif, giphy, love, guy, number, op, biggest, bring"
pcc6f87,1,"like, just, people, don, know, think, lol, did"
pcc68ac,4,"movie, time, man, mcu, marvel, loki, movies, doom"
pcc67wz,0,"gif, giphy, love, guy, number, op, biggest, bring"
pcc63n1,4,"movie, time, man, mcu, marvel, loki, movies, doom"
pcc61gz,1,"like, just, people, don, know, think, lol, did"
pcc5tvu,1,"like, just, people, don, know, think, lol, did"
pcc5skf,4,"movie, time, man, mcu, marvel, loki, movies, doom"
pcc5qch,4,"movie, time, man, mcu, marvel, loki, movies, doom"
pcc5nc3,3,"infinity, vision, imax, scene, scenes, saw, tva, screen"
pcc5jhy,4,"movie, time, man, mcu, marvel, loki, movies, doom"
pcc5ivv,4,"movie, time, man, mcu, marvel, loki, movies, doom"
pcc5fid,4,"movie, time, man, mcu, marvel, loki, movies, doom"
pcc5eob,4,"movie, time, man, mcu, marvel, loki, movies, doom"
pcc5eev,4,"movie, time, man, mcu, marvel, loki, movies, doom"
pcc5e0x,1,"like, just, people, don, know, think, lol, did"
pcc5cw8,4,"movie, time, man, mcu, marvel, loki, movies, doom"
pcc5ags,4,"movie, time, man, mcu, marvel, loki, movies, doom"
pcc569n,4,"movie, time, man, mcu, marvel, loki, movies, doom"
pcc53c4,4,"movie, time, man, mcu, marvel, loki, movies, doom"
pcc52g0,4,"movie, time, man, mcu, marvel, loki, movies, doom"
pcc51ul,4,"movie, time, man, mcu, marvel, loki, movies, doom"
pcc4voz,4,"movie, time, man, mcu, marvel, loki, movies, doom"
pcc4v7a,1,"like, just, people, don, know, think, lol, did"
pcc4qsa,4,"movie, time, man, mcu, marvel, loki, movies, doom"
pcc4nyx,4,"movie, time, man, mcu, marvel, loki, movies, doom"
pcc4n20,4,"movie, time, man, mcu, marvel, loki, movies, doom"
pcc4l4l,4,"movie, time, man, mcu, marvel, loki, movies, doom"
pcc4f1v,4,"movie, time, man, mcu, marvel, loki, movies, doom"
pcc4age,0,"gif, giphy, love, guy, number, op, biggest, bring"
pcc49g4,4,"movie, time, man, mcu, marvel, loki, movies, doom"
pcc4906,4,"movie, time, man, mcu, marvel, loki, movies, doom"
pcc4900,4,"movie, time, man, mcu, marvel, loki, movies, doom"
pcc48pr,0,"gif, giphy, love, guy, number, op, biggest, bring"
pcc47rq,1,"like, just, people, don, know, think, lol, did"
pcc440w,0,"gif, giphy, love, guy, number, op, biggest, bring"
pcc435v,4,"movie, time, man, mcu, marvel, loki, movies, doom"
pcc41aw,1,"like, just, people, don, know, think, lol, did"
pcc3zwd,4,"movie, time, man, mcu, marvel, loki, movies, doom"
pcc3yro,4,"movie, time, man, mcu, marvel, loki, movies, doom"
pcc3pdd,4,"movie, time, man, mcu, marvel, loki, movies, doom"
pcc3npg,3,"infinity, vision, imax, scene, scenes, saw, tva, screen"
pcc3mc5,4,"movie, time, man, mcu, marvel, loki, movies, doom"
pcc3m6x,1,"like, just, people, don, know, think, lol, did"
pcc3kc4,1,"like, just, people, don, know, think, lol, did"
pcc3jyr,4,"movie, time, man, mcu, marvel, loki, movies, doom"
pcc38j7,1,"like, just, people, don, know, think, lol, did"
pcc33dr,4,"movie, time, man, mcu, marvel, loki, movies, doom"
pcc2o1i,4,"movie, time, man, mcu, marvel, loki, movies, doom"
pcc2hyj,4,"movie, time, man, mcu, marvel, loki, movies, doom"
pcc2dr9,4,"movie, time, man, mcu, marvel, loki, movies, doom"
pcc2bgg,1,"like, just, people, don, know, think, lol, did"
pcc28wa,4,"movie, time, man, mcu, marvel, loki, movies, doom"
pcc1vqv,1,"like, just, people, don, know, think, lol, did"
pcc1vbm,4,"movie, time, man, mcu, marvel, loki, movies, doom"
pcc1ugd,3,"infinity, vision, imax, scene, scenes, saw, tva, screen"
pcc1pht,3,"infinity, vision, imax, scene, scenes, saw, tva, screen"
pcc1mfm,0,"gif, giphy, love, guy, number, op, biggest, bring"
pcc1hmi,4,"movie, time, man, mcu, marvel, loki, movies, doom"
pcc1gbx,0,"gif, giphy, love, guy, number, op, biggest, bring"
pcc1cih,1,"like, just, people, don, know, think, lol, did"
pcc194j,1,"like, just, people, don, know, think, lol, did"
pcc16v9,3,"infinity, vision, imax, scene, scenes, saw, tva, screen"
pcc14ln,1,"like, just, people, don, know, think, lol, did"
pcc14kb,1,"like, just, people, don, know, think, lol, did"
pcc14gv,4,"movie, time, man, mcu, marvel, loki, movies, doom"
pcc12es,1,"like, just, people, don, know, think, lol, did"
pcc0xc5,4,"movie, time, man, mcu, marvel, loki, movies, doom"
pcc0xar,2,"yes, doomsday, oh, pretty, say, comics, absolutely, better"
pcc0uoq,4,"movie, time, man, mcu, marvel, loki, movies, doom"
pcc0pcc,4,"movie, time, man, mcu, marvel, loki, movies, doom"
pcc0otd,1,"like, just, people, don, know, think, lol, did"
pcc0or7,0,"gif, giphy, love, guy, number, op, biggest, bring"
pcc0onj,1,"like, just, people, don, know, think, lol, did"
pcc0o9q,4,"movie, time, man, mcu, marvel, loki, movies, doom"
pcc0jx4,4,"movie, time, man, mcu, marvel, loki, movies, doom"
pcc0eyt,4,"movie, time, man, mcu, marvel, loki, movies, doom"
pcc0cie,3,"infinity, vision, imax, scene, scenes, saw, tva, screen"
pcc09sg,2,"yes, doomsday, oh, pretty, say, comics, absolutely, better"
pcc08jm,3,"infinity, vision, imax, scene, scenes, saw, tva, screen"
pcc07fw,4,"movie, time, man, mcu, marvel, loki, movies, doom"
pcc07b9,3,"infinity, vision, imax, scene, scenes, saw, tva, screen"
pcc033d,3,"infinity, vision, imax, scene, scenes, saw, tva, screen"
pcc02u3,1,"like, just, people, don, know, think, lol, did"
pcc02fm,4,"movie, time, man, mcu, marvel, loki, movies, doom"
pcc01w7,4,"movie, time, man, mcu, marvel, loki, movies, doom"
pcbzzsq,4,"movie, time, man, mcu, marvel, loki, movies, doom"
pcbzxs1,4,"movie, time, man, mcu, marvel, loki, movies, doom"
pcbzvos,4,"movie, time, man, mcu, marvel, loki, movies, doom"
pcbzsql,4,"movie, time, man, mcu, marvel, loki, movies, doom"
pcbzq4g,2,"yes, doomsday, oh, pretty, say, comics, absolutely, better"
pcbzofq,3,"infinity, vision, imax, scene, scenes, saw, tva, screen"
pcbzl9w,4,"movie, time, man, mcu, marvel, loki, movies, doom"
pcbzl75,4,"movie, time, man, mcu, marvel, loki, movies, doom"
pcbzjxn,4,"movie, time, man, mcu, marvel, loki, movies, doom"
pcbzjco,4,"movie, time, man, mcu, marvel, loki, movies, doom"
pcbzhde,3,"infinity, vision, imax, scene, scenes, saw, tva, screen"
pcbza5m,1,"like, just, people, don, know, think, lol, did"
pcbz9be,4,"movie, time, man, mcu, marvel, loki, movies, doom"
pcbz24y,4,"movie, time, man, mcu, marvel, loki, movies, doom"
pcbz0ak,1,"like, just, people, don, know, think, lol, did"
pcbyxh1,1,"like, just, people, don, know, think, lol, did"
pcbyx4q,4,"movie, time, man, mcu, marvel, loki, movies, doom"
pcbyuq7,3,"infinity, vision, imax, scene, scenes, saw, tva, screen"
pcbys52,4,"movie, time, man, mcu, marvel, loki, movies, doom"
pcbyqyo,1,"like, just, people, don, know, think, lol, did"
pcbyn2j,4,"movie, time, man, mcu, marvel, loki, movies, doom"
pcbymzr,4,"movie, time, man, mcu, marvel, loki, movies, doom"
pcbylz5,4,"movie, time, man, mcu, marvel, loki, movies, doom"
pcbyf9u,4,"movie, time, man, mcu, marvel, loki, movies, doom"
pcbye5t,4,"movie, time, man, mcu, marvel, loki, movies, doom"
pcbydx4,4,"movie, time, man, mcu, marvel, loki, movies, doom"
pcbyd56,4,"movie, time, man, mcu, marvel, loki, movies, doom"
pcbybct,0,"gif, giphy, love, guy, number, op, biggest, bring"
pcby8x2,4,"movie, time, man, mcu, marvel, loki, movies, doom"
pcby8j7,1,"like, just, people, don, know, think, lol, did"
pcby5os,4,"movie, time, man, mcu, marvel, loki, movies, doom"
pcby2hj,4,"movie, time, man, mcu, marvel, loki, movies, doom"
pcbxzfe,4,"movie, time, man, mcu, marvel, loki, movies, doom"
pcbxxa1,1,"like, just, people, don, know, think, lol, did"
pcbxx6p,1,"like, just, people, don, know, think, lol, did"
pcbxwwx,4,"movie, time, man, mcu, marvel, loki, movies, doom"
pcbxw52,0,"gif, giphy, love, guy, number, op, biggest, bring"
pcbxvbf,1,"like, just, people, don, know, think, lol, did"
pcbxv8q,4,"movie, time, man, mcu, marvel, loki, movies, doom"
pcbxoow,3,"infinity, vision, imax, scene, scenes, saw, tva, screen"
pcbxo6y,1,"like, just, people, don, know, think, lol, did"
pcbxo03,4,"movie, time, man, mcu, marvel, loki, movies, doom"
pcbxkp7,2,"yes, doomsday, oh, pretty, say, comics, absolutely, better"
pcbxc1b,4,"movie, time, man, mcu, marvel, loki, movies, doom"
pcbx9hf,0,"gif, giphy, love, guy, number, op, biggest, bring"
pcbx40t,4,"movie, time, man, mcu, marvel, loki, movies, doom"
pcbx3zt,3,"infinity, vision, imax, scene, scenes, saw, tva, screen"
pcbx3xz,3,"infinity, vision, imax, scene, scenes, saw, tva, screen"
pcbx0ri,4,"movie, time, man, mcu, marvel, loki, movies, doom"
pcbx0m9,4,"movie, time, man, mcu, marvel, loki, movies, doom"
pcbx0ib,4,"movie, time, man, mcu, marvel, loki, movies, doom"
pcbwzw1,0,"gif, giphy, love, guy, number, op, biggest, bring"
pcbwzpv,4,"movie, time, man, mcu, marvel, loki, movies, doom"
pcbwyhg,4,"movie, time, man, mcu, marvel, loki, movies, doom"
pcbwsto,4,"movie, time, man, mcu, marvel, loki, movies, doom"
pcbwsnf,4,"movie, time, man, mcu, marvel, loki, movies, doom"
pcbwn7y,4,"movie, time, man, mcu, marvel, loki, movies, doom"
pcbwklu,4,"movie, time, man, mcu, marvel, loki, movies, doom"
pcbwhqm,2,"yes, doomsday, oh, pretty, say, comics, absolutely, better"
pcbwfc5,4,"movie, time, man, mcu, marvel, loki, movies, doom"
pcbwcgo,4,"movie, time, man, mcu, marvel, loki, movies, doom"
pcbwab6,4,"movie, time, man, mcu, marvel, loki, movies, doom"
pcbw2xj,4,"movie, time, man, mcu, marvel, loki, movies, doom"
pcbw1hj,4,"movie, time, man, mcu, marvel, loki, movies, doom"
pcbvzzn,4,"movie, time, man, mcu, marvel, loki, movies, doom"
pcbvnjq,4,"movie, time, man, mcu, marvel, loki, movies, doom"
pcbvlky,4,"movie, time, man, mcu, marvel, loki, movies, doom"
pcbvl9t,2,"yes, doomsday, oh, pretty, say, comics, absolutely, better"
pcbvkxh,1,"like, just, people, don, know, think, lol, did"
pcbvdia,4,"movie, time, man, mcu, marvel, loki, movies, doom"
pcbvcss,3,"infinity, vision, imax, scene, scenes, saw, tva, screen"
pcbvbox,3,"infinity, vision, imax, scene, scenes, saw, tva, screen"
pcbv9xb,4,"movie, time, man, mcu, marvel, loki, movies, doom"
pcbv3d4,4,"movie, time, man, mcu, marvel, loki, movies, doom"
pcbv3a5,4,"movie, time, man, mcu, marvel, loki, movies, doom"
pcbuy9o,3,"infinity, vision, imax, scene, scenes, saw, tva, screen"
pcbuxls,4,"movie, time, man, mcu, marvel, loki, movies, doom"
pcbux0n,1,"like, just, people, don, know, think, lol, did"
pcbuv8d,3,"infinity, vision, imax, scene, scenes, saw, tva, screen"
pcbutsi,3,"infinity, vision, imax, scene, scenes, saw, tva, screen"
pcbupy9,3,"infinity, vision, imax, scene, scenes, saw, tva, screen"
pcbun7k,4,"movie, time, man, mcu, marvel, loki, movies, doom"
pcbumky,3,"infinity, vision, imax, scene, scenes, saw, tva, screen"
pcbumdc,1,"like, just, people, don, know, think, lol, did"
pcbuj7e,3,"infinity, vision, imax, scene, scenes, saw, tva, screen"
pcbuei5,1,"like, just, people, don, know, think, lol, did"
pcbudwy,4,"movie, time, man, mcu, marvel, loki, movies, doom"
pcbudp5,4,"movie, time, man, mcu, marvel, loki, movies, doom"
pcbucha,1,"like, just, people, don, know, think, lol, did"
pcbuc91,1,"like, just, people, don, know, think, lol, did"
pcbubbo,1,"like, just, people, don, know, think, lol, did"
pcbub4r,3,"infinity, vision, imax, scene, scenes, saw, tva, screen"
pcbu9tm,3,"infinity, vision, imax, scene, scenes, saw, tva, screen"
pcbu7f2,0,"gif, giphy, love, guy, number, op, biggest, bring"
pcbu5vf,1,"like, just, people, don, know, think, lol, did"
pcbu57p,2,"yes, doomsday, oh, pretty, say, comics, absolutely, better"
pcbu2ta,4,"movie, time, man, mcu, marvel, loki, movies, doom"
pcbu2qb,4,"movie, time, man, mcu, marvel, loki, movies, doom"
pcbu19w,1,"like, just, people, don, know, think, lol, did"
pcbtz7f,1,"like, just, people, don, know, think, lol, did"
pcbtxic,1,"like, just, people, don, know, think, lol, did"
pcbttrh,4,"movie, time, man, mcu, marvel, loki, movies, doom"
pcbtr9c,3,"infinity, vision, imax, scene, scenes, saw, tva, screen"
pcbtq71,4,"movie, time, man, mcu, marvel, loki, movies, doom"
pcbtoxe,3,"infinity, vision, imax, scene, scenes, saw, tva, screen"
pcbtkqa,0,"gif, giphy, love, guy, number, op, biggest, bring"
pcbtiz7,4,"movie, time, man, mcu, marvel, loki, movies, doom"
pcbti9j,4,"movie, time, man, mcu, marvel, loki, movies, doom"
pcbth1g,4,"movie, time, man, mcu, marvel, loki, movies, doom"
pcbtfow,4,"movie, time, man, mcu, marvel, loki, movies, doom"
pcbt9fs,1,"like, just, people, don, know, think, lol, did"
pcbt6c0,1,"like, just, people, don, know, think, lol, did"
pcbt5i6,0,"gif, giphy, love, guy, number, op, biggest, bring"
pcbt28p,3,"infinity, vision, imax, scene, scenes, saw, tva, screen"
pcbszn4,3,"infinity, vision, imax, scene, scenes, saw, tva, screen"
pcbszl7,4,"movie, time, man, mcu, marvel, loki, movies, doom"
pcbsxug,3,"infinity, vision, imax, scene, scenes, saw, tva, screen"
pcbsxpv,4,"movie, time, man, mcu, marvel, loki, movies, doom"
pcbsvzb,1,"like, just, people, don, know, think, lol, did"
pcbsrqc,4,"movie, time, man, mcu, marvel, loki, movies, doom"
pcbsm8m,2,"yes, doomsday, oh, pretty, say, comics, absolutely, better"
pcbslaf,3,"infinity, vision, imax, scene, scenes, saw, tva, screen"
pcbsjqs,3,"infinity, vision, imax, scene, scenes, saw, tva, screen"
pcbsg39,0,"gif, giphy, love, guy, number, op, biggest, bring"
pcbscyn,4,"movie, time, man, mcu, marvel, loki, movies, doom"
pcbs2g8,1,"like, just, people, don, know, think, lol, did"
pcbs2fc,4,"movie, time, man, mcu, marvel, loki, movies, doom"
pcbry1o,1,"like, just, people, don, know, think, lol, did"
pcbrx78,3,"infinity, vision, imax, scene, scenes, saw, tva, screen"
pcbrtdr,1,"like, just, people, don, know, think, lol, did"
pcbrri3,2,"yes, doomsday, oh, pretty, say, comics, absolutely, better"
pcbrpow,4,"movie, time, man, mcu, marvel, loki, movies, doom"
pcbrk3m,1,"like, just, people, don, know, think, lol, did"
pcbrhf6,1,"like, just, people, don, know, think, lol, did"
pcbrh8s,4,"movie, time, man, mcu, marvel, loki, movies, doom"
pcbrgyq,3,"infinity, vision, imax, scene, scenes, saw, tva, screen"
pcbrgug,3,"infinity, vision, imax, scene, scenes, saw, tva, screen"
pcbrgsa,1,"like, just, people, don, know, think, lol, did"
pcbrdry,4,"movie, time, man, mcu, marvel, loki, movies, doom"
pcbr9t6,4,"movie, time, man, mcu, marvel, loki, movies, doom"
pcbr882,3,"infinity, vision, imax, scene, scenes, saw, tva, screen"
pcbr65w,3,"infinity, vision, imax, scene, scenes, saw, tva, screen"
pcbr3rr,4,"movie, time, man, mcu, marvel, loki, movies, doom"
pcbr303,4,"movie, time, man, mcu, marvel, loki, movies, doom"
pcbr0gk,1,"like, just, people, don, know, think, lol, did"
pcbqztw,3,"infinity, vision, imax, scene, scenes, saw, tva, screen"
pcbqzod,1,"like, just, people, don, know, think, lol, did"
pcbqywb,0,"gif, giphy, love, guy, number, op, biggest, bring"
pcbqxs9,4,"movie, time, man, mcu, marvel, loki, movies, doom"
pcbqx75,1,"like, just, people, don, know, think, lol, did"
pcbqwsl,0,"gif, giphy, love, guy, number, op, biggest, bring"
pcbqsw1,3,"infinity, vision, imax, scene, scenes, saw, tva, screen"
pcbqsny,3,"infinity, vision, imax, scene, scenes, saw, tva, screen"
pcbqqc9,3,"infinity, vision, imax, scene, scenes, saw, tva, screen"
pcbqq00,0,"gif, giphy, love, guy, number, op, biggest, bring"
pcbqn9n,3,"infinity, vision, imax, scene, scenes, saw, tva, screen"
pcbqmkg,4,"movie, time, man, mcu, marvel, loki, movies, doom"
pcbqm6y,4,"movie, time, man, mcu, marvel, loki, movies, doom"
pcbqjyh,4,"movie, time, man, mcu, marvel, loki, movies, doom"
pcbq4c6,3,"infinity, vision, imax, scene, scenes, saw, tva, screen"
pcbq0jm,0,"gif, giphy, love, guy, number, op, biggest, bring"
pcbpzhg,4,"movie, time, man, mcu, marvel, loki, movies, doom"
pcbpxws,4,"movie, time, man, mcu, marvel, loki, movies, doom"
pcbpxif,3,"infinity, vision, imax, scene, scenes, saw, tva, screen"
pcbpwdu,2,"yes, doomsday, oh, pretty, say, comics, absolutely, better"
pcbpvor,4,"movie, time, man, mcu, marvel, loki, movies, doom"
pcbpue7,3,"infinity, vision, imax, scene, scenes, saw, tva, screen"
pcbpu4l,4,"movie, time, man, mcu, marvel, loki, movies, doom"
pcbpt18,4,"movie, time, man, mcu, marvel, loki, movies, doom"
pcbpqm3,4,"movie, time, man, mcu, marvel, loki, movies, doom"
pcbpmai,4,"movie, time, man, mcu, marvel, loki, movies, doom"
pcbpl92,4,"movie, time, man, mcu, marvel, loki, movies, doom"
pcbpkcp,4,"movie, time, man, mcu, marvel, loki, movies, doom"
pcbpjsb,4,"movie, time, man, mcu, marvel, loki, movies, doom"
pcbpa0q,3,"infinity, vision, imax, scene, scenes, saw, tva, screen"
pcbp6ye,3,"infinity, vision, imax, scene, scenes, saw, tva, screen"
pcbp3as,4,"movie, time, man, mcu, marvel, loki, movies, doom"
pcbp33b,4,"movie, time, man, mcu, marvel, loki, movies, doom"
pcbp2un,4,"movie, time, man, mcu, marvel, loki, movies, doom"
pcbp1h1,4,"movie, time, man, mcu, marvel, loki, movies, doom"
pcbozzp,3,"infinity, vision, imax, scene, scenes, saw, tva, screen"
pcbozzj,3,"infinity, vision, imax, scene, scenes, saw, tva, screen"
pcbozb2,4,"movie, time, man, mcu, marvel, loki, movies, doom"
pcbovj0,2,"yes, doomsday, oh, pretty, say, comics, absolutely, better"
pcbotm6,4,"movie, time, man, mcu, marvel, loki, movies, doom"
pcbolma,4,"movie, time, man, mcu, marvel, loki, movies, doom"
pcbok2r,1,"like, just, people, don, know, think, lol, did"
pcbofji,3,"infinity, vision, imax, scene, scenes, saw, tva, screen"
pcboa9w,4,"movie, time, man, mcu, marvel, loki, movies, doom"
pcbo78p,4,"movie, time, man, mcu, marvel, loki, movies, doom"
pcbo701,1,"like, just, people, don, know, think, lol, did"
pcbo5tx,3,"infinity, vision, imax, scene, scenes, saw, tva, screen"
pcbo5n2,0,"gif, giphy, love, guy, number, op, biggest, bring"
pcbo3pc,4,"movie, time, man, mcu, marvel, loki, movies, doom"
pcbo3mk,3,"infinity, vision, imax, scene, scenes, saw, tva, screen"
pcbnx3z,0,"gif, giphy, love, guy, number, op, biggest, bring"
pcbnwnx,0,"gif, giphy, love, guy, number, op, biggest, bring"
pcbnwew,0,"gif, giphy, love, guy, number, op, biggest, bring"
pcbnwbn,3,"infinity, vision, imax, scene, scenes, saw, tva, screen"
pcbnujv,4,"movie, time, man, mcu, marvel, loki, movies, doom"
pcbnrjy,0,"gif, giphy, love, guy, number, op, biggest, bring"
pcbnp3y,1,"like, just, people, don, know, think, lol, did"
pcbnkek,4,"movie, time, man, mcu, marvel, loki, movies, doom"
pcbneen,4,"movie, time, man, mcu, marvel, loki, movies, doom"
pcbncxh,1,"like, just, people, don, know, think, lol, did"
pcbnbhj,4,"movie, time, man, mcu, marvel, loki, movies, doom"
pcbnanb,4,"movie, time, man, mcu, marvel, loki, movies, doom"
pcbn90b,4,"movie, time, man, mcu, marvel, loki, movies, doom"
pcbn8vv,1,"like, just, people, don, know, think, lol, did"
pcbn7tz,4,"movie, time, man, mcu, marvel, loki, movies, doom"
pcbn7tk,4,"movie, time, man, mcu, marvel, loki, movies, doom"
pcbn5c1,0,"gif, giphy, love, guy, number, op, biggest, bring"
pcbn2ry,3,"infinity, vision, imax, scene, scenes, saw, tva, screen"
pcbn1we,4,"movie, time, man, mcu, marvel, loki, movies, doom"
pcbn091,1,"like, just, people, don, know, think, lol, did"
pcbmzhs,4,"movie, time, man, mcu, marvel, loki, movies, doom"
pcbmxgq,3,"infinity, vision, imax, scene, scenes, saw, tva, screen"
pcbmx1g,1,"like, just, people, don, know, think, lol, did"
pcbmwwl,4,"movie, time, man, mcu, marvel, loki, movies, doom"
pcbmwuq,4,"movie, time, man, mcu, marvel, loki, movies, doom"
pcbmvwc,1,"like, just, people, don, know, think, lol, did"
pcbmv7x,4,"movie, time, man, mcu, marvel, loki, movies, doom"
pcbmu50,1,"like, just, people, don, know, think, lol, did"
pcbmsbi,1,"like, just, people, don, know, think, lol, did"
pcbms1i,4,"movie, time, man, mcu, marvel, loki, movies, doom"
pcbmrf0,0,"gif, giphy, love, guy, number, op, biggest, bring"
pcbmqpk,4,"movie, time, man, mcu, marvel, loki, movies, doom"
pcbmq7r,4,"movie, time, man, mcu, marvel, loki, movies, doom"
pcbmo4d,3,"infinity, vision, imax, scene, scenes, saw, tva, screen"
pcbmny2,4,"movie, time, man, mcu, marvel, loki, movies, doom"
pcbmnvw,1,"like, just, people, don, know, think, lol, did"
pcbmkfc,3,"infinity, vision, imax, scene, scenes, saw, tva, screen"
pcbmk4q,4,"movie, time, man, mcu, marvel, loki, movies, doom"
pcbmic0,1,"like, just, people, don, know, think, lol, did"
pcbmcwo,0,"gif, giphy, love, guy, number, op, biggest, bring"
pcbmb8u,1,"like, just, people, don, know, think, lol, did"
pcbmavz,4,"movie, time, man, mcu, marvel, loki, movies, doom"
pcbm9xd,4,"movie, time, man, mcu, marvel, loki, movies, doom"
pcbm9k2,3,"infinity, vision, imax, scene, scenes, saw, tva, screen"
pcbm8nz,1,"like, just, people, don, know, think, lol, did"
pcbm5tf,4,"movie, time, man, mcu, marvel, loki, movies, doom"
pcbm5h1,1,"like, just, people, don, know, think, lol, did"
pcbm49s,4,"movie, time, man, mcu, marvel, loki, movies, doom"
pcblz77,1,"like, just, people, don, know, think, lol, did"
pcblyv1,1,"like, just, people, don, know, think, lol, did"
pcblyfx,2,"yes, doomsday, oh, pretty, say, comics, absolutely, better"
pcblwkl,3,"infinity, vision, imax, scene, scenes, saw, tva, screen"
pcbltlg,4,"movie, time, man, mcu, marvel, loki, movies, doom"
pcblozm,4,"movie, time, man, mcu, marvel, loki, movies, doom"
pcbloq9,4,"movie, time, man, mcu, marvel, loki, movies, doom"
pcbllva,4,"movie, time, man, mcu, marvel, loki, movies, doom"
pcbllt6,4,"movie, time, man, mcu, marvel, loki, movies, doom"
pcblkq0,4,"movie, time, man, mcu, marvel, loki, movies, doom"
pcblhe2,1,"like, just, people, don, know, think, lol, did"
pcblh0l,0,"gif, giphy, love, guy, number, op, biggest, bring"
pcbleqo,1,"like, just, people, don, know, think, lol, did"
pcbldom,4,"movie, time, man, mcu, marvel, loki, movies, doom"
pcbldn5,3,"infinity, vision, imax, scene, scenes, saw, tva, screen"
pcbld53,4,"movie, time, man, mcu, marvel, loki, movies, doom"
pcblcw5,1,"like, just, people, don, know, think, lol, did"
pcblb1y,4,"movie, time, man, mcu, marvel, loki, movies, doom"
pcbl8ve,1,"like, just, people, don, know, think, lol, did"
pcbl8i7,4,"movie, time, man, mcu, marvel, loki, movies, doom"
pcbl7vl,4,"movie, time, man, mcu, marvel, loki, movies, doom"
pcbl4xh,0,"gif, giphy, love, guy, number, op, biggest, bring"
pcbl06v,3,"infinity, vision, imax, scene, scenes, saw, tva, screen"
pcbkyn3,4,"movie, time, man, mcu, marvel, loki, movies, doom"
pcbkxit,4,"movie, time, man, mcu, marvel, loki, movies, doom"
pcbktn8,4,"movie, time, man, mcu, marvel, loki, movies, doom"
pcbktkm,4,"movie, time, man, mcu, marvel, loki, movies, doom"
pcbksx7,1,"like, just, people, don, know, think, lol, did"
pcbko0q,0,"gif, giphy, love, guy, number, op, biggest, bring"
pcbkk7o,1,"like, just, people, don, know, think, lol, did"
pcbkijx,1,"like, just, people, don, know, think, lol, did"
pcbkc1d,4,"movie, time, man, mcu, marvel, loki, movies, doom"
pcbkawe,1,"like, just, people, don, know, think, lol, did"
pcbk8j5,1,"like, just, people, don, know, think, lol, did"
pcbk8gt,1,"like, just, people, don, know, think, lol, did"
pcbk774,4,"movie, time, man, mcu, marvel, loki, movies, doom"
pcbk6ns,4,"movie, time, man, mcu, marvel, loki, movies, doom"
pcbk3vs,0,"gif, giphy, love, guy, number, op, biggest, bring"
pcbk3rs,4,"movie, time, man, mcu, marvel, loki, movies, doom"
pcbk2we,4,"movie, time, man, mcu, marvel, loki, movies, doom"
pcbk1ow,4,"movie, time, man, mcu, marvel, loki, movies, doom"
pcbk1ij,4,"movie, time, man, mcu, marvel, loki, movies, doom"
pcbjy8g,4,"movie, time, man, mcu, marvel, loki, movies, doom"
pcbjvmu,3,"infinity, vision, imax, scene, scenes, saw, tva, screen"
pcbjv6u,1,"like, just, people, don, know, think, lol, did"
pcbjneo,3,"infinity, vision, imax, scene, scenes, saw, tva, screen"
pcbjls2,0,"gif, giphy, love, guy, number, op, biggest, bring"
pcbjld5,4,"movie, time, man, mcu, marvel, loki, movies, doom"
pcbjixi,4,"movie, time, man, mcu, marvel, loki, movies, doom"
pcbjhwu,3,"infinity, vision, imax, scene, scenes, saw, tva, screen"
pcbjggw,1,"like, just, people, don, know, think, lol, did"
pcbjg5b,0,"gif, giphy, love, guy, number, op, biggest, bring"
pcbjftm,4,"movie, time, man, mcu, marvel, loki, movies, doom"
pcbje9m,1,"like, just, people, don, know, think, lol, did"
pcbjap5,4,"movie, time, man, mcu, marvel, loki, movies, doom"
pcbja93,4,"movie, time, man, mcu, marvel, loki, movies, doom"
pcbj7bs,1,"like, just, people, don, know, think, lol, did"
pcbj5in,1,"like, just, people, don, know, think, lol, did"
pcbj4kk,3,"infinity, vision, imax, scene, scenes, saw, tva, screen"
pcbj3zs,1,"like, just, people, don, know, think, lol, did"
pcbj3yp,4,"movie, time, man, mcu, marvel, loki, movies, doom"
pcbj3cy,4,"movie, time, man, mcu, marvel, loki, movies, doom"
pcbj1d7,3,"infinity, vision, imax, scene, scenes, saw, tva, screen"
pcbj1d6,1,"like, just, people, don, know, think, lol, did"
pcbizgm,3,"infinity, vision, imax, scene, scenes, saw, tva, screen"
pcbize7,1,"like, just, people, don, know, think, lol, did"
pcbiv8m,4,"movie, time, man, mcu, marvel, loki, movies, doom"
pcbiupp,4,"movie, time, man, mcu, marvel, loki, movies, doom"
pcbiu33,0,"gif, giphy, love, guy, number, op, biggest, bring"
pcbitml,4,"movie, time, man, mcu, marvel, loki, movies, doom"
pcbisox,4,"movie, time, man, mcu, marvel, loki, movies, doom"
pcbiroz,4,"movie, time, man, mcu, marvel, loki, movies, doom"
pcbirer,0,"gif, giphy, love, guy, number, op, biggest, bring"
pcbirbv,3,"infinity, vision, imax, scene, scenes, saw, tva, screen"
pcbioft,4,"movie, time, man, mcu, marvel, loki, movies, doom"
pcbilkt,4,"movie, time, man, mcu, marvel, loki, movies, doom"
pcbij1k,4,"movie, time, man, mcu, marvel, loki, movies, doom"
pcbido5,4,"movie, time, man, mcu, marvel, loki, movies, doom"
pcbiddb,2,"yes, doomsday, oh, pretty, say, comics, absolutely, better"
pcbid2e,1,"like, just, people, don, know, think, lol, did"
pcbiblo,1,"like, just, people, don, know, think, lol, did"
pcbibbx,1,"like, just, people, don, know, think, lol, did"
pcbi9g9,4,"movie, time, man, mcu, marvel, loki, movies, doom"
pcbi9bb,4,"movie, time, man, mcu, marvel, loki, movies, doom"
pcbi8n0,4,"movie, time, man, mcu, marvel, loki, movies, doom"
pcbi84u,4,"movie, time, man, mcu, marvel, loki, movies, doom"
pcbi6nf,1,"like, just, people, don, know, think, lol, did"
pcbi6k6,4,"movie, time, man, mcu, marvel, loki, movies, doom"
pcbi4co,1,"like, just, people, don, know, think, lol, did"
pcbi40n,1,"like, just, people, don, know, think, lol, did"
pcbi2jx,4,"movie, time, man, mcu, marvel, loki, movies, doom"
pcbi0s2,4,"movie, time, man, mcu, marvel, loki, movies, doom"
pcbhzh9,1,"like, just, people, don, know, think, lol, did"
pcbhwyq,4,"movie, time, man, mcu, marvel, loki, movies, doom"
pcbhvy1,1,"like, just, people, don, know, think, lol, did"
pcbht78,4,"movie, time, man, mcu, marvel, loki, movies, doom"
pcbhry1,4,"movie, time, man, mcu, marvel, loki, movies, doom"
pcbhpuj,1,"like, just, people, don, know, think, lol, did"
pcbhpa8,4,"movie, time, man, mcu, marvel, loki, movies, doom"
pcbho9f,4,"movie, time, man, mcu, marvel, loki, movies, doom"
pcbhnwm,1,"like, just, people, don, know, think, lol, did"
pcbhmgf,1,"like, just, people, don, know, think, lol, did"
pcbhlw2,1,"like, just, people, don, know, think, lol, did"
pcbhl2u,4,"movie, time, man, mcu, marvel, loki, movies, doom"
pcbhk1a,4,"movie, time, man, mcu, marvel, loki, movies, doom"
pcbhfue,1,"like, just, people, don, know, think, lol, did"
pcbhfbt,3,"infinity, vision, imax, scene, scenes, saw, tva, screen"
pcbhe55,3,"infinity, vision, imax, scene, scenes, saw, tva, screen"
pcbhc61,4,"movie, time, man, mcu, marvel, loki, movies, doom"
pcbh9r4,4,"movie, time, man, mcu, marvel, loki, movies, doom"
pcbh9bl,4,"movie, time, man, mcu, marvel, loki, movies, doom"
pcbh907,4,"movie, time, man, mcu, marvel, loki, movies, doom"
pcbh8wt,1,"like, just, people, don, know, think, lol, did"
pcbh880,3,"infinity, vision, imax, scene, scenes, saw, tva, screen"
pcbh7mo,3,"infinity, vision, imax, scene, scenes, saw, tva, screen"
pcbh6kn,4,"movie, time, man, mcu, marvel, loki, movies, doom"
pcbh6ed,0,"gif, giphy, love, guy, number, op, biggest, bring"
pcbh5i7,4,"movie, time, man, mcu, marvel, loki, movies, doom"
pcbh592,4,"movie, time, man, mcu, marvel, loki, movies, doom"
pcbh3sl,1,"like, just, people, don, know, think, lol, did"
pcbh1ie,4,"movie, time, man, mcu, marvel, loki, movies, doom"
pcbgx22,0,"gif, giphy, love, guy, number, op, biggest, bring"
pcbgwq0,1,"like, just, people, don, know, think, lol, did"
pcbgvwt,4,"movie, time, man, mcu, marvel, loki, movies, doom"
pcbgt2s,0,"gif, giphy, love, guy, number, op, biggest, bring"
pcbgrb8,4,"movie, time, man, mcu, marvel, loki, movies, doom"
pcbgpur,1,"like, just, people, don, know, think, lol, did"
pcbgmry,4,"movie, time, man, mcu, marvel, loki, movies, doom"
pcbglv2,3,"infinity, vision, imax, scene, scenes, saw, tva, screen"
pcbglpg,2,"yes, doomsday, oh, pretty, say, comics, absolutely, better"
pcbglln,1,"like, just, people, don, know, think, lol, did"
pcbgk2p,3,"infinity, vision, imax, scene, scenes, saw, tva, screen"
pcbgjzk,1,"like, just, people, don, know, think, lol, did"
pcbgasq,4,"movie, time, man, mcu, marvel, loki, movies, doom"
pcbg8c1,4,"movie, time, man, mcu, marvel, loki, movies, doom"
pcbg6j1,1,"like, just, people, don, know, think, lol, did"
pcbg2s3,0,"gif, giphy, love, guy, number, op, biggest, bring"
pcbg1xr,4,"movie, time, man, mcu, marvel, loki, movies, doom"
pcbg0cv,4,"movie, time, man, mcu, marvel, loki, movies, doom"
pcbfwur,4,"movie, time, man, mcu, marvel, loki, movies, doom"
pcbfsjc,3,"infinity, vision, imax, scene, scenes, saw, tva, screen"
pcbfpu4,4,"movie, time, man, mcu, marvel, loki, movies, doom"
pcbfphk,4,"movie, time, man, mcu, marvel, loki, movies, doom"
pcbfn8u,3,"infinity, vision, imax, scene, scenes, saw, tva, screen"
pcbfmus,1,"like, just, people, don, know, think, lol, did"
pcbfmlo,4,"movie, time, man, mcu, marvel, loki, movies, doom"
pcbfkf5,4,"movie, time, man, mcu, marvel, loki, movies, doom"
pcbfgci,2,"yes, doomsday, oh, pretty, say, comics, absolutely, better"
pcbfek0,4,"movie, time, man, mcu, marvel, loki, movies, doom"
pcbfbyo,3,"infinity, vision, imax, scene, scenes, saw, tva, screen"
pcbf9xs,4,"movie, time, man, mcu, marvel, loki, movies, doom"
pcbf90o,1,"like, just, people, don, know, think, lol, did"
pcbf4up,1,"like, just, people, don, know, think, lol, did"
pcbf4fp,4,"movie, time, man, mcu, marvel, loki, movies, doom"
pcbf3jl,4,"movie, time, man, mcu, marvel, loki, movies, doom"
pcbezvo,1,"like, just, people, don, know, think, lol, did"
pcbewkw,3,"infinity, vision, imax, scene, scenes, saw, tva, screen"
pcbew8x,1,"like, just, people, don, know, think, lol, did"
pcbew2z,0,"gif, giphy, love, guy, number, op, biggest, bring"
pcbetga,1,"like, just, people, don, know, think, lol, did"
pcbeta7,3,"infinity, vision, imax, scene, scenes, saw, tva, screen"
pcbestp,4,"movie, time, man, mcu, marvel, loki, movies, doom"
pcbesh9,3,"infinity, vision, imax, scene, scenes, saw, tva, screen"
pcbenr4,1,"like, just, people, don, know, think, lol, did"
pcbemgb,4,"movie, time, man, mcu, marvel, loki, movies, doom"
pcbel0m,4,"movie, time, man, mcu, marvel, loki, movies, doom"
pcbeim0,3,"infinity, vision, imax, scene, scenes, saw, tva, screen"
pcbei18,3,"infinity, vision, imax, scene, scenes, saw, tva, screen"
pcbebx6,1,"like, just, people, don, know, think, lol, did"
pcbe95e,1,"like, just, people, don, know, think, lol, did"
pcbe7j5,1,"like, just, people, don, know, think, lol, did"
pcbe6f2,1,"like, just, people, don, know, think, lol, did"
pcbdxb3,4,"movie, time, man, mcu, marvel, loki, movies, doom"
pcbdtxr,1,"like, just, people, don, know, think, lol, did"
pcbdrt1,3,"infinity, vision, imax, scene, scenes, saw, tva, screen"
pcbdpy9,4,"movie, time, man, mcu, marvel, loki, movies, doom"
pcbdpr1,4,"movie, time, man, mcu, marvel, loki, movies, doom"
pcbdne7,0,"gif, giphy, love, guy, number, op, biggest, bring"
pcbdmkd,4,"movie, time, man, mcu, marvel, loki, movies, doom"
pcbdlv3,4,"movie, time, man, mcu, marvel, loki, movies, doom"
pcbdkqg,4,"movie, time, man, mcu, marvel, loki, movies, doom"
pcbdj9s,0,"gif, giphy, love, guy, number, op, biggest, bring"
pcbdiek,4,"movie, time, man, mcu, marvel, loki, movies, doom"
pcbdhn7,3,"infinity, vision, imax, scene, scenes, saw, tva, screen"
pcbdfux,1,"like, just, people, don, know, think, lol, did"
pcbdeew,2,"yes, doomsday, oh, pretty, say, comics, absolutely, better"
pcbdb0t,2,"yes, doomsday, oh, pretty, say, comics, absolutely, better"
pcbd4dz,4,"movie, time, man, mcu, marvel, loki, movies, doom"
pcbd3ym,3,"infinity, vision, imax, scene, scenes, saw, tva, screen"
pcbd3rv,1,"like, just, people, don, know, think, lol, did"
pcbd39z,3,"infinity, vision, imax, scene, scenes, saw, tva, screen"
pcbd2kl,4,"movie, time, man, mcu, marvel, loki, movies, doom"
pcbd1n8,4,"movie, time, man, mcu, marvel, loki, movies, doom"
pcbd0n4,4,"movie, time, man, mcu, marvel, loki, movies, doom"
pcbcz3t,0,"gif, giphy, love, guy, number, op, biggest, bring"
pcbcz4m,1,"like, just, people, don, know, think, lol, did"
pcbcyeu,4,"movie, time, man, mcu, marvel, loki, movies, doom"
pcbcwh5,4,"movie, time, man, mcu, marvel, loki, movies, doom"
pcbcu3b,4,"movie, time, man, mcu, marvel, loki, movies, doom"
pcbcqut,1,"like, just, people, don, know, think, lol, did"
pcbcpn8,1,"like, just, people, don, know, think, lol, did"
pcbcpar,1,"like, just, people, don, know, think, lol, did"
pcbcj2f,1,"like, just, people, don, know, think, lol, did"
pcbcgnn,3,"infinity, vision, imax, scene, scenes, saw, tva, screen"
pcbcf6v,1,"like, just, people, don, know, think, lol, did"
pcbcemv,3,"infinity, vision, imax, scene, scenes, saw, tva, screen"
pcbcdj5,4,"movie, time, man, mcu, marvel, loki, movies, doom"
pcbccnx,3,"infinity, vision, imax, scene, scenes, saw, tva, screen"
pcbc96v,4,"movie, time, man, mcu, marvel, loki, movies, doom"
pcbc6hl,4,"movie, time, man, mcu, marvel, loki, movies, doom"
pcbc5k7,4,"movie, time, man, mcu, marvel, loki, movies, doom"
pcbc5hw,3,"infinity, vision, imax, scene, scenes, saw, tva, screen"
pcbc53g,4,"movie, time, man, mcu, marvel, loki, movies, doom"
pcbc38z,3,"infinity, vision, imax, scene, scenes, saw, tva, screen"
pcbc373,2,"yes, doomsday, oh, pretty, say, comics, absolutely, better"
pcbc2vg,3,"infinity, vision, imax, scene, scenes, saw, tva, screen"
pcbc1vm,4,"movie, time, man, mcu, marvel, loki, movies, doom"
pcbc1i5,4,"movie, time, man, mcu, marvel, loki, movies, doom"
pcbc0s1,4,"movie, time, man, mcu, marvel, loki, movies, doom"
pcbbyq8,3,"infinity, vision, imax, scene, scenes, saw, tva, screen"
pcbbx46,3,"infinity, vision, imax, scene, scenes, saw, tva, screen"
pcbbtu3,4,"movie, time, man, mcu, marvel, loki, movies, doom"
pcbbtq0,1,"like, just, people, don, know, think, lol, did"
pcbbsif,0,"gif, giphy, love, guy, number, op, biggest, bring"
pcbbscx,4,"movie, time, man, mcu, marvel, loki, movies, doom"
pcbbs0q,2,"yes, doomsday, oh, pretty, say, comics, absolutely, better"
pcbbqh6,1,"like, just, people, don, know, think, lol, did"
pcbbp9j,3,"infinity, vision, imax, scene, scenes, saw, tva, screen"
pcbbonv,3,"infinity, vision, imax, scene, scenes, saw, tva, screen"
pcbboim,3,"infinity, vision, imax, scene, scenes, saw, tva, screen"
pcbbl77,4,"movie, time, man, mcu, marvel, loki, movies, doom"
pcbbjr2,3,"infinity, vision, imax, scene, scenes, saw, tva, screen"
pcbbjf3,2,"yes, doomsday, oh, pretty, say, comics, absolutely, better"
pcbbf3f,3,"infinity, vision, imax, scene, scenes, saw, tva, screen"
pcbbcpl,1,"like, just, people, don, know, think, lol, did"
pcbbbiy,4,"movie, time, man, mcu, marvel, loki, movies, doom"
pcbb91n,2,"yes, doomsday, oh, pretty, say, comics, absolutely, better"
pcbb7rz,1,"like, just, people, don, know, think, lol, did"
pcbb79c,4,"movie, time, man, mcu, marvel, loki, movies, doom"
pcbb6k5,1,"like, just, people, don, know, think, lol, did"
pcbb2dc,4,"movie, time, man, mcu, marvel, loki, movies, doom"
pcbb0y6,4,"movie, time, man, mcu, marvel, loki, movies, doom"
pcbb0te,1,"like, just, people, don, know, think, lol, did"
pcbazee,3,"infinity, vision, imax, scene, scenes, saw, tva, screen"
pcbaxuo,1,"like, just, people, don, know, think, lol, did"
pcbaxmh,1,"like, just, people, don, know, think, lol, did"
pcbavse,3,"infinity, vision, imax, scene, scenes, saw, tva, screen"
pcbatpl,1,"like, just, people, don, know, think, lol, did"
pcbasr2,3,"infinity, vision, imax, scene, scenes, saw, tva, screen"
pcbas0m,4,"movie, time, man, mcu, marvel, loki, movies, doom"
pcbaqfw,4,"movie, time, man, mcu, marvel, loki, movies, doom"
pcbapoe,3,"infinity, vision, imax, scene, scenes, saw, tva, screen"
pcbao75,4,"movie, time, man, mcu, marvel, loki, movies, doom"
pcbaj9n,4,"movie, time, man, mcu, marvel, loki, movies, doom"
pcbafxn,1,"like, just, people, don, know, think, lol, did"
pcbaek7,1,"like, just, people, don, know, think, lol, did"
pcbadmw,4,"movie, time, man, mcu, marvel, loki, movies, doom"
pcbacrt,4,"movie, time, man, mcu, marvel, loki, movies, doom"
pcbabsl,4,"movie, time, man, mcu, marvel, loki, movies, doom"
pcba9r3,1,"like, just, people, don, know, think, lol, did"
pcba627,4,"movie, time, man, mcu, marvel, loki, movies, doom"
pcba5jc,1,"like, just, people, don, know, think, lol, did"
pcba4od,4,"movie, time, man, mcu, marvel, loki, movies, doom"
pcba3vk,1,"like, just, people, don, know, think, lol, did"
pcba26s,4,"movie, time, man, mcu, marvel, loki, movies, doom"
pcba1fw,4,"movie, time, man, mcu, marvel, loki, movies, doom"
pcba0te,4,"movie, time, man, mcu, marvel, loki, movies, doom"
pcb9yx5,2,"yes, doomsday, oh, pretty, say, comics, absolutely, better"
pcb9yuk,4,"movie, time, man, mcu, marvel, loki, movies, doom"
pcb9y9e,1,"like, just, people, don, know, think, lol, did"
pcb9vuq,1,"like, just, people, don, know, think, lol, did"
pcb9vjz,4,"movie, time, man, mcu, marvel, loki, movies, doom"
pcb9srw,1,"like, just, people, don, know, think, lol, did"
pcb9rvf,3,"infinity, vision, imax, scene, scenes, saw, tva, screen"
pcb9qta,4,"movie, time, man, mcu, marvel, loki, movies, doom"
pcb9q8a,4,"movie, time, man, mcu, marvel, loki, movies, doom"
pcb9otk,4,"movie, time, man, mcu, marvel, loki, movies, doom"
pcb9oo4,4,"movie, time, man, mcu, marvel, loki, movies, doom"
pcb9oei,4,"movie, time, man, mcu, marvel, loki, movies, doom"
pcb9o2i,4,"movie, time, man, mcu, marvel, loki, movies, doom"
pcb9gwc,3,"infinity, vision, imax, scene, scenes, saw, tva, screen"
pcb9gi0,4,"movie, time, man, mcu, marvel, loki, movies, doom"
pcb9fne,4,"movie, time, man, mcu, marvel, loki, movies, doom"
pcb9e4d,4,"movie, time, man, mcu, marvel, loki, movies, doom"
pcb9dpc,0,"gif, giphy, love, guy, number, op, biggest, bring"
pcb9bph,4,"movie, time, man, mcu, marvel, loki, movies, doom"
pcb9auo,1,"like, just, people, don, know, think, lol, did"
pcb98m2,3,"infinity, vision, imax, scene, scenes, saw, tva, screen"
pcb935u,4,"movie, time, man, mcu, marvel, loki, movies, doom"
pcb92rk,1,"like, just, people, don, know, think, lol, did"
pcb92oq,4,"movie, time, man, mcu, marvel, loki, movies, doom"
pcb919p,4,"movie, time, man, mcu, marvel, loki, movies, doom"
pcb8z41,1,"like, just, people, don, know, think, lol, did"
pcb8vvt,1,"like, just, people, don, know, think, lol, did"
pcb8uan,0,"gif, giphy, love, guy, number, op, biggest, bring"
pcb8pz7,4,"movie, time, man, mcu, marvel, loki, movies, doom"
pcb8q0h,1,"like, just, people, don, know, think, lol, did"
pcb8o1q,4,"movie, time, man, mcu, marvel, loki, movies, doom"
pcb8n9k,1,"like, just, people, don, know, think, lol, did"
pcb8kqh,4,"movie, time, man, mcu, marvel, loki, movies, doom"
pcb8inq,3,"infinity, vision, imax, scene, scenes, saw, tva, screen"
pcb8hw7,1,"like, just, people, don, know, think, lol, did"
pcb8h9n,4,"movie, time, man, mcu, marvel, loki, movies, doom"
pcb8fu8,3,"infinity, vision, imax, scene, scenes, saw, tva, screen"
pcb8eoq,4,"movie, time, man, mcu, marvel, loki, movies, doom"
pcb8ebr,1,"like, just, people, don, know, think, lol, did"
pcb8dvi,4,"movie, time, man, mcu, marvel, loki, movies, doom"
pcb8cht,4,"movie, time, man, mcu, marvel, loki, movies, doom"
pcb899v,3,"infinity, vision, imax, scene, scenes, saw, tva, screen"
pcb872c,4,"movie, time, man, mcu, marvel, loki, movies, doom"
pcb873y,2,"yes, doomsday, oh, pretty, say, comics, absolutely, better"
pcb86v8,1,"like, just, people, don, know, think, lol, did"
pcb84og,3,"infinity, vision, imax, scene, scenes, saw, tva, screen"
pcb82a5,4,"movie, time, man, mcu, marvel, loki, movies, doom"
pcb80we,4,"movie, time, man, mcu, marvel, loki, movies, doom"
pcb80c4,1,"like, just, people, don, know, think, lol, did"
pcb7ywq,1,"like, just, people, don, know, think, lol, did"
pcb7xgt,4,"movie, time, man, mcu, marvel, loki, movies, doom"
pcb7uub,3,"infinity, vision, imax, scene, scenes, saw, tva, screen"
pcb7u3z,0,"gif, giphy, love, guy, number, op, biggest, bring"
pcb7qib,4,"movie, time, man, mcu, marvel, loki, movies, doom"
pcb7pxc,4,"movie, time, man, mcu, marvel, loki, movies, doom"
pcb7o97,1,"like, just, people, don, know, think, lol, did"
pcb7kug,1,"like, just, people, don, know, think, lol, did"
pcb7k13,4,"movie, time, man, mcu, marvel, loki, movies, doom"
pcb7ikt,1,"like, just, people, don, know, think, lol, did"
pcb7gle,4,"movie, time, man, mcu, marvel, loki, movies, doom"
pcb7f0h,2,"yes, doomsday, oh, pretty, say, comics, absolutely, better"
pcb7ekm,4,"movie, time, man, mcu, marvel, loki, movies, doom"
pcb7ecx,4,"movie, time, man, mcu, marvel, loki, movies, doom"
pcb78p5,4,"movie, time, man, mcu, marvel, loki, movies, doom"
pcb77jp,1,"like, just, people, don, know, think, lol, did"
pcb774s,4,"movie, time, man, mcu, marvel, loki, movies, doom"
pcb72vc,4,"movie, time, man, mcu, marvel, loki, movies, doom"
pcb71md,1,"like, just, people, don, know, think, lol, did"
pcb71dx,4,"movie, time, man, mcu, marvel, loki, movies, doom"
pcb70em,1,"like, just, people, don, know, think, lol, did"
pcb6zir,4,"movie, time, man, mcu, marvel, loki, movies, doom"
pcb6vla,4,"movie, time, man, mcu, marvel, loki, movies, doom"
pcb6uom,1,"like, just, people, don, know, think, lol, did"
pcb6pox,1,"like, just, people, don, know, think, lol, did"
pcb6p11,4,"movie, time, man, mcu, marvel, loki, movies, doom"
pcb6ogf,1,"like, just, people, don, know, think, lol, did"
pcb6ntl,3,"infinity, vision, imax, scene, scenes, saw, tva, screen"
pcb6n0p,1,"like, just, people, don, know, think, lol, did"
pcb6n0y,3,"infinity, vision, imax, scene, scenes, saw, tva, screen"
pcb6m5e,3,"infinity, vision, imax, scene, scenes, saw, tva, screen"
pcb6lht,4,"movie, time, man, mcu, marvel, loki, movies, doom"
pcb6j7o,4,"movie, time, man, mcu, marvel, loki, movies, doom"
pcb6ipw,4,"movie, time, man, mcu, marvel, loki, movies, doom"
pcb6i99,3,"infinity, vision, imax, scene, scenes, saw, tva, screen"
pcb6i4s,4,"movie, time, man, mcu, marvel, loki, movies, doom"
pcb6er2,4,"movie, time, man, mcu, marvel, loki, movies, doom"
pcb6ela,4,"movie, time, man, mcu, marvel, loki, movies, doom"
pcb6cm8,4,"movie, time, man, mcu, marvel, loki, movies, doom"
pcb6948,1,"like, just, people, don, know, think, lol, did"
pcb66cc,4,"movie, time, man, mcu, marvel, loki, movies, doom"
pcb6673,2,"yes, doomsday, oh, pretty, say, comics, absolutely, better"
pcb62p3,1,"like, just, people, don, know, think, lol, did"
pcb62qg,4,"movie, time, man, mcu, marvel, loki, movies, doom"
pcb60hr,1,"like, just, people, don, know, think, lol, did"
pcb60jc,1,"like, just, people, don, know, think, lol, did"
pcb60ff,1,"like, just, people, don, know, think, lol, did"
pcb602l,1,"like, just, people, don, know, think, lol, did"
pcb5z1y,4,"movie, time, man, mcu, marvel, loki, movies, doom"
pcb5yng,1,"like, just, people, don, know, think, lol, did"
pcb5yle,3,"infinity, vision, imax, scene, scenes, saw, tva, screen"
pcb5x41,4,"movie, time, man, mcu, marvel, loki, movies, doom"
pcb5wd9,3,"infinity, vision, imax, scene, scenes, saw, tva, screen"
pcb5w97,4,"movie, time, man, mcu, marvel, loki, movies, doom"
pcb5vnj,4,"movie, time, man, mcu, marvel, loki, movies, doom"
pcb5uj9,4,"movie, time, man, mcu, marvel, loki, movies, doom"
pcb5tr7,3,"infinity, vision, imax, scene, scenes, saw, tva, screen"
pcb5ths,3,"infinity, vision, imax, scene, scenes, saw, tva, screen"
pcb5sph,3,"infinity, vision, imax, scene, scenes, saw, tva, screen"
pcb5rln,2,"yes, doomsday, oh, pretty, say, comics, absolutely, better"
pcb5px9,4,"movie, time, man, mcu, marvel, loki, movies, doom"
pcb5p0m,0,"gif, giphy, love, guy, number, op, biggest, bring"
pcb5oyn,4,"movie, time, man, mcu, marvel, loki, movies, doom"
pcb5os7,1,"like, just, people, don, know, think, lol, did"
pcb5nzz,1,"like, just, people, don, know, think, lol, did"
pcb5nal,4,"movie, time, man, mcu, marvel, loki, movies, doom"
pcb5n15,4,"movie, time, man, mcu, marvel, loki, movies, doom"
pcb5mws,4,"movie, time, man, mcu, marvel, loki, movies, doom"
pcb5m1g,4,"movie, time, man, mcu, marvel, loki, movies, doom"
pcb5lo3,1,"like, just, people, don, know, think, lol, did"
pcb5l1y,3,"infinity, vision, imax, scene, scenes, saw, tva, screen"
pcb5kw0,4,"movie, time, man, mcu, marvel, loki, movies, doom"
pcb5kjg,1,"like, just, people, don, know, think, lol, did"
pcb5jx7,4,"movie, time, man, mcu, marvel, loki, movies, doom"
pcb5j1u,4,"movie, time, man, mcu, marvel, loki, movies, doom"
pcb5g7c,1,"like, just, people, don, know, think, lol, did"
pcb5fr7,0,"gif, giphy, love, guy, number, op, biggest, bring"
pcb5fjg,3,"infinity, vision, imax, scene, scenes, saw, tva, screen"
pcb5f2p,3,"infinity, vision, imax, scene, scenes, saw, tva, screen"
pcb5e74,0,"gif, giphy, love, guy, number, op, biggest, bring"
pcb5dxz,4,"movie, time, man, mcu, marvel, loki, movies, doom"
pcb5cfp,3,"infinity, vision, imax, scene, scenes, saw, tva, screen"
pcb5b11,4,"movie, time, man, mcu, marvel, loki, movies, doom"
pcb59qm,4,"movie, time, man, mcu, marvel, loki, movies, doom"
pcb5829,4,"movie, time, man, mcu, marvel, loki, movies, doom"
pcb57pk,0,"gif, giphy, love, guy, number, op, biggest, bring"
pcb52t3,1,"like, just, people, don, know, think, lol, did"
pcb52f6,4,"movie, time, man, mcu, marvel, loki, movies, doom"
pcb4zy2,4,"movie, time, man, mcu, marvel, loki, movies, doom"
pcb4ztl,3,"infinity, vision, imax, scene, scenes, saw, tva, screen"
pcb4zu8,4,"movie, time, man, mcu, marvel, loki, movies, doom"
pcb4zor,1,"like, just, people, don, know, think, lol, did"
pcb4ydc,1,"like, just, people, don, know, think, lol, did"
pcb4wv0,1,"like, just, people, don, know, think, lol, did"
pcb4w9p,4,"movie, time, man, mcu, marvel, loki, movies, doom"
pcb4vig,3,"infinity, vision, imax, scene, scenes, saw, tva, screen"
pcb4un5,4,"movie, time, man, mcu, marvel, loki, movies, doom"
pcb4ri2,4,"movie, time, man, mcu, marvel, loki, movies, doom"
pcb4q7s,3,"infinity, vision, imax, scene, scenes, saw, tva, screen"
pcb4q13,3,"infinity, vision, imax, scene, scenes, saw, tva, screen"
pcb4prp,2,"yes, doomsday, oh, pretty, say, comics, absolutely, better"
pcb4ph9,4,"movie, time, man, mcu, marvel, loki, movies, doom"
pcb4o8x,1,"like, just, people, don, know, think, lol, did"
pcb4nc8,4,"movie, time, man, mcu, marvel, loki, movies, doom"
pcb4mmg,4,"movie, time, man, mcu, marvel, loki, movies, doom"
pcb4ldt,4,"movie, time, man, mcu, marvel, loki, movies, doom"
pcb4kbs,4,"movie, time, man, mcu, marvel, loki, movies, doom"
pcb4hil,1,"like, just, people, don, know, think, lol, did"
pcb4fjr,4,"movie, time, man, mcu, marvel, loki, movies, doom"
pcb4dev,2,"yes, doomsday, oh, pretty, say, comics, absolutely, better"
pcb4c5p,4,"movie, time, man, mcu, marvel, loki, movies, doom"
pcb4c3o,3,"infinity, vision, imax, scene, scenes, saw, tva, screen"
pcb48ka,1,"like, just, people, don, know, think, lol, did"
pcb470l,4,"movie, time, man, mcu, marvel, loki, movies, doom"
pcb44oi,3,"infinity, vision, imax, scene, scenes, saw, tva, screen"
pcb44ax,3,"infinity, vision, imax, scene, scenes, saw, tva, screen"
pcb433i,4,"movie, time, man, mcu, marvel, loki, movies, doom"
pcb416k,0,"gif, giphy, love, guy, number, op, biggest, bring"
pcb3zo6,1,"like, just, people, don, know, think, lol, did"
pcb3yqg,4,"movie, time, man, mcu, marvel, loki, movies, doom"
pcb3y09,1,"like, just, people, don, know, think, lol, did"
pcb3xf2,4,"movie, time, man, mcu, marvel, loki, movies, doom"
pcb3x4e,1,"like, just, people, don, know, think, lol, did"
pcb3wqh,3,"infinity, vision, imax, scene, scenes, saw, tva, screen"
pcb3vpm,4,"movie, time, man, mcu, marvel, loki, movies, doom"
pcb3vgv,4,"movie, time, man, mcu, marvel, loki, movies, doom"
pcb3tq0,3,"infinity, vision, imax, scene, scenes, saw, tva, screen"
pcb3t3o,4,"movie, time, man, mcu, marvel, loki, movies, doom"
pcb3suz,1,"like, just, people, don, know, think, lol, did"
pcb3sv2,1,"like, just, people, don, know, think, lol, did"
pcb3s5u,0,"gif, giphy, love, guy, number, op, biggest, bring"
pcb3qq9,4,"movie, time, man, mcu, marvel, loki, movies, doom"
pcb3os4,4,"movie, time, man, mcu, marvel, loki, movies, doom"
pcb3ot1,3,"infinity, vision, imax, scene, scenes, saw, tva, screen"
pcb3n7k,4,"movie, time, man, mcu, marvel, loki, movies, doom"
pcb3lh9,1,"like, just, people, don, know, think, lol, did"
pcb3ka0,3,"infinity, vision, imax, scene, scenes, saw, tva, screen"
pcb3igr,3,"infinity, vision, imax, scene, scenes, saw, tva, screen"
pcb3gsb,3,"infinity, vision, imax, scene, scenes, saw, tva, screen"
pcb3ghs,0,"gif, giphy, love, guy, number, op, biggest, bring"
pcb3frl,1,"like, just, people, don, know, think, lol, did"
pcb3etb,4,"movie, time, man, mcu, marvel, loki, movies, doom"
pcb3euf,3,"infinity, vision, imax, scene, scenes, saw, tva, screen"
pcb3en0,1,"like, just, people, don, know, think, lol, did"
pcb3dfz,3,"infinity, vision, imax, scene, scenes, saw, tva, screen"
pcb3d7f,1,"like, just, people, don, know, think, lol, did"
pcb3cd6,4,"movie, time, man, mcu, marvel, loki, movies, doom"
pcb3av4,1,"like, just, people, don, know, think, lol, did"
pcb3arq,1,"like, just, people, don, know, think, lol, did"
pcb3ad6,3,"infinity, vision, imax, scene, scenes, saw, tva, screen"
pcb3aak,2,"yes, doomsday, oh, pretty, say, comics, absolutely, better"
pcb39dc,4,"movie, time, man, mcu, marvel, loki, movies, doom"
pcb38et,1,"like, just, people, don, know, think, lol, did"
pcb3895,4,"movie, time, man, mcu, marvel, loki, movies, doom"
pcb37n1,4,"movie, time, man, mcu, marvel, loki, movies, doom"
pcb378s,4,"movie, time, man, mcu, marvel, loki, movies, doom"
pcb36yj,4,"movie, time, man, mcu, marvel, loki, movies, doom"
pcb33o2,4,"movie, time, man, mcu, marvel, loki, movies, doom"
pcb33e0,2,"yes, doomsday, oh, pretty, say, comics, absolutely, better"
pcb32dd,4,"movie, time, man, mcu, marvel, loki, movies, doom"
pcb2zql,4,"movie, time, man, mcu, marvel, loki, movies, doom"
pcb2zl4,4,"movie, time, man, mcu, marvel, loki, movies, doom"
pcb2z55,1,"like, just, people, don, know, think, lol, did"
pcb2vxi,1,"like, just, people, don, know, think, lol, did"
pcb2tg8,3,"infinity, vision, imax, scene, scenes, saw, tva, screen"
pcb2tc6,3,"infinity, vision, imax, scene, scenes, saw, tva, screen"
pcb2red,4,"movie, time, man, mcu, marvel, loki, movies, doom"
pcb2re3,0,"gif, giphy, love, guy, number, op, biggest, bring"
pcb2qxd,1,"like, just, people, don, know, think, lol, did"
pcb2p3r,2,"yes, doomsday, oh, pretty, say, comics, absolutely, better"
pcb2oqn,4,"movie, time, man, mcu, marvel, loki, movies, doom"
pcb2n7y,1,"like, just, people, don, know, think, lol, did"
pcb2m3e,4,"movie, time, man, mcu, marvel, loki, movies, doom"
pcb2l2o,0,"gif, giphy, love, guy, number, op, biggest, bring"
pcb2ic0,1,"like, just, people, don, know, think, lol, did"
pcb2icf,0,"gif, giphy, love, guy, number, op, biggest, bring"
pcb2hp1,0,"gif, giphy, love, guy, number, op, biggest, bring"
pcb2gd6,4,"movie, time, man, mcu, marvel, loki, movies, doom"
pcb2bth,4,"movie, time, man, mcu, marvel, loki, movies, doom"
pcb2bw9,4,"movie, time, man, mcu, marvel, loki, movies, doom"
pcb2a7d,4,"movie, time, man, mcu, marvel, loki, movies, doom"
pcb27pc,1,"like, just, people, don, know, think, lol, did"
pcb26xo,1,"like, just, people, don, know, think, lol, did"
pcb26rg,4,"movie, time, man, mcu, marvel, loki, movies, doom"
pcb26po,0,"gif, giphy, love, guy, number, op, biggest, bring"
pcb25lm,1,"like, just, people, don, know, think, lol, did"
pcb20yp,4,"movie, time, man, mcu, marvel, loki, movies, doom"
pcb1z19,4,"movie, time, man, mcu, marvel, loki, movies, doom"
pcb1var,4,"movie, time, man, mcu, marvel, loki, movies, doom"
pcb1v5e,4,"movie, time, man, mcu, marvel, loki, movies, doom"
pcb1o1f,1,"like, just, people, don, know, think, lol, did"
pcb1nl0,4,"movie, time, man, mcu, marvel, loki, movies, doom"
pcb1lxi,4,"movie, time, man, mcu, marvel, loki, movies, doom"
pcb1lre,4,"movie, time, man, mcu, marvel, loki, movies, doom"
pcb1lrp,1,"like, just, people, don, know, think, lol, did"
pcb1f4r,1,"like, just, people, don, know, think, lol, did"
pcb16do,1,"like, just, people, don, know, think, lol, did"
pcb16az,1,"like, just, people, don, know, think, lol, did"
pcb14q5,1,"like, just, people, don, know, think, lol, did"
pcb11s6,3,"infinity, vision, imax, scene, scenes, saw, tva, screen"
pcb111z,1,"like, just, people, don, know, think, lol, did"
pcb0v0l,4,"movie, time, man, mcu, marvel, loki, movies, doom"
pcb0rpi,4,"movie, time, man, mcu, marvel, loki, movies, doom"
pcb0roc,1,"like, just, people, don, know, think, lol, did"
pcb0rfq,1,"like, just, people, don, know, think, lol, did"
pcb0qwa,4,"movie, time, man, mcu, marvel, loki, movies, doom"
pcb0qff,4,"movie, time, man, mcu, marvel, loki, movies, doom"
pcb0mm6,4,"movie, time, man, mcu, marvel, loki, movies, doom"
pcb0lyt,1,"like, just, people, don, know, think, lol, did"
pcb0klg,1,"like, just, people, don, know, think, lol, did"
pcb0jtv,4,"movie, time, man, mcu, marvel, loki, movies, doom"
pcb0iyv,4,"movie, time, man, mcu, marvel, loki, movies, doom"
pcb0ilt,4,"movie, time, man, mcu, marvel, loki, movies, doom"
pcb0hrn,4,"movie, time, man, mcu, marvel, loki, movies, doom"
pcb0hpd,1,"like, just, people, don, know, think, lol, did"
pcb0glj,3,"infinity, vision, imax, scene, scenes, saw, tva, screen"
pcb0eec,3,"infinity, vision, imax, scene, scenes, saw, tva, screen"
pcb0eep,4,"movie, time, man, mcu, marvel, loki, movies, doom"
pcb0cz9,4,"movie, time, man, mcu, marvel, loki, movies, doom"
pcb08xf,4,"movie, time, man, mcu, marvel, loki, movies, doom"
pcb07mv,3,"infinity, vision, imax, scene, scenes, saw, tva, screen"
pcb06cn,1,"like, just, people, don, know, think, lol, did"
pcb0497,4,"movie, time, man, mcu, marvel, loki, movies, doom"
pcb036s,1,"like, just, people, don, know, think, lol, did"
pcb01n6,4,"movie, time, man, mcu, marvel, loki, movies, doom"
pcb01hx,4,"movie, time, man, mcu, marvel, loki, movies, doom"
pcb00et,1,"like, just, people, don, know, think, lol, did"
pcazy22,4,"movie, time, man, mcu, marvel, loki, movies, doom"
pcazxni,1,"like, just, people, don, know, think, lol, did"
pcazx0b,0,"gif, giphy, love, guy, number, op, biggest, bring"
pcazwae,1,"like, just, people, don, know, think, lol, did"
pcazsjg,4,"movie, time, man, mcu, marvel, loki, movies, doom"
pcazrph,3,"infinity, vision, imax, scene, scenes, saw, tva, screen"
pcazq4l,4,"movie, time, man, mcu, marvel, loki, movies, doom"
pcazlcs,4,"movie, time, man, mcu, marvel, loki, movies, doom"
pcazkr7,1,"like, just, people, don, know, think, lol, did"
pcazisf,1,"like, just, people, don, know, think, lol, did"
pcazip5,1,"like, just, people, don, know, think, lol, did"
pcazi56,1,"like, just, people, don, know, think, lol, did"
pcazi0v,1,"like, just, people, don, know, think, lol, did"
pcazf9l,1,"like, just, people, don, know, think, lol, did"
pcazdon,4,"movie, time, man, mcu, marvel, loki, movies, doom"
pcazdbr,4,"movie, time, man, mcu, marvel, loki, movies, doom"
pcazch1,1,"like, just, people, don, know, think, lol, did"
pcazb0b,1,"like, just, people, don, know, think, lol, did"
pcazart,1,"like, just, people, don, know, think, lol, did"
pcazae9,4,"movie, time, man, mcu, marvel, loki, movies, doom"
pcaza6q,4,"movie, time, man, mcu, marvel, loki, movies, doom"
pcaz8d3,4,"movie, time, man, mcu, marvel, loki, movies, doom"
pcaz770,3,"infinity, vision, imax, scene, scenes, saw, tva, screen"
pcaz67i,1,"like, just, people, don, know, think, lol, did"
pcaz5n6,4,"movie, time, man, mcu, marvel, loki, movies, doom"
pcaz5e0,4,"movie, time, man, mcu, marvel, loki, movies, doom"
pcaz5fy,1,"like, just, people, don, know, think, lol, did"
pcaz1ur,0,"gif, giphy, love, guy, number, op, biggest, bring"
pcaz0mz,4,"movie, time, man, mcu, marvel, loki, movies, doom"
pcayz6h,4,"movie, time, man, mcu, marvel, loki, movies, doom"
pcayx45,4,"movie, time, man, mcu, marvel, loki, movies, doom"
pcaywse,1,"like, just, people, don, know, think, lol, did"
pcaywju,4,"movie, time, man, mcu, marvel, loki, movies, doom"
pcayuko,1,"like, just, people, don, know, think, lol, did"
pcayswf,4,"movie, time, man, mcu, marvel, loki, movies, doom"
pcayrkv,1,"like, just, people, don, know, think, lol, did"
pcaypx5,1,"like, just, people, don, know, think, lol, did"
pcayo8n,4,"movie, time, man, mcu, marvel, loki, movies, doom"
pcaynlb,3,"infinity, vision, imax, scene, scenes, saw, tva, screen"
pcaykij,4,"movie, time, man, mcu, marvel, loki, movies, doom"
pcayjab,3,"infinity, vision, imax, scene, scenes, saw, tva, screen"
pcayizb,0,"gif, giphy, love, guy, number, op, biggest, bring"
pcayh2w,4,"movie, time, man, mcu, marvel, loki, movies, doom"
pcayfyw,4,"movie, time, man, mcu, marvel, loki, movies, doom"
pcayed6,4,"movie, time, man, mcu, marvel, loki, movies, doom"
pcaye9c,4,"movie, time, man, mcu, marvel, loki, movies, doom"
pcaydae,4,"movie, time, man, mcu, marvel, loki, movies, doom"
pcayctt,1,"like, just, people, don, know, think, lol, did"
pcaycle,1,"like, just, people, don, know, think, lol, did"
pcaybp0,1,"like, just, people, don, know, think, lol, did"
pcayalg,1,"like, just, people, don, know, think, lol, did"
pcay79v,4,"movie, time, man, mcu, marvel, loki, movies, doom"
pcay6cc,1,"like, just, people, don, know, think, lol, did"
pcay51d,1,"like, just, people, don, know, think, lol, did"
pcay538,4,"movie, time, man, mcu, marvel, loki, movies, doom"
pcay4g5,0,"gif, giphy, love, guy, number, op, biggest, bring"
pcay44m,1,"like, just, people, don, know, think, lol, did"
pcay322,3,"infinity, vision, imax, scene, scenes, saw, tva, screen"
pcay2rh,4,"movie, time, man, mcu, marvel, loki, movies, doom"
pcay1rn,4,"movie, time, man, mcu, marvel, loki, movies, doom"
pcaxy92,3,"infinity, vision, imax, scene, scenes, saw, tva, screen"
pcaxxq8,4,"movie, time, man, mcu, marvel, loki, movies, doom"
pcaxweo,3,"infinity, vision, imax, scene, scenes, saw, tva, screen"
pcaxv77,3,"infinity, vision, imax, scene, scenes, saw, tva, screen"
pcaxupi,1,"like, just, people, don, know, think, lol, did"
pcaxrzz,4,"movie, time, man, mcu, marvel, loki, movies, doom"
pcaxqdi,4,"movie, time, man, mcu, marvel, loki, movies, doom"
pcaxort,1,"like, just, people, don, know, think, lol, did"
pcaxoov,4,"movie, time, man, mcu, marvel, loki, movies, doom"
pcaxnpf,4,"movie, time, man, mcu, marvel, loki, movies, doom"
pcaxjeq,4,"movie, time, man, mcu, marvel, loki, movies, doom"
pcaxj67,4,"movie, time, man, mcu, marvel, loki, movies, doom"
pcaxiyp,3,"infinity, vision, imax, scene, scenes, saw, tva, screen"
pcaxinm,4,"movie, time, man, mcu, marvel, loki, movies, doom"
pcaxihh,1,"like, just, people, don, know, think, lol, did"
pcaxig0,4,"movie, time, man, mcu, marvel, loki, movies, doom"
pcaxid3,3,"infinity, vision, imax, scene, scenes, saw, tva, screen"
pcaxh3y,4,"movie, time, man, mcu, marvel, loki, movies, doom"
pcaxff0,4,"movie, time, man, mcu, marvel, loki, movies, doom"
pcaxcvh,1,"like, just, people, don, know, think, lol, did"
pcaxacf,4,"movie, time, man, mcu, marvel, loki, movies, doom"
pcaxa63,4,"movie, time, man, mcu, marvel, loki, movies, doom"
pcax8xw,4,"movie, time, man, mcu, marvel, loki, movies, doom"
pcax8g6,3,"infinity, vision, imax, scene, scenes, saw, tva, screen"
pcax73u,3,"infinity, vision, imax, scene, scenes, saw, tva, screen"
pcax686,1,"like, just, people, don, know, think, lol, did"
pcax4ml,4,"movie, time, man, mcu, marvel, loki, movies, doom"
pcax42r,4,"movie, time, man, mcu, marvel, loki, movies, doom"
pcax3ow,1,"like, just, people, don, know, think, lol, did"
pcax3fw,3,"infinity, vision, imax, scene, scenes, saw, tva, screen"
pcax07f,4,"movie, time, man, mcu, marvel, loki, movies, doom"
pcawznp,3,"infinity, vision, imax, scene, scenes, saw, tva, screen"
pcawz11,3,"infinity, vision, imax, scene, scenes, saw, tva, screen"
pcawwqb,1,"like, just, people, don, know, think, lol, did"
pcawwnh,1,"like, just, people, don, know, think, lol, did"
pcawvpq,4,"movie, time, man, mcu, marvel, loki, movies, doom"
pcawvjf,3,"infinity, vision, imax, scene, scenes, saw, tva, screen"
pcawva0,4,"movie, time, man, mcu, marvel, loki, movies, doom"
pcawv69,4,"movie, time, man, mcu, marvel, loki, movies, doom"
pcawubb,1,"like, just, people, don, know, think, lol, did"
pcawrxf,1,"like, just, people, don, know, think, lol, did"
pcawrrw,3,"infinity, vision, imax, scene, scenes, saw, tva, screen"
pcawrct,4,"movie, time, man, mcu, marvel, loki, movies, doom"
pcawr6s,0,"gif, giphy, love, guy, number, op, biggest, bring"
pcawqc7,4,"movie, time, man, mcu, marvel, loki, movies, doom"
pcawq2j,4,"movie, time, man, mcu, marvel, loki, movies, doom"
pcawq32,1,"like, just, people, don, know, think, lol, did"
pcawmef,4,"movie, time, man, mcu, marvel, loki, movies, doom"
pcawlm8,4,"movie, time, man, mcu, marvel, loki, movies, doom"
pcawli1,4,"movie, time, man, mcu, marvel, loki, movies, doom"
pcawliy,3,"infinity, vision, imax, scene, scenes, saw, tva, screen"
pcawl65,1,"like, just, people, don, know, think, lol, did"
pcawl3p,4,"movie, time, man, mcu, marvel, loki, movies, doom"
pcawki6,0,"gif, giphy, love, guy, number, op, biggest, bring"
pcawica,4,"movie, time, man, mcu, marvel, loki, movies, doom"
pcawi7o,3,"infinity, vision, imax, scene, scenes, saw, tva, screen"
pcawfmp,1,"like, just, people, don, know, think, lol, did"
pcawfms,4,"movie, time, man, mcu, marvel, loki, movies, doom"
pcaweq2,4,"movie, time, man, mcu, marvel, loki, movies, doom"
pcawdpu,3,"infinity, vision, imax, scene, scenes, saw, tva, screen"
pcawdjg,4,"movie, time, man, mcu, marvel, loki, movies, doom"
pcawczm,0,"gif, giphy, love, guy, number, op, biggest, bring"
pcawchm,4,"movie, time, man, mcu, marvel, loki, movies, doom"
pcawbfe,4,"movie, time, man, mcu, marvel, loki, movies, doom"
pcawau8,4,"movie, time, man, mcu, marvel, loki, movies, doom"
pcaw9lm,1,"like, just, people, don, know, think, lol, did"
pcaw99n,4,"movie, time, man, mcu, marvel, loki, movies, doom"
pcaw88l,4,"movie, time, man, mcu, marvel, loki, movies, doom"
pcaw75i,4,"movie, time, man, mcu, marvel, loki, movies, doom"
pcaw5rw,3,"infinity, vision, imax, scene, scenes, saw, tva, screen"
pcaw55s,3,"infinity, vision, imax, scene, scenes, saw, tva, screen"
pcaw44j,1,"like, just, people, don, know, think, lol, did"
pcaw1v7,1,"like, just, people, don, know, think, lol, did"
pcaw0cd,3,"infinity, vision, imax, scene, scenes, saw, tva, screen"
pcavvl9,1,"like, just, people, don, know, think, lol, did"
pcavu73,1,"like, just, people, don, know, think, lol, did"
pcavtus,0,"gif, giphy, love, guy, number, op, biggest, bring"
pcavsfp,1,"like, just, people, don, know, think, lol, did"
pcavrr3,0,"gif, giphy, love, guy, number, op, biggest, bring"
pcavqb0,3,"infinity, vision, imax, scene, scenes, saw, tva, screen"
pcavox1,4,"movie, time, man, mcu, marvel, loki, movies, doom"
pcavn5z,0,"gif, giphy, love, guy, number, op, biggest, bring"
pcavm8i,0,"gif, giphy, love, guy, number, op, biggest, bring"
pcavk78,0,"gif, giphy, love, guy, number, op, biggest, bring"
pcavj9v,4,"movie, time, man, mcu, marvel, loki, movies, doom"
pcavgps,4,"movie, time, man, mcu, marvel, loki, movies, doom"
pcavfrh,1,"like, just, people, don, know, think, lol, did"
pcavfjd,4,"movie, time, man, mcu, marvel, loki, movies, doom"
pcaveym,3,"infinity, vision, imax, scene, scenes, saw, tva, screen"
pcavecf,4,"movie, time, man, mcu, marvel, loki, movies, doom"
pcavdnr,4,"movie, time, man, mcu, marvel, loki, movies, doom"
pcavcyi,1,"like, just, people, don, know, think, lol, did"
pcavcan,3,"infinity, vision, imax, scene, scenes, saw, tva, screen"
pcavb4e,4,"movie, time, man, mcu, marvel, loki, movies, doom"
pcavapt,4,"movie, time, man, mcu, marvel, loki, movies, doom"
pcavasg,0,"gif, giphy, love, guy, number, op, biggest, bring"
pcav8em,1,"like, just, people, don, know, think, lol, did"
pcav65o,3,"infinity, vision, imax, scene, scenes, saw, tva, screen"
pcav5nj,0,"gif, giphy, love, guy, number, op, biggest, bring"
pcav51f,4,"movie, time, man, mcu, marvel, loki, movies, doom"
pcav430,4,"movie, time, man, mcu, marvel, loki, movies, doom"
pcav2za,1,"like, just, people, don, know, think, lol, did"
pcav22w,4,"movie, time, man, mcu, marvel, loki, movies, doom"
pcav206,1,"like, just, people, don, know, think, lol, did"
pcav1s2,0,"gif, giphy, love, guy, number, op, biggest, bring"
pcauwlw,4,"movie, time, man, mcu, marvel, loki, movies, doom"
pcauw8j,2,"yes, doomsday, oh, pretty, say, comics, absolutely, better"
pcauvz0,4,"movie, time, man, mcu, marvel, loki, movies, doom"
pcaurv2,4,"movie, time, man, mcu, marvel, loki, movies, doom"
pcaupvv,3,"infinity, vision, imax, scene, scenes, saw, tva, screen"
pcaupo4,2,"yes, doomsday, oh, pretty, say, comics, absolutely, better"
pcaup3g,4,"movie, time, man, mcu, marvel, loki, movies, doom"
pcaum31,3,"infinity, vision, imax, scene, scenes, saw, tva, screen"
pcaulw3,1,"like, just, people, don, know, think, lol, did"
pcaukwt,3,"infinity, vision, imax, scene, scenes, saw, tva, screen"
pcaujhc,3,"infinity, vision, imax, scene, scenes, saw, tva, screen"
pcauivs,4,"movie, time, man, mcu, marvel, loki, movies, doom"
pcaui0f,1,"like, just, people, don, know, think, lol, did"
pcaugzj,4,"movie, time, man, mcu, marvel, loki, movies, doom"
pcaugvt,4,"movie, time, man, mcu, marvel, loki, movies, doom"
pcaugdt,0,"gif, giphy, love, guy, number, op, biggest, bring"
pcaudyk,2,"yes, doomsday, oh, pretty, say, comics, absolutely, better"
pcaud54,4,"movie, time, man, mcu, marvel, loki, movies, doom"
pcaucm5,1,"like, just, people, don, know, think, lol, did"
pcauc2v,1,"like, just, people, don, know, think, lol, did"
pcaubq7,4,"movie, time, man, mcu, marvel, loki, movies, doom"
pcaub57,4,"movie, time, man, mcu, marvel, loki, movies, doom"
pcau967,4,"movie, time, man, mcu, marvel, loki, movies, doom"
pcau8l0,1,"like, just, people, don, know, think, lol, did"
pcau71c,3,"infinity, vision, imax, scene, scenes, saw, tva, screen"
pcau69b,4,"movie, time, man, mcu, marvel, loki, movies, doom"
pcau69u,4,"movie, time, man, mcu, marvel, loki, movies, doom"
pcau2gb,0,"gif, giphy, love, guy, number, op, biggest, bring"
pcau19x,1,"like, just, people, don, know, think, lol, did"
pcau1a1,4,"movie, time, man, mcu, marvel, loki, movies, doom"
pcatzax,4,"movie, time, man, mcu, marvel, loki, movies, doom"
pcatya0,3,"infinity, vision, imax, scene, scenes, saw, tva, screen"
pcaty7b,1,"like, just, people, don, know, think, lol, did"
pcatuy1,3,"infinity, vision, imax, scene, scenes, saw, tva, screen"
pcatuwu,4,"movie, time, man, mcu, marvel, loki, movies, doom"
pcatt4m,4,"movie, time, man, mcu, marvel, loki, movies, doom"
pcatrkw,3,"infinity, vision, imax, scene, scenes, saw, tva, screen"
pcatrf3,1,"like, just, people, don, know, think, lol, did"
pcato67,0,"gif, giphy, love, guy, number, op, biggest, bring"
pcatn7p,3,"infinity, vision, imax, scene, scenes, saw, tva, screen"
pcatlit,1,"like, just, people, don, know, think, lol, did"
pcatjde,0,"gif, giphy, love, guy, number, op, biggest, bring"
pcatj8d,4,"movie, time, man, mcu, marvel, loki, movies, doom"
pcatiih,4,"movie, time, man, mcu, marvel, loki, movies, doom"
pcathv0,4,"movie, time, man, mcu, marvel, loki, movies, doom"
pcathvk,4,"movie, time, man, mcu, marvel, loki, movies, doom"
pcatdfa,3,"infinity, vision, imax, scene, scenes, saw, tva, screen"
pcatcuy,3,"infinity, vision, imax, scene, scenes, saw, tva, screen"
pcatbto,3,"infinity, vision, imax, scene, scenes, saw, tva, screen"
pcatbug,4,"movie, time, man, mcu, marvel, loki, movies, doom"
pcatbhu,4,"movie, time, man, mcu, marvel, loki, movies, doom"
pcatber,4,"movie, time, man, mcu, marvel, loki, movies, doom"
pcat9rl,3,"infinity, vision, imax, scene, scenes, saw, tva, screen"
pcat99s,3,"infinity, vision, imax, scene, scenes, saw, tva, screen"
pcat92t,3,"infinity, vision, imax, scene, scenes, saw, tva, screen"
pcat8oj,0,"gif, giphy, love, guy, number, op, biggest, bring"
pcat7n8,1,"like, just, people, don, know, think, lol, did"
pcat6y5,1,"like, just, people, don, know, think, lol, did"
pcat6l6,0,"gif, giphy, love, guy, number, op, biggest, bring"
pcat6d8,3,"infinity, vision, imax, scene, scenes, saw, tva, screen"
pcat4lg,4,"movie, time, man, mcu, marvel, loki, movies, doom"
pcat3oy,3,"infinity, vision, imax, scene, scenes, saw, tva, screen"
pcat2w3,4,"movie, time, man, mcu, marvel, loki, movies, doom"
pcat28b,1,"like, just, people, don, know, think, lol, did"
pcat1mm,3,"infinity, vision, imax, scene, scenes, saw, tva, screen"
pcasybo,0,"gif, giphy, love, guy, number, op, biggest, bring"
pcasvj7,4,"movie, time, man, mcu, marvel, loki, movies, doom"
pcastkr,4,"movie, time, man, mcu, marvel, loki, movies, doom"
pcasrj7,0,"gif, giphy, love, guy, number, op, biggest, bring"
pcasqup,4,"movie, time, man, mcu, marvel, loki, movies, doom"
pcasnoy,4,"movie, time, man, mcu, marvel, loki, movies, doom"
pcasmko,4,"movie, time, man, mcu, marvel, loki, movies, doom"
pcasmfm,4,"movie, time, man, mcu, marvel, loki, movies, doom"
pcasmed,1,"like, just, people, don, know, think, lol, did"
pcaskxz,3,"infinity, vision, imax, scene, scenes, saw, tva, screen"
pcask5r,3,"infinity, vision, imax, scene, scenes, saw, tva, screen"
pcask1p,1,"like, just, people, don, know, think, lol, did"
pcasjfg,4,"movie, time, man, mcu, marvel, loki, movies, doom"
pcasjch,1,"like, just, people, don, know, think, lol, did"
pcashvk,3,"infinity, vision, imax, scene, scenes, saw, tva, screen"
pcashra,1,"like, just, people, don, know, think, lol, did"
pcashb6,2,"yes, doomsday, oh, pretty, say, comics, absolutely, better"
pcasch8,0,"gif, giphy, love, guy, number, op, biggest, bring"
pcasbs2,0,"gif, giphy, love, guy, number, op, biggest, bring"
pcasbth,3,"infinity, vision, imax, scene, scenes, saw, tva, screen"
pcasa6h,3,"infinity, vision, imax, scene, scenes, saw, tva, screen"
pcas93p,1,"like, just, people, don, know, think, lol, did"
pcas8ch,1,"like, just, people, don, know, think, lol, did"
pcas8cm,1,"like, just, people, don, know, think, lol, did"
pcas777,4,"movie, time, man, mcu, marvel, loki, movies, doom"
pcas1eo,3,"infinity, vision, imax, scene, scenes, saw, tva, screen"
pcarzza,4,"movie, time, man, mcu, marvel, loki, movies, doom"
pcarzfo,4,"movie, time, man, mcu, marvel, loki, movies, doom"
pcarzbk,3,"infinity, vision, imax, scene, scenes, saw, tva, screen"
pcarykr,4,"movie, time, man, mcu, marvel, loki, movies, doom"
pcaryii,3,"infinity, vision, imax, scene, scenes, saw, tva, screen"
pcary7v,0,"gif, giphy, love, guy, number, op, biggest, bring"
pcarwbl,3,"infinity, vision, imax, scene, scenes, saw, tva, screen"
pcarv7s,0,"gif, giphy, love, guy, number, op, biggest, bring"
pcaruar,1,"like, just, people, don, know, think, lol, did"
pcartry,3,"infinity, vision, imax, scene, scenes, saw, tva, screen"
pcarsdz,3,"infinity, vision, imax, scene, scenes, saw, tva, screen"
pcarru4,1,"like, just, people, don, know, think, lol, did"
pcarr4r,4,"movie, time, man, mcu, marvel, loki, movies, doom"
pcarpws,4,"movie, time, man, mcu, marvel, loki, movies, doom"
pcarns3,1,"like, just, people, don, know, think, lol, did"
pcarllb,1,"like, just, people, don, know, think, lol, did"
pcarknu,4,"movie, time, man, mcu, marvel, loki, movies, doom"
pcarjd6,1,"like, just, people, don, know, think, lol, did"
pcarheu,1,"like, just, people, don, know, think, lol, did"
pcarhgp,3,"infinity, vision, imax, scene, scenes, saw, tva, screen"
pcarfz4,0,"gif, giphy, love, guy, number, op, biggest, bring"
pcarecx,4,"movie, time, man, mcu, marvel, loki, movies, doom"
pcardtd,1,"like, just, people, don, know, think, lol, did"
pcardfo,0,"gif, giphy, love, guy, number, op, biggest, bring"
pcarda7,4,"movie, time, man, mcu, marvel, loki, movies, doom"
pcardbl,1,"like, just, people, don, know, think, lol, did"
pcard95,4,"movie, time, man, mcu, marvel, loki, movies, doom"
pcarcmv,3,"infinity, vision, imax, scene, scenes, saw, tva, screen"
pcarcd1,4,"movie, time, man, mcu, marvel, loki, movies, doom"
pcarc73,4,"movie, time, man, mcu, marvel, loki, movies, doom"
pcaras2,1,"like, just, people, don, know, think, lol, did"
pcaras3,1,"like, just, people, don, know, think, lol, did"
pcar9b6,4,"movie, time, man, mcu, marvel, loki, movies, doom"
pcar8vz,4,"movie, time, man, mcu, marvel, loki, movies, doom"
pcar5mo,3,"infinity, vision, imax, scene, scenes, saw, tva, screen"
pcar4it,3,"infinity, vision, imax, scene, scenes, saw, tva, screen"
pcar33x,4,"movie, time, man, mcu, marvel, loki, movies, doom"
pcar2vw,4,"movie, time, man, mcu, marvel, loki, movies, doom"
pcar0rc,1,"like, just, people, don, know, think, lol, did"
pcaqzcy,4,"movie, time, man, mcu, marvel, loki, movies, doom"
pcaqxhx,1,"like, just, people, don, know, think, lol, did"
pcaqwxc,4,"movie, time, man, mcu, marvel, loki, movies, doom"
pcaqwux,0,"gif, giphy, love, guy, number, op, biggest, bring"
pcaqrfo,0,"gif, giphy, love, guy, number, op, biggest, bring"
pcaqqp0,3,"infinity, vision, imax, scene, scenes, saw, tva, screen"
pcaqq47,3,"infinity, vision, imax, scene, scenes, saw, tva, screen"
pcaqp8o,4,"movie, time, man, mcu, marvel, loki, movies, doom"
pcaqp2r,1,"like, just, people, don, know, think, lol, did"
pcaqp0h,4,"movie, time, man, mcu, marvel, loki, movies, doom"
pcaqop9,4,"movie, time, man, mcu, marvel, loki, movies, doom"
pcaqoll,4,"movie, time, man, mcu, marvel, loki, movies, doom"
pcaqknc,4,"movie, time, man, mcu, marvel, loki, movies, doom"
pcaqkh3,3,"infinity, vision, imax, scene, scenes, saw, tva, screen"
pcaqk92,1,"like, just, people, don, know, think, lol, did"
pcaqk65,1,"like, just, people, don, know, think, lol, did"
pcaqia5,4,"movie, time, man, mcu, marvel, loki, movies, doom"
pcaqi4g,4,"movie, time, man, mcu, marvel, loki, movies, doom"
pcaqhuw,0,"gif, giphy, love, guy, number, op, biggest, bring"
pcaqe96,3,"infinity, vision, imax, scene, scenes, saw, tva, screen"
pcaqdef,4,"movie, time, man, mcu, marvel, loki, movies, doom"
pcaqcaj,4,"movie, time, man, mcu, marvel, loki, movies, doom"
pcaqahp,1,"like, just, people, don, know, think, lol, did"
pcaqaix,4,"movie, time, man, mcu, marvel, loki, movies, doom"
pcaq8kd,3,"infinity, vision, imax, scene, scenes, saw, tva, screen"
pcaq7qs,4,"movie, time, man, mcu, marvel, loki, movies, doom"
pcaq7hp,3,"infinity, vision, imax, scene, scenes, saw, tva, screen"
pcaq6gu,4,"movie, time, man, mcu, marvel, loki, movies, doom"
pcaq5k1,1,"like, just, people, don, know, think, lol, did"
pcaq4ij,0,"gif, giphy, love, guy, number, op, biggest, bring"
pcaq3md,4,"movie, time, man, mcu, marvel, loki, movies, doom"
pcaq3cj,4,"movie, time, man, mcu, marvel, loki, movies, doom"
pcaq258,3,"infinity, vision, imax, scene, scenes, saw, tva, screen"
pcaq0y8,4,"movie, time, man, mcu, marvel, loki, movies, doom"
pcaq0rt,4,"movie, time, man, mcu, marvel, loki, movies, doom"
pcapzs7,4,"movie, time, man, mcu, marvel, loki, movies, doom"
pcapyzj,4,"movie, time, man, mcu, marvel, loki, movies, doom"
pcapvpe,4,"movie, time, man, mcu, marvel, loki, movies, doom"
pcapv1f,3,"infinity, vision, imax, scene, scenes, saw, tva, screen"
pcapulj,1,"like, just, people, don, know, think, lol, did"
pcapsw5,3,"infinity, vision, imax, scene, scenes, saw, tva, screen"
pcapsg1,1,"like, just, people, don, know, think, lol, did"
pcappua,4,"movie, time, man, mcu, marvel, loki, movies, doom"
pcapofe,4,"movie, time, man, mcu, marvel, loki, movies, doom"
pcapk6l,0,"gif, giphy, love, guy, number, op, biggest, bring"
pcapjbx,3,"infinity, vision, imax, scene, scenes, saw, tva, screen"
pcaphln,4,"movie, time, man, mcu, marvel, loki, movies, doom"
pcaphgu,4,"movie, time, man, mcu, marvel, loki, movies, doom"
pcaph7f,4,"movie, time, man, mcu, marvel, loki, movies, doom"
pcapg0y,4,"movie, time, man, mcu, marvel, loki, movies, doom"
pcapcpd,1,"like, just, people, don, know, think, lol, did"
pcap9xh,3,"infinity, vision, imax, scene, scenes, saw, tva, screen"
pcap9fv,4,"movie, time, man, mcu, marvel, loki, movies, doom"
pcap9bd,4,"movie, time, man, mcu, marvel, loki, movies, doom"
pcap93u,4,"movie, time, man, mcu, marvel, loki, movies, doom"
pcap8nz,4,"movie, time, man, mcu, marvel, loki, movies, doom"
pcap8kt,4,"movie, time, man, mcu, marvel, loki, movies, doom"
pcap56q,4,"movie, time, man, mcu, marvel, loki, movies, doom"
pcap4h2,1,"like, just, people, don, know, think, lol, did"
pcap36r,4,"movie, time, man, mcu, marvel, loki, movies, doom"
pcap31t,3,"infinity, vision, imax, scene, scenes, saw, tva, screen"
pcap1mz,1,"like, just, people, don, know, think, lol, did"
pcap1co,1,"like, just, people, don, know, think, lol, did"
pcap0rd,1,"like, just, people, don, know, think, lol, did"
pcap0td,1,"like, just, people, don, know, think, lol, did"
pcap07c,1,"like, just, people, don, know, think, lol, did"
pcaozbr,4,"movie, time, man, mcu, marvel, loki, movies, doom"
pcaouzz,4,"movie, time, man, mcu, marvel, loki, movies, doom"
pcaouf7,1,"like, just, people, don, know, think, lol, did"
pcaotlv,4,"movie, time, man, mcu, marvel, loki, movies, doom"
pcaoq8p,3,"infinity, vision, imax, scene, scenes, saw, tva, screen"
pcaoni1,4,"movie, time, man, mcu, marvel, loki, movies, doom"
pcaon4h,1,"like, just, people, don, know, think, lol, did"
pcaojei,3,"infinity, vision, imax, scene, scenes, saw, tva, screen"
pcaoijb,0,"gif, giphy, love, guy, number, op, biggest, bring"
pcaogdw,0,"gif, giphy, love, guy, number, op, biggest, bring"
pcaoe03,4,"movie, time, man, mcu, marvel, loki, movies, doom"
pcaobnq,0,"gif, giphy, love, guy, number, op, biggest, bring"
pcaoaq4,4,"movie, time, man, mcu, marvel, loki, movies, doom"
pcao9ry,3,"infinity, vision, imax, scene, scenes, saw, tva, screen"
pcao8ek,4,"movie, time, man, mcu, marvel, loki, movies, doom"
pcao7uz,4,"movie, time, man, mcu, marvel, loki, movies, doom"
pcao74a,4,"movie, time, man, mcu, marvel, loki, movies, doom"
pcao715,1,"like, just, people, don, know, think, lol, did"
pcao6kk,3,"infinity, vision, imax, scene, scenes, saw, tva, screen"
pcao6ei,4,"movie, time, man, mcu, marvel, loki, movies, doom"
pcao5qa,4,"movie, time, man, mcu, marvel, loki, movies, doom"
pcao4ej,4,"movie, time, man, mcu, marvel, loki, movies, doom"
pcao1ln,4,"movie, time, man, mcu, marvel, loki, movies, doom"
pcao1ge,4,"movie, time, man, mcu, marvel, loki, movies, doom"
pcao1bb,4,"movie, time, man, mcu, marvel, loki, movies, doom"
pcao16q,4,"movie, time, man, mcu, marvel, loki, movies, doom"
pcao197,1,"like, just, people, don, know, think, lol, did"
pcao11v,2,"yes, doomsday, oh, pretty, say, comics, absolutely, better"
pcany99,0,"gif, giphy, love, guy, number, op, biggest, bring"
pcanwcx,4,"movie, time, man, mcu, marvel, loki, movies, doom"
pcanuqf,4,"movie, time, man, mcu, marvel, loki, movies, doom"
pcanun4,4,"movie, time, man, mcu, marvel, loki, movies, doom"
pcanuaq,1,"like, just, people, don, know, think, lol, did"
pcanty8,0,"gif, giphy, love, guy, number, op, biggest, bring"
pcantn1,4,"movie, time, man, mcu, marvel, loki, movies, doom"
pcant5o,3,"infinity, vision, imax, scene, scenes, saw, tva, screen"
pcant5w,3,"infinity, vision, imax, scene, scenes, saw, tva, screen"
pcansmv,4,"movie, time, man, mcu, marvel, loki, movies, doom"
pcanqgq,4,"movie, time, man, mcu, marvel, loki, movies, doom"
pcanpth,3,"infinity, vision, imax, scene, scenes, saw, tva, screen"
pcanpfs,1,"like, just, people, don, know, think, lol, did"
pcanoty,3,"infinity, vision, imax, scene, scenes, saw, tva, screen"
pcannlj,1,"like, just, people, don, know, think, lol, did"
pcanlss,3,"infinity, vision, imax, scene, scenes, saw, tva, screen"
pcanlqb,0,"gif, giphy, love, guy, number, op, biggest, bring"
pcankja,4,"movie, time, man, mcu, marvel, loki, movies, doom"
pcank5l,3,"infinity, vision, imax, scene, scenes, saw, tva, screen"
pcani9g,4,"movie, time, man, mcu, marvel, loki, movies, doom"
pcangtu,4,"movie, time, man, mcu, marvel, loki, movies, doom"
pcanf2t,4,"movie, time, man, mcu, marvel, loki, movies, doom"
pcaned9,1,"like, just, people, don, know, think, lol, did"
pcandn9,4,"movie, time, man, mcu, marvel, loki, movies, doom"
pcandh9,4,"movie, time, man, mcu, marvel, loki, movies, doom"
pcanddx,3,"infinity, vision, imax, scene, scenes, saw, tva, screen"
pcanbug,1,"like, just, people, don, know, think, lol, did"
pcanajq,1,"like, just, people, don, know, think, lol, did"
pcan9kv,3,"infinity, vision, imax, scene, scenes, saw, tva, screen"
pcan8n4,1,"like, just, people, don, know, think, lol, did"
pcan883,4,"movie, time, man, mcu, marvel, loki, movies, doom"
pcan64h,4,"movie, time, man, mcu, marvel, loki, movies, doom"
pcan4n5,4,"movie, time, man, mcu, marvel, loki, movies, doom"
pcan4cm,4,"movie, time, man, mcu, marvel, loki, movies, doom"
pcan36a,4,"movie, time, man, mcu, marvel, loki, movies, doom"
pcan2q4,4,"movie, time, man, mcu, marvel, loki, movies, doom"
pcan2l6,4,"movie, time, man, mcu, marvel, loki, movies, doom"
pcan1kv,3,"infinity, vision, imax, scene, scenes, saw, tva, screen"
pcan17a,4,"movie, time, man, mcu, marvel, loki, movies, doom"
pcan12u,4,"movie, time, man, mcu, marvel, loki, movies, doom"
pcan0si,4,"movie, time, man, mcu, marvel, loki, movies, doom"
pcan0vq,4,"movie, time, man, mcu, marvel, loki, movies, doom"
pcamxot,1,"like, just, people, don, know, think, lol, did"
pcamwt1,0,"gif, giphy, love, guy, number, op, biggest, bring"
pcamwnc,1,"like, just, people, don, know, think, lol, did"
pcamver,3,"infinity, vision, imax, scene, scenes, saw, tva, screen"
pcamvbp,3,"infinity, vision, imax, scene, scenes, saw, tva, screen"
pcamv8e,4,"movie, time, man, mcu, marvel, loki, movies, doom"
pcamu5q,4,"movie, time, man, mcu, marvel, loki, movies, doom"
pcamsrv,3,"infinity, vision, imax, scene, scenes, saw, tva, screen"
pcamsj9,3,"infinity, vision, imax, scene, scenes, saw, tva, screen"
pcams06,4,"movie, time, man, mcu, marvel, loki, movies, doom"
pcamnyn,4,"movie, time, man, mcu, marvel, loki, movies, doom"
pcammk9,4,"movie, time, man, mcu, marvel, loki, movies, doom"
pcamm0f,1,"like, just, people, don, know, think, lol, did"
pcamlqk,3,"infinity, vision, imax, scene, scenes, saw, tva, screen"
pcamkcw,3,"infinity, vision, imax, scene, scenes, saw, tva, screen"
pcamicr,3,"infinity, vision, imax, scene, scenes, saw, tva, screen"
pcami3v,3,"infinity, vision, imax, scene, scenes, saw, tva, screen"
pcamhr9,1,"like, just, people, don, know, think, lol, did"
pcamfxh,4,"movie, time, man, mcu, marvel, loki, movies, doom"
pcamfs8,0,"gif, giphy, love, guy, number, op, biggest, bring"
pcamfaq,4,"movie, time, man, mcu, marvel, loki, movies, doom"
pcamfbl,4,"movie, time, man, mcu, marvel, loki, movies, doom"
pcamekj,4,"movie, time, man, mcu, marvel, loki, movies, doom"
pcamdty,4,"movie, time, man, mcu, marvel, loki, movies, doom"
pcamamc,4,"movie, time, man, mcu, marvel, loki, movies, doom"
pcam9yu,4,"movie, time, man, mcu, marvel, loki, movies, doom"
pcam9vc,4,"movie, time, man, mcu, marvel, loki, movies, doom"
pcam9t4,4,"movie, time, man, mcu, marvel, loki, movies, doom"
pcam93b,4,"movie, time, man, mcu, marvel, loki, movies, doom"
pcam7xm,4,"movie, time, man, mcu, marvel, loki, movies, doom"
pcam7jd,0,"gif, giphy, love, guy, number, op, biggest, bring"
pcam62m,4,"movie, time, man, mcu, marvel, loki, movies, doom"
pcam5dd,3,"infinity, vision, imax, scene, scenes, saw, tva, screen"
pcam403,4,"movie, time, man, mcu, marvel, loki, movies, doom"
pcam3uk,0,"gif, giphy, love, guy, number, op, biggest, bring"
pcalzd1,4,"movie, time, man, mcu, marvel, loki, movies, doom"
pcalygx,4,"movie, time, man, mcu, marvel, loki, movies, doom"
pcalwso,3,"infinity, vision, imax, scene, scenes, saw, tva, screen"
pcalw98,4,"movie, time, man, mcu, marvel, loki, movies, doom"
pcalvcc,4,"movie, time, man, mcu, marvel, loki, movies, doom"
pcalv2s,4,"movie, time, man, mcu, marvel, loki, movies, doom"
pcalucq,4,"movie, time, man, mcu, marvel, loki, movies, doom"
pcalu7j,1,"like, just, people, don, know, think, lol, did"
pcalub5,1,"like, just, people, don, know, think, lol, did"
pcalu1f,4,"movie, time, man, mcu, marvel, loki, movies, doom"
pcalspc,3,"infinity, vision, imax, scene, scenes, saw, tva, screen"
pcals0j,0,"gif, giphy, love, guy, number, op, biggest, bring"
pcalm89,4,"movie, time, man, mcu, marvel, loki, movies, doom"
pcalkw9,4,"movie, time, man, mcu, marvel, loki, movies, doom"
pcalkzb,4,"movie, time, man, mcu, marvel, loki, movies, doom"
pcalkre,4,"movie, time, man, mcu, marvel, loki, movies, doom"
pcalfgq,4,"movie, time, man, mcu, marvel, loki, movies, doom"
pcalezh,1,"like, just, people, don, know, think, lol, did"
pcalcnb,3,"infinity, vision, imax, scene, scenes, saw, tva, screen"
pcalbqv,1,"like, just, people, don, know, think, lol, did"
pcalb93,1,"like, just, people, don, know, think, lol, did"
pcalb14,4,"movie, time, man, mcu, marvel, loki, movies, doom"
pcal9ln,4,"movie, time, man, mcu, marvel, loki, movies, doom"
pcal7nr,4,"movie, time, man, mcu, marvel, loki, movies, doom"
pcal72d,1,"like, just, people, don, know, think, lol, did"
pcal3r4,3,"infinity, vision, imax, scene, scenes, saw, tva, screen"
pcal224,4,"movie, time, man, mcu, marvel, loki, movies, doom"
pcal1n3,3,"infinity, vision, imax, scene, scenes, saw, tva, screen"
pcal0fx,3,"infinity, vision, imax, scene, scenes, saw, tva, screen"
pcakzas,1,"like, just, people, don, know, think, lol, did"
pcakz3l,4,"movie, time, man, mcu, marvel, loki, movies, doom"
pcakxkr,1,"like, just, people, don, know, think, lol, did"
pcakvo3,2,"yes, doomsday, oh, pretty, say, comics, absolutely, better"
pcaksu5,4,"movie, time, man, mcu, marvel, loki, movies, doom"
pcakspm,4,"movie, time, man, mcu, marvel, loki, movies, doom"
pcakrgz,1,"like, just, people, don, know, think, lol, did"
pcakpn3,4,"movie, time, man, mcu, marvel, loki, movies, doom"
pcakoog,1,"like, just, people, don, know, think, lol, did"
pcakko3,4,"movie, time, man, mcu, marvel, loki, movies, doom"
pcakigm,1,"like, just, people, don, know, think, lol, did"
pcakelm,4,"movie, time, man, mcu, marvel, loki, movies, doom"
pcake8d,0,"gif, giphy, love, guy, number, op, biggest, bring"
pcakc9q,4,"movie, time, man, mcu, marvel, loki, movies, doom"
pcakaco,0,"gif, giphy, love, guy, number, op, biggest, bring"
pcak8rs,4,"movie, time, man, mcu, marvel, loki, movies, doom"
pcak8hx,3,"infinity, vision, imax, scene, scenes, saw, tva, screen"
pcak7e4,3,"infinity, vision, imax, scene, scenes, saw, tva, screen"
pcak3f7,1,"like, just, people, don, know, think, lol, did"
pcak2ur,3,"infinity, vision, imax, scene, scenes, saw, tva, screen"
pcak25z,4,"movie, time, man, mcu, marvel, loki, movies, doom"
pcajzod,3,"infinity, vision, imax, scene, scenes, saw, tva, screen"
pcajxjw,0,"gif, giphy, love, guy, number, op, biggest, bring"
pcajt28,4,"movie, time, man, mcu, marvel, loki, movies, doom"
pcajrwx,4,"movie, time, man, mcu, marvel, loki, movies, doom"
pcajqvu,0,"gif, giphy, love, guy, number, op, biggest, bring"
pcajov5,4,"movie, time, man, mcu, marvel, loki, movies, doom"
pcajoqu,4,"movie, time, man, mcu, marvel, loki, movies, doom"
pcajnpc,1,"like, just, people, don, know, think, lol, did"
pcajndj,4,"movie, time, man, mcu, marvel, loki, movies, doom"
pcajm3f,4,"movie, time, man, mcu, marvel, loki, movies, doom"
pcajlqg,4,"movie, time, man, mcu, marvel, loki, movies, doom"
pcajl88,3,"infinity, vision, imax, scene, scenes, saw, tva, screen"
pcajksu,1,"like, just, people, don, know, think, lol, did"
pcajik4,1,"like, just, people, don, know, think, lol, did"
pcajicj,4,"movie, time, man, mcu, marvel, loki, movies, doom"
pcajhgh,1,"like, just, people, don, know, think, lol, did"
pcajh4y,4,"movie, time, man, mcu, marvel, loki, movies, doom"
pcajfxb,4,"movie, time, man, mcu, marvel, loki, movies, doom"
pcajfpf,4,"movie, time, man, mcu, marvel, loki, movies, doom"
pcajf6f,4,"movie, time, man, mcu, marvel, loki, movies, doom"
pcajedc,1,"like, just, people, don, know, think, lol, did"
pcaje3l,1,"like, just, people, don, know, think, lol, did"
pcajdq8,3,"infinity, vision, imax, scene, scenes, saw, tva, screen"
pcajd8q,0,"gif, giphy, love, guy, number, op, biggest, bring"
pcajcxs,1,"like, just, people, don, know, think, lol, did"
pcajcee,4,"movie, time, man, mcu, marvel, loki, movies, doom"
pcajbm3,4,"movie, time, man, mcu, marvel, loki, movies, doom"
pcajah7,4,"movie, time, man, mcu, marvel, loki, movies, doom"
pcaj6w2,1,"like, just, people, don, know, think, lol, did"
pcaj6cb,4,"movie, time, man, mcu, marvel, loki, movies, doom"
pcaj6ci,0,"gif, giphy, love, guy, number, op, biggest, bring"
pcaj5l4,3,"infinity, vision, imax, scene, scenes, saw, tva, screen"
pcaj4n6,1,"like, just, people, don, know, think, lol, did"
pcaj43w,4,"movie, time, man, mcu, marvel, loki, movies, doom"
pcaj3n8,4,"movie, time, man, mcu, marvel, loki, movies, doom"
pcaj2xz,1,"like, just, people, don, know, think, lol, did"
pcaj2ly,0,"gif, giphy, love, guy, number, op, biggest, bring"
pcaj2n6,4,"movie, time, man, mcu, marvel, loki, movies, doom"
pcaj1yz,4,"movie, time, man, mcu, marvel, loki, movies, doom"
pcaj0sv,0,"gif, giphy, love, guy, number, op, biggest, bring"
pcaiyi7,3,"infinity, vision, imax, scene, scenes, saw, tva, screen"
pcaixqr,3,"infinity, vision, imax, scene, scenes, saw, tva, screen"
pcaivcu,4,"movie, time, man, mcu, marvel, loki, movies, doom"
pcaiui2,1,"like, just, people, don, know, think, lol, did"
pcaiu4y,1,"like, just, people, don, know, think, lol, did"
pcaiu55,1,"like, just, people, don, know, think, lol, did"
pcairis,1,"like, just, people, don, know, think, lol, did"
pcair8q,1,"like, just, people, don, know, think, lol, did"
pcaiqgs,3,"infinity, vision, imax, scene, scenes, saw, tva, screen"
pcaimdg,4,"movie, time, man, mcu, marvel, loki, movies, doom"
pcaim3z,1,"like, just, people, don, know, think, lol, did"
pcailrk,4,"movie, time, man, mcu, marvel, loki, movies, doom"
pcail5p,0,"gif, giphy, love, guy, number, op, biggest, bring"
pcaikte,4,"movie, time, man, mcu, marvel, loki, movies, doom"
pcaikh6,3,"infinity, vision, imax, scene, scenes, saw, tva, screen"
pcaijqt,3,"infinity, vision, imax, scene, scenes, saw, tva, screen"
pcaij0i,4,"movie, time, man, mcu, marvel, loki, movies, doom"
pcaiig9,4,"movie, time, man, mcu, marvel, loki, movies, doom"
pcaiicg,4,"movie, time, man, mcu, marvel, loki, movies, doom"
pcaii1p,1,"like, just, people, don, know, think, lol, did"
pcaihee,3,"infinity, vision, imax, scene, scenes, saw, tva, screen"
pcaihgi,4,"movie, time, man, mcu, marvel, loki, movies, doom"
pcaif0d,4,"movie, time, man, mcu, marvel, loki, movies, doom"
pcaid8p,3,"infinity, vision, imax, scene, scenes, saw, tva, screen"
pcaid5m,4,"movie, time, man, mcu, marvel, loki, movies, doom"
pcaid1o,3,"infinity, vision, imax, scene, scenes, saw, tva, screen"
pcaic9w,4,"movie, time, man, mcu, marvel, loki, movies, doom"
pcaiab3,3,"infinity, vision, imax, scene, scenes, saw, tva, screen"
pcai8du,1,"like, just, people, don, know, think, lol, did"
pcai7wt,1,"like, just, people, don, know, think, lol, did"
pcai5vy,4,"movie, time, man, mcu, marvel, loki, movies, doom"
pcai51t,1,"like, just, people, don, know, think, lol, did"
pcai4vy,4,"movie, time, man, mcu, marvel, loki, movies, doom"
pcai37x,1,"like, just, people, don, know, think, lol, did"
pcai1c4,1,"like, just, people, don, know, think, lol, did"
pcai19g,4,"movie, time, man, mcu, marvel, loki, movies, doom"
pcai04r,4,"movie, time, man, mcu, marvel, loki, movies, doom"
pcahzli,1,"like, just, people, don, know, think, lol, did"
pcahzb8,3,"infinity, vision, imax, scene, scenes, saw, tva, screen"
pcahyyn,4,"movie, time, man, mcu, marvel, loki, movies, doom"
pcahya5,3,"infinity, vision, imax, scene, scenes, saw, tva, screen"
pcahyb1,1,"like, just, people, don, know, think, lol, did"
pcahx7y,4,"movie, time, man, mcu, marvel, loki, movies, doom"
pcahw6a,4,"movie, time, man, mcu, marvel, loki, movies, doom"
pcahvxo,4,"movie, time, man, mcu, marvel, loki, movies, doom"
pcahvd6,1,"like, just, people, don, know, think, lol, did"
pcahurj,4,"movie, time, man, mcu, marvel, loki, movies, doom"
pcahu2z,4,"movie, time, man, mcu, marvel, loki, movies, doom"
pcahu5z,4,"movie, time, man, mcu, marvel, loki, movies, doom"
pcahu0z,4,"movie, time, man, mcu, marvel, loki, movies, doom"
pcaht1y,4,"movie, time, man, mcu, marvel, loki, movies, doom"
pcahrp3,3,"infinity, vision, imax, scene, scenes, saw, tva, screen"
pcahrk2,4,"movie, time, man, mcu, marvel, loki, movies, doom"
pcahqc5,4,"movie, time, man, mcu, marvel, loki, movies, doom"
pcahpy3,4,"movie, time, man, mcu, marvel, loki, movies, doom"
pcahp0z,3,"infinity, vision, imax, scene, scenes, saw, tva, screen"
pcahomx,0,"gif, giphy, love, guy, number, op, biggest, bring"
pcahomy,0,"gif, giphy, love, guy, number, op, biggest, bring"
pcahnjd,2,"yes, doomsday, oh, pretty, say, comics, absolutely, better"
pcahm1t,0,"gif, giphy, love, guy, number, op, biggest, bring"
pcahlwl,4,"movie, time, man, mcu, marvel, loki, movies, doom"
pcahk5l,0,"gif, giphy, love, guy, number, op, biggest, bring"
pcahk5m,0,"gif, giphy, love, guy, number, op, biggest, bring"
pcahjfw,4,"movie, time, man, mcu, marvel, loki, movies, doom"
pcahh2f,1,"like, just, people, don, know, think, lol, did"
pcahgae,1,"like, just, people, don, know, think, lol, did"
pcahfze,4,"movie, time, man, mcu, marvel, loki, movies, doom"
pcahfgb,3,"infinity, vision, imax, scene, scenes, saw, tva, screen"
pcahfa2,1,"like, just, people, don, know, think, lol, did"
pcahex4,3,"infinity, vision, imax, scene, scenes, saw, tva, screen"
pcahei4,3,"infinity, vision, imax, scene, scenes, saw, tva, screen"
pcahe16,3,"infinity, vision, imax, scene, scenes, saw, tva, screen"
pcahdqw,4,"movie, time, man, mcu, marvel, loki, movies, doom"
pcahdpp,4,"movie, time, man, mcu, marvel, loki, movies, doom"
pcahd0f,4,"movie, time, man, mcu, marvel, loki, movies, doom"
pcahbdp,3,"infinity, vision, imax, scene, scenes, saw, tva, screen"
pcah9j4,4,"movie, time, man, mcu, marvel, loki, movies, doom"
pcah9jc,1,"like, just, people, don, know, think, lol, did"
pcah812,1,"like, just, people, don, know, think, lol, did"
pcah3yy,0,"gif, giphy, love, guy, number, op, biggest, bring"
pcah353,4,"movie, time, man, mcu, marvel, loki, movies, doom"
pcah2et,3,"infinity, vision, imax, scene, scenes, saw, tva, screen"
pcah259,4,"movie, time, man, mcu, marvel, loki, movies, doom"
pcah1z4,4,"movie, time, man, mcu, marvel, loki, movies, doom"
pcah163,3,"infinity, vision, imax, scene, scenes, saw, tva, screen"
pcagyux,0,"gif, giphy, love, guy, number, op, biggest, bring"
pcagwno,0,"gif, giphy, love, guy, number, op, biggest, bring"
pcagwd5,4,"movie, time, man, mcu, marvel, loki, movies, doom"
pcagw9r,4,"movie, time, man, mcu, marvel, loki, movies, doom"
pcagvbq,4,"movie, time, man, mcu, marvel, loki, movies, doom"
pcagv2k,4,"movie, time, man, mcu, marvel, loki, movies, doom"
pcaguyn,0,"gif, giphy, love, guy, number, op, biggest, bring"
pcagsvv,4,"movie, time, man, mcu, marvel, loki, movies, doom"
pcagqfb,4,"movie, time, man, mcu, marvel, loki, movies, doom"
pcagqgq,3,"infinity, vision, imax, scene, scenes, saw, tva, screen"
pcagos5,4,"movie, time, man, mcu, marvel, loki, movies, doom"
pcagohw,1,"like, just, people, don, know, think, lol, did"
pcagnsw,4,"movie, time, man, mcu, marvel, loki, movies, doom"
pcagjfv,4,"movie, time, man, mcu, marvel, loki, movies, doom"
pcagj0e,4,"movie, time, man, mcu, marvel, loki, movies, doom"
pcagil5,4,"movie, time, man, mcu, marvel, loki, movies, doom"
pcagi25,1,"like, just, people, don, know, think, lol, did"
pcaghwj,4,"movie, time, man, mcu, marvel, loki, movies, doom"
pcagher,4,"movie, time, man, mcu, marvel, loki, movies, doom"
pcaghbm,4,"movie, time, man, mcu, marvel, loki, movies, doom"
pcagf6a,1,"like, just, people, don, know, think, lol, did"
pcagf49,4,"movie, time, man, mcu, marvel, loki, movies, doom"
pcagdnb,3,"infinity, vision, imax, scene, scenes, saw, tva, screen"
pcagdbv,4,"movie, time, man, mcu, marvel, loki, movies, doom"
pcagc2e,4,"movie, time, man, mcu, marvel, loki, movies, doom"
pcagbmw,4,"movie, time, man, mcu, marvel, loki, movies, doom"
pcagayn,3,"infinity, vision, imax, scene, scenes, saw, tva, screen"
pcag8wu,3,"infinity, vision, imax, scene, scenes, saw, tva, screen"
pcag83j,4,"movie, time, man, mcu, marvel, loki, movies, doom"
pcag5ut,4,"movie, time, man, mcu, marvel, loki, movies, doom"
pcag4xn,1,"like, just, people, don, know, think, lol, did"
pcag4i6,4,"movie, time, man, mcu, marvel, loki, movies, doom"
pcag3n7,3,"infinity, vision, imax, scene, scenes, saw, tva, screen"
pcag39v,3,"infinity, vision, imax, scene, scenes, saw, tva, screen"
pcag2q4,4,"movie, time, man, mcu, marvel, loki, movies, doom"
pcag2b5,4,"movie, time, man, mcu, marvel, loki, movies, doom"
pcag0uf,1,"like, just, people, don, know, think, lol, did"
pcag02u,4,"movie, time, man, mcu, marvel, loki, movies, doom"
pcafzrg,3,"infinity, vision, imax, scene, scenes, saw, tva, screen"
pcafz2x,3,"infinity, vision, imax, scene, scenes, saw, tva, screen"
pcafx3h,4,"movie, time, man, mcu, marvel, loki, movies, doom"
pcafx20,4,"movie, time, man, mcu, marvel, loki, movies, doom"
pcafwwv,4,"movie, time, man, mcu, marvel, loki, movies, doom"
pcafwsx,1,"like, just, people, don, know, think, lol, did"
pcafwmj,3,"infinity, vision, imax, scene, scenes, saw, tva, screen"
pcafwew,4,"movie, time, man, mcu, marvel, loki, movies, doom"
pcafvpo,2,"yes, doomsday, oh, pretty, say, comics, absolutely, better"
pcafv9g,1,"like, just, people, don, know, think, lol, did"
pcafv1c,4,"movie, time, man, mcu, marvel, loki, movies, doom"
pcaftia,0,"gif, giphy, love, guy, number, op, biggest, bring"
pcaftbm,0,"gif, giphy, love, guy, number, op, biggest, bring"
pcafs0i,3,"infinity, vision, imax, scene, scenes, saw, tva, screen"
pcafr11,4,"movie, time, man, mcu, marvel, loki, movies, doom"
pcafqpc,1,"like, just, people, don, know, think, lol, did"
pcafpsb,3,"infinity, vision, imax, scene, scenes, saw, tva, screen"
pcafoa7,1,"like, just, people, don, know, think, lol, did"
pcafnc1,4,"movie, time, man, mcu, marvel, loki, movies, doom"
pcafmeq,4,"movie, time, man, mcu, marvel, loki, movies, doom"
pcafl47,4,"movie, time, man, mcu, marvel, loki, movies, doom"
pcafkyt,1,"like, just, people, don, know, think, lol, did"
pcafjzu,1,"like, just, people, don, know, think, lol, did"
pcafjck,4,"movie, time, man, mcu, marvel, loki, movies, doom"
pcafgf3,4,"movie, time, man, mcu, marvel, loki, movies, doom"
pcaffue,0,"gif, giphy, love, guy, number, op, biggest, bring"
pcafdvv,1,"like, just, people, don, know, think, lol, did"
pcafchu,3,"infinity, vision, imax, scene, scenes, saw, tva, screen"
pcafb6p,3,"infinity, vision, imax, scene, scenes, saw, tva, screen"
pcaf899,4,"movie, time, man, mcu, marvel, loki, movies, doom"
pcaf7zu,1,"like, just, people, don, know, think, lol, did"
pcaf4zp,4,"movie, time, man, mcu, marvel, loki, movies, doom"
pcaf47x,1,"like, just, people, don, know, think, lol, did"
pcaf1nk,4,"movie, time, man, mcu, marvel, loki, movies, doom"
pcaeybc,1,"like, just, people, don, know, think, lol, did"
pcaexua,4,"movie, time, man, mcu, marvel, loki, movies, doom"
pcaexf8,2,"yes, doomsday, oh, pretty, say, comics, absolutely, better"
pcaevj9,4,"movie, time, man, mcu, marvel, loki, movies, doom"
pcaeuua,1,"like, just, people, don, know, think, lol, did"
pcaeu74,3,"infinity, vision, imax, scene, scenes, saw, tva, screen"
pcaet0k,3,"infinity, vision, imax, scene, scenes, saw, tva, screen"
pcaepgk,4,"movie, time, man, mcu, marvel, loki, movies, doom"
pcaeoso,4,"movie, time, man, mcu, marvel, loki, movies, doom"
pcaen4d,4,"movie, time, man, mcu, marvel, loki, movies, doom"
pcaemvb,4,"movie, time, man, mcu, marvel, loki, movies, doom"
pcaehzp,4,"movie, time, man, mcu, marvel, loki, movies, doom"
pcaef2t,3,"infinity, vision, imax, scene, scenes, saw, tva, screen"
pcaedng,0,"gif, giphy, love, guy, number, op, biggest, bring"
pcaed18,3,"infinity, vision, imax, scene, scenes, saw, tva, screen"
pcaeagw,1,"like, just, people, don, know, think, lol, did"
pcae9rq,0,"gif, giphy, love, guy, number, op, biggest, bring"
pcae9j8,3,"infinity, vision, imax, scene, scenes, saw, tva, screen"
pcae8x2,3,"infinity, vision, imax, scene, scenes, saw, tva, screen"
pcae8x8,4,"movie, time, man, mcu, marvel, loki, movies, doom"
pcae7jd,1,"like, just, people, don, know, think, lol, did"
pcae5g3,4,"movie, time, man, mcu, marvel, loki, movies, doom"
pcae43u,4,"movie, time, man, mcu, marvel, loki, movies, doom"
pcae3j0,4,"movie, time, man, mcu, marvel, loki, movies, doom"
pcae0vg,4,"movie, time, man, mcu, marvel, loki, movies, doom"
pcae0sq,4,"movie, time, man, mcu, marvel, loki, movies, doom"
pcadzbj,4,"movie, time, man, mcu, marvel, loki, movies, doom"
pcadw2i,4,"movie, time, man, mcu, marvel, loki, movies, doom"
pcadukp,1,"like, just, people, don, know, think, lol, did"
pcadtmy,4,"movie, time, man, mcu, marvel, loki, movies, doom"
pcadqte,4,"movie, time, man, mcu, marvel, loki, movies, doom"
pcado67,4,"movie, time, man, mcu, marvel, loki, movies, doom"
pcadno4,1,"like, just, people, don, know, think, lol, did"
pcadnip,4,"movie, time, man, mcu, marvel, loki, movies, doom"
pcadlkb,3,"infinity, vision, imax, scene, scenes, saw, tva, screen"
pcadlex,4,"movie, time, man, mcu, marvel, loki, movies, doom"
pcadkpj,1,"like, just, people, don, know, think, lol, did"
pcadjd9,4,"movie, time, man, mcu, marvel, loki, movies, doom"
pcadevb,4,"movie, time, man, mcu, marvel, loki, movies, doom"
pcadbto,3,"infinity, vision, imax, scene, scenes, saw, tva, screen"
pcad8vv,3,"infinity, vision, imax, scene, scenes, saw, tva, screen"
pcad4jy,4,"movie, time, man, mcu, marvel, loki, movies, doom"
pcad3y0,3,"infinity, vision, imax, scene, scenes, saw, tva, screen"
pcacx9a,1,"like, just, people, don, know, think, lol, did"
pcacw2s,1,"like, just, people, don, know, think, lol, did"
pcacu5a,4,"movie, time, man, mcu, marvel, loki, movies, doom"
pcact27,1,"like, just, people, don, know, think, lol, did"
pcacs0f,4,"movie, time, man, mcu, marvel, loki, movies, doom"
pcacs2c,2,"yes, doomsday, oh, pretty, say, comics, absolutely, better"
pcacrwl,4,"movie, time, man, mcu, marvel, loki, movies, doom"
pcacqf9,4,"movie, time, man, mcu, marvel, loki, movies, doom"
pcacnhs,4,"movie, time, man, mcu, marvel, loki, movies, doom"
pcaclrz,3,"infinity, vision, imax, scene, scenes, saw, tva, screen"
pcaclhp,4,"movie, time, man, mcu, marvel, loki, movies, doom"
pcaclda,4,"movie, time, man, mcu, marvel, loki, movies, doom"
pcacio7,0,"gif, giphy, love, guy, number, op, biggest, bring"
pcach6z,4,"movie, time, man, mcu, marvel, loki, movies, doom"
pcacgc4,1,"like, just, people, don, know, think, lol, did"
pcacd7o,1,"like, just, people, don, know, think, lol, did"
pcacbc2,1,"like, just, people, don, know, think, lol, did"
pcacal3,1,"like, just, people, don, know, think, lol, did"
pcac9nu,3,"infinity, vision, imax, scene, scenes, saw, tva, screen"
pcac8j0,3,"infinity, vision, imax, scene, scenes, saw, tva, screen"
pcac7ki,0,"gif, giphy, love, guy, number, op, biggest, bring"
pcac633,4,"movie, time, man, mcu, marvel, loki, movies, doom"
pcac4x3,1,"like, just, people, don, know, think, lol, did"
pcac4fz,3,"infinity, vision, imax, scene, scenes, saw, tva, screen"
pcac431,4,"movie, time, man, mcu, marvel, loki, movies, doom"
pcac0m7,4,"movie, time, man, mcu, marvel, loki, movies, doom"
pcac01t,1,"like, just, people, don, know, think, lol, did"
pcabtu6,4,"movie, time, man, mcu, marvel, loki, movies, doom"
pcabsww,4,"movie, time, man, mcu, marvel, loki, movies, doom"
pcabosq,3,"infinity, vision, imax, scene, scenes, saw, tva, screen"
pcablno,3,"infinity, vision, imax, scene, scenes, saw, tva, screen"
pcabies,1,"like, just, people, don, know, think, lol, did"
pcabht8,4,"movie, time, man, mcu, marvel, loki, movies, doom"
pcabh0x,4,"movie, time, man, mcu, marvel, loki, movies, doom"
pcabfnf,4,"movie, time, man, mcu, marvel, loki, movies, doom"
pcabfbv,4,"movie, time, man, mcu, marvel, loki, movies, doom"
pcabewp,1,"like, just, people, don, know, think, lol, did"
pcabcgz,4,"movie, time, man, mcu, marvel, loki, movies, doom"
pcabb22,1,"like, just, people, don, know, think, lol, did"
pcab869,3,"infinity, vision, imax, scene, scenes, saw, tva, screen"
pcab7hg,3,"infinity, vision, imax, scene, scenes, saw, tva, screen"
pcab7bl,3,"infinity, vision, imax, scene, scenes, saw, tva, screen"
pcab6zx,4,"movie, time, man, mcu, marvel, loki, movies, doom"
pcab6qo,1,"like, just, people, don, know, think, lol, did"
pcab4n6,4,"movie, time, man, mcu, marvel, loki, movies, doom"
pcab2u7,4,"movie, time, man, mcu, marvel, loki, movies, doom"
pcab2mp,4,"movie, time, man, mcu, marvel, loki, movies, doom"
pcab2cn,3,"infinity, vision, imax, scene, scenes, saw, tva, screen"
pcaazm1,3,"infinity, vision, imax, scene, scenes, saw, tva, screen"
pcaaxo5,1,"like, just, people, don, know, think, lol, did"
pcaaut4,4,"movie, time, man, mcu, marvel, loki, movies, doom"
pcaauet,4,"movie, time, man, mcu, marvel, loki, movies, doom"
pcaau88,1,"like, just, people, don, know, think, lol, did"
pcaaqk8,3,"infinity, vision, imax, scene, scenes, saw, tva, screen"
pcaamy9,4,"movie, time, man, mcu, marvel, loki, movies, doom"
pcaalua,1,"like, just, people, don, know, think, lol, did"
pcaakim,0,"gif, giphy, love, guy, number, op, biggest, bring"
pcaad9c,2,"yes, doomsday, oh, pretty, say, comics, absolutely, better"
pcaache,1,"like, just, people, don, know, think, lol, did"
pcaa7nm,3,"infinity, vision, imax, scene, scenes, saw, tva, screen"
pcaa737,4,"movie, time, man, mcu, marvel, loki, movies, doom"
pcaa5e4,1,"like, just, people, don, know, think, lol, did"
pcaa571,1,"like, just, people, don, know, think, lol, did"
pcaa581,4,"movie, time, man, mcu, marvel, loki, movies, doom"
pcaa4z2,3,"infinity, vision, imax, scene, scenes, saw, tva, screen"
pcaa25v,3,"infinity, vision, imax, scene, scenes, saw, tva, screen"
pcaa1ak,4,"movie, time, man, mcu, marvel, loki, movies, doom"
pcaa0lv,1,"like, just, people, don, know, think, lol, did"
pca9xzy,1,"like, just, people, don, know, think, lol, did"
pca9y17,0,"gif, giphy, love, guy, number, op, biggest, bring"
pca9x16,4,"movie, time, man, mcu, marvel, loki, movies, doom"
pca9x2s,3,"infinity, vision, imax, scene, scenes, saw, tva, screen"
pca9vca,1,"like, just, people, don, know, think, lol, did"
pca9to5,4,"movie, time, man, mcu, marvel, loki, movies, doom"
pca9r34,4,"movie, time, man, mcu, marvel, loki, movies, doom"
pca9oz2,1,"like, just, people, don, know, think, lol, did"
pca9mul,4,"movie, time, man, mcu, marvel, loki, movies, doom"
pca9kcg,0,"gif, giphy, love, guy, number, op, biggest, bring"
pca9k0z,4,"movie, time, man, mcu, marvel, loki, movies, doom"
pca9j70,0,"gif, giphy, love, guy, number, op, biggest, bring"
pca9h06,0,"gif, giphy, love, guy, number, op, biggest, bring"
pca9gc5,4,"movie, time, man, mcu, marvel, loki, movies, doom"
pca9dya,1,"like, just, people, don, know, think, lol, did"
pca9czt,3,"infinity, vision, imax, scene, scenes, saw, tva, screen"
pca991f,3,"infinity, vision, imax, scene, scenes, saw, tva, screen"
pca987d,1,"like, just, people, don, know, think, lol, did"
pca97nl,4,"movie, time, man, mcu, marvel, loki, movies, doom"
pca96tj,1,"like, just, people, don, know, think, lol, did"
pca95v2,4,"movie, time, man, mcu, marvel, loki, movies, doom"
pca908h,1,"like, just, people, don, know, think, lol, did"
pca8zq0,3,"infinity, vision, imax, scene, scenes, saw, tva, screen"
pca8yyd,2,"yes, doomsday, oh, pretty, say, comics, absolutely, better"
pca8y6n,1,"like, just, people, don, know, think, lol, did"
pca8wdm,4,"movie, time, man, mcu, marvel, loki, movies, doom"
pca8vv7,3,"infinity, vision, imax, scene, scenes, saw, tva, screen"
pca8s1t,4,"movie, time, man, mcu, marvel, loki, movies, doom"
pca8rpg,4,"movie, time, man, mcu, marvel, loki, movies, doom"
pca8q50,0,"gif, giphy, love, guy, number, op, biggest, bring"
pca8odn,1,"like, just, people, don, know, think, lol, did"
pca8mk4,4,"movie, time, man, mcu, marvel, loki, movies, doom"
pca8l5a,3,"infinity, vision, imax, scene, scenes, saw, tva, screen"
pca8i19,0,"gif, giphy, love, guy, number, op, biggest, bring"
pca8i1r,3,"infinity, vision, imax, scene, scenes, saw, tva, screen"
pca8fnp,1,"like, just, people, don, know, think, lol, did"
pca8f79,3,"infinity, vision, imax, scene, scenes, saw, tva, screen"
pca8dv4,4,"movie, time, man, mcu, marvel, loki, movies, doom"
pca8d3w,3,"infinity, vision, imax, scene, scenes, saw, tva, screen"
pca8c9w,3,"infinity, vision, imax, scene, scenes, saw, tva, screen"
pca8bst,1,"like, just, people, don, know, think, lol, did"
pca87li,4,"movie, time, man, mcu, marvel, loki, movies, doom"
pca87f5,4,"movie, time, man, mcu, marvel, loki, movies, doom"
pca86i8,4,"movie, time, man, mcu, marvel, loki, movies, doom"
pca861x,4,"movie, time, man, mcu, marvel, loki, movies, doom"
pca83yi,4,"movie, time, man, mcu, marvel, loki, movies, doom"
pca83lm,4,"movie, time, man, mcu, marvel, loki, movies, doom"
pca837d,4,"movie, time, man, mcu, marvel, loki, movies, doom"
pca8118,1,"like, just, people, don, know, think, lol, did"
pca8080,1,"like, just, people, don, know, think, lol, did"
pca7vu8,4,"movie, time, man, mcu, marvel, loki, movies, doom"
pca7nm5,4,"movie, time, man, mcu, marvel, loki, movies, doom"
pca7n6a,3,"infinity, vision, imax, scene, scenes, saw, tva, screen"
pca7ldh,3,"infinity, vision, imax, scene, scenes, saw, tva, screen"
pca7kvj,3,"infinity, vision, imax, scene, scenes, saw, tva, screen"
pca7eqs,4,"movie, time, man, mcu, marvel, loki, movies, doom"
pca7e45,3,"infinity, vision, imax, scene, scenes, saw, tva, screen"
pca7ddc,3,"infinity, vision, imax, scene, scenes, saw, tva, screen"
pca7bwu,3,"infinity, vision, imax, scene, scenes, saw, tva, screen"
pca7bq4,1,"like, just, people, don, know, think, lol, did"
pca79y2,1,"like, just, people, don, know, think, lol, did"
pca774y,1,"like, just, people, don, know, think, lol, did"
pca771o,4,"movie, time, man, mcu, marvel, loki, movies, doom"
pca73mb,4,"movie, time, man, mcu, marvel, loki, movies, doom"
pca721k,1,"like, just, people, don, know, think, lol, did"
pca71ix,4,"movie, time, man, mcu, marvel, loki, movies, doom"
pca6xev,3,"infinity, vision, imax, scene, scenes, saw, tva, screen"
pca6vw8,4,"movie, time, man, mcu, marvel, loki, movies, doom"
pca6sx4,4,"movie, time, man, mcu, marvel, loki, movies, doom"
pca6syu,4,"movie, time, man, mcu, marvel, loki, movies, doom"
pca6s0w,1,"like, just, people, don, know, think, lol, did"
pca6p7f,3,"infinity, vision, imax, scene, scenes, saw, tva, screen"
pca6our,3,"infinity, vision, imax, scene, scenes, saw, tva, screen"
pca6ohm,4,"movie, time, man, mcu, marvel, loki, movies, doom"
pca6mzp,3,"infinity, vision, imax, scene, scenes, saw, tva, screen"
pca6mnm,1,"like, just, people, don, know, think, lol, did"
pca6j45,0,"gif, giphy, love, guy, number, op, biggest, bring"
pca6iuc,1,"like, just, people, don, know, think, lol, did"
pca6gpr,4,"movie, time, man, mcu, marvel, loki, movies, doom"
pca6fpm,3,"infinity, vision, imax, scene, scenes, saw, tva, screen"
pca6cd2,4,"movie, time, man, mcu, marvel, loki, movies, doom"
pca6cc0,4,"movie, time, man, mcu, marvel, loki, movies, doom"
pca6b7o,4,"movie, time, man, mcu, marvel, loki, movies, doom"
pca6b9z,0,"gif, giphy, love, guy, number, op, biggest, bring"
pca68l6,0,"gif, giphy, love, guy, number, op, biggest, bring"
pca67g0,1,"like, just, people, don, know, think, lol, did"
pca675w,4,"movie, time, man, mcu, marvel, loki, movies, doom"
pca62g9,4,"movie, time, man, mcu, marvel, loki, movies, doom"
pca62a3,4,"movie, time, man, mcu, marvel, loki, movies, doom"
pca60mx,3,"infinity, vision, imax, scene, scenes, saw, tva, screen"
pca60d8,1,"like, just, people, don, know, think, lol, did"
pca5xoz,1,"like, just, people, don, know, think, lol, did"
pca5w29,1,"like, just, people, don, know, think, lol, did"
pca5vks,4,"movie, time, man, mcu, marvel, loki, movies, doom"
pca5s6o,4,"movie, time, man, mcu, marvel, loki, movies, doom"
pca5ra9,3,"infinity, vision, imax, scene, scenes, saw, tva, screen"
pca5mfp,4,"movie, time, man, mcu, marvel, loki, movies, doom"
pca5k6b,1,"like, just, people, don, know, think, lol, did"
pca5hph,4,"movie, time, man, mcu, marvel, loki, movies, doom"
pca5eiw,4,"movie, time, man, mcu, marvel, loki, movies, doom"
pca5d0b,1,"like, just, people, don, know, think, lol, did"
pca5cil,1,"like, just, people, don, know, think, lol, did"
pca5ax7,3,"infinity, vision, imax, scene, scenes, saw, tva, screen"
pca5aw6,3,"infinity, vision, imax, scene, scenes, saw, tva, screen"
pca58ub,4,"movie, time, man, mcu, marvel, loki, movies, doom"
pca55fg,3,"infinity, vision, imax, scene, scenes, saw, tva, screen"
pca50es,4,"movie, time, man, mcu, marvel, loki, movies, doom"
pca4wv6,4,"movie, time, man, mcu, marvel, loki, movies, doom"
pca4vcn,4,"movie, time, man, mcu, marvel, loki, movies, doom"
pca4v8w,3,"infinity, vision, imax, scene, scenes, saw, tva, screen"
pca4uk1,1,"like, just, people, don, know, think, lol, did"
pca4svt,3,"infinity, vision, imax, scene, scenes, saw, tva, screen"
pca4sgl,1,"like, just, people, don, know, think, lol, did"
pca4pnz,3,"infinity, vision, imax, scene, scenes, saw, tva, screen"
pca4m6w,4,"movie, time, man, mcu, marvel, loki, movies, doom"
pca4m5u,1,"like, just, people, don, know, think, lol, did"
pca4j2k,1,"like, just, people, don, know, think, lol, did"
pca4iho,4,"movie, time, man, mcu, marvel, loki, movies, doom"
pca4gtb,2,"yes, doomsday, oh, pretty, say, comics, absolutely, better"
pca4fdp,4,"movie, time, man, mcu, marvel, loki, movies, doom"
pca4dzj,4,"movie, time, man, mcu, marvel, loki, movies, doom"
pca4dgw,1,"like, just, people, don, know, think, lol, did"
pca4d4k,1,"like, just, people, don, know, think, lol, did"
pca4cbq,3,"infinity, vision, imax, scene, scenes, saw, tva, screen"
pca4auh,3,"infinity, vision, imax, scene, scenes, saw, tva, screen"
pca4auj,1,"like, just, people, don, know, think, lol, did"
pca4abm,3,"infinity, vision, imax, scene, scenes, saw, tva, screen"
pca49uu,4,"movie, time, man, mcu, marvel, loki, movies, doom"
pca49c2,3,"infinity, vision, imax, scene, scenes, saw, tva, screen"
pca46q9,4,"movie, time, man, mcu, marvel, loki, movies, doom"
pca46fp,4,"movie, time, man, mcu, marvel, loki, movies, doom"
pca45cm,4,"movie, time, man, mcu, marvel, loki, movies, doom"
pca45cp,4,"movie, time, man, mcu, marvel, loki, movies, doom"
pca440d,3,"infinity, vision, imax, scene, scenes, saw, tva, screen"
pca42kb,4,"movie, time, man, mcu, marvel, loki, movies, doom"
pca42cq,4,"movie, time, man, mcu, marvel, loki, movies, doom"
pca3yxz,1,"like, just, people, don, know, think, lol, did"
pca3x2x,3,"infinity, vision, imax, scene, scenes, saw, tva, screen"
pca3w1u,4,"movie, time, man, mcu, marvel, loki, movies, doom"
pca3vo7,4,"movie, time, man, mcu, marvel, loki, movies, doom"
pca3v2e,4,"movie, time, man, mcu, marvel, loki, movies, doom"
pca3tux,3,"infinity, vision, imax, scene, scenes, saw, tva, screen"
pca3r6z,1,"like, just, people, don, know, think, lol, did"
pca3pl3,3,"infinity, vision, imax, scene, scenes, saw, tva, screen"
pca3ncz,3,"infinity, vision, imax, scene, scenes, saw, tva, screen"
pca3myd,0,"gif, giphy, love, guy, number, op, biggest, bring"
pca3mso,1,"like, just, people, don, know, think, lol, did"
pca3ld8,1,"like, just, people, don, know, think, lol, did"
pca3i5f,1,"like, just, people, don, know, think, lol, did"
pca3htc,4,"movie, time, man, mcu, marvel, loki, movies, doom"
pca3htm,4,"movie, time, man, mcu, marvel, loki, movies, doom"
pca3e2c,4,"movie, time, man, mcu, marvel, loki, movies, doom"
pca3dye,1,"like, just, people, don, know, think, lol, did"
pca3ds2,4,"movie, time, man, mcu, marvel, loki, movies, doom"
pca3dcd,1,"like, just, people, don, know, think, lol, did"
pca3c5k,4,"movie, time, man, mcu, marvel, loki, movies, doom"
pca3bg5,4,"movie, time, man, mcu, marvel, loki, movies, doom"
pca3aoc,1,"like, just, people, don, know, think, lol, did"
pca3a6v,3,"infinity, vision, imax, scene, scenes, saw, tva, screen"
pca39md,4,"movie, time, man, mcu, marvel, loki, movies, doom"
pca38xw,2,"yes, doomsday, oh, pretty, say, comics, absolutely, better"
pca38tj,3,"infinity, vision, imax, scene, scenes, saw, tva, screen"
pca38ap,4,"movie, time, man, mcu, marvel, loki, movies, doom"
pca3509,4,"movie, time, man, mcu, marvel, loki, movies, doom"
pca31zn,1,"like, just, people, don, know, think, lol, did"
pca30o3,4,"movie, time, man, mcu, marvel, loki, movies, doom"
pca2zre,1,"like, just, people, don, know, think, lol, did"
pca2znp,4,"movie, time, man, mcu, marvel, loki, movies, doom"
pca2z86,4,"movie, time, man, mcu, marvel, loki, movies, doom"
pca2wih,3,"infinity, vision, imax, scene, scenes, saw, tva, screen"
pca2vib,4,"movie, time, man, mcu, marvel, loki, movies, doom"
pca2vcj,1,"like, just, people, don, know, think, lol, did"
pca2vbx,4,"movie, time, man, mcu, marvel, loki, movies, doom"
pca2v9s,4,"movie, time, man, mcu, marvel, loki, movies, doom"
pca2u1l,0,"gif, giphy, love, guy, number, op, biggest, bring"
pca2qpp,1,"like, just, people, don, know, think, lol, did"
pca2ppw,4,"movie, time, man, mcu, marvel, loki, movies, doom"
pca2ntt,4,"movie, time, man, mcu, marvel, loki, movies, doom"
pca2ml9,1,"like, just, people, don, know, think, lol, did"
pca2md1,1,"like, just, people, don, know, think, lol, did"
pca2ldx,1,"like, just, people, don, know, think, lol, did"
pca2j3x,3,"infinity, vision, imax, scene, scenes, saw, tva, screen"
pca2hdi,4,"movie, time, man, mcu, marvel, loki, movies, doom"
pca2ggv,4,"movie, time, man, mcu, marvel, loki, movies, doom"
pca2g0i,4,"movie, time, man, mcu, marvel, loki, movies, doom"
pca2fkf,4,"movie, time, man, mcu, marvel, loki, movies, doom"
pca2emh,4,"movie, time, man, mcu, marvel, loki, movies, doom"
pca2e55,4,"movie, time, man, mcu, marvel, loki, movies, doom"
pca2cw9,3,"infinity, vision, imax, scene, scenes, saw, tva, screen"
pca2chp,4,"movie, time, man, mcu, marvel, loki, movies, doom"
pca2b5z,3,"infinity, vision, imax, scene, scenes, saw, tva, screen"
pca29z0,1,"like, just, people, don, know, think, lol, did"
pca28xy,4,"movie, time, man, mcu, marvel, loki, movies, doom"
pca28cd,0,"gif, giphy, love, guy, number, op, biggest, bring"
pca24m4,1,"like, just, people, don, know, think, lol, did"
pca23q2,4,"movie, time, man, mcu, marvel, loki, movies, doom"
pca2363,1,"like, just, people, don, know, think, lol, did"
pca1yv4,3,"infinity, vision, imax, scene, scenes, saw, tva, screen"
pca1yt1,1,"like, just, people, don, know, think, lol, did"
pca1wuc,4,"movie, time, man, mcu, marvel, loki, movies, doom"
pca1sud,0,"gif, giphy, love, guy, number, op, biggest, bring"
pca1rum,0,"gif, giphy, love, guy, number, op, biggest, bring"
pca1rbm,4,"movie, time, man, mcu, marvel, loki, movies, doom"
pca1lto,4,"movie, time, man, mcu, marvel, loki, movies, doom"
pca1khq,3,"infinity, vision, imax, scene, scenes, saw, tva, screen"
pca1j41,0,"gif, giphy, love, guy, number, op, biggest, bring"
pca1gbd,3,"infinity, vision, imax, scene, scenes, saw, tva, screen"
pca1fy0,1,"like, just, people, don, know, think, lol, did"
pca1fp8,4,"movie, time, man, mcu, marvel, loki, movies, doom"
pca1d2l,1,"like, just, people, don, know, think, lol, did"
pca1ceg,4,"movie, time, man, mcu, marvel, loki, movies, doom"
pca1a21,3,"infinity, vision, imax, scene, scenes, saw, tva, screen"
pca19yg,3,"infinity, vision, imax, scene, scenes, saw, tva, screen"
pca16fx,3,"infinity, vision, imax, scene, scenes, saw, tva, screen"
pca160i,4,"movie, time, man, mcu, marvel, loki, movies, doom"
pca158f,4,"movie, time, man, mcu, marvel, loki, movies, doom"
pca1597,4,"movie, time, man, mcu, marvel, loki, movies, doom"
pca14cx,3,"infinity, vision, imax, scene, scenes, saw, tva, screen"
pca12h8,1,"like, just, people, don, know, think, lol, did"
pca12ic,4,"movie, time, man, mcu, marvel, loki, movies, doom"
pca11r2,3,"infinity, vision, imax, scene, scenes, saw, tva, screen"
pca10l8,1,"like, just, people, don, know, think, lol, did"
pca0yz2,1,"like, just, people, don, know, think, lol, did"
pca0yt1,4,"movie, time, man, mcu, marvel, loki, movies, doom"
pca0xwu,4,"movie, time, man, mcu, marvel, loki, movies, doom"
pca0vm6,3,"infinity, vision, imax, scene, scenes, saw, tva, screen"
pca0tly,3,"infinity, vision, imax, scene, scenes, saw, tva, screen"
pca0sx0,0,"gif, giphy, love, guy, number, op, biggest, bring"
pca0r0o,1,"like, just, people, don, know, think, lol, did"
pca0qwj,4,"movie, time, man, mcu, marvel, loki, movies, doom"
pca0oiz,4,"movie, time, man, mcu, marvel, loki, movies, doom"
pca0o7a,4,"movie, time, man, mcu, marvel, loki, movies, doom"
pca0mlr,4,"movie, time, man, mcu, marvel, loki, movies, doom"
pca0kpj,4,"movie, time, man, mcu, marvel, loki, movies, doom"
pca0kjy,0,"gif, giphy, love, guy, number, op, biggest, bring"
pca0jtz,4,"movie, time, man, mcu, marvel, loki, movies, doom"
pca0iot,4,"movie, time, man, mcu, marvel, loki, movies, doom"
pca0ikw,4,"movie, time, man, mcu, marvel, loki, movies, doom"
pca0iau,4,"movie, time, man, mcu, marvel, loki, movies, doom"
pca0ich,4,"movie, time, man, mcu, marvel, loki, movies, doom"
pca0i2t,3,"infinity, vision, imax, scene, scenes, saw, tva, screen"
pca0hnx,0,"gif, giphy, love, guy, number, op, biggest, bring"
pca0gzy,4,"movie, time, man, mcu, marvel, loki, movies, doom"
pca0fbm,1,"like, just, people, don, know, think, lol, did"
pca0e2u,1,"like, just, people, don, know, think, lol, did"
pca0bsx,4,"movie, time, man, mcu, marvel, loki, movies, doom"
pca0bjn,1,"like, just, people, don, know, think, lol, did"
pca0b0g,3,"infinity, vision, imax, scene, scenes, saw, tva, screen"
pca0anb,1,"like, just, people, don, know, think, lol, did"
pca09x9,0,"gif, giphy, love, guy, number, op, biggest, bring"
pca09hz,4,"movie, time, man, mcu, marvel, loki, movies, doom"
pca08v3,1,"like, just, people, don, know, think, lol, did"
pca083a,3,"infinity, vision, imax, scene, scenes, saw, tva, screen"
pca07u1,1,"like, just, people, don, know, think, lol, did"
pca06lq,4,"movie, time, man, mcu, marvel, loki, movies, doom"
pca04ow,3,"infinity, vision, imax, scene, scenes, saw, tva, screen"
pca04ao,3,"infinity, vision, imax, scene, scenes, saw, tva, screen"
pca03rn,1,"like, just, people, don, know, think, lol, did"
pca0206,4,"movie, time, man, mcu, marvel, loki, movies, doom"
pca00z0,1,"like, just, people, don, know, think, lol, did"
pc9zzkn,4,"movie, time, man, mcu, marvel, loki, movies, doom"
pc9zzcq,1,"like, just, people, don, know, think, lol, did"
pc9zws0,4,"movie, time, man, mcu, marvel, loki, movies, doom"
pc9zwkg,4,"movie, time, man, mcu, marvel, loki, movies, doom"
pc9zw6y,4,"movie, time, man, mcu, marvel, loki, movies, doom"
pc9ztv5,4,"movie, time, man, mcu, marvel, loki, movies, doom"
pc9ztmb,4,"movie, time, man, mcu, marvel, loki, movies, doom"
pc9zt7x,4,"movie, time, man, mcu, marvel, loki, movies, doom"
pc9zryk,4,"movie, time, man, mcu, marvel, loki, movies, doom"
pc9zrjt,1,"like, just, people, don, know, think, lol, did"
pc9zrgf,3,"infinity, vision, imax, scene, scenes, saw, tva, screen"
pc9zq6m,4,"movie, time, man, mcu, marvel, loki, movies, doom"
pc9zq39,4,"movie, time, man, mcu, marvel, loki, movies, doom"
pc9zpyu,3,"infinity, vision, imax, scene, scenes, saw, tva, screen"
pc9zpao,1,"like, just, people, don, know, think, lol, did"
pc9zobk,4,"movie, time, man, mcu, marvel, loki, movies, doom"
pc9zkpb,4,"movie, time, man, mcu, marvel, loki, movies, doom"
pc9zjmk,1,"like, just, people, don, know, think, lol, did"
pc9zj8n,1,"like, just, people, don, know, think, lol, did"
pc9zisc,4,"movie, time, man, mcu, marvel, loki, movies, doom"
pc9ziei,4,"movie, time, man, mcu, marvel, loki, movies, doom"
pc9zgo0,4,"movie, time, man, mcu, marvel, loki, movies, doom"
pc9zfzb,1,"like, just, people, don, know, think, lol, did"
pc9zd83,4,"movie, time, man, mcu, marvel, loki, movies, doom"
pc9zc9x,0,"gif, giphy, love, guy, number, op, biggest, bring"
pc9zanh,4,"movie, time, man, mcu, marvel, loki, movies, doom"
pc9zajr,4,"movie, time, man, mcu, marvel, loki, movies, doom"
pc9z8lb,4,"movie, time, man, mcu, marvel, loki, movies, doom"
pc9z8d1,4,"movie, time, man, mcu, marvel, loki, movies, doom"
pc9z5y8,4,"movie, time, man, mcu, marvel, loki, movies, doom"
pc9z4d4,4,"movie, time, man, mcu, marvel, loki, movies, doom"
pc9z3jf,1,"like, just, people, don, know, think, lol, did"
pc9z2hv,0,"gif, giphy, love, guy, number, op, biggest, bring"
pc9z25p,0,"gif, giphy, love, guy, number, op, biggest, bring"
pc9z22e,4,"movie, time, man, mcu, marvel, loki, movies, doom"
pc9yzi5,4,"movie, time, man, mcu, marvel, loki, movies, doom"
pc9yz56,3,"infinity, vision, imax, scene, scenes, saw, tva, screen"
pc9yye3,1,"like, just, people, don, know, think, lol, did"
pc9yxg2,4,"movie, time, man, mcu, marvel, loki, movies, doom"
pc9ywpu,4,"movie, time, man, mcu, marvel, loki, movies, doom"
pc9ysoz,3,"infinity, vision, imax, scene, scenes, saw, tva, screen"
pc9yrxl,4,"movie, time, man, mcu, marvel, loki, movies, doom"
pc9ypcl,4,"movie, time, man, mcu, marvel, loki, movies, doom"
pc9yokz,2,"yes, doomsday, oh, pretty, say, comics, absolutely, better"
pc9yock,4,"movie, time, man, mcu, marvel, loki, movies, doom"
pc9yobl,4,"movie, time, man, mcu, marvel, loki, movies, doom"
pc9ynb3,3,"infinity, vision, imax, scene, scenes, saw, tva, screen"
pc9ym9g,4,"movie, time, man, mcu, marvel, loki, movies, doom"
pc9ylq1,4,"movie, time, man, mcu, marvel, loki, movies, doom"
pc9yju4,4,"movie, time, man, mcu, marvel, loki, movies, doom"
pc9yhvb,3,"infinity, vision, imax, scene, scenes, saw, tva, screen"
pc9yhdd,1,"like, just, people, don, know, think, lol, did"
pc9ygtk,4,"movie, time, man, mcu, marvel, loki, movies, doom"
pc9ydtm,1,"like, just, people, don, know, think, lol, did"
pc9ycs0,4,"movie, time, man, mcu, marvel, loki, movies, doom"
pc9yc16,1,"like, just, people, don, know, think, lol, did"
pc9ya0z,1,"like, just, people, don, know, think, lol, did"
pc9y9w2,1,"like, just, people, don, know, think, lol, did"
pc9y9ji,4,"movie, time, man, mcu, marvel, loki, movies, doom"
pc9y8z2,4,"movie, time, man, mcu, marvel, loki, movies, doom"
pc9y90z,3,"infinity, vision, imax, scene, scenes, saw, tva, screen"
pc9y5al,4,"movie, time, man, mcu, marvel, loki, movies, doom"
pc9y3g0,3,"infinity, vision, imax, scene, scenes, saw, tva, screen"
pc9xxy4,4,"movie, time, man, mcu, marvel, loki, movies, doom"
pc9xwxg,4,"movie, time, man, mcu, marvel, loki, movies, doom"
pc9xvb4,0,"gif, giphy, love, guy, number, op, biggest, bring"
pc9xr6m,1,"like, just, people, don, know, think, lol, did"
pc9xpd0,0,"gif, giphy, love, guy, number, op, biggest, bring"
pc9xp4w,4,"movie, time, man, mcu, marvel, loki, movies, doom"
pc9xnx8,0,"gif, giphy, love, guy, number, op, biggest, bring"
pc9xnn7,4,"movie, time, man, mcu, marvel, loki, movies, doom"
pc9xjnm,4,"movie, time, man, mcu, marvel, loki, movies, doom"
pc9xjch,3,"infinity, vision, imax, scene, scenes, saw, tva, screen"
pc9xh98,3,"infinity, vision, imax, scene, scenes, saw, tva, screen"
pc9xgh5,0,"gif, giphy, love, guy, number, op, biggest, bring"
pc9xe7m,4,"movie, time, man, mcu, marvel, loki, movies, doom"
pc9xcir,4,"movie, time, man, mcu, marvel, loki, movies, doom"
pc9xb7b,3,"infinity, vision, imax, scene, scenes, saw, tva, screen"
pc9x8ck,4,"movie, time, man, mcu, marvel, loki, movies, doom"
pc9x7ix,4,"movie, time, man, mcu, marvel, loki, movies, doom"
pc9x6sg,0,"gif, giphy, love, guy, number, op, biggest, bring"
pc9x6ni,3,"infinity, vision, imax, scene, scenes, saw, tva, screen"
pc9x6jc,4,"movie, time, man, mcu, marvel, loki, movies, doom"
pc9x69p,1,"like, just, people, don, know, think, lol, did"
pc9x4v3,4,"movie, time, man, mcu, marvel, loki, movies, doom"
pc9x3v2,1,"like, just, people, don, know, think, lol, did"
pc9x2mf,4,"movie, time, man, mcu, marvel, loki, movies, doom"
pc9wzyz,4,"movie, time, man, mcu, marvel, loki, movies, doom"
pc9wxsp,4,"movie, time, man, mcu, marvel, loki, movies, doom"
pc9wxgk,1,"like, just, people, don, know, think, lol, did"
pc9wvmh,4,"movie, time, man, mcu, marvel, loki, movies, doom"
pc9wu9k,3,"infinity, vision, imax, scene, scenes, saw, tva, screen"
pc9wsov,4,"movie, time, man, mcu, marvel, loki, movies, doom"
pc9wr5u,0,"gif, giphy, love, guy, number, op, biggest, bring"
pc9wqsx,4,"movie, time, man, mcu, marvel, loki, movies, doom"
pc9wqgr,1,"like, just, people, don, know, think, lol, did"
pc9wpil,3,"infinity, vision, imax, scene, scenes, saw, tva, screen"
pc9wltl,4,"movie, time, man, mcu, marvel, loki, movies, doom"
pc9wldt,1,"like, just, people, don, know, think, lol, did"
pc9wjxc,0,"gif, giphy, love, guy, number, op, biggest, bring"
pc9wjzn,4,"movie, time, man, mcu, marvel, loki, movies, doom"
pc9wj3a,4,"movie, time, man, mcu, marvel, loki, movies, doom"
pc9wecg,4,"movie, time, man, mcu, marvel, loki, movies, doom"
pc9wee8,4,"movie, time, man, mcu, marvel, loki, movies, doom"
pc9wdiz,3,"infinity, vision, imax, scene, scenes, saw, tva, screen"
pc9wb6p,4,"movie, time, man, mcu, marvel, loki, movies, doom"
pc9wb9l,0,"gif, giphy, love, guy, number, op, biggest, bring"
pc9w7wv,1,"like, just, people, don, know, think, lol, did"
pc9w5pd,4,"movie, time, man, mcu, marvel, loki, movies, doom"
pc9w5jw,3,"infinity, vision, imax, scene, scenes, saw, tva, screen"
pc9w4e9,1,"like, just, people, don, know, think, lol, did"
pc9w1ex,4,"movie, time, man, mcu, marvel, loki, movies, doom"
pc9vzqt,3,"infinity, vision, imax, scene, scenes, saw, tva, screen"
pc9vziy,4,"movie, time, man, mcu, marvel, loki, movies, doom"
pc9vwf6,4,"movie, time, man, mcu, marvel, loki, movies, doom"
pc9vugy,4,"movie, time, man, mcu, marvel, loki, movies, doom"
pc9vtat,1,"like, just, people, don, know, think, lol, did"
pc9vt7m,0,"gif, giphy, love, guy, number, op, biggest, bring"
pc9vt07,3,"infinity, vision, imax, scene, scenes, saw, tva, screen"
pc9vpvf,3,"infinity, vision, imax, scene, scenes, saw, tva, screen"
pc9vpt9,1,"like, just, people, don, know, think, lol, did"
pc9vouj,4,"movie, time, man, mcu, marvel, loki, movies, doom"
pc9vosj,4,"movie, time, man, mcu, marvel, loki, movies, doom"
pc9vo1o,3,"infinity, vision, imax, scene, scenes, saw, tva, screen"
pc9vn81,4,"movie, time, man, mcu, marvel, loki, movies, doom"
pc9vmx7,4,"movie, time, man, mcu, marvel, loki, movies, doom"
pc9vlka,4,"movie, time, man, mcu, marvel, loki, movies, doom"
pc9vhxa,1,"like, just, people, don, know, think, lol, did"
pc9vhqe,3,"infinity, vision, imax, scene, scenes, saw, tva, screen"
pc9vfa6,1,"like, just, people, don, know, think, lol, did"
pc9vdh7,4,"movie, time, man, mcu, marvel, loki, movies, doom"
pc9vctp,4,"movie, time, man, mcu, marvel, loki, movies, doom"
pc9vblp,4,"movie, time, man, mcu, marvel, loki, movies, doom"
pc9va2o,3,"infinity, vision, imax, scene, scenes, saw, tva, screen"
pc9v8hx,4,"movie, time, man, mcu, marvel, loki, movies, doom"
pc9v418,1,"like, just, people, don, know, think, lol, did"
pc9uz6m,1,"like, just, people, don, know, think, lol, did"
pc9ux2y,1,"like, just, people, don, know, think, lol, did"
pc9uwts,4,"movie, time, man, mcu, marvel, loki, movies, doom"
pc9uq99,4,"movie, time, man, mcu, marvel, loki, movies, doom"
pc9upwd,4,"movie, time, man, mcu, marvel, loki, movies, doom"
pc9upq5,0,"gif, giphy, love, guy, number, op, biggest, bring"
pc9uoyy,0,"gif, giphy, love, guy, number, op, biggest, bring"
pc9uml2,4,"movie, time, man, mcu, marvel, loki, movies, doom"
pc9ulad,0,"gif, giphy, love, guy, number, op, biggest, bring"
pc9ukqj,1,"like, just, people, don, know, think, lol, did"
pc9ujvb,4,"movie, time, man, mcu, marvel, loki, movies, doom"
pc9uiw4,1,"like, just, people, don, know, think, lol, did"
pc9uidm,1,"like, just, people, don, know, think, lol, did"
pc9uhwz,4,"movie, time, man, mcu, marvel, loki, movies, doom"
pc9uh0m,3,"infinity, vision, imax, scene, scenes, saw, tva, screen"
pc9ufxz,4,"movie, time, man, mcu, marvel, loki, movies, doom"
pc9uf53,4,"movie, time, man, mcu, marvel, loki, movies, doom"
pc9udfl,3,"infinity, vision, imax, scene, scenes, saw, tva, screen"
pc9udg4,4,"movie, time, man, mcu, marvel, loki, movies, doom"
pc9uabf,4,"movie, time, man, mcu, marvel, loki, movies, doom"
pc9u92a,4,"movie, time, man, mcu, marvel, loki, movies, doom"
pc9u8mv,1,"like, just, people, don, know, think, lol, did"
pc9u7oj,2,"yes, doomsday, oh, pretty, say, comics, absolutely, better"
pc9u3s4,1,"like, just, people, don, know, think, lol, did"
pc9u29b,4,"movie, time, man, mcu, marvel, loki, movies, doom"
pc9u1mx,4,"movie, time, man, mcu, marvel, loki, movies, doom"
pc9u1bk,4,"movie, time, man, mcu, marvel, loki, movies, doom"
pc9u0ys,1,"like, just, people, don, know, think, lol, did"
pc9u0sv,4,"movie, time, man, mcu, marvel, loki, movies, doom"
pc9tzpn,0,"gif, giphy, love, guy, number, op, biggest, bring"
pc9tzhb,4,"movie, time, man, mcu, marvel, loki, movies, doom"
pc9ty91,0,"gif, giphy, love, guy, number, op, biggest, bring"
pc9twuz,4,"movie, time, man, mcu, marvel, loki, movies, doom"
pc9trhu,3,"infinity, vision, imax, scene, scenes, saw, tva, screen"
pc9tq1k,0,"gif, giphy, love, guy, number, op, biggest, bring"
pc9tpmg,1,"like, just, people, don, know, think, lol, did"
pc9toru,3,"infinity, vision, imax, scene, scenes, saw, tva, screen"
pc9tl26,4,"movie, time, man, mcu, marvel, loki, movies, doom"
pc9tks6,3,"infinity, vision, imax, scene, scenes, saw, tva, screen"
pc9tkjl,1,"like, just, people, don, know, think, lol, did"
pc9th7i,1,"like, just, people, don, know, think, lol, did"
pc9tg8t,4,"movie, time, man, mcu, marvel, loki, movies, doom"
pc9tbk0,4,"movie, time, man, mcu, marvel, loki, movies, doom"
pc9t9h0,1,"like, just, people, don, know, think, lol, did"
pc9t7xu,4,"movie, time, man, mcu, marvel, loki, movies, doom"
pc9t5n3,4,"movie, time, man, mcu, marvel, loki, movies, doom"
pc9t2sx,0,"gif, giphy, love, guy, number, op, biggest, bring"
pc9t1gy,0,"gif, giphy, love, guy, number, op, biggest, bring"
pc9sz7f,1,"like, just, people, don, know, think, lol, did"
pc9sw4g,0,"gif, giphy, love, guy, number, op, biggest, bring"
pc9su4i,3,"infinity, vision, imax, scene, scenes, saw, tva, screen"
pc9so30,1,"like, just, people, don, know, think, lol, did"
pc9snrl,4,"movie, time, man, mcu, marvel, loki, movies, doom"
pc9snor,4,"movie, time, man, mcu, marvel, loki, movies, doom"
pc9sneg,1,"like, just, people, don, know, think, lol, did"
pc9sn60,1,"like, just, people, don, know, think, lol, did"
pc9smtb,4,"movie, time, man, mcu, marvel, loki, movies, doom"
pc9sm90,3,"infinity, vision, imax, scene, scenes, saw, tva, screen"
pc9slhu,4,"movie, time, man, mcu, marvel, loki, movies, doom"
pc9ska9,0,"gif, giphy, love, guy, number, op, biggest, bring"
pc9sjoa,1,"like, just, people, don, know, think, lol, did"
pc9sj8g,0,"gif, giphy, love, guy, number, op, biggest, bring"
pc9site,4,"movie, time, man, mcu, marvel, loki, movies, doom"
pc9shru,4,"movie, time, man, mcu, marvel, loki, movies, doom"
pc9sg0x,4,"movie, time, man, mcu, marvel, loki, movies, doom"
pc9se86,4,"movie, time, man, mcu, marvel, loki, movies, doom"
pc9sdk7,4,"movie, time, man, mcu, marvel, loki, movies, doom"
pc9sdan,4,"movie, time, man, mcu, marvel, loki, movies, doom"
pc9sctu,1,"like, just, people, don, know, think, lol, did"
pc9scgp,4,"movie, time, man, mcu, marvel, loki, movies, doom"
pc9sbdj,3,"infinity, vision, imax, scene, scenes, saw, tva, screen"
pc9sa4h,4,"movie, time, man, mcu, marvel, loki, movies, doom"
pc9s8he,4,"movie, time, man, mcu, marvel, loki, movies, doom"
pc9s7h7,4,"movie, time, man, mcu, marvel, loki, movies, doom"
pc9s5ye,3,"infinity, vision, imax, scene, scenes, saw, tva, screen"
pc9s5iu,3,"infinity, vision, imax, scene, scenes, saw, tva, screen"
pc9s5bi,3,"infinity, vision, imax, scene, scenes, saw, tva, screen"
pc9s5dn,4,"movie, time, man, mcu, marvel, loki, movies, doom"
pc9s3yr,4,"movie, time, man, mcu, marvel, loki, movies, doom"
pc9s22q,4,"movie, time, man, mcu, marvel, loki, movies, doom"
pc9s1bn,4,"movie, time, man, mcu, marvel, loki, movies, doom"
pc9s017,1,"like, just, people, don, know, think, lol, did"
pc9rvpl,4,"movie, time, man, mcu, marvel, loki, movies, doom"
pc9rvlo,4,"movie, time, man, mcu, marvel, loki, movies, doom"
pc9ruq2,1,"like, just, people, don, know, think, lol, did"
pc9ru3f,4,"movie, time, man, mcu, marvel, loki, movies, doom"
pc9rthl,4,"movie, time, man, mcu, marvel, loki, movies, doom"
pc9rq5j,1,"like, just, people, don, know, think, lol, did"
pc9rn0i,4,"movie, time, man, mcu, marvel, loki, movies, doom"
pc9rh85,4,"movie, time, man, mcu, marvel, loki, movies, doom"
pc9rfug,4,"movie, time, man, mcu, marvel, loki, movies, doom"
pc9rfrg,0,"gif, giphy, love, guy, number, op, biggest, bring"
pc9rfa2,1,"like, just, people, don, know, think, lol, did"
pc9rdvp,0,"gif, giphy, love, guy, number, op, biggest, bring"
pc9rdwy,2,"yes, doomsday, oh, pretty, say, comics, absolutely, better"
pc9rd0l,1,"like, just, people, don, know, think, lol, did"
pc9rccr,4,"movie, time, man, mcu, marvel, loki, movies, doom"
pc9rbbp,4,"movie, time, man, mcu, marvel, loki, movies, doom"
pc9raat,4,"movie, time, man, mcu, marvel, loki, movies, doom"
pc9ra2x,4,"movie, time, man, mcu, marvel, loki, movies, doom"
pc9r9rq,0,"gif, giphy, love, guy, number, op, biggest, bring"
pc9r942,0,"gif, giphy, love, guy, number, op, biggest, bring"
pc9r82h,4,"movie, time, man, mcu, marvel, loki, movies, doom"
pc9r7q3,4,"movie, time, man, mcu, marvel, loki, movies, doom"
pc9r70a,4,"movie, time, man, mcu, marvel, loki, movies, doom"
pc9r6tt,1,"like, just, people, don, know, think, lol, did"
pc9r55o,3,"infinity, vision, imax, scene, scenes, saw, tva, screen"
pc9r3bd,1,"like, just, people, don, know, think, lol, did"
pc9r2y8,1,"like, just, people, don, know, think, lol, did"
pc9r30f,4,"movie, time, man, mcu, marvel, loki, movies, doom"
pc9r1db,1,"like, just, people, don, know, think, lol, did"
pc9qzjd,1,"like, just, people, don, know, think, lol, did"
pc9qx7f,4,"movie, time, man, mcu, marvel, loki, movies, doom"
pc9qvuk,1,"like, just, people, don, know, think, lol, did"
pc9qus0,3,"infinity, vision, imax, scene, scenes, saw, tva, screen"
pc9qtkt,2,"yes, doomsday, oh, pretty, say, comics, absolutely, better"
pc9qt9p,4,"movie, time, man, mcu, marvel, loki, movies, doom"
pc9qt4r,0,"gif, giphy, love, guy, number, op, biggest, bring"
pc9qp0e,4,"movie, time, man, mcu, marvel, loki, movies, doom"
pc9qjni,4,"movie, time, man, mcu, marvel, loki, movies, doom"
pc9qh74,3,"infinity, vision, imax, scene, scenes, saw, tva, screen"
pc9qfvz,4,"movie, time, man, mcu, marvel, loki, movies, doom"
pc9qf6g,2,"yes, doomsday, oh, pretty, say, comics, absolutely, better"
pc9qeks,1,"like, just, people, don, know, think, lol, did"
pc9qbct,1,"like, just, people, don, know, think, lol, did"
pc9qafe,4,"movie, time, man, mcu, marvel, loki, movies, doom"
pc9q7zv,4,"movie, time, man, mcu, marvel, loki, movies, doom"
pc9q56d,3,"infinity, vision, imax, scene, scenes, saw, tva, screen"
pc9q51m,3,"infinity, vision, imax, scene, scenes, saw, tva, screen"
pc9q4py,3,"infinity, vision, imax, scene, scenes, saw, tva, screen"
pc9q3jr,4,"movie, time, man, mcu, marvel, loki, movies, doom"
pc9q341,4,"movie, time, man, mcu, marvel, loki, movies, doom"
pc9pykd,1,"like, just, people, don, know, think, lol, did"
pc9purz,0,"gif, giphy, love, guy, number, op, biggest, bring"
pc9pu93,3,"infinity, vision, imax, scene, scenes, saw, tva, screen"
pc9ptxm,4,"movie, time, man, mcu, marvel, loki, movies, doom"
pc9pt4c,1,"like, just, people, don, know, think, lol, did"
pc9pt00,1,"like, just, people, don, know, think, lol, did"
pc9pt08,4,"movie, time, man, mcu, marvel, loki, movies, doom"
pc9psnt,4,"movie, time, man, mcu, marvel, loki, movies, doom"
pc9pspd,0,"gif, giphy, love, guy, number, op, biggest, bring"
pc9psf0,4,"movie, time, man, mcu, marvel, loki, movies, doom"
pc9ps3i,0,"gif, giphy, love, guy, number, op, biggest, bring"
pc9pr59,1,"like, just, people, don, know, think, lol, did"
pc9pppt,4,"movie, time, man, mcu, marvel, loki, movies, doom"
pc9pogh,4,"movie, time, man, mcu, marvel, loki, movies, doom"
pc9pns7,4,"movie, time, man, mcu, marvel, loki, movies, doom"
pc9plyl,4,"movie, time, man, mcu, marvel, loki, movies, doom"
pc9pl0p,4,"movie, time, man, mcu, marvel, loki, movies, doom"
pc9pk5c,4,"movie, time, man, mcu, marvel, loki, movies, doom"
pc9pj8q,3,"infinity, vision, imax, scene, scenes, saw, tva, screen"
pc9ph1j,1,"like, just, people, don, know, think, lol, did"
pc9pgdn,4,"movie, time, man, mcu, marvel, loki, movies, doom"
pc9p7kv,4,"movie, time, man, mcu, marvel, loki, movies, doom"
pc9p6zg,1,"like, just, people, don, know, think, lol, did"
pc9p6mi,3,"infinity, vision, imax, scene, scenes, saw, tva, screen"
pc9p68s,4,"movie, time, man, mcu, marvel, loki, movies, doom"
pc9p10x,4,"movie, time, man, mcu, marvel, loki, movies, doom"
pc9p0d8,1,"like, just, people, don, know, think, lol, did"
pc9ozjb,3,"infinity, vision, imax, scene, scenes, saw, tva, screen"
pc9ovqs,4,"movie, time, man, mcu, marvel, loki, movies, doom"
pc9ospn,4,"movie, time, man, mcu, marvel, loki, movies, doom"
pc9orbw,2,"yes, doomsday, oh, pretty, say, comics, absolutely, better"
pc9oqlu,0,"gif, giphy, love, guy, number, op, biggest, bring"
pc9one3,0,"gif, giphy, love, guy, number, op, biggest, bring"
pc9on8r,4,"movie, time, man, mcu, marvel, loki, movies, doom"
pc9onb5,2,"yes, doomsday, oh, pretty, say, comics, absolutely, better"
pc9olfp,4,"movie, time, man, mcu, marvel, loki, movies, doom"
pc9oldn,3,"infinity, vision, imax, scene, scenes, saw, tva, screen"
pc9ol6x,3,"infinity, vision, imax, scene, scenes, saw, tva, screen"
pc9ok31,4,"movie, time, man, mcu, marvel, loki, movies, doom"
pc9oj06,0,"gif, giphy, love, guy, number, op, biggest, bring"
pc9oib2,4,"movie, time, man, mcu, marvel, loki, movies, doom"
pc9ogn6,1,"like, just, people, don, know, think, lol, did"
pc9ogef,2,"yes, doomsday, oh, pretty, say, comics, absolutely, better"
pc9ocnt,4,"movie, time, man, mcu, marvel, loki, movies, doom"
pc9ocjy,4,"movie, time, man, mcu, marvel, loki, movies, doom"
pc9obrt,2,"yes, doomsday, oh, pretty, say, comics, absolutely, better"
pc9oah7,3,"infinity, vision, imax, scene, scenes, saw, tva, screen"
pc9o9k8,3,"infinity, vision, imax, scene, scenes, saw, tva, screen"
pc9o91z,4,"movie, time, man, mcu, marvel, loki, movies, doom"
pc9o6zq,4,"movie, time, man, mcu, marvel, loki, movies, doom"
pc9o6cd,4,"movie, time, man, mcu, marvel, loki, movies, doom"
pc9o67j,4,"movie, time, man, mcu, marvel, loki, movies, doom"
pc9o50r,4,"movie, time, man, mcu, marvel, loki, movies, doom"
pc9o4vr,1,"like, just, people, don, know, think, lol, did"
pc9o49j,4,"movie, time, man, mcu, marvel, loki, movies, doom"
pc9o475,3,"infinity, vision, imax, scene, scenes, saw, tva, screen"
pc9o29x,1,"like, just, people, don, know, think, lol, did"
pc9o12q,4,"movie, time, man, mcu, marvel, loki, movies, doom"
pc9nzjq,3,"infinity, vision, imax, scene, scenes, saw, tva, screen"
pc9nzgr,3,"infinity, vision, imax, scene, scenes, saw, tva, screen"
pc9nz2g,1,"like, just, people, don, know, think, lol, did"
pc9nyic,4,"movie, time, man, mcu, marvel, loki, movies, doom"
pc9nxyw,1,"like, just, people, don, know, think, lol, did"
pc9nxl3,4,"movie, time, man, mcu, marvel, loki, movies, doom"
pc9nxgs,3,"infinity, vision, imax, scene, scenes, saw, tva, screen"
pc9nupx,0,"gif, giphy, love, guy, number, op, biggest, bring"
pc9nt7m,1,"like, just, people, don, know, think, lol, did"
pc9nt31,0,"gif, giphy, love, guy, number, op, biggest, bring"
pc9ns3x,3,"infinity, vision, imax, scene, scenes, saw, tva, screen"
pc9nqp6,4,"movie, time, man, mcu, marvel, loki, movies, doom"
pc9nqkg,4,"movie, time, man, mcu, marvel, loki, movies, doom"
pc9nqcc,4,"movie, time, man, mcu, marvel, loki, movies, doom"
pc9no69,4,"movie, time, man, mcu, marvel, loki, movies, doom"
pc9nnrf,2,"yes, doomsday, oh, pretty, say, comics, absolutely, better"
pc9nmrv,0,"gif, giphy, love, guy, number, op, biggest, bring"
pc9njaz,3,"infinity, vision, imax, scene, scenes, saw, tva, screen"
pc9ni7l,3,"infinity, vision, imax, scene, scenes, saw, tva, screen"
pc9ngwu,4,"movie, time, man, mcu, marvel, loki, movies, doom"
pc9nb28,3,"infinity, vision, imax, scene, scenes, saw, tva, screen"
pc9n7fo,3,"infinity, vision, imax, scene, scenes, saw, tva, screen"
pc9n79c,4,"movie, time, man, mcu, marvel, loki, movies, doom"
pc9n6eq,4,"movie, time, man, mcu, marvel, loki, movies, doom"
pc9n3jx,4,"movie, time, man, mcu, marvel, loki, movies, doom"
pc9n33v,1,"like, just, people, don, know, think, lol, did"
pc9n31q,1,"like, just, people, don, know, think, lol, did"
pc9n1iz,3,"infinity, vision, imax, scene, scenes, saw, tva, screen"
pc9mzf1,1,"like, just, people, don, know, think, lol, did"
pc9mz3l,4,"movie, time, man, mcu, marvel, loki, movies, doom"
pc9my8a,0,"gif, giphy, love, guy, number, op, biggest, bring"
pc9mwwf,4,"movie, time, man, mcu, marvel, loki, movies, doom"
pc9mvqm,4,"movie, time, man, mcu, marvel, loki, movies, doom"
pc9mvmv,1,"like, just, people, don, know, think, lol, did"
pc9mvny,1,"like, just, people, don, know, think, lol, did"
pc9mvjy,3,"infinity, vision, imax, scene, scenes, saw, tva, screen"
pc9mu3h,0,"gif, giphy, love, guy, number, op, biggest, bring"
pc9mthy,4,"movie, time, man, mcu, marvel, loki, movies, doom"
pc9mt9f,1,"like, just, people, don, know, think, lol, did"
pc9mpx9,3,"infinity, vision, imax, scene, scenes, saw, tva, screen"
pc9moy7,3,"infinity, vision, imax, scene, scenes, saw, tva, screen"
pc9mkb0,4,"movie, time, man, mcu, marvel, loki, movies, doom"
pc9mhgb,2,"yes, doomsday, oh, pretty, say, comics, absolutely, better"
pc9mg0w,1,"like, just, people, don, know, think, lol, did"
pc9memy,4,"movie, time, man, mcu, marvel, loki, movies, doom"
pc9mcvc,4,"movie, time, man, mcu, marvel, loki, movies, doom"
pc9m8s0,4,"movie, time, man, mcu, marvel, loki, movies, doom"
pc9m8ng,1,"like, just, people, don, know, think, lol, did"
pc9m7j2,4,"movie, time, man, mcu, marvel, loki, movies, doom"
pc9m7ci,4,"movie, time, man, mcu, marvel, loki, movies, doom"
pc9m6c0,4,"movie, time, man, mcu, marvel, loki, movies, doom"
pc9m4vp,3,"infinity, vision, imax, scene, scenes, saw, tva, screen"
pc9m4lp,4,"movie, time, man, mcu, marvel, loki, movies, doom"
pc9m0up,1,"like, just, people, don, know, think, lol, did"
pc9lze4,3,"infinity, vision, imax, scene, scenes, saw, tva, screen"
pc9lynn,4,"movie, time, man, mcu, marvel, loki, movies, doom"
pc9lyhr,1,"like, just, people, don, know, think, lol, did"
pc9lvm1,3,"infinity, vision, imax, scene, scenes, saw, tva, screen"
pc9lulc,4,"movie, time, man, mcu, marvel, loki, movies, doom"
pc9ltwx,4,"movie, time, man, mcu, marvel, loki, movies, doom"
pc9ltbh,4,"movie, time, man, mcu, marvel, loki, movies, doom"
pc9lsd4,4,"movie, time, man, mcu, marvel, loki, movies, doom"
pc9lrtj,4,"movie, time, man, mcu, marvel, loki, movies, doom"
pc9lrst,3,"infinity, vision, imax, scene, scenes, saw, tva, screen"
pc9lr3e,1,"like, just, people, don, know, think, lol, did"
pc9lql6,4,"movie, time, man, mcu, marvel, loki, movies, doom"
pc9lqhu,3,"infinity, vision, imax, scene, scenes, saw, tva, screen"
pc9loq2,4,"movie, time, man, mcu, marvel, loki, movies, doom"
pc9lm3z,1,"like, just, people, don, know, think, lol, did"
pc9lm0e,1,"like, just, people, don, know, think, lol, did"
pc9llpo,4,"movie, time, man, mcu, marvel, loki, movies, doom"
pc9ll0k,2,"yes, doomsday, oh, pretty, say, comics, absolutely, better"
pc9lkua,4,"movie, time, man, mcu, marvel, loki, movies, doom"
pc9lj6k,3,"infinity, vision, imax, scene, scenes, saw, tva, screen"
pc9lipn,1,"like, just, people, don, know, think, lol, did"
pc9lhsv,4,"movie, time, man, mcu, marvel, loki, movies, doom"
pc9lhih,3,"infinity, vision, imax, scene, scenes, saw, tva, screen"
pc9leio,4,"movie, time, man, mcu, marvel, loki, movies, doom"
pc9le3z,4,"movie, time, man, mcu, marvel, loki, movies, doom"
pc9ldtw,2,"yes, doomsday, oh, pretty, say, comics, absolutely, better"
pc9ldnb,1,"like, just, people, don, know, think, lol, did"
pc9ldga,3,"infinity, vision, imax, scene, scenes, saw, tva, screen"
pc9lc6b,4,"movie, time, man, mcu, marvel, loki, movies, doom"
pc9lc0g,4,"movie, time, man, mcu, marvel, loki, movies, doom"
pc9l7w0,3,"infinity, vision, imax, scene, scenes, saw, tva, screen"
pc9l7i7,3,"infinity, vision, imax, scene, scenes, saw, tva, screen"
pc9l7a1,4,"movie, time, man, mcu, marvel, loki, movies, doom"
pc9l7af,4,"movie, time, man, mcu, marvel, loki, movies, doom"
pc9l6qh,4,"movie, time, man, mcu, marvel, loki, movies, doom"
pc9l5js,3,"infinity, vision, imax, scene, scenes, saw, tva, screen"
pc9l3ye,1,"like, just, people, don, know, think, lol, did"
pc9l3ub,1,"like, just, people, don, know, think, lol, did"
pc9l3bw,4,"movie, time, man, mcu, marvel, loki, movies, doom"
pc9l1vb,4,"movie, time, man, mcu, marvel, loki, movies, doom"
pc9kz0m,4,"movie, time, man, mcu, marvel, loki, movies, doom"
pc9kyqp,4,"movie, time, man, mcu, marvel, loki, movies, doom"
pc9ky8q,4,"movie, time, man, mcu, marvel, loki, movies, doom"
pc9kxr7,4,"movie, time, man, mcu, marvel, loki, movies, doom"
pc9kxd4,1,"like, just, people, don, know, think, lol, did"
pc9kwr7,0,"gif, giphy, love, guy, number, op, biggest, bring"
pc9kwir,0,"gif, giphy, love, guy, number, op, biggest, bring"
pc9kw81,4,"movie, time, man, mcu, marvel, loki, movies, doom"
pc9kvf7,4,"movie, time, man, mcu, marvel, loki, movies, doom"
pc9kv24,3,"infinity, vision, imax, scene, scenes, saw, tva, screen"
pc9kt9y,3,"infinity, vision, imax, scene, scenes, saw, tva, screen"
pc9kr06,4,"movie, time, man, mcu, marvel, loki, movies, doom"
pc9kpkd,4,"movie, time, man, mcu, marvel, loki, movies, doom"
pc9knt9,4,"movie, time, man, mcu, marvel, loki, movies, doom"
pc9kmem,3,"infinity, vision, imax, scene, scenes, saw, tva, screen"
pc9klgz,4,"movie, time, man, mcu, marvel, loki, movies, doom"
pc9kkm4,0,"gif, giphy, love, guy, number, op, biggest, bring"
pc9khtz,4,"movie, time, man, mcu, marvel, loki, movies, doom"
pc9khpq,4,"movie, time, man, mcu, marvel, loki, movies, doom"
pc9kgi7,4,"movie, time, man, mcu, marvel, loki, movies, doom"
pc9kg4z,1,"like, just, people, don, know, think, lol, did"
pc9kf43,4,"movie, time, man, mcu, marvel, loki, movies, doom"
pc9kbmq,1,"like, just, people, don, know, think, lol, did"
pc9k80k,4,"movie, time, man, mcu, marvel, loki, movies, doom"
pc9k7ay,4,"movie, time, man, mcu, marvel, loki, movies, doom"
pc9k6ac,4,"movie, time, man, mcu, marvel, loki, movies, doom"
pc9k6cg,1,"like, just, people, don, know, think, lol, did"
pc9k5la,4,"movie, time, man, mcu, marvel, loki, movies, doom"
pc9k59j,2,"yes, doomsday, oh, pretty, say, comics, absolutely, better"
pc9k356,1,"like, just, people, don, know, think, lol, did"
pc9k2fz,4,"movie, time, man, mcu, marvel, loki, movies, doom"
pc9k24y,4,"movie, time, man, mcu, marvel, loki, movies, doom"
pc9jztr,4,"movie, time, man, mcu, marvel, loki, movies, doom"
pc9jyge,4,"movie, time, man, mcu, marvel, loki, movies, doom"
pc9jxls,3,"infinity, vision, imax, scene, scenes, saw, tva, screen"
pc9jvhv,4,"movie, time, man, mcu, marvel, loki, movies, doom"
pc9juip,4,"movie, time, man, mcu, marvel, loki, movies, doom"
pc9ju46,4,"movie, time, man, mcu, marvel, loki, movies, doom"
pc9jtnn,1,"like, just, people, don, know, think, lol, did"
pc9jtjf,4,"movie, time, man, mcu, marvel, loki, movies, doom"
pc9jt2a,1,"like, just, people, don, know, think, lol, did"
pc9jsze,4,"movie, time, man, mcu, marvel, loki, movies, doom"
pc9jriw,4,"movie, time, man, mcu, marvel, loki, movies, doom"
pc9jr45,4,"movie, time, man, mcu, marvel, loki, movies, doom"
pc9jpdi,0,"gif, giphy, love, guy, number, op, biggest, bring"
pc9jotu,4,"movie, time, man, mcu, marvel, loki, movies, doom"
pc9joak,1,"like, just, people, don, know, think, lol, did"
pc9jlwu,4,"movie, time, man, mcu, marvel, loki, movies, doom"
pc9jlnb,4,"movie, time, man, mcu, marvel, loki, movies, doom"
pc9jkmy,4,"movie, time, man, mcu, marvel, loki, movies, doom"
pc9jjsw,1,"like, just, people, don, know, think, lol, did"
pc9jiqv,1,"like, just, people, don, know, think, lol, did"
pc9jibo,3,"infinity, vision, imax, scene, scenes, saw, tva, screen"
pc9ji55,0,"gif, giphy, love, guy, number, op, biggest, bring"
pc9jdvm,0,"gif, giphy, love, guy, number, op, biggest, bring"
pc9jcc2,4,"movie, time, man, mcu, marvel, loki, movies, doom"
pc9jcdd,1,"like, just, people, don, know, think, lol, did"
pc9j9jf,1,"like, just, people, don, know, think, lol, did"
pc9j9ig,4,"movie, time, man, mcu, marvel, loki, movies, doom"
pc9j8ro,4,"movie, time, man, mcu, marvel, loki, movies, doom"
pc9j7ok,2,"yes, doomsday, oh, pretty, say, comics, absolutely, better"
pc9j7c0,4,"movie, time, man, mcu, marvel, loki, movies, doom"
pc9j4rv,4,"movie, time, man, mcu, marvel, loki, movies, doom"
pc9iz2m,1,"like, just, people, don, know, think, lol, did"
pc9ix8e,4,"movie, time, man, mcu, marvel, loki, movies, doom"
pc9ix2v,4,"movie, time, man, mcu, marvel, loki, movies, doom"
pc9iwtw,4,"movie, time, man, mcu, marvel, loki, movies, doom"
pc9iwki,1,"like, just, people, don, know, think, lol, did"
pc9iv99,4,"movie, time, man, mcu, marvel, loki, movies, doom"
pc9ioj9,4,"movie, time, man, mcu, marvel, loki, movies, doom"
pc9invl,4,"movie, time, man, mcu, marvel, loki, movies, doom"
pc9in20,4,"movie, time, man, mcu, marvel, loki, movies, doom"
pc9im9d,4,"movie, time, man, mcu, marvel, loki, movies, doom"
pc9iili,4,"movie, time, man, mcu, marvel, loki, movies, doom"
pc9ihe9,4,"movie, time, man, mcu, marvel, loki, movies, doom"
pc9if9m,4,"movie, time, man, mcu, marvel, loki, movies, doom"
pc9ieug,1,"like, just, people, don, know, think, lol, did"
pc9iep6,4,"movie, time, man, mcu, marvel, loki, movies, doom"
pc9idtu,1,"like, just, people, don, know, think, lol, did"
pc9icnb,4,"movie, time, man, mcu, marvel, loki, movies, doom"
pc9iax2,3,"infinity, vision, imax, scene, scenes, saw, tva, screen"
pc9i9yu,4,"movie, time, man, mcu, marvel, loki, movies, doom"
pc9i9rz,0,"gif, giphy, love, guy, number, op, biggest, bring"
pc9i949,4,"movie, time, man, mcu, marvel, loki, movies, doom"
pc9i86j,3,"infinity, vision, imax, scene, scenes, saw, tva, screen"
pc9i7tu,3,"infinity, vision, imax, scene, scenes, saw, tva, screen"
pc9i75v,1,"like, just, people, don, know, think, lol, did"
pc9i735,0,"gif, giphy, love, guy, number, op, biggest, bring"
pc9i6fh,4,"movie, time, man, mcu, marvel, loki, movies, doom"
pc9i5b0,1,"like, just, people, don, know, think, lol, did"
pc9i4jh,0,"gif, giphy, love, guy, number, op, biggest, bring"
pc9i4l7,4,"movie, time, man, mcu, marvel, loki, movies, doom"
pc9i3ua,4,"movie, time, man, mcu, marvel, loki, movies, doom"
pc9i39a,4,"movie, time, man, mcu, marvel, loki, movies, doom"
pc9i34b,4,"movie, time, man, mcu, marvel, loki, movies, doom"
pc9i2oo,4,"movie, time, man, mcu, marvel, loki, movies, doom"
pc9i1e1,1,"like, just, people, don, know, think, lol, did"
pc9i122,4,"movie, time, man, mcu, marvel, loki, movies, doom"
pc9hxqw,1,"like, just, people, don, know, think, lol, did"
pc9hxmd,1,"like, just, people, don, know, think, lol, did"
pc9hxgm,0,"gif, giphy, love, guy, number, op, biggest, bring"
pc9hwzb,4,"movie, time, man, mcu, marvel, loki, movies, doom"
pc9hvhg,0,"gif, giphy, love, guy, number, op, biggest, bring"
pc9htht,4,"movie, time, man, mcu, marvel, loki, movies, doom"
pc9hsdt,3,"infinity, vision, imax, scene, scenes, saw, tva, screen"
pc9hs12,4,"movie, time, man, mcu, marvel, loki, movies, doom"
pc9hpn2,4,"movie, time, man, mcu, marvel, loki, movies, doom"
pc9hmdw,1,"like, just, people, don, know, think, lol, did"
pc9hlja,0,"gif, giphy, love, guy, number, op, biggest, bring"
pc9hjcb,3,"infinity, vision, imax, scene, scenes, saw, tva, screen"
pc9his2,0,"gif, giphy, love, guy, number, op, biggest, bring"
pc9hh9k,4,"movie, time, man, mcu, marvel, loki, movies, doom"
pc9hh0k,4,"movie, time, man, mcu, marvel, loki, movies, doom"
pc9hfc7,1,"like, just, people, don, know, think, lol, did"
pc9hezu,0,"gif, giphy, love, guy, number, op, biggest, bring"
pc9hd5n,1,"like, just, people, don, know, think, lol, did"
pc9hc1h,4,"movie, time, man, mcu, marvel, loki, movies, doom"
pc9hc26,4,"movie, time, man, mcu, marvel, loki, movies, doom"
pc9hbr9,4,"movie, time, man, mcu, marvel, loki, movies, doom"
pc9hb3o,1,"like, just, people, don, know, think, lol, did"
pc9hafv,3,"infinity, vision, imax, scene, scenes, saw, tva, screen"
pc9h9se,1,"like, just, people, don, know, think, lol, did"
pc9h76u,0,"gif, giphy, love, guy, number, op, biggest, bring"
pc9h4ey,1,"like, just, people, don, know, think, lol, did"
pc9gzfa,2,"yes, doomsday, oh, pretty, say, comics, absolutely, better"
pc9gzfv,1,"like, just, people, don, know, think, lol, did"
pc9gz8c,4,"movie, time, man, mcu, marvel, loki, movies, doom"
pc9gypd,4,"movie, time, man, mcu, marvel, loki, movies, doom"
pc9gvyn,1,"like, just, people, don, know, think, lol, did"
pc9gtmc,4,"movie, time, man, mcu, marvel, loki, movies, doom"
pc9grz0,1,"like, just, people, don, know, think, lol, did"
pc9go14,4,"movie, time, man, mcu, marvel, loki, movies, doom"
pc9gniv,1,"like, just, people, don, know, think, lol, did"
pc9glj3,4,"movie, time, man, mcu, marvel, loki, movies, doom"
pc9gkyd,1,"like, just, people, don, know, think, lol, did"
pc9gi92,4,"movie, time, man, mcu, marvel, loki, movies, doom"
pc9gd2m,4,"movie, time, man, mcu, marvel, loki, movies, doom"
pc9gbhi,4,"movie, time, man, mcu, marvel, loki, movies, doom"
pc9gb2t,4,"movie, time, man, mcu, marvel, loki, movies, doom"
pc9gacz,4,"movie, time, man, mcu, marvel, loki, movies, doom"
pc9g8e7,4,"movie, time, man, mcu, marvel, loki, movies, doom"
pc9g76k,0,"gif, giphy, love, guy, number, op, biggest, bring"
pc9g5vt,1,"like, just, people, don, know, think, lol, did"
pc9g4kq,0,"gif, giphy, love, guy, number, op, biggest, bring"
pc9g4c1,1,"like, just, people, don, know, think, lol, did"
pc9fyt2,4,"movie, time, man, mcu, marvel, loki, movies, doom"
pc9fy4o,4,"movie, time, man, mcu, marvel, loki, movies, doom"
pc9fy89,3,"infinity, vision, imax, scene, scenes, saw, tva, screen"
pc9fx0x,4,"movie, time, man, mcu, marvel, loki, movies, doom"
pc9fuls,0,"gif, giphy, love, guy, number, op, biggest, bring"
pc9fm6q,1,"like, just, people, don, know, think, lol, did"
pc9fl8n,4,"movie, time, man, mcu, marvel, loki, movies, doom"
pc9fjcc,4,"movie, time, man, mcu, marvel, loki, movies, doom"
pc9fgq5,1,"like, just, people, don, know, think, lol, did"
pc9ffw3,1,"like, just, people, don, know, think, lol, did"
pc9fdt7,4,"movie, time, man, mcu, marvel, loki, movies, doom"
pc9fdb8,0,"gif, giphy, love, guy, number, op, biggest, bring"
pc9fcjl,1,"like, just, people, don, know, think, lol, did"
pc9fc4t,1,"like, just, people, don, know, think, lol, did"
pc9f98t,1,"like, just, people, don, know, think, lol, did"
pc9f4ca,4,"movie, time, man, mcu, marvel, loki, movies, doom"
pc9f2d2,4,"movie, time, man, mcu, marvel, loki, movies, doom"
pc9f02b,4,"movie, time, man, mcu, marvel, loki, movies, doom"
pc9ex40,4,"movie, time, man, mcu, marvel, loki, movies, doom"
pc9ewjr,4,"movie, time, man, mcu, marvel, loki, movies, doom"
pc9eun0,4,"movie, time, man, mcu, marvel, loki, movies, doom"
pc9eu2j,3,"infinity, vision, imax, scene, scenes, saw, tva, screen"
pc9ertn,4,"movie, time, man, mcu, marvel, loki, movies, doom"
pc9ep4i,4,"movie, time, man, mcu, marvel, loki, movies, doom"
pc9embj,1,"like, just, people, don, know, think, lol, did"
pc9eljm,0,"gif, giphy, love, guy, number, op, biggest, bring"
pc9efy8,1,"like, just, people, don, know, think, lol, did"
pc9efc7,4,"movie, time, man, mcu, marvel, loki, movies, doom"
pc9ef7z,0,"gif, giphy, love, guy, number, op, biggest, bring"
pc9ee70,1,"like, just, people, don, know, think, lol, did"
pc9ecw1,4,"movie, time, man, mcu, marvel, loki, movies, doom"
pc9ebwc,1,"like, just, people, don, know, think, lol, did"
pc9eaez,1,"like, just, people, don, know, think, lol, did"
pc9e4so,1,"like, just, people, don, know, think, lol, did"
pc9e419,4,"movie, time, man, mcu, marvel, loki, movies, doom"
pc9e3uf,4,"movie, time, man, mcu, marvel, loki, movies, doom"
pc9e18t,4,"movie, time, man, mcu, marvel, loki, movies, doom"
pc9dyst,4,"movie, time, man, mcu, marvel, loki, movies, doom"
pc9dx9n,1,"like, just, people, don, know, think, lol, did"
pc9dwmo,0,"gif, giphy, love, guy, number, op, biggest, bring"
pc9dvwh,4,"movie, time, man, mcu, marvel, loki, movies, doom"
pc9ds2t,0,"gif, giphy, love, guy, number, op, biggest, bring"
pc9dqwt,2,"yes, doomsday, oh, pretty, say, comics, absolutely, better"
pc9dqy3,4,"movie, time, man, mcu, marvel, loki, movies, doom"
pc9dq1o,4,"movie, time, man, mcu, marvel, loki, movies, doom"
pc9dp2e,4,"movie, time, man, mcu, marvel, loki, movies, doom"
pc9dnn4,4,"movie, time, man, mcu, marvel, loki, movies, doom"
pc9dmgj,4,"movie, time, man, mcu, marvel, loki, movies, doom"
pc9dkns,2,"yes, doomsday, oh, pretty, say, comics, absolutely, better"
pc9djnh,4,"movie, time, man, mcu, marvel, loki, movies, doom"
pc9diie,4,"movie, time, man, mcu, marvel, loki, movies, doom"
pc9dha8,4,"movie, time, man, mcu, marvel, loki, movies, doom"
pc9dh5a,3,"infinity, vision, imax, scene, scenes, saw, tva, screen"
pc9dgfl,2,"yes, doomsday, oh, pretty, say, comics, absolutely, better"
pc9dfsj,4,"movie, time, man, mcu, marvel, loki, movies, doom"
pc9dfbh,4,"movie, time, man, mcu, marvel, loki, movies, doom"
pc9dcm3,1,"like, just, people, don, know, think, lol, did"
pc9dbba,4,"movie, time, man, mcu, marvel, loki, movies, doom"
pc9da9p,2,"yes, doomsday, oh, pretty, say, comics, absolutely, better"
pc9d90p,0,"gif, giphy, love, guy, number, op, biggest, bring"
pc9d5qu,4,"movie, time, man, mcu, marvel, loki, movies, doom"
pc9d5bu,4,"movie, time, man, mcu, marvel, loki, movies, doom"
pc9d524,4,"movie, time, man, mcu, marvel, loki, movies, doom"
pc9d4g3,1,"like, just, people, don, know, think, lol, did"
pc9d1y2,1,"like, just, people, don, know, think, lol, did"
pc9czwp,4,"movie, time, man, mcu, marvel, loki, movies, doom"
pc9cyp6,0,"gif, giphy, love, guy, number, op, biggest, bring"
pc9cvdx,4,"movie, time, man, mcu, marvel, loki, movies, doom"
pc9cuhq,2,"yes, doomsday, oh, pretty, say, comics, absolutely, better"
pc9cpt9,1,"like, just, people, don, know, think, lol, did"
pc9cpb0,1,"like, just, people, don, know, think, lol, did"
pc9co08,4,"movie, time, man, mcu, marvel, loki, movies, doom"
pc9cn7w,4,"movie, time, man, mcu, marvel, loki, movies, doom"
pc9clkg,4,"movie, time, man, mcu, marvel, loki, movies, doom"
pc9cjqr,4,"movie, time, man, mcu, marvel, loki, movies, doom"
pc9cjlc,1,"like, just, people, don, know, think, lol, did"
pc9ccfh,1,"like, just, people, don, know, think, lol, did"
pc9cb5l,4,"movie, time, man, mcu, marvel, loki, movies, doom"
pc9c9s6,3,"infinity, vision, imax, scene, scenes, saw, tva, screen"
pc9c8d1,0,"gif, giphy, love, guy, number, op, biggest, bring"
pc9c71h,4,"movie, time, man, mcu, marvel, loki, movies, doom"
pc9c56e,4,"movie, time, man, mcu, marvel, loki, movies, doom"
pc9c3f5,4,"movie, time, man, mcu, marvel, loki, movies, doom"
pc9c1h5,1,"like, just, people, don, know, think, lol, did"
pc9c0d1,0,"gif, giphy, love, guy, number, op, biggest, bring"
pc9bzmu,1,"like, just, people, don, know, think, lol, did"
pc9bxr5,4,"movie, time, man, mcu, marvel, loki, movies, doom"
pc9bxlr,4,"movie, time, man, mcu, marvel, loki, movies, doom"
pc9bxmr,1,"like, just, people, don, know, think, lol, did"
pc9bvx5,4,"movie, time, man, mcu, marvel, loki, movies, doom"
pc9bv45,3,"infinity, vision, imax, scene, scenes, saw, tva, screen"
pc9bstt,4,"movie, time, man, mcu, marvel, loki, movies, doom"
pc9bs7z,4,"movie, time, man, mcu, marvel, loki, movies, doom"
pc9bqew,4,"movie, time, man, mcu, marvel, loki, movies, doom"
pc9bpz7,0,"gif, giphy, love, guy, number, op, biggest, bring"
pc9bp7o,4,"movie, time, man, mcu, marvel, loki, movies, doom"
pc9bozf,4,"movie, time, man, mcu, marvel, loki, movies, doom"
pc9bmot,0,"gif, giphy, love, guy, number, op, biggest, bring"
pc9bkv9,0,"gif, giphy, love, guy, number, op, biggest, bring"
pc9bjig,1,"like, just, people, don, know, think, lol, did"
pc9bj9j,0,"gif, giphy, love, guy, number, op, biggest, bring"
pc9bhfy,2,"yes, doomsday, oh, pretty, say, comics, absolutely, better"
pc9bgv9,4,"movie, time, man, mcu, marvel, loki, movies, doom"
pc9beqq,4,"movie, time, man, mcu, marvel, loki, movies, doom"
pc9bdcp,1,"like, just, people, don, know, think, lol, did"
pc9baf2,4,"movie, time, man, mcu, marvel, loki, movies, doom"
pc9b87f,4,"movie, time, man, mcu, marvel, loki, movies, doom"
pc9b89e,1,"like, just, people, don, know, think, lol, did"
pc9b78r,4,"movie, time, man, mcu, marvel, loki, movies, doom"
pc9b6fv,1,"like, just, people, don, know, think, lol, did"
pc9b5km,4,"movie, time, man, mcu, marvel, loki, movies, doom"
pc9b5c8,1,"like, just, people, don, know, think, lol, did"
pc9b4au,0,"gif, giphy, love, guy, number, op, biggest, bring"
pc9avn5,4,"movie, time, man, mcu, marvel, loki, movies, doom"
pc9au1l,0,"gif, giphy, love, guy, number, op, biggest, bring"
pc9at8i,4,"movie, time, man, mcu, marvel, loki, movies, doom"
pc9at46,3,"infinity, vision, imax, scene, scenes, saw, tva, screen"
pc9at04,0,"gif, giphy, love, guy, number, op, biggest, bring"
pc9asur,1,"like, just, people, don, know, think, lol, did"
pc9arya,4,"movie, time, man, mcu, marvel, loki, movies, doom"
pc9an49,4,"movie, time, man, mcu, marvel, loki, movies, doom"
pc9amrj,1,"like, just, people, don, know, think, lol, did"
pc9al97,4,"movie, time, man, mcu, marvel, loki, movies, doom"
pc9aivt,4,"movie, time, man, mcu, marvel, loki, movies, doom"
pc9ahv8,4,"movie, time, man, mcu, marvel, loki, movies, doom"
pc9ahbe,0,"gif, giphy, love, guy, number, op, biggest, bring"
pc9ah83,4,"movie, time, man, mcu, marvel, loki, movies, doom"
pc9agpe,4,"movie, time, man, mcu, marvel, loki, movies, doom"
pc9agl2,0,"gif, giphy, love, guy, number, op, biggest, bring"
pc9afb2,4,"movie, time, man, mcu, marvel, loki, movies, doom"
pc9abiy,4,"movie, time, man, mcu, marvel, loki, movies, doom"
pc9a8ss,1,"like, just, people, don, know, think, lol, did"
pc9a791,4,"movie, time, man, mcu, marvel, loki, movies, doom"
pc9a63r,4,"movie, time, man, mcu, marvel, loki, movies, doom"
pc9a4xn,1,"like, just, people, don, know, think, lol, did"
pc9a4tm,1,"like, just, people, don, know, think, lol, did"
pc9a3m9,4,"movie, time, man, mcu, marvel, loki, movies, doom"
pc9a2w5,4,"movie, time, man, mcu, marvel, loki, movies, doom"
pc9a2g1,4,"movie, time, man, mcu, marvel, loki, movies, doom"
pc9a2ja,0,"gif, giphy, love, guy, number, op, biggest, bring"
pc9a01z,4,"movie, time, man, mcu, marvel, loki, movies, doom"
pc99wgb,1,"like, just, people, don, know, think, lol, did"
pc99vpp,1,"like, just, people, don, know, think, lol, did"
pc99v1n,3,"infinity, vision, imax, scene, scenes, saw, tva, screen"
pc99uiw,4,"movie, time, man, mcu, marvel, loki, movies, doom"
pc99tdl,4,"movie, time, man, mcu, marvel, loki, movies, doom"
pc99tan,4,"movie, time, man, mcu, marvel, loki, movies, doom"
pc99t2x,3,"infinity, vision, imax, scene, scenes, saw, tva, screen"
pc99sy1,4,"movie, time, man, mcu, marvel, loki, movies, doom"
pc99rxf,0,"gif, giphy, love, guy, number, op, biggest, bring"
pc99nij,4,"movie, time, man, mcu, marvel, loki, movies, doom"
pc99n97,4,"movie, time, man, mcu, marvel, loki, movies, doom"
pc99mwe,4,"movie, time, man, mcu, marvel, loki, movies, doom"
pc99mj9,4,"movie, time, man, mcu, marvel, loki, movies, doom"
pc99kkg,0,"gif, giphy, love, guy, number, op, biggest, bring"
pc99iwl,2,"yes, doomsday, oh, pretty, say, comics, absolutely, better"
pc99fk3,4,"movie, time, man, mcu, marvel, loki, movies, doom"
pc99fat,4,"movie, time, man, mcu, marvel, loki, movies, doom"
pc99efo,0,"gif, giphy, love, guy, number, op, biggest, bring"
pc99dr3,1,"like, just, people, don, know, think, lol, did"
pc99bwh,3,"infinity, vision, imax, scene, scenes, saw, tva, screen"
pc999pb,1,"like, just, people, don, know, think, lol, did"
pc999sv,4,"movie, time, man, mcu, marvel, loki, movies, doom"
pc999cl,1,"like, just, people, don, know, think, lol, did"
pc9990s,4,"movie, time, man, mcu, marvel, loki, movies, doom"
pc997gb,4,"movie, time, man, mcu, marvel, loki, movies, doom"
pc9965b,4,"movie, time, man, mcu, marvel, loki, movies, doom"
pc995vu,4,"movie, time, man, mcu, marvel, loki, movies, doom"
pc9932q,1,"like, just, people, don, know, think, lol, did"
pc992cr,4,"movie, time, man, mcu, marvel, loki, movies, doom"
pc991xc,1,"like, just, people, don, know, think, lol, did"
pc99207,4,"movie, time, man, mcu, marvel, loki, movies, doom"
pc991of,4,"movie, time, man, mcu, marvel, loki, movies, doom"
pc99025,1,"like, just, people, don, know, think, lol, did"
pc98zqx,1,"like, just, people, don, know, think, lol, did"
pc98ypz,4,"movie, time, man, mcu, marvel, loki, movies, doom"
pc98yfm,4,"movie, time, man, mcu, marvel, loki, movies, doom"
pc98x42,4,"movie, time, man, mcu, marvel, loki, movies, doom"
pc98sd2,3,"infinity, vision, imax, scene, scenes, saw, tva, screen"
pc98pnc,4,"movie, time, man, mcu, marvel, loki, movies, doom"
pc98on8,1,"like, just, people, don, know, think, lol, did"
pc98nrl,3,"infinity, vision, imax, scene, scenes, saw, tva, screen"
pc98nbm,3,"infinity, vision, imax, scene, scenes, saw, tva, screen"
pc98n0t,2,"yes, doomsday, oh, pretty, say, comics, absolutely, better"
pc98jtm,0,"gif, giphy, love, guy, number, op, biggest, bring"
pc98f5s,4,"movie, time, man, mcu, marvel, loki, movies, doom"
pc98eea,3,"infinity, vision, imax, scene, scenes, saw, tva, screen"
pc988ws,1,"like, just, people, don, know, think, lol, did"
pc987zu,1,"like, just, people, don, know, think, lol, did"
pc987s5,4,"movie, time, man, mcu, marvel, loki, movies, doom"
pc984nw,4,"movie, time, man, mcu, marvel, loki, movies, doom"
pc9832c,1,"like, just, people, don, know, think, lol, did"
pc9802y,3,"infinity, vision, imax, scene, scenes, saw, tva, screen"
pc97zr4,3,"infinity, vision, imax, scene, scenes, saw, tva, screen"
pc97xol,0,"gif, giphy, love, guy, number, op, biggest, bring"
pc97xbh,1,"like, just, people, don, know, think, lol, did"
pc97wx1,4,"movie, time, man, mcu, marvel, loki, movies, doom"
pc97wup,4,"movie, time, man, mcu, marvel, loki, movies, doom"
pc97wvx,1,"like, just, people, don, know, think, lol, did"
pc97s1f,0,"gif, giphy, love, guy, number, op, biggest, bring"
pc97qtu,4,"movie, time, man, mcu, marvel, loki, movies, doom"
pc97mls,4,"movie, time, man, mcu, marvel, loki, movies, doom"
pc97m48,1,"like, just, people, don, know, think, lol, did"
pc97ihl,4,"movie, time, man, mcu, marvel, loki, movies, doom"
pc97gso,3,"infinity, vision, imax, scene, scenes, saw, tva, screen"
pc97fv3,1,"like, just, people, don, know, think, lol, did"
pc97fm0,4,"movie, time, man, mcu, marvel, loki, movies, doom"
pc97esv,3,"infinity, vision, imax, scene, scenes, saw, tva, screen"
pc97e6y,4,"movie, time, man, mcu, marvel, loki, movies, doom"
pc97c7c,1,"like, just, people, don, know, think, lol, did"
pc97b5v,1,"like, just, people, don, know, think, lol, did"
pc9796d,4,"movie, time, man, mcu, marvel, loki, movies, doom"
pc978nd,1,"like, just, people, don, know, think, lol, did"
pc977zf,0,"gif, giphy, love, guy, number, op, biggest, bring"
pc974wt,4,"movie, time, man, mcu, marvel, loki, movies, doom"
pc973zg,0,"gif, giphy, love, guy, number, op, biggest, bring"
pc973m8,4,"movie, time, man, mcu, marvel, loki, movies, doom"
pc973bw,4,"movie, time, man, mcu, marvel, loki, movies, doom"
pc972r1,1,"like, just, people, don, know, think, lol, did"
pc9717u,3,"infinity, vision, imax, scene, scenes, saw, tva, screen"
pc970ce,4,"movie, time, man, mcu, marvel, loki, movies, doom"
pc96xfr,4,"movie, time, man, mcu, marvel, loki, movies, doom"
pc96wwo,1,"like, just, people, don, know, think, lol, did"
pc96v4b,1,"like, just, people, don, know, think, lol, did"
pc96up4,1,"like, just, people, don, know, think, lol, did"
pc96sv5,4,"movie, time, man, mcu, marvel, loki, movies, doom"
pc96sr4,4,"movie, time, man, mcu, marvel, loki, movies, doom"
pc96s5u,2,"yes, doomsday, oh, pretty, say, comics, absolutely, better"
pc96pxv,4,"movie, time, man, mcu, marvel, loki, movies, doom"
pc96ou2,1,"like, just, people, don, know, think, lol, did"
pc96om9,4,"movie, time, man, mcu, marvel, loki, movies, doom"
pc96o6a,3,"infinity, vision, imax, scene, scenes, saw, tva, screen"
pc96not,1,"like, just, people, don, know, think, lol, did"
pc96mye,4,"movie, time, man, mcu, marvel, loki, movies, doom"
pc96mci,1,"like, just, people, don, know, think, lol, did"
pc96gy2,1,"like, just, people, don, know, think, lol, did"
pc96gz2,3,"infinity, vision, imax, scene, scenes, saw, tva, screen"
pc96f8o,1,"like, just, people, don, know, think, lol, did"
pc96f23,4,"movie, time, man, mcu, marvel, loki, movies, doom"
pc96ee7,4,"movie, time, man, mcu, marvel, loki, movies, doom"
pc96e7x,4,"movie, time, man, mcu, marvel, loki, movies, doom"
pc96dve,1,"like, just, people, don, know, think, lol, did"
pc96dq6,4,"movie, time, man, mcu, marvel, loki, movies, doom"
pc96d1u,1,"like, just, people, don, know, think, lol, did"
pc96cbi,1,"like, just, people, don, know, think, lol, did"
pc96c7o,4,"movie, time, man, mcu, marvel, loki, movies, doom"
pc96bt3,3,"infinity, vision, imax, scene, scenes, saw, tva, screen"
pc96bcn,4,"movie, time, man, mcu, marvel, loki, movies, doom"
pc96am7,4,"movie, time, man, mcu, marvel, loki, movies, doom"
pc96a86,4,"movie, time, man, mcu, marvel, loki, movies, doom"
pc9686g,4,"movie, time, man, mcu, marvel, loki, movies, doom"
pc967mj,1,"like, just, people, don, know, think, lol, did"
pc964zu,4,"movie, time, man, mcu, marvel, loki, movies, doom"
pc9631b,3,"infinity, vision, imax, scene, scenes, saw, tva, screen"
pc9626r,4,"movie, time, man, mcu, marvel, loki, movies, doom"
pc96271,4,"movie, time, man, mcu, marvel, loki, movies, doom"
pc95y73,4,"movie, time, man, mcu, marvel, loki, movies, doom"
pc95xqa,1,"like, just, people, don, know, think, lol, did"
pc95x4s,4,"movie, time, man, mcu, marvel, loki, movies, doom"
pc95s4w,3,"infinity, vision, imax, scene, scenes, saw, tva, screen"
pc95q3x,0,"gif, giphy, love, guy, number, op, biggest, bring"
pc95nkd,4,"movie, time, man, mcu, marvel, loki, movies, doom"
pc95ndi,1,"like, just, people, don, know, think, lol, did"
pc95m9j,4,"movie, time, man, mcu, marvel, loki, movies, doom"
pc95lef,3,"infinity, vision, imax, scene, scenes, saw, tva, screen"
pc95l3x,4,"movie, time, man, mcu, marvel, loki, movies, doom"
pc95ikm,1,"like, just, people, don, know, think, lol, did"
pc95hox,4,"movie, time, man, mcu, marvel, loki, movies, doom"
pc95hhz,1,"like, just, people, don, know, think, lol, did"
pc95ez6,4,"movie, time, man, mcu, marvel, loki, movies, doom"
pc95e28,4,"movie, time, man, mcu, marvel, loki, movies, doom"
pc95cj7,0,"gif, giphy, love, guy, number, op, biggest, bring"
pc95b8v,4,"movie, time, man, mcu, marvel, loki, movies, doom"
pc9591r,1,"like, just, people, don, know, think, lol, did"
pc958gx,4,"movie, time, man, mcu, marvel, loki, movies, doom"
pc953c7,0,"gif, giphy, love, guy, number, op, biggest, bring"
pc951mq,1,"like, just, people, don, know, think, lol, did"
pc951fx,1,"like, just, people, don, know, think, lol, did"
pc9514j,4,"movie, time, man, mcu, marvel, loki, movies, doom"
pc94y34,3,"infinity, vision, imax, scene, scenes, saw, tva, screen"
pc94w71,4,"movie, time, man, mcu, marvel, loki, movies, doom"
pc94uoo,3,"infinity, vision, imax, scene, scenes, saw, tva, screen"
pc94sy5,1,"like, just, people, don, know, think, lol, did"
pc94qad,0,"gif, giphy, love, guy, number, op, biggest, bring"
pc94nzh,1,"like, just, people, don, know, think, lol, did"
pc94fbn,0,"gif, giphy, love, guy, number, op, biggest, bring"
pc94b1m,4,"movie, time, man, mcu, marvel, loki, movies, doom"
pc94agu,1,"like, just, people, don, know, think, lol, did"
pc94a8c,4,"movie, time, man, mcu, marvel, loki, movies, doom"
pc948kq,4,"movie, time, man, mcu, marvel, loki, movies, doom"
pc9461s,4,"movie, time, man, mcu, marvel, loki, movies, doom"
pc945yp,1,"like, just, people, don, know, think, lol, did"
pc944gv,4,"movie, time, man, mcu, marvel, loki, movies, doom"
pc941d1,4,"movie, time, man, mcu, marvel, loki, movies, doom"
pc93zg1,1,"like, just, people, don, know, think, lol, did"
pc93x8j,1,"like, just, people, don, know, think, lol, did"
pc93trj,0,"gif, giphy, love, guy, number, op, biggest, bring"
pc93t2r,3,"infinity, vision, imax, scene, scenes, saw, tva, screen"
pc93rgp,4,"movie, time, man, mcu, marvel, loki, movies, doom"
pc93pqu,3,"infinity, vision, imax, scene, scenes, saw, tva, screen"
pc93obv,4,"movie, time, man, mcu, marvel, loki, movies, doom"
pc93loo,1,"like, just, people, don, know, think, lol, did"
pc93lg6,4,"movie, time, man, mcu, marvel, loki, movies, doom"
pc93krs,0,"gif, giphy, love, guy, number, op, biggest, bring"
pc93iq1,4,"movie, time, man, mcu, marvel, loki, movies, doom"
pc93ikc,1,"like, just, people, don, know, think, lol, did"
pc939cj,3,"infinity, vision, imax, scene, scenes, saw, tva, screen"
pc937vo,3,"infinity, vision, imax, scene, scenes, saw, tva, screen"
pc935rw,1,"like, just, people, don, know, think, lol, did"
pc933r4,1,"like, just, people, don, know, think, lol, did"
pc930sj,1,"like, just, people, don, know, think, lol, did"
pc92zr3,4,"movie, time, man, mcu, marvel, loki, movies, doom"
pc92x0x,1,"like, just, people, don, know, think, lol, did"
pc92tdy,2,"yes, doomsday, oh, pretty, say, comics, absolutely, better"
pc92sn3,4,"movie, time, man, mcu, marvel, loki, movies, doom"
pc92r3m,4,"movie, time, man, mcu, marvel, loki, movies, doom"
pc92nzi,1,"like, just, people, don, know, think, lol, did"
pc92nqq,1,"like, just, people, don, know, think, lol, did"
pc92j4k,1,"like, just, people, don, know, think, lol, did"
pc92fyy,0,"gif, giphy, love, guy, number, op, biggest, bring"
pc92e4b,4,"movie, time, man, mcu, marvel, loki, movies, doom"
pc92cgz,1,"like, just, people, don, know, think, lol, did"
pc929px,3,"infinity, vision, imax, scene, scenes, saw, tva, screen"
pc928ub,0,"gif, giphy, love, guy, number, op, biggest, bring"
pc927wx,4,"movie, time, man, mcu, marvel, loki, movies, doom"
pc92796,4,"movie, time, man, mcu, marvel, loki, movies, doom"
pc9279g,4,"movie, time, man, mcu, marvel, loki, movies, doom"
pc925er,4,"movie, time, man, mcu, marvel, loki, movies, doom"
pc924ig,4,"movie, time, man, mcu, marvel, loki, movies, doom"
pc9242z,4,"movie, time, man, mcu, marvel, loki, movies, doom"
pc9207m,1,"like, just, people, don, know, think, lol, did"
pc91xbl,4,"movie, time, man, mcu, marvel, loki, movies, doom"
pc91vuc,4,"movie, time, man, mcu, marvel, loki, movies, doom"
pc91vf3,4,"movie, time, man, mcu, marvel, loki, movies, doom"
pc91umv,1,"like, just, people, don, know, think, lol, did"
pc91rqg,3,"infinity, vision, imax, scene, scenes, saw, tva, screen"
pc91rlz,1,"like, just, people, don, know, think, lol, did"
pc91pnk,2,"yes, doomsday, oh, pretty, say, comics, absolutely, better"
pc91nnl,1,"like, just, people, don, know, think, lol, did"
pc91kzs,1,"like, just, people, don, know, think, lol, did"
pc91kij,1,"like, just, people, don, know, think, lol, did"
pc91i2y,0,"gif, giphy, love, guy, number, op, biggest, bring"
pc91dbg,0,"gif, giphy, love, guy, number, op, biggest, bring"
pc91c6v,4,"movie, time, man, mcu, marvel, loki, movies, doom"
pc91c1c,1,"like, just, people, don, know, think, lol, did"
pc919uy,0,"gif, giphy, love, guy, number, op, biggest, bring"
pc915gw,1,"like, just, people, don, know, think, lol, did"
pc914ni,1,"like, just, people, don, know, think, lol, did"
pc914cl,4,"movie, time, man, mcu, marvel, loki, movies, doom"
pc912qg,3,"infinity, vision, imax, scene, scenes, saw, tva, screen"
pc911w9,0,"gif, giphy, love, guy, number, op, biggest, bring"
pc9111o,0,"gif, giphy, love, guy, number, op, biggest, bring"
pc90wkb,3,"infinity, vision, imax, scene, scenes, saw, tva, screen"
pc90vet,4,"movie, time, man, mcu, marvel, loki, movies, doom"
pc90uho,1,"like, just, people, don, know, think, lol, did"
pc90ri2,2,"yes, doomsday, oh, pretty, say, comics, absolutely, better"
pc90qb1,4,"movie, time, man, mcu, marvel, loki, movies, doom"
pc90ofq,4,"movie, time, man, mcu, marvel, loki, movies, doom"
pc90o0s,0,"gif, giphy, love, guy, number, op, biggest, bring"
pc90nfd,4,"movie, time, man, mcu, marvel, loki, movies, doom"
pc90m3p,2,"yes, doomsday, oh, pretty, say, comics, absolutely, better"
pc90lwo,0,"gif, giphy, love, guy, number, op, biggest, bring"
pc90l2i,1,"like, just, people, don, know, think, lol, did"
pc90jjr,1,"like, just, people, don, know, think, lol, did"
pc90hxs,4,"movie, time, man, mcu, marvel, loki, movies, doom"
pc90hhr,0,"gif, giphy, love, guy, number, op, biggest, bring"
pc90hfn,3,"infinity, vision, imax, scene, scenes, saw, tva, screen"
pc90h3t,4,"movie, time, man, mcu, marvel, loki, movies, doom"
pc90gjp,4,"movie, time, man, mcu, marvel, loki, movies, doom"
pc90f56,0,"gif, giphy, love, guy, number, op, biggest, bring"
pc90ed9,4,"movie, time, man, mcu, marvel, loki, movies, doom"
pc90c9g,1,"like, just, people, don, know, think, lol, did"
pc90ave,0,"gif, giphy, love, guy, number, op, biggest, bring"
pc90a6l,1,"like, just, people, don, know, think, lol, did"
pc9083k,4,"movie, time, man, mcu, marvel, loki, movies, doom"
pc906wp,3,"infinity, vision, imax, scene, scenes, saw, tva, screen"
pc906bu,4,"movie, time, man, mcu, marvel, loki, movies, doom"
pc90598,4,"movie, time, man, mcu, marvel, loki, movies, doom"
pc8zxxa,4,"movie, time, man, mcu, marvel, loki, movies, doom"
pc8zwyt,0,"gif, giphy, love, guy, number, op, biggest, bring"
pc8zwv5,4,"movie, time, man, mcu, marvel, loki, movies, doom"
pc8zws6,4,"movie, time, man, mcu, marvel, loki, movies, doom"
pc8zwbj,4,"movie, time, man, mcu, marvel, loki, movies, doom"
pc8zvv8,4,"movie, time, man, mcu, marvel, loki, movies, doom"
pc8ztno,3,"infinity, vision, imax, scene, scenes, saw, tva, screen"
pc8zrkh,0,"gif, giphy, love, guy, number, op, biggest, bring"
pc8zqti,1,"like, just, people, don, know, think, lol, did"
pc8zpmr,4,"movie, time, man, mcu, marvel, loki, movies, doom"
pc8zpct,2,"yes, doomsday, oh, pretty, say, comics, absolutely, better"
pc8zopp,1,"like, just, people, don, know, think, lol, did"
pc8zjxo,1,"like, just, people, don, know, think, lol, did"
pc8zhdk,0,"gif, giphy, love, guy, number, op, biggest, bring"
pc8zg2e,4,"movie, time, man, mcu, marvel, loki, movies, doom"
pc8zg37,1,"like, just, people, don, know, think, lol, did"
pc8zfvd,4,"movie, time, man, mcu, marvel, loki, movies, doom"
pc8zf4m,4,"movie, time, man, mcu, marvel, loki, movies, doom"
pc8zekq,3,"infinity, vision, imax, scene, scenes, saw, tva, screen"
pc8zed6,4,"movie, time, man, mcu, marvel, loki, movies, doom"
pc8zc90,1,"like, just, people, don, know, think, lol, did"
pc8zc67,4,"movie, time, man, mcu, marvel, loki, movies, doom"
pc8zb0n,4,"movie, time, man, mcu, marvel, loki, movies, doom"
pc8z7wh,2,"yes, doomsday, oh, pretty, say, comics, absolutely, better"
pc8z7xz,4,"movie, time, man, mcu, marvel, loki, movies, doom"
pc8z6a1,3,"infinity, vision, imax, scene, scenes, saw, tva, screen"
pc8z5vu,4,"movie, time, man, mcu, marvel, loki, movies, doom"
pc8z5n6,4,"movie, time, man, mcu, marvel, loki, movies, doom"
pc8z44m,4,"movie, time, man, mcu, marvel, loki, movies, doom"
pc8z3fh,4,"movie, time, man, mcu, marvel, loki, movies, doom"
pc8z0v9,4,"movie, time, man, mcu, marvel, loki, movies, doom"
pc8z0k3,4,"movie, time, man, mcu, marvel, loki, movies, doom"
pc8yy3h,4,"movie, time, man, mcu, marvel, loki, movies, doom"
pc8yx8g,0,"gif, giphy, love, guy, number, op, biggest, bring"
pc8yw7b,3,"infinity, vision, imax, scene, scenes, saw, tva, screen"
pc8yuuq,0,"gif, giphy, love, guy, number, op, biggest, bring"
pc8yua1,3,"infinity, vision, imax, scene, scenes, saw, tva, screen"
pc8yrq9,4,"movie, time, man, mcu, marvel, loki, movies, doom"
pc8yrb5,1,"like, just, people, don, know, think, lol, did"
pc8yr6r,4,"movie, time, man, mcu, marvel, loki, movies, doom"
pc8ypck,4,"movie, time, man, mcu, marvel, loki, movies, doom"
pc8yg76,4,"movie, time, man, mcu, marvel, loki, movies, doom"
pc8yfsl,4,"movie, time, man, mcu, marvel, loki, movies, doom"
pc8yf48,4,"movie, time, man, mcu, marvel, loki, movies, doom"
pc8ydu5,4,"movie, time, man, mcu, marvel, loki, movies, doom"
pc8ydnu,4,"movie, time, man, mcu, marvel, loki, movies, doom"
pc8yc4l,4,"movie, time, man, mcu, marvel, loki, movies, doom"
pc8y7uf,4,"movie, time, man, mcu, marvel, loki, movies, doom"
pc8y695,1,"like, just, people, don, know, think, lol, did"
pc8y4s7,4,"movie, time, man, mcu, marvel, loki, movies, doom"
pc8y3fi,2,"yes, doomsday, oh, pretty, say, comics, absolutely, better"
pc8y2a2,4,"movie, time, man, mcu, marvel, loki, movies, doom"
pc8y0vw,1,"like, just, people, don, know, think, lol, did"
pc8y0sq,4,"movie, time, man, mcu, marvel, loki, movies, doom"
pc8y0bg,1,"like, just, people, don, know, think, lol, did"
pc8xzza,4,"movie, time, man, mcu, marvel, loki, movies, doom"
pc8xzmd,3,"infinity, vision, imax, scene, scenes, saw, tva, screen"
pc8xysw,1,"like, just, people, don, know, think, lol, did"
pc8xx9u,1,"like, just, people, don, know, think, lol, did"
pc8xwmn,1,"like, just, people, don, know, think, lol, did"
pc8xtu8,4,"movie, time, man, mcu, marvel, loki, movies, doom"
pc8xtbm,1,"like, just, people, don, know, think, lol, did"
pc8xsr5,4,"movie, time, man, mcu, marvel, loki, movies, doom"
pc8xq9o,4,"movie, time, man, mcu, marvel, loki, movies, doom"
pc8xlhh,4,"movie, time, man, mcu, marvel, loki, movies, doom"
pc8xibe,4,"movie, time, man, mcu, marvel, loki, movies, doom"
pc8xid3,4,"movie, time, man, mcu, marvel, loki, movies, doom"
pc8xh8p,0,"gif, giphy, love, guy, number, op, biggest, bring"
pc8xgy0,4,"movie, time, man, mcu, marvel, loki, movies, doom"
pc8xgft,0,"gif, giphy, love, guy, number, op, biggest, bring"
pc8xg7z,4,"movie, time, man, mcu, marvel, loki, movies, doom"
pc8xfyy,4,"movie, time, man, mcu, marvel, loki, movies, doom"
pc8xeyb,0,"gif, giphy, love, guy, number, op, biggest, bring"
pc8xeiu,4,"movie, time, man, mcu, marvel, loki, movies, doom"
pc8xcjo,0,"gif, giphy, love, guy, number, op, biggest, bring"
pc8xbq5,4,"movie, time, man, mcu, marvel, loki, movies, doom"
pc8x9cy,1,"like, just, people, don, know, think, lol, did"
pc8x4nn,1,"like, just, people, don, know, think, lol, did"
pc8wxsd,3,"infinity, vision, imax, scene, scenes, saw, tva, screen"
pc8wvo3,4,"movie, time, man, mcu, marvel, loki, movies, doom"
pc8wurn,4,"movie, time, man, mcu, marvel, loki, movies, doom"
pc8wrqr,4,"movie, time, man, mcu, marvel, loki, movies, doom"
pc8wr0o,0,"gif, giphy, love, guy, number, op, biggest, bring"
pc8wqn8,4,"movie, time, man, mcu, marvel, loki, movies, doom"
pc8wmiu,1,"like, just, people, don, know, think, lol, did"
pc8wmjz,0,"gif, giphy, love, guy, number, op, biggest, bring"
pc8wmby,2,"yes, doomsday, oh, pretty, say, comics, absolutely, better"
pc8wjke,1,"like, just, people, don, know, think, lol, did"
pc8wjfk,4,"movie, time, man, mcu, marvel, loki, movies, doom"
pc8wira,1,"like, just, people, don, know, think, lol, did"
pc8whg4,3,"infinity, vision, imax, scene, scenes, saw, tva, screen"
pc8wfq6,1,"like, just, people, don, know, think, lol, did"
pc8wex2,0,"gif, giphy, love, guy, number, op, biggest, bring"
pc8wbnc,1,"like, just, people, don, know, think, lol, did"
pc8w9pf,1,"like, just, people, don, know, think, lol, did"
pc8w92j,4,"movie, time, man, mcu, marvel, loki, movies, doom"
pc8w8pg,1,"like, just, people, don, know, think, lol, did"
pc8w7g6,4,"movie, time, man, mcu, marvel, loki, movies, doom"
pc8w6e9,4,"movie, time, man, mcu, marvel, loki, movies, doom"
pc8w50o,0,"gif, giphy, love, guy, number, op, biggest, bring"
pc8w33h,4,"movie, time, man, mcu, marvel, loki, movies, doom"
pc8w2i3,4,"movie, time, man, mcu, marvel, loki, movies, doom"
pc8w0kj,4,"movie, time, man, mcu, marvel, loki, movies, doom"
pc8w0kr,1,"like, just, people, don, know, think, lol, did"
pc8vxdn,0,"gif, giphy, love, guy, number, op, biggest, bring"
pc8vwuk,3,"infinity, vision, imax, scene, scenes, saw, tva, screen"
pc8vvct,4,"movie, time, man, mcu, marvel, loki, movies, doom"
pc8vv9q,1,"like, just, people, don, know, think, lol, did"
pc8vuyh,1,"like, just, people, don, know, think, lol, did"
pc8vu7e,1,"like, just, people, don, know, think, lol, did"
pc8vr7v,4,"movie, time, man, mcu, marvel, loki, movies, doom"
pc8vqo3,4,"movie, time, man, mcu, marvel, loki, movies, doom"
pc8vqep,4,"movie, time, man, mcu, marvel, loki, movies, doom"
pc8vp6f,4,"movie, time, man, mcu, marvel, loki, movies, doom"
pc8vod5,4,"movie, time, man, mcu, marvel, loki, movies, doom"
pc8vmlf,4,"movie, time, man, mcu, marvel, loki, movies, doom"
pc8vlj9,1,"like, just, people, don, know, think, lol, did"
pc8vkcv,4,"movie, time, man, mcu, marvel, loki, movies, doom"
pc8vjv8,4,"movie, time, man, mcu, marvel, loki, movies, doom"
pc8vio3,4,"movie, time, man, mcu, marvel, loki, movies, doom"
pc8vfax,4,"movie, time, man, mcu, marvel, loki, movies, doom"
pc8vf3z,1,"like, just, people, don, know, think, lol, did"
pc8vev9,4,"movie, time, man, mcu, marvel, loki, movies, doom"
pc8veqv,1,"like, just, people, don, know, think, lol, did"
pc8vcz3,1,"like, just, people, don, know, think, lol, did"
pc8vbys,1,"like, just, people, don, know, think, lol, did"
pc8vbcp,1,"like, just, people, don, know, think, lol, did"
pc8vavz,4,"movie, time, man, mcu, marvel, loki, movies, doom"
pc8vaal,4,"movie, time, man, mcu, marvel, loki, movies, doom"
pc8v8dx,0,"gif, giphy, love, guy, number, op, biggest, bring"
pc8v57o,4,"movie, time, man, mcu, marvel, loki, movies, doom"
pc8v3me,3,"infinity, vision, imax, scene, scenes, saw, tva, screen"
pc8v1yf,4,"movie, time, man, mcu, marvel, loki, movies, doom"
pc8v0z3,4,"movie, time, man, mcu, marvel, loki, movies, doom"
pc8uyj2,1,"like, just, people, don, know, think, lol, did"
pc8uxjr,4,"movie, time, man, mcu, marvel, loki, movies, doom"
pc8uw2d,4,"movie, time, man, mcu, marvel, loki, movies, doom"
pc8uuzs,4,"movie, time, man, mcu, marvel, loki, movies, doom"
pc8ut72,4,"movie, time, man, mcu, marvel, loki, movies, doom"
pc8usyc,1,"like, just, people, don, know, think, lol, did"
pc8usvs,1,"like, just, people, don, know, think, lol, did"
pc8ush8,4,"movie, time, man, mcu, marvel, loki, movies, doom"
pc8uqgy,1,"like, just, people, don, know, think, lol, did"
pc8uojz,4,"movie, time, man, mcu, marvel, loki, movies, doom"
pc8uo5r,4,"movie, time, man, mcu, marvel, loki, movies, doom"
pc8umco,4,"movie, time, man, mcu, marvel, loki, movies, doom"
pc8um11,1,"like, just, people, don, know, think, lol, did"
pc8ukuq,4,"movie, time, man, mcu, marvel, loki, movies, doom"
pc8ujxr,4,"movie, time, man, mcu, marvel, loki, movies, doom"
pc8ujen,3,"infinity, vision, imax, scene, scenes, saw, tva, screen"
pc8uix5,0,"gif, giphy, love, guy, number, op, biggest, bring"
pc8uhv8,4,"movie, time, man, mcu, marvel, loki, movies, doom"
pc8ugjq,4,"movie, time, man, mcu, marvel, loki, movies, doom"
pc8ugef,4,"movie, time, man, mcu, marvel, loki, movies, doom"
pc8ubys,4,"movie, time, man, mcu, marvel, loki, movies, doom"
pc8ubd7,4,"movie, time, man, mcu, marvel, loki, movies, doom"
pc8uau0,1,"like, just, people, don, know, think, lol, did"
pc8u90w,4,"movie, time, man, mcu, marvel, loki, movies, doom"
pc8u8te,1,"like, just, people, don, know, think, lol, did"
pc8u8hu,4,"movie, time, man, mcu, marvel, loki, movies, doom"
pc8u85e,4,"movie, time, man, mcu, marvel, loki, movies, doom"
pc8u7s5,3,"infinity, vision, imax, scene, scenes, saw, tva, screen"
pc8u6ow,0,"gif, giphy, love, guy, number, op, biggest, bring"
pc8u6a1,1,"like, just, people, don, know, think, lol, did"
pc8u5f7,3,"infinity, vision, imax, scene, scenes, saw, tva, screen"
pc8u36h,1,"like, just, people, don, know, think, lol, did"
pc8u27x,4,"movie, time, man, mcu, marvel, loki, movies, doom"
pc8u1z2,4,"movie, time, man, mcu, marvel, loki, movies, doom"
pc8u1fl,1,"like, just, people, don, know, think, lol, did"
pc8tz39,0,"gif, giphy, love, guy, number, op, biggest, bring"
pc8tvk1,1,"like, just, people, don, know, think, lol, did"
pc8trbl,0,"gif, giphy, love, guy, number, op, biggest, bring"
pc8tq6k,0,"gif, giphy, love, guy, number, op, biggest, bring"
pc8tp5q,4,"movie, time, man, mcu, marvel, loki, movies, doom"
pc8to8s,1,"like, just, people, don, know, think, lol, did"
pc8to32,1,"like, just, people, don, know, think, lol, did"
pc8tltt,4,"movie, time, man, mcu, marvel, loki, movies, doom"
pc8tjmo,4,"movie, time, man, mcu, marvel, loki, movies, doom"
pc8tjjp,4,"movie, time, man, mcu, marvel, loki, movies, doom"
pc8tjdt,4,"movie, time, man, mcu, marvel, loki, movies, doom"
pc8tgxh,4,"movie, time, man, mcu, marvel, loki, movies, doom"
pc8tg0l,4,"movie, time, man, mcu, marvel, loki, movies, doom"
pc8tfcm,4,"movie, time, man, mcu, marvel, loki, movies, doom"
pc8tf45,0,"gif, giphy, love, guy, number, op, biggest, bring"
pc8tcwk,4,"movie, time, man, mcu, marvel, loki, movies, doom"
pc8tbdf,4,"movie, time, man, mcu, marvel, loki, movies, doom"
pc8t9jx,4,"movie, time, man, mcu, marvel, loki, movies, doom"
pc8t6g2,4,"movie, time, man, mcu, marvel, loki, movies, doom"
pc8t4hx,4,"movie, time, man, mcu, marvel, loki, movies, doom"
pc8t4c6,4,"movie, time, man, mcu, marvel, loki, movies, doom"
pc8t2pq,0,"gif, giphy, love, guy, number, op, biggest, bring"
pc8t2ak,4,"movie, time, man, mcu, marvel, loki, movies, doom"
pc8t24h,4,"movie, time, man, mcu, marvel, loki, movies, doom"
pc8t20y,4,"movie, time, man, mcu, marvel, loki, movies, doom"
pc8t14m,1,"like, just, people, don, know, think, lol, did"
pc8t0de,1,"like, just, people, don, know, think, lol, did"
pc8szxs,3,"infinity, vision, imax, scene, scenes, saw, tva, screen"
pc8sz51,2,"yes, doomsday, oh, pretty, say, comics, absolutely, better"
pc8sy6c,4,"movie, time, man, mcu, marvel, loki, movies, doom"
pc8sxdf,1,"like, just, people, don, know, think, lol, did"
pc8sxa1,4,"movie, time, man, mcu, marvel, loki, movies, doom"
pc8ssm7,4,"movie, time, man, mcu, marvel, loki, movies, doom"
pc8spxh,0,"gif, giphy, love, guy, number, op, biggest, bring"
pc8spjf,0,"gif, giphy, love, guy, number, op, biggest, bring"
pc8sol7,4,"movie, time, man, mcu, marvel, loki, movies, doom"
pc8so2a,0,"gif, giphy, love, guy, number, op, biggest, bring"
pc8snsz,1,"like, just, people, don, know, think, lol, did"
pc8sn0q,4,"movie, time, man, mcu, marvel, loki, movies, doom"
pc8sms9,4,"movie, time, man, mcu, marvel, loki, movies, doom"
pc8sjy0,4,"movie, time, man, mcu, marvel, loki, movies, doom"
pc8sj9l,0,"gif, giphy, love, guy, number, op, biggest, bring"
pc8sj5g,1,"like, just, people, don, know, think, lol, did"
pc8sj62,4,"movie, time, man, mcu, marvel, loki, movies, doom"
pc8sipe,4,"movie, time, man, mcu, marvel, loki, movies, doom"
pc8sia7,4,"movie, time, man, mcu, marvel, loki, movies, doom"
pc8si7l,4,"movie, time, man, mcu, marvel, loki, movies, doom"
pc8si0q,3,"infinity, vision, imax, scene, scenes, saw, tva, screen"
pc8sho8,4,"movie, time, man, mcu, marvel, loki, movies, doom"
pc8sgpr,1,"like, just, people, don, know, think, lol, did"
pc8sfsv,0,"gif, giphy, love, guy, number, op, biggest, bring"
pc8sfn9,4,"movie, time, man, mcu, marvel, loki, movies, doom"
pc8sdrr,3,"infinity, vision, imax, scene, scenes, saw, tva, screen"
pc8sdg6,4,"movie, time, man, mcu, marvel, loki, movies, doom"
pc8sdb2,2,"yes, doomsday, oh, pretty, say, comics, absolutely, better"
pc8sbue,1,"like, just, people, don, know, think, lol, did"
pc8s8qc,0,"gif, giphy, love, guy, number, op, biggest, bring"
pc8s5hd,4,"movie, time, man, mcu, marvel, loki, movies, doom"
pc8s3ut,0,"gif, giphy, love, guy, number, op, biggest, bring"
pc8s3ft,4,"movie, time, man, mcu, marvel, loki, movies, doom"
pc8s2vp,1,"like, just, people, don, know, think, lol, did"
pc8s29g,4,"movie, time, man, mcu, marvel, loki, movies, doom"
pc8s1wy,3,"infinity, vision, imax, scene, scenes, saw, tva, screen"
pc8rtjo,4,"movie, time, man, mcu, marvel, loki, movies, doom"
pc8rs4d,3,"infinity, vision, imax, scene, scenes, saw, tva, screen"
pc8rrqe,0,"gif, giphy, love, guy, number, op, biggest, bring"
pc8rr54,0,"gif, giphy, love, guy, number, op, biggest, bring"
pc8rqde,4,"movie, time, man, mcu, marvel, loki, movies, doom"
pc8rois,4,"movie, time, man, mcu, marvel, loki, movies, doom"
pc8rna9,4,"movie, time, man, mcu, marvel, loki, movies, doom"
pc8rmv6,3,"infinity, vision, imax, scene, scenes, saw, tva, screen"
pc8rmtw,4,"movie, time, man, mcu, marvel, loki, movies, doom"
pc8rkvn,1,"like, just, people, don, know, think, lol, did"
pc8rk5n,0,"gif, giphy, love, guy, number, op, biggest, bring"
pc8rjsq,1,"like, just, people, don, know, think, lol, did"
pc8rjbw,1,"like, just, people, don, know, think, lol, did"
pc8ri6l,1,"like, just, people, don, know, think, lol, did"
pc8rfvi,3,"infinity, vision, imax, scene, scenes, saw, tva, screen"
pc8rev9,1,"like, just, people, don, know, think, lol, did"
pc8rdz8,4,"movie, time, man, mcu, marvel, loki, movies, doom"
pc8rddq,4,"movie, time, man, mcu, marvel, loki, movies, doom"
pc8rd0e,4,"movie, time, man, mcu, marvel, loki, movies, doom"
pc8rc7z,4,"movie, time, man, mcu, marvel, loki, movies, doom"
pc8raxl,4,"movie, time, man, mcu, marvel, loki, movies, doom"
pc8ralm,1,"like, just, people, don, know, think, lol, did"
pc8r9w5,4,"movie, time, man, mcu, marvel, loki, movies, doom"
pc8r9nw,3,"infinity, vision, imax, scene, scenes, saw, tva, screen"
pc8r7zi,3,"infinity, vision, imax, scene, scenes, saw, tva, screen"
pc8r700,4,"movie, time, man, mcu, marvel, loki, movies, doom"
pc8r63a,0,"gif, giphy, love, guy, number, op, biggest, bring"
pc8r5nk,4,"movie, time, man, mcu, marvel, loki, movies, doom"
pc8r4jz,3,"infinity, vision, imax, scene, scenes, saw, tva, screen"
pc8r4ml,4,"movie, time, man, mcu, marvel, loki, movies, doom"
pc8r0v3,1,"like, just, people, don, know, think, lol, did"
pc8r0fh,4,"movie, time, man, mcu, marvel, loki, movies, doom"
pc8qztl,0,"gif, giphy, love, guy, number, op, biggest, bring"
pc8qzfx,4,"movie, time, man, mcu, marvel, loki, movies, doom"
pc8qyx4,4,"movie, time, man, mcu, marvel, loki, movies, doom"
pc8qyne,0,"gif, giphy, love, guy, number, op, biggest, bring"
pc8qxo5,4,"movie, time, man, mcu, marvel, loki, movies, doom"
pc8qxci,1,"like, just, people, don, know, think, lol, did"
pc8qtwn,4,"movie, time, man, mcu, marvel, loki, movies, doom"
pc8qpnr,1,"like, just, people, don, know, think, lol, did"
pc8qooe,1,"like, just, people, don, know, think, lol, did"
pc8qo7o,1,"like, just, people, don, know, think, lol, did"
pc8qnjo,4,"movie, time, man, mcu, marvel, loki, movies, doom"
pc8qm5d,3,"infinity, vision, imax, scene, scenes, saw, tva, screen"
pc8qln5,0,"gif, giphy, love, guy, number, op, biggest, bring"
pc8ql6z,4,"movie, time, man, mcu, marvel, loki, movies, doom"
pc8ql3u,4,"movie, time, man, mcu, marvel, loki, movies, doom"
pc8qkzd,4,"movie, time, man, mcu, marvel, loki, movies, doom"
pc8qjy1,0,"gif, giphy, love, guy, number, op, biggest, bring"
pc8qiyg,3,"infinity, vision, imax, scene, scenes, saw, tva, screen"
pc8qity,0,"gif, giphy, love, guy, number, op, biggest, bring"
pc8qg85,1,"like, just, people, don, know, think, lol, did"
pc8qdf0,4,"movie, time, man, mcu, marvel, loki, movies, doom"
pc8qbcs,1,"like, just, people, don, know, think, lol, did"
pc8q9g3,3,"infinity, vision, imax, scene, scenes, saw, tva, screen"
pc8q7q1,4,"movie, time, man, mcu, marvel, loki, movies, doom"
pc8q5hk,4,"movie, time, man, mcu, marvel, loki, movies, doom"
pc8q4x0,4,"movie, time, man, mcu, marvel, loki, movies, doom"
pc8q4bz,4,"movie, time, man, mcu, marvel, loki, movies, doom"
pc8q3j3,4,"movie, time, man, mcu, marvel, loki, movies, doom"
pc8q2t9,1,"like, just, people, don, know, think, lol, did"
pc8q28f,4,"movie, time, man, mcu, marvel, loki, movies, doom"
pc8q1hj,4,"movie, time, man, mcu, marvel, loki, movies, doom"
pc8pzs7,4,"movie, time, man, mcu, marvel, loki, movies, doom"
pc8pygm,1,"like, just, people, don, know, think, lol, did"
pc8py79,0,"gif, giphy, love, guy, number, op, biggest, bring"
pc8pv43,1,"like, just, people, don, know, think, lol, did"
pc8pusc,4,"movie, time, man, mcu, marvel, loki, movies, doom"
pc8pt0q,4,"movie, time, man, mcu, marvel, loki, movies, doom"
pc8pqa2,0,"gif, giphy, love, guy, number, op, biggest, bring"
pc8ppik,1,"like, just, people, don, know, think, lol, did"
pc8ppce,4,"movie, time, man, mcu, marvel, loki, movies, doom"
pc8pp56,4,"movie, time, man, mcu, marvel, loki, movies, doom"
pc8po27,1,"like, just, people, don, know, think, lol, did"
pc8plnc,3,"infinity, vision, imax, scene, scenes, saw, tva, screen"
pc8pl4y,4,"movie, time, man, mcu, marvel, loki, movies, doom"
pc8piuk,2,"yes, doomsday, oh, pretty, say, comics, absolutely, better"
pc8pi9s,4,"movie, time, man, mcu, marvel, loki, movies, doom"
pc8pia5,4,"movie, time, man, mcu, marvel, loki, movies, doom"
pc8pg1z,4,"movie, time, man, mcu, marvel, loki, movies, doom"
pc8pfnl,4,"movie, time, man, mcu, marvel, loki, movies, doom"
pc8peuz,1,"like, just, people, don, know, think, lol, did"
pc8pd7v,0,"gif, giphy, love, guy, number, op, biggest, bring"
pc8pd3s,3,"infinity, vision, imax, scene, scenes, saw, tva, screen"
pc8p8f4,1,"like, just, people, don, know, think, lol, did"
pc8p5wl,4,"movie, time, man, mcu, marvel, loki, movies, doom"
pc8p5pe,1,"like, just, people, don, know, think, lol, did"
pc8p4n3,4,"movie, time, man, mcu, marvel, loki, movies, doom"
pc8p4jp,1,"like, just, people, don, know, think, lol, did"
pc8p461,4,"movie, time, man, mcu, marvel, loki, movies, doom"
pc8p3cm,4,"movie, time, man, mcu, marvel, loki, movies, doom"
pc8p07q,1,"like, just, people, don, know, think, lol, did"
pc8oyq6,0,"gif, giphy, love, guy, number, op, biggest, bring"
pc8oxjv,4,"movie, time, man, mcu, marvel, loki, movies, doom"
pc8ox23,1,"like, just, people, don, know, think, lol, did"
pc8owff,4,"movie, time, man, mcu, marvel, loki, movies, doom"
pc8owfr,0,"gif, giphy, love, guy, number, op, biggest, bring"
pc8ou83,1,"like, just, people, don, know, think, lol, did"
pc8or38,4,"movie, time, man, mcu, marvel, loki, movies, doom"
pc8oqs4,4,"movie, time, man, mcu, marvel, loki, movies, doom"
pc8oqia,2,"yes, doomsday, oh, pretty, say, comics, absolutely, better"
pc8opyy,1,"like, just, people, don, know, think, lol, did"
pc8opxs,3,"infinity, vision, imax, scene, scenes, saw, tva, screen"
pc8omab,1,"like, just, people, don, know, think, lol, did"
pc8olfv,4,"movie, time, man, mcu, marvel, loki, movies, doom"
pc8okkg,3,"infinity, vision, imax, scene, scenes, saw, tva, screen"
pc8ok8y,4,"movie, time, man, mcu, marvel, loki, movies, doom"
pc8ojq1,4,"movie, time, man, mcu, marvel, loki, movies, doom"
pc8oiek,0,"gif, giphy, love, guy, number, op, biggest, bring"
pc8oi0f,1,"like, just, people, don, know, think, lol, did"
pc8ohto,3,"infinity, vision, imax, scene, scenes, saw, tva, screen"
pc8ogr8,4,"movie, time, man, mcu, marvel, loki, movies, doom"
pc8ofzn,4,"movie, time, man, mcu, marvel, loki, movies, doom"
pc8oea7,0,"gif, giphy, love, guy, number, op, biggest, bring"
pc8odmc,1,"like, just, people, don, know, think, lol, did"
pc8ocb5,1,"like, just, people, don, know, think, lol, did"
pc8obr1,4,"movie, time, man, mcu, marvel, loki, movies, doom"
pc8obbn,3,"infinity, vision, imax, scene, scenes, saw, tva, screen"
pc8o9h2,1,"like, just, people, don, know, think, lol, did"
pc8o9bd,1,"like, just, people, don, know, think, lol, did"
pc8o8u1,2,"yes, doomsday, oh, pretty, say, comics, absolutely, better"
pc8o7gd,0,"gif, giphy, love, guy, number, op, biggest, bring"
pc8o70x,4,"movie, time, man, mcu, marvel, loki, movies, doom"
pc8o6mq,3,"infinity, vision, imax, scene, scenes, saw, tva, screen"
pc8o5to,1,"like, just, people, don, know, think, lol, did"
pc8o5w5,4,"movie, time, man, mcu, marvel, loki, movies, doom"
pc8o5pt,4,"movie, time, man, mcu, marvel, loki, movies, doom"
pc8o4ld,4,"movie, time, man, mcu, marvel, loki, movies, doom"
pc8o43a,3,"infinity, vision, imax, scene, scenes, saw, tva, screen"
pc8o3rx,1,"like, just, people, don, know, think, lol, did"
pc8o2tr,0,"gif, giphy, love, guy, number, op, biggest, bring"
pc8o0q2,4,"movie, time, man, mcu, marvel, loki, movies, doom"
pc8o073,4,"movie, time, man, mcu, marvel, loki, movies, doom"
pc8nzo3,1,"like, just, people, don, know, think, lol, did"
pc8nzpx,4,"movie, time, man, mcu, marvel, loki, movies, doom"
pc8nz3v,1,"like, just, people, don, know, think, lol, did"
pc8nyyj,0,"gif, giphy, love, guy, number, op, biggest, bring"
pc8nxr2,1,"like, just, people, don, know, think, lol, did"
pc8nwte,1,"like, just, people, don, know, think, lol, did"
pc8nvc8,4,"movie, time, man, mcu, marvel, loki, movies, doom"
pc8nuey,4,"movie, time, man, mcu, marvel, loki, movies, doom"
pc8ntbd,0,"gif, giphy, love, guy, number, op, biggest, bring"
pc8nqsb,0,"gif, giphy, love, guy, number, op, biggest, bring"
pc8npuk,3,"infinity, vision, imax, scene, scenes, saw, tva, screen"
pc8npqn,0,"gif, giphy, love, guy, number, op, biggest, bring"
pc8nost,1,"like, just, people, don, know, think, lol, did"
pc8noo7,4,"movie, time, man, mcu, marvel, loki, movies, doom"
pc8nohv,0,"gif, giphy, love, guy, number, op, biggest, bring"
pc8no4b,4,"movie, time, man, mcu, marvel, loki, movies, doom"
pc8nmkt,4,"movie, time, man, mcu, marvel, loki, movies, doom"
pc8ngv2,4,"movie, time, man, mcu, marvel, loki, movies, doom"
pc8ngcj,0,"gif, giphy, love, guy, number, op, biggest, bring"
pc8nfry,4,"movie, time, man, mcu, marvel, loki, movies, doom"
pc8nf88,2,"yes, doomsday, oh, pretty, say, comics, absolutely, better"
pc8ne1t,3,"infinity, vision, imax, scene, scenes, saw, tva, screen"
pc8nd22,0,"gif, giphy, love, guy, number, op, biggest, bring"
pc8n92b,4,"movie, time, man, mcu, marvel, loki, movies, doom"
pc8n8mj,4,"movie, time, man, mcu, marvel, loki, movies, doom"
pc8n5rh,0,"gif, giphy, love, guy, number, op, biggest, bring"
pc8n4bu,0,"gif, giphy, love, guy, number, op, biggest, bring"
pc8n3uf,4,"movie, time, man, mcu, marvel, loki, movies, doom"
pc8n3lx,4,"movie, time, man, mcu, marvel, loki, movies, doom"
pc8n1jj,4,"movie, time, man, mcu, marvel, loki, movies, doom"
pc8n1c1,1,"like, just, people, don, know, think, lol, did"
pc8mywf,1,"like, just, people, don, know, think, lol, did"
pc8mxef,1,"like, just, people, don, know, think, lol, did"
pc8mwx5,4,"movie, time, man, mcu, marvel, loki, movies, doom"
pc8mw91,4,"movie, time, man, mcu, marvel, loki, movies, doom"
pc8muw1,1,"like, just, people, don, know, think, lol, did"
pc8muqw,4,"movie, time, man, mcu, marvel, loki, movies, doom"
pc8mukw,1,"like, just, people, don, know, think, lol, did"
pc8mufe,0,"gif, giphy, love, guy, number, op, biggest, bring"
pc8ms83,4,"movie, time, man, mcu, marvel, loki, movies, doom"
pc8mpx6,4,"movie, time, man, mcu, marvel, loki, movies, doom"
pc8mp4h,0,"gif, giphy, love, guy, number, op, biggest, bring"
pc8mp4i,4,"movie, time, man, mcu, marvel, loki, movies, doom"
pc8mora,4,"movie, time, man, mcu, marvel, loki, movies, doom"
pc8moiy,4,"movie, time, man, mcu, marvel, loki, movies, doom"
pc8mn3r,3,"infinity, vision, imax, scene, scenes, saw, tva, screen"
pc8mm5g,1,"like, just, people, don, know, think, lol, did"
pc8mlfv,4,"movie, time, man, mcu, marvel, loki, movies, doom"
pc8mj8t,4,"movie, time, man, mcu, marvel, loki, movies, doom"
pc8miys,4,"movie, time, man, mcu, marvel, loki, movies, doom"
pc8milc,0,"gif, giphy, love, guy, number, op, biggest, bring"
pc8mgdx,4,"movie, time, man, mcu, marvel, loki, movies, doom"
pc8mfz4,3,"infinity, vision, imax, scene, scenes, saw, tva, screen"
pc8mfrv,1,"like, just, people, don, know, think, lol, did"
pc8meuh,4,"movie, time, man, mcu, marvel, loki, movies, doom"
pc8meo6,4,"movie, time, man, mcu, marvel, loki, movies, doom"
pc8mbfa,4,"movie, time, man, mcu, marvel, loki, movies, doom"
pc8mb44,4,"movie, time, man, mcu, marvel, loki, movies, doom"
pc8mb47,4,"movie, time, man, mcu, marvel, loki, movies, doom"
pc8m910,3,"infinity, vision, imax, scene, scenes, saw, tva, screen"
pc8m6w7,4,"movie, time, man, mcu, marvel, loki, movies, doom"
pc8m6ki,4,"movie, time, man, mcu, marvel, loki, movies, doom"
pc8m531,4,"movie, time, man, mcu, marvel, loki, movies, doom"
pc8m0p1,4,"movie, time, man, mcu, marvel, loki, movies, doom"
pc8m0dd,4,"movie, time, man, mcu, marvel, loki, movies, doom"
pc8lyfu,4,"movie, time, man, mcu, marvel, loki, movies, doom"
pc8ly97,0,"gif, giphy, love, guy, number, op, biggest, bring"
pc8lx5t,4,"movie, time, man, mcu, marvel, loki, movies, doom"
pc8lw6y,0,"gif, giphy, love, guy, number, op, biggest, bring"
pc8lvjo,1,"like, just, people, don, know, think, lol, did"
pc8lulp,4,"movie, time, man, mcu, marvel, loki, movies, doom"
pc8lu6w,4,"movie, time, man, mcu, marvel, loki, movies, doom"
pc8lu7k,1,"like, just, people, don, know, think, lol, did"
pc8lu05,4,"movie, time, man, mcu, marvel, loki, movies, doom"
pc8ltod,0,"gif, giphy, love, guy, number, op, biggest, bring"
pc8llxz,3,"infinity, vision, imax, scene, scenes, saw, tva, screen"
pc8llq3,1,"like, just, people, don, know, think, lol, did"
pc8llb7,4,"movie, time, man, mcu, marvel, loki, movies, doom"
pc8lile,4,"movie, time, man, mcu, marvel, loki, movies, doom"
pc8lgtj,4,"movie, time, man, mcu, marvel, loki, movies, doom"
pc8lfro,4,"movie, time, man, mcu, marvel, loki, movies, doom"
pc8lczv,4,"movie, time, man, mcu, marvel, loki, movies, doom"
pc8lc1g,4,"movie, time, man, mcu, marvel, loki, movies, doom"
pc8lc30,1,"like, just, people, don, know, think, lol, did"
pc8lblp,4,"movie, time, man, mcu, marvel, loki, movies, doom"
pc8lbgp,1,"like, just, people, don, know, think, lol, did"
pc8lb9s,4,"movie, time, man, mcu, marvel, loki, movies, doom"
pc8lauk,1,"like, just, people, don, know, think, lol, did"
pc8l9ch,0,"gif, giphy, love, guy, number, op, biggest, bring"
pc8l8d9,4,"movie, time, man, mcu, marvel, loki, movies, doom"
pc8l8au,4,"movie, time, man, mcu, marvel, loki, movies, doom"
pc8l73i,1,"like, just, people, don, know, think, lol, did"
pc8l5xn,4,"movie, time, man, mcu, marvel, loki, movies, doom"
pc8l56e,0,"gif, giphy, love, guy, number, op, biggest, bring"
pc8l3c9,4,"movie, time, man, mcu, marvel, loki, movies, doom"
pc8l35c,4,"movie, time, man, mcu, marvel, loki, movies, doom"
pc8l2vf,4,"movie, time, man, mcu, marvel, loki, movies, doom"
pc8l1nl,4,"movie, time, man, mcu, marvel, loki, movies, doom"
pc8l1en,4,"movie, time, man, mcu, marvel, loki, movies, doom"
pc8l0fw,3,"infinity, vision, imax, scene, scenes, saw, tva, screen"
pc8kw0m,4,"movie, time, man, mcu, marvel, loki, movies, doom"
pc8kvg7,1,"like, just, people, don, know, think, lol, did"
pc8kv9o,4,"movie, time, man, mcu, marvel, loki, movies, doom"
pc8ku66,4,"movie, time, man, mcu, marvel, loki, movies, doom"
pc8ktp2,4,"movie, time, man, mcu, marvel, loki, movies, doom"
pc8kt7e,0,"gif, giphy, love, guy, number, op, biggest, bring"
pc8krac,1,"like, just, people, don, know, think, lol, did"
pc8kng2,0,"gif, giphy, love, guy, number, op, biggest, bring"
pc8klxb,4,"movie, time, man, mcu, marvel, loki, movies, doom"
pc8kki1,4,"movie, time, man, mcu, marvel, loki, movies, doom"
pc8kklw,1,"like, just, people, don, know, think, lol, did"
pc8khe5,0,"gif, giphy, love, guy, number, op, biggest, bring"
pc8kfvj,4,"movie, time, man, mcu, marvel, loki, movies, doom"
pc8keem,3,"infinity, vision, imax, scene, scenes, saw, tva, screen"
pc8kdu7,0,"gif, giphy, love, guy, number, op, biggest, bring"
pc8kclg,0,"gif, giphy, love, guy, number, op, biggest, bring"
pc8kbh0,4,"movie, time, man, mcu, marvel, loki, movies, doom"
pc8kb97,4,"movie, time, man, mcu, marvel, loki, movies, doom"
pc8kalq,4,"movie, time, man, mcu, marvel, loki, movies, doom"
pc8k9nm,1,"like, just, people, don, know, think, lol, did"
pc8k98w,1,"like, just, people, don, know, think, lol, did"
pc8k9b3,4,"movie, time, man, mcu, marvel, loki, movies, doom"
pc8k8vs,1,"like, just, people, don, know, think, lol, did"
pc8k8nt,4,"movie, time, man, mcu, marvel, loki, movies, doom"
pc8k89s,1,"like, just, people, don, know, think, lol, did"
pc8k7cn,1,"like, just, people, don, know, think, lol, did"
pc8k74d,4,"movie, time, man, mcu, marvel, loki, movies, doom"
pc8k68v,3,"infinity, vision, imax, scene, scenes, saw, tva, screen"
pc8k3ts,4,"movie, time, man, mcu, marvel, loki, movies, doom"
pc8k27j,1,"like, just, people, don, know, think, lol, did"
pc8k1my,0,"gif, giphy, love, guy, number, op, biggest, bring"
pc8k1gc,4,"movie, time, man, mcu, marvel, loki, movies, doom"
pc8k16z,1,"like, just, people, don, know, think, lol, did"
pc8jyxd,4,"movie, time, man, mcu, marvel, loki, movies, doom"
pc8jya0,4,"movie, time, man, mcu, marvel, loki, movies, doom"
pc8jvqy,4,"movie, time, man, mcu, marvel, loki, movies, doom"
pc8js27,0,"gif, giphy, love, guy, number, op, biggest, bring"
pc8jr64,3,"infinity, vision, imax, scene, scenes, saw, tva, screen"
pc8jpfm,3,"infinity, vision, imax, scene, scenes, saw, tva, screen"
pc8jnbl,4,"movie, time, man, mcu, marvel, loki, movies, doom"
pc8jnez,1,"like, just, people, don, know, think, lol, did"
pc8jlb8,4,"movie, time, man, mcu, marvel, loki, movies, doom"
pc8jiv6,1,"like, just, people, don, know, think, lol, did"
pc8jisw,4,"movie, time, man, mcu, marvel, loki, movies, doom"
pc8jh7i,4,"movie, time, man, mcu, marvel, loki, movies, doom"
pc8jh0u,0,"gif, giphy, love, guy, number, op, biggest, bring"
pc8jgui,3,"infinity, vision, imax, scene, scenes, saw, tva, screen"
pc8jfeg,0,"gif, giphy, love, guy, number, op, biggest, bring"
pc8jf6v,3,"infinity, vision, imax, scene, scenes, saw, tva, screen"
pc8jega,4,"movie, time, man, mcu, marvel, loki, movies, doom"
pc8ja1h,4,"movie, time, man, mcu, marvel, loki, movies, doom"
pc8j536,0,"gif, giphy, love, guy, number, op, biggest, bring"
pc8j2xg,1,"like, just, people, don, know, think, lol, did"
pc8j2q9,0,"gif, giphy, love, guy, number, op, biggest, bring"
pc8ixob,1,"like, just, people, don, know, think, lol, did"
pc8iwnh,0,"gif, giphy, love, guy, number, op, biggest, bring"
pc8iwha,0,"gif, giphy, love, guy, number, op, biggest, bring"
pc8iw32,4,"movie, time, man, mcu, marvel, loki, movies, doom"
pc8iw3x,4,"movie, time, man, mcu, marvel, loki, movies, doom"
pc8itzw,1,"like, just, people, don, know, think, lol, did"
pc8iu1e,0,"gif, giphy, love, guy, number, op, biggest, bring"
pc8itdx,0,"gif, giphy, love, guy, number, op, biggest, bring"
pc8isrj,4,"movie, time, man, mcu, marvel, loki, movies, doom"
pc8is07,1,"like, just, people, don, know, think, lol, did"
pc8ireq,1,"like, just, people, don, know, think, lol, did"
pc8ir7i,3,"infinity, vision, imax, scene, scenes, saw, tva, screen"
pc8ir0g,4,"movie, time, man, mcu, marvel, loki, movies, doom"
pc8iqsu,1,"like, just, people, don, know, think, lol, did"
pc8iowu,4,"movie, time, man, mcu, marvel, loki, movies, doom"
pc8ioa5,4,"movie, time, man, mcu, marvel, loki, movies, doom"
pc8ind2,4,"movie, time, man, mcu, marvel, loki, movies, doom"
pc8imbc,4,"movie, time, man, mcu, marvel, loki, movies, doom"
pc8ilq7,4,"movie, time, man, mcu, marvel, loki, movies, doom"
pc8igkw,1,"like, just, people, don, know, think, lol, did"
pc8ifyd,1,"like, just, people, don, know, think, lol, did"
pc8ie4o,4,"movie, time, man, mcu, marvel, loki, movies, doom"
pc8idut,1,"like, just, people, don, know, think, lol, did"
pc8ich2,3,"infinity, vision, imax, scene, scenes, saw, tva, screen"
pc8iay6,3,"infinity, vision, imax, scene, scenes, saw, tva, screen"
pc8ia4e,4,"movie, time, man, mcu, marvel, loki, movies, doom"
pc8i8s6,4,"movie, time, man, mcu, marvel, loki, movies, doom"
pc8i8iq,0,"gif, giphy, love, guy, number, op, biggest, bring"
pc8i8k9,0,"gif, giphy, love, guy, number, op, biggest, bring"
pc8i5aq,2,"yes, doomsday, oh, pretty, say, comics, absolutely, better"
pc8i55s,4,"movie, time, man, mcu, marvel, loki, movies, doom"
pc8i21s,4,"movie, time, man, mcu, marvel, loki, movies, doom"
pc8i23r,4,"movie, time, man, mcu, marvel, loki, movies, doom"
pc8i20o,0,"gif, giphy, love, guy, number, op, biggest, bring"
pc8i1ql,0,"gif, giphy, love, guy, number, op, biggest, bring"
pc8i0ay,0,"gif, giphy, love, guy, number, op, biggest, bring"
pc8hzgz,4,"movie, time, man, mcu, marvel, loki, movies, doom"
pc8hxou,0,"gif, giphy, love, guy, number, op, biggest, bring"
pc8hvh9,3,"infinity, vision, imax, scene, scenes, saw, tva, screen"
pc8hqby,4,"movie, time, man, mcu, marvel, loki, movies, doom"
pc8hq5d,4,"movie, time, man, mcu, marvel, loki, movies, doom"
pc8hnaa,3,"infinity, vision, imax, scene, scenes, saw, tva, screen"
pc8hmlt,4,"movie, time, man, mcu, marvel, loki, movies, doom"
pc8hmde,0,"gif, giphy, love, guy, number, op, biggest, bring"
pc8hke5,1,"like, just, people, don, know, think, lol, did"
pc8hk7p,4,"movie, time, man, mcu, marvel, loki, movies, doom"
pc8hjkg,1,"like, just, people, don, know, think, lol, did"
pc8hj7v,4,"movie, time, man, mcu, marvel, loki, movies, doom"
pc8hj3h,1,"like, just, people, don, know, think, lol, did"
pc8hgul,3,"infinity, vision, imax, scene, scenes, saw, tva, screen"
pc8hezi,0,"gif, giphy, love, guy, number, op, biggest, bring"
pc8hdm5,0,"gif, giphy, love, guy, number, op, biggest, bring"
pc8hd64,1,"like, just, people, don, know, think, lol, did"
pc8hd55,3,"infinity, vision, imax, scene, scenes, saw, tva, screen"
pc8hccr,4,"movie, time, man, mcu, marvel, loki, movies, doom"
pc8hcef,0,"gif, giphy, love, guy, number, op, biggest, bring"
pc8hbnl,4,"movie, time, man, mcu, marvel, loki, movies, doom"
pc8h9rr,4,"movie, time, man, mcu, marvel, loki, movies, doom"
pc8h90r,4,"movie, time, man, mcu, marvel, loki, movies, doom"
pc8h7x4,1,"like, just, people, don, know, think, lol, did"
pc8h78c,4,"movie, time, man, mcu, marvel, loki, movies, doom"
pc8h5wt,4,"movie, time, man, mcu, marvel, loki, movies, doom"
pc8h4c2,4,"movie, time, man, mcu, marvel, loki, movies, doom"
pc8h3gx,1,"like, just, people, don, know, think, lol, did"
pc8h396,4,"movie, time, man, mcu, marvel, loki, movies, doom"
pc8gzu3,0,"gif, giphy, love, guy, number, op, biggest, bring"
pc8gzo2,4,"movie, time, man, mcu, marvel, loki, movies, doom"
pc8gz53,1,"like, just, people, don, know, think, lol, did"
pc8gy78,4,"movie, time, man, mcu, marvel, loki, movies, doom"
pc8gyar,1,"like, just, people, don, know, think, lol, did"
pc8gwis,3,"infinity, vision, imax, scene, scenes, saw, tva, screen"
pc8gw20,3,"infinity, vision, imax, scene, scenes, saw, tva, screen"
pc8gv3a,4,"movie, time, man, mcu, marvel, loki, movies, doom"
pc8gueu,1,"like, just, people, don, know, think, lol, did"
pc8gu9d,1,"like, just, people, don, know, think, lol, did"
pc8guaq,0,"gif, giphy, love, guy, number, op, biggest, bring"
pc8gtb4,1,"like, just, people, don, know, think, lol, did"
pc8gsha,1,"like, just, people, don, know, think, lol, did"
pc8grl1,0,"gif, giphy, love, guy, number, op, biggest, bring"
pc8go97,1,"like, just, people, don, know, think, lol, did"
pc8gnfx,4,"movie, time, man, mcu, marvel, loki, movies, doom"
pc8gj54,4,"movie, time, man, mcu, marvel, loki, movies, doom"
pc8gi8a,4,"movie, time, man, mcu, marvel, loki, movies, doom"
pc8ggun,4,"movie, time, man, mcu, marvel, loki, movies, doom"
pc8ggyn,4,"movie, time, man, mcu, marvel, loki, movies, doom"
pc8gft7,1,"like, just, people, don, know, think, lol, did"
pc8gfof,4,"movie, time, man, mcu, marvel, loki, movies, doom"
pc8gel0,1,"like, just, people, don, know, think, lol, did"
pc8gdrh,3,"infinity, vision, imax, scene, scenes, saw, tva, screen"
pc8gbqu,1,"like, just, people, don, know, think, lol, did"
pc8gaex,4,"movie, time, man, mcu, marvel, loki, movies, doom"
pc8g9n5,1,"like, just, people, don, know, think, lol, did"
pc8g9d9,1,"like, just, people, don, know, think, lol, did"
pc8g9e1,4,"movie, time, man, mcu, marvel, loki, movies, doom"
pc8g7pg,4,"movie, time, man, mcu, marvel, loki, movies, doom"
pc8g53b,4,"movie, time, man, mcu, marvel, loki, movies, doom"
pc8g4zq,4,"movie, time, man, mcu, marvel, loki, movies, doom"
pc8g514,4,"movie, time, man, mcu, marvel, loki, movies, doom"
pc8g1x0,4,"movie, time, man, mcu, marvel, loki, movies, doom"
pc8g1lv,4,"movie, time, man, mcu, marvel, loki, movies, doom"
pc8g1kw,4,"movie, time, man, mcu, marvel, loki, movies, doom"
pc8g0fv,3,"infinity, vision, imax, scene, scenes, saw, tva, screen"
pc8g061,0,"gif, giphy, love, guy, number, op, biggest, bring"
pc8fzig,0,"gif, giphy, love, guy, number, op, biggest, bring"
pc8fz3t,0,"gif, giphy, love, guy, number, op, biggest, bring"
pc8fycb,4,"movie, time, man, mcu, marvel, loki, movies, doom"
pc8fxoy,4,"movie, time, man, mcu, marvel, loki, movies, doom"
pc8fws8,4,"movie, time, man, mcu, marvel, loki, movies, doom"
pc8fwia,4,"movie, time, man, mcu, marvel, loki, movies, doom"
pc8fw1z,4,"movie, time, man, mcu, marvel, loki, movies, doom"
pc8fvac,4,"movie, time, man, mcu, marvel, loki, movies, doom"
pc8fv7s,4,"movie, time, man, mcu, marvel, loki, movies, doom"
pc8fuai,0,"gif, giphy, love, guy, number, op, biggest, bring"
pc8fr6u,4,"movie, time, man, mcu, marvel, loki, movies, doom"
pc8fr1o,1,"like, just, people, don, know, think, lol, did"
pc8fr2h,3,"infinity, vision, imax, scene, scenes, saw, tva, screen"
pc8fqee,4,"movie, time, man, mcu, marvel, loki, movies, doom"
pc8fp6o,1,"like, just, people, don, know, think, lol, did"
pc8fo38,4,"movie, time, man, mcu, marvel, loki, movies, doom"
pc8fnsz,1,"like, just, people, don, know, think, lol, did"
pc8fma8,4,"movie, time, man, mcu, marvel, loki, movies, doom"
pc8fmb0,4,"movie, time, man, mcu, marvel, loki, movies, doom"
pc8flc6,4,"movie, time, man, mcu, marvel, loki, movies, doom"
pc8flew,1,"like, just, people, don, know, think, lol, did"
pc8fkxx,1,"like, just, people, don, know, think, lol, did"
pc8fksk,0,"gif, giphy, love, guy, number, op, biggest, bring"
pc8fjc3,4,"movie, time, man, mcu, marvel, loki, movies, doom"
pc8fj8n,4,"movie, time, man, mcu, marvel, loki, movies, doom"
pc8fi2j,1,"like, just, people, don, know, think, lol, did"
pc8fi5i,4,"movie, time, man, mcu, marvel, loki, movies, doom"
pc8fhjf,4,"movie, time, man, mcu, marvel, loki, movies, doom"
pc8fguv,3,"infinity, vision, imax, scene, scenes, saw, tva, screen"
pc8fg4r,1,"like, just, people, don, know, think, lol, did"
pc8ffkw,1,"like, just, people, don, know, think, lol, did"
pc8ffcv,0,"gif, giphy, love, guy, number, op, biggest, bring"
pc8ff8p,4,"movie, time, man, mcu, marvel, loki, movies, doom"
pc8fen8,4,"movie, time, man, mcu, marvel, loki, movies, doom"
pc8fe8w,4,"movie, time, man, mcu, marvel, loki, movies, doom"
pc8fctq,4,"movie, time, man, mcu, marvel, loki, movies, doom"
pc8fc5b,1,"like, just, people, don, know, think, lol, did"
pc8farw,4,"movie, time, man, mcu, marvel, loki, movies, doom"
pc8f8pa,1,"like, just, people, don, know, think, lol, did"
pc8f84g,4,"movie, time, man, mcu, marvel, loki, movies, doom"
pc8f7co,4,"movie, time, man, mcu, marvel, loki, movies, doom"
pc8f6p5,4,"movie, time, man, mcu, marvel, loki, movies, doom"
pc8f6fp,4,"movie, time, man, mcu, marvel, loki, movies, doom"
pc8f498,1,"like, just, people, don, know, think, lol, did"
pc8f44k,4,"movie, time, man, mcu, marvel, loki, movies, doom"
pc8f36x,1,"like, just, people, don, know, think, lol, did"
pc8f1gm,4,"movie, time, man, mcu, marvel, loki, movies, doom"
pc8f13u,1,"like, just, people, don, know, think, lol, did"
pc8f040,4,"movie, time, man, mcu, marvel, loki, movies, doom"
pc8eymu,4,"movie, time, man, mcu, marvel, loki, movies, doom"
pc8exlw,1,"like, just, people, don, know, think, lol, did"
pc8eume,4,"movie, time, man, mcu, marvel, loki, movies, doom"
pc8eqee,3,"infinity, vision, imax, scene, scenes, saw, tva, screen"
pc8epul,4,"movie, time, man, mcu, marvel, loki, movies, doom"
pc8eppq,0,"gif, giphy, love, guy, number, op, biggest, bring"
pc8eow9,3,"infinity, vision, imax, scene, scenes, saw, tva, screen"
pc8enut,0,"gif, giphy, love, guy, number, op, biggest, bring"
pc8em7w,4,"movie, time, man, mcu, marvel, loki, movies, doom"
pc8em1c,1,"like, just, people, don, know, think, lol, did"
pc8ekes,1,"like, just, people, don, know, think, lol, did"
pc8ejdn,1,"like, just, people, don, know, think, lol, did"
pc8eip7,4,"movie, time, man, mcu, marvel, loki, movies, doom"
pc8eijv,0,"gif, giphy, love, guy, number, op, biggest, bring"
pc8eiab,0,"gif, giphy, love, guy, number, op, biggest, bring"
pc8ehek,4,"movie, time, man, mcu, marvel, loki, movies, doom"
pc8ege2,1,"like, just, people, don, know, think, lol, did"
pc8eero,4,"movie, time, man, mcu, marvel, loki, movies, doom"
pc8ectz,4,"movie, time, man, mcu, marvel, loki, movies, doom"
pc8ecos,4,"movie, time, man, mcu, marvel, loki, movies, doom"
pc8ec6g,4,"movie, time, man, mcu, marvel, loki, movies, doom"
pc8eb7b,4,"movie, time, man, mcu, marvel, loki, movies, doom"
pc8e93b,4,"movie, time, man, mcu, marvel, loki, movies, doom"
pc8e7d6,4,"movie, time, man, mcu, marvel, loki, movies, doom"
pc8e4tw,0,"gif, giphy, love, guy, number, op, biggest, bring"
pc8e4fi,4,"movie, time, man, mcu, marvel, loki, movies, doom"
pc8e2hg,4,"movie, time, man, mcu, marvel, loki, movies, doom"
pc8e0ds,4,"movie, time, man, mcu, marvel, loki, movies, doom"
pc8dw6r,4,"movie, time, man, mcu, marvel, loki, movies, doom"
pc8dvp6,3,"infinity, vision, imax, scene, scenes, saw, tva, screen"
pc8duck,4,"movie, time, man, mcu, marvel, loki, movies, doom"
pc8dudl,4,"movie, time, man, mcu, marvel, loki, movies, doom"
pc8drsy,4,"movie, time, man, mcu, marvel, loki, movies, doom"
pc8dr4x,1,"like, just, people, don, know, think, lol, did"
pc8dqi9,4,"movie, time, man, mcu, marvel, loki, movies, doom"
pc8dobk,4,"movie, time, man, mcu, marvel, loki, movies, doom"
pc8dnmd,3,"infinity, vision, imax, scene, scenes, saw, tva, screen"
pc8dmg9,4,"movie, time, man, mcu, marvel, loki, movies, doom"
pc8dliy,4,"movie, time, man, mcu, marvel, loki, movies, doom"
pc8dks1,1,"like, just, people, don, know, think, lol, did"
pc8diyd,1,"like, just, people, don, know, think, lol, did"
pc8dhkz,4,"movie, time, man, mcu, marvel, loki, movies, doom"
pc8dgr6,4,"movie, time, man, mcu, marvel, loki, movies, doom"
pc8dg55,4,"movie, time, man, mcu, marvel, loki, movies, doom"
pc8dbu2,4,"movie, time, man, mcu, marvel, loki, movies, doom"
pc8daif,4,"movie, time, man, mcu, marvel, loki, movies, doom"
pc8d9nb,4,"movie, time, man, mcu, marvel, loki, movies, doom"
pc8d9kg,1,"like, just, people, don, know, think, lol, did"
pc8d8lh,0,"gif, giphy, love, guy, number, op, biggest, bring"
pc8d8mm,4,"movie, time, man, mcu, marvel, loki, movies, doom"
pc8d7t2,3,"infinity, vision, imax, scene, scenes, saw, tva, screen"
pc8d7my,1,"like, just, people, don, know, think, lol, did"
pc8d5m1,4,"movie, time, man, mcu, marvel, loki, movies, doom"
pc8d539,1,"like, just, people, don, know, think, lol, did"
pc8d4p7,4,"movie, time, man, mcu, marvel, loki, movies, doom"
pc8d2y3,1,"like, just, people, don, know, think, lol, did"
pc8d2si,4,"movie, time, man, mcu, marvel, loki, movies, doom"
pc8d2ey,0,"gif, giphy, love, guy, number, op, biggest, bring"
pc8d1dv,1,"like, just, people, don, know, think, lol, did"
pc8cxlc,4,"movie, time, man, mcu, marvel, loki, movies, doom"
pc8cx2r,4,"movie, time, man, mcu, marvel, loki, movies, doom"
pc8cv70,1,"like, just, people, don, know, think, lol, did"
pc8csy0,0,"gif, giphy, love, guy, number, op, biggest, bring"
pc8ct0m,3,"infinity, vision, imax, scene, scenes, saw, tva, screen"
pc8csct,4,"movie, time, man, mcu, marvel, loki, movies, doom"
pc8crnc,1,"like, just, people, don, know, think, lol, did"
pc8cr17,3,"infinity, vision, imax, scene, scenes, saw, tva, screen"
pc8cqa2,4,"movie, time, man, mcu, marvel, loki, movies, doom"
pc8cpa7,4,"movie, time, man, mcu, marvel, loki, movies, doom"
pc8cosp,1,"like, just, people, don, know, think, lol, did"
pc8cngl,1,"like, just, people, don, know, think, lol, did"
pc8cn9n,4,"movie, time, man, mcu, marvel, loki, movies, doom"
pc8cmh8,4,"movie, time, man, mcu, marvel, loki, movies, doom"
pc8clbg,1,"like, just, people, don, know, think, lol, did"
pc8cjxb,4,"movie, time, man, mcu, marvel, loki, movies, doom"
pc8cjqd,4,"movie, time, man, mcu, marvel, loki, movies, doom"
pc8ciwb,4,"movie, time, man, mcu, marvel, loki, movies, doom"
pc8chkv,1,"like, just, people, don, know, think, lol, did"
pc8cgno,1,"like, just, people, don, know, think, lol, did"
pc8cgjz,4,"movie, time, man, mcu, marvel, loki, movies, doom"
pc8cg50,0,"gif, giphy, love, guy, number, op, biggest, bring"
pc8cfwh,4,"movie, time, man, mcu, marvel, loki, movies, doom"
pc8cfq1,3,"infinity, vision, imax, scene, scenes, saw, tva, screen"
pc8cf9c,4,"movie, time, man, mcu, marvel, loki, movies, doom"
pc8ce0f,1,"like, just, people, don, know, think, lol, did"
pc8casu,3,"infinity, vision, imax, scene, scenes, saw, tva, screen"
pc8c9wx,2,"yes, doomsday, oh, pretty, say, comics, absolutely, better"
pc8c83k,4,"movie, time, man, mcu, marvel, loki, movies, doom"
pc8c6lg,0,"gif, giphy, love, guy, number, op, biggest, bring"
pc8c5ar,3,"infinity, vision, imax, scene, scenes, saw, tva, screen"
pc8bwsr,4,"movie, time, man, mcu, marvel, loki, movies, doom"
pc8bvsy,1,"like, just, people, don, know, think, lol, did"
pc8bpuw,1,"like, just, people, don, know, think, lol, did"
pc8bodi,3,"infinity, vision, imax, scene, scenes, saw, tva, screen"
pc8bo6x,1,"like, just, people, don, know, think, lol, did"
pc8bm8w,4,"movie, time, man, mcu, marvel, loki, movies, doom"
pc8bla3,4,"movie, time, man, mcu, marvel, loki, movies, doom"
pc8bji3,0,"gif, giphy, love, guy, number, op, biggest, bring"
pc8bids,4,"movie, time, man, mcu, marvel, loki, movies, doom"
pc8beyz,4,"movie, time, man, mcu, marvel, loki, movies, doom"
pc8belo,1,"like, just, people, don, know, think, lol, did"
pc8bclj,4,"movie, time, man, mcu, marvel, loki, movies, doom"
pc8bau9,4,"movie, time, man, mcu, marvel, loki, movies, doom"
pc8b8st,4,"movie, time, man, mcu, marvel, loki, movies, doom"
pc8b725,4,"movie, time, man, mcu, marvel, loki, movies, doom"
pc8b3xa,4,"movie, time, man, mcu, marvel, loki, movies, doom"
pc8b1lk,1,"like, just, people, don, know, think, lol, did"
pc8b1fx,4,"movie, time, man, mcu, marvel, loki, movies, doom"
pc8b0j0,4,"movie, time, man, mcu, marvel, loki, movies, doom"
pc8az5o,1,"like, just, people, don, know, think, lol, did"
pc8ax2p,0,"gif, giphy, love, guy, number, op, biggest, bring"
pc8awyw,4,"movie, time, man, mcu, marvel, loki, movies, doom"
pc8avy4,0,"gif, giphy, love, guy, number, op, biggest, bring"
pc8aun8,1,"like, just, people, don, know, think, lol, did"
pc8auka,4,"movie, time, man, mcu, marvel, loki, movies, doom"
pc8atn6,4,"movie, time, man, mcu, marvel, loki, movies, doom"
pc8asyy,4,"movie, time, man, mcu, marvel, loki, movies, doom"
pc8arjh,0,"gif, giphy, love, guy, number, op, biggest, bring"
pc8aqun,0,"gif, giphy, love, guy, number, op, biggest, bring"
pc8aoui,3,"infinity, vision, imax, scene, scenes, saw, tva, screen"
pc8ao9s,4,"movie, time, man, mcu, marvel, loki, movies, doom"
pc8an5j,4,"movie, time, man, mcu, marvel, loki, movies, doom"
pc8amzb,3,"infinity, vision, imax, scene, scenes, saw, tva, screen"
pc8aljs,1,"like, just, people, don, know, think, lol, did"
pc8ajwd,0,"gif, giphy, love, guy, number, op, biggest, bring"
pc8aiw8,0,"gif, giphy, love, guy, number, op, biggest, bring"
pc8ai8i,1,"like, just, people, don, know, think, lol, did"
pc8ahzm,4,"movie, time, man, mcu, marvel, loki, movies, doom"
pc8ah9l,4,"movie, time, man, mcu, marvel, loki, movies, doom"
pc8afm0,1,"like, just, people, don, know, think, lol, did"
pc8af08,3,"infinity, vision, imax, scene, scenes, saw, tva, screen"
pc8adwv,4,"movie, time, man, mcu, marvel, loki, movies, doom"
pc8adm5,4,"movie, time, man, mcu, marvel, loki, movies, doom"
pc8acec,0,"gif, giphy, love, guy, number, op, biggest, bring"
pc8a96b,2,"yes, doomsday, oh, pretty, say, comics, absolutely, better"
pc8a7v6,1,"like, just, people, don, know, think, lol, did"
pc8a6xs,1,"like, just, people, don, know, think, lol, did"
pc8a58p,4,"movie, time, man, mcu, marvel, loki, movies, doom"
pc8a4zu,4,"movie, time, man, mcu, marvel, loki, movies, doom"
pc8a3sw,4,"movie, time, man, mcu, marvel, loki, movies, doom"
pc8a3ec,4,"movie, time, man, mcu, marvel, loki, movies, doom"
pc8a13r,4,"movie, time, man, mcu, marvel, loki, movies, doom"
pc89yj5,4,"movie, time, man, mcu, marvel, loki, movies, doom"
pc89xfk,1,"like, just, people, don, know, think, lol, did"
pc89van,4,"movie, time, man, mcu, marvel, loki, movies, doom"
pc89uys,4,"movie, time, man, mcu, marvel, loki, movies, doom"
pc89u44,1,"like, just, people, don, know, think, lol, did"
pc89oek,3,"infinity, vision, imax, scene, scenes, saw, tva, screen"
pc89mty,4,"movie, time, man, mcu, marvel, loki, movies, doom"
pc89mob,4,"movie, time, man, mcu, marvel, loki, movies, doom"
pc89m9w,4,"movie, time, man, mcu, marvel, loki, movies, doom"
pc89kc6,1,"like, just, people, don, know, think, lol, did"
pc89j2m,4,"movie, time, man, mcu, marvel, loki, movies, doom"
pc89gpi,4,"movie, time, man, mcu, marvel, loki, movies, doom"
pc89ehc,1,"like, just, people, don, know, think, lol, did"
pc89ddp,1,"like, just, people, don, know, think, lol, did"
pc89boj,0,"gif, giphy, love, guy, number, op, biggest, bring"
pc89aya,4,"movie, time, man, mcu, marvel, loki, movies, doom"
pc89apn,1,"like, just, people, don, know, think, lol, did"
pc896rf,3,"infinity, vision, imax, scene, scenes, saw, tva, screen"
pc8959d,1,"like, just, people, don, know, think, lol, did"
pc894ee,4,"movie, time, man, mcu, marvel, loki, movies, doom"
pc892m6,1,"like, just, people, don, know, think, lol, did"
pc8923h,0,"gif, giphy, love, guy, number, op, biggest, bring"
pc891yc,4,"movie, time, man, mcu, marvel, loki, movies, doom"
pc88zow,4,"movie, time, man, mcu, marvel, loki, movies, doom"
pc88y3w,4,"movie, time, man, mcu, marvel, loki, movies, doom"
pc88x11,0,"gif, giphy, love, guy, number, op, biggest, bring"
pc88wry,1,"like, just, people, don, know, think, lol, did"
pc88wfi,4,"movie, time, man, mcu, marvel, loki, movies, doom"
pc88ut7,4,"movie, time, man, mcu, marvel, loki, movies, doom"
pc88tv6,0,"gif, giphy, love, guy, number, op, biggest, bring"
pc88tno,4,"movie, time, man, mcu, marvel, loki, movies, doom"
pc88tlx,0,"gif, giphy, love, guy, number, op, biggest, bring"
pc88qvn,1,"like, just, people, don, know, think, lol, did"
pc88qxb,4,"movie, time, man, mcu, marvel, loki, movies, doom"
pc88qrf,1,"like, just, people, don, know, think, lol, did"
pc88pqx,0,"gif, giphy, love, guy, number, op, biggest, bring"
pc88ofh,2,"yes, doomsday, oh, pretty, say, comics, absolutely, better"
pc88njv,1,"like, just, people, don, know, think, lol, did"
pc88m5w,4,"movie, time, man, mcu, marvel, loki, movies, doom"
pc88lgt,1,"like, just, people, don, know, think, lol, did"
pc88kon,1,"like, just, people, don, know, think, lol, did"
pc88j7s,3,"infinity, vision, imax, scene, scenes, saw, tva, screen"
pc88hlh,0,"gif, giphy, love, guy, number, op, biggest, bring"
pc88bym,0,"gif, giphy, love, guy, number, op, biggest, bring"
pc889ok,4,"movie, time, man, mcu, marvel, loki, movies, doom"
pc88826,4,"movie, time, man, mcu, marvel, loki, movies, doom"
pc887es,4,"movie, time, man, mcu, marvel, loki, movies, doom"
pc885k7,1,"like, just, people, don, know, think, lol, did"
pc883cv,4,"movie, time, man, mcu, marvel, loki, movies, doom"
pc882jo,4,"movie, time, man, mcu, marvel, loki, movies, doom"
pc8824u,1,"like, just, people, don, know, think, lol, did"
pc881oe,4,"movie, time, man, mcu, marvel, loki, movies, doom"
pc881fj,4,"movie, time, man, mcu, marvel, loki, movies, doom"
pc87y3c,4,"movie, time, man, mcu, marvel, loki, movies, doom"
pc87xs4,4,"movie, time, man, mcu, marvel, loki, movies, doom"
pc87wi8,4,"movie, time, man, mcu, marvel, loki, movies, doom"
pc87wb7,4,"movie, time, man, mcu, marvel, loki, movies, doom"
pc87uh4,0,"gif, giphy, love, guy, number, op, biggest, bring"
pc87tdi,2,"yes, doomsday, oh, pretty, say, comics, absolutely, better"
pc87tai,0,"gif, giphy, love, guy, number, op, biggest, bring"
pc87psj,4,"movie, time, man, mcu, marvel, loki, movies, doom"
pc87p5f,4,"movie, time, man, mcu, marvel, loki, movies, doom"
pc87mtk,0,"gif, giphy, love, guy, number, op, biggest, bring"
pc87lob,1,"like, just, people, don, know, think, lol, did"
pc87lie,4,"movie, time, man, mcu, marvel, loki, movies, doom"
pc87j8d,1,"like, just, people, don, know, think, lol, did"
pc87hhs,4,"movie, time, man, mcu, marvel, loki, movies, doom"
pc87gxw,1,"like, just, people, don, know, think, lol, did"
pc87er6,2,"yes, doomsday, oh, pretty, say, comics, absolutely, better"
pc87e31,4,"movie, time, man, mcu, marvel, loki, movies, doom"
pc87e59,3,"infinity, vision, imax, scene, scenes, saw, tva, screen"
pc87dbz,4,"movie, time, man, mcu, marvel, loki, movies, doom"
pc87ctk,4,"movie, time, man, mcu, marvel, loki, movies, doom"
pc87ci2,0,"gif, giphy, love, guy, number, op, biggest, bring"
pc87cff,4,"movie, time, man, mcu, marvel, loki, movies, doom"
pc87ccj,4,"movie, time, man, mcu, marvel, loki, movies, doom"
pc879h2,3,"infinity, vision, imax, scene, scenes, saw, tva, screen"
pc878ml,0,"gif, giphy, love, guy, number, op, biggest, bring"
pc878ka,1,"like, just, people, don, know, think, lol, did"
pc872h6,3,"infinity, vision, imax, scene, scenes, saw, tva, screen"
pc871tc,1,"like, just, people, don, know, think, lol, did"
pc870js,3,"infinity, vision, imax, scene, scenes, saw, tva, screen"
pc8700f,0,"gif, giphy, love, guy, number, op, biggest, bring"
pc86zrr,0,"gif, giphy, love, guy, number, op, biggest, bring"
pc86z7x,3,"infinity, vision, imax, scene, scenes, saw, tva, screen"
pc86z8e,4,"movie, time, man, mcu, marvel, loki, movies, doom"
pc86z2d,1,"like, just, people, don, know, think, lol, did"
pc86xn3,4,"movie, time, man, mcu, marvel, loki, movies, doom"
pc86xg1,1,"like, just, people, don, know, think, lol, did"
pc86u6w,2,"yes, doomsday, oh, pretty, say, comics, absolutely, better"
pc86swu,1,"like, just, people, don, know, think, lol, did"
pc86s7t,4,"movie, time, man, mcu, marvel, loki, movies, doom"
pc86rzy,0,"gif, giphy, love, guy, number, op, biggest, bring"
pc86qxz,4,"movie, time, man, mcu, marvel, loki, movies, doom"
pc86qag,4,"movie, time, man, mcu, marvel, loki, movies, doom"
pc86q38,1,"like, just, people, don, know, think, lol, did"
pc86pax,2,"yes, doomsday, oh, pretty, say, comics, absolutely, better"
pc86oyo,4,"movie, time, man, mcu, marvel, loki, movies, doom"
pc86mod,1,"like, just, people, don, know, think, lol, did"
pc86l19,4,"movie, time, man, mcu, marvel, loki, movies, doom"
pc86jct,1,"like, just, people, don, know, think, lol, did"
pc86i21,0,"gif, giphy, love, guy, number, op, biggest, bring"
pc86gh2,1,"like, just, people, don, know, think, lol, did"
pc86g9w,1,"like, just, people, don, know, think, lol, did"
pc86fxp,0,"gif, giphy, love, guy, number, op, biggest, bring"
pc86fnk,4,"movie, time, man, mcu, marvel, loki, movies, doom"
pc86bsn,3,"infinity, vision, imax, scene, scenes, saw, tva, screen"
pc869t6,4,"movie, time, man, mcu, marvel, loki, movies, doom"
pc866ud,4,"movie, time, man, mcu, marvel, loki, movies, doom"
pc865nc,4,"movie, time, man, mcu, marvel, loki, movies, doom"
pc861ve,4,"movie, time, man, mcu, marvel, loki, movies, doom"
pc86190,4,"movie, time, man, mcu, marvel, loki, movies, doom"
pc8606u,1,"like, just, people, don, know, think, lol, did"
pc85xj3,4,"movie, time, man, mcu, marvel, loki, movies, doom"
pc85wwz,4,"movie, time, man, mcu, marvel, loki, movies, doom"
pc85wfs,4,"movie, time, man, mcu, marvel, loki, movies, doom"
pc85wd3,4,"movie, time, man, mcu, marvel, loki, movies, doom"
pc85vpq,0,"gif, giphy, love, guy, number, op, biggest, bring"
pc85son,4,"movie, time, man, mcu, marvel, loki, movies, doom"
pc85s3b,0,"gif, giphy, love, guy, number, op, biggest, bring"
pc85phs,1,"like, just, people, don, know, think, lol, did"
pc85p0a,4,"movie, time, man, mcu, marvel, loki, movies, doom"
pc85o2t,1,"like, just, people, don, know, think, lol, did"
pc85n8e,1,"like, just, people, don, know, think, lol, did"
pc85lzm,4,"movie, time, man, mcu, marvel, loki, movies, doom"
pc85lmy,4,"movie, time, man, mcu, marvel, loki, movies, doom"
pc85j4x,4,"movie, time, man, mcu, marvel, loki, movies, doom"
pc85hi9,4,"movie, time, man, mcu, marvel, loki, movies, doom"
pc85gq5,4,"movie, time, man, mcu, marvel, loki, movies, doom"
pc85fj6,4,"movie, time, man, mcu, marvel, loki, movies, doom"
pc85e8f,0,"gif, giphy, love, guy, number, op, biggest, bring"
pc85e54,4,"movie, time, man, mcu, marvel, loki, movies, doom"
pc85dj9,0,"gif, giphy, love, guy, number, op, biggest, bring"
pc85d26,4,"movie, time, man, mcu, marvel, loki, movies, doom"
pc85cgi,3,"infinity, vision, imax, scene, scenes, saw, tva, screen"
pc85bm4,0,"gif, giphy, love, guy, number, op, biggest, bring"
pc85be3,4,"movie, time, man, mcu, marvel, loki, movies, doom"
pc85amr,3,"infinity, vision, imax, scene, scenes, saw, tva, screen"
pc85a9c,1,"like, just, people, don, know, think, lol, did"
pc85a3a,4,"movie, time, man, mcu, marvel, loki, movies, doom"
pc859cz,1,"like, just, people, don, know, think, lol, did"
pc857ck,4,"movie, time, man, mcu, marvel, loki, movies, doom"
pc855zk,4,"movie, time, man, mcu, marvel, loki, movies, doom"
pc85628,1,"like, just, people, don, know, think, lol, did"
pc8525z,4,"movie, time, man, mcu, marvel, loki, movies, doom"
pc851js,4,"movie, time, man, mcu, marvel, loki, movies, doom"
pc851dg,4,"movie, time, man, mcu, marvel, loki, movies, doom"
pc85098,1,"like, just, people, don, know, think, lol, did"
pc85049,1,"like, just, people, don, know, think, lol, did"
pc84zr9,4,"movie, time, man, mcu, marvel, loki, movies, doom"
pc84zal,4,"movie, time, man, mcu, marvel, loki, movies, doom"
pc84yd7,1,"like, just, people, don, know, think, lol, did"
pc84w0u,1,"like, just, people, don, know, think, lol, did"
pc84v77,0,"gif, giphy, love, guy, number, op, biggest, bring"
pc84uez,4,"movie, time, man, mcu, marvel, loki, movies, doom"
pc84u4f,4,"movie, time, man, mcu, marvel, loki, movies, doom"
pc84sq9,4,"movie, time, man, mcu, marvel, loki, movies, doom"
pc84sdh,1,"like, just, people, don, know, think, lol, did"
pc84r3e,0,"gif, giphy, love, guy, number, op, biggest, bring"
pc84ob8,4,"movie, time, man, mcu, marvel, loki, movies, doom"
pc84lrn,4,"movie, time, man, mcu, marvel, loki, movies, doom"
pc84jdu,1,"like, just, people, don, know, think, lol, did"
pc84io3,0,"gif, giphy, love, guy, number, op, biggest, bring"
pc84i68,1,"like, just, people, don, know, think, lol, did"
pc84f9u,4,"movie, time, man, mcu, marvel, loki, movies, doom"
pc84dhs,4,"movie, time, man, mcu, marvel, loki, movies, doom"
pc84cq5,1,"like, just, people, don, know, think, lol, did"
pc84ch9,4,"movie, time, man, mcu, marvel, loki, movies, doom"
pc84cbe,0,"gif, giphy, love, guy, number, op, biggest, bring"
pc84ccz,4,"movie, time, man, mcu, marvel, loki, movies, doom"
pc84c50,3,"infinity, vision, imax, scene, scenes, saw, tva, screen"
pc84amz,4,"movie, time, man, mcu, marvel, loki, movies, doom"
pc849xs,4,"movie, time, man, mcu, marvel, loki, movies, doom"
pc848ua,0,"gif, giphy, love, guy, number, op, biggest, bring"
pc844lh,4,"movie, time, man, mcu, marvel, loki, movies, doom"
pc8411h,4,"movie, time, man, mcu, marvel, loki, movies, doom"
pc83zga,4,"movie, time, man, mcu, marvel, loki, movies, doom"
pc83ym4,4,"movie, time, man, mcu, marvel, loki, movies, doom"
pc83xa1,1,"like, just, people, don, know, think, lol, did"
pc83wgc,4,"movie, time, man, mcu, marvel, loki, movies, doom"
pc83wbj,1,"like, just, people, don, know, think, lol, did"
pc83vo8,0,"gif, giphy, love, guy, number, op, biggest, bring"
pc83vch,4,"movie, time, man, mcu, marvel, loki, movies, doom"
pc83v0e,0,"gif, giphy, love, guy, number, op, biggest, bring"
pc83tyl,4,"movie, time, man, mcu, marvel, loki, movies, doom"
pc83s3f,4,"movie, time, man, mcu, marvel, loki, movies, doom"
pc83rfc,4,"movie, time, man, mcu, marvel, loki, movies, doom"
pc83om9,4,"movie, time, man, mcu, marvel, loki, movies, doom"
pc83ogd,1,"like, just, people, don, know, think, lol, did"
pc83n6r,4,"movie, time, man, mcu, marvel, loki, movies, doom"
pc83n46,4,"movie, time, man, mcu, marvel, loki, movies, doom"
pc83mz4,0,"gif, giphy, love, guy, number, op, biggest, bring"
pc83m4r,4,"movie, time, man, mcu, marvel, loki, movies, doom"
pc83k6b,4,"movie, time, man, mcu, marvel, loki, movies, doom"
pc83k7h,4,"movie, time, man, mcu, marvel, loki, movies, doom"
pc83iye,4,"movie, time, man, mcu, marvel, loki, movies, doom"
pc83iqu,4,"movie, time, man, mcu, marvel, loki, movies, doom"
pc83gge,1,"like, just, people, don, know, think, lol, did"
pc83fgo,4,"movie, time, man, mcu, marvel, loki, movies, doom"
pc83f25,4,"movie, time, man, mcu, marvel, loki, movies, doom"
pc83dud,4,"movie, time, man, mcu, marvel, loki, movies, doom"
pc83avf,0,"gif, giphy, love, guy, number, op, biggest, bring"
pc83a8c,1,"like, just, people, don, know, think, lol, did"
pc839cq,4,"movie, time, man, mcu, marvel, loki, movies, doom"
pc836f7,4,"movie, time, man, mcu, marvel, loki, movies, doom"
pc835st,1,"like, just, people, don, know, think, lol, did"
pc834lx,3,"infinity, vision, imax, scene, scenes, saw, tva, screen"
pc830sj,1,"like, just, people, don, know, think, lol, did"
pc830ff,4,"movie, time, man, mcu, marvel, loki, movies, doom"
pc82z2k,4,"movie, time, man, mcu, marvel, loki, movies, doom"
pc82yhl,3,"infinity, vision, imax, scene, scenes, saw, tva, screen"
pc82wat,1,"like, just, people, don, know, think, lol, did"
pc82vmx,1,"like, just, people, don, know, think, lol, did"
pc82v8m,1,"like, just, people, don, know, think, lol, did"
pc82t2c,1,"like, just, people, don, know, think, lol, did"
pc82nm6,4,"movie, time, man, mcu, marvel, loki, movies, doom"
pc82gxb,4,"movie, time, man, mcu, marvel, loki, movies, doom"
pc82fm3,1,"like, just, people, don, know, think, lol, did"
pc82drz,4,"movie, time, man, mcu, marvel, loki, movies, doom"
pc82dh2,1,"like, just, people, don, know, think, lol, did"
pc82ad2,1,"like, just, people, don, know, think, lol, did"
pc82a5o,4,"movie, time, man, mcu, marvel, loki, movies, doom"
pc828k5,4,"movie, time, man, mcu, marvel, loki, movies, doom"
pc825yx,1,"like, just, people, don, know, think, lol, did"
pc825zj,0,"gif, giphy, love, guy, number, op, biggest, bring"
pc824wk,1,"like, just, people, don, know, think, lol, did"
pc823rp,1,"like, just, people, don, know, think, lol, did"
pc822wa,4,"movie, time, man, mcu, marvel, loki, movies, doom"
pc821hq,4,"movie, time, man, mcu, marvel, loki, movies, doom"
pc821jt,4,"movie, time, man, mcu, marvel, loki, movies, doom"
pc821a6,4,"movie, time, man, mcu, marvel, loki, movies, doom"
pc82132,4,"movie, time, man, mcu, marvel, loki, movies, doom"
pc81zpd,4,"movie, time, man, mcu, marvel, loki, movies, doom"
pc81ykl,4,"movie, time, man, mcu, marvel, loki, movies, doom"
pc81xp4,1,"like, just, people, don, know, think, lol, did"
pc81wkk,4,"movie, time, man, mcu, marvel, loki, movies, doom"
pc81w5w,4,"movie, time, man, mcu, marvel, loki, movies, doom"
pc81t0z,1,"like, just, people, don, know, think, lol, did"
pc81qmu,4,"movie, time, man, mcu, marvel, loki, movies, doom"
pc81o1c,1,"like, just, people, don, know, think, lol, did"
pc81m1k,1,"like, just, people, don, know, think, lol, did"
pc81l3h,1,"like, just, people, don, know, think, lol, did"
pc81hqc,3,"infinity, vision, imax, scene, scenes, saw, tva, screen"
pc81gtl,4,"movie, time, man, mcu, marvel, loki, movies, doom"
pc81fyd,4,"movie, time, man, mcu, marvel, loki, movies, doom"
pc81eho,3,"infinity, vision, imax, scene, scenes, saw, tva, screen"
pc81d7b,2,"yes, doomsday, oh, pretty, say, comics, absolutely, better"
pc81beb,0,"gif, giphy, love, guy, number, op, biggest, bring"
pc81a25,4,"movie, time, man, mcu, marvel, loki, movies, doom"
pc81a27,4,"movie, time, man, mcu, marvel, loki, movies, doom"
pc81947,0,"gif, giphy, love, guy, number, op, biggest, bring"
pc813m3,4,"movie, time, man, mcu, marvel, loki, movies, doom"
pc811d1,0,"gif, giphy, love, guy, number, op, biggest, bring"
pc8112h,4,"movie, time, man, mcu, marvel, loki, movies, doom"
pc810nw,0,"gif, giphy, love, guy, number, op, biggest, bring"
pc80zxo,4,"movie, time, man, mcu, marvel, loki, movies, doom"
pc80zhj,3,"infinity, vision, imax, scene, scenes, saw, tva, screen"
pc80zgp,1,"like, just, people, don, know, think, lol, did"
pc80yoe,4,"movie, time, man, mcu, marvel, loki, movies, doom"
pc80xe5,4,"movie, time, man, mcu, marvel, loki, movies, doom"
pc80wnp,4,"movie, time, man, mcu, marvel, loki, movies, doom"
pc80w9s,4,"movie, time, man, mcu, marvel, loki, movies, doom"
pc80u2v,4,"movie, time, man, mcu, marvel, loki, movies, doom"
pc80thj,4,"movie, time, man, mcu, marvel, loki, movies, doom"
pc80snm,0,"gif, giphy, love, guy, number, op, biggest, bring"
pc80sa0,1,"like, just, people, don, know, think, lol, did"
pc80s6j,0,"gif, giphy, love, guy, number, op, biggest, bring"
pc80rln,4,"movie, time, man, mcu, marvel, loki, movies, doom"
pc80nhw,4,"movie, time, man, mcu, marvel, loki, movies, doom"
pc80mmv,4,"movie, time, man, mcu, marvel, loki, movies, doom"
pc80lik,1,"like, just, people, don, know, think, lol, did"
pc80l3g,4,"movie, time, man, mcu, marvel, loki, movies, doom"
pc80j4z,4,"movie, time, man, mcu, marvel, loki, movies, doom"
pc80h5i,0,"gif, giphy, love, guy, number, op, biggest, bring"
pc80gj1,1,"like, just, people, don, know, think, lol, did"
pc80ftx,4,"movie, time, man, mcu, marvel, loki, movies, doom"
pc80f0o,4,"movie, time, man, mcu, marvel, loki, movies, doom"
pc80dn9,1,"like, just, people, don, know, think, lol, did"
pc80d3f,4,"movie, time, man, mcu, marvel, loki, movies, doom"
pc80cn9,2,"yes, doomsday, oh, pretty, say, comics, absolutely, better"
pc80ccw,4,"movie, time, man, mcu, marvel, loki, movies, doom"
pc80cd0,4,"movie, time, man, mcu, marvel, loki, movies, doom"
pc80c6c,4,"movie, time, man, mcu, marvel, loki, movies, doom"
pc80auv,4,"movie, time, man, mcu, marvel, loki, movies, doom"
pc809hp,4,"movie, time, man, mcu, marvel, loki, movies, doom"
pc807bn,4,"movie, time, man, mcu, marvel, loki, movies, doom"
pc8026p,4,"movie, time, man, mcu, marvel, loki, movies, doom"
pc8001z,4,"movie, time, man, mcu, marvel, loki, movies, doom"
pc7zyf9,3,"infinity, vision, imax, scene, scenes, saw, tva, screen"
pc7zyc8,4,"movie, time, man, mcu, marvel, loki, movies, doom"
pc7zwq9,3,"infinity, vision, imax, scene, scenes, saw, tva, screen"
pc7zw8a,4,"movie, time, man, mcu, marvel, loki, movies, doom"
pc7zuoi,4,"movie, time, man, mcu, marvel, loki, movies, doom"
pc7zu5z,4,"movie, time, man, mcu, marvel, loki, movies, doom"
pc7zu0u,0,"gif, giphy, love, guy, number, op, biggest, bring"
pc7ztf1,0,"gif, giphy, love, guy, number, op, biggest, bring"
pc7znff,1,"like, just, people, don, know, think, lol, did"
pc7zn1o,4,"movie, time, man, mcu, marvel, loki, movies, doom"
pc7zlop,3,"infinity, vision, imax, scene, scenes, saw, tva, screen"
pc7zknu,4,"movie, time, man, mcu, marvel, loki, movies, doom"
pc7zifd,1,"like, just, people, don, know, think, lol, did"
pc7zi6l,4,"movie, time, man, mcu, marvel, loki, movies, doom"
pc7zgbr,4,"movie, time, man, mcu, marvel, loki, movies, doom"
pc7zf04,0,"gif, giphy, love, guy, number, op, biggest, bring"
pc7zenl,4,"movie, time, man, mcu, marvel, loki, movies, doom"
pc7zeql,4,"movie, time, man, mcu, marvel, loki, movies, doom"
pc7zeha,4,"movie, time, man, mcu, marvel, loki, movies, doom"
pc7zdn4,1,"like, just, people, don, know, think, lol, did"
pc7zdnt,4,"movie, time, man, mcu, marvel, loki, movies, doom"
pc7zdb5,1,"like, just, people, don, know, think, lol, did"
pc7zcmu,2,"yes, doomsday, oh, pretty, say, comics, absolutely, better"
pc7zark,4,"movie, time, man, mcu, marvel, loki, movies, doom"
pc7za4p,2,"yes, doomsday, oh, pretty, say, comics, absolutely, better"
pc7z9is,3,"infinity, vision, imax, scene, scenes, saw, tva, screen"
pc7z8mw,4,"movie, time, man, mcu, marvel, loki, movies, doom"
pc7z8ng,1,"like, just, people, don, know, think, lol, did"
pc7z6ah,0,"gif, giphy, love, guy, number, op, biggest, bring"
pc7z5qk,4,"movie, time, man, mcu, marvel, loki, movies, doom"
pc7z4hx,0,"gif, giphy, love, guy, number, op, biggest, bring"
pc7z3u3,4,"movie, time, man, mcu, marvel, loki, movies, doom"
pc7z39t,4,"movie, time, man, mcu, marvel, loki, movies, doom"
pc7yzgl,4,"movie, time, man, mcu, marvel, loki, movies, doom"
pc7yyqc,0,"gif, giphy, love, guy, number, op, biggest, bring"
pc7yyle,4,"movie, time, man, mcu, marvel, loki, movies, doom"
pc7yymm,4,"movie, time, man, mcu, marvel, loki, movies, doom"
pc7yy4r,4,"movie, time, man, mcu, marvel, loki, movies, doom"
pc7ywzh,1,"like, just, people, don, know, think, lol, did"
pc7ywp7,1,"like, just, people, don, know, think, lol, did"
pc7yvzi,1,"like, just, people, don, know, think, lol, did"
pc7yv3l,3,"infinity, vision, imax, scene, scenes, saw, tva, screen"
pc7yue0,4,"movie, time, man, mcu, marvel, loki, movies, doom"
pc7ytp2,0,"gif, giphy, love, guy, number, op, biggest, bring"
pc7yqxf,0,"gif, giphy, love, guy, number, op, biggest, bring"
pc7yqlg,1,"like, just, people, don, know, think, lol, did"
pc7ypq6,4,"movie, time, man, mcu, marvel, loki, movies, doom"
pc7yo78,1,"like, just, people, don, know, think, lol, did"
pc7ylv9,4,"movie, time, man, mcu, marvel, loki, movies, doom"
pc7ylf3,4,"movie, time, man, mcu, marvel, loki, movies, doom"
pc7ykwz,4,"movie, time, man, mcu, marvel, loki, movies, doom"
pc7ykh8,4,"movie, time, man, mcu, marvel, loki, movies, doom"
pc7yidi,4,"movie, time, man, mcu, marvel, loki, movies, doom"
pc7yi15,1,"like, just, people, don, know, think, lol, did"
pc7ygmu,4,"movie, time, man, mcu, marvel, loki, movies, doom"
pc7yef6,4,"movie, time, man, mcu, marvel, loki, movies, doom"
pc7ydjz,4,"movie, time, man, mcu, marvel, loki, movies, doom"
pc7yccv,4,"movie, time, man, mcu, marvel, loki, movies, doom"
pc7yba0,1,"like, just, people, don, know, think, lol, did"
pc7ybbw,1,"like, just, people, don, know, think, lol, did"
pc7y8jt,1,"like, just, people, don, know, think, lol, did"
pc7y8bs,4,"movie, time, man, mcu, marvel, loki, movies, doom"
pc7y8en,1,"like, just, people, don, know, think, lol, did"
pc7y51b,4,"movie, time, man, mcu, marvel, loki, movies, doom"
pc7y42p,4,"movie, time, man, mcu, marvel, loki, movies, doom"
pc7y3vt,2,"yes, doomsday, oh, pretty, say, comics, absolutely, better"
pc7y3r7,4,"movie, time, man, mcu, marvel, loki, movies, doom"
pc7y3nb,4,"movie, time, man, mcu, marvel, loki, movies, doom"
pc7y1y1,1,"like, just, people, don, know, think, lol, did"
pc7y1yu,4,"movie, time, man, mcu, marvel, loki, movies, doom"
pc7y20z,4,"movie, time, man, mcu, marvel, loki, movies, doom"
pc7y1pm,1,"like, just, people, don, know, think, lol, did"
pc7xz63,1,"like, just, people, don, know, think, lol, did"
pc7xz74,2,"yes, doomsday, oh, pretty, say, comics, absolutely, better"
pc7xyiv,4,"movie, time, man, mcu, marvel, loki, movies, doom"
pc7xxqn,4,"movie, time, man, mcu, marvel, loki, movies, doom"
pc7xx0w,4,"movie, time, man, mcu, marvel, loki, movies, doom"
pc7xwy6,4,"movie, time, man, mcu, marvel, loki, movies, doom"
pc7xwdb,4,"movie, time, man, mcu, marvel, loki, movies, doom"
pc7xtay,4,"movie, time, man, mcu, marvel, loki, movies, doom"
pc7xry1,4,"movie, time, man, mcu, marvel, loki, movies, doom"
pc7xrh2,4,"movie, time, man, mcu, marvel, loki, movies, doom"
pc7xr12,0,"gif, giphy, love, guy, number, op, biggest, bring"
pc7xqnx,4,"movie, time, man, mcu, marvel, loki, movies, doom"
pc7xpev,0,"gif, giphy, love, guy, number, op, biggest, bring"
pc7xo31,4,"movie, time, man, mcu, marvel, loki, movies, doom"
pc7xmds,0,"gif, giphy, love, guy, number, op, biggest, bring"
pc7xkeu,4,"movie, time, man, mcu, marvel, loki, movies, doom"
pc7xj6j,4,"movie, time, man, mcu, marvel, loki, movies, doom"
pc7xj30,1,"like, just, people, don, know, think, lol, did"
pc7xizn,4,"movie, time, man, mcu, marvel, loki, movies, doom"
pc7xipf,1,"like, just, people, don, know, think, lol, did"
pc7xh7z,4,"movie, time, man, mcu, marvel, loki, movies, doom"
pc7xgy1,4,"movie, time, man, mcu, marvel, loki, movies, doom"
pc7xger,1,"like, just, people, don, know, think, lol, did"
pc7xgas,4,"movie, time, man, mcu, marvel, loki, movies, doom"
pc7xfas,4,"movie, time, man, mcu, marvel, loki, movies, doom"
pc7xen8,4,"movie, time, man, mcu, marvel, loki, movies, doom"
pc7xe87,0,"gif, giphy, love, guy, number, op, biggest, bring"
pc7xe2p,1,"like, just, people, don, know, think, lol, did"
pc7xcqa,1,"like, just, people, don, know, think, lol, did"
pc7xak2,0,"gif, giphy, love, guy, number, op, biggest, bring"
pc7x98d,0,"gif, giphy, love, guy, number, op, biggest, bring"
pc7x84c,4,"movie, time, man, mcu, marvel, loki, movies, doom"
pc7x7kh,4,"movie, time, man, mcu, marvel, loki, movies, doom"
pc7x6u5,4,"movie, time, man, mcu, marvel, loki, movies, doom"
pc7x6e6,4,"movie, time, man, mcu, marvel, loki, movies, doom"
pc7x5ph,4,"movie, time, man, mcu, marvel, loki, movies, doom"
pc7x5qo,4,"movie, time, man, mcu, marvel, loki, movies, doom"
pc7x0vf,4,"movie, time, man, mcu, marvel, loki, movies, doom"
pc7wuf2,4,"movie, time, man, mcu, marvel, loki, movies, doom"
pc7wssz,2,"yes, doomsday, oh, pretty, say, comics, absolutely, better"
pc7wr5z,1,"like, just, people, don, know, think, lol, did"
pc7wr6u,4,"movie, time, man, mcu, marvel, loki, movies, doom"
pc7wqlp,1,"like, just, people, don, know, think, lol, did"
pc7wohs,4,"movie, time, man, mcu, marvel, loki, movies, doom"
pc7wnqd,4,"movie, time, man, mcu, marvel, loki, movies, doom"
pc7wncx,4,"movie, time, man, mcu, marvel, loki, movies, doom"
pc7wkf4,1,"like, just, people, don, know, think, lol, did"
pc7wjo0,4,"movie, time, man, mcu, marvel, loki, movies, doom"
pc7wjf5,1,"like, just, people, don, know, think, lol, did"
pc7whqm,4,"movie, time, man, mcu, marvel, loki, movies, doom"
pc7wgzq,1,"like, just, people, don, know, think, lol, did"
pc7wet6,4,"movie, time, man, mcu, marvel, loki, movies, doom"
pc7wcrb,1,"like, just, people, don, know, think, lol, did"
pc7w5kg,1,"like, just, people, don, know, think, lol, did"
pc7w5g7,4,"movie, time, man, mcu, marvel, loki, movies, doom"
pc7w0f0,0,"gif, giphy, love, guy, number, op, biggest, bring"
pc7vxjv,4,"movie, time, man, mcu, marvel, loki, movies, doom"
pc7vvez,4,"movie, time, man, mcu, marvel, loki, movies, doom"
pc7vv4b,3,"infinity, vision, imax, scene, scenes, saw, tva, screen"
pc7vtst,3,"infinity, vision, imax, scene, scenes, saw, tva, screen"
pc7vryk,4,"movie, time, man, mcu, marvel, loki, movies, doom"
pc7vrou,4,"movie, time, man, mcu, marvel, loki, movies, doom"
pc7vqty,3,"infinity, vision, imax, scene, scenes, saw, tva, screen"
pc7vpim,0,"gif, giphy, love, guy, number, op, biggest, bring"
pc7vo2s,1,"like, just, people, don, know, think, lol, did"
pc7vjr8,3,"infinity, vision, imax, scene, scenes, saw, tva, screen"
pc7vgbh,4,"movie, time, man, mcu, marvel, loki, movies, doom"
pc7va02,4,"movie, time, man, mcu, marvel, loki, movies, doom"
pc7v8nh,4,"movie, time, man, mcu, marvel, loki, movies, doom"
pc7v8f8,1,"like, just, people, don, know, think, lol, did"
pc7v87v,3,"infinity, vision, imax, scene, scenes, saw, tva, screen"
pc7v7qu,1,"like, just, people, don, know, think, lol, did"
pc7v7h9,4,"movie, time, man, mcu, marvel, loki, movies, doom"
pc7v5ig,4,"movie, time, man, mcu, marvel, loki, movies, doom"
pc7v4n2,3,"infinity, vision, imax, scene, scenes, saw, tva, screen"
pc7v46t,4,"movie, time, man, mcu, marvel, loki, movies, doom"
pc7v1ei,1,"like, just, people, don, know, think, lol, did"
pc7v10d,4,"movie, time, man, mcu, marvel, loki, movies, doom"
pc7uzu4,4,"movie, time, man, mcu, marvel, loki, movies, doom"
pc7uye0,4,"movie, time, man, mcu, marvel, loki, movies, doom"
pc7uya4,0,"gif, giphy, love, guy, number, op, biggest, bring"
pc7uy4k,1,"like, just, people, don, know, think, lol, did"
pc7uwnl,4,"movie, time, man, mcu, marvel, loki, movies, doom"
pc7uvyy,1,"like, just, people, don, know, think, lol, did"
pc7ut1l,4,"movie, time, man, mcu, marvel, loki, movies, doom"
pc7upim,4,"movie, time, man, mcu, marvel, loki, movies, doom"
pc7up5t,1,"like, just, people, don, know, think, lol, did"
pc7uoy3,4,"movie, time, man, mcu, marvel, loki, movies, doom"
pc7unlt,1,"like, just, people, don, know, think, lol, did"
pc7un4z,1,"like, just, people, don, know, think, lol, did"
pc7um21,1,"like, just, people, don, know, think, lol, did"
pc7ujww,4,"movie, time, man, mcu, marvel, loki, movies, doom"
pc7ujsv,4,"movie, time, man, mcu, marvel, loki, movies, doom"
pc7ujor,4,"movie, time, man, mcu, marvel, loki, movies, doom"
pc7uj7o,4,"movie, time, man, mcu, marvel, loki, movies, doom"
pc7ug0o,0,"gif, giphy, love, guy, number, op, biggest, bring"
pc7uf28,4,"movie, time, man, mcu, marvel, loki, movies, doom"
pc7uduq,0,"gif, giphy, love, guy, number, op, biggest, bring"
pc7udvl,1,"like, just, people, don, know, think, lol, did"
pc7uafs,0,"gif, giphy, love, guy, number, op, biggest, bring"
pc7ua19,4,"movie, time, man, mcu, marvel, loki, movies, doom"
pc7u87r,1,"like, just, people, don, know, think, lol, did"
pc7u3py,0,"gif, giphy, love, guy, number, op, biggest, bring"
pc7u2rg,1,"like, just, people, don, know, think, lol, did"
pc7u20o,4,"movie, time, man, mcu, marvel, loki, movies, doom"
pc7u01v,1,"like, just, people, don, know, think, lol, did"
pc7u036,1,"like, just, people, don, know, think, lol, did"
pc7txbr,1,"like, just, people, don, know, think, lol, did"
pc7tx7p,4,"movie, time, man, mcu, marvel, loki, movies, doom"
pc7twg0,3,"infinity, vision, imax, scene, scenes, saw, tva, screen"
pc7tvzm,1,"like, just, people, don, know, think, lol, did"
pc7tvk7,1,"like, just, people, don, know, think, lol, did"
pc7tvct,4,"movie, time, man, mcu, marvel, loki, movies, doom"
pc7tupw,4,"movie, time, man, mcu, marvel, loki, movies, doom"
pc7ttfv,4,"movie, time, man, mcu, marvel, loki, movies, doom"
pc7tt1w,0,"gif, giphy, love, guy, number, op, biggest, bring"
pc7tt4u,4,"movie, time, man, mcu, marvel, loki, movies, doom"
pc7tqu4,4,"movie, time, man, mcu, marvel, loki, movies, doom"
pc7tkaz,1,"like, just, people, don, know, think, lol, did"
pc7tj7f,1,"like, just, people, don, know, think, lol, did"
pc7tfyb,4,"movie, time, man, mcu, marvel, loki, movies, doom"
pc7tfu0,4,"movie, time, man, mcu, marvel, loki, movies, doom"
pc7teoh,0,"gif, giphy, love, guy, number, op, biggest, bring"
pc7tdyg,4,"movie, time, man, mcu, marvel, loki, movies, doom"
pc7tbcx,1,"like, just, people, don, know, think, lol, did"
pc7tad7,4,"movie, time, man, mcu, marvel, loki, movies, doom"
pc7t6yw,1,"like, just, people, don, know, think, lol, did"
pc7t5s5,4,"movie, time, man, mcu, marvel, loki, movies, doom"
pc7t3li,4,"movie, time, man, mcu, marvel, loki, movies, doom"
pc7t24y,4,"movie, time, man, mcu, marvel, loki, movies, doom"
pc7t181,0,"gif, giphy, love, guy, number, op, biggest, bring"
pc7syk8,4,"movie, time, man, mcu, marvel, loki, movies, doom"
pc7sxh6,4,"movie, time, man, mcu, marvel, loki, movies, doom"
pc7sx9u,4,"movie, time, man, mcu, marvel, loki, movies, doom"
pc7sw26,1,"like, just, people, don, know, think, lol, did"
pc7svjp,4,"movie, time, man, mcu, marvel, loki, movies, doom"
pc7suxl,4,"movie, time, man, mcu, marvel, loki, movies, doom"
pc7sugl,1,"like, just, people, don, know, think, lol, did"
pc7su37,4,"movie, time, man, mcu, marvel, loki, movies, doom"
pc7sqi4,4,"movie, time, man, mcu, marvel, loki, movies, doom"
pc7sq1y,4,"movie, time, man, mcu, marvel, loki, movies, doom"
pc7spiu,4,"movie, time, man, mcu, marvel, loki, movies, doom"
pc7sp9i,1,"like, just, people, don, know, think, lol, did"
pc7sp47,1,"like, just, people, don, know, think, lol, did"
pc7so6p,4,"movie, time, man, mcu, marvel, loki, movies, doom"
pc7snsd,4,"movie, time, man, mcu, marvel, loki, movies, doom"
pc7snt9,4,"movie, time, man, mcu, marvel, loki, movies, doom"
pc7smhz,4,"movie, time, man, mcu, marvel, loki, movies, doom"
pc7sk49,4,"movie, time, man, mcu, marvel, loki, movies, doom"
pc7sjvj,4,"movie, time, man, mcu, marvel, loki, movies, doom"
pc7sge8,0,"gif, giphy, love, guy, number, op, biggest, bring"
pc7sg4c,4,"movie, time, man, mcu, marvel, loki, movies, doom"
pc7sedp,0,"gif, giphy, love, guy, number, op, biggest, bring"
pc7scec,4,"movie, time, man, mcu, marvel, loki, movies, doom"
pc7sc0n,3,"infinity, vision, imax, scene, scenes, saw, tva, screen"
pc7sa9a,4,"movie, time, man, mcu, marvel, loki, movies, doom"
pc7sa2g,0,"gif, giphy, love, guy, number, op, biggest, bring"
pc7s8sx,3,"infinity, vision, imax, scene, scenes, saw, tva, screen"
pc7s8ve,1,"like, just, people, don, know, think, lol, did"
pc7s87n,4,"movie, time, man, mcu, marvel, loki, movies, doom"
pc7s7q5,1,"like, just, people, don, know, think, lol, did"
pc7s7bp,4,"movie, time, man, mcu, marvel, loki, movies, doom"
pc7s6zp,1,"like, just, people, don, know, think, lol, did"
pc7s4gl,4,"movie, time, man, mcu, marvel, loki, movies, doom"
pc7s3uz,4,"movie, time, man, mcu, marvel, loki, movies, doom"
pc7s26c,4,"movie, time, man, mcu, marvel, loki, movies, doom"
pc7s21y,1,"like, just, people, don, know, think, lol, did"
pc7s1d5,4,"movie, time, man, mcu, marvel, loki, movies, doom"
pc7s0vc,4,"movie, time, man, mcu, marvel, loki, movies, doom"
pc7s0ki,0,"gif, giphy, love, guy, number, op, biggest, bring"
pc7rzwd,1,"like, just, people, don, know, think, lol, did"
pc7rzc8,4,"movie, time, man, mcu, marvel, loki, movies, doom"
pc7rxmy,1,"like, just, people, don, know, think, lol, did"
pc7rwqc,4,"movie, time, man, mcu, marvel, loki, movies, doom"
pc7rs4e,0,"gif, giphy, love, guy, number, op, biggest, bring"
pc7rmkr,4,"movie, time, man, mcu, marvel, loki, movies, doom"
pc7rm6j,4,"movie, time, man, mcu, marvel, loki, movies, doom"
pc7rltn,4,"movie, time, man, mcu, marvel, loki, movies, doom"
pc7rk07,0,"gif, giphy, love, guy, number, op, biggest, bring"
pc7rj49,4,"movie, time, man, mcu, marvel, loki, movies, doom"
pc7riqq,1,"like, just, people, don, know, think, lol, did"
pc7ri5o,4,"movie, time, man, mcu, marvel, loki, movies, doom"
pc7rhav,1,"like, just, people, don, know, think, lol, did"
pc7rg4j,4,"movie, time, man, mcu, marvel, loki, movies, doom"
pc7re8z,4,"movie, time, man, mcu, marvel, loki, movies, doom"
pc7rblk,4,"movie, time, man, mcu, marvel, loki, movies, doom"
pc7raw7,4,"movie, time, man, mcu, marvel, loki, movies, doom"
pc7r8fy,0,"gif, giphy, love, guy, number, op, biggest, bring"
pc7r7gw,1,"like, just, people, don, know, think, lol, did"
pc7r7gg,4,"movie, time, man, mcu, marvel, loki, movies, doom"
pc7r741,4,"movie, time, man, mcu, marvel, loki, movies, doom"
pc7r6wd,3,"infinity, vision, imax, scene, scenes, saw, tva, screen"
pc7r4d7,1,"like, just, people, don, know, think, lol, did"
pc7r3k6,3,"infinity, vision, imax, scene, scenes, saw, tva, screen"
pc7r27p,4,"movie, time, man, mcu, marvel, loki, movies, doom"
pc7r1hp,1,"like, just, people, don, know, think, lol, did"
pc7r0et,4,"movie, time, man, mcu, marvel, loki, movies, doom"
pc7r05h,4,"movie, time, man, mcu, marvel, loki, movies, doom"
pc7r07o,4,"movie, time, man, mcu, marvel, loki, movies, doom"
pc7qz8i,0,"gif, giphy, love, guy, number, op, biggest, bring"
pc7qwuv,4,"movie, time, man, mcu, marvel, loki, movies, doom"
pc7qwb6,0,"gif, giphy, love, guy, number, op, biggest, bring"
pc7qvvt,3,"infinity, vision, imax, scene, scenes, saw, tva, screen"
pc7qpux,4,"movie, time, man, mcu, marvel, loki, movies, doom"
pc7qoag,1,"like, just, people, don, know, think, lol, did"
pc7qntb,4,"movie, time, man, mcu, marvel, loki, movies, doom"
pc7qm19,1,"like, just, people, don, know, think, lol, did"
pc7qlkt,4,"movie, time, man, mcu, marvel, loki, movies, doom"
pc7qjtj,4,"movie, time, man, mcu, marvel, loki, movies, doom"
pc7qj8m,1,"like, just, people, don, know, think, lol, did"
pc7qiqc,1,"like, just, people, don, know, think, lol, did"
pc7qhe3,4,"movie, time, man, mcu, marvel, loki, movies, doom"
pc7qgtl,1,"like, just, people, don, know, think, lol, did"
pc7qgoa,3,"infinity, vision, imax, scene, scenes, saw, tva, screen"
pc7qge0,4,"movie, time, man, mcu, marvel, loki, movies, doom"
pc7qfbr,4,"movie, time, man, mcu, marvel, loki, movies, doom"
pc7qejt,4,"movie, time, man, mcu, marvel, loki, movies, doom"
pc7qcwc,3,"infinity, vision, imax, scene, scenes, saw, tva, screen"
pc7qbtt,4,"movie, time, man, mcu, marvel, loki, movies, doom"
pc7q9q8,1,"like, just, people, don, know, think, lol, did"
pc7q9ic,0,"gif, giphy, love, guy, number, op, biggest, bring"
pc7q8iw,1,"like, just, people, don, know, think, lol, did"
pc7q87i,0,"gif, giphy, love, guy, number, op, biggest, bring"
pc7q7kz,4,"movie, time, man, mcu, marvel, loki, movies, doom"
pc7q72w,4,"movie, time, man, mcu, marvel, loki, movies, doom"
pc7q50d,0,"gif, giphy, love, guy, number, op, biggest, bring"
pc7q4lz,4,"movie, time, man, mcu, marvel, loki, movies, doom"
pc7q4om,4,"movie, time, man, mcu, marvel, loki, movies, doom"
pc7q374,0,"gif, giphy, love, guy, number, op, biggest, bring"
pc7q2sj,0,"gif, giphy, love, guy, number, op, biggest, bring"
pc7q1rk,1,"like, just, people, don, know, think, lol, did"
pc7q0z8,1,"like, just, people, don, know, think, lol, did"
pc7q10v,1,"like, just, people, don, know, think, lol, did"
pc7q0he,4,"movie, time, man, mcu, marvel, loki, movies, doom"
pc7pywo,4,"movie, time, man, mcu, marvel, loki, movies, doom"
pc7pyym,0,"gif, giphy, love, guy, number, op, biggest, bring"
