id,topic_id,topic_words
pcinhp2,0,"like, just, don, people, think, really, know, make"
pcindnw,1,"hal, john, ring, lantern, green, sinestro, jordan, episode"
pcin9p7,1,"hal, john, ring, lantern, green, sinestro, jordan, episode"
pcin8bz,0,"like, just, don, people, think, really, know, make"
pcin862,1,"hal, john, ring, lantern, green, sinestro, jordan, episode"
pcin79a,1,"hal, john, ring, lantern, green, sinestro, jordan, episode"
pcin0q7,1,"hal, john, ring, lantern, green, sinestro, jordan, episode"
pcimzbs,0,"like, just, don, people, think, really, know, make"
pcimxwz,3,"batman, superman, dcu, reeves, want, universe, gunn, dc"
pcimqp1,1,"hal, john, ring, lantern, green, sinestro, jordan, episode"
pcimpis,0,"like, just, don, people, think, really, know, make"
pcimnj0,0,"like, just, don, people, think, really, know, make"
pcimhxx,1,"hal, john, ring, lantern, green, sinestro, jordan, episode"
pcimh6c,1,"hal, john, ring, lantern, green, sinestro, jordan, episode"
pcimf2x,0,"like, just, don, people, think, really, know, make"
pcim877,3,"batman, superman, dcu, reeves, want, universe, gunn, dc"
pcim3do,1,"hal, john, ring, lantern, green, sinestro, jordan, episode"
pcim17g,1,"hal, john, ring, lantern, green, sinestro, jordan, episode"
pcilzw5,0,"like, just, don, people, think, really, know, make"
pcilzho,4,"good, movies, wonder, woman, wasn, looks, pretty, gal"
pcilx8j,0,"like, just, don, people, think, really, know, make"
pcilur0,1,"hal, john, ring, lantern, green, sinestro, jordan, episode"
pcilsmx,0,"like, just, don, people, think, really, know, make"
pcilsda,0,"like, just, don, people, think, really, know, make"
pcillhj,0,"like, just, don, people, think, really, know, make"
pcili88,1,"hal, john, ring, lantern, green, sinestro, jordan, episode"
pcildzr,1,"hal, john, ring, lantern, green, sinestro, jordan, episode"
pcilabc,0,"like, just, don, people, think, really, know, make"
pcil943,1,"hal, john, ring, lantern, green, sinestro, jordan, episode"
pcil69d,4,"good, movies, wonder, woman, wasn, looks, pretty, gal"
pcikz6x,1,"hal, john, ring, lantern, green, sinestro, jordan, episode"
pcikyta,0,"like, just, don, people, think, really, know, make"
pcikway,0,"like, just, don, people, think, really, know, make"
pcikvgc,1,"hal, john, ring, lantern, green, sinestro, jordan, episode"
pcikv9x,0,"like, just, don, people, think, really, know, make"
pcikpi1,1,"hal, john, ring, lantern, green, sinestro, jordan, episode"
pcikmci,1,"hal, john, ring, lantern, green, sinestro, jordan, episode"
pcikm9d,1,"hal, john, ring, lantern, green, sinestro, jordan, episode"
pcikfgv,0,"like, just, don, people, think, really, know, make"
pcikd1m,1,"hal, john, ring, lantern, green, sinestro, jordan, episode"
pcikc2t,1,"hal, john, ring, lantern, green, sinestro, jordan, episode"
pcikblf,0,"like, just, don, people, think, really, know, make"
pcikb4l,0,"like, just, don, people, think, really, know, make"
pcik9vy,1,"hal, john, ring, lantern, green, sinestro, jordan, episode"
pcik5qz,0,"like, just, don, people, think, really, know, make"
pcik2wc,1,"hal, john, ring, lantern, green, sinestro, jordan, episode"
pcik2py,1,"hal, john, ring, lantern, green, sinestro, jordan, episode"
pcijil1,1,"hal, john, ring, lantern, green, sinestro, jordan, episode"
pcija34,1,"hal, john, ring, lantern, green, sinestro, jordan, episode"
pcij90z,1,"hal, john, ring, lantern, green, sinestro, jordan, episode"
pcij8pu,0,"like, just, don, people, think, really, know, make"
pcij8hv,0,"like, just, don, people, think, really, know, make"
pciiyo3,3,"batman, superman, dcu, reeves, want, universe, gunn, dc"
pciivyi,2,"movie, bad, superman, supergirl, best, great, wonder, gunn"
pciiv6r,3,"batman, superman, dcu, reeves, want, universe, gunn, dc"
pciirmj,0,"like, just, don, people, think, really, know, make"
pciiory,0,"like, just, don, people, think, really, know, make"
pciim9z,0,"like, just, don, people, think, really, know, make"
pciij8t,1,"hal, john, ring, lantern, green, sinestro, jordan, episode"
pciign8,0,"like, just, don, people, think, really, know, make"
pciieyr,1,"hal, john, ring, lantern, green, sinestro, jordan, episode"
pciievi,1,"hal, john, ring, lantern, green, sinestro, jordan, episode"
pciie3j,0,"like, just, don, people, think, really, know, make"
pciie0b,0,"like, just, don, people, think, really, know, make"
pciibil,1,"hal, john, ring, lantern, green, sinestro, jordan, episode"
pcii9cb,4,"good, movies, wonder, woman, wasn, looks, pretty, gal"
pcii8e6,0,"like, just, don, people, think, really, know, make"
pcii7qr,4,"good, movies, wonder, woman, wasn, looks, pretty, gal"
pcii4d3,0,"like, just, don, people, think, really, know, make"
pcii12v,0,"like, just, don, people, think, really, know, make"
pcihzf8,0,"like, just, don, people, think, really, know, make"
pcihvkf,1,"hal, john, ring, lantern, green, sinestro, jordan, episode"
pcihtn5,1,"hal, john, ring, lantern, green, sinestro, jordan, episode"
pcihtbv,2,"movie, bad, superman, supergirl, best, great, wonder, gunn"
pcihr7h,3,"batman, superman, dcu, reeves, want, universe, gunn, dc"
pcihqmu,1,"hal, john, ring, lantern, green, sinestro, jordan, episode"
pcihf48,0,"like, just, don, people, think, really, know, make"
pcihasg,0,"like, just, don, people, think, really, know, make"
pcihakd,1,"hal, john, ring, lantern, green, sinestro, jordan, episode"
pcih9o0,2,"movie, bad, superman, supergirl, best, great, wonder, gunn"
pcih8f1,1,"hal, john, ring, lantern, green, sinestro, jordan, episode"
pcih41a,0,"like, just, don, people, think, really, know, make"
pcih078,1,"hal, john, ring, lantern, green, sinestro, jordan, episode"
pcigwq3,0,"like, just, don, people, think, really, know, make"
pcigt7m,1,"hal, john, ring, lantern, green, sinestro, jordan, episode"
pcigras,0,"like, just, don, people, think, really, know, make"
pcigr7p,0,"like, just, don, people, think, really, know, make"
pcigqeu,0,"like, just, don, people, think, really, know, make"
pcigmhg,1,"hal, john, ring, lantern, green, sinestro, jordan, episode"
pcigkls,0,"like, just, don, people, think, really, know, make"
pcigjt2,1,"hal, john, ring, lantern, green, sinestro, jordan, episode"
pcigicq,0,"like, just, don, people, think, really, know, make"
pciggzq,1,"hal, john, ring, lantern, green, sinestro, jordan, episode"
pcigdyi,0,"like, just, don, people, think, really, know, make"
pcig5y4,1,"hal, john, ring, lantern, green, sinestro, jordan, episode"
pcig5gp,1,"hal, john, ring, lantern, green, sinestro, jordan, episode"
pcig4bp,2,"movie, bad, superman, supergirl, best, great, wonder, gunn"
pcig3kd,0,"like, just, don, people, think, really, know, make"
pcig2ou,1,"hal, john, ring, lantern, green, sinestro, jordan, episode"
pcig1uk,4,"good, movies, wonder, woman, wasn, looks, pretty, gal"
pcig0h2,0,"like, just, don, people, think, really, know, make"
pcify1s,2,"movie, bad, superman, supergirl, best, great, wonder, gunn"
pcifw8h,1,"hal, john, ring, lantern, green, sinestro, jordan, episode"
pcifvw6,1,"hal, john, ring, lantern, green, sinestro, jordan, episode"
pcifvbs,0,"like, just, don, people, think, really, know, make"
pcifre9,1,"hal, john, ring, lantern, green, sinestro, jordan, episode"
pcifopn,0,"like, just, don, people, think, really, know, make"
pcifmc7,1,"hal, john, ring, lantern, green, sinestro, jordan, episode"
pcifirk,1,"hal, john, ring, lantern, green, sinestro, jordan, episode"
pciffzl,0,"like, just, don, people, think, really, know, make"
pcifeql,0,"like, just, don, people, think, really, know, make"
pcife53,1,"hal, john, ring, lantern, green, sinestro, jordan, episode"
pcifd2o,0,"like, just, don, people, think, really, know, make"
pcifb60,3,"batman, superman, dcu, reeves, want, universe, gunn, dc"
pcifb02,1,"hal, john, ring, lantern, green, sinestro, jordan, episode"
pcif2kr,1,"hal, john, ring, lantern, green, sinestro, jordan, episode"
pciezuk,3,"batman, superman, dcu, reeves, want, universe, gunn, dc"
pciewzr,1,"hal, john, ring, lantern, green, sinestro, jordan, episode"
pcievmz,0,"like, just, don, people, think, really, know, make"
pcieu0l,0,"like, just, don, people, think, really, know, make"
pcietbz,0,"like, just, don, people, think, really, know, make"
pcieqcr,1,"hal, john, ring, lantern, green, sinestro, jordan, episode"
pciep7h,3,"batman, superman, dcu, reeves, want, universe, gunn, dc"
pcieo1k,1,"hal, john, ring, lantern, green, sinestro, jordan, episode"
pciek4q,1,"hal, john, ring, lantern, green, sinestro, jordan, episode"
pciek26,0,"like, just, don, people, think, really, know, make"
pcieio1,0,"like, just, don, people, think, really, know, make"
pciefg2,2,"movie, bad, superman, supergirl, best, great, wonder, gunn"
pcieci5,1,"hal, john, ring, lantern, green, sinestro, jordan, episode"
pciebn5,0,"like, just, don, people, think, really, know, make"
pcie9th,0,"like, just, don, people, think, really, know, make"
pcie72y,3,"batman, superman, dcu, reeves, want, universe, gunn, dc"
pcie618,1,"hal, john, ring, lantern, green, sinestro, jordan, episode"
pcie5ia,0,"like, just, don, people, think, really, know, make"
pcie052,1,"hal, john, ring, lantern, green, sinestro, jordan, episode"
pciduam,1,"hal, john, ring, lantern, green, sinestro, jordan, episode"
pcidru8,4,"good, movies, wonder, woman, wasn, looks, pretty, gal"
pcidp5e,0,"like, just, don, people, think, really, know, make"
pcidoxi,1,"hal, john, ring, lantern, green, sinestro, jordan, episode"
pcidnjb,1,"hal, john, ring, lantern, green, sinestro, jordan, episode"
pcidjp2,1,"hal, john, ring, lantern, green, sinestro, jordan, episode"
pcidikj,0,"like, just, don, people, think, really, know, make"
pcidfbh,0,"like, just, don, people, think, really, know, make"
pciddn4,3,"batman, superman, dcu, reeves, want, universe, gunn, dc"
pciddf4,1,"hal, john, ring, lantern, green, sinestro, jordan, episode"
pcidbr9,0,"like, just, don, people, think, really, know, make"
pcidasa,0,"like, just, don, people, think, really, know, make"
pcidahn,1,"hal, john, ring, lantern, green, sinestro, jordan, episode"
pcid5ob,0,"like, just, don, people, think, really, know, make"
pcid3nd,2,"movie, bad, superman, supergirl, best, great, wonder, gunn"
pcid29g,1,"hal, john, ring, lantern, green, sinestro, jordan, episode"
pcicua5,1,"hal, john, ring, lantern, green, sinestro, jordan, episode"
pcicryv,0,"like, just, don, people, think, really, know, make"
pcicr85,0,"like, just, don, people, think, really, know, make"
pcicpjm,1,"hal, john, ring, lantern, green, sinestro, jordan, episode"
pcicmau,0,"like, just, don, people, think, really, know, make"
pcickzs,0,"like, just, don, people, think, really, know, make"
pcicjsf,0,"like, just, don, people, think, really, know, make"
pcicgpm,1,"hal, john, ring, lantern, green, sinestro, jordan, episode"
pcicdbk,1,"hal, john, ring, lantern, green, sinestro, jordan, episode"
pcicckk,1,"hal, john, ring, lantern, green, sinestro, jordan, episode"
pcicc1o,1,"hal, john, ring, lantern, green, sinestro, jordan, episode"
pcic8r9,4,"good, movies, wonder, woman, wasn, looks, pretty, gal"
pcic6an,2,"movie, bad, superman, supergirl, best, great, wonder, gunn"
pcic61i,1,"hal, john, ring, lantern, green, sinestro, jordan, episode"
pcic36c,1,"hal, john, ring, lantern, green, sinestro, jordan, episode"
pcic1p1,0,"like, just, don, people, think, really, know, make"
pcic0lu,1,"hal, john, ring, lantern, green, sinestro, jordan, episode"
pcic0ex,2,"movie, bad, superman, supergirl, best, great, wonder, gunn"
pcic03y,1,"hal, john, ring, lantern, green, sinestro, jordan, episode"
pcibum0,0,"like, just, don, people, think, really, know, make"
pcibugv,1,"hal, john, ring, lantern, green, sinestro, jordan, episode"
pcibu2h,1,"hal, john, ring, lantern, green, sinestro, jordan, episode"
pcibsi3,1,"hal, john, ring, lantern, green, sinestro, jordan, episode"
pcibpfo,0,"like, just, don, people, think, really, know, make"
pcibnos,0,"like, just, don, people, think, really, know, make"
pcibnp0,1,"hal, john, ring, lantern, green, sinestro, jordan, episode"
pcibmmp,0,"like, just, don, people, think, really, know, make"
pcibjm4,1,"hal, john, ring, lantern, green, sinestro, jordan, episode"
pcibigh,0,"like, just, don, people, think, really, know, make"
pcibih8,1,"hal, john, ring, lantern, green, sinestro, jordan, episode"
pcibejw,0,"like, just, don, people, think, really, know, make"
pcibdaa,0,"like, just, don, people, think, really, know, make"
pcibdaf,0,"like, just, don, people, think, really, know, make"
pcibd6z,0,"like, just, don, people, think, really, know, make"
pciba0z,0,"like, just, don, people, think, really, know, make"
pcib7r7,1,"hal, john, ring, lantern, green, sinestro, jordan, episode"
pcib7s6,1,"hal, john, ring, lantern, green, sinestro, jordan, episode"
pcib4hx,1,"hal, john, ring, lantern, green, sinestro, jordan, episode"
pcib3lr,0,"like, just, don, people, think, really, know, make"
pcib0ak,1,"hal, john, ring, lantern, green, sinestro, jordan, episode"
pciaxrq,1,"hal, john, ring, lantern, green, sinestro, jordan, episode"
pciaxmb,0,"like, just, don, people, think, really, know, make"
pciaxb3,1,"hal, john, ring, lantern, green, sinestro, jordan, episode"
pciax1u,1,"hal, john, ring, lantern, green, sinestro, jordan, episode"
pciaw16,4,"good, movies, wonder, woman, wasn, looks, pretty, gal"
pcias97,2,"movie, bad, superman, supergirl, best, great, wonder, gunn"
pciap0t,1,"hal, john, ring, lantern, green, sinestro, jordan, episode"
pciafif,1,"hal, john, ring, lantern, green, sinestro, jordan, episode"
pciae5y,0,"like, just, don, people, think, really, know, make"
pciabdq,1,"hal, john, ring, lantern, green, sinestro, jordan, episode"
pcia9kg,4,"good, movies, wonder, woman, wasn, looks, pretty, gal"
pcia801,4,"good, movies, wonder, woman, wasn, looks, pretty, gal"
pcia649,2,"movie, bad, superman, supergirl, best, great, wonder, gunn"
pcia5h5,0,"like, just, don, people, think, really, know, make"
pcia4bs,4,"good, movies, wonder, woman, wasn, looks, pretty, gal"
pcia42h,0,"like, just, don, people, think, really, know, make"
pcia2gq,1,"hal, john, ring, lantern, green, sinestro, jordan, episode"
pci9yca,1,"hal, john, ring, lantern, green, sinestro, jordan, episode"
pci9w5x,1,"hal, john, ring, lantern, green, sinestro, jordan, episode"
pci9uhs,1,"hal, john, ring, lantern, green, sinestro, jordan, episode"
pci9uh6,0,"like, just, don, people, think, really, know, make"
pci9u3q,1,"hal, john, ring, lantern, green, sinestro, jordan, episode"
pci9u75,0,"like, just, don, people, think, really, know, make"
pci9s5s,2,"movie, bad, superman, supergirl, best, great, wonder, gunn"
pci9qzx,0,"like, just, don, people, think, really, know, make"
pci9qj7,2,"movie, bad, superman, supergirl, best, great, wonder, gunn"
pci9qhf,0,"like, just, don, people, think, really, know, make"
pci9mvb,1,"hal, john, ring, lantern, green, sinestro, jordan, episode"
pci9lu5,0,"like, just, don, people, think, really, know, make"
pci9ig7,3,"batman, superman, dcu, reeves, want, universe, gunn, dc"
pci9i95,1,"hal, john, ring, lantern, green, sinestro, jordan, episode"
pci9f8j,0,"like, just, don, people, think, really, know, make"
pci9d39,1,"hal, john, ring, lantern, green, sinestro, jordan, episode"
pci9cp9,2,"movie, bad, superman, supergirl, best, great, wonder, gunn"
pci9cjo,3,"batman, superman, dcu, reeves, want, universe, gunn, dc"
pci9ahq,0,"like, just, don, people, think, really, know, make"
pci98fu,1,"hal, john, ring, lantern, green, sinestro, jordan, episode"
pci97f4,1,"hal, john, ring, lantern, green, sinestro, jordan, episode"
pci970r,0,"like, just, don, people, think, really, know, make"
pci96ti,4,"good, movies, wonder, woman, wasn, looks, pretty, gal"
pci9691,3,"batman, superman, dcu, reeves, want, universe, gunn, dc"
pci90cy,1,"hal, john, ring, lantern, green, sinestro, jordan, episode"
pci8zg0,0,"like, just, don, people, think, really, know, make"
pci8yxp,1,"hal, john, ring, lantern, green, sinestro, jordan, episode"
pci8x4p,0,"like, just, don, people, think, really, know, make"
pci8x72,1,"hal, john, ring, lantern, green, sinestro, jordan, episode"
pci8x3b,1,"hal, john, ring, lantern, green, sinestro, jordan, episode"
pci8ueh,0,"like, just, don, people, think, really, know, make"
pci8s2c,1,"hal, john, ring, lantern, green, sinestro, jordan, episode"
pci8rbt,0,"like, just, don, people, think, really, know, make"
pci8qzl,1,"hal, john, ring, lantern, green, sinestro, jordan, episode"
pci8oih,0,"like, just, don, people, think, really, know, make"
pci8lm6,1,"hal, john, ring, lantern, green, sinestro, jordan, episode"
pci8hqg,1,"hal, john, ring, lantern, green, sinestro, jordan, episode"
pci8gy6,0,"like, just, don, people, think, really, know, make"
pci8fzg,0,"like, just, don, people, think, really, know, make"
pci8duf,0,"like, just, don, people, think, really, know, make"
pci8bjr,4,"good, movies, wonder, woman, wasn, looks, pretty, gal"
pci8avy,1,"hal, john, ring, lantern, green, sinestro, jordan, episode"
pci88bm,1,"hal, john, ring, lantern, green, sinestro, jordan, episode"
pci87pa,0,"like, just, don, people, think, really, know, make"
pci86fb,1,"hal, john, ring, lantern, green, sinestro, jordan, episode"
pci83uk,1,"hal, john, ring, lantern, green, sinestro, jordan, episode"
pci83g7,1,"hal, john, ring, lantern, green, sinestro, jordan, episode"
pci80d4,0,"like, just, don, people, think, really, know, make"
pci7zln,1,"hal, john, ring, lantern, green, sinestro, jordan, episode"
pci7zmq,4,"good, movies, wonder, woman, wasn, looks, pretty, gal"
pci7zhn,1,"hal, john, ring, lantern, green, sinestro, jordan, episode"
pci7q4w,1,"hal, john, ring, lantern, green, sinestro, jordan, episode"
pci7o6z,0,"like, just, don, people, think, really, know, make"
pci7o2x,3,"batman, superman, dcu, reeves, want, universe, gunn, dc"
pci7n42,1,"hal, john, ring, lantern, green, sinestro, jordan, episode"
pci7l0n,1,"hal, john, ring, lantern, green, sinestro, jordan, episode"
pci7l1y,1,"hal, john, ring, lantern, green, sinestro, jordan, episode"
pci7jzw,1,"hal, john, ring, lantern, green, sinestro, jordan, episode"
pci7f1l,1,"hal, john, ring, lantern, green, sinestro, jordan, episode"
pci7cc5,0,"like, just, don, people, think, really, know, make"
pci7bwl,1,"hal, john, ring, lantern, green, sinestro, jordan, episode"
pci7adn,1,"hal, john, ring, lantern, green, sinestro, jordan, episode"
pci78g2,1,"hal, john, ring, lantern, green, sinestro, jordan, episode"
pci78bp,1,"hal, john, ring, lantern, green, sinestro, jordan, episode"
pci787j,1,"hal, john, ring, lantern, green, sinestro, jordan, episode"
pci74ws,1,"hal, john, ring, lantern, green, sinestro, jordan, episode"
pci7202,1,"hal, john, ring, lantern, green, sinestro, jordan, episode"
pci6zd5,0,"like, just, don, people, think, really, know, make"
pci6ypw,0,"like, just, don, people, think, really, know, make"
pci6whs,0,"like, just, don, people, think, really, know, make"
pci6uql,1,"hal, john, ring, lantern, green, sinestro, jordan, episode"
pci6td3,1,"hal, john, ring, lantern, green, sinestro, jordan, episode"
pci6t93,1,"hal, john, ring, lantern, green, sinestro, jordan, episode"
pci6t2m,1,"hal, john, ring, lantern, green, sinestro, jordan, episode"
pci6s91,3,"batman, superman, dcu, reeves, want, universe, gunn, dc"
pci6s1x,1,"hal, john, ring, lantern, green, sinestro, jordan, episode"
pci6rso,1,"hal, john, ring, lantern, green, sinestro, jordan, episode"
pci6rig,1,"hal, john, ring, lantern, green, sinestro, jordan, episode"
pci6lw2,0,"like, just, don, people, think, really, know, make"
pci6j32,0,"like, just, don, people, think, really, know, make"
pci6hev,1,"hal, john, ring, lantern, green, sinestro, jordan, episode"
pci6gqs,0,"like, just, don, people, think, really, know, make"
pci6gh2,0,"like, just, don, people, think, really, know, make"
pci6fht,3,"batman, superman, dcu, reeves, want, universe, gunn, dc"
pci6dfg,2,"movie, bad, superman, supergirl, best, great, wonder, gunn"
pci6czi,0,"like, just, don, people, think, really, know, make"
pci69pe,1,"hal, john, ring, lantern, green, sinestro, jordan, episode"
pci68hn,0,"like, just, don, people, think, really, know, make"
pci65oc,0,"like, just, don, people, think, really, know, make"
pci63ni,1,"hal, john, ring, lantern, green, sinestro, jordan, episode"
pci62kr,1,"hal, john, ring, lantern, green, sinestro, jordan, episode"
pci5z6j,1,"hal, john, ring, lantern, green, sinestro, jordan, episode"
pci5yew,1,"hal, john, ring, lantern, green, sinestro, jordan, episode"
pci5y51,0,"like, just, don, people, think, really, know, make"
pci5wag,0,"like, just, don, people, think, really, know, make"
pci5w2j,0,"like, just, don, people, think, really, know, make"
pci5tdt,1,"hal, john, ring, lantern, green, sinestro, jordan, episode"
pci5szq,1,"hal, john, ring, lantern, green, sinestro, jordan, episode"
pci5rpm,1,"hal, john, ring, lantern, green, sinestro, jordan, episode"
pci5rhr,1,"hal, john, ring, lantern, green, sinestro, jordan, episode"
pci5r8g,1,"hal, john, ring, lantern, green, sinestro, jordan, episode"
pci5qwz,0,"like, just, don, people, think, really, know, make"
pci5nl0,0,"like, just, don, people, think, really, know, make"
pci5m4n,1,"hal, john, ring, lantern, green, sinestro, jordan, episode"
pci5lhq,0,"like, just, don, people, think, really, know, make"
pci5iqv,1,"hal, john, ring, lantern, green, sinestro, jordan, episode"
pci5eo2,0,"like, just, don, people, think, really, know, make"
pci5egw,1,"hal, john, ring, lantern, green, sinestro, jordan, episode"
pci5ee4,0,"like, just, don, people, think, really, know, make"
pci58x0,1,"hal, john, ring, lantern, green, sinestro, jordan, episode"
pci57hm,1,"hal, john, ring, lantern, green, sinestro, jordan, episode"
pci56rb,1,"hal, john, ring, lantern, green, sinestro, jordan, episode"
pci565s,1,"hal, john, ring, lantern, green, sinestro, jordan, episode"
pci53v7,2,"movie, bad, superman, supergirl, best, great, wonder, gunn"
pci53m6,0,"like, just, don, people, think, really, know, make"
pci4xyd,1,"hal, john, ring, lantern, green, sinestro, jordan, episode"
pci4xbc,1,"hal, john, ring, lantern, green, sinestro, jordan, episode"
pci4wmn,0,"like, just, don, people, think, really, know, make"
pci4wc6,1,"hal, john, ring, lantern, green, sinestro, jordan, episode"
pci4t2u,1,"hal, john, ring, lantern, green, sinestro, jordan, episode"
pci4s7n,1,"hal, john, ring, lantern, green, sinestro, jordan, episode"
pci4qrf,0,"like, just, don, people, think, really, know, make"
pci4o0s,1,"hal, john, ring, lantern, green, sinestro, jordan, episode"
pci4m75,0,"like, just, don, people, think, really, know, make"
pci4m02,1,"hal, john, ring, lantern, green, sinestro, jordan, episode"
pci4lq3,0,"like, just, don, people, think, really, know, make"
pci4gab,4,"good, movies, wonder, woman, wasn, looks, pretty, gal"
pci49gv,4,"good, movies, wonder, woman, wasn, looks, pretty, gal"
pci48vl,0,"like, just, don, people, think, really, know, make"
pci4573,1,"hal, john, ring, lantern, green, sinestro, jordan, episode"
pci44x8,1,"hal, john, ring, lantern, green, sinestro, jordan, episode"
pci418v,1,"hal, john, ring, lantern, green, sinestro, jordan, episode"
pci3ygn,1,"hal, john, ring, lantern, green, sinestro, jordan, episode"
pci3whc,1,"hal, john, ring, lantern, green, sinestro, jordan, episode"
pci3vqo,0,"like, just, don, people, think, really, know, make"
pci3ui9,0,"like, just, don, people, think, really, know, make"
pci3ud0,0,"like, just, don, people, think, really, know, make"
pci3s34,1,"hal, john, ring, lantern, green, sinestro, jordan, episode"
pci3rbj,1,"hal, john, ring, lantern, green, sinestro, jordan, episode"
pci3r5l,1,"hal, john, ring, lantern, green, sinestro, jordan, episode"
pci3qaq,1,"hal, john, ring, lantern, green, sinestro, jordan, episode"
pci3nch,1,"hal, john, ring, lantern, green, sinestro, jordan, episode"
pci3gk5,1,"hal, john, ring, lantern, green, sinestro, jordan, episode"
pci3caj,1,"hal, john, ring, lantern, green, sinestro, jordan, episode"
pci3amq,0,"like, just, don, people, think, really, know, make"
pci3ab7,3,"batman, superman, dcu, reeves, want, universe, gunn, dc"
pci36ln,4,"good, movies, wonder, woman, wasn, looks, pretty, gal"
pci33s7,0,"like, just, don, people, think, really, know, make"
pci334d,1,"hal, john, ring, lantern, green, sinestro, jordan, episode"
pci3362,1,"hal, john, ring, lantern, green, sinestro, jordan, episode"
pci32wk,1,"hal, john, ring, lantern, green, sinestro, jordan, episode"
pci31fm,0,"like, just, don, people, think, really, know, make"
pci2xn3,1,"hal, john, ring, lantern, green, sinestro, jordan, episode"
pci2tvb,1,"hal, john, ring, lantern, green, sinestro, jordan, episode"
pci2rwi,1,"hal, john, ring, lantern, green, sinestro, jordan, episode"
pci2qql,1,"hal, john, ring, lantern, green, sinestro, jordan, episode"
pci2q93,1,"hal, john, ring, lantern, green, sinestro, jordan, episode"
pci2op4,3,"batman, superman, dcu, reeves, want, universe, gunn, dc"
pci2op6,0,"like, just, don, people, think, really, know, make"
pci2myf,2,"movie, bad, superman, supergirl, best, great, wonder, gunn"
pci2kg7,1,"hal, john, ring, lantern, green, sinestro, jordan, episode"
pci2gni,1,"hal, john, ring, lantern, green, sinestro, jordan, episode"
pci2dwq,3,"batman, superman, dcu, reeves, want, universe, gunn, dc"
pci2cv9,0,"like, just, don, people, think, really, know, make"
pci2cbo,0,"like, just, don, people, think, really, know, make"
pci29n7,1,"hal, john, ring, lantern, green, sinestro, jordan, episode"
pci28pv,4,"good, movies, wonder, woman, wasn, looks, pretty, gal"
pci28lg,1,"hal, john, ring, lantern, green, sinestro, jordan, episode"
pci28hi,1,"hal, john, ring, lantern, green, sinestro, jordan, episode"
pci28jb,1,"hal, john, ring, lantern, green, sinestro, jordan, episode"
pci22qu,0,"like, just, don, people, think, really, know, make"
pci213l,1,"hal, john, ring, lantern, green, sinestro, jordan, episode"
pci20oo,2,"movie, bad, superman, supergirl, best, great, wonder, gunn"
pci1zd1,0,"like, just, don, people, think, really, know, make"
pci1ykh,1,"hal, john, ring, lantern, green, sinestro, jordan, episode"
pci1wob,1,"hal, john, ring, lantern, green, sinestro, jordan, episode"
pci1u5b,0,"like, just, don, people, think, really, know, make"
pci1teg,0,"like, just, don, people, think, really, know, make"
pci1t6r,1,"hal, john, ring, lantern, green, sinestro, jordan, episode"
pci1rt5,1,"hal, john, ring, lantern, green, sinestro, jordan, episode"
pci1qj4,1,"hal, john, ring, lantern, green, sinestro, jordan, episode"
pci1q6f,1,"hal, john, ring, lantern, green, sinestro, jordan, episode"
pci1p28,1,"hal, john, ring, lantern, green, sinestro, jordan, episode"
pci1ov8,1,"hal, john, ring, lantern, green, sinestro, jordan, episode"
pci1ob7,0,"like, just, don, people, think, really, know, make"
pci1ngw,1,"hal, john, ring, lantern, green, sinestro, jordan, episode"
pci1mzo,1,"hal, john, ring, lantern, green, sinestro, jordan, episode"
pci1m5v,0,"like, just, don, people, think, really, know, make"
pci1jzt,0,"like, just, don, people, think, really, know, make"
pci1jef,1,"hal, john, ring, lantern, green, sinestro, jordan, episode"
pci1c9j,4,"good, movies, wonder, woman, wasn, looks, pretty, gal"
pci1c9l,1,"hal, john, ring, lantern, green, sinestro, jordan, episode"
pci18tk,0,"like, just, don, people, think, really, know, make"
pci17yy,0,"like, just, don, people, think, really, know, make"
pci17sh,0,"like, just, don, people, think, really, know, make"
pci16h3,1,"hal, john, ring, lantern, green, sinestro, jordan, episode"
pci150r,2,"movie, bad, superman, supergirl, best, great, wonder, gunn"
pci11us,4,"good, movies, wonder, woman, wasn, looks, pretty, gal"
pci10sj,1,"hal, john, ring, lantern, green, sinestro, jordan, episode"
pci0yhg,0,"like, just, don, people, think, really, know, make"
pci0wew,1,"hal, john, ring, lantern, green, sinestro, jordan, episode"
pci0vfy,0,"like, just, don, people, think, really, know, make"
pci0tlr,1,"hal, john, ring, lantern, green, sinestro, jordan, episode"
pci0p1s,1,"hal, john, ring, lantern, green, sinestro, jordan, episode"
pci0obn,1,"hal, john, ring, lantern, green, sinestro, jordan, episode"
pci0n6r,0,"like, just, don, people, think, really, know, make"
pci0mm5,1,"hal, john, ring, lantern, green, sinestro, jordan, episode"
pci0mk7,4,"good, movies, wonder, woman, wasn, looks, pretty, gal"
pci0mib,0,"like, just, don, people, think, really, know, make"
pci0lkn,1,"hal, john, ring, lantern, green, sinestro, jordan, episode"
pci0k9f,1,"hal, john, ring, lantern, green, sinestro, jordan, episode"
pci0hz9,0,"like, just, don, people, think, really, know, make"
pci0hmx,0,"like, just, don, people, think, really, know, make"
pci0gb3,1,"hal, john, ring, lantern, green, sinestro, jordan, episode"
pci0e8w,1,"hal, john, ring, lantern, green, sinestro, jordan, episode"
pci0doe,1,"hal, john, ring, lantern, green, sinestro, jordan, episode"
pci0c02,1,"hal, john, ring, lantern, green, sinestro, jordan, episode"
pci0bn0,1,"hal, john, ring, lantern, green, sinestro, jordan, episode"
pci0b80,0,"like, just, don, people, think, really, know, make"
pci0aov,1,"hal, john, ring, lantern, green, sinestro, jordan, episode"
pci0a7y,1,"hal, john, ring, lantern, green, sinestro, jordan, episode"
pci08f5,1,"hal, john, ring, lantern, green, sinestro, jordan, episode"
pci07hj,1,"hal, john, ring, lantern, green, sinestro, jordan, episode"
pci04jb,1,"hal, john, ring, lantern, green, sinestro, jordan, episode"
pci04fb,1,"hal, john, ring, lantern, green, sinestro, jordan, episode"
pci030n,0,"like, just, don, people, think, really, know, make"
pci00xt,0,"like, just, don, people, think, really, know, make"
pci00kw,1,"hal, john, ring, lantern, green, sinestro, jordan, episode"
pchzz8j,1,"hal, john, ring, lantern, green, sinestro, jordan, episode"
pchzvnx,0,"like, just, don, people, think, really, know, make"
pchzuv0,0,"like, just, don, people, think, really, know, make"
pchztrx,1,"hal, john, ring, lantern, green, sinestro, jordan, episode"
pchzts5,0,"like, just, don, people, think, really, know, make"
pchzs83,0,"like, just, don, people, think, really, know, make"
pchzoxy,1,"hal, john, ring, lantern, green, sinestro, jordan, episode"
pchzoey,1,"hal, john, ring, lantern, green, sinestro, jordan, episode"
pchzndi,1,"hal, john, ring, lantern, green, sinestro, jordan, episode"
pchzmuk,4,"good, movies, wonder, woman, wasn, looks, pretty, gal"
pchzmjc,0,"like, just, don, people, think, really, know, make"
pchzm9h,3,"batman, superman, dcu, reeves, want, universe, gunn, dc"
pchzlu9,1,"hal, john, ring, lantern, green, sinestro, jordan, episode"
pchzlpk,1,"hal, john, ring, lantern, green, sinestro, jordan, episode"
pchzlfi,1,"hal, john, ring, lantern, green, sinestro, jordan, episode"
pchzl51,1,"hal, john, ring, lantern, green, sinestro, jordan, episode"
pchzkrp,3,"batman, superman, dcu, reeves, want, universe, gunn, dc"
pchzkso,1,"hal, john, ring, lantern, green, sinestro, jordan, episode"
pchzku6,0,"like, just, don, people, think, really, know, make"
pchzi2m,0,"like, just, don, people, think, really, know, make"
pchzg1b,0,"like, just, don, people, think, really, know, make"
pchze8p,1,"hal, john, ring, lantern, green, sinestro, jordan, episode"
pchzdgi,2,"movie, bad, superman, supergirl, best, great, wonder, gunn"
pchzd8q,3,"batman, superman, dcu, reeves, want, universe, gunn, dc"
pchzcn4,0,"like, just, don, people, think, really, know, make"
pchzbw2,0,"like, just, don, people, think, really, know, make"
pchzb98,0,"like, just, don, people, think, really, know, make"
pchz9sh,2,"movie, bad, superman, supergirl, best, great, wonder, gunn"
pchz9ld,0,"like, just, don, people, think, really, know, make"
pchz8x4,1,"hal, john, ring, lantern, green, sinestro, jordan, episode"
pchz8vp,0,"like, just, don, people, think, really, know, make"
pchz877,3,"batman, superman, dcu, reeves, want, universe, gunn, dc"
pchz6gn,1,"hal, john, ring, lantern, green, sinestro, jordan, episode"
pchz65y,1,"hal, john, ring, lantern, green, sinestro, jordan, episode"
pchz5yu,0,"like, just, don, people, think, really, know, make"
pchz4qh,0,"like, just, don, people, think, really, know, make"
pchz4k0,4,"good, movies, wonder, woman, wasn, looks, pretty, gal"
pchz425,0,"like, just, don, people, think, really, know, make"
pchz3im,1,"hal, john, ring, lantern, green, sinestro, jordan, episode"
pchz2c7,0,"like, just, don, people, think, really, know, make"
pchz1p4,1,"hal, john, ring, lantern, green, sinestro, jordan, episode"
pchz1jx,1,"hal, john, ring, lantern, green, sinestro, jordan, episode"
pchz0yq,3,"batman, superman, dcu, reeves, want, universe, gunn, dc"
pchz0ti,1,"hal, john, ring, lantern, green, sinestro, jordan, episode"
pchz0tq,2,"movie, bad, superman, supergirl, best, great, wonder, gunn"
pchz05h,1,"hal, john, ring, lantern, green, sinestro, jordan, episode"
pchyz3b,1,"hal, john, ring, lantern, green, sinestro, jordan, episode"
pchyw6z,1,"hal, john, ring, lantern, green, sinestro, jordan, episode"
pchytwk,1,"hal, john, ring, lantern, green, sinestro, jordan, episode"
pchytvt,0,"like, just, don, people, think, really, know, make"
pchys6u,1,"hal, john, ring, lantern, green, sinestro, jordan, episode"
pchyrhz,1,"hal, john, ring, lantern, green, sinestro, jordan, episode"
pchyqky,0,"like, just, don, people, think, really, know, make"
pchyphf,0,"like, just, don, people, think, really, know, make"
pchyonh,1,"hal, john, ring, lantern, green, sinestro, jordan, episode"
pchynr8,0,"like, just, don, people, think, really, know, make"
pchymba,1,"hal, john, ring, lantern, green, sinestro, jordan, episode"
pchymbu,3,"batman, superman, dcu, reeves, want, universe, gunn, dc"
pchyl7p,2,"movie, bad, superman, supergirl, best, great, wonder, gunn"
pchyk8k,1,"hal, john, ring, lantern, green, sinestro, jordan, episode"
pchyk2o,1,"hal, john, ring, lantern, green, sinestro, jordan, episode"
pchyhlh,0,"like, just, don, people, think, really, know, make"
pchyere,0,"like, just, don, people, think, really, know, make"
pchyddp,0,"like, just, don, people, think, really, know, make"
pchyd6h,4,"good, movies, wonder, woman, wasn, looks, pretty, gal"
pchyd32,0,"like, just, don, people, think, really, know, make"
pchycrm,0,"like, just, don, people, think, really, know, make"
pchybt6,0,"like, just, don, people, think, really, know, make"
pchybex,1,"hal, john, ring, lantern, green, sinestro, jordan, episode"
pchy9y2,1,"hal, john, ring, lantern, green, sinestro, jordan, episode"
pchy9bs,0,"like, just, don, people, think, really, know, make"
pchy943,0,"like, just, don, people, think, really, know, make"
pchy74s,0,"like, just, don, people, think, really, know, make"
pchy6to,0,"like, just, don, people, think, really, know, make"
pchy68k,4,"good, movies, wonder, woman, wasn, looks, pretty, gal"
pchy3z6,0,"like, just, don, people, think, really, know, make"
pchy3df,2,"movie, bad, superman, supergirl, best, great, wonder, gunn"
pchy34z,0,"like, just, don, people, think, really, know, make"
pchy2r4,3,"batman, superman, dcu, reeves, want, universe, gunn, dc"
pchy0yt,0,"like, just, don, people, think, really, know, make"
pchy0g9,0,"like, just, don, people, think, really, know, make"
pchy0gp,1,"hal, john, ring, lantern, green, sinestro, jordan, episode"
pchy03s,1,"hal, john, ring, lantern, green, sinestro, jordan, episode"
pchxy13,0,"like, just, don, people, think, really, know, make"
pchxxv7,1,"hal, john, ring, lantern, green, sinestro, jordan, episode"
pchxv7m,1,"hal, john, ring, lantern, green, sinestro, jordan, episode"
pchxtsj,1,"hal, john, ring, lantern, green, sinestro, jordan, episode"
pchxtvm,1,"hal, john, ring, lantern, green, sinestro, jordan, episode"
pchxsd7,1,"hal, john, ring, lantern, green, sinestro, jordan, episode"
pchxroi,0,"like, just, don, people, think, really, know, make"
pchxr0t,0,"like, just, don, people, think, really, know, make"
pchxpd6,0,"like, just, don, people, think, really, know, make"
pchxne5,1,"hal, john, ring, lantern, green, sinestro, jordan, episode"
pchxn5w,4,"good, movies, wonder, woman, wasn, looks, pretty, gal"
pchxmke,1,"hal, john, ring, lantern, green, sinestro, jordan, episode"
pchxmkm,1,"hal, john, ring, lantern, green, sinestro, jordan, episode"
pchxm51,4,"good, movies, wonder, woman, wasn, looks, pretty, gal"
pchxlbl,1,"hal, john, ring, lantern, green, sinestro, jordan, episode"
pchxkxy,1,"hal, john, ring, lantern, green, sinestro, jordan, episode"
pchxinh,0,"like, just, don, people, think, really, know, make"
pchxgg7,1,"hal, john, ring, lantern, green, sinestro, jordan, episode"
pchxfsv,1,"hal, john, ring, lantern, green, sinestro, jordan, episode"
pchxfh3,2,"movie, bad, superman, supergirl, best, great, wonder, gunn"
pchxdyt,1,"hal, john, ring, lantern, green, sinestro, jordan, episode"
pchxds5,1,"hal, john, ring, lantern, green, sinestro, jordan, episode"
pchxd75,1,"hal, john, ring, lantern, green, sinestro, jordan, episode"
pchxce6,0,"like, just, don, people, think, really, know, make"
pchxc4e,1,"hal, john, ring, lantern, green, sinestro, jordan, episode"
pchxb7k,1,"hal, john, ring, lantern, green, sinestro, jordan, episode"
pchx9ud,1,"hal, john, ring, lantern, green, sinestro, jordan, episode"
pchx9kv,1,"hal, john, ring, lantern, green, sinestro, jordan, episode"
pchx7ab,1,"hal, john, ring, lantern, green, sinestro, jordan, episode"
pchx5t0,1,"hal, john, ring, lantern, green, sinestro, jordan, episode"
pchx5gb,1,"hal, john, ring, lantern, green, sinestro, jordan, episode"
pchx4a4,0,"like, just, don, people, think, really, know, make"
pchx3n8,0,"like, just, don, people, think, really, know, make"
pchx2za,1,"hal, john, ring, lantern, green, sinestro, jordan, episode"
pchx063,2,"movie, bad, superman, supergirl, best, great, wonder, gunn"
pchwzx2,1,"hal, john, ring, lantern, green, sinestro, jordan, episode"
pchwz2t,1,"hal, john, ring, lantern, green, sinestro, jordan, episode"
pchwxt5,1,"hal, john, ring, lantern, green, sinestro, jordan, episode"
pchwxob,0,"like, just, don, people, think, really, know, make"
pchwxav,0,"like, just, don, people, think, really, know, make"
pchwx5c,0,"like, just, don, people, think, really, know, make"
pchwvvd,0,"like, just, don, people, think, really, know, make"
pchwvam,1,"hal, john, ring, lantern, green, sinestro, jordan, episode"
pchwuup,0,"like, just, don, people, think, really, know, make"
pchwu4o,0,"like, just, don, people, think, really, know, make"
pchwtpl,1,"hal, john, ring, lantern, green, sinestro, jordan, episode"
pchwsxd,0,"like, just, don, people, think, really, know, make"
pchwq48,1,"hal, john, ring, lantern, green, sinestro, jordan, episode"
pchwplz,0,"like, just, don, people, think, really, know, make"
pchwool,1,"hal, john, ring, lantern, green, sinestro, jordan, episode"
pchwoej,1,"hal, john, ring, lantern, green, sinestro, jordan, episode"
pchwnjb,0,"like, just, don, people, think, really, know, make"
pchwn6e,0,"like, just, don, people, think, really, know, make"
pchwmk2,0,"like, just, don, people, think, really, know, make"
pchwm9l,1,"hal, john, ring, lantern, green, sinestro, jordan, episode"
pchwm5b,1,"hal, john, ring, lantern, green, sinestro, jordan, episode"
pchwkxz,1,"hal, john, ring, lantern, green, sinestro, jordan, episode"
pchwjvk,0,"like, just, don, people, think, really, know, make"
pchwjnq,1,"hal, john, ring, lantern, green, sinestro, jordan, episode"
pchwftt,1,"hal, john, ring, lantern, green, sinestro, jordan, episode"
pchwf6l,3,"batman, superman, dcu, reeves, want, universe, gunn, dc"
pchwea8,0,"like, just, don, people, think, really, know, make"
pchwebc,0,"like, just, don, people, think, really, know, make"
pchwdpn,0,"like, just, don, people, think, really, know, make"
pchwcpz,1,"hal, john, ring, lantern, green, sinestro, jordan, episode"
pchwcq2,1,"hal, john, ring, lantern, green, sinestro, jordan, episode"
pchwb3b,0,"like, just, don, people, think, really, know, make"
pchw8a8,3,"batman, superman, dcu, reeves, want, universe, gunn, dc"
pchw6r0,0,"like, just, don, people, think, really, know, make"
pchw5s4,1,"hal, john, ring, lantern, green, sinestro, jordan, episode"
pchw56s,1,"hal, john, ring, lantern, green, sinestro, jordan, episode"
pchw2p1,1,"hal, john, ring, lantern, green, sinestro, jordan, episode"
pchw21z,0,"like, just, don, people, think, really, know, make"
pchw0h6,1,"hal, john, ring, lantern, green, sinestro, jordan, episode"
pchw001,2,"movie, bad, superman, supergirl, best, great, wonder, gunn"
pchvzi5,1,"hal, john, ring, lantern, green, sinestro, jordan, episode"
pchvyt8,1,"hal, john, ring, lantern, green, sinestro, jordan, episode"
pchvx1b,1,"hal, john, ring, lantern, green, sinestro, jordan, episode"
pchvwrb,2,"movie, bad, superman, supergirl, best, great, wonder, gunn"
pchvve2,0,"like, just, don, people, think, really, know, make"
pchvtff,0,"like, just, don, people, think, really, know, make"
pchvsbp,0,"like, just, don, people, think, really, know, make"
pchvr60,0,"like, just, don, people, think, really, know, make"
pchvqdt,1,"hal, john, ring, lantern, green, sinestro, jordan, episode"
pchvpcb,1,"hal, john, ring, lantern, green, sinestro, jordan, episode"
pchvohs,1,"hal, john, ring, lantern, green, sinestro, jordan, episode"
pchvmv5,0,"like, just, don, people, think, really, know, make"
pchvmkc,3,"batman, superman, dcu, reeves, want, universe, gunn, dc"
pchvmht,0,"like, just, don, people, think, really, know, make"
pchvl3l,1,"hal, john, ring, lantern, green, sinestro, jordan, episode"
pchvhtk,1,"hal, john, ring, lantern, green, sinestro, jordan, episode"
pchvgkx,0,"like, just, don, people, think, really, know, make"
pchvfsw,3,"batman, superman, dcu, reeves, want, universe, gunn, dc"
pchvfkt,0,"like, just, don, people, think, really, know, make"
pchvekm,1,"hal, john, ring, lantern, green, sinestro, jordan, episode"
pchvenq,2,"movie, bad, superman, supergirl, best, great, wonder, gunn"
pchvdks,0,"like, just, don, people, think, really, know, make"
pchvd6a,1,"hal, john, ring, lantern, green, sinestro, jordan, episode"
pchvcx1,4,"good, movies, wonder, woman, wasn, looks, pretty, gal"
pchvcre,1,"hal, john, ring, lantern, green, sinestro, jordan, episode"
pchvcfu,1,"hal, john, ring, lantern, green, sinestro, jordan, episode"
pchvc6c,0,"like, just, don, people, think, really, know, make"
pchvag4,1,"hal, john, ring, lantern, green, sinestro, jordan, episode"
pchv9md,0,"like, just, don, people, think, really, know, make"
pchv8no,0,"like, just, don, people, think, really, know, make"
pchv8d1,1,"hal, john, ring, lantern, green, sinestro, jordan, episode"
pchv7i6,1,"hal, john, ring, lantern, green, sinestro, jordan, episode"
pchv6me,0,"like, just, don, people, think, really, know, make"
pchv6fj,1,"hal, john, ring, lantern, green, sinestro, jordan, episode"
pchv5mi,3,"batman, superman, dcu, reeves, want, universe, gunn, dc"
pchv54g,0,"like, just, don, people, think, really, know, make"
pchv4vk,0,"like, just, don, people, think, really, know, make"
pchv3bz,1,"hal, john, ring, lantern, green, sinestro, jordan, episode"
pchv324,0,"like, just, don, people, think, really, know, make"
pchv1rw,0,"like, just, don, people, think, really, know, make"
pchv1eo,4,"good, movies, wonder, woman, wasn, looks, pretty, gal"
pchv0mu,0,"like, just, don, people, think, really, know, make"
pchv09h,0,"like, just, don, people, think, really, know, make"
pchv0as,1,"hal, john, ring, lantern, green, sinestro, jordan, episode"
pchv0ck,1,"hal, john, ring, lantern, green, sinestro, jordan, episode"
pchuzvb,1,"hal, john, ring, lantern, green, sinestro, jordan, episode"
pchuzsc,0,"like, just, don, people, think, really, know, make"
pchuyxy,1,"hal, john, ring, lantern, green, sinestro, jordan, episode"
pchuym3,0,"like, just, don, people, think, really, know, make"
pchuy6i,1,"hal, john, ring, lantern, green, sinestro, jordan, episode"
pchuxv6,0,"like, just, don, people, think, really, know, make"
pchuxi1,1,"hal, john, ring, lantern, green, sinestro, jordan, episode"
pchux71,0,"like, just, don, people, think, really, know, make"
pchux7f,1,"hal, john, ring, lantern, green, sinestro, jordan, episode"
pchuw62,0,"like, just, don, people, think, really, know, make"
pchuvlj,0,"like, just, don, people, think, really, know, make"
pchuvi2,0,"like, just, don, people, think, really, know, make"
pchuv11,1,"hal, john, ring, lantern, green, sinestro, jordan, episode"
pchuq5m,1,"hal, john, ring, lantern, green, sinestro, jordan, episode"
pchuoxc,1,"hal, john, ring, lantern, green, sinestro, jordan, episode"
pchuno4,1,"hal, john, ring, lantern, green, sinestro, jordan, episode"
pchumzi,1,"hal, john, ring, lantern, green, sinestro, jordan, episode"
pchukgr,1,"hal, john, ring, lantern, green, sinestro, jordan, episode"
pchujpb,1,"hal, john, ring, lantern, green, sinestro, jordan, episode"
pchujgy,1,"hal, john, ring, lantern, green, sinestro, jordan, episode"
pchuiaz,0,"like, just, don, people, think, really, know, make"
pchui0e,1,"hal, john, ring, lantern, green, sinestro, jordan, episode"
pchugcr,1,"hal, john, ring, lantern, green, sinestro, jordan, episode"
pchudrn,0,"like, just, don, people, think, really, know, make"
pchucsh,1,"hal, john, ring, lantern, green, sinestro, jordan, episode"
pchubzd,4,"good, movies, wonder, woman, wasn, looks, pretty, gal"
pchubr4,1,"hal, john, ring, lantern, green, sinestro, jordan, episode"
pchubuu,0,"like, just, don, people, think, really, know, make"
pchu9v7,2,"movie, bad, superman, supergirl, best, great, wonder, gunn"
pchu9kl,3,"batman, superman, dcu, reeves, want, universe, gunn, dc"
pchu90n,1,"hal, john, ring, lantern, green, sinestro, jordan, episode"
pchu7bd,4,"good, movies, wonder, woman, wasn, looks, pretty, gal"
pchu6wx,0,"like, just, don, people, think, really, know, make"
pchu6s0,1,"hal, john, ring, lantern, green, sinestro, jordan, episode"
pchu6l9,1,"hal, john, ring, lantern, green, sinestro, jordan, episode"
pchu63k,1,"hal, john, ring, lantern, green, sinestro, jordan, episode"
pchu5sx,1,"hal, john, ring, lantern, green, sinestro, jordan, episode"
pchu4c1,1,"hal, john, ring, lantern, green, sinestro, jordan, episode"
pchu3ve,1,"hal, john, ring, lantern, green, sinestro, jordan, episode"
pchu3kz,0,"like, just, don, people, think, really, know, make"
pchu37p,1,"hal, john, ring, lantern, green, sinestro, jordan, episode"
pchu1gu,1,"hal, john, ring, lantern, green, sinestro, jordan, episode"
pchu0kf,1,"hal, john, ring, lantern, green, sinestro, jordan, episode"
pchtzu7,2,"movie, bad, superman, supergirl, best, great, wonder, gunn"
pchtzqx,0,"like, just, don, people, think, really, know, make"
pchtzjk,1,"hal, john, ring, lantern, green, sinestro, jordan, episode"
pchtybt,2,"movie, bad, superman, supergirl, best, great, wonder, gunn"
pchtxja,0,"like, just, don, people, think, really, know, make"
pchtw6n,1,"hal, john, ring, lantern, green, sinestro, jordan, episode"
pchtvxl,0,"like, just, don, people, think, really, know, make"
pchtvmf,1,"hal, john, ring, lantern, green, sinestro, jordan, episode"
pchttkb,4,"good, movies, wonder, woman, wasn, looks, pretty, gal"
pchtsps,0,"like, just, don, people, think, really, know, make"
pchtsdt,0,"like, just, don, people, think, really, know, make"
pchtr6c,1,"hal, john, ring, lantern, green, sinestro, jordan, episode"
pchtqqr,0,"like, just, don, people, think, really, know, make"
pchtqcu,1,"hal, john, ring, lantern, green, sinestro, jordan, episode"
pchton4,0,"like, just, don, people, think, really, know, make"
pchtnhd,1,"hal, john, ring, lantern, green, sinestro, jordan, episode"
pchtkzk,1,"hal, john, ring, lantern, green, sinestro, jordan, episode"
pchtj6x,1,"hal, john, ring, lantern, green, sinestro, jordan, episode"
pchtix9,0,"like, just, don, people, think, really, know, make"
pchtish,1,"hal, john, ring, lantern, green, sinestro, jordan, episode"
pchti0p,1,"hal, john, ring, lantern, green, sinestro, jordan, episode"
pchthn4,0,"like, just, don, people, think, really, know, make"
pchthbs,1,"hal, john, ring, lantern, green, sinestro, jordan, episode"
pchteyj,2,"movie, bad, superman, supergirl, best, great, wonder, gunn"
pchtefl,1,"hal, john, ring, lantern, green, sinestro, jordan, episode"
pchtefx,0,"like, just, don, people, think, really, know, make"
pchtdbp,1,"hal, john, ring, lantern, green, sinestro, jordan, episode"
pchtd5u,1,"hal, john, ring, lantern, green, sinestro, jordan, episode"
pchtben,0,"like, just, don, people, think, really, know, make"
pchtask,0,"like, just, don, people, think, really, know, make"
pcht9yh,0,"like, just, don, people, think, really, know, make"
pcht9r9,0,"like, just, don, people, think, really, know, make"
pcht980,0,"like, just, don, people, think, really, know, make"
pcht8yr,1,"hal, john, ring, lantern, green, sinestro, jordan, episode"
pcht8ul,1,"hal, john, ring, lantern, green, sinestro, jordan, episode"
pcht8bm,1,"hal, john, ring, lantern, green, sinestro, jordan, episode"
pcht7i6,1,"hal, john, ring, lantern, green, sinestro, jordan, episode"
pcht788,1,"hal, john, ring, lantern, green, sinestro, jordan, episode"
pcht6xq,0,"like, just, don, people, think, really, know, make"
pcht6ln,0,"like, just, don, people, think, really, know, make"
pcht5yt,1,"hal, john, ring, lantern, green, sinestro, jordan, episode"
pcht4qb,1,"hal, john, ring, lantern, green, sinestro, jordan, episode"
pcht3be,1,"hal, john, ring, lantern, green, sinestro, jordan, episode"
pcht2kd,4,"good, movies, wonder, woman, wasn, looks, pretty, gal"
pcht29g,1,"hal, john, ring, lantern, green, sinestro, jordan, episode"
pcht0uk,1,"hal, john, ring, lantern, green, sinestro, jordan, episode"
pcht0jm,2,"movie, bad, superman, supergirl, best, great, wonder, gunn"
pchsz93,0,"like, just, don, people, think, really, know, make"
pchsy5x,2,"movie, bad, superman, supergirl, best, great, wonder, gunn"
pchsxts,1,"hal, john, ring, lantern, green, sinestro, jordan, episode"
pchsxpp,0,"like, just, don, people, think, really, know, make"
pchsxpq,1,"hal, john, ring, lantern, green, sinestro, jordan, episode"
pchsvx2,0,"like, just, don, people, think, really, know, make"
pchsvq5,0,"like, just, don, people, think, really, know, make"
pchsvll,1,"hal, john, ring, lantern, green, sinestro, jordan, episode"
pchsv1h,1,"hal, john, ring, lantern, green, sinestro, jordan, episode"
pchsta1,0,"like, just, don, people, think, really, know, make"
pchsrrf,0,"like, just, don, people, think, really, know, make"
pchsr7n,1,"hal, john, ring, lantern, green, sinestro, jordan, episode"
pchsr61,0,"like, just, don, people, think, really, know, make"
pchspi4,0,"like, just, don, people, think, really, know, make"
pchsplh,1,"hal, john, ring, lantern, green, sinestro, jordan, episode"
pchsnvu,1,"hal, john, ring, lantern, green, sinestro, jordan, episode"
pchsntj,0,"like, just, don, people, think, really, know, make"
pchsnj9,1,"hal, john, ring, lantern, green, sinestro, jordan, episode"
pchsnic,0,"like, just, don, people, think, really, know, make"
pchsnaj,1,"hal, john, ring, lantern, green, sinestro, jordan, episode"
pchsjyf,0,"like, just, don, people, think, really, know, make"
pchsizr,1,"hal, john, ring, lantern, green, sinestro, jordan, episode"
pchsgsl,0,"like, just, don, people, think, really, know, make"
pchsfr1,0,"like, just, don, people, think, really, know, make"
pchse0y,3,"batman, superman, dcu, reeves, want, universe, gunn, dc"
pchsbp3,1,"hal, john, ring, lantern, green, sinestro, jordan, episode"
pchsaup,1,"hal, john, ring, lantern, green, sinestro, jordan, episode"
pchsabz,0,"like, just, don, people, think, really, know, make"
pchsa5q,1,"hal, john, ring, lantern, green, sinestro, jordan, episode"
pchs84g,4,"good, movies, wonder, woman, wasn, looks, pretty, gal"
pchs7tk,0,"like, just, don, people, think, really, know, make"
pchs5w4,1,"hal, john, ring, lantern, green, sinestro, jordan, episode"
pchs5b0,1,"hal, john, ring, lantern, green, sinestro, jordan, episode"
pchs43y,0,"like, just, don, people, think, really, know, make"
pchs30x,2,"movie, bad, superman, supergirl, best, great, wonder, gunn"
pchs2tl,1,"hal, john, ring, lantern, green, sinestro, jordan, episode"
pchs2r2,4,"good, movies, wonder, woman, wasn, looks, pretty, gal"
pchs2gt,0,"like, just, don, people, think, really, know, make"
pchs2dc,0,"like, just, don, people, think, really, know, make"
pchs2ah,1,"hal, john, ring, lantern, green, sinestro, jordan, episode"
pchs0we,1,"hal, john, ring, lantern, green, sinestro, jordan, episode"
pchs0hk,4,"good, movies, wonder, woman, wasn, looks, pretty, gal"
pchs0fe,2,"movie, bad, superman, supergirl, best, great, wonder, gunn"
pchrz2q,1,"hal, john, ring, lantern, green, sinestro, jordan, episode"
pchry51,1,"hal, john, ring, lantern, green, sinestro, jordan, episode"
pchry5u,1,"hal, john, ring, lantern, green, sinestro, jordan, episode"
pchrxxn,1,"hal, john, ring, lantern, green, sinestro, jordan, episode"
pchrx97,1,"hal, john, ring, lantern, green, sinestro, jordan, episode"
pchrw4n,1,"hal, john, ring, lantern, green, sinestro, jordan, episode"
pchrvgs,0,"like, just, don, people, think, really, know, make"
pchrupi,1,"hal, john, ring, lantern, green, sinestro, jordan, episode"
pchrum1,0,"like, just, don, people, think, really, know, make"
pchrtnu,0,"like, just, don, people, think, really, know, make"
pchrrwb,3,"batman, superman, dcu, reeves, want, universe, gunn, dc"
pchrrhv,1,"hal, john, ring, lantern, green, sinestro, jordan, episode"
pchrquf,1,"hal, john, ring, lantern, green, sinestro, jordan, episode"
pchrq9v,1,"hal, john, ring, lantern, green, sinestro, jordan, episode"
pchrq7i,0,"like, just, don, people, think, really, know, make"
pchroek,1,"hal, john, ring, lantern, green, sinestro, jordan, episode"
pchrntf,0,"like, just, don, people, think, really, know, make"
pchrm6o,2,"movie, bad, superman, supergirl, best, great, wonder, gunn"
pchrkma,0,"like, just, don, people, think, really, know, make"
pchrjsl,0,"like, just, don, people, think, really, know, make"
pchrhws,0,"like, just, don, people, think, really, know, make"
pchrhnl,1,"hal, john, ring, lantern, green, sinestro, jordan, episode"
pchrho7,1,"hal, john, ring, lantern, green, sinestro, jordan, episode"
pchrhjd,1,"hal, john, ring, lantern, green, sinestro, jordan, episode"
pchrfop,1,"hal, john, ring, lantern, green, sinestro, jordan, episode"
pchrey8,4,"good, movies, wonder, woman, wasn, looks, pretty, gal"
pchrbo1,1,"hal, john, ring, lantern, green, sinestro, jordan, episode"
pchrbf0,1,"hal, john, ring, lantern, green, sinestro, jordan, episode"
pchrb3k,1,"hal, john, ring, lantern, green, sinestro, jordan, episode"
pchr98q,0,"like, just, don, people, think, really, know, make"
pchr8mz,3,"batman, superman, dcu, reeves, want, universe, gunn, dc"
pchr8dx,1,"hal, john, ring, lantern, green, sinestro, jordan, episode"
pchr7qq,1,"hal, john, ring, lantern, green, sinestro, jordan, episode"
pchr7sa,1,"hal, john, ring, lantern, green, sinestro, jordan, episode"
pchr5xa,1,"hal, john, ring, lantern, green, sinestro, jordan, episode"
pchr5ca,1,"hal, john, ring, lantern, green, sinestro, jordan, episode"
pchr52y,4,"good, movies, wonder, woman, wasn, looks, pretty, gal"
pchr3in,1,"hal, john, ring, lantern, green, sinestro, jordan, episode"
pchr20p,0,"like, just, don, people, think, really, know, make"
pchr24f,1,"hal, john, ring, lantern, green, sinestro, jordan, episode"
pchr209,1,"hal, john, ring, lantern, green, sinestro, jordan, episode"
pchqydy,1,"hal, john, ring, lantern, green, sinestro, jordan, episode"
pchqx72,0,"like, just, don, people, think, really, know, make"
pchqtp1,1,"hal, john, ring, lantern, green, sinestro, jordan, episode"
pchqrio,0,"like, just, don, people, think, really, know, make"
pchqp3y,1,"hal, john, ring, lantern, green, sinestro, jordan, episode"
pchqn4h,0,"like, just, don, people, think, really, know, make"
pchqlps,1,"hal, john, ring, lantern, green, sinestro, jordan, episode"
pchqlnm,2,"movie, bad, superman, supergirl, best, great, wonder, gunn"
pchqk1y,2,"movie, bad, superman, supergirl, best, great, wonder, gunn"
pchqj0x,1,"hal, john, ring, lantern, green, sinestro, jordan, episode"
pchqg4b,0,"like, just, don, people, think, really, know, make"
pchqbfx,3,"batman, superman, dcu, reeves, want, universe, gunn, dc"
pchqb60,1,"hal, john, ring, lantern, green, sinestro, jordan, episode"
pchqaxg,2,"movie, bad, superman, supergirl, best, great, wonder, gunn"
pchq9mj,2,"movie, bad, superman, supergirl, best, great, wonder, gunn"
pchq3di,0,"like, just, don, people, think, really, know, make"
pchq15h,3,"batman, superman, dcu, reeves, want, universe, gunn, dc"
pchpx9c,0,"like, just, don, people, think, really, know, make"
pchpse6,4,"good, movies, wonder, woman, wasn, looks, pretty, gal"
pchppts,3,"batman, superman, dcu, reeves, want, universe, gunn, dc"
pchpmro,2,"movie, bad, superman, supergirl, best, great, wonder, gunn"
pchpil5,1,"hal, john, ring, lantern, green, sinestro, jordan, episode"
pchpim3,4,"good, movies, wonder, woman, wasn, looks, pretty, gal"
pchpdu2,0,"like, just, don, people, think, really, know, make"
pchp4pr,0,"like, just, don, people, think, really, know, make"
pchov6s,1,"hal, john, ring, lantern, green, sinestro, jordan, episode"
pchos0s,1,"hal, john, ring, lantern, green, sinestro, jordan, episode"
pchor25,0,"like, just, don, people, think, really, know, make"
pchoos4,2,"movie, bad, superman, supergirl, best, great, wonder, gunn"
pchols9,1,"hal, john, ring, lantern, green, sinestro, jordan, episode"
pchocwq,1,"hal, john, ring, lantern, green, sinestro, jordan, episode"
pchoaxr,1,"hal, john, ring, lantern, green, sinestro, jordan, episode"
pcho9sn,1,"hal, john, ring, lantern, green, sinestro, jordan, episode"
pchnrh9,3,"batman, superman, dcu, reeves, want, universe, gunn, dc"
pchnbmg,1,"hal, john, ring, lantern, green, sinestro, jordan, episode"
pchn4d4,1,"hal, john, ring, lantern, green, sinestro, jordan, episode"
pchmzc1,1,"hal, john, ring, lantern, green, sinestro, jordan, episode"
pchmnw7,0,"like, just, don, people, think, really, know, make"
pchmn9o,1,"hal, john, ring, lantern, green, sinestro, jordan, episode"
pchmhkp,0,"like, just, don, people, think, really, know, make"
pchmedv,0,"like, just, don, people, think, really, know, make"
pchm92j,0,"like, just, don, people, think, really, know, make"
pchlwf2,0,"like, just, don, people, think, really, know, make"
pchlrk1,1,"hal, john, ring, lantern, green, sinestro, jordan, episode"
pchloks,0,"like, just, don, people, think, really, know, make"
pchln2g,2,"movie, bad, superman, supergirl, best, great, wonder, gunn"
pchlj5z,1,"hal, john, ring, lantern, green, sinestro, jordan, episode"
pchliu6,0,"like, just, don, people, think, really, know, make"
pchlc4n,1,"hal, john, ring, lantern, green, sinestro, jordan, episode"
pchl541,0,"like, just, don, people, think, really, know, make"
pchl3rm,0,"like, just, don, people, think, really, know, make"
pchl31h,1,"hal, john, ring, lantern, green, sinestro, jordan, episode"
pchl0xp,2,"movie, bad, superman, supergirl, best, great, wonder, gunn"
pchkx36,0,"like, just, don, people, think, really, know, make"
pchkwri,3,"batman, superman, dcu, reeves, want, universe, gunn, dc"
pchkuvq,1,"hal, john, ring, lantern, green, sinestro, jordan, episode"
pchkno8,1,"hal, john, ring, lantern, green, sinestro, jordan, episode"
pchke4x,0,"like, just, don, people, think, really, know, make"
pchkddi,0,"like, just, don, people, think, really, know, make"
pchkakq,1,"hal, john, ring, lantern, green, sinestro, jordan, episode"
pchkagn,0,"like, just, don, people, think, really, know, make"
pchk18i,0,"like, just, don, people, think, really, know, make"
pchjzj3,0,"like, just, don, people, think, really, know, make"
pchjxub,0,"like, just, don, people, think, really, know, make"
pchjt7s,4,"good, movies, wonder, woman, wasn, looks, pretty, gal"
pchjtap,1,"hal, john, ring, lantern, green, sinestro, jordan, episode"
pchjqfz,1,"hal, john, ring, lantern, green, sinestro, jordan, episode"
pchjhtt,0,"like, just, don, people, think, really, know, make"
pchjh24,2,"movie, bad, superman, supergirl, best, great, wonder, gunn"
pchjcdf,0,"like, just, don, people, think, really, know, make"
pchizsw,0,"like, just, don, people, think, really, know, make"
pchita1,4,"good, movies, wonder, woman, wasn, looks, pretty, gal"
pchiraz,0,"like, just, don, people, think, really, know, make"
pchimst,0,"like, just, don, people, think, really, know, make"
pchihgy,1,"hal, john, ring, lantern, green, sinestro, jordan, episode"
pchiear,0,"like, just, don, people, think, really, know, make"
pchibog,0,"like, just, don, people, think, really, know, make"
pchia15,0,"like, just, don, people, think, really, know, make"
pchi7t1,0,"like, just, don, people, think, really, know, make"
pchi5ls,1,"hal, john, ring, lantern, green, sinestro, jordan, episode"
pchi5eq,0,"like, just, don, people, think, really, know, make"
pchi4l6,0,"like, just, don, people, think, really, know, make"
pchi3ka,1,"hal, john, ring, lantern, green, sinestro, jordan, episode"
pchhwdk,0,"like, just, don, people, think, really, know, make"
pchhvr6,0,"like, just, don, people, think, really, know, make"
pchhqm0,0,"like, just, don, people, think, really, know, make"
pchhqhs,2,"movie, bad, superman, supergirl, best, great, wonder, gunn"
pchhj9n,3,"batman, superman, dcu, reeves, want, universe, gunn, dc"
pchhib6,0,"like, just, don, people, think, really, know, make"
pchhglw,0,"like, just, don, people, think, really, know, make"
pchhg55,0,"like, just, don, people, think, really, know, make"
pchh7xt,0,"like, just, don, people, think, really, know, make"
pchh6f9,3,"batman, superman, dcu, reeves, want, universe, gunn, dc"
pchgv73,2,"movie, bad, superman, supergirl, best, great, wonder, gunn"
pchgtxi,3,"batman, superman, dcu, reeves, want, universe, gunn, dc"
pchgtkv,3,"batman, superman, dcu, reeves, want, universe, gunn, dc"
pchggag,0,"like, just, don, people, think, really, know, make"
pchgf74,0,"like, just, don, people, think, really, know, make"
pchgdw1,0,"like, just, don, people, think, really, know, make"
pchg0ql,1,"hal, john, ring, lantern, green, sinestro, jordan, episode"
pchfyp0,1,"hal, john, ring, lantern, green, sinestro, jordan, episode"
pchfx8b,0,"like, just, don, people, think, really, know, make"
pchfsgc,0,"like, just, don, people, think, really, know, make"
pchfpja,0,"like, just, don, people, think, really, know, make"
pchflvh,0,"like, just, don, people, think, really, know, make"
pchfi11,0,"like, just, don, people, think, really, know, make"
pchf4hu,0,"like, just, don, people, think, really, know, make"
pchevim,0,"like, just, don, people, think, really, know, make"
pchev6g,2,"movie, bad, superman, supergirl, best, great, wonder, gunn"
pchet9b,0,"like, just, don, people, think, really, know, make"
pcherpv,0,"like, just, don, people, think, really, know, make"
pcheo37,2,"movie, bad, superman, supergirl, best, great, wonder, gunn"
pchekdj,0,"like, just, don, people, think, really, know, make"
pchehpj,0,"like, just, don, people, think, really, know, make"
pchegqb,0,"like, just, don, people, think, really, know, make"
pchedx0,4,"good, movies, wonder, woman, wasn, looks, pretty, gal"
pched7d,3,"batman, superman, dcu, reeves, want, universe, gunn, dc"
pched21,0,"like, just, don, people, think, really, know, make"
pchecnn,3,"batman, superman, dcu, reeves, want, universe, gunn, dc"
pcheb5g,0,"like, just, don, people, think, really, know, make"
pche94r,0,"like, just, don, people, think, really, know, make"
pche8ji,0,"like, just, don, people, think, really, know, make"
pche052,1,"hal, john, ring, lantern, green, sinestro, jordan, episode"
pchdw3a,0,"like, just, don, people, think, really, know, make"
pchdu53,2,"movie, bad, superman, supergirl, best, great, wonder, gunn"
pchdjqv,0,"like, just, don, people, think, really, know, make"
pchdf6z,3,"batman, superman, dcu, reeves, want, universe, gunn, dc"
pchdc4n,3,"batman, superman, dcu, reeves, want, universe, gunn, dc"
pchcvs5,0,"like, just, don, people, think, really, know, make"
pchcm64,4,"good, movies, wonder, woman, wasn, looks, pretty, gal"
pchch7m,0,"like, just, don, people, think, really, know, make"
pchc3p6,2,"movie, bad, superman, supergirl, best, great, wonder, gunn"
pchbxbd,0,"like, just, don, people, think, really, know, make"
pchbuwk,1,"hal, john, ring, lantern, green, sinestro, jordan, episode"
pchbs7q,0,"like, just, don, people, think, really, know, make"
pchbpph,4,"good, movies, wonder, woman, wasn, looks, pretty, gal"
pchbmuy,1,"hal, john, ring, lantern, green, sinestro, jordan, episode"
pchbg0x,0,"like, just, don, people, think, really, know, make"
pchaz8c,2,"movie, bad, superman, supergirl, best, great, wonder, gunn"
pchatrd,0,"like, just, don, people, think, really, know, make"
pchanzp,0,"like, just, don, people, think, really, know, make"
pchaln5,0,"like, just, don, people, think, really, know, make"
pchajg2,4,"good, movies, wonder, woman, wasn, looks, pretty, gal"
pchadz4,0,"like, just, don, people, think, really, know, make"
pchabkf,0,"like, just, don, people, think, really, know, make"
pcha539,0,"like, just, don, people, think, really, know, make"
pcha3w6,0,"like, just, don, people, think, really, know, make"
pch9qob,0,"like, just, don, people, think, really, know, make"
pch9qht,0,"like, just, don, people, think, really, know, make"
pch9okp,0,"like, just, don, people, think, really, know, make"
pch96i7,0,"like, just, don, people, think, really, know, make"
pch93au,3,"batman, superman, dcu, reeves, want, universe, gunn, dc"
pch8xn9,4,"good, movies, wonder, woman, wasn, looks, pretty, gal"
pch8wpf,2,"movie, bad, superman, supergirl, best, great, wonder, gunn"
pch8v2a,2,"movie, bad, superman, supergirl, best, great, wonder, gunn"
pch8ua8,1,"hal, john, ring, lantern, green, sinestro, jordan, episode"
pch8ttt,3,"batman, superman, dcu, reeves, want, universe, gunn, dc"
pch8pgo,1,"hal, john, ring, lantern, green, sinestro, jordan, episode"
pch8h3y,4,"good, movies, wonder, woman, wasn, looks, pretty, gal"
pch8aq2,0,"like, just, don, people, think, really, know, make"
pch87jz,1,"hal, john, ring, lantern, green, sinestro, jordan, episode"
pch7xe7,4,"good, movies, wonder, woman, wasn, looks, pretty, gal"
pch7w91,0,"like, just, don, people, think, really, know, make"
pch7rls,1,"hal, john, ring, lantern, green, sinestro, jordan, episode"
pch7j3z,3,"batman, superman, dcu, reeves, want, universe, gunn, dc"
pch79pw,3,"batman, superman, dcu, reeves, want, universe, gunn, dc"
pch7864,0,"like, just, don, people, think, really, know, make"
pch71ip,0,"like, just, don, people, think, really, know, make"
pch6ukl,0,"like, just, don, people, think, really, know, make"
pch6til,4,"good, movies, wonder, woman, wasn, looks, pretty, gal"
pch6ruv,0,"like, just, don, people, think, really, know, make"
pch6pxc,0,"like, just, don, people, think, really, know, make"
pch6ogw,2,"movie, bad, superman, supergirl, best, great, wonder, gunn"
pch6l5h,0,"like, just, don, people, think, really, know, make"
pch69r3,4,"good, movies, wonder, woman, wasn, looks, pretty, gal"
pch68dm,0,"like, just, don, people, think, really, know, make"
pch5www,2,"movie, bad, superman, supergirl, best, great, wonder, gunn"
pch5tyi,0,"like, just, don, people, think, really, know, make"
pch5phl,0,"like, just, don, people, think, really, know, make"
pch5lw3,0,"like, just, don, people, think, really, know, make"
pch5lnx,0,"like, just, don, people, think, really, know, make"
pch5jtk,1,"hal, john, ring, lantern, green, sinestro, jordan, episode"
pch5esv,2,"movie, bad, superman, supergirl, best, great, wonder, gunn"
pch56lz,0,"like, just, don, people, think, really, know, make"
pch52tr,1,"hal, john, ring, lantern, green, sinestro, jordan, episode"
pch4oir,3,"batman, superman, dcu, reeves, want, universe, gunn, dc"
pch4mjj,0,"like, just, don, people, think, really, know, make"
pch4jv6,3,"batman, superman, dcu, reeves, want, universe, gunn, dc"
pch4chb,0,"like, just, don, people, think, really, know, make"
pch46ag,2,"movie, bad, superman, supergirl, best, great, wonder, gunn"
pch43i2,0,"like, just, don, people, think, really, know, make"
pch42l4,2,"movie, bad, superman, supergirl, best, great, wonder, gunn"
pch3p1s,0,"like, just, don, people, think, really, know, make"
pch3nzj,0,"like, just, don, people, think, really, know, make"
pch3ews,0,"like, just, don, people, think, really, know, make"
pch350a,0,"like, just, don, people, think, really, know, make"
pch32qz,1,"hal, john, ring, lantern, green, sinestro, jordan, episode"
pch31uu,0,"like, just, don, people, think, really, know, make"
pch2sm6,1,"hal, john, ring, lantern, green, sinestro, jordan, episode"
pch2l1m,2,"movie, bad, superman, supergirl, best, great, wonder, gunn"
pch2cmu,0,"like, just, don, people, think, really, know, make"
pch23rv,0,"like, just, don, people, think, really, know, make"
pch224z,2,"movie, bad, superman, supergirl, best, great, wonder, gunn"
pch21ul,0,"like, just, don, people, think, really, know, make"
pch20it,3,"batman, superman, dcu, reeves, want, universe, gunn, dc"
pch1uqm,1,"hal, john, ring, lantern, green, sinestro, jordan, episode"
pch1qft,3,"batman, superman, dcu, reeves, want, universe, gunn, dc"
pch1kb5,0,"like, just, don, people, think, really, know, make"
pch1iq1,3,"batman, superman, dcu, reeves, want, universe, gunn, dc"
pch1gjv,0,"like, just, don, people, think, really, know, make"
pch13ew,3,"batman, superman, dcu, reeves, want, universe, gunn, dc"
pch1195,2,"movie, bad, superman, supergirl, best, great, wonder, gunn"
pch10gr,0,"like, just, don, people, think, really, know, make"
pch0vnl,0,"like, just, don, people, think, really, know, make"
pch0tt6,4,"good, movies, wonder, woman, wasn, looks, pretty, gal"
pch0tqd,1,"hal, john, ring, lantern, green, sinestro, jordan, episode"
pch0sfb,0,"like, just, don, people, think, really, know, make"
pch0s24,2,"movie, bad, superman, supergirl, best, great, wonder, gunn"
pch0pya,0,"like, just, don, people, think, really, know, make"
pch0ls4,0,"like, just, don, people, think, really, know, make"
pch0lbx,1,"hal, john, ring, lantern, green, sinestro, jordan, episode"
pch0k06,0,"like, just, don, people, think, really, know, make"
pch0j0z,0,"like, just, don, people, think, really, know, make"
pch0hd0,4,"good, movies, wonder, woman, wasn, looks, pretty, gal"
pch0fuy,4,"good, movies, wonder, woman, wasn, looks, pretty, gal"
pch0e8j,0,"like, just, don, people, think, really, know, make"
pch0ckl,0,"like, just, don, people, think, really, know, make"
pch0c81,4,"good, movies, wonder, woman, wasn, looks, pretty, gal"
pch0by1,4,"good, movies, wonder, woman, wasn, looks, pretty, gal"
pch09of,0,"like, just, don, people, think, really, know, make"
pch08fd,3,"batman, superman, dcu, reeves, want, universe, gunn, dc"
pch05rk,2,"movie, bad, superman, supergirl, best, great, wonder, gunn"
pch05h5,2,"movie, bad, superman, supergirl, best, great, wonder, gunn"
pcgzx7h,2,"movie, bad, superman, supergirl, best, great, wonder, gunn"
pcgzpoc,0,"like, just, don, people, think, really, know, make"
pcgzm63,4,"good, movies, wonder, woman, wasn, looks, pretty, gal"
pcgzia0,2,"movie, bad, superman, supergirl, best, great, wonder, gunn"
pcgzee6,0,"like, just, don, people, think, really, know, make"
pcgzd3n,0,"like, just, don, people, think, really, know, make"
pcgz96n,0,"like, just, don, people, think, really, know, make"
pcgz8hu,0,"like, just, don, people, think, really, know, make"
pcgz74k,1,"hal, john, ring, lantern, green, sinestro, jordan, episode"
pcgz6lq,1,"hal, john, ring, lantern, green, sinestro, jordan, episode"
pcgz5py,3,"batman, superman, dcu, reeves, want, universe, gunn, dc"
pcgz2do,0,"like, just, don, people, think, really, know, make"
pcgyz9s,4,"good, movies, wonder, woman, wasn, looks, pretty, gal"
pcgyyo0,3,"batman, superman, dcu, reeves, want, universe, gunn, dc"
pcgyv1o,4,"good, movies, wonder, woman, wasn, looks, pretty, gal"
pcgyuss,1,"hal, john, ring, lantern, green, sinestro, jordan, episode"
pcgys32,1,"hal, john, ring, lantern, green, sinestro, jordan, episode"
pcgyrb3,4,"good, movies, wonder, woman, wasn, looks, pretty, gal"
pcgyntp,0,"like, just, don, people, think, really, know, make"
pcgye9m,3,"batman, superman, dcu, reeves, want, universe, gunn, dc"
pcgy6hh,0,"like, just, don, people, think, really, know, make"
pcgy0hs,3,"batman, superman, dcu, reeves, want, universe, gunn, dc"
pcgxyfk,1,"hal, john, ring, lantern, green, sinestro, jordan, episode"
pcgxxhy,0,"like, just, don, people, think, really, know, make"
pcgxsqe,0,"like, just, don, people, think, really, know, make"
pcgxnon,4,"good, movies, wonder, woman, wasn, looks, pretty, gal"
pcgxlrz,1,"hal, john, ring, lantern, green, sinestro, jordan, episode"
pcgxii0,0,"like, just, don, people, think, really, know, make"
pcgxf0w,0,"like, just, don, people, think, really, know, make"
pcgxdj7,4,"good, movies, wonder, woman, wasn, looks, pretty, gal"
pcgx9il,0,"like, just, don, people, think, really, know, make"
pcgx4zj,0,"like, just, don, people, think, really, know, make"
pcgwyes,0,"like, just, don, people, think, really, know, make"
pcgwxq6,0,"like, just, don, people, think, really, know, make"
pcgwtlf,4,"good, movies, wonder, woman, wasn, looks, pretty, gal"
pcgwt6s,0,"like, just, don, people, think, really, know, make"
pcgwt5b,3,"batman, superman, dcu, reeves, want, universe, gunn, dc"
pcgwpv1,4,"good, movies, wonder, woman, wasn, looks, pretty, gal"
pcgwkce,2,"movie, bad, superman, supergirl, best, great, wonder, gunn"
pcgwhjw,3,"batman, superman, dcu, reeves, want, universe, gunn, dc"
pcgwbvv,4,"good, movies, wonder, woman, wasn, looks, pretty, gal"
pcgwazu,0,"like, just, don, people, think, really, know, make"
pcgw73j,4,"good, movies, wonder, woman, wasn, looks, pretty, gal"
pcgw6dv,0,"like, just, don, people, think, really, know, make"
pcgw6as,4,"good, movies, wonder, woman, wasn, looks, pretty, gal"
pcgw16y,0,"like, just, don, people, think, really, know, make"
pcgw0qe,1,"hal, john, ring, lantern, green, sinestro, jordan, episode"
pcgvzd3,0,"like, just, don, people, think, really, know, make"
pcgvvfd,0,"like, just, don, people, think, really, know, make"
pcgvuar,3,"batman, superman, dcu, reeves, want, universe, gunn, dc"
pcgvt8j,2,"movie, bad, superman, supergirl, best, great, wonder, gunn"
pcgvst9,1,"hal, john, ring, lantern, green, sinestro, jordan, episode"
pcgvsbg,4,"good, movies, wonder, woman, wasn, looks, pretty, gal"
pcgvrde,0,"like, just, don, people, think, really, know, make"
pcgvh23,2,"movie, bad, superman, supergirl, best, great, wonder, gunn"
pcgvfzo,0,"like, just, don, people, think, really, know, make"
pcgvetc,0,"like, just, don, people, think, really, know, make"
pcgvdqa,0,"like, just, don, people, think, really, know, make"
pcgvclk,4,"good, movies, wonder, woman, wasn, looks, pretty, gal"
pcgvbq7,0,"like, just, don, people, think, really, know, make"
pcgvbcj,0,"like, just, don, people, think, really, know, make"
pcgv8th,1,"hal, john, ring, lantern, green, sinestro, jordan, episode"
pcgv5xp,3,"batman, superman, dcu, reeves, want, universe, gunn, dc"
pcgv2z9,0,"like, just, don, people, think, really, know, make"
pcguyus,0,"like, just, don, people, think, really, know, make"
pcguym0,0,"like, just, don, people, think, really, know, make"
pcgux5o,0,"like, just, don, people, think, really, know, make"
pcguuvc,2,"movie, bad, superman, supergirl, best, great, wonder, gunn"
pcgutc5,4,"good, movies, wonder, woman, wasn, looks, pretty, gal"
pcgut93,3,"batman, superman, dcu, reeves, want, universe, gunn, dc"
pcguqzh,4,"good, movies, wonder, woman, wasn, looks, pretty, gal"
pcgunkp,0,"like, just, don, people, think, really, know, make"
pcguljd,0,"like, just, don, people, think, really, know, make"
pcgukqo,4,"good, movies, wonder, woman, wasn, looks, pretty, gal"
pcgujph,2,"movie, bad, superman, supergirl, best, great, wonder, gunn"
pcguh7t,0,"like, just, don, people, think, really, know, make"
pcgufbj,0,"like, just, don, people, think, really, know, make"
pcgubho,0,"like, just, don, people, think, really, know, make"
pcgua0l,2,"movie, bad, superman, supergirl, best, great, wonder, gunn"
pcgu8a2,2,"movie, bad, superman, supergirl, best, great, wonder, gunn"
pcgu6md,0,"like, just, don, people, think, really, know, make"
pcgu47y,0,"like, just, don, people, think, really, know, make"
pcgu2ue,0,"like, just, don, people, think, really, know, make"
pcgu123,4,"good, movies, wonder, woman, wasn, looks, pretty, gal"
pcgtxuv,4,"good, movies, wonder, woman, wasn, looks, pretty, gal"
pcgtths,0,"like, just, don, people, think, really, know, make"
pcgtq7h,0,"like, just, don, people, think, really, know, make"
pcgtpqw,0,"like, just, don, people, think, really, know, make"
pcgtpb2,0,"like, just, don, people, think, really, know, make"
pcgtox5,1,"hal, john, ring, lantern, green, sinestro, jordan, episode"
pcgtnwf,0,"like, just, don, people, think, really, know, make"
pcgtlxu,0,"like, just, don, people, think, really, know, make"
pcgtkyh,0,"like, just, don, people, think, really, know, make"
pcgthih,3,"batman, superman, dcu, reeves, want, universe, gunn, dc"
pcgth29,0,"like, just, don, people, think, really, know, make"
pcgtfa1,0,"like, just, don, people, think, really, know, make"
pcgtesz,4,"good, movies, wonder, woman, wasn, looks, pretty, gal"
pcgt7gx,1,"hal, john, ring, lantern, green, sinestro, jordan, episode"
pcgszna,2,"movie, bad, superman, supergirl, best, great, wonder, gunn"
pcgsxjt,2,"movie, bad, superman, supergirl, best, great, wonder, gunn"
pcgsmag,2,"movie, bad, superman, supergirl, best, great, wonder, gunn"
pcgsm29,4,"good, movies, wonder, woman, wasn, looks, pretty, gal"
pcgsld1,0,"like, just, don, people, think, really, know, make"
pcgsj8f,0,"like, just, don, people, think, really, know, make"
pcgsj96,1,"hal, john, ring, lantern, green, sinestro, jordan, episode"
pcgshgu,2,"movie, bad, superman, supergirl, best, great, wonder, gunn"
pcgsgwm,0,"like, just, don, people, think, really, know, make"
pcgse48,1,"hal, john, ring, lantern, green, sinestro, jordan, episode"
pcgsd4g,0,"like, just, don, people, think, really, know, make"
pcgs9gp,1,"hal, john, ring, lantern, green, sinestro, jordan, episode"
pcgs9jp,4,"good, movies, wonder, woman, wasn, looks, pretty, gal"
pcgs7wx,1,"hal, john, ring, lantern, green, sinestro, jordan, episode"
pcgs2t6,0,"like, just, don, people, think, really, know, make"
pcgs2v9,4,"good, movies, wonder, woman, wasn, looks, pretty, gal"
pcgs2a7,0,"like, just, don, people, think, really, know, make"
pcgs14x,0,"like, just, don, people, think, really, know, make"
pcgrztm,2,"movie, bad, superman, supergirl, best, great, wonder, gunn"
pcgryfa,0,"like, just, don, people, think, really, know, make"
pcgrvss,0,"like, just, don, people, think, really, know, make"
pcgruyv,0,"like, just, don, people, think, really, know, make"
pcgrub2,0,"like, just, don, people, think, really, know, make"
pcgrsyn,0,"like, just, don, people, think, really, know, make"
pcgrqzp,0,"like, just, don, people, think, really, know, make"
pcgrne3,2,"movie, bad, superman, supergirl, best, great, wonder, gunn"
pcgri8q,0,"like, just, don, people, think, really, know, make"
pcgrhnh,2,"movie, bad, superman, supergirl, best, great, wonder, gunn"
pcgrge4,2,"movie, bad, superman, supergirl, best, great, wonder, gunn"
pcgrfyg,0,"like, just, don, people, think, really, know, make"
pcgrbnb,0,"like, just, don, people, think, really, know, make"
pcgra70,0,"like, just, don, people, think, really, know, make"
pcgr8oz,0,"like, just, don, people, think, really, know, make"
pcgr6g5,4,"good, movies, wonder, woman, wasn, looks, pretty, gal"
pcgr5ov,3,"batman, superman, dcu, reeves, want, universe, gunn, dc"
pcgr5kn,3,"batman, superman, dcu, reeves, want, universe, gunn, dc"
pcgr4w3,0,"like, just, don, people, think, really, know, make"
pcgr3nu,0,"like, just, don, people, think, really, know, make"
pcgr2vv,0,"like, just, don, people, think, really, know, make"
pcgr2cw,0,"like, just, don, people, think, really, know, make"
pcgr1yc,3,"batman, superman, dcu, reeves, want, universe, gunn, dc"
pcgr1ys,0,"like, just, don, people, think, really, know, make"
pcgr1z5,0,"like, just, don, people, think, really, know, make"
pcgr1pt,0,"like, just, don, people, think, really, know, make"
pcgr0xu,0,"like, just, don, people, think, really, know, make"
pcgqxek,2,"movie, bad, superman, supergirl, best, great, wonder, gunn"
pcgqwbl,0,"like, just, don, people, think, really, know, make"
pcgqu3e,2,"movie, bad, superman, supergirl, best, great, wonder, gunn"
pcgqryh,4,"good, movies, wonder, woman, wasn, looks, pretty, gal"
pcgqrk1,2,"movie, bad, superman, supergirl, best, great, wonder, gunn"
pcgqo3i,0,"like, just, don, people, think, really, know, make"
pcgqjdb,1,"hal, john, ring, lantern, green, sinestro, jordan, episode"
pcgqinb,0,"like, just, don, people, think, really, know, make"
pcgqhx6,1,"hal, john, ring, lantern, green, sinestro, jordan, episode"
pcgqhus,0,"like, just, don, people, think, really, know, make"
pcgqh4q,2,"movie, bad, superman, supergirl, best, great, wonder, gunn"
pcgqebf,2,"movie, bad, superman, supergirl, best, great, wonder, gunn"
pcgqczz,4,"good, movies, wonder, woman, wasn, looks, pretty, gal"
pcgqafm,0,"like, just, don, people, think, really, know, make"
pcgqa92,0,"like, just, don, people, think, really, know, make"
pcgq6x5,0,"like, just, don, people, think, really, know, make"
pcgq61y,4,"good, movies, wonder, woman, wasn, looks, pretty, gal"
pcgq5iq,0,"like, just, don, people, think, really, know, make"
pcgq5dc,0,"like, just, don, people, think, really, know, make"
pcgq5du,4,"good, movies, wonder, woman, wasn, looks, pretty, gal"
pcgq4i4,3,"batman, superman, dcu, reeves, want, universe, gunn, dc"
pcgq39x,3,"batman, superman, dcu, reeves, want, universe, gunn, dc"
pcgpxxr,0,"like, just, don, people, think, really, know, make"
pcgpwa3,4,"good, movies, wonder, woman, wasn, looks, pretty, gal"
pcgppek,4,"good, movies, wonder, woman, wasn, looks, pretty, gal"
pcgpmcr,0,"like, just, don, people, think, really, know, make"
pcgplm8,0,"like, just, don, people, think, really, know, make"
pcgpgjh,0,"like, just, don, people, think, really, know, make"
pcgpdlr,0,"like, just, don, people, think, really, know, make"
pcgpddu,3,"batman, superman, dcu, reeves, want, universe, gunn, dc"
pcgp8h8,2,"movie, bad, superman, supergirl, best, great, wonder, gunn"
pcgp4y0,4,"good, movies, wonder, woman, wasn, looks, pretty, gal"
pcgp421,0,"like, just, don, people, think, really, know, make"
pcgp3w5,4,"good, movies, wonder, woman, wasn, looks, pretty, gal"
pcgp2fy,0,"like, just, don, people, think, really, know, make"
pcgoz82,1,"hal, john, ring, lantern, green, sinestro, jordan, episode"
pcgox3s,0,"like, just, don, people, think, really, know, make"
pcgowkr,3,"batman, superman, dcu, reeves, want, universe, gunn, dc"
pcgow9l,0,"like, just, don, people, think, really, know, make"
pcgorzr,0,"like, just, don, people, think, really, know, make"
pcgoqhe,0,"like, just, don, people, think, really, know, make"
pcgonv5,4,"good, movies, wonder, woman, wasn, looks, pretty, gal"
pcgoit1,4,"good, movies, wonder, woman, wasn, looks, pretty, gal"
pcgoevk,0,"like, just, don, people, think, really, know, make"
pcgoes5,0,"like, just, don, people, think, really, know, make"
pcgodkr,2,"movie, bad, superman, supergirl, best, great, wonder, gunn"
pcgocoq,2,"movie, bad, superman, supergirl, best, great, wonder, gunn"
pcgoc9a,0,"like, just, don, people, think, really, know, make"
pcgo9l8,0,"like, just, don, people, think, really, know, make"
pcgo9nk,0,"like, just, don, people, think, really, know, make"
pcgo7gz,3,"batman, superman, dcu, reeves, want, universe, gunn, dc"
pcgo2ee,0,"like, just, don, people, think, really, know, make"
pcgo0e5,0,"like, just, don, people, think, really, know, make"
pcgnzqj,2,"movie, bad, superman, supergirl, best, great, wonder, gunn"
pcgnw4w,0,"like, just, don, people, think, really, know, make"
pcgnru2,4,"good, movies, wonder, woman, wasn, looks, pretty, gal"
pcgnp3g,3,"batman, superman, dcu, reeves, want, universe, gunn, dc"
pcgnoub,0,"like, just, don, people, think, really, know, make"
pcgnmzj,4,"good, movies, wonder, woman, wasn, looks, pretty, gal"
pcgnm6r,2,"movie, bad, superman, supergirl, best, great, wonder, gunn"
pcgnkwx,2,"movie, bad, superman, supergirl, best, great, wonder, gunn"
pcgnhvw,0,"like, just, don, people, think, really, know, make"
pcgngpr,4,"good, movies, wonder, woman, wasn, looks, pretty, gal"
pcgn8pj,1,"hal, john, ring, lantern, green, sinestro, jordan, episode"
pcgn69r,0,"like, just, don, people, think, really, know, make"
pcgn5oa,3,"batman, superman, dcu, reeves, want, universe, gunn, dc"
pcgn5ka,0,"like, just, don, people, think, really, know, make"
pcgn55j,0,"like, just, don, people, think, really, know, make"
pcgn4hn,1,"hal, john, ring, lantern, green, sinestro, jordan, episode"
pcgn3rf,3,"batman, superman, dcu, reeves, want, universe, gunn, dc"
pcgn3cg,0,"like, just, don, people, think, really, know, make"
pcgn1yn,2,"movie, bad, superman, supergirl, best, great, wonder, gunn"
pcgmu3g,3,"batman, superman, dcu, reeves, want, universe, gunn, dc"
pcgmty8,3,"batman, superman, dcu, reeves, want, universe, gunn, dc"
pcgmkxk,0,"like, just, don, people, think, really, know, make"
pcgmhld,0,"like, just, don, people, think, really, know, make"
pcgmeje,0,"like, just, don, people, think, really, know, make"
pcgmbi4,0,"like, just, don, people, think, really, know, make"
pcgm53p,4,"good, movies, wonder, woman, wasn, looks, pretty, gal"
pcgm3ta,3,"batman, superman, dcu, reeves, want, universe, gunn, dc"
pcgm1oa,4,"good, movies, wonder, woman, wasn, looks, pretty, gal"
pcgm1f9,4,"good, movies, wonder, woman, wasn, looks, pretty, gal"
pcgm0h2,2,"movie, bad, superman, supergirl, best, great, wonder, gunn"
pcgm04x,4,"good, movies, wonder, woman, wasn, looks, pretty, gal"
pcglyj1,2,"movie, bad, superman, supergirl, best, great, wonder, gunn"
pcglxpj,3,"batman, superman, dcu, reeves, want, universe, gunn, dc"
pcglxga,4,"good, movies, wonder, woman, wasn, looks, pretty, gal"
pcglx4m,0,"like, just, don, people, think, really, know, make"
pcglszz,1,"hal, john, ring, lantern, green, sinestro, jordan, episode"
pcglsmn,4,"good, movies, wonder, woman, wasn, looks, pretty, gal"
pcgloc3,0,"like, just, don, people, think, really, know, make"
pcglo5f,3,"batman, superman, dcu, reeves, want, universe, gunn, dc"
pcgln3q,4,"good, movies, wonder, woman, wasn, looks, pretty, gal"
pcgljx9,0,"like, just, don, people, think, really, know, make"
pcgljm5,0,"like, just, don, people, think, really, know, make"
pcglg93,0,"like, just, don, people, think, really, know, make"
pcgle4f,0,"like, just, don, people, think, really, know, make"
pcgl95w,4,"good, movies, wonder, woman, wasn, looks, pretty, gal"
pcgl7od,4,"good, movies, wonder, woman, wasn, looks, pretty, gal"
pcgl5oc,0,"like, just, don, people, think, really, know, make"
pcgl49e,3,"batman, superman, dcu, reeves, want, universe, gunn, dc"
pcgl3sn,0,"like, just, don, people, think, really, know, make"
pcgl0gb,0,"like, just, don, people, think, really, know, make"
pcgkzt9,3,"batman, superman, dcu, reeves, want, universe, gunn, dc"
pcgkzly,2,"movie, bad, superman, supergirl, best, great, wonder, gunn"
pcgkzjx,4,"good, movies, wonder, woman, wasn, looks, pretty, gal"
pcgkwyi,0,"like, just, don, people, think, really, know, make"
pcgkt4u,0,"like, just, don, people, think, really, know, make"
pcgkr7b,2,"movie, bad, superman, supergirl, best, great, wonder, gunn"
pcgkpht,0,"like, just, don, people, think, really, know, make"
pcgkozl,0,"like, just, don, people, think, really, know, make"
pcgkorp,4,"good, movies, wonder, woman, wasn, looks, pretty, gal"
pcgklp9,0,"like, just, don, people, think, really, know, make"
pcgkjtd,2,"movie, bad, superman, supergirl, best, great, wonder, gunn"
pcgkfmv,0,"like, just, don, people, think, really, know, make"
pcgk9xy,3,"batman, superman, dcu, reeves, want, universe, gunn, dc"
pcgk8dt,2,"movie, bad, superman, supergirl, best, great, wonder, gunn"
pcgk89e,0,"like, just, don, people, think, really, know, make"
pcgk6sz,0,"like, just, don, people, think, really, know, make"
pcgk4xr,0,"like, just, don, people, think, really, know, make"
pcgk2l3,2,"movie, bad, superman, supergirl, best, great, wonder, gunn"
pcgk24f,0,"like, just, don, people, think, really, know, make"
pcgk0hx,0,"like, just, don, people, think, really, know, make"
pcgjywg,2,"movie, bad, superman, supergirl, best, great, wonder, gunn"
pcgjsv4,0,"like, just, don, people, think, really, know, make"
pcgjsn4,4,"good, movies, wonder, woman, wasn, looks, pretty, gal"
pcgjpt8,4,"good, movies, wonder, woman, wasn, looks, pretty, gal"
pcgjpnm,0,"like, just, don, people, think, really, know, make"
pcgjphc,0,"like, just, don, people, think, really, know, make"
pcgjojv,0,"like, just, don, people, think, really, know, make"
pcgjolu,3,"batman, superman, dcu, reeves, want, universe, gunn, dc"
pcgjmbm,0,"like, just, don, people, think, really, know, make"
pcgjk1r,0,"like, just, don, people, think, really, know, make"
pcgjjmk,0,"like, just, don, people, think, really, know, make"
pcgjil3,0,"like, just, don, people, think, really, know, make"
pcgjifp,0,"like, just, don, people, think, really, know, make"
pcgjh8r,4,"good, movies, wonder, woman, wasn, looks, pretty, gal"
pcgjh0m,0,"like, just, don, people, think, really, know, make"
pcgjani,0,"like, just, don, people, think, really, know, make"
pcgj7k1,0,"like, just, don, people, think, really, know, make"
pcgj6m5,0,"like, just, don, people, think, really, know, make"
pcgivhr,2,"movie, bad, superman, supergirl, best, great, wonder, gunn"
pcgit6d,0,"like, just, don, people, think, really, know, make"
pcgioe6,2,"movie, bad, superman, supergirl, best, great, wonder, gunn"
pcgin9g,0,"like, just, don, people, think, really, know, make"
pcgimbh,4,"good, movies, wonder, woman, wasn, looks, pretty, gal"
pcgilze,0,"like, just, don, people, think, really, know, make"
pcgil21,4,"good, movies, wonder, woman, wasn, looks, pretty, gal"
pcgil42,0,"like, just, don, people, think, really, know, make"
pcgik2w,0,"like, just, don, people, think, really, know, make"
pcgii2e,0,"like, just, don, people, think, really, know, make"
pcgiht0,0,"like, just, don, people, think, really, know, make"
pcgif4j,0,"like, just, don, people, think, really, know, make"
pcgid0m,0,"like, just, don, people, think, really, know, make"
pcgicy7,0,"like, just, don, people, think, really, know, make"
pcgiaax,0,"like, just, don, people, think, really, know, make"
pcgi9oh,0,"like, just, don, people, think, really, know, make"
pcgi9b7,4,"good, movies, wonder, woman, wasn, looks, pretty, gal"
pcgi8a0,4,"good, movies, wonder, woman, wasn, looks, pretty, gal"
pcgi72g,3,"batman, superman, dcu, reeves, want, universe, gunn, dc"
pcgi11v,0,"like, just, don, people, think, really, know, make"
pcghzg7,4,"good, movies, wonder, woman, wasn, looks, pretty, gal"
pcghxot,0,"like, just, don, people, think, really, know, make"
pcght7i,2,"movie, bad, superman, supergirl, best, great, wonder, gunn"
pcghpg0,4,"good, movies, wonder, woman, wasn, looks, pretty, gal"
pcghp8f,4,"good, movies, wonder, woman, wasn, looks, pretty, gal"
pcghneu,4,"good, movies, wonder, woman, wasn, looks, pretty, gal"
pcghhv8,4,"good, movies, wonder, woman, wasn, looks, pretty, gal"
pcghey8,2,"movie, bad, superman, supergirl, best, great, wonder, gunn"
pcghduj,0,"like, just, don, people, think, really, know, make"
pcghcck,0,"like, just, don, people, think, really, know, make"
pcgh907,4,"good, movies, wonder, woman, wasn, looks, pretty, gal"
pcgh62k,0,"like, just, don, people, think, really, know, make"
pcgh62t,4,"good, movies, wonder, woman, wasn, looks, pretty, gal"
pcgh3c1,0,"like, just, don, people, think, really, know, make"
pcgh3fj,4,"good, movies, wonder, woman, wasn, looks, pretty, gal"
pcgh2vf,2,"movie, bad, superman, supergirl, best, great, wonder, gunn"
pcgh16f,0,"like, just, don, people, think, really, know, make"
pcggyhl,0,"like, just, don, people, think, really, know, make"
pcggwue,2,"movie, bad, superman, supergirl, best, great, wonder, gunn"
pcggvmn,2,"movie, bad, superman, supergirl, best, great, wonder, gunn"
pcggu0m,0,"like, just, don, people, think, really, know, make"
pcggra9,0,"like, just, don, people, think, really, know, make"
pcggm8r,4,"good, movies, wonder, woman, wasn, looks, pretty, gal"
pcggk29,0,"like, just, don, people, think, really, know, make"
pcggjvc,0,"like, just, don, people, think, really, know, make"
pcggeih,2,"movie, bad, superman, supergirl, best, great, wonder, gunn"
pcggdqv,4,"good, movies, wonder, woman, wasn, looks, pretty, gal"
pcggc72,0,"like, just, don, people, think, really, know, make"
pcggaq1,2,"movie, bad, superman, supergirl, best, great, wonder, gunn"
pcggari,2,"movie, bad, superman, supergirl, best, great, wonder, gunn"
pcgga07,0,"like, just, don, people, think, really, know, make"
pcgg9xn,0,"like, just, don, people, think, really, know, make"
pcgg9kp,0,"like, just, don, people, think, really, know, make"
pcgg9h1,4,"good, movies, wonder, woman, wasn, looks, pretty, gal"
pcgg6z6,0,"like, just, don, people, think, really, know, make"
pcgg4sy,4,"good, movies, wonder, woman, wasn, looks, pretty, gal"
pcgg4hi,0,"like, just, don, people, think, really, know, make"
pcgg1so,0,"like, just, don, people, think, really, know, make"
pcgfyt9,3,"batman, superman, dcu, reeves, want, universe, gunn, dc"
pcgfuk4,0,"like, just, don, people, think, really, know, make"
pcgfrr0,3,"batman, superman, dcu, reeves, want, universe, gunn, dc"
pcgfr76,0,"like, just, don, people, think, really, know, make"
pcgfqu0,0,"like, just, don, people, think, really, know, make"
pcgfnr9,2,"movie, bad, superman, supergirl, best, great, wonder, gunn"
pcgfk01,2,"movie, bad, superman, supergirl, best, great, wonder, gunn"
pcgfi6e,4,"good, movies, wonder, woman, wasn, looks, pretty, gal"
pcgfhsq,4,"good, movies, wonder, woman, wasn, looks, pretty, gal"
pcgfhp2,1,"hal, john, ring, lantern, green, sinestro, jordan, episode"
pcgffic,2,"movie, bad, superman, supergirl, best, great, wonder, gunn"
pcgf93j,0,"like, just, don, people, think, really, know, make"
pcgf7qc,4,"good, movies, wonder, woman, wasn, looks, pretty, gal"
pcgf4wc,0,"like, just, don, people, think, really, know, make"
pcgf1lc,4,"good, movies, wonder, woman, wasn, looks, pretty, gal"
pcgewsk,1,"hal, john, ring, lantern, green, sinestro, jordan, episode"
pcgevcc,0,"like, just, don, people, think, really, know, make"
pcgeqg6,1,"hal, john, ring, lantern, green, sinestro, jordan, episode"
pcgenk4,2,"movie, bad, superman, supergirl, best, great, wonder, gunn"
pcgeidy,4,"good, movies, wonder, woman, wasn, looks, pretty, gal"
pcgeg3z,0,"like, just, don, people, think, really, know, make"
pcgee3l,0,"like, just, don, people, think, really, know, make"
pcgedf3,0,"like, just, don, people, think, really, know, make"
pcgec1s,0,"like, just, don, people, think, really, know, make"
pcgeb8n,2,"movie, bad, superman, supergirl, best, great, wonder, gunn"
pcge88w,2,"movie, bad, superman, supergirl, best, great, wonder, gunn"
pcge84w,0,"like, just, don, people, think, really, know, make"
pcge4l9,4,"good, movies, wonder, woman, wasn, looks, pretty, gal"
pcge3os,4,"good, movies, wonder, woman, wasn, looks, pretty, gal"
pcgdxlq,0,"like, just, don, people, think, really, know, make"
pcgdwr5,0,"like, just, don, people, think, really, know, make"
pcgdpr9,3,"batman, superman, dcu, reeves, want, universe, gunn, dc"
pcgdnup,0,"like, just, don, people, think, really, know, make"
pcgdni6,0,"like, just, don, people, think, really, know, make"
pcgdncf,4,"good, movies, wonder, woman, wasn, looks, pretty, gal"
pcgdl99,2,"movie, bad, superman, supergirl, best, great, wonder, gunn"
pcgdkec,2,"movie, bad, superman, supergirl, best, great, wonder, gunn"
pcgdfz8,3,"batman, superman, dcu, reeves, want, universe, gunn, dc"
pcgd9jh,4,"good, movies, wonder, woman, wasn, looks, pretty, gal"
pcgd64b,3,"batman, superman, dcu, reeves, want, universe, gunn, dc"
pcgd65f,0,"like, just, don, people, think, really, know, make"
pcgd5ll,3,"batman, superman, dcu, reeves, want, universe, gunn, dc"
pcgd42w,0,"like, just, don, people, think, really, know, make"
pcgd20m,2,"movie, bad, superman, supergirl, best, great, wonder, gunn"
pcgd04p,0,"like, just, don, people, think, really, know, make"
pcgczwd,0,"like, just, don, people, think, really, know, make"
pcgcxng,0,"like, just, don, people, think, really, know, make"
pcgcwo0,2,"movie, bad, superman, supergirl, best, great, wonder, gunn"
pcgcwpl,0,"like, just, don, people, think, really, know, make"
pcgcs52,2,"movie, bad, superman, supergirl, best, great, wonder, gunn"
pcgcm4b,0,"like, just, don, people, think, really, know, make"
pcgck2i,0,"like, just, don, people, think, really, know, make"
pcgcjzi,2,"movie, bad, superman, supergirl, best, great, wonder, gunn"
pcgcjn7,0,"like, just, don, people, think, really, know, make"
pcgcis9,0,"like, just, don, people, think, really, know, make"
pcgcfpl,0,"like, just, don, people, think, really, know, make"
pcgca1v,4,"good, movies, wonder, woman, wasn, looks, pretty, gal"
pcgc6gp,4,"good, movies, wonder, woman, wasn, looks, pretty, gal"
pcgc5y8,2,"movie, bad, superman, supergirl, best, great, wonder, gunn"
pcgc5rh,1,"hal, john, ring, lantern, green, sinestro, jordan, episode"
pcgc5m3,0,"like, just, don, people, think, really, know, make"
pcgc3ya,0,"like, just, don, people, think, really, know, make"
pcgc2kh,2,"movie, bad, superman, supergirl, best, great, wonder, gunn"
pcgby67,2,"movie, bad, superman, supergirl, best, great, wonder, gunn"
pcgbxit,0,"like, just, don, people, think, really, know, make"
pcgbq7w,0,"like, just, don, people, think, really, know, make"
pcgbpwg,1,"hal, john, ring, lantern, green, sinestro, jordan, episode"
pcgbl3d,1,"hal, john, ring, lantern, green, sinestro, jordan, episode"
pcgbkfz,0,"like, just, don, people, think, really, know, make"
pcgbj2s,0,"like, just, don, people, think, really, know, make"
pcgbhyz,0,"like, just, don, people, think, really, know, make"
pcgbeve,4,"good, movies, wonder, woman, wasn, looks, pretty, gal"
pcgbavl,4,"good, movies, wonder, woman, wasn, looks, pretty, gal"
pcgb921,0,"like, just, don, people, think, really, know, make"
pcgb7ue,0,"like, just, don, people, think, really, know, make"
pcgb4c9,1,"hal, john, ring, lantern, green, sinestro, jordan, episode"
pcgb28n,0,"like, just, don, people, think, really, know, make"
pcgb04m,4,"good, movies, wonder, woman, wasn, looks, pretty, gal"
pcgaw93,4,"good, movies, wonder, woman, wasn, looks, pretty, gal"
pcgavu1,0,"like, just, don, people, think, really, know, make"
pcgavdz,0,"like, just, don, people, think, really, know, make"
pcgau5l,4,"good, movies, wonder, woman, wasn, looks, pretty, gal"
pcganah,2,"movie, bad, superman, supergirl, best, great, wonder, gunn"
pcgal3i,0,"like, just, don, people, think, really, know, make"
pcgagwk,0,"like, just, don, people, think, really, know, make"
pcgagky,0,"like, just, don, people, think, really, know, make"
pcgag2b,2,"movie, bad, superman, supergirl, best, great, wonder, gunn"
pcgafkf,4,"good, movies, wonder, woman, wasn, looks, pretty, gal"
pcgaezt,0,"like, just, don, people, think, really, know, make"
pcgad3y,0,"like, just, don, people, think, really, know, make"
pcga9u0,0,"like, just, don, people, think, really, know, make"
pcga8ti,1,"hal, john, ring, lantern, green, sinestro, jordan, episode"
pcga8xk,0,"like, just, don, people, think, really, know, make"
pcga34b,4,"good, movies, wonder, woman, wasn, looks, pretty, gal"
pcg9zc2,3,"batman, superman, dcu, reeves, want, universe, gunn, dc"
pcg9xw6,0,"like, just, don, people, think, really, know, make"
pcg9xkb,0,"like, just, don, people, think, really, know, make"
pcg9u8q,0,"like, just, don, people, think, really, know, make"
pcg9s23,2,"movie, bad, superman, supergirl, best, great, wonder, gunn"
pcg9p8g,0,"like, just, don, people, think, really, know, make"
pcg9msu,1,"hal, john, ring, lantern, green, sinestro, jordan, episode"
pcg9lli,0,"like, just, don, people, think, really, know, make"
pcg9j82,1,"hal, john, ring, lantern, green, sinestro, jordan, episode"
pcg9hb0,0,"like, just, don, people, think, really, know, make"
pcg9gto,0,"like, just, don, people, think, really, know, make"
pcg9ed9,3,"batman, superman, dcu, reeves, want, universe, gunn, dc"
pcg9dfa,1,"hal, john, ring, lantern, green, sinestro, jordan, episode"
pcg9cwq,3,"batman, superman, dcu, reeves, want, universe, gunn, dc"
pcg9ck8,2,"movie, bad, superman, supergirl, best, great, wonder, gunn"
pcg97ww,0,"like, just, don, people, think, really, know, make"
pcg96fh,2,"movie, bad, superman, supergirl, best, great, wonder, gunn"
pcg94ay,0,"like, just, don, people, think, really, know, make"
pcg8zpo,0,"like, just, don, people, think, really, know, make"
pcg8xf3,4,"good, movies, wonder, woman, wasn, looks, pretty, gal"
pcg8whu,3,"batman, superman, dcu, reeves, want, universe, gunn, dc"
pcg8st3,4,"good, movies, wonder, woman, wasn, looks, pretty, gal"
pcg8s6q,4,"good, movies, wonder, woman, wasn, looks, pretty, gal"
pcg8qwc,0,"like, just, don, people, think, really, know, make"
pcg8ptl,0,"like, just, don, people, think, really, know, make"
pcg8o00,0,"like, just, don, people, think, really, know, make"
pcg8nqf,4,"good, movies, wonder, woman, wasn, looks, pretty, gal"
pcg8lqk,4,"good, movies, wonder, woman, wasn, looks, pretty, gal"
pcg8g3k,0,"like, just, don, people, think, really, know, make"
pcg8f7g,2,"movie, bad, superman, supergirl, best, great, wonder, gunn"
pcg8f40,0,"like, just, don, people, think, really, know, make"
pcg8d1n,0,"like, just, don, people, think, really, know, make"
pcg8d52,4,"good, movies, wonder, woman, wasn, looks, pretty, gal"
pcg8cx8,2,"movie, bad, superman, supergirl, best, great, wonder, gunn"
pcg8ak7,4,"good, movies, wonder, woman, wasn, looks, pretty, gal"
pcg89nv,0,"like, just, don, people, think, really, know, make"
pcg88b6,2,"movie, bad, superman, supergirl, best, great, wonder, gunn"
pcg87te,2,"movie, bad, superman, supergirl, best, great, wonder, gunn"
pcg84ko,4,"good, movies, wonder, woman, wasn, looks, pretty, gal"
pcg82zu,4,"good, movies, wonder, woman, wasn, looks, pretty, gal"
pcg82e7,4,"good, movies, wonder, woman, wasn, looks, pretty, gal"
pcg820q,2,"movie, bad, superman, supergirl, best, great, wonder, gunn"
pcg8137,4,"good, movies, wonder, woman, wasn, looks, pretty, gal"
pcg80bo,1,"hal, john, ring, lantern, green, sinestro, jordan, episode"
pcg7y83,0,"like, just, don, people, think, really, know, make"
pcg7xra,0,"like, just, don, people, think, really, know, make"
pcg7vi4,3,"batman, superman, dcu, reeves, want, universe, gunn, dc"
pcg7tsd,0,"like, just, don, people, think, really, know, make"
pcg7stk,0,"like, just, don, people, think, really, know, make"
pcg7siu,2,"movie, bad, superman, supergirl, best, great, wonder, gunn"
pcg7s30,4,"good, movies, wonder, woman, wasn, looks, pretty, gal"
pcg7rhm,0,"like, just, don, people, think, really, know, make"
pcg7qr0,0,"like, just, don, people, think, really, know, make"
pcg7kbm,4,"good, movies, wonder, woman, wasn, looks, pretty, gal"
pcg7jsr,0,"like, just, don, people, think, really, know, make"
pcg7hpb,4,"good, movies, wonder, woman, wasn, looks, pretty, gal"
pcg7ftr,2,"movie, bad, superman, supergirl, best, great, wonder, gunn"
pcg7f6f,2,"movie, bad, superman, supergirl, best, great, wonder, gunn"
pcg7deu,4,"good, movies, wonder, woman, wasn, looks, pretty, gal"
pcg7ajx,0,"like, just, don, people, think, really, know, make"
pcg77vs,0,"like, just, don, people, think, really, know, make"
pcg75yd,3,"batman, superman, dcu, reeves, want, universe, gunn, dc"
pcg6x25,4,"good, movies, wonder, woman, wasn, looks, pretty, gal"
pcg6oqv,4,"good, movies, wonder, woman, wasn, looks, pretty, gal"
pcg6ivt,3,"batman, superman, dcu, reeves, want, universe, gunn, dc"
pcg6g7d,1,"hal, john, ring, lantern, green, sinestro, jordan, episode"
pcg6g52,0,"like, just, don, people, think, really, know, make"
pcg6g6p,0,"like, just, don, people, think, really, know, make"
pcg6fyr,2,"movie, bad, superman, supergirl, best, great, wonder, gunn"
pcg6am3,0,"like, just, don, people, think, really, know, make"
pcg69gh,0,"like, just, don, people, think, really, know, make"
pcg68fz,3,"batman, superman, dcu, reeves, want, universe, gunn, dc"
pcg67he,0,"like, just, don, people, think, really, know, make"
pcg66lj,0,"like, just, don, people, think, really, know, make"
pcg65m0,0,"like, just, don, people, think, really, know, make"
pcg645c,0,"like, just, don, people, think, really, know, make"
pcg63nr,2,"movie, bad, superman, supergirl, best, great, wonder, gunn"
pcg60ea,0,"like, just, don, people, think, really, know, make"
pcg60fs,2,"movie, bad, superman, supergirl, best, great, wonder, gunn"
pcg5yq4,4,"good, movies, wonder, woman, wasn, looks, pretty, gal"
pcg5xeo,0,"like, just, don, people, think, really, know, make"
pcg5w38,0,"like, just, don, people, think, really, know, make"
pcg5vfy,3,"batman, superman, dcu, reeves, want, universe, gunn, dc"
pcg5r74,3,"batman, superman, dcu, reeves, want, universe, gunn, dc"
pcg5r3i,4,"good, movies, wonder, woman, wasn, looks, pretty, gal"
pcg5qkp,3,"batman, superman, dcu, reeves, want, universe, gunn, dc"
pcg5q1z,2,"movie, bad, superman, supergirl, best, great, wonder, gunn"
pcg5ovs,0,"like, just, don, people, think, really, know, make"
pcg5ni7,0,"like, just, don, people, think, really, know, make"
pcg5hnw,0,"like, just, don, people, think, really, know, make"
pcg5hp1,3,"batman, superman, dcu, reeves, want, universe, gunn, dc"
pcg59na,3,"batman, superman, dcu, reeves, want, universe, gunn, dc"
pcg56j8,2,"movie, bad, superman, supergirl, best, great, wonder, gunn"
pcg52d1,2,"movie, bad, superman, supergirl, best, great, wonder, gunn"
pcg4zwn,0,"like, just, don, people, think, really, know, make"
pcg4xnl,4,"good, movies, wonder, woman, wasn, looks, pretty, gal"
pcg4xio,0,"like, just, don, people, think, really, know, make"
pcg4vf6,0,"like, just, don, people, think, really, know, make"
pcg4ul2,0,"like, just, don, people, think, really, know, make"
pcg4ouk,3,"batman, superman, dcu, reeves, want, universe, gunn, dc"
pcg4jag,2,"movie, bad, superman, supergirl, best, great, wonder, gunn"
pcg4iyp,0,"like, just, don, people, think, really, know, make"
pcg4hwt,0,"like, just, don, people, think, really, know, make"
pcg4hv9,0,"like, just, don, people, think, really, know, make"
pcg4cbv,0,"like, just, don, people, think, really, know, make"
pcg4bgk,4,"good, movies, wonder, woman, wasn, looks, pretty, gal"
pcg3wgm,0,"like, just, don, people, think, really, know, make"
pcg3u0z,0,"like, just, don, people, think, really, know, make"
pcg3t5e,0,"like, just, don, people, think, really, know, make"
pcg3qxg,0,"like, just, don, people, think, really, know, make"
pcg3pma,0,"like, just, don, people, think, really, know, make"
pcg3pev,3,"batman, superman, dcu, reeves, want, universe, gunn, dc"
pcg3nqn,0,"like, just, don, people, think, really, know, make"
pcg3m1o,2,"movie, bad, superman, supergirl, best, great, wonder, gunn"
pcg3i3i,0,"like, just, don, people, think, really, know, make"
pcg3i5x,0,"like, just, don, people, think, really, know, make"
pcg3fm8,3,"batman, superman, dcu, reeves, want, universe, gunn, dc"
pcg3av3,0,"like, just, don, people, think, really, know, make"
pcg39ja,2,"movie, bad, superman, supergirl, best, great, wonder, gunn"
pcg318h,0,"like, just, don, people, think, really, know, make"
pcg311x,0,"like, just, don, people, think, really, know, make"
pcg2zvm,0,"like, just, don, people, think, really, know, make"
pcg2y9n,0,"like, just, don, people, think, really, know, make"
pcg2wg5,0,"like, just, don, people, think, really, know, make"
pcg2vqo,0,"like, just, don, people, think, really, know, make"
pcg2vm5,0,"like, just, don, people, think, really, know, make"
pcg2nyj,4,"good, movies, wonder, woman, wasn, looks, pretty, gal"
pcg2j4c,0,"like, just, don, people, think, really, know, make"
pcg2ixg,4,"good, movies, wonder, woman, wasn, looks, pretty, gal"
pcg2isf,0,"like, just, don, people, think, really, know, make"
pcg2e1t,0,"like, just, don, people, think, really, know, make"
pcg2b15,3,"batman, superman, dcu, reeves, want, universe, gunn, dc"
pcg28l0,0,"like, just, don, people, think, really, know, make"
pcg26th,2,"movie, bad, superman, supergirl, best, great, wonder, gunn"
pcg24ji,0,"like, just, don, people, think, really, know, make"
pcg23zd,0,"like, just, don, people, think, really, know, make"
pcg21ju,0,"like, just, don, people, think, really, know, make"
pcg2104,4,"good, movies, wonder, woman, wasn, looks, pretty, gal"
pcg1v5t,3,"batman, superman, dcu, reeves, want, universe, gunn, dc"
pcg1uty,3,"batman, superman, dcu, reeves, want, universe, gunn, dc"
pcg1ud0,0,"like, just, don, people, think, really, know, make"
pcg1tzp,4,"good, movies, wonder, woman, wasn, looks, pretty, gal"
pcg1soe,3,"batman, superman, dcu, reeves, want, universe, gunn, dc"
pcg1s67,0,"like, just, don, people, think, really, know, make"
pcg1rjd,0,"like, just, don, people, think, really, know, make"
pcg1q1m,4,"good, movies, wonder, woman, wasn, looks, pretty, gal"
pcg1pjs,0,"like, just, don, people, think, really, know, make"
pcg1nnz,0,"like, just, don, people, think, really, know, make"
pcg1m7b,0,"like, just, don, people, think, really, know, make"
pcg1j9q,0,"like, just, don, people, think, really, know, make"
pcg1hvf,0,"like, just, don, people, think, really, know, make"
pcg1fma,2,"movie, bad, superman, supergirl, best, great, wonder, gunn"
pcg1cwy,0,"like, just, don, people, think, really, know, make"
pcg1bcw,4,"good, movies, wonder, woman, wasn, looks, pretty, gal"
pcg19ed,2,"movie, bad, superman, supergirl, best, great, wonder, gunn"
pcg18i1,4,"good, movies, wonder, woman, wasn, looks, pretty, gal"
pcg17si,1,"hal, john, ring, lantern, green, sinestro, jordan, episode"
pcg1573,3,"batman, superman, dcu, reeves, want, universe, gunn, dc"
pcg14gg,1,"hal, john, ring, lantern, green, sinestro, jordan, episode"
pcg108y,0,"like, just, don, people, think, really, know, make"
pcg0y5c,4,"good, movies, wonder, woman, wasn, looks, pretty, gal"
pcg0xwk,0,"like, just, don, people, think, really, know, make"
pcg0xmc,1,"hal, john, ring, lantern, green, sinestro, jordan, episode"
pcg0wdy,0,"like, just, don, people, think, really, know, make"
pcg0uaa,1,"hal, john, ring, lantern, green, sinestro, jordan, episode"
pcg0s9v,3,"batman, superman, dcu, reeves, want, universe, gunn, dc"
pcg0od9,0,"like, just, don, people, think, really, know, make"
pcg0mto,0,"like, just, don, people, think, really, know, make"
pcg0g0i,2,"movie, bad, superman, supergirl, best, great, wonder, gunn"
pcg0etj,1,"hal, john, ring, lantern, green, sinestro, jordan, episode"
pcg0duw,0,"like, just, don, people, think, really, know, make"
pcg0auu,0,"like, just, don, people, think, really, know, make"
pcg0a90,0,"like, just, don, people, think, really, know, make"
pcg08kg,3,"batman, superman, dcu, reeves, want, universe, gunn, dc"
pcg06da,0,"like, just, don, people, think, really, know, make"
pcg042r,0,"like, just, don, people, think, really, know, make"
pcg02zj,0,"like, just, don, people, think, really, know, make"
pcg01uq,0,"like, just, don, people, think, really, know, make"
pcg00u4,0,"like, just, don, people, think, really, know, make"
pcfzwfq,4,"good, movies, wonder, woman, wasn, looks, pretty, gal"
pcfzvuk,2,"movie, bad, superman, supergirl, best, great, wonder, gunn"
pcfztzb,0,"like, just, don, people, think, really, know, make"
pcfzshw,3,"batman, superman, dcu, reeves, want, universe, gunn, dc"
pcfzs2b,0,"like, just, don, people, think, really, know, make"
pcfzrsu,0,"like, just, don, people, think, really, know, make"
pcfzql0,2,"movie, bad, superman, supergirl, best, great, wonder, gunn"
pcfzpb6,4,"good, movies, wonder, woman, wasn, looks, pretty, gal"
pcfznr5,4,"good, movies, wonder, woman, wasn, looks, pretty, gal"
pcfzjs5,3,"batman, superman, dcu, reeves, want, universe, gunn, dc"
pcfzj3q,4,"good, movies, wonder, woman, wasn, looks, pretty, gal"
pcfziw4,0,"like, just, don, people, think, really, know, make"
pcfzi44,1,"hal, john, ring, lantern, green, sinestro, jordan, episode"
pcfzge0,2,"movie, bad, superman, supergirl, best, great, wonder, gunn"
pcfzdzr,2,"movie, bad, superman, supergirl, best, great, wonder, gunn"
pcfzcvo,2,"movie, bad, superman, supergirl, best, great, wonder, gunn"
pcfz5yt,4,"good, movies, wonder, woman, wasn, looks, pretty, gal"
pcfz5ix,4,"good, movies, wonder, woman, wasn, looks, pretty, gal"
pcfz2pu,0,"like, just, don, people, think, really, know, make"
pcfz0f8,4,"good, movies, wonder, woman, wasn, looks, pretty, gal"
pcfz02w,0,"like, just, don, people, think, really, know, make"
pcfywyo,0,"like, just, don, people, think, really, know, make"
pcfyu63,0,"like, just, don, people, think, really, know, make"
pcfytnk,0,"like, just, don, people, think, really, know, make"
pcfyq0z,2,"movie, bad, superman, supergirl, best, great, wonder, gunn"
pcfynzh,1,"hal, john, ring, lantern, green, sinestro, jordan, episode"
pcfynjy,0,"like, just, don, people, think, really, know, make"
pcfylv7,3,"batman, superman, dcu, reeves, want, universe, gunn, dc"
pcfykjl,2,"movie, bad, superman, supergirl, best, great, wonder, gunn"
pcfyjmd,0,"like, just, don, people, think, really, know, make"
pcfyeep,0,"like, just, don, people, think, really, know, make"
pcfydc5,0,"like, just, don, people, think, really, know, make"
pcfycwh,0,"like, just, don, people, think, really, know, make"
pcfyajn,4,"good, movies, wonder, woman, wasn, looks, pretty, gal"
pcfy8ey,0,"like, just, don, people, think, really, know, make"
pcfy7fa,0,"like, just, don, people, think, really, know, make"
pcfy67r,0,"like, just, don, people, think, really, know, make"
pcfy1s0,2,"movie, bad, superman, supergirl, best, great, wonder, gunn"
pcfy0ht,0,"like, just, don, people, think, really, know, make"
pcfxyq7,0,"like, just, don, people, think, really, know, make"
pcfxpbm,2,"movie, bad, superman, supergirl, best, great, wonder, gunn"
pcfxoj5,2,"movie, bad, superman, supergirl, best, great, wonder, gunn"
pcfxmvu,0,"like, just, don, people, think, really, know, make"
pcfxkcb,0,"like, just, don, people, think, really, know, make"
pcfxeje,0,"like, just, don, people, think, really, know, make"
pcfxdno,2,"movie, bad, superman, supergirl, best, great, wonder, gunn"
pcfxcu4,0,"like, just, don, people, think, really, know, make"
pcfxc71,1,"hal, john, ring, lantern, green, sinestro, jordan, episode"
pcfx4fk,0,"like, just, don, people, think, really, know, make"
pcfx2ap,4,"good, movies, wonder, woman, wasn, looks, pretty, gal"
pcfwxsi,0,"like, just, don, people, think, really, know, make"
pcfwv9r,0,"like, just, don, people, think, really, know, make"
pcfwtsv,3,"batman, superman, dcu, reeves, want, universe, gunn, dc"
pcfwp3d,0,"like, just, don, people, think, really, know, make"
pcfwod3,4,"good, movies, wonder, woman, wasn, looks, pretty, gal"
pcfwo0r,4,"good, movies, wonder, woman, wasn, looks, pretty, gal"
pcfwixs,4,"good, movies, wonder, woman, wasn, looks, pretty, gal"
pcfwihu,0,"like, just, don, people, think, really, know, make"
pcfwgkn,0,"like, just, don, people, think, really, know, make"
pcfwf8p,4,"good, movies, wonder, woman, wasn, looks, pretty, gal"
pcfwbc6,0,"like, just, don, people, think, really, know, make"
pcfw8bm,1,"hal, john, ring, lantern, green, sinestro, jordan, episode"
pcfw6cr,0,"like, just, don, people, think, really, know, make"
pcfw5c9,0,"like, just, don, people, think, really, know, make"
pcfw3vz,0,"like, just, don, people, think, really, know, make"
pcfw2ii,2,"movie, bad, superman, supergirl, best, great, wonder, gunn"
pcfvzrc,4,"good, movies, wonder, woman, wasn, looks, pretty, gal"
pcfvyv2,0,"like, just, don, people, think, really, know, make"
pcfvxtt,2,"movie, bad, superman, supergirl, best, great, wonder, gunn"
pcfvxnx,2,"movie, bad, superman, supergirl, best, great, wonder, gunn"
pcfvx8d,4,"good, movies, wonder, woman, wasn, looks, pretty, gal"
pcfvwib,4,"good, movies, wonder, woman, wasn, looks, pretty, gal"
pcfvw27,2,"movie, bad, superman, supergirl, best, great, wonder, gunn"
pcfvvhc,4,"good, movies, wonder, woman, wasn, looks, pretty, gal"
pcfvvaw,3,"batman, superman, dcu, reeves, want, universe, gunn, dc"
pcfvrsr,2,"movie, bad, superman, supergirl, best, great, wonder, gunn"
pcfvnj3,2,"movie, bad, superman, supergirl, best, great, wonder, gunn"
pcfvn00,0,"like, just, don, people, think, really, know, make"
pcfvn03,0,"like, just, don, people, think, really, know, make"
pcfvl0t,0,"like, just, don, people, think, really, know, make"
pcfvjgn,2,"movie, bad, superman, supergirl, best, great, wonder, gunn"
pcfvhrm,0,"like, just, don, people, think, really, know, make"
pcfvh8l,4,"good, movies, wonder, woman, wasn, looks, pretty, gal"
pcfvghb,0,"like, just, don, people, think, really, know, make"
pcfvdkv,2,"movie, bad, superman, supergirl, best, great, wonder, gunn"
pcfvdob,2,"movie, bad, superman, supergirl, best, great, wonder, gunn"
pcfvc39,4,"good, movies, wonder, woman, wasn, looks, pretty, gal"
pcfv8lj,0,"like, just, don, people, think, really, know, make"
pcfv86b,0,"like, just, don, people, think, really, know, make"
pcfv7ed,4,"good, movies, wonder, woman, wasn, looks, pretty, gal"
pcfv72g,1,"hal, john, ring, lantern, green, sinestro, jordan, episode"
pcfv2vd,2,"movie, bad, superman, supergirl, best, great, wonder, gunn"
pcfv26i,0,"like, just, don, people, think, really, know, make"
pcfv0ml,4,"good, movies, wonder, woman, wasn, looks, pretty, gal"
pcfuyuh,0,"like, just, don, people, think, really, know, make"
pcfuut4,2,"movie, bad, superman, supergirl, best, great, wonder, gunn"
pcfuunf,0,"like, just, don, people, think, really, know, make"
pcfut9u,0,"like, just, don, people, think, really, know, make"
pcfuspd,0,"like, just, don, people, think, really, know, make"
pcfuprl,4,"good, movies, wonder, woman, wasn, looks, pretty, gal"
pcfunvm,0,"like, just, don, people, think, really, know, make"
pcfun5i,3,"batman, superman, dcu, reeves, want, universe, gunn, dc"
pcfumvl,0,"like, just, don, people, think, really, know, make"
pcfum4g,0,"like, just, don, people, think, really, know, make"
pcfule8,0,"like, just, don, people, think, really, know, make"
pcfujsa,1,"hal, john, ring, lantern, green, sinestro, jordan, episode"
pcfuij6,4,"good, movies, wonder, woman, wasn, looks, pretty, gal"
pcfucs6,0,"like, just, don, people, think, really, know, make"
pcfubmz,0,"like, just, don, people, think, really, know, make"
pcfualc,0,"like, just, don, people, think, really, know, make"
pcfu8w3,0,"like, just, don, people, think, really, know, make"
pcfu6u8,3,"batman, superman, dcu, reeves, want, universe, gunn, dc"
pcfu4vz,2,"movie, bad, superman, supergirl, best, great, wonder, gunn"
pcfu4ob,3,"batman, superman, dcu, reeves, want, universe, gunn, dc"
pcfu4ae,0,"like, just, don, people, think, really, know, make"
pcfu0im,0,"like, just, don, people, think, really, know, make"
pcfu0hl,0,"like, just, don, people, think, really, know, make"
pcfu0n5,0,"like, just, don, people, think, really, know, make"
pcftyu4,0,"like, just, don, people, think, really, know, make"
pcftv9i,4,"good, movies, wonder, woman, wasn, looks, pretty, gal"
pcftrqr,0,"like, just, don, people, think, really, know, make"
pcftqam,0,"like, just, don, people, think, really, know, make"
pcftoyj,0,"like, just, don, people, think, really, know, make"
pcftn1p,0,"like, just, don, people, think, really, know, make"
pcftlnw,0,"like, just, don, people, think, really, know, make"
pcftlgg,4,"good, movies, wonder, woman, wasn, looks, pretty, gal"
pcftlgn,4,"good, movies, wonder, woman, wasn, looks, pretty, gal"
pcftl9o,0,"like, just, don, people, think, really, know, make"
pcftldk,3,"batman, superman, dcu, reeves, want, universe, gunn, dc"
pcftk5r,3,"batman, superman, dcu, reeves, want, universe, gunn, dc"
pcfthgh,4,"good, movies, wonder, woman, wasn, looks, pretty, gal"
pcfthc0,4,"good, movies, wonder, woman, wasn, looks, pretty, gal"
pcftg8c,0,"like, just, don, people, think, really, know, make"
pcftfal,0,"like, just, don, people, think, really, know, make"
pcftd2u,0,"like, just, don, people, think, really, know, make"
pcftd5i,0,"like, just, don, people, think, really, know, make"
pcftaeu,1,"hal, john, ring, lantern, green, sinestro, jordan, episode"
pcft9qq,0,"like, just, don, people, think, really, know, make"
pcft8w1,4,"good, movies, wonder, woman, wasn, looks, pretty, gal"
pcft7cs,0,"like, just, don, people, think, really, know, make"
pcft543,0,"like, just, don, people, think, really, know, make"
pcft57d,4,"good, movies, wonder, woman, wasn, looks, pretty, gal"
pcft2qd,0,"like, just, don, people, think, really, know, make"
pcft0br,2,"movie, bad, superman, supergirl, best, great, wonder, gunn"
pcfsxr0,3,"batman, superman, dcu, reeves, want, universe, gunn, dc"
pcfsw6b,0,"like, just, don, people, think, really, know, make"
pcfsw6k,0,"like, just, don, people, think, really, know, make"
pcfsrn7,3,"batman, superman, dcu, reeves, want, universe, gunn, dc"
pcfsovq,0,"like, just, don, people, think, really, know, make"
pcfslxm,1,"hal, john, ring, lantern, green, sinestro, jordan, episode"
pcfska8,4,"good, movies, wonder, woman, wasn, looks, pretty, gal"
pcfsjhh,0,"like, just, don, people, think, really, know, make"
pcfsir7,0,"like, just, don, people, think, really, know, make"
pcfsi1z,4,"good, movies, wonder, woman, wasn, looks, pretty, gal"
pcfsi2s,4,"good, movies, wonder, woman, wasn, looks, pretty, gal"
pcfs91b,3,"batman, superman, dcu, reeves, want, universe, gunn, dc"
pcfs7sx,2,"movie, bad, superman, supergirl, best, great, wonder, gunn"
pcfs4iz,4,"good, movies, wonder, woman, wasn, looks, pretty, gal"
pcfs1h6,3,"batman, superman, dcu, reeves, want, universe, gunn, dc"
pcfs0qq,0,"like, just, don, people, think, really, know, make"
pcfs04x,0,"like, just, don, people, think, really, know, make"
pcfs022,0,"like, just, don, people, think, really, know, make"
pcfrztk,3,"batman, superman, dcu, reeves, want, universe, gunn, dc"
pcfrzgj,0,"like, just, don, people, think, really, know, make"
pcfrtfq,0,"like, just, don, people, think, really, know, make"
pcfrnyl,0,"like, just, don, people, think, really, know, make"
pcfrnpz,4,"good, movies, wonder, woman, wasn, looks, pretty, gal"
pcfrnk0,0,"like, just, don, people, think, really, know, make"
pcfrjhn,0,"like, just, don, people, think, really, know, make"
pcfrj2y,3,"batman, superman, dcu, reeves, want, universe, gunn, dc"
pcfrhrn,4,"good, movies, wonder, woman, wasn, looks, pretty, gal"
pcfrh5h,0,"like, just, don, people, think, really, know, make"
pcfrbdz,0,"like, just, don, people, think, really, know, make"
pcfraz3,2,"movie, bad, superman, supergirl, best, great, wonder, gunn"
pcfrahp,2,"movie, bad, superman, supergirl, best, great, wonder, gunn"
pcfrab8,4,"good, movies, wonder, woman, wasn, looks, pretty, gal"
pcfr7ch,0,"like, just, don, people, think, really, know, make"
pcfr6j7,0,"like, just, don, people, think, really, know, make"
pcfr552,1,"hal, john, ring, lantern, green, sinestro, jordan, episode"
pcfqxi0,3,"batman, superman, dcu, reeves, want, universe, gunn, dc"
pcfqwws,4,"good, movies, wonder, woman, wasn, looks, pretty, gal"
pcfqvtu,2,"movie, bad, superman, supergirl, best, great, wonder, gunn"
pcfqvjk,0,"like, just, don, people, think, really, know, make"
pcfqth2,0,"like, just, don, people, think, really, know, make"
pcfqssn,3,"batman, superman, dcu, reeves, want, universe, gunn, dc"
pcfqpny,2,"movie, bad, superman, supergirl, best, great, wonder, gunn"
pcfqp1f,3,"batman, superman, dcu, reeves, want, universe, gunn, dc"
pcfqnwu,4,"good, movies, wonder, woman, wasn, looks, pretty, gal"
pcfqkng,0,"like, just, don, people, think, really, know, make"
pcfqjj2,2,"movie, bad, superman, supergirl, best, great, wonder, gunn"
pcfqjca,3,"batman, superman, dcu, reeves, want, universe, gunn, dc"
pcfqfdv,0,"like, just, don, people, think, really, know, make"
pcfqf9p,0,"like, just, don, people, think, really, know, make"
pcfqdsq,0,"like, just, don, people, think, really, know, make"
pcfqcto,3,"batman, superman, dcu, reeves, want, universe, gunn, dc"
pcfqbl6,3,"batman, superman, dcu, reeves, want, universe, gunn, dc"
pcfq7i2,0,"like, just, don, people, think, really, know, make"
pcfq6bc,3,"batman, superman, dcu, reeves, want, universe, gunn, dc"
pcfq17c,0,"like, just, don, people, think, really, know, make"
pcfpyr3,3,"batman, superman, dcu, reeves, want, universe, gunn, dc"
pcfpymt,0,"like, just, don, people, think, really, know, make"
pcfpu20,0,"like, just, don, people, think, really, know, make"
pcfptso,0,"like, just, don, people, think, really, know, make"
pcfptt7,4,"good, movies, wonder, woman, wasn, looks, pretty, gal"
pcfppiz,0,"like, just, don, people, think, really, know, make"
pcfpoic,2,"movie, bad, superman, supergirl, best, great, wonder, gunn"
pcfphom,4,"good, movies, wonder, woman, wasn, looks, pretty, gal"
pcfpg5d,0,"like, just, don, people, think, really, know, make"
pcfpexk,0,"like, just, don, people, think, really, know, make"
pcfpesh,4,"good, movies, wonder, woman, wasn, looks, pretty, gal"
pcfpe8n,0,"like, just, don, people, think, really, know, make"
pcfpdzj,3,"batman, superman, dcu, reeves, want, universe, gunn, dc"
pcfp9ky,4,"good, movies, wonder, woman, wasn, looks, pretty, gal"
pcfp7cf,0,"like, just, don, people, think, really, know, make"
pcfp6t5,3,"batman, superman, dcu, reeves, want, universe, gunn, dc"
pcfp5fd,0,"like, just, don, people, think, really, know, make"
pcfp5by,3,"batman, superman, dcu, reeves, want, universe, gunn, dc"
pcfp5cq,2,"movie, bad, superman, supergirl, best, great, wonder, gunn"
pcfp432,3,"batman, superman, dcu, reeves, want, universe, gunn, dc"
pcfp3b6,4,"good, movies, wonder, woman, wasn, looks, pretty, gal"
pcfp3cv,4,"good, movies, wonder, woman, wasn, looks, pretty, gal"
pcfp2jx,0,"like, just, don, people, think, really, know, make"
pcfp1jd,3,"batman, superman, dcu, reeves, want, universe, gunn, dc"
pcfozqy,3,"batman, superman, dcu, reeves, want, universe, gunn, dc"
pcfoyuk,2,"movie, bad, superman, supergirl, best, great, wonder, gunn"
pcfoy3x,0,"like, just, don, people, think, really, know, make"
pcfov6c,0,"like, just, don, people, think, really, know, make"
pcfor3r,0,"like, just, don, people, think, really, know, make"
pcfoqsb,3,"batman, superman, dcu, reeves, want, universe, gunn, dc"
pcfoqmu,2,"movie, bad, superman, supergirl, best, great, wonder, gunn"
pcfoo7g,0,"like, just, don, people, think, really, know, make"
pcfonue,4,"good, movies, wonder, woman, wasn, looks, pretty, gal"
pcfol7q,4,"good, movies, wonder, woman, wasn, looks, pretty, gal"
pcfokdz,3,"batman, superman, dcu, reeves, want, universe, gunn, dc"
pcfoiww,0,"like, just, don, people, think, really, know, make"
pcfoj0c,0,"like, just, don, people, think, really, know, make"
pcfoirx,0,"like, just, don, people, think, really, know, make"
pcfoh7i,4,"good, movies, wonder, woman, wasn, looks, pretty, gal"
pcfogbl,2,"movie, bad, superman, supergirl, best, great, wonder, gunn"
pcfofyz,0,"like, just, don, people, think, really, know, make"
pcfofww,3,"batman, superman, dcu, reeves, want, universe, gunn, dc"
pcfoey5,2,"movie, bad, superman, supergirl, best, great, wonder, gunn"
pcfod15,0,"like, just, don, people, think, really, know, make"
pcfo8k5,1,"hal, john, ring, lantern, green, sinestro, jordan, episode"
pcfo4li,0,"like, just, don, people, think, really, know, make"
pcfo0xu,2,"movie, bad, superman, supergirl, best, great, wonder, gunn"
pcfnztn,3,"batman, superman, dcu, reeves, want, universe, gunn, dc"
pcfnts8,3,"batman, superman, dcu, reeves, want, universe, gunn, dc"
pcfntkl,0,"like, just, don, people, think, really, know, make"
pcfnsdc,4,"good, movies, wonder, woman, wasn, looks, pretty, gal"
pcfnsa8,3,"batman, superman, dcu, reeves, want, universe, gunn, dc"
pcfns75,4,"good, movies, wonder, woman, wasn, looks, pretty, gal"
pcfnqwy,0,"like, just, don, people, think, really, know, make"
pcfnqbp,2,"movie, bad, superman, supergirl, best, great, wonder, gunn"
pcfnpqx,2,"movie, bad, superman, supergirl, best, great, wonder, gunn"
pcfnpdc,4,"good, movies, wonder, woman, wasn, looks, pretty, gal"
pcfnols,0,"like, just, don, people, think, really, know, make"
pcfnniw,0,"like, just, don, people, think, really, know, make"
pcfnmi6,2,"movie, bad, superman, supergirl, best, great, wonder, gunn"
pcfni8e,4,"good, movies, wonder, woman, wasn, looks, pretty, gal"
pcfnhtu,0,"like, just, don, people, think, really, know, make"
pcfnfj7,2,"movie, bad, superman, supergirl, best, great, wonder, gunn"
pcfnenq,0,"like, just, don, people, think, really, know, make"
pcfne4j,1,"hal, john, ring, lantern, green, sinestro, jordan, episode"
pcfn8ka,0,"like, just, don, people, think, really, know, make"
pcfn8dw,0,"like, just, don, people, think, really, know, make"
pcfn6o0,0,"like, just, don, people, think, really, know, make"
pcfn5tu,0,"like, just, don, people, think, really, know, make"
pcfn4bd,3,"batman, superman, dcu, reeves, want, universe, gunn, dc"
pcfn428,0,"like, just, don, people, think, really, know, make"
pcfn3rd,0,"like, just, don, people, think, really, know, make"
pcfn2gp,4,"good, movies, wonder, woman, wasn, looks, pretty, gal"
pcfn172,0,"like, just, don, people, think, really, know, make"
pcfmyj8,4,"good, movies, wonder, woman, wasn, looks, pretty, gal"
pcfmucm,2,"movie, bad, superman, supergirl, best, great, wonder, gunn"
pcfmr9d,0,"like, just, don, people, think, really, know, make"
pcfmkqc,1,"hal, john, ring, lantern, green, sinestro, jordan, episode"
pcfmjxz,2,"movie, bad, superman, supergirl, best, great, wonder, gunn"
pcfmhgg,4,"good, movies, wonder, woman, wasn, looks, pretty, gal"
pcfmeds,0,"like, just, don, people, think, really, know, make"
pcfmci2,4,"good, movies, wonder, woman, wasn, looks, pretty, gal"
pcfmaqh,0,"like, just, don, people, think, really, know, make"
pcfm92f,4,"good, movies, wonder, woman, wasn, looks, pretty, gal"
pcfm7qe,3,"batman, superman, dcu, reeves, want, universe, gunn, dc"
pcfm63x,0,"like, just, don, people, think, really, know, make"
pcfm5j1,0,"like, just, don, people, think, really, know, make"
pcfm27u,0,"like, just, don, people, think, really, know, make"
pcflvx8,0,"like, just, don, people, think, really, know, make"
pcflt5g,0,"like, just, don, people, think, really, know, make"
pcflskd,0,"like, just, don, people, think, really, know, make"
pcflr7k,2,"movie, bad, superman, supergirl, best, great, wonder, gunn"
pcflr9y,0,"like, just, don, people, think, really, know, make"
pcflqw8,3,"batman, superman, dcu, reeves, want, universe, gunn, dc"
pcflonr,4,"good, movies, wonder, woman, wasn, looks, pretty, gal"
pcflle8,4,"good, movies, wonder, woman, wasn, looks, pretty, gal"
pcfliql,0,"like, just, don, people, think, really, know, make"
pcflif6,4,"good, movies, wonder, woman, wasn, looks, pretty, gal"
pcfl92h,3,"batman, superman, dcu, reeves, want, universe, gunn, dc"
pcfl0m5,0,"like, just, don, people, think, really, know, make"
pcfkz2a,0,"like, just, don, people, think, really, know, make"
pcfkyr5,4,"good, movies, wonder, woman, wasn, looks, pretty, gal"
pcfkx6e,0,"like, just, don, people, think, really, know, make"
pcfku4t,2,"movie, bad, superman, supergirl, best, great, wonder, gunn"
pcfktt4,0,"like, just, don, people, think, really, know, make"
pcfks6u,0,"like, just, don, people, think, really, know, make"
pcfkq6f,4,"good, movies, wonder, woman, wasn, looks, pretty, gal"
pcfkprv,3,"batman, superman, dcu, reeves, want, universe, gunn, dc"
pcfkmd5,4,"good, movies, wonder, woman, wasn, looks, pretty, gal"
pcfkiac,0,"like, just, don, people, think, really, know, make"
pcfkey6,0,"like, just, don, people, think, really, know, make"
pcfk51z,1,"hal, john, ring, lantern, green, sinestro, jordan, episode"
pcfk53u,4,"good, movies, wonder, woman, wasn, looks, pretty, gal"
pcfjyke,3,"batman, superman, dcu, reeves, want, universe, gunn, dc"
pcfjxf4,1,"hal, john, ring, lantern, green, sinestro, jordan, episode"
pcfjujr,2,"movie, bad, superman, supergirl, best, great, wonder, gunn"
pcfjtbm,1,"hal, john, ring, lantern, green, sinestro, jordan, episode"
pcfjrh0,0,"like, just, don, people, think, really, know, make"
pcfjqsy,2,"movie, bad, superman, supergirl, best, great, wonder, gunn"
pcfjn2e,3,"batman, superman, dcu, reeves, want, universe, gunn, dc"
pcfjkw2,3,"batman, superman, dcu, reeves, want, universe, gunn, dc"
pcfjf6v,3,"batman, superman, dcu, reeves, want, universe, gunn, dc"
pcfjbbc,0,"like, just, don, people, think, really, know, make"
pcfj7c4,0,"like, just, don, people, think, really, know, make"
pcfj3po,3,"batman, superman, dcu, reeves, want, universe, gunn, dc"
pcfj1pq,3,"batman, superman, dcu, reeves, want, universe, gunn, dc"
pcfiu0h,4,"good, movies, wonder, woman, wasn, looks, pretty, gal"
pcfiq3e,3,"batman, superman, dcu, reeves, want, universe, gunn, dc"
pcfipja,1,"hal, john, ring, lantern, green, sinestro, jordan, episode"
pcfic4u,0,"like, just, don, people, think, really, know, make"
pcfib9b,0,"like, just, don, people, think, really, know, make"
pcfiakj,0,"like, just, don, people, think, really, know, make"
pcfi71x,3,"batman, superman, dcu, reeves, want, universe, gunn, dc"
pcfi536,3,"batman, superman, dcu, reeves, want, universe, gunn, dc"
pcfi3gw,3,"batman, superman, dcu, reeves, want, universe, gunn, dc"
pcfi070,3,"batman, superman, dcu, reeves, want, universe, gunn, dc"
pcfhush,0,"like, just, don, people, think, really, know, make"
pcfhsnr,1,"hal, john, ring, lantern, green, sinestro, jordan, episode"
pcfhp31,4,"good, movies, wonder, woman, wasn, looks, pretty, gal"
pcfhnop,0,"like, just, don, people, think, really, know, make"
pcfhgrw,2,"movie, bad, superman, supergirl, best, great, wonder, gunn"
pcfhbf3,0,"like, just, don, people, think, really, know, make"
pcfguem,2,"movie, bad, superman, supergirl, best, great, wonder, gunn"
pcfgu8i,0,"like, just, don, people, think, really, know, make"
pcfgqoa,0,"like, just, don, people, think, really, know, make"
pcfglrx,0,"like, just, don, people, think, really, know, make"
pcfgjf6,0,"like, just, don, people, think, really, know, make"
pcfgdvo,0,"like, just, don, people, think, really, know, make"
pcfg8n8,3,"batman, superman, dcu, reeves, want, universe, gunn, dc"
pcfg6bx,3,"batman, superman, dcu, reeves, want, universe, gunn, dc"
pcffrs9,0,"like, just, don, people, think, really, know, make"
pcffm6w,0,"like, just, don, people, think, really, know, make"
pcfflr2,1,"hal, john, ring, lantern, green, sinestro, jordan, episode"
pcffktn,0,"like, just, don, people, think, really, know, make"
pcfep5p,0,"like, just, don, people, think, really, know, make"
pcfen5w,3,"batman, superman, dcu, reeves, want, universe, gunn, dc"
pcfejcj,0,"like, just, don, people, think, really, know, make"
pcfegsf,2,"movie, bad, superman, supergirl, best, great, wonder, gunn"
pcfe700,3,"batman, superman, dcu, reeves, want, universe, gunn, dc"
pcfdy89,0,"like, just, don, people, think, really, know, make"
pcfdvr2,0,"like, just, don, people, think, really, know, make"
pcfdsf6,2,"movie, bad, superman, supergirl, best, great, wonder, gunn"
pcfdl6d,2,"movie, bad, superman, supergirl, best, great, wonder, gunn"
pcfdkfj,0,"like, just, don, people, think, really, know, make"
pcfd7ro,3,"batman, superman, dcu, reeves, want, universe, gunn, dc"
pcfd6tz,2,"movie, bad, superman, supergirl, best, great, wonder, gunn"
pcfd1z9,3,"batman, superman, dcu, reeves, want, universe, gunn, dc"
pcfd1tu,0,"like, just, don, people, think, really, know, make"
pcfcfkt,4,"good, movies, wonder, woman, wasn, looks, pretty, gal"
pcfccix,0,"like, just, don, people, think, really, know, make"
pcfc4np,2,"movie, bad, superman, supergirl, best, great, wonder, gunn"
pcfbw9h,1,"hal, john, ring, lantern, green, sinestro, jordan, episode"
pcfbs6c,0,"like, just, don, people, think, really, know, make"
pcfbnqm,0,"like, just, don, people, think, really, know, make"
pcfbm7i,4,"good, movies, wonder, woman, wasn, looks, pretty, gal"
pcfbcsd,3,"batman, superman, dcu, reeves, want, universe, gunn, dc"
pcfb7rv,1,"hal, john, ring, lantern, green, sinestro, jordan, episode"
pcfazcw,3,"batman, superman, dcu, reeves, want, universe, gunn, dc"
pcfazd6,0,"like, just, don, people, think, really, know, make"
pcfaz37,0,"like, just, don, people, think, really, know, make"
pcfaug4,3,"batman, superman, dcu, reeves, want, universe, gunn, dc"
pcfaqk9,0,"like, just, don, people, think, really, know, make"
pcfapht,3,"batman, superman, dcu, reeves, want, universe, gunn, dc"
pcfand8,0,"like, just, don, people, think, really, know, make"
pcfalln,0,"like, just, don, people, think, really, know, make"
pcfajro,4,"good, movies, wonder, woman, wasn, looks, pretty, gal"
pcfaj62,0,"like, just, don, people, think, really, know, make"
pcfagm6,0,"like, just, don, people, think, really, know, make"
pcfa6dg,1,"hal, john, ring, lantern, green, sinestro, jordan, episode"
pcfa41t,3,"batman, superman, dcu, reeves, want, universe, gunn, dc"
pcfa0p8,3,"batman, superman, dcu, reeves, want, universe, gunn, dc"
pcf9zm8,3,"batman, superman, dcu, reeves, want, universe, gunn, dc"
pcf9z11,0,"like, just, don, people, think, really, know, make"
pcf9owf,3,"batman, superman, dcu, reeves, want, universe, gunn, dc"
pcf9fj5,0,"like, just, don, people, think, really, know, make"
pcf9e7g,0,"like, just, don, people, think, really, know, make"
pcf9e9i,1,"hal, john, ring, lantern, green, sinestro, jordan, episode"
pcf95r0,4,"good, movies, wonder, woman, wasn, looks, pretty, gal"
pcf9121,2,"movie, bad, superman, supergirl, best, great, wonder, gunn"
pcf90v7,0,"like, just, don, people, think, really, know, make"
pcf8vqf,0,"like, just, don, people, think, really, know, make"
pcf8sq2,0,"like, just, don, people, think, really, know, make"
pcf8pqa,0,"like, just, don, people, think, really, know, make"
pcf8pmp,3,"batman, superman, dcu, reeves, want, universe, gunn, dc"
pcf8oau,0,"like, just, don, people, think, really, know, make"
pcf8miw,0,"like, just, don, people, think, really, know, make"
pcf8j5l,0,"like, just, don, people, think, really, know, make"
pcf8gg5,0,"like, just, don, people, think, really, know, make"
pcf8f26,1,"hal, john, ring, lantern, green, sinestro, jordan, episode"
pcf8b09,4,"good, movies, wonder, woman, wasn, looks, pretty, gal"
pcf898w,0,"like, just, don, people, think, really, know, make"
pcf8926,2,"movie, bad, superman, supergirl, best, great, wonder, gunn"
pcf876q,1,"hal, john, ring, lantern, green, sinestro, jordan, episode"
pcf849d,3,"batman, superman, dcu, reeves, want, universe, gunn, dc"
pcf7xa4,3,"batman, superman, dcu, reeves, want, universe, gunn, dc"
pcf7wyy,3,"batman, superman, dcu, reeves, want, universe, gunn, dc"
pcf7wea,0,"like, just, don, people, think, really, know, make"
pcf7trk,0,"like, just, don, people, think, really, know, make"
pcf7tuv,1,"hal, john, ring, lantern, green, sinestro, jordan, episode"
pcf7t91,0,"like, just, don, people, think, really, know, make"
pcf7jkl,3,"batman, superman, dcu, reeves, want, universe, gunn, dc"
pcf7ja2,4,"good, movies, wonder, woman, wasn, looks, pretty, gal"
pcf7ise,3,"batman, superman, dcu, reeves, want, universe, gunn, dc"
pcf7i5m,1,"hal, john, ring, lantern, green, sinestro, jordan, episode"
pcf7gdu,0,"like, just, don, people, think, really, know, make"
pcf7g6c,2,"movie, bad, superman, supergirl, best, great, wonder, gunn"
pcf7g3c,1,"hal, john, ring, lantern, green, sinestro, jordan, episode"
pcf7ff2,0,"like, just, don, people, think, really, know, make"
pcf7deh,1,"hal, john, ring, lantern, green, sinestro, jordan, episode"
pcf7cv2,2,"movie, bad, superman, supergirl, best, great, wonder, gunn"
pcf7c3d,3,"batman, superman, dcu, reeves, want, universe, gunn, dc"
pcf7bj2,4,"good, movies, wonder, woman, wasn, looks, pretty, gal"
pcf7abs,0,"like, just, don, people, think, really, know, make"
pcf78ih,4,"good, movies, wonder, woman, wasn, looks, pretty, gal"
pcf781e,2,"movie, bad, superman, supergirl, best, great, wonder, gunn"
pcf70qr,0,"like, just, don, people, think, really, know, make"
pcf6yyq,3,"batman, superman, dcu, reeves, want, universe, gunn, dc"
pcf6vi1,0,"like, just, don, people, think, really, know, make"
pcf6utc,0,"like, just, don, people, think, really, know, make"
pcf6szk,0,"like, just, don, people, think, really, know, make"
pcf6ko4,3,"batman, superman, dcu, reeves, want, universe, gunn, dc"
pcf6jsr,3,"batman, superman, dcu, reeves, want, universe, gunn, dc"
pcf6eod,2,"movie, bad, superman, supergirl, best, great, wonder, gunn"
pcf6cul,0,"like, just, don, people, think, really, know, make"
pcf6ba6,0,"like, just, don, people, think, really, know, make"
pcf69ox,1,"hal, john, ring, lantern, green, sinestro, jordan, episode"
pcf65l8,1,"hal, john, ring, lantern, green, sinestro, jordan, episode"
pcf63s7,4,"good, movies, wonder, woman, wasn, looks, pretty, gal"
pcf63i2,2,"movie, bad, superman, supergirl, best, great, wonder, gunn"
pcf616h,1,"hal, john, ring, lantern, green, sinestro, jordan, episode"
pcf5z1j,2,"movie, bad, superman, supergirl, best, great, wonder, gunn"
pcf5wr3,0,"like, just, don, people, think, really, know, make"
pcf5u1t,3,"batman, superman, dcu, reeves, want, universe, gunn, dc"
pcf5tyg,2,"movie, bad, superman, supergirl, best, great, wonder, gunn"
pcf5rtt,3,"batman, superman, dcu, reeves, want, universe, gunn, dc"
pcf5qhv,0,"like, just, don, people, think, really, know, make"
pcf5o3n,3,"batman, superman, dcu, reeves, want, universe, gunn, dc"
pcf5mb4,0,"like, just, don, people, think, really, know, make"
pcf5m3r,0,"like, just, don, people, think, really, know, make"
pcf5llu,0,"like, just, don, people, think, really, know, make"
pcf5hfb,0,"like, just, don, people, think, really, know, make"
pcf5h86,4,"good, movies, wonder, woman, wasn, looks, pretty, gal"
pcf5h36,4,"good, movies, wonder, woman, wasn, looks, pretty, gal"
pcf5chm,2,"movie, bad, superman, supergirl, best, great, wonder, gunn"
pcf5abh,3,"batman, superman, dcu, reeves, want, universe, gunn, dc"
pcf578c,3,"batman, superman, dcu, reeves, want, universe, gunn, dc"
pcf54nf,1,"hal, john, ring, lantern, green, sinestro, jordan, episode"
pcf53ds,4,"good, movies, wonder, woman, wasn, looks, pretty, gal"
pcf53g5,0,"like, just, don, people, think, really, know, make"
pcf51u1,3,"batman, superman, dcu, reeves, want, universe, gunn, dc"
pcf4wtr,3,"batman, superman, dcu, reeves, want, universe, gunn, dc"
pcf4umm,0,"like, just, don, people, think, really, know, make"
pcf4u9q,0,"like, just, don, people, think, really, know, make"
pcf4tfp,2,"movie, bad, superman, supergirl, best, great, wonder, gunn"
pcf4pbb,0,"like, just, don, people, think, really, know, make"
pcf4nl3,3,"batman, superman, dcu, reeves, want, universe, gunn, dc"
pcf4ffy,2,"movie, bad, superman, supergirl, best, great, wonder, gunn"
pcf4dor,3,"batman, superman, dcu, reeves, want, universe, gunn, dc"
pcf4d1d,1,"hal, john, ring, lantern, green, sinestro, jordan, episode"
pcf4bzo,0,"like, just, don, people, think, really, know, make"
pcf4bxe,2,"movie, bad, superman, supergirl, best, great, wonder, gunn"
pcf4agm,3,"batman, superman, dcu, reeves, want, universe, gunn, dc"
pcf4ac8,0,"like, just, don, people, think, really, know, make"
pcf49yv,0,"like, just, don, people, think, really, know, make"
pcf49vu,2,"movie, bad, superman, supergirl, best, great, wonder, gunn"
pcf4933,0,"like, just, don, people, think, really, know, make"
pcf48kw,3,"batman, superman, dcu, reeves, want, universe, gunn, dc"
pcf48br,3,"batman, superman, dcu, reeves, want, universe, gunn, dc"
pcf47f2,2,"movie, bad, superman, supergirl, best, great, wonder, gunn"
pcf46fb,0,"like, just, don, people, think, really, know, make"
pcf467c,4,"good, movies, wonder, woman, wasn, looks, pretty, gal"
pcf462c,0,"like, just, don, people, think, really, know, make"
pcf4541,2,"movie, bad, superman, supergirl, best, great, wonder, gunn"
pcf43cc,2,"movie, bad, superman, supergirl, best, great, wonder, gunn"
pcf40cw,4,"good, movies, wonder, woman, wasn, looks, pretty, gal"
pcf402e,3,"batman, superman, dcu, reeves, want, universe, gunn, dc"
pcf3yfk,0,"like, just, don, people, think, really, know, make"
pcf3y32,2,"movie, bad, superman, supergirl, best, great, wonder, gunn"
pcf3y3y,0,"like, just, don, people, think, really, know, make"
pcf3wco,3,"batman, superman, dcu, reeves, want, universe, gunn, dc"
pcf3sye,3,"batman, superman, dcu, reeves, want, universe, gunn, dc"
pcf3rbl,0,"like, just, don, people, think, really, know, make"
pcf3r4l,0,"like, just, don, people, think, really, know, make"
pcf3obh,4,"good, movies, wonder, woman, wasn, looks, pretty, gal"
pcf3n68,0,"like, just, don, people, think, really, know, make"
pcf3mrh,3,"batman, superman, dcu, reeves, want, universe, gunn, dc"
pcf3md0,0,"like, just, don, people, think, really, know, make"
pcf3kiv,3,"batman, superman, dcu, reeves, want, universe, gunn, dc"
pcf3jdh,2,"movie, bad, superman, supergirl, best, great, wonder, gunn"
pcf3hsx,4,"good, movies, wonder, woman, wasn, looks, pretty, gal"
pcf3fhg,0,"like, just, don, people, think, really, know, make"
pcf3evu,0,"like, just, don, people, think, really, know, make"
pcf3eii,3,"batman, superman, dcu, reeves, want, universe, gunn, dc"
pcf3bqz,0,"like, just, don, people, think, really, know, make"
pcf3ao0,3,"batman, superman, dcu, reeves, want, universe, gunn, dc"
pcf37ud,0,"like, just, don, people, think, really, know, make"
pcf35s6,1,"hal, john, ring, lantern, green, sinestro, jordan, episode"
pcf33gj,4,"good, movies, wonder, woman, wasn, looks, pretty, gal"
pcf31a4,4,"good, movies, wonder, woman, wasn, looks, pretty, gal"
pcf310w,3,"batman, superman, dcu, reeves, want, universe, gunn, dc"
pcf30g1,3,"batman, superman, dcu, reeves, want, universe, gunn, dc"
pcf2yzx,0,"like, just, don, people, think, really, know, make"
pcf2vny,2,"movie, bad, superman, supergirl, best, great, wonder, gunn"
pcf2uf7,3,"batman, superman, dcu, reeves, want, universe, gunn, dc"
pcf2rdc,0,"like, just, don, people, think, really, know, make"
pcf2qus,0,"like, just, don, people, think, really, know, make"
pcf2q6i,0,"like, just, don, people, think, really, know, make"
pcf2p0l,2,"movie, bad, superman, supergirl, best, great, wonder, gunn"
pcf2ny7,3,"batman, superman, dcu, reeves, want, universe, gunn, dc"
pcf2l9o,1,"hal, john, ring, lantern, green, sinestro, jordan, episode"
pcf2l33,3,"batman, superman, dcu, reeves, want, universe, gunn, dc"
pcf2hxp,0,"like, just, don, people, think, really, know, make"
pcf298r,0,"like, just, don, people, think, really, know, make"
pcf241x,3,"batman, superman, dcu, reeves, want, universe, gunn, dc"
pcf1tqh,3,"batman, superman, dcu, reeves, want, universe, gunn, dc"
pcf1mij,0,"like, just, don, people, think, really, know, make"
pcf1lui,3,"batman, superman, dcu, reeves, want, universe, gunn, dc"
pcf1kmf,3,"batman, superman, dcu, reeves, want, universe, gunn, dc"
pcf1d55,0,"like, just, don, people, think, really, know, make"
pcf1aaq,0,"like, just, don, people, think, really, know, make"
pcf19p3,0,"like, just, don, people, think, really, know, make"
pcf137j,0,"like, just, don, people, think, really, know, make"
pcf12ew,0,"like, just, don, people, think, really, know, make"
pcf110p,3,"batman, superman, dcu, reeves, want, universe, gunn, dc"
pcf10q3,0,"like, just, don, people, think, really, know, make"
pcf0vhg,1,"hal, john, ring, lantern, green, sinestro, jordan, episode"
pcf0m7x,0,"like, just, don, people, think, really, know, make"
pcf0f27,0,"like, just, don, people, think, really, know, make"
pcf0e0h,0,"like, just, don, people, think, really, know, make"
pcf0duf,0,"like, just, don, people, think, really, know, make"
pcf0b0s,3,"batman, superman, dcu, reeves, want, universe, gunn, dc"
pcf04rl,0,"like, just, don, people, think, really, know, make"
pcf04hh,1,"hal, john, ring, lantern, green, sinestro, jordan, episode"
pcf039u,2,"movie, bad, superman, supergirl, best, great, wonder, gunn"
pcf02vz,3,"batman, superman, dcu, reeves, want, universe, gunn, dc"
pcezuv8,0,"like, just, don, people, think, really, know, make"
pcezsq5,2,"movie, bad, superman, supergirl, best, great, wonder, gunn"
pcezs4i,3,"batman, superman, dcu, reeves, want, universe, gunn, dc"
pcezq75,0,"like, just, don, people, think, really, know, make"
pcezpa4,0,"like, just, don, people, think, really, know, make"
pcezjfu,4,"good, movies, wonder, woman, wasn, looks, pretty, gal"
pcezgfo,0,"like, just, don, people, think, really, know, make"
pcezevp,0,"like, just, don, people, think, really, know, make"
pcezarn,3,"batman, superman, dcu, reeves, want, universe, gunn, dc"
pcezaje,3,"batman, superman, dcu, reeves, want, universe, gunn, dc"
pcez4su,3,"batman, superman, dcu, reeves, want, universe, gunn, dc"
pcez1p5,3,"batman, superman, dcu, reeves, want, universe, gunn, dc"
pcez1i7,3,"batman, superman, dcu, reeves, want, universe, gunn, dc"
pceyzj0,0,"like, just, don, people, think, really, know, make"
pceyxox,0,"like, just, don, people, think, really, know, make"
pceytyc,4,"good, movies, wonder, woman, wasn, looks, pretty, gal"
pceyrp7,0,"like, just, don, people, think, really, know, make"
pceyn03,3,"batman, superman, dcu, reeves, want, universe, gunn, dc"
pceyjg9,3,"batman, superman, dcu, reeves, want, universe, gunn, dc"
pceyd8k,0,"like, just, don, people, think, really, know, make"
pceydad,0,"like, just, don, people, think, really, know, make"
pcey8kn,3,"batman, superman, dcu, reeves, want, universe, gunn, dc"
pcey1j2,1,"hal, john, ring, lantern, green, sinestro, jordan, episode"
pcexyuy,2,"movie, bad, superman, supergirl, best, great, wonder, gunn"
pcexwsy,0,"like, just, don, people, think, really, know, make"
pcexs4l,0,"like, just, don, people, think, really, know, make"
pcexopd,3,"batman, superman, dcu, reeves, want, universe, gunn, dc"
pcexngc,4,"good, movies, wonder, woman, wasn, looks, pretty, gal"
pcexlfv,3,"batman, superman, dcu, reeves, want, universe, gunn, dc"
pcexl9r,0,"like, just, don, people, think, really, know, make"
pcex9er,3,"batman, superman, dcu, reeves, want, universe, gunn, dc"
pcex4fp,3,"batman, superman, dcu, reeves, want, universe, gunn, dc"
pcex07a,0,"like, just, don, people, think, really, know, make"
pcewrnh,2,"movie, bad, superman, supergirl, best, great, wonder, gunn"
pcewma5,0,"like, just, don, people, think, really, know, make"
pcewktk,3,"batman, superman, dcu, reeves, want, universe, gunn, dc"
pcewh45,1,"hal, john, ring, lantern, green, sinestro, jordan, episode"
pcewa1o,0,"like, just, don, people, think, really, know, make"
pcew6au,1,"hal, john, ring, lantern, green, sinestro, jordan, episode"
pcew1cg,0,"like, just, don, people, think, really, know, make"
pcevyhz,0,"like, just, don, people, think, really, know, make"
pcev609,0,"like, just, don, people, think, really, know, make"
pceu0t4,0,"like, just, don, people, think, really, know, make"
pcety6m,0,"like, just, don, people, think, really, know, make"
pcetun5,0,"like, just, don, people, think, really, know, make"
pcets7i,2,"movie, bad, superman, supergirl, best, great, wonder, gunn"
pcethoj,0,"like, just, don, people, think, really, know, make"
pcetcss,0,"like, just, don, people, think, really, know, make"
pcet45e,3,"batman, superman, dcu, reeves, want, universe, gunn, dc"
pcesv14,0,"like, just, don, people, think, really, know, make"
pcestxx,0,"like, just, don, people, think, really, know, make"
pcesswh,0,"like, just, don, people, think, really, know, make"
pcesozv,0,"like, just, don, people, think, really, know, make"
pceslnq,1,"hal, john, ring, lantern, green, sinestro, jordan, episode"
pcesjy8,2,"movie, bad, superman, supergirl, best, great, wonder, gunn"
pcesg2g,0,"like, just, don, people, think, really, know, make"
pcesf24,1,"hal, john, ring, lantern, green, sinestro, jordan, episode"
pcese97,4,"good, movies, wonder, woman, wasn, looks, pretty, gal"
pces6xx,0,"like, just, don, people, think, really, know, make"
pces634,1,"hal, john, ring, lantern, green, sinestro, jordan, episode"
pcery5b,0,"like, just, don, people, think, really, know, make"
pcervq1,2,"movie, bad, superman, supergirl, best, great, wonder, gunn"
pceruto,0,"like, just, don, people, think, really, know, make"
pcerg8p,3,"batman, superman, dcu, reeves, want, universe, gunn, dc"
pcerf1a,0,"like, just, don, people, think, really, know, make"
pcer7ca,3,"batman, superman, dcu, reeves, want, universe, gunn, dc"
pcer0xg,0,"like, just, don, people, think, really, know, make"
pceqeiu,3,"batman, superman, dcu, reeves, want, universe, gunn, dc"
pceqa7k,1,"hal, john, ring, lantern, green, sinestro, jordan, episode"
pceq5gi,0,"like, just, don, people, think, really, know, make"
pceq3se,2,"movie, bad, superman, supergirl, best, great, wonder, gunn"
pcepv31,2,"movie, bad, superman, supergirl, best, great, wonder, gunn"
pceptqr,2,"movie, bad, superman, supergirl, best, great, wonder, gunn"
pcepolj,0,"like, just, don, people, think, really, know, make"
pcepoga,1,"hal, john, ring, lantern, green, sinestro, jordan, episode"
pcepkjs,0,"like, just, don, people, think, really, know, make"
pcep64m,0,"like, just, don, people, think, really, know, make"
pceoxnu,4,"good, movies, wonder, woman, wasn, looks, pretty, gal"
pceoxqb,3,"batman, superman, dcu, reeves, want, universe, gunn, dc"
pceouhw,0,"like, just, don, people, think, really, know, make"
pceonqo,0,"like, just, don, people, think, really, know, make"
pceolbu,1,"hal, john, ring, lantern, green, sinestro, jordan, episode"
pceojna,2,"movie, bad, superman, supergirl, best, great, wonder, gunn"
pceoid8,0,"like, just, don, people, think, really, know, make"
pceoerh,0,"like, just, don, people, think, really, know, make"
pceo8ho,3,"batman, superman, dcu, reeves, want, universe, gunn, dc"
pceo7rl,3,"batman, superman, dcu, reeves, want, universe, gunn, dc"
pceo42a,2,"movie, bad, superman, supergirl, best, great, wonder, gunn"
pceo1gc,2,"movie, bad, superman, supergirl, best, great, wonder, gunn"
pceo09g,4,"good, movies, wonder, woman, wasn, looks, pretty, gal"
pceny48,2,"movie, bad, superman, supergirl, best, great, wonder, gunn"
pcenvpu,3,"batman, superman, dcu, reeves, want, universe, gunn, dc"
pcenrw2,1,"hal, john, ring, lantern, green, sinestro, jordan, episode"
pcenrbx,3,"batman, superman, dcu, reeves, want, universe, gunn, dc"
pcenm30,3,"batman, superman, dcu, reeves, want, universe, gunn, dc"
pcenkaq,3,"batman, superman, dcu, reeves, want, universe, gunn, dc"
pcenh5h,3,"batman, superman, dcu, reeves, want, universe, gunn, dc"
pcengcw,2,"movie, bad, superman, supergirl, best, great, wonder, gunn"
pcen6qg,0,"like, just, don, people, think, really, know, make"
pcen2kn,0,"like, just, don, people, think, really, know, make"
pcen1i8,2,"movie, bad, superman, supergirl, best, great, wonder, gunn"
pcemw2n,0,"like, just, don, people, think, really, know, make"
pcemuhy,0,"like, just, don, people, think, really, know, make"
pcemq8k,0,"like, just, don, people, think, really, know, make"
pcemol0,0,"like, just, don, people, think, really, know, make"
pcema4t,0,"like, just, don, people, think, really, know, make"
pcem78f,0,"like, just, don, people, think, really, know, make"
pcem7al,0,"like, just, don, people, think, really, know, make"
pcem5uf,3,"batman, superman, dcu, reeves, want, universe, gunn, dc"
pcelw2n,3,"batman, superman, dcu, reeves, want, universe, gunn, dc"
pcelvol,2,"movie, bad, superman, supergirl, best, great, wonder, gunn"
pceltry,0,"like, just, don, people, think, really, know, make"
pceloop,0,"like, just, don, people, think, really, know, make"
pcelo6k,0,"like, just, don, people, think, really, know, make"
pcelmm3,1,"hal, john, ring, lantern, green, sinestro, jordan, episode"
pceljn1,0,"like, just, don, people, think, really, know, make"
pcelg7s,3,"batman, superman, dcu, reeves, want, universe, gunn, dc"
pcelf1c,4,"good, movies, wonder, woman, wasn, looks, pretty, gal"
pcel7ed,3,"batman, superman, dcu, reeves, want, universe, gunn, dc"
pcel71w,3,"batman, superman, dcu, reeves, want, universe, gunn, dc"
pcel2lp,0,"like, just, don, people, think, really, know, make"
pcekx7d,1,"hal, john, ring, lantern, green, sinestro, jordan, episode"
pcekrgz,0,"like, just, don, people, think, really, know, make"
pcekqs3,0,"like, just, don, people, think, really, know, make"
pcekpg5,1,"hal, john, ring, lantern, green, sinestro, jordan, episode"
pcekn1u,2,"movie, bad, superman, supergirl, best, great, wonder, gunn"
pcekk7r,2,"movie, bad, superman, supergirl, best, great, wonder, gunn"
pcekep8,4,"good, movies, wonder, woman, wasn, looks, pretty, gal"
pcekee3,2,"movie, bad, superman, supergirl, best, great, wonder, gunn"
pcekdu4,0,"like, just, don, people, think, really, know, make"
pcekddr,0,"like, just, don, people, think, really, know, make"
pcekcy9,4,"good, movies, wonder, woman, wasn, looks, pretty, gal"
pcek4c3,3,"batman, superman, dcu, reeves, want, universe, gunn, dc"
pcek1r8,3,"batman, superman, dcu, reeves, want, universe, gunn, dc"
pcejw5y,0,"like, just, don, people, think, really, know, make"
pcejtvb,3,"batman, superman, dcu, reeves, want, universe, gunn, dc"
pcejqvn,2,"movie, bad, superman, supergirl, best, great, wonder, gunn"
pcejhtn,2,"movie, bad, superman, supergirl, best, great, wonder, gunn"
pceje9m,0,"like, just, don, people, think, really, know, make"
pcej2sy,1,"hal, john, ring, lantern, green, sinestro, jordan, episode"
pceilqf,3,"batman, superman, dcu, reeves, want, universe, gunn, dc"
pceijar,1,"hal, john, ring, lantern, green, sinestro, jordan, episode"
pceiika,0,"like, just, don, people, think, really, know, make"
pceii8y,2,"movie, bad, superman, supergirl, best, great, wonder, gunn"
pcei8vf,1,"hal, john, ring, lantern, green, sinestro, jordan, episode"
pcei6w3,0,"like, just, don, people, think, really, know, make"
pcei4wt,3,"batman, superman, dcu, reeves, want, universe, gunn, dc"
pcei4ac,3,"batman, superman, dcu, reeves, want, universe, gunn, dc"
pcehl3b,0,"like, just, don, people, think, really, know, make"
pcehi3i,0,"like, just, don, people, think, really, know, make"
pcehgk2,0,"like, just, don, people, think, really, know, make"
pceheh8,0,"like, just, don, people, think, really, know, make"
pcehbyf,3,"batman, superman, dcu, reeves, want, universe, gunn, dc"
pcehaso,3,"batman, superman, dcu, reeves, want, universe, gunn, dc"
pceh9h6,1,"hal, john, ring, lantern, green, sinestro, jordan, episode"
pceh132,0,"like, just, don, people, think, really, know, make"
pcegygm,2,"movie, bad, superman, supergirl, best, great, wonder, gunn"
pcegxxb,2,"movie, bad, superman, supergirl, best, great, wonder, gunn"
pcegsim,2,"movie, bad, superman, supergirl, best, great, wonder, gunn"
pcegozy,0,"like, just, don, people, think, really, know, make"
pcegfpr,0,"like, just, don, people, think, really, know, make"
pcegcy9,0,"like, just, don, people, think, really, know, make"
pcegbfh,3,"batman, superman, dcu, reeves, want, universe, gunn, dc"
pcegayo,4,"good, movies, wonder, woman, wasn, looks, pretty, gal"
pcefx1k,2,"movie, bad, superman, supergirl, best, great, wonder, gunn"
pcefv17,0,"like, just, don, people, think, really, know, make"
pceftru,4,"good, movies, wonder, woman, wasn, looks, pretty, gal"
pcefse1,0,"like, just, don, people, think, really, know, make"
pcefqtz,2,"movie, bad, superman, supergirl, best, great, wonder, gunn"
pcefnig,2,"movie, bad, superman, supergirl, best, great, wonder, gunn"
pcefhh3,3,"batman, superman, dcu, reeves, want, universe, gunn, dc"
pcef83c,0,"like, just, don, people, think, really, know, make"
pceesif,3,"batman, superman, dcu, reeves, want, universe, gunn, dc"
pceeray,0,"like, just, don, people, think, really, know, make"
pceeohy,0,"like, just, don, people, think, really, know, make"
pceenir,0,"like, just, don, people, think, really, know, make"
pceen6t,2,"movie, bad, superman, supergirl, best, great, wonder, gunn"
pceek3h,2,"movie, bad, superman, supergirl, best, great, wonder, gunn"
pceecb2,0,"like, just, don, people, think, really, know, make"
pcee7bc,4,"good, movies, wonder, woman, wasn, looks, pretty, gal"
pcedz27,0,"like, just, don, people, think, really, know, make"
pcedw2o,1,"hal, john, ring, lantern, green, sinestro, jordan, episode"
pcedt8e,3,"batman, superman, dcu, reeves, want, universe, gunn, dc"
pcedgqd,3,"batman, superman, dcu, reeves, want, universe, gunn, dc"
pced87a,0,"like, just, don, people, think, really, know, make"
pced3qb,1,"hal, john, ring, lantern, green, sinestro, jordan, episode"
pced352,0,"like, just, don, people, think, really, know, make"
pcecrx5,0,"like, just, don, people, think, really, know, make"
pcecls0,0,"like, just, don, people, think, really, know, make"
pcecfvz,2,"movie, bad, superman, supergirl, best, great, wonder, gunn"
pcecfsd,0,"like, just, don, people, think, really, know, make"
pcecfq4,3,"batman, superman, dcu, reeves, want, universe, gunn, dc"
pcecbff,3,"batman, superman, dcu, reeves, want, universe, gunn, dc"
pcebzqv,1,"hal, john, ring, lantern, green, sinestro, jordan, episode"
pceby9x,4,"good, movies, wonder, woman, wasn, looks, pretty, gal"
pcebq47,0,"like, just, don, people, think, really, know, make"
pcebisc,0,"like, just, don, people, think, really, know, make"
pcebhng,0,"like, just, don, people, think, really, know, make"
pcebgpd,0,"like, just, don, people, think, really, know, make"
pceauyl,0,"like, just, don, people, think, really, know, make"
pceat71,0,"like, just, don, people, think, really, know, make"
pcearci,3,"batman, superman, dcu, reeves, want, universe, gunn, dc"
pceal1d,0,"like, just, don, people, think, really, know, make"
pceak20,3,"batman, superman, dcu, reeves, want, universe, gunn, dc"
pceaftn,1,"hal, john, ring, lantern, green, sinestro, jordan, episode"
pceaen2,0,"like, just, don, people, think, really, know, make"
pcead18,4,"good, movies, wonder, woman, wasn, looks, pretty, gal"
pcea736,0,"like, just, don, people, think, really, know, make"
pcea3cn,3,"batman, superman, dcu, reeves, want, universe, gunn, dc"
pcea1du,3,"batman, superman, dcu, reeves, want, universe, gunn, dc"
pce9wxu,3,"batman, superman, dcu, reeves, want, universe, gunn, dc"
pce9wzs,1,"hal, john, ring, lantern, green, sinestro, jordan, episode"
pce9nxg,1,"hal, john, ring, lantern, green, sinestro, jordan, episode"
pce9kgr,0,"like, just, don, people, think, really, know, make"
pce9gss,0,"like, just, don, people, think, really, know, make"
pce99jq,1,"hal, john, ring, lantern, green, sinestro, jordan, episode"
pce98rq,0,"like, just, don, people, think, really, know, make"
pce97mo,0,"like, just, don, people, think, really, know, make"
pce8zcb,0,"like, just, don, people, think, really, know, make"
pce8pr0,0,"like, just, don, people, think, really, know, make"
pce8m7k,1,"hal, john, ring, lantern, green, sinestro, jordan, episode"
pce8h6w,0,"like, just, don, people, think, really, know, make"
pce8bjy,0,"like, just, don, people, think, really, know, make"
pce8axu,1,"hal, john, ring, lantern, green, sinestro, jordan, episode"
pce7zpm,0,"like, just, don, people, think, really, know, make"
pce6wf9,0,"like, just, don, people, think, really, know, make"
pce6u4d,3,"batman, superman, dcu, reeves, want, universe, gunn, dc"
pce6qb8,3,"batman, superman, dcu, reeves, want, universe, gunn, dc"
pce6pxk,0,"like, just, don, people, think, really, know, make"
pce68kd,0,"like, just, don, people, think, really, know, make"
pce67ci,0,"like, just, don, people, think, really, know, make"
pce6754,3,"batman, superman, dcu, reeves, want, universe, gunn, dc"
pce63ua,1,"hal, john, ring, lantern, green, sinestro, jordan, episode"
pce5wta,0,"like, just, don, people, think, really, know, make"
pce5vdh,3,"batman, superman, dcu, reeves, want, universe, gunn, dc"
pce5uuz,1,"hal, john, ring, lantern, green, sinestro, jordan, episode"
pce5d3x,3,"batman, superman, dcu, reeves, want, universe, gunn, dc"
pce5cj8,1,"hal, john, ring, lantern, green, sinestro, jordan, episode"
pce4hte,1,"hal, john, ring, lantern, green, sinestro, jordan, episode"
pce4cqb,0,"like, just, don, people, think, really, know, make"
pce4boz,3,"batman, superman, dcu, reeves, want, universe, gunn, dc"
pce44uy,0,"like, just, don, people, think, really, know, make"
pce43yh,1,"hal, john, ring, lantern, green, sinestro, jordan, episode"
pce431y,4,"good, movies, wonder, woman, wasn, looks, pretty, gal"
pce3v3w,1,"hal, john, ring, lantern, green, sinestro, jordan, episode"
pce3t5x,1,"hal, john, ring, lantern, green, sinestro, jordan, episode"
pce347g,3,"batman, superman, dcu, reeves, want, universe, gunn, dc"
pce32uz,2,"movie, bad, superman, supergirl, best, great, wonder, gunn"
pce2mw9,3,"batman, superman, dcu, reeves, want, universe, gunn, dc"
pce2m9j,4,"good, movies, wonder, woman, wasn, looks, pretty, gal"
pce2ekm,1,"hal, john, ring, lantern, green, sinestro, jordan, episode"
pce1vnp,3,"batman, superman, dcu, reeves, want, universe, gunn, dc"
pce1p5t,1,"hal, john, ring, lantern, green, sinestro, jordan, episode"
pce1evg,0,"like, just, don, people, think, really, know, make"
pce1d65,1,"hal, john, ring, lantern, green, sinestro, jordan, episode"
pce1a9u,0,"like, just, don, people, think, really, know, make"
pce184k,0,"like, just, don, people, think, really, know, make"
pce11u5,2,"movie, bad, superman, supergirl, best, great, wonder, gunn"
pce0y6d,0,"like, just, don, people, think, really, know, make"
pce0ucc,3,"batman, superman, dcu, reeves, want, universe, gunn, dc"
pce0u5k,1,"hal, john, ring, lantern, green, sinestro, jordan, episode"
pce0n0o,0,"like, just, don, people, think, really, know, make"
pce0gqm,1,"hal, john, ring, lantern, green, sinestro, jordan, episode"
pce0f3i,2,"movie, bad, superman, supergirl, best, great, wonder, gunn"
pce0cv8,1,"hal, john, ring, lantern, green, sinestro, jordan, episode"
pce07lz,4,"good, movies, wonder, woman, wasn, looks, pretty, gal"
pcdzwh2,0,"like, just, don, people, think, really, know, make"
pcdzv15,0,"like, just, don, people, think, really, know, make"
pcdznt4,3,"batman, superman, dcu, reeves, want, universe, gunn, dc"
pcdzkwo,0,"like, just, don, people, think, really, know, make"
pcdzcdy,1,"hal, john, ring, lantern, green, sinestro, jordan, episode"
pcdzb5n,0,"like, just, don, people, think, really, know, make"
pcdz1a8,3,"batman, superman, dcu, reeves, want, universe, gunn, dc"
pcdyxfv,3,"batman, superman, dcu, reeves, want, universe, gunn, dc"
pcdyvsy,3,"batman, superman, dcu, reeves, want, universe, gunn, dc"
pcdypms,0,"like, just, don, people, think, really, know, make"
pcdyo9j,3,"batman, superman, dcu, reeves, want, universe, gunn, dc"
pcdyjn8,0,"like, just, don, people, think, really, know, make"
pcdycw8,0,"like, just, don, people, think, really, know, make"
pcdy98j,2,"movie, bad, superman, supergirl, best, great, wonder, gunn"
pcdy4jt,0,"like, just, don, people, think, really, know, make"
pcdy0vk,3,"batman, superman, dcu, reeves, want, universe, gunn, dc"
pcdxxir,1,"hal, john, ring, lantern, green, sinestro, jordan, episode"
pcdxw3m,0,"like, just, don, people, think, really, know, make"
pcdxry9,2,"movie, bad, superman, supergirl, best, great, wonder, gunn"
pcdxpnq,1,"hal, john, ring, lantern, green, sinestro, jordan, episode"
pcdxnmi,2,"movie, bad, superman, supergirl, best, great, wonder, gunn"
pcdxids,0,"like, just, don, people, think, really, know, make"
pcdxhr1,0,"like, just, don, people, think, really, know, make"
pcdxfvc,3,"batman, superman, dcu, reeves, want, universe, gunn, dc"
pcdxad0,0,"like, just, don, people, think, really, know, make"
pcdx8bn,1,"hal, john, ring, lantern, green, sinestro, jordan, episode"
pcdx06n,1,"hal, john, ring, lantern, green, sinestro, jordan, episode"
pcdwu04,4,"good, movies, wonder, woman, wasn, looks, pretty, gal"
pcdwmfd,0,"like, just, don, people, think, really, know, make"
pcdwfxe,3,"batman, superman, dcu, reeves, want, universe, gunn, dc"
pcdwfzm,2,"movie, bad, superman, supergirl, best, great, wonder, gunn"
pcdwf4h,1,"hal, john, ring, lantern, green, sinestro, jordan, episode"
pcdwcvr,3,"batman, superman, dcu, reeves, want, universe, gunn, dc"
pcdw7pq,0,"like, just, don, people, think, really, know, make"
pcdw5xf,3,"batman, superman, dcu, reeves, want, universe, gunn, dc"
pcdvrr6,4,"good, movies, wonder, woman, wasn, looks, pretty, gal"
pcdvh3t,3,"batman, superman, dcu, reeves, want, universe, gunn, dc"
pcdva3q,0,"like, just, don, people, think, really, know, make"
pcdv8rq,1,"hal, john, ring, lantern, green, sinestro, jordan, episode"
pcdv32q,2,"movie, bad, superman, supergirl, best, great, wonder, gunn"
pcduvds,2,"movie, bad, superman, supergirl, best, great, wonder, gunn"
pcdutvr,0,"like, just, don, people, think, really, know, make"
pcdurc2,3,"batman, superman, dcu, reeves, want, universe, gunn, dc"
pcdupgp,4,"good, movies, wonder, woman, wasn, looks, pretty, gal"
pcdulz4,2,"movie, bad, superman, supergirl, best, great, wonder, gunn"
pcduhtj,3,"batman, superman, dcu, reeves, want, universe, gunn, dc"
pcduh93,0,"like, just, don, people, think, really, know, make"
pcdu70o,0,"like, just, don, people, think, really, know, make"
pcdu5cd,0,"like, just, don, people, think, really, know, make"
pcdu33p,1,"hal, john, ring, lantern, green, sinestro, jordan, episode"
pcdtxfw,0,"like, just, don, people, think, really, know, make"
pcdtwwp,1,"hal, john, ring, lantern, green, sinestro, jordan, episode"
pcdtukk,3,"batman, superman, dcu, reeves, want, universe, gunn, dc"
pcdtshx,0,"like, just, don, people, think, really, know, make"
pcdtftw,2,"movie, bad, superman, supergirl, best, great, wonder, gunn"
pcdt94h,4,"good, movies, wonder, woman, wasn, looks, pretty, gal"
pcdt7zz,2,"movie, bad, superman, supergirl, best, great, wonder, gunn"
pcdt7es,4,"good, movies, wonder, woman, wasn, looks, pretty, gal"
pcdt1r0,3,"batman, superman, dcu, reeves, want, universe, gunn, dc"
pcdsyvq,0,"like, just, don, people, think, really, know, make"
pcdsw7e,4,"good, movies, wonder, woman, wasn, looks, pretty, gal"
pcdskrb,4,"good, movies, wonder, woman, wasn, looks, pretty, gal"
pcdsj2w,0,"like, just, don, people, think, really, know, make"
pcdsivi,0,"like, just, don, people, think, really, know, make"
pcdshcu,0,"like, just, don, people, think, really, know, make"
pcdsend,1,"hal, john, ring, lantern, green, sinestro, jordan, episode"
pcdseaz,3,"batman, superman, dcu, reeves, want, universe, gunn, dc"
pcdsdw1,3,"batman, superman, dcu, reeves, want, universe, gunn, dc"
pcdrv5z,0,"like, just, don, people, think, really, know, make"
pcdrqpt,3,"batman, superman, dcu, reeves, want, universe, gunn, dc"
pcdrflg,0,"like, just, don, people, think, really, know, make"
pcdrf94,3,"batman, superman, dcu, reeves, want, universe, gunn, dc"
pcdqx6e,0,"like, just, don, people, think, really, know, make"
pcdqmvm,0,"like, just, don, people, think, really, know, make"
pcdqift,2,"movie, bad, superman, supergirl, best, great, wonder, gunn"
pcdqi7c,0,"like, just, don, people, think, really, know, make"
pcdqanm,0,"like, just, don, people, think, really, know, make"
pcdq7jk,3,"batman, superman, dcu, reeves, want, universe, gunn, dc"
pcdq5ka,0,"like, just, don, people, think, really, know, make"
pcdq31p,0,"like, just, don, people, think, really, know, make"
pcdpm1g,4,"good, movies, wonder, woman, wasn, looks, pretty, gal"
pcdpldb,1,"hal, john, ring, lantern, green, sinestro, jordan, episode"
pcdpkrx,4,"good, movies, wonder, woman, wasn, looks, pretty, gal"
pcdpji4,0,"like, just, don, people, think, really, know, make"
pcdpge2,0,"like, just, don, people, think, really, know, make"
pcdpcyg,0,"like, just, don, people, think, really, know, make"
pcdpc7l,3,"batman, superman, dcu, reeves, want, universe, gunn, dc"
pcdp9y2,2,"movie, bad, superman, supergirl, best, great, wonder, gunn"
pcdovi0,1,"hal, john, ring, lantern, green, sinestro, jordan, episode"
pcdotmd,3,"batman, superman, dcu, reeves, want, universe, gunn, dc"
pcdofci,0,"like, just, don, people, think, really, know, make"
pcdoco5,0,"like, just, don, people, think, really, know, make"
pcdoc0z,1,"hal, john, ring, lantern, green, sinestro, jordan, episode"
pcdnysb,0,"like, just, don, people, think, really, know, make"
pcdnqej,0,"like, just, don, people, think, really, know, make"
pcdnmr6,4,"good, movies, wonder, woman, wasn, looks, pretty, gal"
pcdnj0g,0,"like, just, don, people, think, really, know, make"
pcdniyq,3,"batman, superman, dcu, reeves, want, universe, gunn, dc"
pcdnhpx,0,"like, just, don, people, think, really, know, make"
pcdnhmu,3,"batman, superman, dcu, reeves, want, universe, gunn, dc"
pcdng3j,0,"like, just, don, people, think, really, know, make"
pcdnfs6,4,"good, movies, wonder, woman, wasn, looks, pretty, gal"
pcdn8pi,4,"good, movies, wonder, woman, wasn, looks, pretty, gal"
pcdmyix,2,"movie, bad, superman, supergirl, best, great, wonder, gunn"
pcdmo3d,0,"like, just, don, people, think, really, know, make"
pcdmlkg,2,"movie, bad, superman, supergirl, best, great, wonder, gunn"
pcdmfqs,1,"hal, john, ring, lantern, green, sinestro, jordan, episode"
pcdlieh,0,"like, just, don, people, think, really, know, make"
pcdlgb3,2,"movie, bad, superman, supergirl, best, great, wonder, gunn"
pcdlcqo,3,"batman, superman, dcu, reeves, want, universe, gunn, dc"
pcdlc10,0,"like, just, don, people, think, really, know, make"
pcdl07q,2,"movie, bad, superman, supergirl, best, great, wonder, gunn"
pcdkv36,1,"hal, john, ring, lantern, green, sinestro, jordan, episode"
pcdkti7,0,"like, just, don, people, think, really, know, make"
pcdkpr9,3,"batman, superman, dcu, reeves, want, universe, gunn, dc"
pcdkmve,0,"like, just, don, people, think, really, know, make"
pcdkl06,3,"batman, superman, dcu, reeves, want, universe, gunn, dc"
pcdki3w,4,"good, movies, wonder, woman, wasn, looks, pretty, gal"
pcdkhfv,3,"batman, superman, dcu, reeves, want, universe, gunn, dc"
pcdkfqr,0,"like, just, don, people, think, really, know, make"
pcdk6pu,0,"like, just, don, people, think, really, know, make"
pcdjpek,4,"good, movies, wonder, woman, wasn, looks, pretty, gal"
pcdjm5l,3,"batman, superman, dcu, reeves, want, universe, gunn, dc"
pcdjj5p,2,"movie, bad, superman, supergirl, best, great, wonder, gunn"
pcdji98,0,"like, just, don, people, think, really, know, make"
pcdjcjd,3,"batman, superman, dcu, reeves, want, universe, gunn, dc"
pcdj0by,0,"like, just, don, people, think, really, know, make"
pcdiyz8,3,"batman, superman, dcu, reeves, want, universe, gunn, dc"
pcdiqy3,0,"like, just, don, people, think, really, know, make"
pcdiny9,2,"movie, bad, superman, supergirl, best, great, wonder, gunn"
pcdikfo,0,"like, just, don, people, think, really, know, make"
pcdik2v,3,"batman, superman, dcu, reeves, want, universe, gunn, dc"
pcdigbv,3,"batman, superman, dcu, reeves, want, universe, gunn, dc"
pcdi3fc,0,"like, just, don, people, think, really, know, make"
pcdi0vf,0,"like, just, don, people, think, really, know, make"
pcdhvg7,3,"batman, superman, dcu, reeves, want, universe, gunn, dc"
pcdhpwz,4,"good, movies, wonder, woman, wasn, looks, pretty, gal"
pcdhexu,3,"batman, superman, dcu, reeves, want, universe, gunn, dc"
pcdha9k,1,"hal, john, ring, lantern, green, sinestro, jordan, episode"
pcdh4yn,1,"hal, john, ring, lantern, green, sinestro, jordan, episode"
pcdgyvf,3,"batman, superman, dcu, reeves, want, universe, gunn, dc"
pcdguca,4,"good, movies, wonder, woman, wasn, looks, pretty, gal"
pcdgpl0,0,"like, just, don, people, think, really, know, make"
pcdgmzd,0,"like, just, don, people, think, really, know, make"
pcdgl92,0,"like, just, don, people, think, really, know, make"
pcdgi1p,1,"hal, john, ring, lantern, green, sinestro, jordan, episode"
pcdgg2u,0,"like, just, don, people, think, really, know, make"
pcdgf7p,0,"like, just, don, people, think, really, know, make"
pcdg7g3,0,"like, just, don, people, think, really, know, make"
pcdg2m8,0,"like, just, don, people, think, really, know, make"
pcdfwkb,2,"movie, bad, superman, supergirl, best, great, wonder, gunn"
pcdfvda,0,"like, just, don, people, think, really, know, make"
pcdfqtj,4,"good, movies, wonder, woman, wasn, looks, pretty, gal"
pcdfkm1,0,"like, just, don, people, think, really, know, make"
pcdfjn7,0,"like, just, don, people, think, really, know, make"
pcdfiyl,3,"batman, superman, dcu, reeves, want, universe, gunn, dc"
pcdfhs6,0,"like, just, don, people, think, really, know, make"
pcdfevd,0,"like, just, don, people, think, really, know, make"
pcdfd1l,1,"hal, john, ring, lantern, green, sinestro, jordan, episode"
pcdfcx1,0,"like, just, don, people, think, really, know, make"
pcdfb9e,0,"like, just, don, people, think, really, know, make"
pcdf9ym,3,"batman, superman, dcu, reeves, want, universe, gunn, dc"
pcdf5vy,1,"hal, john, ring, lantern, green, sinestro, jordan, episode"
pcdf5e4,0,"like, just, don, people, think, really, know, make"
pcdf366,0,"like, just, don, people, think, really, know, make"
pcdeus4,1,"hal, john, ring, lantern, green, sinestro, jordan, episode"
pcdeu92,3,"batman, superman, dcu, reeves, want, universe, gunn, dc"
pcderyc,0,"like, just, don, people, think, really, know, make"
pcdepdg,3,"batman, superman, dcu, reeves, want, universe, gunn, dc"
pcdekb7,0,"like, just, don, people, think, really, know, make"
pcdedot,3,"batman, superman, dcu, reeves, want, universe, gunn, dc"
pcdebag,0,"like, just, don, people, think, really, know, make"
pcde9aa,0,"like, just, don, people, think, really, know, make"
pcde6vt,2,"movie, bad, superman, supergirl, best, great, wonder, gunn"
pcde646,0,"like, just, don, people, think, really, know, make"
pcde5ge,3,"batman, superman, dcu, reeves, want, universe, gunn, dc"
pcde20h,3,"batman, superman, dcu, reeves, want, universe, gunn, dc"
pcddtwa,0,"like, just, don, people, think, really, know, make"
pcddrzu,3,"batman, superman, dcu, reeves, want, universe, gunn, dc"
pcddr9g,0,"like, just, don, people, think, really, know, make"
pcddpdl,0,"like, just, don, people, think, really, know, make"
pcddpb4,0,"like, just, don, people, think, really, know, make"
pcddkav,2,"movie, bad, superman, supergirl, best, great, wonder, gunn"
pcddgki,0,"like, just, don, people, think, really, know, make"
pcddfz9,3,"batman, superman, dcu, reeves, want, universe, gunn, dc"
pcdde71,0,"like, just, don, people, think, really, know, make"
pcddd74,0,"like, just, don, people, think, really, know, make"
pcdd6tu,4,"good, movies, wonder, woman, wasn, looks, pretty, gal"
pcdcnqy,0,"like, just, don, people, think, really, know, make"
pcdclfw,0,"like, just, don, people, think, really, know, make"
pcdcizg,3,"batman, superman, dcu, reeves, want, universe, gunn, dc"
pcdcg2r,4,"good, movies, wonder, woman, wasn, looks, pretty, gal"
pcdcc6x,0,"like, just, don, people, think, really, know, make"
pcdc5mo,3,"batman, superman, dcu, reeves, want, universe, gunn, dc"
pcdc3nx,2,"movie, bad, superman, supergirl, best, great, wonder, gunn"
pcdc26v,0,"like, just, don, people, think, really, know, make"
pcdbuec,3,"batman, superman, dcu, reeves, want, universe, gunn, dc"
pcdbnue,1,"hal, john, ring, lantern, green, sinestro, jordan, episode"
pcdbjyj,0,"like, just, don, people, think, really, know, make"
pcdbipm,3,"batman, superman, dcu, reeves, want, universe, gunn, dc"
pcdbaxq,0,"like, just, don, people, think, really, know, make"
pcdb9l4,0,"like, just, don, people, think, really, know, make"
pcdb8ac,0,"like, just, don, people, think, really, know, make"
pcdaoxn,0,"like, just, don, people, think, really, know, make"
pcdajq0,0,"like, just, don, people, think, really, know, make"
pcdahh3,0,"like, just, don, people, think, really, know, make"
pcdabuv,0,"like, just, don, people, think, really, know, make"
pcda1fa,0,"like, just, don, people, think, really, know, make"
pcd9xot,0,"like, just, don, people, think, really, know, make"
pcd9tkf,3,"batman, superman, dcu, reeves, want, universe, gunn, dc"
pcd9st9,0,"like, just, don, people, think, really, know, make"
pcd9pow,2,"movie, bad, superman, supergirl, best, great, wonder, gunn"
pcd9pdu,2,"movie, bad, superman, supergirl, best, great, wonder, gunn"
pcd99an,1,"hal, john, ring, lantern, green, sinestro, jordan, episode"
pcd97z4,3,"batman, superman, dcu, reeves, want, universe, gunn, dc"
pcd956w,4,"good, movies, wonder, woman, wasn, looks, pretty, gal"
pcd94qg,1,"hal, john, ring, lantern, green, sinestro, jordan, episode"
pcd8wxx,0,"like, just, don, people, think, really, know, make"
pcd8qcl,2,"movie, bad, superman, supergirl, best, great, wonder, gunn"
pcd8oka,1,"hal, john, ring, lantern, green, sinestro, jordan, episode"
pcd8dnv,0,"like, just, don, people, think, really, know, make"
pcd8c60,0,"like, just, don, people, think, really, know, make"
pcd8bad,1,"hal, john, ring, lantern, green, sinestro, jordan, episode"
pcd7wfm,0,"like, just, don, people, think, really, know, make"
pcd7vpi,1,"hal, john, ring, lantern, green, sinestro, jordan, episode"
pcd7ub3,3,"batman, superman, dcu, reeves, want, universe, gunn, dc"
pcd7ttw,1,"hal, john, ring, lantern, green, sinestro, jordan, episode"
pcd7smt,0,"like, just, don, people, think, really, know, make"
pcd7sbk,2,"movie, bad, superman, supergirl, best, great, wonder, gunn"
pcd7rnw,3,"batman, superman, dcu, reeves, want, universe, gunn, dc"
pcd7hc6,4,"good, movies, wonder, woman, wasn, looks, pretty, gal"
pcd7g9f,1,"hal, john, ring, lantern, green, sinestro, jordan, episode"
pcd7g80,3,"batman, superman, dcu, reeves, want, universe, gunn, dc"
pcd7cry,4,"good, movies, wonder, woman, wasn, looks, pretty, gal"
pcd6opz,3,"batman, superman, dcu, reeves, want, universe, gunn, dc"
pcd6kmu,2,"movie, bad, superman, supergirl, best, great, wonder, gunn"
pcd6iv1,1,"hal, john, ring, lantern, green, sinestro, jordan, episode"
pcd68b3,0,"like, just, don, people, think, really, know, make"
pcd5rz1,3,"batman, superman, dcu, reeves, want, universe, gunn, dc"
pcd5p80,0,"like, just, don, people, think, really, know, make"
pcd5kol,0,"like, just, don, people, think, really, know, make"
pcd5kda,4,"good, movies, wonder, woman, wasn, looks, pretty, gal"
pcd50vc,4,"good, movies, wonder, woman, wasn, looks, pretty, gal"
pcd4x46,0,"like, just, don, people, think, really, know, make"
pcd4p6v,2,"movie, bad, superman, supergirl, best, great, wonder, gunn"
pcd4kfc,0,"like, just, don, people, think, really, know, make"
pcd3yy9,0,"like, just, don, people, think, really, know, make"
pcd3w4k,0,"like, just, don, people, think, really, know, make"
pcd3ojk,2,"movie, bad, superman, supergirl, best, great, wonder, gunn"
pcd3kht,1,"hal, john, ring, lantern, green, sinestro, jordan, episode"
pcd3bup,0,"like, just, don, people, think, really, know, make"
pcd3avk,1,"hal, john, ring, lantern, green, sinestro, jordan, episode"
pcd399h,4,"good, movies, wonder, woman, wasn, looks, pretty, gal"
pcd355g,0,"like, just, don, people, think, really, know, make"
pcd350j,0,"like, just, don, people, think, really, know, make"
pcd32xt,0,"like, just, don, people, think, really, know, make"
pcd2wib,2,"movie, bad, superman, supergirl, best, great, wonder, gunn"
pcd1yzb,0,"like, just, don, people, think, really, know, make"
pcd1uop,2,"movie, bad, superman, supergirl, best, great, wonder, gunn"
pcd1tge,3,"batman, superman, dcu, reeves, want, universe, gunn, dc"
pcd1gvq,3,"batman, superman, dcu, reeves, want, universe, gunn, dc"
pcd1g7y,0,"like, just, don, people, think, really, know, make"
pcd1ege,3,"batman, superman, dcu, reeves, want, universe, gunn, dc"
pcd1373,0,"like, just, don, people, think, really, know, make"
pcd0wh2,3,"batman, superman, dcu, reeves, want, universe, gunn, dc"
pcd0lxq,0,"like, just, don, people, think, really, know, make"
pcd0hup,0,"like, just, don, people, think, really, know, make"
pcd04du,0,"like, just, don, people, think, really, know, make"
pcd02cy,0,"like, just, don, people, think, really, know, make"
pcczwrs,3,"batman, superman, dcu, reeves, want, universe, gunn, dc"
pcczw5i,0,"like, just, don, people, think, really, know, make"
pcczqqi,2,"movie, bad, superman, supergirl, best, great, wonder, gunn"
pcczox7,0,"like, just, don, people, think, really, know, make"
pcczocz,1,"hal, john, ring, lantern, green, sinestro, jordan, episode"
pcczl0l,3,"batman, superman, dcu, reeves, want, universe, gunn, dc"
pcczijk,0,"like, just, don, people, think, really, know, make"
pcczbwl,4,"good, movies, wonder, woman, wasn, looks, pretty, gal"
pcczbsn,1,"hal, john, ring, lantern, green, sinestro, jordan, episode"
pcczbcx,4,"good, movies, wonder, woman, wasn, looks, pretty, gal"
pccywn2,0,"like, just, don, people, think, really, know, make"
pccyvhj,3,"batman, superman, dcu, reeves, want, universe, gunn, dc"
pccyrr7,3,"batman, superman, dcu, reeves, want, universe, gunn, dc"
pccyp1w,0,"like, just, don, people, think, really, know, make"
pccyhtn,4,"good, movies, wonder, woman, wasn, looks, pretty, gal"
pccy8ge,0,"like, just, don, people, think, really, know, make"
pccy6km,0,"like, just, don, people, think, really, know, make"
pccy1c0,0,"like, just, don, people, think, really, know, make"
pccxy10,3,"batman, superman, dcu, reeves, want, universe, gunn, dc"
pccxv7t,0,"like, just, don, people, think, really, know, make"
pccxkej,3,"batman, superman, dcu, reeves, want, universe, gunn, dc"
pccxj24,3,"batman, superman, dcu, reeves, want, universe, gunn, dc"
pccxfzg,4,"good, movies, wonder, woman, wasn, looks, pretty, gal"
pccxeul,3,"batman, superman, dcu, reeves, want, universe, gunn, dc"
pccx9o3,1,"hal, john, ring, lantern, green, sinestro, jordan, episode"
pccx7sg,0,"like, just, don, people, think, really, know, make"
pccx249,3,"batman, superman, dcu, reeves, want, universe, gunn, dc"
pccwj9m,0,"like, just, don, people, think, really, know, make"
pccwg1y,3,"batman, superman, dcu, reeves, want, universe, gunn, dc"
pccw9at,1,"hal, john, ring, lantern, green, sinestro, jordan, episode"
pccw8yt,0,"like, just, don, people, think, really, know, make"
pccw48x,0,"like, just, don, people, think, really, know, make"
pccvuhz,3,"batman, superman, dcu, reeves, want, universe, gunn, dc"
pccvu5h,0,"like, just, don, people, think, really, know, make"
pccv8mv,3,"batman, superman, dcu, reeves, want, universe, gunn, dc"
pccv5y7,2,"movie, bad, superman, supergirl, best, great, wonder, gunn"
pccv5oq,2,"movie, bad, superman, supergirl, best, great, wonder, gunn"
pccv5k4,4,"good, movies, wonder, woman, wasn, looks, pretty, gal"
pccv1vy,1,"hal, john, ring, lantern, green, sinestro, jordan, episode"
pccuzrn,0,"like, just, don, people, think, really, know, make"
pccuoiu,0,"like, just, don, people, think, really, know, make"
pccufqh,3,"batman, superman, dcu, reeves, want, universe, gunn, dc"
pccuf31,0,"like, just, don, people, think, really, know, make"
pcct9qx,0,"like, just, don, people, think, really, know, make"
pccstkc,3,"batman, superman, dcu, reeves, want, universe, gunn, dc"
pccssy5,0,"like, just, don, people, think, really, know, make"
pccsojq,1,"hal, john, ring, lantern, green, sinestro, jordan, episode"
pccsdhu,0,"like, just, don, people, think, really, know, make"
pccsd7j,0,"like, just, don, people, think, really, know, make"
pccscwk,3,"batman, superman, dcu, reeves, want, universe, gunn, dc"
pccs775,4,"good, movies, wonder, woman, wasn, looks, pretty, gal"
pccs2q5,1,"hal, john, ring, lantern, green, sinestro, jordan, episode"
pccrzg1,1,"hal, john, ring, lantern, green, sinestro, jordan, episode"
pccrot4,0,"like, just, don, people, think, really, know, make"
pccrjrv,2,"movie, bad, superman, supergirl, best, great, wonder, gunn"
pccrixp,0,"like, just, don, people, think, really, know, make"
pccrdku,0,"like, just, don, people, think, really, know, make"
pccrc43,1,"hal, john, ring, lantern, green, sinestro, jordan, episode"
pccqtzq,2,"movie, bad, superman, supergirl, best, great, wonder, gunn"
pccqu0q,0,"like, just, don, people, think, really, know, make"
pccqt6u,2,"movie, bad, superman, supergirl, best, great, wonder, gunn"
pccqran,0,"like, just, don, people, think, really, know, make"
pccq9c5,0,"like, just, don, people, think, really, know, make"
pccpmio,0,"like, just, don, people, think, really, know, make"
pccpleg,1,"hal, john, ring, lantern, green, sinestro, jordan, episode"
pccpj70,3,"batman, superman, dcu, reeves, want, universe, gunn, dc"
pccp63i,0,"like, just, don, people, think, really, know, make"
pccormk,0,"like, just, don, people, think, really, know, make"
pccoie2,2,"movie, bad, superman, supergirl, best, great, wonder, gunn"
pccocu3,2,"movie, bad, superman, supergirl, best, great, wonder, gunn"
pcco0ud,0,"like, just, don, people, think, really, know, make"
pccnxes,3,"batman, superman, dcu, reeves, want, universe, gunn, dc"
pccnvm2,0,"like, just, don, people, think, really, know, make"
pccnv69,3,"batman, superman, dcu, reeves, want, universe, gunn, dc"
pccnf5m,0,"like, just, don, people, think, really, know, make"
pccmvx4,0,"like, just, don, people, think, really, know, make"
pccmtou,0,"like, just, don, people, think, really, know, make"
pccmrbw,2,"movie, bad, superman, supergirl, best, great, wonder, gunn"
pccml89,1,"hal, john, ring, lantern, green, sinestro, jordan, episode"
pccmkfl,3,"batman, superman, dcu, reeves, want, universe, gunn, dc"
pccmg0a,3,"batman, superman, dcu, reeves, want, universe, gunn, dc"
pccm5ex,0,"like, just, don, people, think, really, know, make"
pccm0zn,3,"batman, superman, dcu, reeves, want, universe, gunn, dc"
pcclzhz,3,"batman, superman, dcu, reeves, want, universe, gunn, dc"
pccl071,0,"like, just, don, people, think, really, know, make"
pcckjk9,1,"hal, john, ring, lantern, green, sinestro, jordan, episode"
pcck2v8,2,"movie, bad, superman, supergirl, best, great, wonder, gunn"
pcck1nr,0,"like, just, don, people, think, really, know, make"
pccjuo4,0,"like, just, don, people, think, really, know, make"
pccjujn,0,"like, just, don, people, think, really, know, make"
pccjsdl,1,"hal, john, ring, lantern, green, sinestro, jordan, episode"
pccjn65,3,"batman, superman, dcu, reeves, want, universe, gunn, dc"
pccjlui,1,"hal, john, ring, lantern, green, sinestro, jordan, episode"
pccjfpz,0,"like, just, don, people, think, really, know, make"
pccjctv,0,"like, just, don, people, think, really, know, make"
pccjat9,4,"good, movies, wonder, woman, wasn, looks, pretty, gal"
pccj0fw,3,"batman, superman, dcu, reeves, want, universe, gunn, dc"
pccil4c,1,"hal, john, ring, lantern, green, sinestro, jordan, episode"
pcciiqh,0,"like, just, don, people, think, really, know, make"
pcci5ql,0,"like, just, don, people, think, really, know, make"
pcci1nj,2,"movie, bad, superman, supergirl, best, great, wonder, gunn"
pcchx0l,2,"movie, bad, superman, supergirl, best, great, wonder, gunn"
pcchx02,0,"like, just, don, people, think, really, know, make"
pcchgc4,2,"movie, bad, superman, supergirl, best, great, wonder, gunn"
pcchee6,0,"like, just, don, people, think, really, know, make"
pcchan0,0,"like, just, don, people, think, really, know, make"
pcch3ei,2,"movie, bad, superman, supergirl, best, great, wonder, gunn"
pccgzsl,0,"like, just, don, people, think, really, know, make"
pccgrtu,4,"good, movies, wonder, woman, wasn, looks, pretty, gal"
pccgr56,0,"like, just, don, people, think, really, know, make"
pccgfrm,1,"hal, john, ring, lantern, green, sinestro, jordan, episode"
pccgcay,1,"hal, john, ring, lantern, green, sinestro, jordan, episode"
pccga8m,0,"like, just, don, people, think, really, know, make"
pccg1hn,3,"batman, superman, dcu, reeves, want, universe, gunn, dc"
pccfttt,2,"movie, bad, superman, supergirl, best, great, wonder, gunn"
pcceh8k,2,"movie, bad, superman, supergirl, best, great, wonder, gunn"
pcceci2,2,"movie, bad, superman, supergirl, best, great, wonder, gunn"
pccea6e,2,"movie, bad, superman, supergirl, best, great, wonder, gunn"
pccdqrh,2,"movie, bad, superman, supergirl, best, great, wonder, gunn"
pccdity,0,"like, just, don, people, think, really, know, make"
pccdb6r,0,"like, just, don, people, think, really, know, make"
pccd6qm,4,"good, movies, wonder, woman, wasn, looks, pretty, gal"
pccd1m8,3,"batman, superman, dcu, reeves, want, universe, gunn, dc"
pccczqq,0,"like, just, don, people, think, really, know, make"
pccctfl,0,"like, just, don, people, think, really, know, make"
pcccqm8,0,"like, just, don, people, think, really, know, make"
pcccnx3,0,"like, just, don, people, think, really, know, make"
pcccgxk,0,"like, just, don, people, think, really, know, make"
pccca7n,0,"like, just, don, people, think, really, know, make"
pccbx7f,3,"batman, superman, dcu, reeves, want, universe, gunn, dc"
pccbr0n,0,"like, just, don, people, think, really, know, make"
pccbo0b,1,"hal, john, ring, lantern, green, sinestro, jordan, episode"
pccbnfg,2,"movie, bad, superman, supergirl, best, great, wonder, gunn"
pccbkgo,1,"hal, john, ring, lantern, green, sinestro, jordan, episode"
pccbb5s,1,"hal, john, ring, lantern, green, sinestro, jordan, episode"
pccb9mi,0,"like, just, don, people, think, really, know, make"
pccb5w2,0,"like, just, don, people, think, really, know, make"
pccazdc,2,"movie, bad, superman, supergirl, best, great, wonder, gunn"
pccax35,1,"hal, john, ring, lantern, green, sinestro, jordan, episode"
pccawng,0,"like, just, don, people, think, really, know, make"
pccawcr,0,"like, just, don, people, think, really, know, make"
pccaw1b,1,"hal, john, ring, lantern, green, sinestro, jordan, episode"
pccatyl,2,"movie, bad, superman, supergirl, best, great, wonder, gunn"
pccaoa6,0,"like, just, don, people, think, really, know, make"
pccamb9,0,"like, just, don, people, think, really, know, make"
pcca8wp,0,"like, just, don, people, think, really, know, make"
pcc9y1u,0,"like, just, don, people, think, really, know, make"
pcc9xm9,0,"like, just, don, people, think, really, know, make"
pcc9vzk,0,"like, just, don, people, think, really, know, make"
pcc9n7h,0,"like, just, don, people, think, really, know, make"
pcc9e8q,0,"like, just, don, people, think, really, know, make"
pcc9awj,3,"batman, superman, dcu, reeves, want, universe, gunn, dc"
pcc96ea,3,"batman, superman, dcu, reeves, want, universe, gunn, dc"
pcc8q8h,3,"batman, superman, dcu, reeves, want, universe, gunn, dc"
pcc8dgu,0,"like, just, don, people, think, really, know, make"
pcc8dfj,1,"hal, john, ring, lantern, green, sinestro, jordan, episode"
pcc7zol,1,"hal, john, ring, lantern, green, sinestro, jordan, episode"
pcc7oyc,1,"hal, john, ring, lantern, green, sinestro, jordan, episode"
pcc7oh0,0,"like, just, don, people, think, really, know, make"
pcc7l8d,0,"like, just, don, people, think, really, know, make"
pcc7i6p,3,"batman, superman, dcu, reeves, want, universe, gunn, dc"
pcc74zm,1,"hal, john, ring, lantern, green, sinestro, jordan, episode"
pcc72xl,4,"good, movies, wonder, woman, wasn, looks, pretty, gal"
pcc6zpt,2,"movie, bad, superman, supergirl, best, great, wonder, gunn"
pcc6xzy,0,"like, just, don, people, think, really, know, make"
pcc6x17,1,"hal, john, ring, lantern, green, sinestro, jordan, episode"
pcc6vdu,0,"like, just, don, people, think, really, know, make"
pcc6rzy,0,"like, just, don, people, think, really, know, make"
pcc6qcc,0,"like, just, don, people, think, really, know, make"
pcc6o8u,0,"like, just, don, people, think, really, know, make"
pcc6jq0,0,"like, just, don, people, think, really, know, make"
pcc6hhd,0,"like, just, don, people, think, really, know, make"
pcc6fz1,0,"like, just, don, people, think, really, know, make"
pcc6ffl,3,"batman, superman, dcu, reeves, want, universe, gunn, dc"
pcc6e9r,0,"like, just, don, people, think, really, know, make"
pcc6dmf,1,"hal, john, ring, lantern, green, sinestro, jordan, episode"
pcc6al1,0,"like, just, don, people, think, really, know, make"
pcc68od,4,"good, movies, wonder, woman, wasn, looks, pretty, gal"
pcc65cd,0,"like, just, don, people, think, really, know, make"
pcc64dj,0,"like, just, don, people, think, really, know, make"
pcc5snu,4,"good, movies, wonder, woman, wasn, looks, pretty, gal"
pcc5s62,1,"hal, john, ring, lantern, green, sinestro, jordan, episode"
pcc5ru9,4,"good, movies, wonder, woman, wasn, looks, pretty, gal"
pcc5pw7,0,"like, just, don, people, think, really, know, make"
pcc5fng,2,"movie, bad, superman, supergirl, best, great, wonder, gunn"
pcc5aeg,0,"like, just, don, people, think, really, know, make"
pcc5a78,1,"hal, john, ring, lantern, green, sinestro, jordan, episode"
pcc5626,3,"batman, superman, dcu, reeves, want, universe, gunn, dc"
pcc52jb,2,"movie, bad, superman, supergirl, best, great, wonder, gunn"
pcc4i79,0,"like, just, don, people, think, really, know, make"
pcc4250,0,"like, just, don, people, think, really, know, make"
pcc4190,0,"like, just, don, people, think, really, know, make"
pcc3zaq,1,"hal, john, ring, lantern, green, sinestro, jordan, episode"
pcc3wop,2,"movie, bad, superman, supergirl, best, great, wonder, gunn"
pcc3jnl,2,"movie, bad, superman, supergirl, best, great, wonder, gunn"
pcc3g5l,2,"movie, bad, superman, supergirl, best, great, wonder, gunn"
pcc2y1r,2,"movie, bad, superman, supergirl, best, great, wonder, gunn"
pcc2k0j,3,"batman, superman, dcu, reeves, want, universe, gunn, dc"
pcc2b5e,2,"movie, bad, superman, supergirl, best, great, wonder, gunn"
pcc2a04,0,"like, just, don, people, think, really, know, make"
pcc292l,1,"hal, john, ring, lantern, green, sinestro, jordan, episode"
pcc25tl,0,"like, just, don, people, think, really, know, make"
pcc1z1v,4,"good, movies, wonder, woman, wasn, looks, pretty, gal"
pcc1vw8,1,"hal, john, ring, lantern, green, sinestro, jordan, episode"
pcc1pnl,0,"like, just, don, people, think, really, know, make"
pcc1924,0,"like, just, don, people, think, really, know, make"
pcc0wq4,0,"like, just, don, people, think, really, know, make"
pcc0qvy,1,"hal, john, ring, lantern, green, sinestro, jordan, episode"
pcc0p6k,4,"good, movies, wonder, woman, wasn, looks, pretty, gal"
pcc0bk4,1,"hal, john, ring, lantern, green, sinestro, jordan, episode"
pcbzxib,3,"batman, superman, dcu, reeves, want, universe, gunn, dc"
pcbzs4w,0,"like, just, don, people, think, really, know, make"
pcbzaer,0,"like, just, don, people, think, really, know, make"
pcbz5m5,2,"movie, bad, superman, supergirl, best, great, wonder, gunn"
pcbz18v,0,"like, just, don, people, think, really, know, make"
pcbytth,0,"like, just, don, people, think, really, know, make"
pcbytrm,3,"batman, superman, dcu, reeves, want, universe, gunn, dc"
pcbyoz1,3,"batman, superman, dcu, reeves, want, universe, gunn, dc"
pcbyors,0,"like, just, don, people, think, really, know, make"
pcbynzv,3,"batman, superman, dcu, reeves, want, universe, gunn, dc"
pcbxzqs,3,"batman, superman, dcu, reeves, want, universe, gunn, dc"
pcbxix6,3,"batman, superman, dcu, reeves, want, universe, gunn, dc"
pcbwwm2,0,"like, just, don, people, think, really, know, make"
pcbwwhk,2,"movie, bad, superman, supergirl, best, great, wonder, gunn"
pcbwr2w,4,"good, movies, wonder, woman, wasn, looks, pretty, gal"
pcbwit6,2,"movie, bad, superman, supergirl, best, great, wonder, gunn"
pcbwet2,2,"movie, bad, superman, supergirl, best, great, wonder, gunn"
pcbw355,4,"good, movies, wonder, woman, wasn, looks, pretty, gal"
pcbvwrl,0,"like, just, don, people, think, really, know, make"
pcbvvbs,2,"movie, bad, superman, supergirl, best, great, wonder, gunn"
pcbvqo8,0,"like, just, don, people, think, really, know, make"
pcbv81v,0,"like, just, don, people, think, really, know, make"
pcbv204,3,"batman, superman, dcu, reeves, want, universe, gunn, dc"
pcbuvm6,1,"hal, john, ring, lantern, green, sinestro, jordan, episode"
pcbus8y,0,"like, just, don, people, think, really, know, make"
pcbu98f,0,"like, just, don, people, think, really, know, make"
pcbtt8e,1,"hal, john, ring, lantern, green, sinestro, jordan, episode"
pcbtspo,0,"like, just, don, people, think, really, know, make"
pcbtjes,0,"like, just, don, people, think, really, know, make"
pcbtgcn,0,"like, just, don, people, think, really, know, make"
pcbtekh,1,"hal, john, ring, lantern, green, sinestro, jordan, episode"
pcbtc3b,0,"like, just, don, people, think, really, know, make"
pcbtb5d,3,"batman, superman, dcu, reeves, want, universe, gunn, dc"
pcbt8qp,0,"like, just, don, people, think, really, know, make"
pcbt4x4,2,"movie, bad, superman, supergirl, best, great, wonder, gunn"
pcbsxvu,1,"hal, john, ring, lantern, green, sinestro, jordan, episode"
pcbsul8,4,"good, movies, wonder, woman, wasn, looks, pretty, gal"
pcbshtw,0,"like, just, don, people, think, really, know, make"
pcbsh9t,1,"hal, john, ring, lantern, green, sinestro, jordan, episode"
pcbs46e,4,"good, movies, wonder, woman, wasn, looks, pretty, gal"
pcbrxjs,3,"batman, superman, dcu, reeves, want, universe, gunn, dc"
pcbrtko,0,"like, just, don, people, think, really, know, make"
pcbrpm6,1,"hal, john, ring, lantern, green, sinestro, jordan, episode"
pcbrnxx,2,"movie, bad, superman, supergirl, best, great, wonder, gunn"
pcbrd4p,0,"like, just, don, people, think, really, know, make"
pcbr6km,4,"good, movies, wonder, woman, wasn, looks, pretty, gal"
pcbr4j0,1,"hal, john, ring, lantern, green, sinestro, jordan, episode"
pcbqzeo,0,"like, just, don, people, think, really, know, make"
pcbqyc1,0,"like, just, don, people, think, really, know, make"
pcbqv8l,0,"like, just, don, people, think, really, know, make"
pcbqudi,0,"like, just, don, people, think, really, know, make"
pcbqn4r,3,"batman, superman, dcu, reeves, want, universe, gunn, dc"
pcbqjok,3,"batman, superman, dcu, reeves, want, universe, gunn, dc"
pcbqixr,0,"like, just, don, people, think, really, know, make"
pcbqiuf,1,"hal, john, ring, lantern, green, sinestro, jordan, episode"
pcbqfsf,0,"like, just, don, people, think, really, know, make"
pcbqd53,4,"good, movies, wonder, woman, wasn, looks, pretty, gal"
pcbqbmg,0,"like, just, don, people, think, really, know, make"
pcbqacy,0,"like, just, don, people, think, really, know, make"
pcbq8nf,2,"movie, bad, superman, supergirl, best, great, wonder, gunn"
pcbq6k2,3,"batman, superman, dcu, reeves, want, universe, gunn, dc"
pcbpxvs,3,"batman, superman, dcu, reeves, want, universe, gunn, dc"
pcbp0b8,3,"batman, superman, dcu, reeves, want, universe, gunn, dc"
pcbozhe,0,"like, just, don, people, think, really, know, make"
pcbojkk,0,"like, just, don, people, think, really, know, make"
pcboj3m,4,"good, movies, wonder, woman, wasn, looks, pretty, gal"
pcbo8w7,0,"like, just, don, people, think, really, know, make"
pcbo8b9,0,"like, just, don, people, think, really, know, make"
pcbnzu7,0,"like, just, don, people, think, really, know, make"
pcbnwt0,0,"like, just, don, people, think, really, know, make"
pcbnuod,0,"like, just, don, people, think, really, know, make"
pcbns6q,0,"like, just, don, people, think, really, know, make"
pcbnrl2,2,"movie, bad, superman, supergirl, best, great, wonder, gunn"
pcbnotm,0,"like, just, don, people, think, really, know, make"
pcbnila,0,"like, just, don, people, think, really, know, make"
pcbn9zt,0,"like, just, don, people, think, really, know, make"
pcbmwu7,0,"like, just, don, people, think, really, know, make"
pcbmv19,4,"good, movies, wonder, woman, wasn, looks, pretty, gal"
pcbmuy6,3,"batman, superman, dcu, reeves, want, universe, gunn, dc"
pcbmszr,3,"batman, superman, dcu, reeves, want, universe, gunn, dc"
pcbmret,3,"batman, superman, dcu, reeves, want, universe, gunn, dc"
pcbmqlh,3,"batman, superman, dcu, reeves, want, universe, gunn, dc"
pcbmpx1,4,"good, movies, wonder, woman, wasn, looks, pretty, gal"
pcbmpd9,1,"hal, john, ring, lantern, green, sinestro, jordan, episode"
pcbmfig,0,"like, just, don, people, think, really, know, make"
pcbmd78,3,"batman, superman, dcu, reeves, want, universe, gunn, dc"
pcbm8h3,4,"good, movies, wonder, woman, wasn, looks, pretty, gal"
pcblt84,4,"good, movies, wonder, woman, wasn, looks, pretty, gal"
pcbln1l,3,"batman, superman, dcu, reeves, want, universe, gunn, dc"
pcblapy,2,"movie, bad, superman, supergirl, best, great, wonder, gunn"
pcbl9ku,3,"batman, superman, dcu, reeves, want, universe, gunn, dc"
pcbl9de,1,"hal, john, ring, lantern, green, sinestro, jordan, episode"
pcbl4bt,2,"movie, bad, superman, supergirl, best, great, wonder, gunn"
pcbl2d2,0,"like, just, don, people, think, really, know, make"
pcbl0z2,3,"batman, superman, dcu, reeves, want, universe, gunn, dc"
pcbkv07,1,"hal, john, ring, lantern, green, sinestro, jordan, episode"
pcbkiya,2,"movie, bad, superman, supergirl, best, great, wonder, gunn"
pcbkbxn,0,"like, just, don, people, think, really, know, make"
pcbk5vs,2,"movie, bad, superman, supergirl, best, great, wonder, gunn"
pcbjttx,2,"movie, bad, superman, supergirl, best, great, wonder, gunn"
pcbjqow,0,"like, just, don, people, think, really, know, make"
pcbjhzx,1,"hal, john, ring, lantern, green, sinestro, jordan, episode"
pcbje2c,0,"like, just, don, people, think, really, know, make"
pcbiwgf,4,"good, movies, wonder, woman, wasn, looks, pretty, gal"
pcbigbk,3,"batman, superman, dcu, reeves, want, universe, gunn, dc"
pcbhz9d,1,"hal, john, ring, lantern, green, sinestro, jordan, episode"
pcbgvkb,3,"batman, superman, dcu, reeves, want, universe, gunn, dc"
pcbgrzm,3,"batman, superman, dcu, reeves, want, universe, gunn, dc"
pcbgpky,0,"like, just, don, people, think, really, know, make"
pcbgjc6,3,"batman, superman, dcu, reeves, want, universe, gunn, dc"
pcbge5v,0,"like, just, don, people, think, really, know, make"
pcbgb0c,0,"like, just, don, people, think, really, know, make"
pcbg9lf,4,"good, movies, wonder, woman, wasn, looks, pretty, gal"
pcbg8wy,2,"movie, bad, superman, supergirl, best, great, wonder, gunn"
pcbg7i8,4,"good, movies, wonder, woman, wasn, looks, pretty, gal"
pcbg18w,0,"like, just, don, people, think, really, know, make"
pcbg1a8,0,"like, just, don, people, think, really, know, make"
pcbfuuc,0,"like, just, don, people, think, really, know, make"
pcbfjy8,0,"like, just, don, people, think, really, know, make"
pcbfd79,2,"movie, bad, superman, supergirl, best, great, wonder, gunn"
pcbf5uz,0,"like, just, don, people, think, really, know, make"
pcbf47u,1,"hal, john, ring, lantern, green, sinestro, jordan, episode"
pcbesmu,1,"hal, john, ring, lantern, green, sinestro, jordan, episode"
pcbep92,3,"batman, superman, dcu, reeves, want, universe, gunn, dc"
pcbeopt,3,"batman, superman, dcu, reeves, want, universe, gunn, dc"
pcbekuf,0,"like, just, don, people, think, really, know, make"
pcbei9i,1,"hal, john, ring, lantern, green, sinestro, jordan, episode"
pcbecny,0,"like, just, don, people, think, really, know, make"
pcbec3s,0,"like, just, don, people, think, really, know, make"
pcbdze3,0,"like, just, don, people, think, really, know, make"
pcbdvcc,0,"like, just, don, people, think, really, know, make"
pcbdrxf,0,"like, just, don, people, think, really, know, make"
pcbcnag,3,"batman, superman, dcu, reeves, want, universe, gunn, dc"
pcbclil,2,"movie, bad, superman, supergirl, best, great, wonder, gunn"
pcbc8zy,2,"movie, bad, superman, supergirl, best, great, wonder, gunn"
pcbbx7x,2,"movie, bad, superman, supergirl, best, great, wonder, gunn"
pcbbsfn,4,"good, movies, wonder, woman, wasn, looks, pretty, gal"
pcbbs0c,2,"movie, bad, superman, supergirl, best, great, wonder, gunn"
pcbbqlq,0,"like, just, don, people, think, really, know, make"
pcbbp1s,4,"good, movies, wonder, woman, wasn, looks, pretty, gal"
pcbbmvz,0,"like, just, don, people, think, really, know, make"
pcbbjht,0,"like, just, don, people, think, really, know, make"
pcbbj4m,0,"like, just, don, people, think, really, know, make"
pcbbhgs,0,"like, just, don, people, think, really, know, make"
pcbbgip,4,"good, movies, wonder, woman, wasn, looks, pretty, gal"
pcbb4e4,0,"like, just, don, people, think, really, know, make"
pcbauxg,0,"like, just, don, people, think, really, know, make"
pcbaql6,0,"like, just, don, people, think, really, know, make"
pcbapup,4,"good, movies, wonder, woman, wasn, looks, pretty, gal"
pcbaow0,0,"like, just, don, people, think, really, know, make"
pcbaltg,2,"movie, bad, superman, supergirl, best, great, wonder, gunn"
pcbajzz,3,"batman, superman, dcu, reeves, want, universe, gunn, dc"
pcba5r6,0,"like, just, don, people, think, really, know, make"
pcba53h,2,"movie, bad, superman, supergirl, best, great, wonder, gunn"
pcba3xs,1,"hal, john, ring, lantern, green, sinestro, jordan, episode"
pcba1m3,2,"movie, bad, superman, supergirl, best, great, wonder, gunn"
pcb9tzm,3,"batman, superman, dcu, reeves, want, universe, gunn, dc"
pcb9qgv,0,"like, just, don, people, think, really, know, make"
pcb9mek,1,"hal, john, ring, lantern, green, sinestro, jordan, episode"
pcb9grp,3,"batman, superman, dcu, reeves, want, universe, gunn, dc"
pcb9fyz,3,"batman, superman, dcu, reeves, want, universe, gunn, dc"
pcb9eq3,1,"hal, john, ring, lantern, green, sinestro, jordan, episode"
pcb9d2j,3,"batman, superman, dcu, reeves, want, universe, gunn, dc"
pcb9amr,0,"like, just, don, people, think, really, know, make"
pcb991w,4,"good, movies, wonder, woman, wasn, looks, pretty, gal"
pcb96vw,1,"hal, john, ring, lantern, green, sinestro, jordan, episode"
pcb967j,0,"like, just, don, people, think, really, know, make"
pcb95oh,1,"hal, john, ring, lantern, green, sinestro, jordan, episode"
pcb95k1,2,"movie, bad, superman, supergirl, best, great, wonder, gunn"
pcb93mb,0,"like, just, don, people, think, really, know, make"
pcb90xv,1,"hal, john, ring, lantern, green, sinestro, jordan, episode"
pcb90x0,4,"good, movies, wonder, woman, wasn, looks, pretty, gal"
pcb8yim,2,"movie, bad, superman, supergirl, best, great, wonder, gunn"
pcb8x58,2,"movie, bad, superman, supergirl, best, great, wonder, gunn"
pcb8x3t,2,"movie, bad, superman, supergirl, best, great, wonder, gunn"
pcb8qjx,0,"like, just, don, people, think, really, know, make"
pcb895a,0,"like, just, don, people, think, really, know, make"
pcb862b,1,"hal, john, ring, lantern, green, sinestro, jordan, episode"
pcb85rk,1,"hal, john, ring, lantern, green, sinestro, jordan, episode"
pcb81sk,4,"good, movies, wonder, woman, wasn, looks, pretty, gal"
pcb7t9n,0,"like, just, don, people, think, really, know, make"
pcb7se3,3,"batman, superman, dcu, reeves, want, universe, gunn, dc"
pcb7qss,1,"hal, john, ring, lantern, green, sinestro, jordan, episode"
pcb7mbl,3,"batman, superman, dcu, reeves, want, universe, gunn, dc"
pcb7kvq,0,"like, just, don, people, think, really, know, make"
pcb7jf8,3,"batman, superman, dcu, reeves, want, universe, gunn, dc"
pcb7fjh,3,"batman, superman, dcu, reeves, want, universe, gunn, dc"
pcb77nu,4,"good, movies, wonder, woman, wasn, looks, pretty, gal"
pcb72c8,2,"movie, bad, superman, supergirl, best, great, wonder, gunn"
pcb6z0m,0,"like, just, don, people, think, really, know, make"
pcb6y68,3,"batman, superman, dcu, reeves, want, universe, gunn, dc"
pcb6xy3,4,"good, movies, wonder, woman, wasn, looks, pretty, gal"
pcb6u51,1,"hal, john, ring, lantern, green, sinestro, jordan, episode"
pcb6qko,3,"batman, superman, dcu, reeves, want, universe, gunn, dc"
pcb6mh0,3,"batman, superman, dcu, reeves, want, universe, gunn, dc"
pcb6kj2,3,"batman, superman, dcu, reeves, want, universe, gunn, dc"
pcb6f3o,0,"like, just, don, people, think, really, know, make"
pcb6dvz,4,"good, movies, wonder, woman, wasn, looks, pretty, gal"
pcb6b99,3,"batman, superman, dcu, reeves, want, universe, gunn, dc"
pcb6aa0,0,"like, just, don, people, think, really, know, make"
pcb68u0,0,"like, just, don, people, think, really, know, make"
pcb68k5,0,"like, just, don, people, think, really, know, make"
pcb655f,0,"like, just, don, people, think, really, know, make"
pcb64dx,2,"movie, bad, superman, supergirl, best, great, wonder, gunn"
pcb5yet,1,"hal, john, ring, lantern, green, sinestro, jordan, episode"
pcb5r5s,0,"like, just, don, people, think, really, know, make"
pcb5muf,0,"like, just, don, people, think, really, know, make"
pcb53va,0,"like, just, don, people, think, really, know, make"
pcb4sag,4,"good, movies, wonder, woman, wasn, looks, pretty, gal"
pcb4n22,3,"batman, superman, dcu, reeves, want, universe, gunn, dc"
pcb4ebj,0,"like, just, don, people, think, really, know, make"
pcb452s,2,"movie, bad, superman, supergirl, best, great, wonder, gunn"
pcb43jy,0,"like, just, don, people, think, really, know, make"
pcb42ky,1,"hal, john, ring, lantern, green, sinestro, jordan, episode"
pcb41kz,1,"hal, john, ring, lantern, green, sinestro, jordan, episode"
pcb3m6r,1,"hal, john, ring, lantern, green, sinestro, jordan, episode"
pcb3c8l,1,"hal, john, ring, lantern, green, sinestro, jordan, episode"
pcb3641,1,"hal, john, ring, lantern, green, sinestro, jordan, episode"
pcb34op,0,"like, just, don, people, think, really, know, make"
pcb32mf,2,"movie, bad, superman, supergirl, best, great, wonder, gunn"
pcb2zh2,2,"movie, bad, superman, supergirl, best, great, wonder, gunn"
pcb2sfh,0,"like, just, don, people, think, really, know, make"
pcb2hpy,1,"hal, john, ring, lantern, green, sinestro, jordan, episode"
pcb23qj,0,"like, just, don, people, think, really, know, make"
pcb21ep,4,"good, movies, wonder, woman, wasn, looks, pretty, gal"
pcb1n52,0,"like, just, don, people, think, really, know, make"
pcb1kwz,0,"like, just, don, people, think, really, know, make"
pcb1byi,0,"like, just, don, people, think, really, know, make"
pcb169c,0,"like, just, don, people, think, really, know, make"
pcb0is2,0,"like, just, don, people, think, really, know, make"
pcb0i6d,1,"hal, john, ring, lantern, green, sinestro, jordan, episode"
pcb0g9c,0,"like, just, don, people, think, really, know, make"
pcb0e0a,2,"movie, bad, superman, supergirl, best, great, wonder, gunn"
pcb0doi,0,"like, just, don, people, think, really, know, make"
pcb0bzi,3,"batman, superman, dcu, reeves, want, universe, gunn, dc"
pcb09zr,0,"like, just, don, people, think, really, know, make"
pcb082f,3,"batman, superman, dcu, reeves, want, universe, gunn, dc"
pcb06po,4,"good, movies, wonder, woman, wasn, looks, pretty, gal"
pcazx05,0,"like, just, don, people, think, really, know, make"
pcazs02,0,"like, just, don, people, think, really, know, make"
pcazrct,2,"movie, bad, superman, supergirl, best, great, wonder, gunn"
pcazmh5,1,"hal, john, ring, lantern, green, sinestro, jordan, episode"
pcayzk8,0,"like, just, don, people, think, really, know, make"
pcaytqf,0,"like, just, don, people, think, really, know, make"
pcaysb3,2,"movie, bad, superman, supergirl, best, great, wonder, gunn"
pcayr0w,3,"batman, superman, dcu, reeves, want, universe, gunn, dc"
pcaypc2,0,"like, just, don, people, think, really, know, make"
pcaykur,0,"like, just, don, people, think, really, know, make"
pcayij1,3,"batman, superman, dcu, reeves, want, universe, gunn, dc"
pcayi4l,0,"like, just, don, people, think, really, know, make"
pcayh3i,0,"like, just, don, people, think, really, know, make"
pcaye27,1,"hal, john, ring, lantern, green, sinestro, jordan, episode"
pcaybm9,0,"like, just, don, people, think, really, know, make"
pcay9ec,3,"batman, superman, dcu, reeves, want, universe, gunn, dc"
pcay87a,2,"movie, bad, superman, supergirl, best, great, wonder, gunn"
pcay4m1,0,"like, just, don, people, think, really, know, make"
pcay3ql,1,"hal, john, ring, lantern, green, sinestro, jordan, episode"
pcaxwz7,3,"batman, superman, dcu, reeves, want, universe, gunn, dc"
pcaxvde,3,"batman, superman, dcu, reeves, want, universe, gunn, dc"
pcaxu2e,0,"like, just, don, people, think, really, know, make"
pcaxo1s,0,"like, just, don, people, think, really, know, make"
pcaxhcl,3,"batman, superman, dcu, reeves, want, universe, gunn, dc"
pcaxgty,0,"like, just, don, people, think, really, know, make"
pcaxbza,0,"like, just, don, people, think, really, know, make"
pcax8kh,0,"like, just, don, people, think, really, know, make"
pcawx6r,3,"batman, superman, dcu, reeves, want, universe, gunn, dc"
pcawrl7,1,"hal, john, ring, lantern, green, sinestro, jordan, episode"
pcawq9n,0,"like, just, don, people, think, really, know, make"
pcawotr,2,"movie, bad, superman, supergirl, best, great, wonder, gunn"
pcawn8e,0,"like, just, don, people, think, really, know, make"
pcawjj1,3,"batman, superman, dcu, reeves, want, universe, gunn, dc"
pcawf64,0,"like, just, don, people, think, really, know, make"
pcaw65y,0,"like, just, don, people, think, really, know, make"
pcaw1kd,0,"like, just, don, people, think, really, know, make"
pcavs2y,3,"batman, superman, dcu, reeves, want, universe, gunn, dc"
pcavrnx,0,"like, just, don, people, think, really, know, make"
pcavo69,2,"movie, bad, superman, supergirl, best, great, wonder, gunn"
pcavm8z,3,"batman, superman, dcu, reeves, want, universe, gunn, dc"
pcavjq5,0,"like, just, don, people, think, really, know, make"
pcav01x,3,"batman, superman, dcu, reeves, want, universe, gunn, dc"
pcaurcz,3,"batman, superman, dcu, reeves, want, universe, gunn, dc"
pcaumpd,0,"like, just, don, people, think, really, know, make"
pcau96f,2,"movie, bad, superman, supergirl, best, great, wonder, gunn"
pcau3zt,0,"like, just, don, people, think, really, know, make"
pcattsh,3,"batman, superman, dcu, reeves, want, universe, gunn, dc"
pcatt6k,4,"good, movies, wonder, woman, wasn, looks, pretty, gal"
pcatbe2,3,"batman, superman, dcu, reeves, want, universe, gunn, dc"
pcatb3o,0,"like, just, don, people, think, really, know, make"
pcatanr,0,"like, just, don, people, think, really, know, make"
pcat8zd,0,"like, just, don, people, think, really, know, make"
pcat7qs,3,"batman, superman, dcu, reeves, want, universe, gunn, dc"
pcat61s,4,"good, movies, wonder, woman, wasn, looks, pretty, gal"
pcaszff,3,"batman, superman, dcu, reeves, want, universe, gunn, dc"
pcasz8b,2,"movie, bad, superman, supergirl, best, great, wonder, gunn"
pcasppa,4,"good, movies, wonder, woman, wasn, looks, pretty, gal"
pcaso51,0,"like, just, don, people, think, really, know, make"
pcaskjj,2,"movie, bad, superman, supergirl, best, great, wonder, gunn"
pcascou,4,"good, movies, wonder, woman, wasn, looks, pretty, gal"
pcaschq,2,"movie, bad, superman, supergirl, best, great, wonder, gunn"
pcasase,4,"good, movies, wonder, woman, wasn, looks, pretty, gal"
pcas7kg,3,"batman, superman, dcu, reeves, want, universe, gunn, dc"
pcas5h0,0,"like, just, don, people, think, really, know, make"
pcas3um,0,"like, just, don, people, think, really, know, make"
pcas05x,3,"batman, superman, dcu, reeves, want, universe, gunn, dc"
pcarxw6,1,"hal, john, ring, lantern, green, sinestro, jordan, episode"
pcarusn,0,"like, just, don, people, think, really, know, make"
pcars37,2,"movie, bad, superman, supergirl, best, great, wonder, gunn"
pcarrod,0,"like, just, don, people, think, really, know, make"
pcarnz6,3,"batman, superman, dcu, reeves, want, universe, gunn, dc"
pcarh8c,0,"like, just, don, people, think, really, know, make"
pcar5gc,2,"movie, bad, superman, supergirl, best, great, wonder, gunn"
pcar3a3,0,"like, just, don, people, think, really, know, make"
pcaqy22,0,"like, just, don, people, think, really, know, make"
pcaqv0g,3,"batman, superman, dcu, reeves, want, universe, gunn, dc"
pcaqu58,0,"like, just, don, people, think, really, know, make"
pcaqty4,2,"movie, bad, superman, supergirl, best, great, wonder, gunn"
pcaqtvr,3,"batman, superman, dcu, reeves, want, universe, gunn, dc"
pcaqqlk,3,"batman, superman, dcu, reeves, want, universe, gunn, dc"
pcaqoxp,0,"like, just, don, people, think, really, know, make"
pcaqnyh,1,"hal, john, ring, lantern, green, sinestro, jordan, episode"
pcaqjo3,4,"good, movies, wonder, woman, wasn, looks, pretty, gal"
pcaqgm3,1,"hal, john, ring, lantern, green, sinestro, jordan, episode"
pcaqedt,3,"batman, superman, dcu, reeves, want, universe, gunn, dc"
pcaq8p5,3,"batman, superman, dcu, reeves, want, universe, gunn, dc"
pcaq5v9,0,"like, just, don, people, think, really, know, make"
pcaq4g6,2,"movie, bad, superman, supergirl, best, great, wonder, gunn"
pcapznr,0,"like, just, don, people, think, really, know, make"
pcapyen,0,"like, just, don, people, think, really, know, make"
pcapipr,0,"like, just, don, people, think, really, know, make"
pcapd1y,0,"like, just, don, people, think, really, know, make"
pcapaut,3,"batman, superman, dcu, reeves, want, universe, gunn, dc"
pcap9ul,4,"good, movies, wonder, woman, wasn, looks, pretty, gal"
pcap9rf,2,"movie, bad, superman, supergirl, best, great, wonder, gunn"
pcap39e,0,"like, just, don, people, think, really, know, make"
pcaozy7,0,"like, just, don, people, think, really, know, make"
pcaozbm,2,"movie, bad, superman, supergirl, best, great, wonder, gunn"
pcaox9q,3,"batman, superman, dcu, reeves, want, universe, gunn, dc"
pcaowp5,0,"like, just, don, people, think, really, know, make"
pcaot4q,2,"movie, bad, superman, supergirl, best, great, wonder, gunn"
pcaor95,2,"movie, bad, superman, supergirl, best, great, wonder, gunn"
pcaon8o,0,"like, just, don, people, think, really, know, make"
pcaoilw,0,"like, just, don, people, think, really, know, make"
pcaofde,0,"like, just, don, people, think, really, know, make"
pcaodep,0,"like, just, don, people, think, really, know, make"
pcaod3r,2,"movie, bad, superman, supergirl, best, great, wonder, gunn"
pcao97c,0,"like, just, don, people, think, really, know, make"
pcanz6r,4,"good, movies, wonder, woman, wasn, looks, pretty, gal"
pcanyej,4,"good, movies, wonder, woman, wasn, looks, pretty, gal"
pcangd2,0,"like, just, don, people, think, really, know, make"
pcaneec,4,"good, movies, wonder, woman, wasn, looks, pretty, gal"
pcan5ub,1,"hal, john, ring, lantern, green, sinestro, jordan, episode"
pcamry3,3,"batman, superman, dcu, reeves, want, universe, gunn, dc"
pcamr81,3,"batman, superman, dcu, reeves, want, universe, gunn, dc"
pcamggx,3,"batman, superman, dcu, reeves, want, universe, gunn, dc"
pcamboy,0,"like, just, don, people, think, really, know, make"
pcam3zo,4,"good, movies, wonder, woman, wasn, looks, pretty, gal"
pcalztk,1,"hal, john, ring, lantern, green, sinestro, jordan, episode"
pcalwad,0,"like, just, don, people, think, really, know, make"
pcaltnm,1,"hal, john, ring, lantern, green, sinestro, jordan, episode"
pcalp88,0,"like, just, don, people, think, really, know, make"
pcall6l,0,"like, just, don, people, think, really, know, make"
pcalgr5,2,"movie, bad, superman, supergirl, best, great, wonder, gunn"
pcaldmd,0,"like, just, don, people, think, really, know, make"
pcala13,0,"like, just, don, people, think, really, know, make"
pcal86t,3,"batman, superman, dcu, reeves, want, universe, gunn, dc"
pcal4nm,3,"batman, superman, dcu, reeves, want, universe, gunn, dc"
pcaksyr,2,"movie, bad, superman, supergirl, best, great, wonder, gunn"
pcakshd,0,"like, just, don, people, think, really, know, make"
pcakn9s,4,"good, movies, wonder, woman, wasn, looks, pretty, gal"
pcakiph,1,"hal, john, ring, lantern, green, sinestro, jordan, episode"
pcakap4,1,"hal, john, ring, lantern, green, sinestro, jordan, episode"
pcajv2k,4,"good, movies, wonder, woman, wasn, looks, pretty, gal"
pcajudo,3,"batman, superman, dcu, reeves, want, universe, gunn, dc"
pcajjwb,2,"movie, bad, superman, supergirl, best, great, wonder, gunn"
pcajgk7,0,"like, just, don, people, think, really, know, make"
pcajav2,2,"movie, bad, superman, supergirl, best, great, wonder, gunn"
pcaj5ez,2,"movie, bad, superman, supergirl, best, great, wonder, gunn"
pcaj21q,0,"like, just, don, people, think, really, know, make"
pcaiuhe,3,"batman, superman, dcu, reeves, want, universe, gunn, dc"
pcait5s,0,"like, just, don, people, think, really, know, make"
pcaioe5,3,"batman, superman, dcu, reeves, want, universe, gunn, dc"
pcainek,2,"movie, bad, superman, supergirl, best, great, wonder, gunn"
pcaimds,3,"batman, superman, dcu, reeves, want, universe, gunn, dc"
pcailfn,3,"batman, superman, dcu, reeves, want, universe, gunn, dc"
pcaiih7,0,"like, just, don, people, think, really, know, make"
pcaiejm,0,"like, just, don, people, think, really, know, make"
pcai9ze,2,"movie, bad, superman, supergirl, best, great, wonder, gunn"
pcai558,0,"like, just, don, people, think, really, know, make"
pcahzqf,2,"movie, bad, superman, supergirl, best, great, wonder, gunn"
pcahubq,3,"batman, superman, dcu, reeves, want, universe, gunn, dc"
pcahtuc,0,"like, just, don, people, think, really, know, make"
pcahrvj,4,"good, movies, wonder, woman, wasn, looks, pretty, gal"
pcahmht,4,"good, movies, wonder, woman, wasn, looks, pretty, gal"
pcahlja,3,"batman, superman, dcu, reeves, want, universe, gunn, dc"
pcahfd3,0,"like, just, don, people, think, really, know, make"
pcah8ch,0,"like, just, don, people, think, really, know, make"
pcah54h,4,"good, movies, wonder, woman, wasn, looks, pretty, gal"
pcah2hb,2,"movie, bad, superman, supergirl, best, great, wonder, gunn"
pcagv4c,0,"like, just, don, people, think, really, know, make"
pcagrkz,0,"like, just, don, people, think, really, know, make"
pcagl8a,0,"like, just, don, people, think, really, know, make"
pcagk8w,0,"like, just, don, people, think, really, know, make"
pcag9bl,0,"like, just, don, people, think, really, know, make"
pcag645,4,"good, movies, wonder, woman, wasn, looks, pretty, gal"
pcag4zs,3,"batman, superman, dcu, reeves, want, universe, gunn, dc"
pcag1sf,1,"hal, john, ring, lantern, green, sinestro, jordan, episode"
pcafw3x,4,"good, movies, wonder, woman, wasn, looks, pretty, gal"
pcafsff,2,"movie, bad, superman, supergirl, best, great, wonder, gunn"
pcafqqq,0,"like, just, don, people, think, really, know, make"
pcafp7l,2,"movie, bad, superman, supergirl, best, great, wonder, gunn"
pcafeoy,3,"batman, superman, dcu, reeves, want, universe, gunn, dc"
pcafd0r,3,"batman, superman, dcu, reeves, want, universe, gunn, dc"
pcaf7gw,3,"batman, superman, dcu, reeves, want, universe, gunn, dc"
pcaf6pr,3,"batman, superman, dcu, reeves, want, universe, gunn, dc"
pcaf63h,3,"batman, superman, dcu, reeves, want, universe, gunn, dc"
pcaf57y,0,"like, just, don, people, think, really, know, make"
pcaekk3,0,"like, just, don, people, think, really, know, make"
pcaehsd,0,"like, just, don, people, think, really, know, make"
pcaega7,3,"batman, superman, dcu, reeves, want, universe, gunn, dc"
pcaduau,1,"hal, john, ring, lantern, green, sinestro, jordan, episode"
pcadj49,4,"good, movies, wonder, woman, wasn, looks, pretty, gal"
pcadegg,0,"like, just, don, people, think, really, know, make"
pcad0ij,1,"hal, john, ring, lantern, green, sinestro, jordan, episode"
pcad0aj,2,"movie, bad, superman, supergirl, best, great, wonder, gunn"
pcacysn,2,"movie, bad, superman, supergirl, best, great, wonder, gunn"
pcacwbb,0,"like, just, don, people, think, really, know, make"
pcacv5x,2,"movie, bad, superman, supergirl, best, great, wonder, gunn"
pcacahb,0,"like, just, don, people, think, really, know, make"
pcac77y,3,"batman, superman, dcu, reeves, want, universe, gunn, dc"
pcac287,0,"like, just, don, people, think, really, know, make"
pcabzm6,3,"batman, superman, dcu, reeves, want, universe, gunn, dc"
pcabxb8,0,"like, just, don, people, think, really, know, make"
pcabudu,0,"like, just, don, people, think, really, know, make"
pcabitg,0,"like, just, don, people, think, really, know, make"
pcaaxzs,3,"batman, superman, dcu, reeves, want, universe, gunn, dc"
pcaap0i,0,"like, just, don, people, think, really, know, make"
pcaalo6,0,"like, just, don, people, think, really, know, make"
pcaag12,2,"movie, bad, superman, supergirl, best, great, wonder, gunn"
pcaaflz,3,"batman, superman, dcu, reeves, want, universe, gunn, dc"
pcaabsi,3,"batman, superman, dcu, reeves, want, universe, gunn, dc"
pca9zms,1,"hal, john, ring, lantern, green, sinestro, jordan, episode"
pca9yu6,3,"batman, superman, dcu, reeves, want, universe, gunn, dc"
pca9qbn,0,"like, just, don, people, think, really, know, make"
pca9kn1,0,"like, just, don, people, think, really, know, make"
pca983q,0,"like, just, don, people, think, really, know, make"
pca92j6,0,"like, just, don, people, think, really, know, make"
pca8oae,4,"good, movies, wonder, woman, wasn, looks, pretty, gal"
pca8npq,0,"like, just, don, people, think, really, know, make"
pca8hai,4,"good, movies, wonder, woman, wasn, looks, pretty, gal"
pca8d7i,3,"batman, superman, dcu, reeves, want, universe, gunn, dc"
pca88j6,0,"like, just, don, people, think, really, know, make"
pca888x,3,"batman, superman, dcu, reeves, want, universe, gunn, dc"
pca83fw,0,"like, just, don, people, think, really, know, make"
pca7sak,0,"like, just, don, people, think, really, know, make"
pca7o9z,0,"like, just, don, people, think, really, know, make"
pca7bva,3,"batman, superman, dcu, reeves, want, universe, gunn, dc"
pca7bsk,3,"batman, superman, dcu, reeves, want, universe, gunn, dc"
pca77jr,0,"like, just, don, people, think, really, know, make"
pca6xil,3,"batman, superman, dcu, reeves, want, universe, gunn, dc"
pca6vrn,0,"like, just, don, people, think, really, know, make"
pca6ty5,3,"batman, superman, dcu, reeves, want, universe, gunn, dc"
pca6r8i,3,"batman, superman, dcu, reeves, want, universe, gunn, dc"
pca6nd3,0,"like, just, don, people, think, really, know, make"
pca5yj0,0,"like, just, don, people, think, really, know, make"
pca5m7i,0,"like, just, don, people, think, really, know, make"
pca5ivj,3,"batman, superman, dcu, reeves, want, universe, gunn, dc"
pca5h1g,3,"batman, superman, dcu, reeves, want, universe, gunn, dc"
pca5erp,0,"like, just, don, people, think, really, know, make"
pca57qd,1,"hal, john, ring, lantern, green, sinestro, jordan, episode"
pca51h5,3,"batman, superman, dcu, reeves, want, universe, gunn, dc"
pca4ub9,3,"batman, superman, dcu, reeves, want, universe, gunn, dc"
pca4tfb,0,"like, just, don, people, think, really, know, make"
pca4rya,0,"like, just, don, people, think, really, know, make"
pca4rda,3,"batman, superman, dcu, reeves, want, universe, gunn, dc"
pca4qcv,2,"movie, bad, superman, supergirl, best, great, wonder, gunn"
pca4n8p,1,"hal, john, ring, lantern, green, sinestro, jordan, episode"
pca4f29,0,"like, just, don, people, think, really, know, make"
pca48sy,0,"like, just, don, people, think, really, know, make"
pca48km,2,"movie, bad, superman, supergirl, best, great, wonder, gunn"
pca487x,2,"movie, bad, superman, supergirl, best, great, wonder, gunn"
pca43op,2,"movie, bad, superman, supergirl, best, great, wonder, gunn"
pca41i3,3,"batman, superman, dcu, reeves, want, universe, gunn, dc"
pca3znv,3,"batman, superman, dcu, reeves, want, universe, gunn, dc"
pca3yt3,0,"like, just, don, people, think, really, know, make"
pca3ukm,0,"like, just, don, people, think, really, know, make"
pca3lsc,0,"like, just, don, people, think, really, know, make"
pca3k94,0,"like, just, don, people, think, really, know, make"
pca3ek9,3,"batman, superman, dcu, reeves, want, universe, gunn, dc"
pca3ecg,2,"movie, bad, superman, supergirl, best, great, wonder, gunn"
pca3c5m,1,"hal, john, ring, lantern, green, sinestro, jordan, episode"
pca36li,0,"like, just, don, people, think, really, know, make"
pca2q1k,0,"like, just, don, people, think, really, know, make"
pca2p0g,3,"batman, superman, dcu, reeves, want, universe, gunn, dc"
pca2ldh,3,"batman, superman, dcu, reeves, want, universe, gunn, dc"
pca2led,3,"batman, superman, dcu, reeves, want, universe, gunn, dc"
pca2jbo,2,"movie, bad, superman, supergirl, best, great, wonder, gunn"
pca2ifa,3,"batman, superman, dcu, reeves, want, universe, gunn, dc"
pca27fj,0,"like, just, don, people, think, really, know, make"
pca23s8,1,"hal, john, ring, lantern, green, sinestro, jordan, episode"
pca20r9,1,"hal, john, ring, lantern, green, sinestro, jordan, episode"
pca1jd1,0,"like, just, don, people, think, really, know, make"
pca1iko,3,"batman, superman, dcu, reeves, want, universe, gunn, dc"
pca1gut,2,"movie, bad, superman, supergirl, best, great, wonder, gunn"
pca1g2e,2,"movie, bad, superman, supergirl, best, great, wonder, gunn"
pca1dmg,3,"batman, superman, dcu, reeves, want, universe, gunn, dc"
pca1acl,3,"batman, superman, dcu, reeves, want, universe, gunn, dc"
pca0uti,0,"like, just, don, people, think, really, know, make"
pca0qfd,3,"batman, superman, dcu, reeves, want, universe, gunn, dc"
pca0lb6,2,"movie, bad, superman, supergirl, best, great, wonder, gunn"
pca0k39,4,"good, movies, wonder, woman, wasn, looks, pretty, gal"
pca0edy,3,"batman, superman, dcu, reeves, want, universe, gunn, dc"
pca089g,4,"good, movies, wonder, woman, wasn, looks, pretty, gal"
pca064b,1,"hal, john, ring, lantern, green, sinestro, jordan, episode"
pca01na,2,"movie, bad, superman, supergirl, best, great, wonder, gunn"
pc9zvgw,2,"movie, bad, superman, supergirl, best, great, wonder, gunn"
pc9zupg,0,"like, just, don, people, think, really, know, make"
pc9zrx0,1,"hal, john, ring, lantern, green, sinestro, jordan, episode"
pc9zngy,3,"batman, superman, dcu, reeves, want, universe, gunn, dc"
pc9zeam,0,"like, just, don, people, think, really, know, make"
pc9z6wr,0,"like, just, don, people, think, really, know, make"
pc9z6je,2,"movie, bad, superman, supergirl, best, great, wonder, gunn"
pc9z4cp,1,"hal, john, ring, lantern, green, sinestro, jordan, episode"
pc9z1ii,3,"batman, superman, dcu, reeves, want, universe, gunn, dc"
pc9yx1d,2,"movie, bad, superman, supergirl, best, great, wonder, gunn"
pc9yrsh,1,"hal, john, ring, lantern, green, sinestro, jordan, episode"
pc9yida,4,"good, movies, wonder, woman, wasn, looks, pretty, gal"
pc9yevc,0,"like, just, don, people, think, really, know, make"
pc9yesr,2,"movie, bad, superman, supergirl, best, great, wonder, gunn"
pc9y0e2,3,"batman, superman, dcu, reeves, want, universe, gunn, dc"
pc9xwxy,1,"hal, john, ring, lantern, green, sinestro, jordan, episode"
pc9xspo,0,"like, just, don, people, think, really, know, make"
pc9xrf2,4,"good, movies, wonder, woman, wasn, looks, pretty, gal"
pc9xe8s,1,"hal, john, ring, lantern, green, sinestro, jordan, episode"
pc9xadx,3,"batman, superman, dcu, reeves, want, universe, gunn, dc"
pc9x7cf,3,"batman, superman, dcu, reeves, want, universe, gunn, dc"
pc9x2ev,0,"like, just, don, people, think, really, know, make"
pc9x2aa,1,"hal, john, ring, lantern, green, sinestro, jordan, episode"
pc9x1h4,1,"hal, john, ring, lantern, green, sinestro, jordan, episode"
pc9wsal,0,"like, just, don, people, think, really, know, make"
pc9ws6e,4,"good, movies, wonder, woman, wasn, looks, pretty, gal"
pc9wmt5,3,"batman, superman, dcu, reeves, want, universe, gunn, dc"
pc9wl0k,3,"batman, superman, dcu, reeves, want, universe, gunn, dc"
pc9we0o,0,"like, just, don, people, think, really, know, make"
pc9wd9m,3,"batman, superman, dcu, reeves, want, universe, gunn, dc"
pc9wbfd,0,"like, just, don, people, think, really, know, make"
pc9wb4t,1,"hal, john, ring, lantern, green, sinestro, jordan, episode"
pc9w6z0,3,"batman, superman, dcu, reeves, want, universe, gunn, dc"
pc9w3nr,0,"like, just, don, people, think, really, know, make"
pc9w1qf,0,"like, just, don, people, think, really, know, make"
pc9vwq5,0,"like, just, don, people, think, really, know, make"
pc9vt0v,0,"like, just, don, people, think, really, know, make"
pc9vhx7,4,"good, movies, wonder, woman, wasn, looks, pretty, gal"
pc9up7s,3,"batman, superman, dcu, reeves, want, universe, gunn, dc"
pc9ulgk,1,"hal, john, ring, lantern, green, sinestro, jordan, episode"
pc9uhi3,0,"like, just, don, people, think, really, know, make"
pc9twri,0,"like, just, don, people, think, really, know, make"
pc9trar,0,"like, just, don, people, think, really, know, make"
pc9t4e7,0,"like, just, don, people, think, really, know, make"
pc9t290,0,"like, just, don, people, think, really, know, make"
pc9sw9y,4,"good, movies, wonder, woman, wasn, looks, pretty, gal"
pc9surw,0,"like, just, don, people, think, really, know, make"
pc9srk7,0,"like, just, don, people, think, really, know, make"
pc9skcf,2,"movie, bad, superman, supergirl, best, great, wonder, gunn"
pc9sj3c,0,"like, just, don, people, think, really, know, make"
pc9rx73,1,"hal, john, ring, lantern, green, sinestro, jordan, episode"
pc9rpfj,0,"like, just, don, people, think, really, know, make"
pc9rohf,2,"movie, bad, superman, supergirl, best, great, wonder, gunn"
pc9ro1n,0,"like, just, don, people, think, really, know, make"
pc9rkjd,1,"hal, john, ring, lantern, green, sinestro, jordan, episode"
pc9rfx9,2,"movie, bad, superman, supergirl, best, great, wonder, gunn"
pc9reh8,0,"like, just, don, people, think, really, know, make"
pc9r7d6,0,"like, just, don, people, think, really, know, make"
pc9r5my,4,"good, movies, wonder, woman, wasn, looks, pretty, gal"
pc9r4ux,0,"like, just, don, people, think, really, know, make"
pc9r38n,4,"good, movies, wonder, woman, wasn, looks, pretty, gal"
pc9r2l1,1,"hal, john, ring, lantern, green, sinestro, jordan, episode"
pc9qook,1,"hal, john, ring, lantern, green, sinestro, jordan, episode"
pc9qlqm,4,"good, movies, wonder, woman, wasn, looks, pretty, gal"
pc9qb8u,0,"like, just, don, people, think, really, know, make"
pc9q917,2,"movie, bad, superman, supergirl, best, great, wonder, gunn"
pc9q6pb,2,"movie, bad, superman, supergirl, best, great, wonder, gunn"
pc9py9h,0,"like, just, don, people, think, really, know, make"
pc9ptsj,0,"like, just, don, people, think, really, know, make"
pc9ps8b,2,"movie, bad, superman, supergirl, best, great, wonder, gunn"
pc9pmg1,2,"movie, bad, superman, supergirl, best, great, wonder, gunn"
pc9penj,1,"hal, john, ring, lantern, green, sinestro, jordan, episode"
pc9ouu2,0,"like, just, don, people, think, really, know, make"
pc9ou8k,3,"batman, superman, dcu, reeves, want, universe, gunn, dc"
pc9ogu9,4,"good, movies, wonder, woman, wasn, looks, pretty, gal"
pc9oais,3,"batman, superman, dcu, reeves, want, universe, gunn, dc"
pc9o8vf,1,"hal, john, ring, lantern, green, sinestro, jordan, episode"
pc9o7l4,0,"like, just, don, people, think, really, know, make"
pc9nkg0,2,"movie, bad, superman, supergirl, best, great, wonder, gunn"
pc9nfw7,0,"like, just, don, people, think, really, know, make"
pc9naun,0,"like, just, don, people, think, really, know, make"
pc9muft,3,"batman, superman, dcu, reeves, want, universe, gunn, dc"
pc9mnfp,0,"like, just, don, people, think, really, know, make"
pc9mg7t,0,"like, just, don, people, think, really, know, make"
pc9merc,3,"batman, superman, dcu, reeves, want, universe, gunn, dc"
pc9lnds,3,"batman, superman, dcu, reeves, want, universe, gunn, dc"
pc9lhur,0,"like, just, don, people, think, really, know, make"
pc9lhew,0,"like, just, don, people, think, really, know, make"
pc9l2cv,3,"batman, superman, dcu, reeves, want, universe, gunn, dc"
pc9l0y4,3,"batman, superman, dcu, reeves, want, universe, gunn, dc"
pc9kuzz,1,"hal, john, ring, lantern, green, sinestro, jordan, episode"
pc9kuur,4,"good, movies, wonder, woman, wasn, looks, pretty, gal"
pc9kt2y,3,"batman, superman, dcu, reeves, want, universe, gunn, dc"
pc9kl7j,2,"movie, bad, superman, supergirl, best, great, wonder, gunn"
pc9khbr,3,"batman, superman, dcu, reeves, want, universe, gunn, dc"
pc9kekk,3,"batman, superman, dcu, reeves, want, universe, gunn, dc"
pc9k6ib,4,"good, movies, wonder, woman, wasn, looks, pretty, gal"
pc9k2xr,0,"like, just, don, people, think, really, know, make"
pc9jz8n,2,"movie, bad, superman, supergirl, best, great, wonder, gunn"
pc9jy6n,3,"batman, superman, dcu, reeves, want, universe, gunn, dc"
pc9jr5p,0,"like, just, don, people, think, really, know, make"
pc9jr0z,0,"like, just, don, people, think, really, know, make"
pc9jdte,2,"movie, bad, superman, supergirl, best, great, wonder, gunn"
pc9j7gu,0,"like, just, don, people, think, really, know, make"
pc9j6ui,0,"like, just, don, people, think, really, know, make"
pc9j5xx,0,"like, just, don, people, think, really, know, make"
pc9ix2e,1,"hal, john, ring, lantern, green, sinestro, jordan, episode"
pc9ismw,2,"movie, bad, superman, supergirl, best, great, wonder, gunn"
pc9is1l,0,"like, just, don, people, think, really, know, make"
pc9ip2k,1,"hal, john, ring, lantern, green, sinestro, jordan, episode"
pc9iatd,0,"like, just, don, people, think, really, know, make"
pc9hsbe,0,"like, just, don, people, think, really, know, make"
pc9hnxq,3,"batman, superman, dcu, reeves, want, universe, gunn, dc"
pc9hnek,0,"like, just, don, people, think, really, know, make"
pc9hj4l,0,"like, just, don, people, think, really, know, make"
pc9hhwf,2,"movie, bad, superman, supergirl, best, great, wonder, gunn"
pc9hbfv,2,"movie, bad, superman, supergirl, best, great, wonder, gunn"
pc9h6gl,4,"good, movies, wonder, woman, wasn, looks, pretty, gal"
pc9h5lo,4,"good, movies, wonder, woman, wasn, looks, pretty, gal"
pc9h3b2,0,"like, just, don, people, think, really, know, make"
pc9gwvh,0,"like, just, don, people, think, really, know, make"
pc9gw7d,0,"like, just, don, people, think, really, know, make"
pc9gr8c,3,"batman, superman, dcu, reeves, want, universe, gunn, dc"
pc9gr0s,0,"like, just, don, people, think, really, know, make"
pc9gq30,0,"like, just, don, people, think, really, know, make"
pc9gnxk,0,"like, just, don, people, think, really, know, make"
pc9gnik,1,"hal, john, ring, lantern, green, sinestro, jordan, episode"
pc9gmo3,0,"like, just, don, people, think, really, know, make"
pc9gko0,4,"good, movies, wonder, woman, wasn, looks, pretty, gal"
pc9gjt8,0,"like, just, don, people, think, really, know, make"
pc9gje5,4,"good, movies, wonder, woman, wasn, looks, pretty, gal"
pc9givc,0,"like, just, don, people, think, really, know, make"
pc9gg8a,0,"like, just, don, people, think, really, know, make"
pc9ggac,0,"like, just, don, people, think, really, know, make"
pc9gg4w,0,"like, just, don, people, think, really, know, make"
pc9gfkb,2,"movie, bad, superman, supergirl, best, great, wonder, gunn"
pc9gf8r,0,"like, just, don, people, think, really, know, make"
pc9gedm,1,"hal, john, ring, lantern, green, sinestro, jordan, episode"
pc9gdwm,0,"like, just, don, people, think, really, know, make"
pc9gcve,3,"batman, superman, dcu, reeves, want, universe, gunn, dc"
pc9g9nr,0,"like, just, don, people, think, really, know, make"
pc9g9k4,4,"good, movies, wonder, woman, wasn, looks, pretty, gal"
pc9g8fy,0,"like, just, don, people, think, really, know, make"
pc9g2xe,3,"batman, superman, dcu, reeves, want, universe, gunn, dc"
pc9g0bb,0,"like, just, don, people, think, really, know, make"
pc9g0bs,2,"movie, bad, superman, supergirl, best, great, wonder, gunn"
pc9fxbc,0,"like, just, don, people, think, really, know, make"
pc9fuu4,4,"good, movies, wonder, woman, wasn, looks, pretty, gal"
pc9fr00,1,"hal, john, ring, lantern, green, sinestro, jordan, episode"
pc9fon9,4,"good, movies, wonder, woman, wasn, looks, pretty, gal"
pc9ffr6,0,"like, just, don, people, think, really, know, make"
pc9fajn,0,"like, just, don, people, think, really, know, make"
pc9f6lt,2,"movie, bad, superman, supergirl, best, great, wonder, gunn"
pc9f5dl,2,"movie, bad, superman, supergirl, best, great, wonder, gunn"
pc9eyza,0,"like, just, don, people, think, really, know, make"
pc9equ7,3,"batman, superman, dcu, reeves, want, universe, gunn, dc"
pc9eq1d,0,"like, just, don, people, think, really, know, make"
pc9em8a,0,"like, just, don, people, think, really, know, make"
pc9e8id,3,"batman, superman, dcu, reeves, want, universe, gunn, dc"
pc9e6ry,4,"good, movies, wonder, woman, wasn, looks, pretty, gal"
pc9e6am,3,"batman, superman, dcu, reeves, want, universe, gunn, dc"
pc9dvp5,2,"movie, bad, superman, supergirl, best, great, wonder, gunn"
pc9dthh,1,"hal, john, ring, lantern, green, sinestro, jordan, episode"
pc9ds1o,4,"good, movies, wonder, woman, wasn, looks, pretty, gal"
pc9dpcl,0,"like, just, don, people, think, really, know, make"
pc9do54,0,"like, just, don, people, think, really, know, make"
pc9dfzw,2,"movie, bad, superman, supergirl, best, great, wonder, gunn"
pc9d5fw,2,"movie, bad, superman, supergirl, best, great, wonder, gunn"
pc9d3ue,0,"like, just, don, people, think, really, know, make"
pc9cxaf,2,"movie, bad, superman, supergirl, best, great, wonder, gunn"
pc9cwph,2,"movie, bad, superman, supergirl, best, great, wonder, gunn"
pc9cnbl,1,"hal, john, ring, lantern, green, sinestro, jordan, episode"
pc9chgr,0,"like, just, don, people, think, really, know, make"
pc9c2d9,0,"like, just, don, people, think, really, know, make"
pc9c0hz,0,"like, just, don, people, think, really, know, make"
pc9buor,3,"batman, superman, dcu, reeves, want, universe, gunn, dc"
pc9bn4r,1,"hal, john, ring, lantern, green, sinestro, jordan, episode"
pc9bk22,0,"like, just, don, people, think, really, know, make"
pc9bht3,2,"movie, bad, superman, supergirl, best, great, wonder, gunn"
pc9bhfi,0,"like, just, don, people, think, really, know, make"
pc9b0jb,0,"like, just, don, people, think, really, know, make"
pc9ax5r,4,"good, movies, wonder, woman, wasn, looks, pretty, gal"
pc9awn1,1,"hal, john, ring, lantern, green, sinestro, jordan, episode"
pc9asep,0,"like, just, don, people, think, really, know, make"
pc9as9e,0,"like, just, don, people, think, really, know, make"
pc9ao9s,2,"movie, bad, superman, supergirl, best, great, wonder, gunn"
pc9ae14,0,"like, just, don, people, think, really, know, make"
pc9a6x1,0,"like, just, don, people, think, really, know, make"
pc99w2e,0,"like, just, don, people, think, really, know, make"
pc99mzn,0,"like, just, don, people, think, really, know, make"
pc99lo6,1,"hal, john, ring, lantern, green, sinestro, jordan, episode"
pc99jbo,2,"movie, bad, superman, supergirl, best, great, wonder, gunn"
pc99gcw,4,"good, movies, wonder, woman, wasn, looks, pretty, gal"
pc997m9,0,"like, just, don, people, think, really, know, make"
pc9962i,2,"movie, bad, superman, supergirl, best, great, wonder, gunn"
pc993ja,2,"movie, bad, superman, supergirl, best, great, wonder, gunn"
pc9933j,1,"hal, john, ring, lantern, green, sinestro, jordan, episode"
pc98yzi,0,"like, just, don, people, think, really, know, make"
pc98xz0,0,"like, just, don, people, think, really, know, make"
pc98xnn,3,"batman, superman, dcu, reeves, want, universe, gunn, dc"
pc98x40,2,"movie, bad, superman, supergirl, best, great, wonder, gunn"
pc98u9a,2,"movie, bad, superman, supergirl, best, great, wonder, gunn"
pc98kyh,0,"like, just, don, people, think, really, know, make"
pc98ddc,0,"like, just, don, people, think, really, know, make"
pc989xj,0,"like, just, don, people, think, really, know, make"
pc97zuo,0,"like, just, don, people, think, really, know, make"
pc97qp7,4,"good, movies, wonder, woman, wasn, looks, pretty, gal"
pc97onz,0,"like, just, don, people, think, really, know, make"
pc97nbo,0,"like, just, don, people, think, really, know, make"
pc97lnp,1,"hal, john, ring, lantern, green, sinestro, jordan, episode"
pc97cu3,3,"batman, superman, dcu, reeves, want, universe, gunn, dc"
pc9776w,0,"like, just, don, people, think, really, know, make"
pc975gh,2,"movie, bad, superman, supergirl, best, great, wonder, gunn"
pc9726q,3,"batman, superman, dcu, reeves, want, universe, gunn, dc"
pc971d6,3,"batman, superman, dcu, reeves, want, universe, gunn, dc"
pc96vf3,0,"like, just, don, people, think, really, know, make"
pc96tbs,0,"like, just, don, people, think, really, know, make"
pc96pmj,0,"like, just, don, people, think, really, know, make"
pc96olz,3,"batman, superman, dcu, reeves, want, universe, gunn, dc"
pc96j1r,4,"good, movies, wonder, woman, wasn, looks, pretty, gal"
pc96fiz,0,"like, just, don, people, think, really, know, make"
pc96dyq,0,"like, just, don, people, think, really, know, make"
pc96bzn,1,"hal, john, ring, lantern, green, sinestro, jordan, episode"
pc96b4b,0,"like, just, don, people, think, really, know, make"
pc963wy,0,"like, just, don, people, think, really, know, make"
pc961c8,0,"like, just, don, people, think, really, know, make"
pc95wj8,0,"like, just, don, people, think, really, know, make"
pc95t5i,0,"like, just, don, people, think, really, know, make"
pc95qyp,0,"like, just, don, people, think, really, know, make"
pc95nyn,3,"batman, superman, dcu, reeves, want, universe, gunn, dc"
pc95ibq,4,"good, movies, wonder, woman, wasn, looks, pretty, gal"
pc95hf5,4,"good, movies, wonder, woman, wasn, looks, pretty, gal"
pc9543q,0,"like, just, don, people, think, really, know, make"
pc951wm,0,"like, just, don, people, think, really, know, make"
pc94wn6,0,"like, just, don, people, think, really, know, make"
pc94u9y,2,"movie, bad, superman, supergirl, best, great, wonder, gunn"
pc94u00,0,"like, just, don, people, think, really, know, make"
pc94ows,0,"like, just, don, people, think, really, know, make"
pc94mq8,0,"like, just, don, people, think, really, know, make"
pc94kn1,3,"batman, superman, dcu, reeves, want, universe, gunn, dc"
pc94892,0,"like, just, don, people, think, really, know, make"
pc9456o,1,"hal, john, ring, lantern, green, sinestro, jordan, episode"
pc941i5,0,"like, just, don, people, think, really, know, make"
pc93ztp,0,"like, just, don, people, think, really, know, make"
pc93ygy,0,"like, just, don, people, think, really, know, make"
pc93xa9,0,"like, just, don, people, think, really, know, make"
pc93uop,2,"movie, bad, superman, supergirl, best, great, wonder, gunn"
pc93twu,1,"hal, john, ring, lantern, green, sinestro, jordan, episode"
pc93tox,0,"like, just, don, people, think, really, know, make"
pc93r0g,3,"batman, superman, dcu, reeves, want, universe, gunn, dc"
pc93o26,0,"like, just, don, people, think, really, know, make"
pc93kef,1,"hal, john, ring, lantern, green, sinestro, jordan, episode"
pc93enq,0,"like, just, don, people, think, really, know, make"
pc93d0p,2,"movie, bad, superman, supergirl, best, great, wonder, gunn"
pc935i6,2,"movie, bad, superman, supergirl, best, great, wonder, gunn"
pc933v2,1,"hal, john, ring, lantern, green, sinestro, jordan, episode"
pc9311x,0,"like, just, don, people, think, really, know, make"
pc92vr7,2,"movie, bad, superman, supergirl, best, great, wonder, gunn"
pc92psl,2,"movie, bad, superman, supergirl, best, great, wonder, gunn"
pc92oaa,0,"like, just, don, people, think, really, know, make"
pc92cx1,0,"like, just, don, people, think, really, know, make"
pc92cil,0,"like, just, don, people, think, really, know, make"
pc9278j,2,"movie, bad, superman, supergirl, best, great, wonder, gunn"
pc924cp,3,"batman, superman, dcu, reeves, want, universe, gunn, dc"
pc91z5c,0,"like, just, don, people, think, really, know, make"
pc91urb,2,"movie, bad, superman, supergirl, best, great, wonder, gunn"
pc91q9m,4,"good, movies, wonder, woman, wasn, looks, pretty, gal"
pc91oa9,0,"like, just, don, people, think, really, know, make"
pc91ju9,1,"hal, john, ring, lantern, green, sinestro, jordan, episode"
pc91enn,4,"good, movies, wonder, woman, wasn, looks, pretty, gal"
pc91a1s,0,"like, just, don, people, think, really, know, make"
pc918ol,3,"batman, superman, dcu, reeves, want, universe, gunn, dc"
pc916ug,4,"good, movies, wonder, woman, wasn, looks, pretty, gal"
pc9127w,0,"like, just, don, people, think, really, know, make"
pc911p1,4,"good, movies, wonder, woman, wasn, looks, pretty, gal"
pc90yds,2,"movie, bad, superman, supergirl, best, great, wonder, gunn"
pc90wz0,4,"good, movies, wonder, woman, wasn, looks, pretty, gal"
pc90u38,2,"movie, bad, superman, supergirl, best, great, wonder, gunn"
pc90tdl,0,"like, just, don, people, think, really, know, make"
pc90kn3,3,"batman, superman, dcu, reeves, want, universe, gunn, dc"
pc90hw6,0,"like, just, don, people, think, really, know, make"
pc90d87,1,"hal, john, ring, lantern, green, sinestro, jordan, episode"
pc907mo,2,"movie, bad, superman, supergirl, best, great, wonder, gunn"
pc907jd,3,"batman, superman, dcu, reeves, want, universe, gunn, dc"
pc904h5,4,"good, movies, wonder, woman, wasn, looks, pretty, gal"
pc902wf,1,"hal, john, ring, lantern, green, sinestro, jordan, episode"
pc8zzfs,0,"like, just, don, people, think, really, know, make"
pc8zwft,0,"like, just, don, people, think, really, know, make"
pc8zk72,2,"movie, bad, superman, supergirl, best, great, wonder, gunn"
pc8zhed,1,"hal, john, ring, lantern, green, sinestro, jordan, episode"
pc8zgku,2,"movie, bad, superman, supergirl, best, great, wonder, gunn"
pc8zelr,2,"movie, bad, superman, supergirl, best, great, wonder, gunn"
pc8ze8v,2,"movie, bad, superman, supergirl, best, great, wonder, gunn"
pc8zbge,0,"like, just, don, people, think, really, know, make"
pc8z5q7,4,"good, movies, wonder, woman, wasn, looks, pretty, gal"
pc8z08d,4,"good, movies, wonder, woman, wasn, looks, pretty, gal"
pc8ylo8,0,"like, just, don, people, think, really, know, make"
pc8yln0,0,"like, just, don, people, think, really, know, make"
pc8yjjl,0,"like, just, don, people, think, really, know, make"
pc8ygzd,0,"like, just, don, people, think, really, know, make"
pc8ygfz,3,"batman, superman, dcu, reeves, want, universe, gunn, dc"
pc8yei9,3,"batman, superman, dcu, reeves, want, universe, gunn, dc"
pc8y8p3,0,"like, just, don, people, think, really, know, make"
pc8y5qz,2,"movie, bad, superman, supergirl, best, great, wonder, gunn"
pc8y44p,0,"like, just, don, people, think, really, know, make"
pc8y3i4,0,"like, just, don, people, think, really, know, make"
pc8y29e,4,"good, movies, wonder, woman, wasn, looks, pretty, gal"
pc8y27p,0,"like, just, don, people, think, really, know, make"
pc8xxhi,0,"like, just, don, people, think, really, know, make"
pc8xxek,3,"batman, superman, dcu, reeves, want, universe, gunn, dc"
pc8xvyy,0,"like, just, don, people, think, really, know, make"
pc8xt04,3,"batman, superman, dcu, reeves, want, universe, gunn, dc"
pc8xmzx,0,"like, just, don, people, think, really, know, make"
pc8xj0v,0,"like, just, don, people, think, really, know, make"
pc8xit1,2,"movie, bad, superman, supergirl, best, great, wonder, gunn"
pc8x5vs,0,"like, just, don, people, think, really, know, make"
pc8wyjb,0,"like, just, don, people, think, really, know, make"
pc8wv6v,0,"like, just, don, people, think, really, know, make"
pc8wr0c,3,"batman, superman, dcu, reeves, want, universe, gunn, dc"
pc8wjog,0,"like, just, don, people, think, really, know, make"
pc8wie7,2,"movie, bad, superman, supergirl, best, great, wonder, gunn"
pc8whez,2,"movie, bad, superman, supergirl, best, great, wonder, gunn"
pc8wdqu,2,"movie, bad, superman, supergirl, best, great, wonder, gunn"
pc8w7s3,0,"like, just, don, people, think, really, know, make"
pc8w66s,2,"movie, bad, superman, supergirl, best, great, wonder, gunn"
pc8w2sv,0,"like, just, don, people, think, really, know, make"
pc8vs8w,0,"like, just, don, people, think, really, know, make"
pc8vofv,4,"good, movies, wonder, woman, wasn, looks, pretty, gal"
pc8vnth,3,"batman, superman, dcu, reeves, want, universe, gunn, dc"
pc8vmrn,0,"like, just, don, people, think, really, know, make"
pc8ve5h,0,"like, just, don, people, think, really, know, make"
pc8vdi5,0,"like, just, don, people, think, really, know, make"
pc8vcc0,0,"like, just, don, people, think, really, know, make"
pc8vc9f,0,"like, just, don, people, think, really, know, make"
pc8v92m,0,"like, just, don, people, think, really, know, make"
pc8v77w,3,"batman, superman, dcu, reeves, want, universe, gunn, dc"
pc8v6c6,3,"batman, superman, dcu, reeves, want, universe, gunn, dc"
pc8v380,0,"like, just, don, people, think, really, know, make"
pc8v39f,0,"like, just, don, people, think, really, know, make"
pc8uxfu,2,"movie, bad, superman, supergirl, best, great, wonder, gunn"
pc8uwep,0,"like, just, don, people, think, really, know, make"
pc8uvos,0,"like, just, don, people, think, really, know, make"
pc8uumc,4,"good, movies, wonder, woman, wasn, looks, pretty, gal"
pc8up1y,2,"movie, bad, superman, supergirl, best, great, wonder, gunn"
pc8uopf,0,"like, just, don, people, think, really, know, make"
pc8ul0k,0,"like, just, don, people, think, really, know, make"
pc8ujz5,1,"hal, john, ring, lantern, green, sinestro, jordan, episode"
pc8ujp8,3,"batman, superman, dcu, reeves, want, universe, gunn, dc"
pc8uiwz,0,"like, just, don, people, think, really, know, make"
pc8uhkq,3,"batman, superman, dcu, reeves, want, universe, gunn, dc"
pc8ugpt,2,"movie, bad, superman, supergirl, best, great, wonder, gunn"
pc8uflz,0,"like, just, don, people, think, really, know, make"
pc8ud3n,3,"batman, superman, dcu, reeves, want, universe, gunn, dc"
pc8u5uj,0,"like, just, don, people, think, really, know, make"
pc8u53c,0,"like, just, don, people, think, really, know, make"
pc8u05d,1,"hal, john, ring, lantern, green, sinestro, jordan, episode"
pc8tzz7,0,"like, just, don, people, think, really, know, make"
pc8twyt,0,"like, just, don, people, think, really, know, make"
pc8tw6s,2,"movie, bad, superman, supergirl, best, great, wonder, gunn"
pc8tvcd,0,"like, just, don, people, think, really, know, make"
pc8tv6p,2,"movie, bad, superman, supergirl, best, great, wonder, gunn"
pc8trfc,1,"hal, john, ring, lantern, green, sinestro, jordan, episode"
pc8tp9s,2,"movie, bad, superman, supergirl, best, great, wonder, gunn"
pc8toh9,0,"like, just, don, people, think, really, know, make"
pc8tjdu,0,"like, just, don, people, think, really, know, make"
pc8thvb,0,"like, just, don, people, think, really, know, make"
pc8t5xn,0,"like, just, don, people, think, really, know, make"
pc8szxw,3,"batman, superman, dcu, reeves, want, universe, gunn, dc"
pc8sxi8,0,"like, just, don, people, think, really, know, make"
pc8svpi,2,"movie, bad, superman, supergirl, best, great, wonder, gunn"
pc8srr1,3,"batman, superman, dcu, reeves, want, universe, gunn, dc"
pc8sm8y,2,"movie, bad, superman, supergirl, best, great, wonder, gunn"
pc8skhm,2,"movie, bad, superman, supergirl, best, great, wonder, gunn"
pc8skiq,0,"like, just, don, people, think, really, know, make"
pc8sjlf,2,"movie, bad, superman, supergirl, best, great, wonder, gunn"
pc8s4xk,0,"like, just, don, people, think, really, know, make"
pc8s0bq,2,"movie, bad, superman, supergirl, best, great, wonder, gunn"
pc8rzxq,1,"hal, john, ring, lantern, green, sinestro, jordan, episode"
pc8rv4l,3,"batman, superman, dcu, reeves, want, universe, gunn, dc"
pc8rr58,2,"movie, bad, superman, supergirl, best, great, wonder, gunn"
pc8rqlj,1,"hal, john, ring, lantern, green, sinestro, jordan, episode"
pc8rpqv,0,"like, just, don, people, think, really, know, make"
pc8rnif,0,"like, just, don, people, think, really, know, make"
pc8rmsj,3,"batman, superman, dcu, reeves, want, universe, gunn, dc"
pc8rmft,4,"good, movies, wonder, woman, wasn, looks, pretty, gal"
pc8rk7j,2,"movie, bad, superman, supergirl, best, great, wonder, gunn"
pc8re83,2,"movie, bad, superman, supergirl, best, great, wonder, gunn"
pc8rc0e,0,"like, just, don, people, think, really, know, make"
pc8ra8t,0,"like, just, don, people, think, really, know, make"
pc8r80c,2,"movie, bad, superman, supergirl, best, great, wonder, gunn"
pc8r649,1,"hal, john, ring, lantern, green, sinestro, jordan, episode"
pc8r2vb,3,"batman, superman, dcu, reeves, want, universe, gunn, dc"
pc8r2i8,2,"movie, bad, superman, supergirl, best, great, wonder, gunn"
pc8qvig,0,"like, just, don, people, think, really, know, make"
pc8qv9x,0,"like, just, don, people, think, really, know, make"
pc8qssv,0,"like, just, don, people, think, really, know, make"
pc8qriy,0,"like, just, don, people, think, really, know, make"
pc8qni1,1,"hal, john, ring, lantern, green, sinestro, jordan, episode"
pc8qjq5,2,"movie, bad, superman, supergirl, best, great, wonder, gunn"
pc8qjbx,2,"movie, bad, superman, supergirl, best, great, wonder, gunn"
pc8qgvs,4,"good, movies, wonder, woman, wasn, looks, pretty, gal"
pc8qgka,3,"batman, superman, dcu, reeves, want, universe, gunn, dc"
pc8qe1h,2,"movie, bad, superman, supergirl, best, great, wonder, gunn"
pc8qca6,1,"hal, john, ring, lantern, green, sinestro, jordan, episode"
pc8qai0,2,"movie, bad, superman, supergirl, best, great, wonder, gunn"
pc8q8mj,1,"hal, john, ring, lantern, green, sinestro, jordan, episode"
pc8q5rj,2,"movie, bad, superman, supergirl, best, great, wonder, gunn"
pc8q3iz,0,"like, just, don, people, think, really, know, make"
pc8pw4x,2,"movie, bad, superman, supergirl, best, great, wonder, gunn"
pc8pvk5,0,"like, just, don, people, think, really, know, make"
pc8pvfd,2,"movie, bad, superman, supergirl, best, great, wonder, gunn"
pc8pub5,0,"like, just, don, people, think, really, know, make"
pc8po5i,0,"like, just, don, people, think, really, know, make"
pc8pb5k,4,"good, movies, wonder, woman, wasn, looks, pretty, gal"
pc8p6gi,0,"like, just, don, people, think, really, know, make"
pc8p6cq,0,"like, just, don, people, think, really, know, make"
pc8osnv,0,"like, just, don, people, think, really, know, make"
pc8omqb,2,"movie, bad, superman, supergirl, best, great, wonder, gunn"
pc8okgh,2,"movie, bad, superman, supergirl, best, great, wonder, gunn"
pc8oj7j,0,"like, just, don, people, think, really, know, make"
pc8oj1b,2,"movie, bad, superman, supergirl, best, great, wonder, gunn"
pc8oib1,0,"like, just, don, people, think, really, know, make"
pc8of8b,0,"like, just, don, people, think, really, know, make"
pc8oe5u,0,"like, just, don, people, think, really, know, make"
pc8ob29,2,"movie, bad, superman, supergirl, best, great, wonder, gunn"
pc8o8xz,2,"movie, bad, superman, supergirl, best, great, wonder, gunn"
pc8o8cp,3,"batman, superman, dcu, reeves, want, universe, gunn, dc"
pc8o2sc,1,"hal, john, ring, lantern, green, sinestro, jordan, episode"
pc8o1nv,0,"like, just, don, people, think, really, know, make"
pc8nzvw,1,"hal, john, ring, lantern, green, sinestro, jordan, episode"
pc8nv1g,2,"movie, bad, superman, supergirl, best, great, wonder, gunn"
pc8nsov,0,"like, just, don, people, think, really, know, make"
pc8nsf7,3,"batman, superman, dcu, reeves, want, universe, gunn, dc"
pc8nrvh,2,"movie, bad, superman, supergirl, best, great, wonder, gunn"
pc8nrob,4,"good, movies, wonder, woman, wasn, looks, pretty, gal"
pc8nrd8,0,"like, just, don, people, think, really, know, make"
pc8npal,0,"like, just, don, people, think, really, know, make"
pc8nme3,4,"good, movies, wonder, woman, wasn, looks, pretty, gal"
pc8nm9y,2,"movie, bad, superman, supergirl, best, great, wonder, gunn"
pc8njso,0,"like, just, don, people, think, really, know, make"
pc8njjb,2,"movie, bad, superman, supergirl, best, great, wonder, gunn"
pc8nf5g,2,"movie, bad, superman, supergirl, best, great, wonder, gunn"
pc8ndt4,2,"movie, bad, superman, supergirl, best, great, wonder, gunn"
pc8nctp,3,"batman, superman, dcu, reeves, want, universe, gunn, dc"
pc8n9zx,0,"like, just, don, people, think, really, know, make"
pc8n9cu,2,"movie, bad, superman, supergirl, best, great, wonder, gunn"
pc8n3ky,2,"movie, bad, superman, supergirl, best, great, wonder, gunn"
pc8n1vz,2,"movie, bad, superman, supergirl, best, great, wonder, gunn"
pc8n1qs,0,"like, just, don, people, think, really, know, make"
pc8n1mo,0,"like, just, don, people, think, really, know, make"
pc8my7i,0,"like, just, don, people, think, really, know, make"
pc8mx04,0,"like, just, don, people, think, really, know, make"
pc8mvgu,0,"like, just, don, people, think, really, know, make"
pc8mtma,0,"like, just, don, people, think, really, know, make"
pc8mqmb,4,"good, movies, wonder, woman, wasn, looks, pretty, gal"
pc8mlmr,2,"movie, bad, superman, supergirl, best, great, wonder, gunn"
pc8mle2,0,"like, just, don, people, think, really, know, make"
pc8min8,2,"movie, bad, superman, supergirl, best, great, wonder, gunn"
pc8md26,0,"like, just, don, people, think, really, know, make"
pc8mcxi,0,"like, just, don, people, think, really, know, make"
pc8mcaj,0,"like, just, don, people, think, really, know, make"
pc8maqj,0,"like, just, don, people, think, really, know, make"
pc8masn,0,"like, just, don, people, think, really, know, make"
pc8mats,0,"like, just, don, people, think, really, know, make"
pc8m562,3,"batman, superman, dcu, reeves, want, universe, gunn, dc"
pc8m3ia,3,"batman, superman, dcu, reeves, want, universe, gunn, dc"
pc8lxlx,2,"movie, bad, superman, supergirl, best, great, wonder, gunn"
pc8lwik,0,"like, just, don, people, think, really, know, make"
pc8lupa,4,"good, movies, wonder, woman, wasn, looks, pretty, gal"
pc8lu7g,0,"like, just, don, people, think, really, know, make"
pc8lp74,0,"like, just, don, people, think, really, know, make"
pc8lbe5,1,"hal, john, ring, lantern, green, sinestro, jordan, episode"
pc8l6za,2,"movie, bad, superman, supergirl, best, great, wonder, gunn"
pc8l2yb,3,"batman, superman, dcu, reeves, want, universe, gunn, dc"
pc8l23p,2,"movie, bad, superman, supergirl, best, great, wonder, gunn"
pc8l1bm,0,"like, just, don, people, think, really, know, make"
pc8l0aw,0,"like, just, don, people, think, really, know, make"
pc8kulg,0,"like, just, don, people, think, really, know, make"
pc8ktte,4,"good, movies, wonder, woman, wasn, looks, pretty, gal"
pc8krpt,0,"like, just, don, people, think, really, know, make"
pc8ko2t,0,"like, just, don, people, think, really, know, make"
pc8km83,0,"like, just, don, people, think, really, know, make"
pc8kk6h,2,"movie, bad, superman, supergirl, best, great, wonder, gunn"
pc8kjt1,2,"movie, bad, superman, supergirl, best, great, wonder, gunn"
pc8kfpd,0,"like, just, don, people, think, really, know, make"
pc8k93u,0,"like, just, don, people, think, really, know, make"
pc8k76c,3,"batman, superman, dcu, reeves, want, universe, gunn, dc"
pc8k76s,0,"like, just, don, people, think, really, know, make"
pc8k62a,0,"like, just, don, people, think, really, know, make"
pc8k60c,2,"movie, bad, superman, supergirl, best, great, wonder, gunn"
pc8k2e7,0,"like, just, don, people, think, really, know, make"
pc8k0j9,3,"batman, superman, dcu, reeves, want, universe, gunn, dc"
pc8jz5c,0,"like, just, don, people, think, really, know, make"
pc8ju9i,2,"movie, bad, superman, supergirl, best, great, wonder, gunn"
pc8jp87,0,"like, just, don, people, think, really, know, make"
pc8jop9,3,"batman, superman, dcu, reeves, want, universe, gunn, dc"
pc8jmmx,0,"like, just, don, people, think, really, know, make"
pc8jlzy,4,"good, movies, wonder, woman, wasn, looks, pretty, gal"
pc8jlt6,0,"like, just, don, people, think, really, know, make"
pc8jgra,4,"good, movies, wonder, woman, wasn, looks, pretty, gal"
pc8jeqj,0,"like, just, don, people, think, really, know, make"
pc8jerl,0,"like, just, don, people, think, really, know, make"
pc8jae1,4,"good, movies, wonder, woman, wasn, looks, pretty, gal"
pc8ja6g,0,"like, just, don, people, think, really, know, make"
pc8j92t,2,"movie, bad, superman, supergirl, best, great, wonder, gunn"
pc8j8wb,3,"batman, superman, dcu, reeves, want, universe, gunn, dc"
pc8j85y,2,"movie, bad, superman, supergirl, best, great, wonder, gunn"
pc8j55t,0,"like, just, don, people, think, really, know, make"
pc8j53a,3,"batman, superman, dcu, reeves, want, universe, gunn, dc"
pc8j2os,4,"good, movies, wonder, woman, wasn, looks, pretty, gal"
pc8j0bq,0,"like, just, don, people, think, really, know, make"
pc8iybj,3,"batman, superman, dcu, reeves, want, universe, gunn, dc"
pc8ivl1,0,"like, just, don, people, think, really, know, make"
pc8iuut,1,"hal, john, ring, lantern, green, sinestro, jordan, episode"
pc8isu3,3,"batman, superman, dcu, reeves, want, universe, gunn, dc"
pc8isia,0,"like, just, don, people, think, really, know, make"
pc8ip45,4,"good, movies, wonder, woman, wasn, looks, pretty, gal"
pc8ip0k,0,"like, just, don, people, think, really, know, make"
pc8insq,0,"like, just, don, people, think, really, know, make"
pc8in6b,0,"like, just, don, people, think, really, know, make"
pc8ilge,0,"like, just, don, people, think, really, know, make"
pc8ij7u,0,"like, just, don, people, think, really, know, make"
pc8iicf,0,"like, just, don, people, think, really, know, make"
pc8ifd7,3,"batman, superman, dcu, reeves, want, universe, gunn, dc"
pc8icwx,1,"hal, john, ring, lantern, green, sinestro, jordan, episode"
pc8ich3,3,"batman, superman, dcu, reeves, want, universe, gunn, dc"
pc8ibze,0,"like, just, don, people, think, really, know, make"
pc8ibcb,4,"good, movies, wonder, woman, wasn, looks, pretty, gal"
pc8ianp,3,"batman, superman, dcu, reeves, want, universe, gunn, dc"
pc8ias2,0,"like, just, don, people, think, really, know, make"
pc8i8wq,0,"like, just, don, people, think, really, know, make"
pc8i39y,0,"like, just, don, people, think, really, know, make"
pc8i1dw,2,"movie, bad, superman, supergirl, best, great, wonder, gunn"
pc8hxy4,0,"like, just, don, people, think, really, know, make"
pc8huyx,0,"like, just, don, people, think, really, know, make"
pc8hu55,0,"like, just, don, people, think, really, know, make"
pc8hs7a,2,"movie, bad, superman, supergirl, best, great, wonder, gunn"
pc8hqlo,0,"like, just, don, people, think, really, know, make"
pc8hpmq,0,"like, just, don, people, think, really, know, make"
pc8hjxi,3,"batman, superman, dcu, reeves, want, universe, gunn, dc"
pc8hj6r,0,"like, just, don, people, think, really, know, make"
pc8hfle,0,"like, just, don, people, think, really, know, make"
pc8hd2z,0,"like, just, don, people, think, really, know, make"
pc8hce1,0,"like, just, don, people, think, really, know, make"
pc8hbkz,2,"movie, bad, superman, supergirl, best, great, wonder, gunn"
pc8ha8q,0,"like, just, don, people, think, really, know, make"
pc8h6ne,1,"hal, john, ring, lantern, green, sinestro, jordan, episode"
pc8h0ca,3,"batman, superman, dcu, reeves, want, universe, gunn, dc"
pc8gz7h,2,"movie, bad, superman, supergirl, best, great, wonder, gunn"
pc8gz08,0,"like, just, don, people, think, really, know, make"
pc8gymq,0,"like, just, don, people, think, really, know, make"
pc8gxcp,0,"like, just, don, people, think, really, know, make"
pc8gve4,2,"movie, bad, superman, supergirl, best, great, wonder, gunn"
pc8gurw,3,"batman, superman, dcu, reeves, want, universe, gunn, dc"
pc8gtxg,2,"movie, bad, superman, supergirl, best, great, wonder, gunn"
pc8gt08,0,"like, just, don, people, think, really, know, make"
pc8gqul,0,"like, just, don, people, think, really, know, make"
pc8gmeo,0,"like, just, don, people, think, really, know, make"
pc8glnh,0,"like, just, don, people, think, really, know, make"
pc8gg0w,2,"movie, bad, superman, supergirl, best, great, wonder, gunn"
pc8gfr4,1,"hal, john, ring, lantern, green, sinestro, jordan, episode"
pc8gfh3,0,"like, just, don, people, think, really, know, make"
pc8gf1i,0,"like, just, don, people, think, really, know, make"
pc8gbpl,0,"like, just, don, people, think, really, know, make"
pc8gbns,1,"hal, john, ring, lantern, green, sinestro, jordan, episode"
pc8g9ww,0,"like, just, don, people, think, really, know, make"
pc8g7a3,4,"good, movies, wonder, woman, wasn, looks, pretty, gal"
pc8g7b7,2,"movie, bad, superman, supergirl, best, great, wonder, gunn"
pc8g2xm,2,"movie, bad, superman, supergirl, best, great, wonder, gunn"
pc8g2fz,3,"batman, superman, dcu, reeves, want, universe, gunn, dc"
pc8fwwc,3,"batman, superman, dcu, reeves, want, universe, gunn, dc"
pc8fspb,0,"like, just, don, people, think, really, know, make"
pc8fsii,2,"movie, bad, superman, supergirl, best, great, wonder, gunn"
pc8fmm3,4,"good, movies, wonder, woman, wasn, looks, pretty, gal"
pc8fkue,0,"like, just, don, people, think, really, know, make"
pc8fjc1,0,"like, just, don, people, think, really, know, make"
pc8fhza,0,"like, just, don, people, think, really, know, make"
pc8fhqx,0,"like, just, don, people, think, really, know, make"
pc8fbot,3,"batman, superman, dcu, reeves, want, universe, gunn, dc"
pc8f9h8,2,"movie, bad, superman, supergirl, best, great, wonder, gunn"
pc8f6rn,3,"batman, superman, dcu, reeves, want, universe, gunn, dc"
pc8f26h,2,"movie, bad, superman, supergirl, best, great, wonder, gunn"
pc8eyk0,2,"movie, bad, superman, supergirl, best, great, wonder, gunn"
pc8evs1,3,"batman, superman, dcu, reeves, want, universe, gunn, dc"
pc8ev0k,0,"like, just, don, people, think, really, know, make"
pc8esqw,0,"like, just, don, people, think, really, know, make"
pc8esbk,3,"batman, superman, dcu, reeves, want, universe, gunn, dc"
pc8elkb,0,"like, just, don, people, think, really, know, make"
pc8eldz,0,"like, just, don, people, think, really, know, make"
pc8ejqm,1,"hal, john, ring, lantern, green, sinestro, jordan, episode"
pc8ed3z,4,"good, movies, wonder, woman, wasn, looks, pretty, gal"
pc8eb2x,2,"movie, bad, superman, supergirl, best, great, wonder, gunn"
pc8e7m7,0,"like, just, don, people, think, really, know, make"
pc8e5ob,3,"batman, superman, dcu, reeves, want, universe, gunn, dc"
pc8e5e0,0,"like, just, don, people, think, really, know, make"
pc8e3wn,1,"hal, john, ring, lantern, green, sinestro, jordan, episode"
pc8e2lz,2,"movie, bad, superman, supergirl, best, great, wonder, gunn"
pc8e2ie,3,"batman, superman, dcu, reeves, want, universe, gunn, dc"
pc8e22g,1,"hal, john, ring, lantern, green, sinestro, jordan, episode"
pc8du5k,3,"batman, superman, dcu, reeves, want, universe, gunn, dc"
pc8dt1n,2,"movie, bad, superman, supergirl, best, great, wonder, gunn"
pc8dqhu,0,"like, just, don, people, think, really, know, make"
pc8dht7,0,"like, just, don, people, think, really, know, make"
pc8df6w,4,"good, movies, wonder, woman, wasn, looks, pretty, gal"
pc8dc6x,0,"like, just, don, people, think, really, know, make"
pc8dauv,0,"like, just, don, people, think, really, know, make"
pc8d95t,0,"like, just, don, people, think, really, know, make"
pc8d8dq,1,"hal, john, ring, lantern, green, sinestro, jordan, episode"
pc8d52j,0,"like, just, don, people, think, really, know, make"
pc8d4v9,1,"hal, john, ring, lantern, green, sinestro, jordan, episode"
pc8d3lk,0,"like, just, don, people, think, really, know, make"
pc8d0oi,0,"like, just, don, people, think, really, know, make"
pc8czy4,0,"like, just, don, people, think, really, know, make"
pc8cwmx,0,"like, just, don, people, think, really, know, make"
pc8cqsu,4,"good, movies, wonder, woman, wasn, looks, pretty, gal"
pc8cpm0,0,"like, just, don, people, think, really, know, make"
pc8cmxb,3,"batman, superman, dcu, reeves, want, universe, gunn, dc"
pc8cih2,0,"like, just, don, people, think, really, know, make"
pc8chte,0,"like, just, don, people, think, really, know, make"
pc8chov,4,"good, movies, wonder, woman, wasn, looks, pretty, gal"
pc8c7h9,3,"batman, superman, dcu, reeves, want, universe, gunn, dc"
pc8c6n3,2,"movie, bad, superman, supergirl, best, great, wonder, gunn"
pc8bu60,1,"hal, john, ring, lantern, green, sinestro, jordan, episode"
pc8bszl,0,"like, just, don, people, think, really, know, make"
pc8brlj,0,"like, just, don, people, think, really, know, make"
pc8bn81,2,"movie, bad, superman, supergirl, best, great, wonder, gunn"
pc8bn4c,0,"like, just, don, people, think, really, know, make"
pc8bm74,0,"like, just, don, people, think, really, know, make"
pc8bluq,0,"like, just, don, people, think, really, know, make"
pc8biny,3,"batman, superman, dcu, reeves, want, universe, gunn, dc"
pc8bhw5,0,"like, just, don, people, think, really, know, make"
pc8bhh7,0,"like, just, don, people, think, really, know, make"
pc8b9si,2,"movie, bad, superman, supergirl, best, great, wonder, gunn"
pc8b8fq,0,"like, just, don, people, think, really, know, make"
pc8b7ha,0,"like, just, don, people, think, really, know, make"
pc8b5iy,4,"good, movies, wonder, woman, wasn, looks, pretty, gal"
pc8b4c5,0,"like, just, don, people, think, really, know, make"
pc8ax48,1,"hal, john, ring, lantern, green, sinestro, jordan, episode"
pc8avim,0,"like, just, don, people, think, really, know, make"
pc8av6t,0,"like, just, don, people, think, really, know, make"
pc8aux2,2,"movie, bad, superman, supergirl, best, great, wonder, gunn"
pc8apzn,0,"like, just, don, people, think, really, know, make"
pc8aoct,0,"like, just, don, people, think, really, know, make"
pc8acbz,0,"like, just, don, people, think, really, know, make"
pc8a3zd,0,"like, just, don, people, think, really, know, make"
pc8a3lw,2,"movie, bad, superman, supergirl, best, great, wonder, gunn"
pc8a21q,0,"like, just, don, people, think, really, know, make"
pc89weh,0,"like, just, don, people, think, really, know, make"
pc89pbo,0,"like, just, don, people, think, really, know, make"
pc89d4i,2,"movie, bad, superman, supergirl, best, great, wonder, gunn"
pc88tz5,0,"like, just, don, people, think, really, know, make"
pc88re5,0,"like, just, don, people, think, really, know, make"
pc88qfm,0,"like, just, don, people, think, really, know, make"
pc88hoq,0,"like, just, don, people, think, really, know, make"
pc88a25,4,"good, movies, wonder, woman, wasn, looks, pretty, gal"
pc887en,0,"like, just, don, people, think, really, know, make"
pc884uw,1,"hal, john, ring, lantern, green, sinestro, jordan, episode"
pc882br,0,"like, just, don, people, think, really, know, make"
pc87um7,1,"hal, john, ring, lantern, green, sinestro, jordan, episode"
pc87to4,2,"movie, bad, superman, supergirl, best, great, wonder, gunn"
pc87qc6,3,"batman, superman, dcu, reeves, want, universe, gunn, dc"
pc87ol2,2,"movie, bad, superman, supergirl, best, great, wonder, gunn"
pc87n6o,2,"movie, bad, superman, supergirl, best, great, wonder, gunn"
pc87kj1,2,"movie, bad, superman, supergirl, best, great, wonder, gunn"
pc87i6c,1,"hal, john, ring, lantern, green, sinestro, jordan, episode"
pc87g35,0,"like, just, don, people, think, really, know, make"
pc87f1z,3,"batman, superman, dcu, reeves, want, universe, gunn, dc"
pc875z3,1,"hal, john, ring, lantern, green, sinestro, jordan, episode"
pc874rt,2,"movie, bad, superman, supergirl, best, great, wonder, gunn"
pc874ms,2,"movie, bad, superman, supergirl, best, great, wonder, gunn"
pc870f7,3,"batman, superman, dcu, reeves, want, universe, gunn, dc"
pc86yao,3,"batman, superman, dcu, reeves, want, universe, gunn, dc"
pc86wwi,1,"hal, john, ring, lantern, green, sinestro, jordan, episode"
pc86vv7,2,"movie, bad, superman, supergirl, best, great, wonder, gunn"
pc86uw4,1,"hal, john, ring, lantern, green, sinestro, jordan, episode"
pc86tc7,0,"like, just, don, people, think, really, know, make"
pc86rxd,0,"like, just, don, people, think, really, know, make"
pc86qoz,1,"hal, john, ring, lantern, green, sinestro, jordan, episode"
pc86peb,0,"like, just, don, people, think, really, know, make"
pc86d6d,1,"hal, john, ring, lantern, green, sinestro, jordan, episode"
pc869kv,4,"good, movies, wonder, woman, wasn, looks, pretty, gal"
pc85rlb,1,"hal, john, ring, lantern, green, sinestro, jordan, episode"
pc85nch,2,"movie, bad, superman, supergirl, best, great, wonder, gunn"
pc85n7k,3,"batman, superman, dcu, reeves, want, universe, gunn, dc"
pc85m4v,2,"movie, bad, superman, supergirl, best, great, wonder, gunn"
pc858zw,4,"good, movies, wonder, woman, wasn, looks, pretty, gal"
pc858sa,2,"movie, bad, superman, supergirl, best, great, wonder, gunn"
pc8576n,0,"like, just, don, people, think, really, know, make"
pc85561,2,"movie, bad, superman, supergirl, best, great, wonder, gunn"
pc851p8,4,"good, movies, wonder, woman, wasn, looks, pretty, gal"
pc84shk,0,"like, just, don, people, think, really, know, make"
pc84knj,0,"like, just, don, people, think, really, know, make"
pc84hfo,4,"good, movies, wonder, woman, wasn, looks, pretty, gal"
pc849ou,2,"movie, bad, superman, supergirl, best, great, wonder, gunn"
pc8425c,2,"movie, bad, superman, supergirl, best, great, wonder, gunn"
pc841x5,2,"movie, bad, superman, supergirl, best, great, wonder, gunn"
pc841y3,2,"movie, bad, superman, supergirl, best, great, wonder, gunn"
pc83dnp,0,"like, just, don, people, think, really, know, make"
pc83dk0,3,"batman, superman, dcu, reeves, want, universe, gunn, dc"
pc83b8z,3,"batman, superman, dcu, reeves, want, universe, gunn, dc"
pc836ld,2,"movie, bad, superman, supergirl, best, great, wonder, gunn"
pc835rb,0,"like, just, don, people, think, really, know, make"
pc832i1,3,"batman, superman, dcu, reeves, want, universe, gunn, dc"
pc832jp,0,"like, just, don, people, think, really, know, make"
pc82yrk,0,"like, just, don, people, think, really, know, make"
pc82ye0,1,"hal, john, ring, lantern, green, sinestro, jordan, episode"
pc82us6,0,"like, just, don, people, think, really, know, make"
pc82s7e,3,"batman, superman, dcu, reeves, want, universe, gunn, dc"
pc82qhc,0,"like, just, don, people, think, really, know, make"
pc82lln,2,"movie, bad, superman, supergirl, best, great, wonder, gunn"
pc82lms,0,"like, just, don, people, think, really, know, make"
pc82hpe,0,"like, just, don, people, think, really, know, make"
pc82gtv,0,"like, just, don, people, think, really, know, make"
pc82fzw,4,"good, movies, wonder, woman, wasn, looks, pretty, gal"
pc82bw3,4,"good, movies, wonder, woman, wasn, looks, pretty, gal"
pc828xu,0,"like, just, don, people, think, really, know, make"
pc82462,3,"batman, superman, dcu, reeves, want, universe, gunn, dc"
pc81zan,2,"movie, bad, superman, supergirl, best, great, wonder, gunn"
pc81y0z,0,"like, just, don, people, think, really, know, make"
pc81xya,0,"like, just, don, people, think, really, know, make"
pc81vez,2,"movie, bad, superman, supergirl, best, great, wonder, gunn"
pc81nwt,2,"movie, bad, superman, supergirl, best, great, wonder, gunn"
pc81lkm,2,"movie, bad, superman, supergirl, best, great, wonder, gunn"
pc81kse,0,"like, just, don, people, think, really, know, make"
pc81bge,2,"movie, bad, superman, supergirl, best, great, wonder, gunn"
pc815lu,2,"movie, bad, superman, supergirl, best, great, wonder, gunn"
pc813i4,2,"movie, bad, superman, supergirl, best, great, wonder, gunn"
pc80y61,4,"good, movies, wonder, woman, wasn, looks, pretty, gal"
pc80w0c,0,"like, just, don, people, think, really, know, make"
pc80mvo,2,"movie, bad, superman, supergirl, best, great, wonder, gunn"
pc80b1m,1,"hal, john, ring, lantern, green, sinestro, jordan, episode"
pc803n9,2,"movie, bad, superman, supergirl, best, great, wonder, gunn"
pc7znsm,2,"movie, bad, superman, supergirl, best, great, wonder, gunn"
pc7zk8a,0,"like, just, don, people, think, really, know, make"
pc7ziu5,0,"like, just, don, people, think, really, know, make"
pc7ziha,3,"batman, superman, dcu, reeves, want, universe, gunn, dc"
pc7zd6c,2,"movie, bad, superman, supergirl, best, great, wonder, gunn"
pc7zcia,0,"like, just, don, people, think, really, know, make"
pc7yvyl,0,"like, just, don, people, think, really, know, make"
pc7ymi9,4,"good, movies, wonder, woman, wasn, looks, pretty, gal"
pc7yff9,0,"like, just, don, people, think, really, know, make"
pc7ye6c,0,"like, just, don, people, think, really, know, make"
pc7ybft,0,"like, just, don, people, think, really, know, make"
pc7y9n3,0,"like, just, don, people, think, really, know, make"
pc7y91d,3,"batman, superman, dcu, reeves, want, universe, gunn, dc"
pc7y687,4,"good, movies, wonder, woman, wasn, looks, pretty, gal"
pc7y69y,0,"like, just, don, people, think, really, know, make"
pc7y5p3,0,"like, just, don, people, think, really, know, make"
pc7y0c6,0,"like, just, don, people, think, really, know, make"
pc7xzon,0,"like, just, don, people, think, really, know, make"
pc7xzai,0,"like, just, don, people, think, really, know, make"
pc7xzb5,4,"good, movies, wonder, woman, wasn, looks, pretty, gal"
pc7xtrq,3,"batman, superman, dcu, reeves, want, universe, gunn, dc"
pc7xqm9,0,"like, just, don, people, think, really, know, make"
pc7xh1x,0,"like, just, don, people, think, really, know, make"
pc7xdk8,3,"batman, superman, dcu, reeves, want, universe, gunn, dc"
pc7wxhx,0,"like, just, don, people, think, really, know, make"
pc7wu1p,0,"like, just, don, people, think, really, know, make"
pc7ws78,3,"batman, superman, dcu, reeves, want, universe, gunn, dc"
pc7wlol,1,"hal, john, ring, lantern, green, sinestro, jordan, episode"
pc7whh8,0,"like, just, don, people, think, really, know, make"
pc7w4fg,3,"batman, superman, dcu, reeves, want, universe, gunn, dc"
pc7w0id,0,"like, just, don, people, think, really, know, make"
pc7vvwt,2,"movie, bad, superman, supergirl, best, great, wonder, gunn"
pc7vlc6,1,"hal, john, ring, lantern, green, sinestro, jordan, episode"
pc7vjr4,0,"like, just, don, people, think, really, know, make"
pc7vjc3,4,"good, movies, wonder, woman, wasn, looks, pretty, gal"
pc7vgtc,1,"hal, john, ring, lantern, green, sinestro, jordan, episode"
pc7vd4n,0,"like, just, don, people, think, really, know, make"
pc7v96i,3,"batman, superman, dcu, reeves, want, universe, gunn, dc"
pc7v5k8,0,"like, just, don, people, think, really, know, make"
pc7v544,1,"hal, john, ring, lantern, green, sinestro, jordan, episode"
pc7v3x0,2,"movie, bad, superman, supergirl, best, great, wonder, gunn"
pc7umx6,0,"like, just, don, people, think, really, know, make"
pc7umkd,0,"like, just, don, people, think, really, know, make"
pc7ul16,1,"hal, john, ring, lantern, green, sinestro, jordan, episode"
pc7ukw0,0,"like, just, don, people, think, really, know, make"
pc7u7b3,0,"like, just, don, people, think, really, know, make"
pc7u4rl,2,"movie, bad, superman, supergirl, best, great, wonder, gunn"
pc7tzgx,0,"like, just, don, people, think, really, know, make"
pc7ttr2,2,"movie, bad, superman, supergirl, best, great, wonder, gunn"
pc7tqnr,2,"movie, bad, superman, supergirl, best, great, wonder, gunn"
pc7tge0,1,"hal, john, ring, lantern, green, sinestro, jordan, episode"
pc7tg4p,0,"like, just, don, people, think, really, know, make"
pc7tcx4,1,"hal, john, ring, lantern, green, sinestro, jordan, episode"
pc7tbju,0,"like, just, don, people, think, really, know, make"
pc7t7j2,1,"hal, john, ring, lantern, green, sinestro, jordan, episode"
pc7syfo,1,"hal, john, ring, lantern, green, sinestro, jordan, episode"
pc7ssst,3,"batman, superman, dcu, reeves, want, universe, gunn, dc"
pc7sr8w,1,"hal, john, ring, lantern, green, sinestro, jordan, episode"
pc7sn2n,0,"like, just, don, people, think, really, know, make"
pc7sdmf,1,"hal, john, ring, lantern, green, sinestro, jordan, episode"
pc7s986,1,"hal, john, ring, lantern, green, sinestro, jordan, episode"
pc7s7uu,0,"like, just, don, people, think, really, know, make"
pc7ryko,0,"like, just, don, people, think, really, know, make"
pc7ry03,4,"good, movies, wonder, woman, wasn, looks, pretty, gal"
pc7rntb,0,"like, just, don, people, think, really, know, make"
pc7rndu,1,"hal, john, ring, lantern, green, sinestro, jordan, episode"
pc7q92j,1,"hal, john, ring, lantern, green, sinestro, jordan, episode"
pc7q5wp,1,"hal, john, ring, lantern, green, sinestro, jordan, episode"
pc7pxmc,0,"like, just, don, people, think, really, know, make"
pc7px2w,0,"like, just, don, people, think, really, know, make"
pc7pwn5,1,"hal, john, ring, lantern, green, sinestro, jordan, episode"
pc7pr4h,1,"hal, john, ring, lantern, green, sinestro, jordan, episode"
pc7pqd2,0,"like, just, don, people, think, really, know, make"
pc7pq8v,2,"movie, bad, superman, supergirl, best, great, wonder, gunn"
pc7pfmk,0,"like, just, don, people, think, really, know, make"
pc7pem5,3,"batman, superman, dcu, reeves, want, universe, gunn, dc"
pc7pe88,4,"good, movies, wonder, woman, wasn, looks, pretty, gal"
pc7p9v1,3,"batman, superman, dcu, reeves, want, universe, gunn, dc"
pc7p7mq,0,"like, just, don, people, think, really, know, make"
pc7p4ha,0,"like, just, don, people, think, really, know, make"
pc7p2ek,0,"like, just, don, people, think, really, know, make"
pc7p2at,1,"hal, john, ring, lantern, green, sinestro, jordan, episode"
pc7ot27,0,"like, just, don, people, think, really, know, make"
pc7olwx,0,"like, just, don, people, think, really, know, make"
pc7oclu,1,"hal, john, ring, lantern, green, sinestro, jordan, episode"
pc7oc4l,3,"batman, superman, dcu, reeves, want, universe, gunn, dc"
pc7obec,0,"like, just, don, people, think, really, know, make"
pc7o7y4,3,"batman, superman, dcu, reeves, want, universe, gunn, dc"
pc7o70i,0,"like, just, don, people, think, really, know, make"
pc7o6l8,1,"hal, john, ring, lantern, green, sinestro, jordan, episode"
pc7o1du,0,"like, just, don, people, think, really, know, make"
pc7o0ia,1,"hal, john, ring, lantern, green, sinestro, jordan, episode"
pc7nx1z,0,"like, just, don, people, think, really, know, make"
pc7naf8,0,"like, just, don, people, think, really, know, make"
pc7na6i,0,"like, just, don, people, think, really, know, make"
pc7mj3y,1,"hal, john, ring, lantern, green, sinestro, jordan, episode"
pc7mfwa,4,"good, movies, wonder, woman, wasn, looks, pretty, gal"
pc7m83b,3,"batman, superman, dcu, reeves, want, universe, gunn, dc"
pc7m47z,0,"like, just, don, people, think, really, know, make"
pc7lygm,0,"like, just, don, people, think, really, know, make"
pc7lvcc,1,"hal, john, ring, lantern, green, sinestro, jordan, episode"
pc7lfhd,0,"like, just, don, people, think, really, know, make"
pc7l8m8,0,"like, just, don, people, think, really, know, make"
pc7l56n,1,"hal, john, ring, lantern, green, sinestro, jordan, episode"
pc7l3r3,0,"like, just, don, people, think, really, know, make"
pc7l0f6,0,"like, just, don, people, think, really, know, make"
pc7jxsn,0,"like, just, don, people, think, really, know, make"
pc7jox9,0,"like, just, don, people, think, really, know, make"
pc7jmyh,0,"like, just, don, people, think, really, know, make"
pc7jjah,0,"like, just, don, people, think, really, know, make"
pc7jgnt,2,"movie, bad, superman, supergirl, best, great, wonder, gunn"
pc7jdpv,0,"like, just, don, people, think, really, know, make"
pc7j532,0,"like, just, don, people, think, really, know, make"
pc7ix14,0,"like, just, don, people, think, really, know, make"
pc7ifpd,0,"like, just, don, people, think, really, know, make"
pc7i8lo,0,"like, just, don, people, think, really, know, make"
pc7i7n6,0,"like, just, don, people, think, really, know, make"
pc7hx83,0,"like, just, don, people, think, really, know, make"
pc7hj1n,0,"like, just, don, people, think, really, know, make"
pc7hc63,0,"like, just, don, people, think, really, know, make"
pc7h996,0,"like, just, don, people, think, really, know, make"
pc7gv1b,1,"hal, john, ring, lantern, green, sinestro, jordan, episode"
pc7goev,0,"like, just, don, people, think, really, know, make"
pc7god7,3,"batman, superman, dcu, reeves, want, universe, gunn, dc"
pc7gbnv,0,"like, just, don, people, think, really, know, make"
pc7fjei,1,"hal, john, ring, lantern, green, sinestro, jordan, episode"
pc7f71i,0,"like, just, don, people, think, really, know, make"
pc7f28s,3,"batman, superman, dcu, reeves, want, universe, gunn, dc"
pc7eyel,2,"movie, bad, superman, supergirl, best, great, wonder, gunn"
pc7ewp2,1,"hal, john, ring, lantern, green, sinestro, jordan, episode"
pc7eiqc,1,"hal, john, ring, lantern, green, sinestro, jordan, episode"
pc7ehnt,0,"like, just, don, people, think, really, know, make"
pc7eg86,1,"hal, john, ring, lantern, green, sinestro, jordan, episode"
pc7e3ke,0,"like, just, don, people, think, really, know, make"
pc7e3a9,3,"batman, superman, dcu, reeves, want, universe, gunn, dc"
pc7cwoj,0,"like, just, don, people, think, really, know, make"
pc7cszt,0,"like, just, don, people, think, really, know, make"
pc7cjj5,0,"like, just, don, people, think, really, know, make"
pc7batr,0,"like, just, don, people, think, really, know, make"
pc7b9b7,1,"hal, john, ring, lantern, green, sinestro, jordan, episode"
pc7arri,0,"like, just, don, people, think, really, know, make"
pc7aqrc,1,"hal, john, ring, lantern, green, sinestro, jordan, episode"
pc7ap70,0,"like, just, don, people, think, really, know, make"
pc7aoi7,0,"like, just, don, people, think, really, know, make"
pc79r4s,3,"batman, superman, dcu, reeves, want, universe, gunn, dc"
pc792wt,0,"like, just, don, people, think, really, know, make"
pc78ala,1,"hal, john, ring, lantern, green, sinestro, jordan, episode"
pc78a7f,0,"like, just, don, people, think, really, know, make"
pc782uk,0,"like, just, don, people, think, really, know, make"
pc77pi6,0,"like, just, don, people, think, really, know, make"
pc77ou5,0,"like, just, don, people, think, really, know, make"
pc77jvk,0,"like, just, don, people, think, really, know, make"
pc775n6,2,"movie, bad, superman, supergirl, best, great, wonder, gunn"
pc76yx3,0,"like, just, don, people, think, really, know, make"
pc76ppt,3,"batman, superman, dcu, reeves, want, universe, gunn, dc"
pc76fav,0,"like, just, don, people, think, really, know, make"
pc76bwd,1,"hal, john, ring, lantern, green, sinestro, jordan, episode"
pc7619r,2,"movie, bad, superman, supergirl, best, great, wonder, gunn"
pc7604t,0,"like, just, don, people, think, really, know, make"
pc75r0e,0,"like, just, don, people, think, really, know, make"
pc75pp5,2,"movie, bad, superman, supergirl, best, great, wonder, gunn"
pc75mqr,4,"good, movies, wonder, woman, wasn, looks, pretty, gal"
pc757hy,1,"hal, john, ring, lantern, green, sinestro, jordan, episode"
pc74zrb,2,"movie, bad, superman, supergirl, best, great, wonder, gunn"
pc74zhf,2,"movie, bad, superman, supergirl, best, great, wonder, gunn"
pc74qry,2,"movie, bad, superman, supergirl, best, great, wonder, gunn"
pc74gbr,1,"hal, john, ring, lantern, green, sinestro, jordan, episode"
pc74fhi,1,"hal, john, ring, lantern, green, sinestro, jordan, episode"
pc74f60,0,"like, just, don, people, think, really, know, make"
pc74bnn,0,"like, just, don, people, think, really, know, make"
pc73pp2,2,"movie, bad, superman, supergirl, best, great, wonder, gunn"
pc73kl2,4,"good, movies, wonder, woman, wasn, looks, pretty, gal"
pc73hhm,3,"batman, superman, dcu, reeves, want, universe, gunn, dc"
pc73fbl,0,"like, just, don, people, think, really, know, make"
pc73exv,4,"good, movies, wonder, woman, wasn, looks, pretty, gal"
pc73du2,0,"like, just, don, people, think, really, know, make"
pc73a9a,0,"like, just, don, people, think, really, know, make"
pc734d2,0,"like, just, don, people, think, really, know, make"
pc72zxv,3,"batman, superman, dcu, reeves, want, universe, gunn, dc"
pc72w3g,1,"hal, john, ring, lantern, green, sinestro, jordan, episode"
pc72tfd,0,"like, just, don, people, think, really, know, make"
pc7271k,0,"like, just, don, people, think, really, know, make"
pc71p3f,0,"like, just, don, people, think, really, know, make"
pc71gd0,2,"movie, bad, superman, supergirl, best, great, wonder, gunn"
pc715nf,0,"like, just, don, people, think, really, know, make"
pc71284,0,"like, just, don, people, think, really, know, make"
pc70up4,0,"like, just, don, people, think, really, know, make"
pc6zymy,1,"hal, john, ring, lantern, green, sinestro, jordan, episode"
pc6zv6z,0,"like, just, don, people, think, really, know, make"
pc6zo0x,4,"good, movies, wonder, woman, wasn, looks, pretty, gal"
pc6zl5l,1,"hal, john, ring, lantern, green, sinestro, jordan, episode"
pc6zioe,1,"hal, john, ring, lantern, green, sinestro, jordan, episode"
pc6zh17,4,"good, movies, wonder, woman, wasn, looks, pretty, gal"
pc6zb8l,1,"hal, john, ring, lantern, green, sinestro, jordan, episode"
pc6yv00,0,"like, just, don, people, think, really, know, make"
pc6yum7,0,"like, just, don, people, think, really, know, make"
pc6yrgs,0,"like, just, don, people, think, really, know, make"
pc6yfp4,0,"like, just, don, people, think, really, know, make"
pc6xy8j,4,"good, movies, wonder, woman, wasn, looks, pretty, gal"
pc6xx85,0,"like, just, don, people, think, really, know, make"
pc6xwj9,0,"like, just, don, people, think, really, know, make"
pc6xj4o,2,"movie, bad, superman, supergirl, best, great, wonder, gunn"
pc6xi82,4,"good, movies, wonder, woman, wasn, looks, pretty, gal"
pc6xgj6,2,"movie, bad, superman, supergirl, best, great, wonder, gunn"
pc6xbky,0,"like, just, don, people, think, really, know, make"
pc6x37g,1,"hal, john, ring, lantern, green, sinestro, jordan, episode"
pc6wr29,0,"like, just, don, people, think, really, know, make"
pc6wqia,2,"movie, bad, superman, supergirl, best, great, wonder, gunn"
pc6wlq1,2,"movie, bad, superman, supergirl, best, great, wonder, gunn"
pc6w4sy,0,"like, just, don, people, think, really, know, make"
pc6w48w,2,"movie, bad, superman, supergirl, best, great, wonder, gunn"
pc6vj4v,0,"like, just, don, people, think, really, know, make"
pc6vhnd,2,"movie, bad, superman, supergirl, best, great, wonder, gunn"
pc6vh5q,0,"like, just, don, people, think, really, know, make"
pc6vegs,0,"like, just, don, people, think, really, know, make"
pc6vblg,0,"like, just, don, people, think, really, know, make"
pc6v1c1,1,"hal, john, ring, lantern, green, sinestro, jordan, episode"
pc6uuyz,3,"batman, superman, dcu, reeves, want, universe, gunn, dc"
pc6udq0,1,"hal, john, ring, lantern, green, sinestro, jordan, episode"
pc6u9rh,0,"like, just, don, people, think, really, know, make"
pc6u7lh,1,"hal, john, ring, lantern, green, sinestro, jordan, episode"
pc6u69w,2,"movie, bad, superman, supergirl, best, great, wonder, gunn"
pc6u1yh,1,"hal, john, ring, lantern, green, sinestro, jordan, episode"
pc6tzvc,3,"batman, superman, dcu, reeves, want, universe, gunn, dc"
pc6tm6k,0,"like, just, don, people, think, really, know, make"
pc6tj53,0,"like, just, don, people, think, really, know, make"
pc6tcah,0,"like, just, don, people, think, really, know, make"
pc6t4nt,2,"movie, bad, superman, supergirl, best, great, wonder, gunn"
pc6t32p,0,"like, just, don, people, think, really, know, make"
pc6spax,0,"like, just, don, people, think, really, know, make"
pc6smx0,0,"like, just, don, people, think, really, know, make"
pc6s8ny,1,"hal, john, ring, lantern, green, sinestro, jordan, episode"
pc6s7v3,1,"hal, john, ring, lantern, green, sinestro, jordan, episode"
pc6s7h2,0,"like, just, don, people, think, really, know, make"
pc6s252,0,"like, just, don, people, think, really, know, make"
pc6ryhq,0,"like, just, don, people, think, really, know, make"
pc6rv9h,0,"like, just, don, people, think, really, know, make"
pc6rm8o,0,"like, just, don, people, think, really, know, make"
pc6rhdv,2,"movie, bad, superman, supergirl, best, great, wonder, gunn"
pc6rfo1,0,"like, just, don, people, think, really, know, make"
pc6rekm,3,"batman, superman, dcu, reeves, want, universe, gunn, dc"
pc6re8p,0,"like, just, don, people, think, really, know, make"
pc6rau8,0,"like, just, don, people, think, really, know, make"
pc6r8ql,0,"like, just, don, people, think, really, know, make"
pc6r5lw,1,"hal, john, ring, lantern, green, sinestro, jordan, episode"
pc6r5f4,0,"like, just, don, people, think, really, know, make"
pc6r47l,0,"like, just, don, people, think, really, know, make"
pc6r2ps,1,"hal, john, ring, lantern, green, sinestro, jordan, episode"
pc6r2nr,0,"like, just, don, people, think, really, know, make"
pc6r190,0,"like, just, don, people, think, really, know, make"
pc6qy45,0,"like, just, don, people, think, really, know, make"
pc6qtc1,2,"movie, bad, superman, supergirl, best, great, wonder, gunn"
pc6qr4k,0,"like, just, don, people, think, really, know, make"
pc6qnrr,0,"like, just, don, people, think, really, know, make"
pc6qjjx,0,"like, just, don, people, think, really, know, make"
pc6qiwd,2,"movie, bad, superman, supergirl, best, great, wonder, gunn"
pc6qh9l,0,"like, just, don, people, think, really, know, make"
pc6qdgh,0,"like, just, don, people, think, really, know, make"
pc6qcxp,0,"like, just, don, people, think, really, know, make"
pc6q9u1,0,"like, just, don, people, think, really, know, make"
pc6q9ty,1,"hal, john, ring, lantern, green, sinestro, jordan, episode"
pc6q8lo,0,"like, just, don, people, think, really, know, make"
pc6q23h,4,"good, movies, wonder, woman, wasn, looks, pretty, gal"
pc6pvbq,1,"hal, john, ring, lantern, green, sinestro, jordan, episode"
pc6ptnp,1,"hal, john, ring, lantern, green, sinestro, jordan, episode"
pc6przz,0,"like, just, don, people, think, really, know, make"
pc6prqa,1,"hal, john, ring, lantern, green, sinestro, jordan, episode"
pc6pqvu,0,"like, just, don, people, think, really, know, make"
pc6pqj8,0,"like, just, don, people, think, really, know, make"
pc6pq5n,2,"movie, bad, superman, supergirl, best, great, wonder, gunn"
pc6pn8q,0,"like, just, don, people, think, really, know, make"
pc6pmzt,0,"like, just, don, people, think, really, know, make"
pc6pj3k,0,"like, just, don, people, think, really, know, make"
pc6pgnd,0,"like, just, don, people, think, really, know, make"
pc6pf2u,1,"hal, john, ring, lantern, green, sinestro, jordan, episode"
pc6pbn8,1,"hal, john, ring, lantern, green, sinestro, jordan, episode"
pc6pblh,0,"like, just, don, people, think, really, know, make"
pc6p8r1,3,"batman, superman, dcu, reeves, want, universe, gunn, dc"
pc6p753,0,"like, just, don, people, think, really, know, make"
pc6p48z,0,"like, just, don, people, think, really, know, make"
pc6p327,0,"like, just, don, people, think, really, know, make"
pc6p2om,0,"like, just, don, people, think, really, know, make"
pc6p26k,3,"batman, superman, dcu, reeves, want, universe, gunn, dc"
pc6oyu3,1,"hal, john, ring, lantern, green, sinestro, jordan, episode"
pc6oyc0,0,"like, just, don, people, think, really, know, make"
pc6ovw4,0,"like, just, don, people, think, really, know, make"
pc6oumi,0,"like, just, don, people, think, really, know, make"
pc6op4c,1,"hal, john, ring, lantern, green, sinestro, jordan, episode"
pc6on6n,0,"like, just, don, people, think, really, know, make"
pc6okbc,0,"like, just, don, people, think, really, know, make"
pc6oji7,1,"hal, john, ring, lantern, green, sinestro, jordan, episode"
pc6oil6,0,"like, just, don, people, think, really, know, make"
pc6ohmn,0,"like, just, don, people, think, really, know, make"
pc6odsn,1,"hal, john, ring, lantern, green, sinestro, jordan, episode"
pc6ob9k,0,"like, just, don, people, think, really, know, make"
pc6o9wb,0,"like, just, don, people, think, really, know, make"
pc6o87o,0,"like, just, don, people, think, really, know, make"
pc6o4qm,1,"hal, john, ring, lantern, green, sinestro, jordan, episode"
pc6o3p3,0,"like, just, don, people, think, really, know, make"
pc6o1w3,4,"good, movies, wonder, woman, wasn, looks, pretty, gal"
pc6o196,0,"like, just, don, people, think, really, know, make"
pc6o0ca,0,"like, just, don, people, think, really, know, make"
pc6nqwm,0,"like, just, don, people, think, really, know, make"
pc6nkux,1,"hal, john, ring, lantern, green, sinestro, jordan, episode"
pc6ncda,0,"like, just, don, people, think, really, know, make"
pc6n8q2,1,"hal, john, ring, lantern, green, sinestro, jordan, episode"
pc6n67r,0,"like, just, don, people, think, really, know, make"
pc6n10q,1,"hal, john, ring, lantern, green, sinestro, jordan, episode"
pc6mxly,0,"like, just, don, people, think, really, know, make"
pc6mx3b,1,"hal, john, ring, lantern, green, sinestro, jordan, episode"
pc6mw4b,3,"batman, superman, dcu, reeves, want, universe, gunn, dc"
pc6murs,0,"like, just, don, people, think, really, know, make"
pc6muai,1,"hal, john, ring, lantern, green, sinestro, jordan, episode"
pc6mt61,4,"good, movies, wonder, woman, wasn, looks, pretty, gal"
pc6ms0f,1,"hal, john, ring, lantern, green, sinestro, jordan, episode"
pc6mry5,1,"hal, john, ring, lantern, green, sinestro, jordan, episode"
pc6mnzw,0,"like, just, don, people, think, really, know, make"
pc6mlvi,1,"hal, john, ring, lantern, green, sinestro, jordan, episode"
pc6mh85,1,"hal, john, ring, lantern, green, sinestro, jordan, episode"
pc6mfcv,0,"like, just, don, people, think, really, know, make"
pc6me4e,1,"hal, john, ring, lantern, green, sinestro, jordan, episode"
pc6mdob,0,"like, just, don, people, think, really, know, make"
pc6mbt5,0,"like, just, don, people, think, really, know, make"
pc6m7yk,0,"like, just, don, people, think, really, know, make"
pc6m6v6,0,"like, just, don, people, think, really, know, make"
pc6m6ov,1,"hal, john, ring, lantern, green, sinestro, jordan, episode"
pc6m538,3,"batman, superman, dcu, reeves, want, universe, gunn, dc"
pc6m3q8,0,"like, just, don, people, think, really, know, make"
pc6m3l1,3,"batman, superman, dcu, reeves, want, universe, gunn, dc"
pc6lzn7,1,"hal, john, ring, lantern, green, sinestro, jordan, episode"
pc6luuf,1,"hal, john, ring, lantern, green, sinestro, jordan, episode"
pc6lssx,0,"like, just, don, people, think, really, know, make"
pc6lqfn,0,"like, just, don, people, think, really, know, make"
pc6lnfi,0,"like, just, don, people, think, really, know, make"
pc6lkcf,1,"hal, john, ring, lantern, green, sinestro, jordan, episode"
pc6lhxs,1,"hal, john, ring, lantern, green, sinestro, jordan, episode"
pc6lbvl,0,"like, just, don, people, think, really, know, make"
pc6l9p4,0,"like, just, don, people, think, really, know, make"
pc6l4vx,3,"batman, superman, dcu, reeves, want, universe, gunn, dc"
pc6l3bs,0,"like, just, don, people, think, really, know, make"
pc6kzir,4,"good, movies, wonder, woman, wasn, looks, pretty, gal"
pc6kwof,1,"hal, john, ring, lantern, green, sinestro, jordan, episode"
pc6kw35,1,"hal, john, ring, lantern, green, sinestro, jordan, episode"
pc6ku0j,1,"hal, john, ring, lantern, green, sinestro, jordan, episode"
pc6krc0,0,"like, just, don, people, think, really, know, make"
pc6kofo,1,"hal, john, ring, lantern, green, sinestro, jordan, episode"
pc6knfi,1,"hal, john, ring, lantern, green, sinestro, jordan, episode"
pc6kmtu,2,"movie, bad, superman, supergirl, best, great, wonder, gunn"
pc6kjri,0,"like, just, don, people, think, really, know, make"
pc6kci4,1,"hal, john, ring, lantern, green, sinestro, jordan, episode"
pc6kamt,1,"hal, john, ring, lantern, green, sinestro, jordan, episode"
pc6k87j,4,"good, movies, wonder, woman, wasn, looks, pretty, gal"
pc6k7g7,1,"hal, john, ring, lantern, green, sinestro, jordan, episode"
pc6k7dp,1,"hal, john, ring, lantern, green, sinestro, jordan, episode"
pc6k6xs,1,"hal, john, ring, lantern, green, sinestro, jordan, episode"
pc6k6c8,1,"hal, john, ring, lantern, green, sinestro, jordan, episode"
pc6k28p,0,"like, just, don, people, think, really, know, make"
pc6k0o6,1,"hal, john, ring, lantern, green, sinestro, jordan, episode"
pc6jwut,0,"like, just, don, people, think, really, know, make"
pc6jss6,0,"like, just, don, people, think, really, know, make"
pc6jq01,0,"like, just, don, people, think, really, know, make"
pc6jmht,0,"like, just, don, people, think, really, know, make"
pc6jmeo,3,"batman, superman, dcu, reeves, want, universe, gunn, dc"
pc6jiwo,1,"hal, john, ring, lantern, green, sinestro, jordan, episode"
pc6jgbt,0,"like, just, don, people, think, really, know, make"
pc6jdtn,0,"like, just, don, people, think, really, know, make"
pc6j9l2,0,"like, just, don, people, think, really, know, make"
pc6j2bv,1,"hal, john, ring, lantern, green, sinestro, jordan, episode"
pc6ioe8,0,"like, just, don, people, think, really, know, make"
pc6ic5l,0,"like, just, don, people, think, really, know, make"
pc6hq7y,2,"movie, bad, superman, supergirl, best, great, wonder, gunn"
pc6hmv5,4,"good, movies, wonder, woman, wasn, looks, pretty, gal"
pc6hbp1,3,"batman, superman, dcu, reeves, want, universe, gunn, dc"
pc6h2pr,0,"like, just, don, people, think, really, know, make"
pc6h0ii,0,"like, just, don, people, think, really, know, make"
pc6g2u3,2,"movie, bad, superman, supergirl, best, great, wonder, gunn"
pc6g0v1,3,"batman, superman, dcu, reeves, want, universe, gunn, dc"
pc6fwm6,3,"batman, superman, dcu, reeves, want, universe, gunn, dc"
pc6fpbz,2,"movie, bad, superman, supergirl, best, great, wonder, gunn"
pc6fki1,0,"like, just, don, people, think, really, know, make"
pc6fiqd,0,"like, just, don, people, think, really, know, make"
pc6f3zy,1,"hal, john, ring, lantern, green, sinestro, jordan, episode"
pc6ew67,3,"batman, superman, dcu, reeves, want, universe, gunn, dc"
pc6eoog,3,"batman, superman, dcu, reeves, want, universe, gunn, dc"
pc6eo83,0,"like, just, don, people, think, really, know, make"
pc6eo5t,1,"hal, john, ring, lantern, green, sinestro, jordan, episode"
pc6e86w,0,"like, just, don, people, think, really, know, make"
pc6e6nj,3,"batman, superman, dcu, reeves, want, universe, gunn, dc"
pc6dwlq,0,"like, just, don, people, think, really, know, make"
pc6d1mn,0,"like, just, don, people, think, really, know, make"
pc6d12c,1,"hal, john, ring, lantern, green, sinestro, jordan, episode"
pc6cxm9,1,"hal, john, ring, lantern, green, sinestro, jordan, episode"
pc6cxka,0,"like, just, don, people, think, really, know, make"
pc6cx1m,0,"like, just, don, people, think, really, know, make"
pc6ck94,4,"good, movies, wonder, woman, wasn, looks, pretty, gal"
pc6cg4d,1,"hal, john, ring, lantern, green, sinestro, jordan, episode"
pc6c66j,0,"like, just, don, people, think, really, know, make"
pc6c4uc,0,"like, just, don, people, think, really, know, make"
pc6b2e6,0,"like, just, don, people, think, really, know, make"
pc6a6am,4,"good, movies, wonder, woman, wasn, looks, pretty, gal"
pc69vpf,0,"like, just, don, people, think, really, know, make"
pc69qwc,0,"like, just, don, people, think, really, know, make"
pc69mgm,0,"like, just, don, people, think, really, know, make"
pc69kvv,0,"like, just, don, people, think, really, know, make"
pc699zp,1,"hal, john, ring, lantern, green, sinestro, jordan, episode"
pc699c7,2,"movie, bad, superman, supergirl, best, great, wonder, gunn"
pc68nla,0,"like, just, don, people, think, really, know, make"
pc687la,0,"like, just, don, people, think, really, know, make"
pc6871r,0,"like, just, don, people, think, really, know, make"
pc685yg,0,"like, just, don, people, think, really, know, make"
pc685b0,3,"batman, superman, dcu, reeves, want, universe, gunn, dc"
pc680ka,0,"like, just, don, people, think, really, know, make"
pc67vvh,3,"batman, superman, dcu, reeves, want, universe, gunn, dc"
pc67nam,0,"like, just, don, people, think, really, know, make"
pc67fvg,0,"like, just, don, people, think, really, know, make"
pc66rdg,3,"batman, superman, dcu, reeves, want, universe, gunn, dc"
pc66l3c,0,"like, just, don, people, think, really, know, make"
pc66f2a,0,"like, just, don, people, think, really, know, make"
pc65zku,2,"movie, bad, superman, supergirl, best, great, wonder, gunn"
pc65wy2,1,"hal, john, ring, lantern, green, sinestro, jordan, episode"
pc65teu,0,"like, just, don, people, think, really, know, make"
pc65pkj,0,"like, just, don, people, think, really, know, make"
pc65jrc,0,"like, just, don, people, think, really, know, make"
pc6522x,2,"movie, bad, superman, supergirl, best, great, wonder, gunn"
pc651v1,0,"like, just, don, people, think, really, know, make"
pc64vtg,0,"like, just, don, people, think, really, know, make"
pc64o4y,2,"movie, bad, superman, supergirl, best, great, wonder, gunn"
pc64fuz,0,"like, just, don, people, think, really, know, make"
pc63vj4,2,"movie, bad, superman, supergirl, best, great, wonder, gunn"
pc63t96,0,"like, just, don, people, think, really, know, make"
pc63rd8,0,"like, just, don, people, think, really, know, make"
pc63d8i,0,"like, just, don, people, think, really, know, make"
pc63aca,0,"like, just, don, people, think, really, know, make"
pc62jx1,3,"batman, superman, dcu, reeves, want, universe, gunn, dc"
pc62aps,2,"movie, bad, superman, supergirl, best, great, wonder, gunn"
pc628ox,0,"like, just, don, people, think, really, know, make"
pc624l6,0,"like, just, don, people, think, really, know, make"
pc620go,0,"like, just, don, people, think, really, know, make"
pc6207w,0,"like, just, don, people, think, really, know, make"
pc61td6,0,"like, just, don, people, think, really, know, make"
pc61hji,3,"batman, superman, dcu, reeves, want, universe, gunn, dc"
pc61fxs,2,"movie, bad, superman, supergirl, best, great, wonder, gunn"
pc612u6,1,"hal, john, ring, lantern, green, sinestro, jordan, episode"
pc60xna,0,"like, just, don, people, think, really, know, make"
pc60g3e,0,"like, just, don, people, think, really, know, make"
pc606b8,0,"like, just, don, people, think, really, know, make"
pc600lm,1,"hal, john, ring, lantern, green, sinestro, jordan, episode"
pc5zy10,3,"batman, superman, dcu, reeves, want, universe, gunn, dc"
pc5zwfe,0,"like, just, don, people, think, really, know, make"
pc5zkka,1,"hal, john, ring, lantern, green, sinestro, jordan, episode"
pc5zk9q,0,"like, just, don, people, think, really, know, make"
pc5za9l,1,"hal, john, ring, lantern, green, sinestro, jordan, episode"
pc5z6aw,2,"movie, bad, superman, supergirl, best, great, wonder, gunn"
pc5z3mb,2,"movie, bad, superman, supergirl, best, great, wonder, gunn"
pc5z3d7,0,"like, just, don, people, think, really, know, make"
pc5yzw7,0,"like, just, don, people, think, really, know, make"
pc5yyhm,0,"like, just, don, people, think, really, know, make"
pc5yxz1,0,"like, just, don, people, think, really, know, make"
pc5yuda,0,"like, just, don, people, think, really, know, make"
pc5yu7b,2,"movie, bad, superman, supergirl, best, great, wonder, gunn"
pc5ynml,3,"batman, superman, dcu, reeves, want, universe, gunn, dc"
pc5yl4e,3,"batman, superman, dcu, reeves, want, universe, gunn, dc"
pc5y2zj,0,"like, just, don, people, think, really, know, make"
pc5y2vi,1,"hal, john, ring, lantern, green, sinestro, jordan, episode"
pc5xzdu,0,"like, just, don, people, think, really, know, make"
pc5xxw1,0,"like, just, don, people, think, really, know, make"
pc5xqar,3,"batman, superman, dcu, reeves, want, universe, gunn, dc"
pc5xljs,0,"like, just, don, people, think, really, know, make"
pc5xkz7,3,"batman, superman, dcu, reeves, want, universe, gunn, dc"
pc5xjon,0,"like, just, don, people, think, really, know, make"
pc5xgfn,0,"like, just, don, people, think, really, know, make"
pc5xbj0,0,"like, just, don, people, think, really, know, make"
pc5x390,0,"like, just, don, people, think, really, know, make"
pc5wzq7,1,"hal, john, ring, lantern, green, sinestro, jordan, episode"
pc5ww0k,3,"batman, superman, dcu, reeves, want, universe, gunn, dc"
pc5wkpz,2,"movie, bad, superman, supergirl, best, great, wonder, gunn"
pc5whk2,2,"movie, bad, superman, supergirl, best, great, wonder, gunn"
pc5w4o2,0,"like, just, don, people, think, really, know, make"
pc5vto2,1,"hal, john, ring, lantern, green, sinestro, jordan, episode"
pc5vkqh,2,"movie, bad, superman, supergirl, best, great, wonder, gunn"
pc5vgk5,4,"good, movies, wonder, woman, wasn, looks, pretty, gal"
pc5vbkf,3,"batman, superman, dcu, reeves, want, universe, gunn, dc"
pc5usre,3,"batman, superman, dcu, reeves, want, universe, gunn, dc"
pc5tmv6,1,"hal, john, ring, lantern, green, sinestro, jordan, episode"
pc5tks4,3,"batman, superman, dcu, reeves, want, universe, gunn, dc"
pc5tjeq,0,"like, just, don, people, think, really, know, make"
pc5t5fg,1,"hal, john, ring, lantern, green, sinestro, jordan, episode"
pc5sil6,3,"batman, superman, dcu, reeves, want, universe, gunn, dc"
pc5sgpj,0,"like, just, don, people, think, really, know, make"
pc5sgnb,0,"like, just, don, people, think, really, know, make"
pc5s9km,0,"like, just, don, people, think, really, know, make"
pc5s91r,0,"like, just, don, people, think, really, know, make"
pc5s3g0,2,"movie, bad, superman, supergirl, best, great, wonder, gunn"
pc5rytf,0,"like, just, don, people, think, really, know, make"
pc5rw75,2,"movie, bad, superman, supergirl, best, great, wonder, gunn"
pc5rmov,3,"batman, superman, dcu, reeves, want, universe, gunn, dc"
pc5raf3,2,"movie, bad, superman, supergirl, best, great, wonder, gunn"
pc5r7f8,0,"like, just, don, people, think, really, know, make"
pc5qxl4,0,"like, just, don, people, think, really, know, make"
pc5qlnz,2,"movie, bad, superman, supergirl, best, great, wonder, gunn"
pc5qihy,2,"movie, bad, superman, supergirl, best, great, wonder, gunn"
pc5qic3,2,"movie, bad, superman, supergirl, best, great, wonder, gunn"
pc5qepk,4,"good, movies, wonder, woman, wasn, looks, pretty, gal"
pc5qdef,0,"like, just, don, people, think, really, know, make"
pc5q8su,3,"batman, superman, dcu, reeves, want, universe, gunn, dc"
pc5q59j,0,"like, just, don, people, think, really, know, make"
pc5pxwe,3,"batman, superman, dcu, reeves, want, universe, gunn, dc"
pc5pss2,0,"like, just, don, people, think, really, know, make"
pc5pdxp,2,"movie, bad, superman, supergirl, best, great, wonder, gunn"
pc5p0wb,0,"like, just, don, people, think, really, know, make"
pc5ok9z,2,"movie, bad, superman, supergirl, best, great, wonder, gunn"
pc5m65v,2,"movie, bad, superman, supergirl, best, great, wonder, gunn"
pc5m2wz,2,"movie, bad, superman, supergirl, best, great, wonder, gunn"
pc5m07n,0,"like, just, don, people, think, really, know, make"
pc5lpnw,3,"batman, superman, dcu, reeves, want, universe, gunn, dc"
pc5liq0,0,"like, just, don, people, think, really, know, make"
pc5lgzp,1,"hal, john, ring, lantern, green, sinestro, jordan, episode"
pc5lg8r,3,"batman, superman, dcu, reeves, want, universe, gunn, dc"
pc5l9kv,0,"like, just, don, people, think, really, know, make"
pc5l8zl,3,"batman, superman, dcu, reeves, want, universe, gunn, dc"
pc5l8yu,0,"like, just, don, people, think, really, know, make"
pc5l7uv,3,"batman, superman, dcu, reeves, want, universe, gunn, dc"
pc5kwao,0,"like, just, don, people, think, really, know, make"
pc5kw2v,0,"like, just, don, people, think, really, know, make"
pc5kvqt,0,"like, just, don, people, think, really, know, make"
pc5ku7m,4,"good, movies, wonder, woman, wasn, looks, pretty, gal"
pc5ktsf,0,"like, just, don, people, think, really, know, make"
pc5ksz6,0,"like, just, don, people, think, really, know, make"
pc5kqf8,0,"like, just, don, people, think, really, know, make"
pc5knxr,0,"like, just, don, people, think, really, know, make"
pc5kjxt,0,"like, just, don, people, think, really, know, make"
pc5kidw,2,"movie, bad, superman, supergirl, best, great, wonder, gunn"
pc5khgf,2,"movie, bad, superman, supergirl, best, great, wonder, gunn"
pc5kg8z,3,"batman, superman, dcu, reeves, want, universe, gunn, dc"
pc5k56c,0,"like, just, don, people, think, really, know, make"
pc5k4w1,0,"like, just, don, people, think, really, know, make"
pc5k3jb,2,"movie, bad, superman, supergirl, best, great, wonder, gunn"
pc5k1zl,0,"like, just, don, people, think, really, know, make"
pc5jypv,0,"like, just, don, people, think, really, know, make"
pc5jylp,0,"like, just, don, people, think, really, know, make"
pc5jxr7,3,"batman, superman, dcu, reeves, want, universe, gunn, dc"
pc5jwg8,0,"like, just, don, people, think, really, know, make"
pc5jw5b,1,"hal, john, ring, lantern, green, sinestro, jordan, episode"
pc5juj4,4,"good, movies, wonder, woman, wasn, looks, pretty, gal"
pc5jubn,0,"like, just, don, people, think, really, know, make"
pc5jtpu,2,"movie, bad, superman, supergirl, best, great, wonder, gunn"
pc5jrly,0,"like, just, don, people, think, really, know, make"
pc5jr6n,4,"good, movies, wonder, woman, wasn, looks, pretty, gal"
pc5jojm,0,"like, just, don, people, think, really, know, make"
pc5jnwf,0,"like, just, don, people, think, really, know, make"
pc5jngs,0,"like, just, don, people, think, really, know, make"
pc5jmpm,0,"like, just, don, people, think, really, know, make"
pc5jln1,0,"like, just, don, people, think, really, know, make"
pc5jjlh,2,"movie, bad, superman, supergirl, best, great, wonder, gunn"
pc5jj27,0,"like, just, don, people, think, really, know, make"
pc5jit7,0,"like, just, don, people, think, really, know, make"
pc5jibt,0,"like, just, don, people, think, really, know, make"
pc5jhin,3,"batman, superman, dcu, reeves, want, universe, gunn, dc"
pc5jh6q,0,"like, just, don, people, think, really, know, make"
pc5jh2t,1,"hal, john, ring, lantern, green, sinestro, jordan, episode"
pc5jh0x,0,"like, just, don, people, think, really, know, make"
pc5jfk6,0,"like, just, don, people, think, really, know, make"
pc5jd6j,0,"like, just, don, people, think, really, know, make"
pc5jd3n,1,"hal, john, ring, lantern, green, sinestro, jordan, episode"
pc5jcvf,1,"hal, john, ring, lantern, green, sinestro, jordan, episode"
pc5jctr,2,"movie, bad, superman, supergirl, best, great, wonder, gunn"
pc5jbzx,2,"movie, bad, superman, supergirl, best, great, wonder, gunn"
pc5j9xu,0,"like, just, don, people, think, really, know, make"
pc5j8fc,0,"like, just, don, people, think, really, know, make"
pc5j70n,0,"like, just, don, people, think, really, know, make"
pc5j5x6,2,"movie, bad, superman, supergirl, best, great, wonder, gunn"
pc5j4v4,3,"batman, superman, dcu, reeves, want, universe, gunn, dc"
pc5j48j,3,"batman, superman, dcu, reeves, want, universe, gunn, dc"
pc5j0cz,0,"like, just, don, people, think, really, know, make"
pc5j00k,1,"hal, john, ring, lantern, green, sinestro, jordan, episode"
pc5isi6,2,"movie, bad, superman, supergirl, best, great, wonder, gunn"
pc5iqbp,2,"movie, bad, superman, supergirl, best, great, wonder, gunn"
pc5iqe9,0,"like, just, don, people, think, really, know, make"
pc5iq0m,2,"movie, bad, superman, supergirl, best, great, wonder, gunn"
pc5ijrz,0,"like, just, don, people, think, really, know, make"
pc5ieyq,2,"movie, bad, superman, supergirl, best, great, wonder, gunn"
pc5i7xd,2,"movie, bad, superman, supergirl, best, great, wonder, gunn"
pc5i5v8,0,"like, just, don, people, think, really, know, make"
pc5i5tk,3,"batman, superman, dcu, reeves, want, universe, gunn, dc"
pc5i0mw,0,"like, just, don, people, think, really, know, make"
pc5hxof,4,"good, movies, wonder, woman, wasn, looks, pretty, gal"
pc5htj4,2,"movie, bad, superman, supergirl, best, great, wonder, gunn"
pc5hs9u,3,"batman, superman, dcu, reeves, want, universe, gunn, dc"
pc5hotv,0,"like, just, don, people, think, really, know, make"
pc5hm90,0,"like, just, don, people, think, really, know, make"
pc5hlu8,2,"movie, bad, superman, supergirl, best, great, wonder, gunn"
pc5hjin,2,"movie, bad, superman, supergirl, best, great, wonder, gunn"
pc5hic9,0,"like, just, don, people, think, really, know, make"
pc5hff3,2,"movie, bad, superman, supergirl, best, great, wonder, gunn"
pc5hdom,2,"movie, bad, superman, supergirl, best, great, wonder, gunn"
pc5h92d,0,"like, just, don, people, think, really, know, make"
pc5h6js,1,"hal, john, ring, lantern, green, sinestro, jordan, episode"
pc5h5rm,0,"like, just, don, people, think, really, know, make"
pc5gz9c,2,"movie, bad, superman, supergirl, best, great, wonder, gunn"
pc5gwx7,0,"like, just, don, people, think, really, know, make"
pc5gnd4,0,"like, just, don, people, think, really, know, make"
pc5fypc,2,"movie, bad, superman, supergirl, best, great, wonder, gunn"
pc5folw,4,"good, movies, wonder, woman, wasn, looks, pretty, gal"
pc5f756,0,"like, just, don, people, think, really, know, make"
pc5eqb8,2,"movie, bad, superman, supergirl, best, great, wonder, gunn"
pc5dtpq,2,"movie, bad, superman, supergirl, best, great, wonder, gunn"
pc5drjt,0,"like, just, don, people, think, really, know, make"
pc5d9uq,2,"movie, bad, superman, supergirl, best, great, wonder, gunn"
pc5d6re,0,"like, just, don, people, think, really, know, make"
pc5cxqt,3,"batman, superman, dcu, reeves, want, universe, gunn, dc"
pc5cvtr,0,"like, just, don, people, think, really, know, make"
pc5cacw,3,"batman, superman, dcu, reeves, want, universe, gunn, dc"
pc5c27n,2,"movie, bad, superman, supergirl, best, great, wonder, gunn"
pc5c17f,4,"good, movies, wonder, woman, wasn, looks, pretty, gal"
pc5bv1s,1,"hal, john, ring, lantern, green, sinestro, jordan, episode"
pc5bnhs,0,"like, just, don, people, think, really, know, make"
pc5bgyf,0,"like, just, don, people, think, really, know, make"
pc5b71o,0,"like, just, don, people, think, really, know, make"
pc5axke,0,"like, just, don, people, think, really, know, make"
pc5a5rz,0,"like, just, don, people, think, really, know, make"
pc5a0gw,0,"like, just, don, people, think, really, know, make"
pc59z6d,2,"movie, bad, superman, supergirl, best, great, wonder, gunn"
pc59wx7,1,"hal, john, ring, lantern, green, sinestro, jordan, episode"
pc59uvl,0,"like, just, don, people, think, really, know, make"
pc59qv0,2,"movie, bad, superman, supergirl, best, great, wonder, gunn"
pc59op7,0,"like, just, don, people, think, really, know, make"
pc59hrc,1,"hal, john, ring, lantern, green, sinestro, jordan, episode"
pc58yo8,0,"like, just, don, people, think, really, know, make"
pc58ua2,0,"like, just, don, people, think, really, know, make"
pc58gxn,3,"batman, superman, dcu, reeves, want, universe, gunn, dc"
pc57wr2,0,"like, just, don, people, think, really, know, make"
pc57vaa,2,"movie, bad, superman, supergirl, best, great, wonder, gunn"
pc57si9,3,"batman, superman, dcu, reeves, want, universe, gunn, dc"
pc57qia,2,"movie, bad, superman, supergirl, best, great, wonder, gunn"
pc57m9q,0,"like, just, don, people, think, really, know, make"
pc57jlr,2,"movie, bad, superman, supergirl, best, great, wonder, gunn"
pc57hkf,0,"like, just, don, people, think, really, know, make"
pc57g6v,1,"hal, john, ring, lantern, green, sinestro, jordan, episode"
pc57afb,3,"batman, superman, dcu, reeves, want, universe, gunn, dc"
pc571f8,0,"like, just, don, people, think, really, know, make"
pc56woj,2,"movie, bad, superman, supergirl, best, great, wonder, gunn"
pc56vie,1,"hal, john, ring, lantern, green, sinestro, jordan, episode"
pc56u1o,4,"good, movies, wonder, woman, wasn, looks, pretty, gal"
pc56iv6,0,"like, just, don, people, think, really, know, make"
pc56b6p,0,"like, just, don, people, think, really, know, make"
pc564yg,1,"hal, john, ring, lantern, green, sinestro, jordan, episode"
pc55r4u,0,"like, just, don, people, think, really, know, make"
pc55gbk,1,"hal, john, ring, lantern, green, sinestro, jordan, episode"
pc55g57,2,"movie, bad, superman, supergirl, best, great, wonder, gunn"
pc558xi,0,"like, just, don, people, think, really, know, make"
pc554ag,2,"movie, bad, superman, supergirl, best, great, wonder, gunn"
pc5510r,0,"like, just, don, people, think, really, know, make"
pc54zqg,2,"movie, bad, superman, supergirl, best, great, wonder, gunn"
pc54yez,0,"like, just, don, people, think, really, know, make"
pc54tzh,0,"like, just, don, people, think, really, know, make"
pc53efp,0,"like, just, don, people, think, really, know, make"
pc538fk,3,"batman, superman, dcu, reeves, want, universe, gunn, dc"
pc52zp4,3,"batman, superman, dcu, reeves, want, universe, gunn, dc"
pc52dz1,0,"like, just, don, people, think, really, know, make"
pc51vvd,3,"batman, superman, dcu, reeves, want, universe, gunn, dc"
pc51ro8,2,"movie, bad, superman, supergirl, best, great, wonder, gunn"
pc51r10,2,"movie, bad, superman, supergirl, best, great, wonder, gunn"
pc51q57,2,"movie, bad, superman, supergirl, best, great, wonder, gunn"
pc51k4t,0,"like, just, don, people, think, really, know, make"
pc51iil,1,"hal, john, ring, lantern, green, sinestro, jordan, episode"
pc51fka,2,"movie, bad, superman, supergirl, best, great, wonder, gunn"
pc51c83,2,"movie, bad, superman, supergirl, best, great, wonder, gunn"
pc519s9,0,"like, just, don, people, think, really, know, make"
pc51683,4,"good, movies, wonder, woman, wasn, looks, pretty, gal"
pc515v6,0,"like, just, don, people, think, really, know, make"
pc513u1,1,"hal, john, ring, lantern, green, sinestro, jordan, episode"
pc50sxo,0,"like, just, don, people, think, really, know, make"
pc5021d,0,"like, just, don, people, think, really, know, make"
pc4zkln,3,"batman, superman, dcu, reeves, want, universe, gunn, dc"
pc4yoxp,0,"like, just, don, people, think, really, know, make"
pc4yea5,2,"movie, bad, superman, supergirl, best, great, wonder, gunn"
pc4xiay,0,"like, just, don, people, think, really, know, make"
pc4xh2w,2,"movie, bad, superman, supergirl, best, great, wonder, gunn"
pc4xc5t,0,"like, just, don, people, think, really, know, make"
pc4wl32,4,"good, movies, wonder, woman, wasn, looks, pretty, gal"
pc4w4el,0,"like, just, don, people, think, really, know, make"
pc4vu9f,0,"like, just, don, people, think, really, know, make"
pc4vo7w,1,"hal, john, ring, lantern, green, sinestro, jordan, episode"
pc4vi39,1,"hal, john, ring, lantern, green, sinestro, jordan, episode"
pc4va83,3,"batman, superman, dcu, reeves, want, universe, gunn, dc"
pc4v8ag,4,"good, movies, wonder, woman, wasn, looks, pretty, gal"
pc4v7gc,3,"batman, superman, dcu, reeves, want, universe, gunn, dc"
pc4uwlk,1,"hal, john, ring, lantern, green, sinestro, jordan, episode"
pc4uqyp,3,"batman, superman, dcu, reeves, want, universe, gunn, dc"
pc4uqe8,3,"batman, superman, dcu, reeves, want, universe, gunn, dc"
pc4umbx,0,"like, just, don, people, think, really, know, make"
pc4ujme,0,"like, just, don, people, think, really, know, make"
pc4u8tc,0,"like, just, don, people, think, really, know, make"
pc4tf1k,0,"like, just, don, people, think, really, know, make"
pc4t38b,2,"movie, bad, superman, supergirl, best, great, wonder, gunn"
pc4siad,0,"like, just, don, people, think, really, know, make"
pc4sgbs,3,"batman, superman, dcu, reeves, want, universe, gunn, dc"
pc4sc4j,0,"like, just, don, people, think, really, know, make"
pc4rvmp,1,"hal, john, ring, lantern, green, sinestro, jordan, episode"
pc4rbbx,3,"batman, superman, dcu, reeves, want, universe, gunn, dc"
pc4qwfu,2,"movie, bad, superman, supergirl, best, great, wonder, gunn"
pc4qpss,4,"good, movies, wonder, woman, wasn, looks, pretty, gal"
pc4qi7t,1,"hal, john, ring, lantern, green, sinestro, jordan, episode"
pc4q6pb,0,"like, just, don, people, think, really, know, make"
pc4plum,0,"like, just, don, people, think, really, know, make"
pc4plkf,0,"like, just, don, people, think, really, know, make"
pc4os97,2,"movie, bad, superman, supergirl, best, great, wonder, gunn"
pc4o9o0,4,"good, movies, wonder, woman, wasn, looks, pretty, gal"
pc4nsva,1,"hal, john, ring, lantern, green, sinestro, jordan, episode"
pc4nl3a,2,"movie, bad, superman, supergirl, best, great, wonder, gunn"
pc4n6b2,0,"like, just, don, people, think, really, know, make"
pc4mlvt,0,"like, just, don, people, think, really, know, make"
pc4menn,1,"hal, john, ring, lantern, green, sinestro, jordan, episode"
pc4mcaw,3,"batman, superman, dcu, reeves, want, universe, gunn, dc"
pc4lyno,0,"like, just, don, people, think, really, know, make"
pc4lbn1,4,"good, movies, wonder, woman, wasn, looks, pretty, gal"
pc4l2ds,0,"like, just, don, people, think, really, know, make"
pc4kvzj,3,"batman, superman, dcu, reeves, want, universe, gunn, dc"
pc4klza,0,"like, just, don, people, think, really, know, make"
pc4kk49,0,"like, just, don, people, think, really, know, make"
pc4isan,0,"like, just, don, people, think, really, know, make"
pc4imaz,1,"hal, john, ring, lantern, green, sinestro, jordan, episode"
pc4igcd,0,"like, just, don, people, think, really, know, make"
pc4i381,4,"good, movies, wonder, woman, wasn, looks, pretty, gal"
pc4i2ex,3,"batman, superman, dcu, reeves, want, universe, gunn, dc"
pc4hvmh,3,"batman, superman, dcu, reeves, want, universe, gunn, dc"
pc4hu6s,1,"hal, john, ring, lantern, green, sinestro, jordan, episode"
pc4hr7c,0,"like, just, don, people, think, really, know, make"
pc4hq8r,2,"movie, bad, superman, supergirl, best, great, wonder, gunn"
pc4h70q,0,"like, just, don, people, think, really, know, make"
pc4h6fe,2,"movie, bad, superman, supergirl, best, great, wonder, gunn"
pc4gurg,2,"movie, bad, superman, supergirl, best, great, wonder, gunn"
pc4guc4,4,"good, movies, wonder, woman, wasn, looks, pretty, gal"
pc4geqk,0,"like, just, don, people, think, really, know, make"
pc4ga2c,0,"like, just, don, people, think, really, know, make"
pc4g9p4,0,"like, just, don, people, think, really, know, make"
pc4ftxg,0,"like, just, don, people, think, really, know, make"
pc4fobj,1,"hal, john, ring, lantern, green, sinestro, jordan, episode"
pc4fi8k,0,"like, just, don, people, think, really, know, make"
pc4f32a,4,"good, movies, wonder, woman, wasn, looks, pretty, gal"
pc4f2rg,0,"like, just, don, people, think, really, know, make"
pc4euul,3,"batman, superman, dcu, reeves, want, universe, gunn, dc"
pc4eryd,3,"batman, superman, dcu, reeves, want, universe, gunn, dc"
pc4ersi,0,"like, just, don, people, think, really, know, make"
pc4ep5x,3,"batman, superman, dcu, reeves, want, universe, gunn, dc"
pc4eiy2,2,"movie, bad, superman, supergirl, best, great, wonder, gunn"
pc4e4bu,0,"like, just, don, people, think, really, know, make"
pc4dz0y,1,"hal, john, ring, lantern, green, sinestro, jordan, episode"
pc4du60,0,"like, just, don, people, think, really, know, make"
pc4drz3,0,"like, just, don, people, think, really, know, make"
pc4dq6k,0,"like, just, don, people, think, really, know, make"
pc4dno5,1,"hal, john, ring, lantern, green, sinestro, jordan, episode"
pc4dkiv,0,"like, just, don, people, think, really, know, make"
pc4dfxv,0,"like, just, don, people, think, really, know, make"
pc4d2zf,1,"hal, john, ring, lantern, green, sinestro, jordan, episode"
pc4cxm3,0,"like, just, don, people, think, really, know, make"
pc4cwio,0,"like, just, don, people, think, really, know, make"
pc4cafs,1,"hal, john, ring, lantern, green, sinestro, jordan, episode"
pc4c3yp,4,"good, movies, wonder, woman, wasn, looks, pretty, gal"
pc4c3mw,4,"good, movies, wonder, woman, wasn, looks, pretty, gal"
pc4bsz7,3,"batman, superman, dcu, reeves, want, universe, gunn, dc"
pc4bn7l,2,"movie, bad, superman, supergirl, best, great, wonder, gunn"
pc4blh2,1,"hal, john, ring, lantern, green, sinestro, jordan, episode"
pc4bkek,0,"like, just, don, people, think, really, know, make"
pc4bjac,0,"like, just, don, people, think, really, know, make"
pc4bj5u,1,"hal, john, ring, lantern, green, sinestro, jordan, episode"
pc4b27c,0,"like, just, don, people, think, really, know, make"
pc4aozp,0,"like, just, don, people, think, really, know, make"
pc4agaj,0,"like, just, don, people, think, really, know, make"
pc4abq2,3,"batman, superman, dcu, reeves, want, universe, gunn, dc"
pc4abis,1,"hal, john, ring, lantern, green, sinestro, jordan, episode"
pc49hj1,4,"good, movies, wonder, woman, wasn, looks, pretty, gal"
pc49g1w,1,"hal, john, ring, lantern, green, sinestro, jordan, episode"
pc48vl6,0,"like, just, don, people, think, really, know, make"
pc48vg3,4,"good, movies, wonder, woman, wasn, looks, pretty, gal"
pc48ogj,0,"like, just, don, people, think, really, know, make"
pc48lii,2,"movie, bad, superman, supergirl, best, great, wonder, gunn"
pc48l8m,0,"like, just, don, people, think, really, know, make"
pc485dn,0,"like, just, don, people, think, really, know, make"
pc4805v,1,"hal, john, ring, lantern, green, sinestro, jordan, episode"
pc47vsa,3,"batman, superman, dcu, reeves, want, universe, gunn, dc"
pc47vcc,1,"hal, john, ring, lantern, green, sinestro, jordan, episode"
pc47p1y,2,"movie, bad, superman, supergirl, best, great, wonder, gunn"
pc47oq6,1,"hal, john, ring, lantern, green, sinestro, jordan, episode"
pc47mz3,1,"hal, john, ring, lantern, green, sinestro, jordan, episode"
pc47ghe,0,"like, just, don, people, think, really, know, make"
pc47ejy,0,"like, just, don, people, think, really, know, make"
pc47a6t,0,"like, just, don, people, think, really, know, make"
pc46o73,0,"like, just, don, people, think, really, know, make"
pc46ek4,3,"batman, superman, dcu, reeves, want, universe, gunn, dc"
pc46by2,0,"like, just, don, people, think, really, know, make"
pc4670v,3,"batman, superman, dcu, reeves, want, universe, gunn, dc"
pc463v9,0,"like, just, don, people, think, really, know, make"
pc45zac,0,"like, just, don, people, think, really, know, make"
pc45vgr,3,"batman, superman, dcu, reeves, want, universe, gunn, dc"
pc45um3,1,"hal, john, ring, lantern, green, sinestro, jordan, episode"
pc45shq,2,"movie, bad, superman, supergirl, best, great, wonder, gunn"
pc45n4y,0,"like, just, don, people, think, really, know, make"
pc45ep4,1,"hal, john, ring, lantern, green, sinestro, jordan, episode"
pc459sp,1,"hal, john, ring, lantern, green, sinestro, jordan, episode"
pc457zy,0,"like, just, don, people, think, really, know, make"
pc4534d,2,"movie, bad, superman, supergirl, best, great, wonder, gunn"
pc451o4,0,"like, just, don, people, think, really, know, make"
pc44skj,0,"like, just, don, people, think, really, know, make"
pc4464f,3,"batman, superman, dcu, reeves, want, universe, gunn, dc"
pc43zwg,0,"like, just, don, people, think, really, know, make"
pc43vyx,0,"like, just, don, people, think, really, know, make"
pc43k3g,2,"movie, bad, superman, supergirl, best, great, wonder, gunn"
pc42off,0,"like, just, don, people, think, really, know, make"
pc42nw4,0,"like, just, don, people, think, really, know, make"
pc42jyl,2,"movie, bad, superman, supergirl, best, great, wonder, gunn"
pc427ms,3,"batman, superman, dcu, reeves, want, universe, gunn, dc"
pc425cv,1,"hal, john, ring, lantern, green, sinestro, jordan, episode"
pc41v3g,1,"hal, john, ring, lantern, green, sinestro, jordan, episode"
pc41t95,3,"batman, superman, dcu, reeves, want, universe, gunn, dc"
pc41oab,0,"like, just, don, people, think, really, know, make"
pc41kob,0,"like, just, don, people, think, really, know, make"
pc41ih0,2,"movie, bad, superman, supergirl, best, great, wonder, gunn"
pc41gw5,1,"hal, john, ring, lantern, green, sinestro, jordan, episode"
pc417z5,0,"like, just, don, people, think, really, know, make"
pc411x3,0,"like, just, don, people, think, really, know, make"
pc40yqq,3,"batman, superman, dcu, reeves, want, universe, gunn, dc"
pc40pbq,1,"hal, john, ring, lantern, green, sinestro, jordan, episode"
pc408gr,3,"batman, superman, dcu, reeves, want, universe, gunn, dc"
pc4069g,0,"like, just, don, people, think, really, know, make"
pc3zytn,0,"like, just, don, people, think, really, know, make"
pc3znlg,0,"like, just, don, people, think, really, know, make"
pc3zmg6,1,"hal, john, ring, lantern, green, sinestro, jordan, episode"
pc3ziq5,1,"hal, john, ring, lantern, green, sinestro, jordan, episode"
pc3ziis,1,"hal, john, ring, lantern, green, sinestro, jordan, episode"
pc3zf2s,0,"like, just, don, people, think, really, know, make"
pc3z8wh,0,"like, just, don, people, think, really, know, make"
pc3z71p,0,"like, just, don, people, think, really, know, make"
pc3z67c,1,"hal, john, ring, lantern, green, sinestro, jordan, episode"
pc3z4ww,0,"like, just, don, people, think, really, know, make"
pc3z3ak,0,"like, just, don, people, think, really, know, make"
pc3yznu,0,"like, just, don, people, think, really, know, make"
pc3ywcm,1,"hal, john, ring, lantern, green, sinestro, jordan, episode"
pc3yw81,4,"good, movies, wonder, woman, wasn, looks, pretty, gal"
pc3ytcv,1,"hal, john, ring, lantern, green, sinestro, jordan, episode"
pc3ys6n,3,"batman, superman, dcu, reeves, want, universe, gunn, dc"
pc3ymq7,0,"like, just, don, people, think, really, know, make"
pc3yk4l,0,"like, just, don, people, think, really, know, make"
pc3yjje,1,"hal, john, ring, lantern, green, sinestro, jordan, episode"
pc3ydqq,0,"like, just, don, people, think, really, know, make"
pc3y4t4,1,"hal, john, ring, lantern, green, sinestro, jordan, episode"
pc3y0xv,0,"like, just, don, people, think, really, know, make"
pc3xt1o,0,"like, just, don, people, think, really, know, make"
pc3xqdr,1,"hal, john, ring, lantern, green, sinestro, jordan, episode"
pc3xoiv,0,"like, just, don, people, think, really, know, make"
pc3xf6b,0,"like, just, don, people, think, really, know, make"
pc3xcr8,0,"like, just, don, people, think, really, know, make"
pc3xbwf,3,"batman, superman, dcu, reeves, want, universe, gunn, dc"
pc3x9kh,3,"batman, superman, dcu, reeves, want, universe, gunn, dc"
pc3x7nm,0,"like, just, don, people, think, really, know, make"
pc3x6gy,0,"like, just, don, people, think, really, know, make"
pc3x66s,3,"batman, superman, dcu, reeves, want, universe, gunn, dc"
pc3x5qr,2,"movie, bad, superman, supergirl, best, great, wonder, gunn"
pc3x3nz,0,"like, just, don, people, think, really, know, make"
pc3x2ja,2,"movie, bad, superman, supergirl, best, great, wonder, gunn"
pc3x0o5,0,"like, just, don, people, think, really, know, make"
pc3wxe0,0,"like, just, don, people, think, really, know, make"
pc3wx7r,2,"movie, bad, superman, supergirl, best, great, wonder, gunn"
pc3wvyx,1,"hal, john, ring, lantern, green, sinestro, jordan, episode"
pc3wv11,0,"like, just, don, people, think, really, know, make"
pc3wqi4,4,"good, movies, wonder, woman, wasn, looks, pretty, gal"
pc3wna4,2,"movie, bad, superman, supergirl, best, great, wonder, gunn"
pc3wkbz,2,"movie, bad, superman, supergirl, best, great, wonder, gunn"
pc3wj6c,3,"batman, superman, dcu, reeves, want, universe, gunn, dc"
pc3wj52,0,"like, just, don, people, think, really, know, make"
pc3wgk5,4,"good, movies, wonder, woman, wasn, looks, pretty, gal"
pc3wdji,0,"like, just, don, people, think, really, know, make"
pc3wcpe,1,"hal, john, ring, lantern, green, sinestro, jordan, episode"
pc3wats,0,"like, just, don, people, think, really, know, make"
pc3w5x8,1,"hal, john, ring, lantern, green, sinestro, jordan, episode"
pc3w4hf,2,"movie, bad, superman, supergirl, best, great, wonder, gunn"
pc3vzmx,3,"batman, superman, dcu, reeves, want, universe, gunn, dc"
pc3vtz3,0,"like, just, don, people, think, really, know, make"
pc3vskz,0,"like, just, don, people, think, really, know, make"
pc3vpwi,2,"movie, bad, superman, supergirl, best, great, wonder, gunn"
pc3vjld,2,"movie, bad, superman, supergirl, best, great, wonder, gunn"
pc3vitw,1,"hal, john, ring, lantern, green, sinestro, jordan, episode"
pc3vh2i,0,"like, just, don, people, think, really, know, make"
pc3vc9v,1,"hal, john, ring, lantern, green, sinestro, jordan, episode"
pc3vc0p,0,"like, just, don, people, think, really, know, make"
pc3vbcv,0,"like, just, don, people, think, really, know, make"
pc3v6gh,2,"movie, bad, superman, supergirl, best, great, wonder, gunn"
pc3v3iq,2,"movie, bad, superman, supergirl, best, great, wonder, gunn"
pc3uvbm,0,"like, just, don, people, think, really, know, make"
pc3uqq8,3,"batman, superman, dcu, reeves, want, universe, gunn, dc"
pc3uqjv,0,"like, just, don, people, think, really, know, make"
pc3um7e,4,"good, movies, wonder, woman, wasn, looks, pretty, gal"
pc3uk85,1,"hal, john, ring, lantern, green, sinestro, jordan, episode"
pc3uj8k,1,"hal, john, ring, lantern, green, sinestro, jordan, episode"
pc3uj2n,0,"like, just, don, people, think, really, know, make"
pc3uidq,0,"like, just, don, people, think, really, know, make"
pc3ugde,0,"like, just, don, people, think, really, know, make"
pc3udqn,2,"movie, bad, superman, supergirl, best, great, wonder, gunn"
pc3u79k,2,"movie, bad, superman, supergirl, best, great, wonder, gunn"
pc3u6xv,0,"like, just, don, people, think, really, know, make"
pc3u60g,3,"batman, superman, dcu, reeves, want, universe, gunn, dc"
pc3u4n0,0,"like, just, don, people, think, really, know, make"
pc3u1mh,0,"like, just, don, people, think, really, know, make"
pc3twi9,4,"good, movies, wonder, woman, wasn, looks, pretty, gal"
pc3tqfd,0,"like, just, don, people, think, really, know, make"
pc3tpi5,0,"like, just, don, people, think, really, know, make"
pc3tod4,1,"hal, john, ring, lantern, green, sinestro, jordan, episode"
pc3tkh9,2,"movie, bad, superman, supergirl, best, great, wonder, gunn"
pc3tj5p,0,"like, just, don, people, think, really, know, make"
pc3tfuq,0,"like, just, don, people, think, really, know, make"
pc3tfig,2,"movie, bad, superman, supergirl, best, great, wonder, gunn"
pc3tevp,0,"like, just, don, people, think, really, know, make"
pc3tdtd,0,"like, just, don, people, think, really, know, make"
pc3t672,0,"like, just, don, people, think, really, know, make"
pc3t63m,0,"like, just, don, people, think, really, know, make"
pc3t0t2,1,"hal, john, ring, lantern, green, sinestro, jordan, episode"
pc3sxjm,0,"like, just, don, people, think, really, know, make"
pc3sw3w,0,"like, just, don, people, think, really, know, make"
pc3sus7,0,"like, just, don, people, think, really, know, make"
pc3soxe,1,"hal, john, ring, lantern, green, sinestro, jordan, episode"
pc3sjxt,0,"like, just, don, people, think, really, know, make"
pc3scwt,1,"hal, john, ring, lantern, green, sinestro, jordan, episode"
pc3s8i2,0,"like, just, don, people, think, really, know, make"
pc3s7a3,1,"hal, john, ring, lantern, green, sinestro, jordan, episode"
pc3s0d6,1,"hal, john, ring, lantern, green, sinestro, jordan, episode"
pc3rod4,1,"hal, john, ring, lantern, green, sinestro, jordan, episode"
pc3qujd,0,"like, just, don, people, think, really, know, make"
pc3qris,1,"hal, john, ring, lantern, green, sinestro, jordan, episode"
pc3qq47,0,"like, just, don, people, think, really, know, make"
pc3qlh7,3,"batman, superman, dcu, reeves, want, universe, gunn, dc"
pc3qld2,3,"batman, superman, dcu, reeves, want, universe, gunn, dc"
pc3ql7l,4,"good, movies, wonder, woman, wasn, looks, pretty, gal"
pc3qi9s,3,"batman, superman, dcu, reeves, want, universe, gunn, dc"
pc3q9sr,2,"movie, bad, superman, supergirl, best, great, wonder, gunn"
pc3q9e4,0,"like, just, don, people, think, really, know, make"
pc3pxs8,0,"like, just, don, people, think, really, know, make"
pc3pw7w,0,"like, just, don, people, think, really, know, make"
pc3pvqz,0,"like, just, don, people, think, really, know, make"
pc3ptf7,1,"hal, john, ring, lantern, green, sinestro, jordan, episode"
pc3ptfa,2,"movie, bad, superman, supergirl, best, great, wonder, gunn"
pc3pmoe,0,"like, just, don, people, think, really, know, make"
pc3pme4,4,"good, movies, wonder, woman, wasn, looks, pretty, gal"
pc3pjup,2,"movie, bad, superman, supergirl, best, great, wonder, gunn"
pc3pepo,0,"like, just, don, people, think, really, know, make"
pc3pa93,1,"hal, john, ring, lantern, green, sinestro, jordan, episode"
pc3p4mz,0,"like, just, don, people, think, really, know, make"
pc3p1ge,1,"hal, john, ring, lantern, green, sinestro, jordan, episode"
pc3ot8a,0,"like, just, don, people, think, really, know, make"
pc3ot52,3,"batman, superman, dcu, reeves, want, universe, gunn, dc"
pc3op7u,2,"movie, bad, superman, supergirl, best, great, wonder, gunn"
pc3odiq,1,"hal, john, ring, lantern, green, sinestro, jordan, episode"
pc3ob37,0,"like, just, don, people, think, really, know, make"
pc3oac0,3,"batman, superman, dcu, reeves, want, universe, gunn, dc"
pc3oa2f,0,"like, just, don, people, think, really, know, make"
pc3o84n,1,"hal, john, ring, lantern, green, sinestro, jordan, episode"
pc3o6bk,2,"movie, bad, superman, supergirl, best, great, wonder, gunn"
pc3o419,0,"like, just, don, people, think, really, know, make"
pc3ntou,0,"like, just, don, people, think, really, know, make"
pc3nlb8,1,"hal, john, ring, lantern, green, sinestro, jordan, episode"
pc3njev,0,"like, just, don, people, think, really, know, make"
pc3nf1g,2,"movie, bad, superman, supergirl, best, great, wonder, gunn"
pc3ndqm,3,"batman, superman, dcu, reeves, want, universe, gunn, dc"
pc3nckx,2,"movie, bad, superman, supergirl, best, great, wonder, gunn"
pc3nbh0,0,"like, just, don, people, think, really, know, make"
pc3n0v3,1,"hal, john, ring, lantern, green, sinestro, jordan, episode"
pc3mz29,0,"like, just, don, people, think, really, know, make"
pc3mvjv,0,"like, just, don, people, think, really, know, make"
pc3mvgl,4,"good, movies, wonder, woman, wasn, looks, pretty, gal"
pc3mv04,3,"batman, superman, dcu, reeves, want, universe, gunn, dc"
pc3mtu2,0,"like, just, don, people, think, really, know, make"
pc3mt7m,1,"hal, john, ring, lantern, green, sinestro, jordan, episode"
pc3mmtc,0,"like, just, don, people, think, really, know, make"
pc3mkk1,0,"like, just, don, people, think, really, know, make"
pc3mgie,3,"batman, superman, dcu, reeves, want, universe, gunn, dc"
pc3mg2i,2,"movie, bad, superman, supergirl, best, great, wonder, gunn"
pc3mdjf,0,"like, just, don, people, think, really, know, make"
pc3m7jt,0,"like, just, don, people, think, really, know, make"
pc3m5yx,1,"hal, john, ring, lantern, green, sinestro, jordan, episode"
pc3m5tc,4,"good, movies, wonder, woman, wasn, looks, pretty, gal"
pc3lzcl,2,"movie, bad, superman, supergirl, best, great, wonder, gunn"
pc3lxcj,2,"movie, bad, superman, supergirl, best, great, wonder, gunn"
pc3lx8l,0,"like, just, don, people, think, really, know, make"
pc3ltm1,0,"like, just, don, people, think, really, know, make"
pc3lrj8,1,"hal, john, ring, lantern, green, sinestro, jordan, episode"
pc3lmw3,1,"hal, john, ring, lantern, green, sinestro, jordan, episode"
pc3litm,3,"batman, superman, dcu, reeves, want, universe, gunn, dc"
pc3l8ka,1,"hal, john, ring, lantern, green, sinestro, jordan, episode"
pc3l8fw,0,"like, just, don, people, think, really, know, make"
pc3l1gj,0,"like, just, don, people, think, really, know, make"
pc3l1di,1,"hal, john, ring, lantern, green, sinestro, jordan, episode"
pc3l0yh,0,"like, just, don, people, think, really, know, make"
pc3kzhq,1,"hal, john, ring, lantern, green, sinestro, jordan, episode"
pc3kqkr,0,"like, just, don, people, think, really, know, make"
pc3kq62,0,"like, just, don, people, think, really, know, make"
pc3kook,1,"hal, john, ring, lantern, green, sinestro, jordan, episode"
pc3ko77,0,"like, just, don, people, think, really, know, make"
pc3khg7,1,"hal, john, ring, lantern, green, sinestro, jordan, episode"
pc3khbu,1,"hal, john, ring, lantern, green, sinestro, jordan, episode"
pc3jumq,0,"like, just, don, people, think, really, know, make"
pc3jsky,0,"like, just, don, people, think, really, know, make"
pc3jram,0,"like, just, don, people, think, really, know, make"
pc3jq0c,0,"like, just, don, people, think, really, know, make"
pc3jjxr,0,"like, just, don, people, think, really, know, make"
pc3jjf2,0,"like, just, don, people, think, really, know, make"
pc3jiek,0,"like, just, don, people, think, really, know, make"
pc3jhwk,1,"hal, john, ring, lantern, green, sinestro, jordan, episode"
pc3jb20,0,"like, just, don, people, think, really, know, make"
pc3j9zd,0,"like, just, don, people, think, really, know, make"
pc3j6cn,0,"like, just, don, people, think, really, know, make"
pc3j5h5,0,"like, just, don, people, think, really, know, make"
pc3j1yu,0,"like, just, don, people, think, really, know, make"
pc3iuav,0,"like, just, don, people, think, really, know, make"
pc3ipz5,0,"like, just, don, people, think, really, know, make"
pc3ipcb,2,"movie, bad, superman, supergirl, best, great, wonder, gunn"
pc3ii44,3,"batman, superman, dcu, reeves, want, universe, gunn, dc"
pc3ih86,0,"like, just, don, people, think, really, know, make"
pc3idh4,3,"batman, superman, dcu, reeves, want, universe, gunn, dc"
pc3ian6,0,"like, just, don, people, think, really, know, make"
pc3iak3,0,"like, just, don, people, think, really, know, make"
pc3i7h7,0,"like, just, don, people, think, really, know, make"
pc3hvxx,0,"like, just, don, people, think, really, know, make"
pc3hhmi,1,"hal, john, ring, lantern, green, sinestro, jordan, episode"
pc3h2ds,3,"batman, superman, dcu, reeves, want, universe, gunn, dc"
pc3gyds,1,"hal, john, ring, lantern, green, sinestro, jordan, episode"
pc3gxxc,0,"like, just, don, people, think, really, know, make"
pc3gqk1,0,"like, just, don, people, think, really, know, make"
pc3gmd7,0,"like, just, don, people, think, really, know, make"
pc3geov,1,"hal, john, ring, lantern, green, sinestro, jordan, episode"
pc3g882,3,"batman, superman, dcu, reeves, want, universe, gunn, dc"
pc3g2pe,0,"like, just, don, people, think, really, know, make"
pc3fxxu,0,"like, just, don, people, think, really, know, make"
pc3fwz9,0,"like, just, don, people, think, really, know, make"
pc3fnis,3,"batman, superman, dcu, reeves, want, universe, gunn, dc"
pc3fkut,0,"like, just, don, people, think, really, know, make"
pc3fbhj,3,"batman, superman, dcu, reeves, want, universe, gunn, dc"
pc3f084,3,"batman, superman, dcu, reeves, want, universe, gunn, dc"
pc3eyna,0,"like, just, don, people, think, really, know, make"
pc3eszk,1,"hal, john, ring, lantern, green, sinestro, jordan, episode"
pc3esif,0,"like, just, don, people, think, really, know, make"
pc3erbx,0,"like, just, don, people, think, really, know, make"
pc3eomu,1,"hal, john, ring, lantern, green, sinestro, jordan, episode"
pc3e7u5,1,"hal, john, ring, lantern, green, sinestro, jordan, episode"
pc3e2hg,0,"like, just, don, people, think, really, know, make"
pc3e1ix,3,"batman, superman, dcu, reeves, want, universe, gunn, dc"
pc3dx03,2,"movie, bad, superman, supergirl, best, great, wonder, gunn"
pc3dh61,0,"like, just, don, people, think, really, know, make"
pc3ctkq,4,"good, movies, wonder, woman, wasn, looks, pretty, gal"
pc3cfjj,3,"batman, superman, dcu, reeves, want, universe, gunn, dc"
pc3cdqi,1,"hal, john, ring, lantern, green, sinestro, jordan, episode"
pc3bq3h,0,"like, just, don, people, think, really, know, make"
pc3b734,0,"like, just, don, people, think, really, know, make"
pc3b2pu,3,"batman, superman, dcu, reeves, want, universe, gunn, dc"
pc3b1a7,0,"like, just, don, people, think, really, know, make"
pc3azn7,0,"like, just, don, people, think, really, know, make"
pc3aww5,2,"movie, bad, superman, supergirl, best, great, wonder, gunn"
pc3atlk,0,"like, just, don, people, think, really, know, make"
pc3al0c,1,"hal, john, ring, lantern, green, sinestro, jordan, episode"
pc3ajpf,3,"batman, superman, dcu, reeves, want, universe, gunn, dc"
pc3aa3r,0,"like, just, don, people, think, really, know, make"
pc3a5h7,2,"movie, bad, superman, supergirl, best, great, wonder, gunn"
pc3a466,1,"hal, john, ring, lantern, green, sinestro, jordan, episode"
pc3a3gj,0,"like, just, don, people, think, really, know, make"
pc39u0p,3,"batman, superman, dcu, reeves, want, universe, gunn, dc"
pc39k00,1,"hal, john, ring, lantern, green, sinestro, jordan, episode"
pc39b8s,0,"like, just, don, people, think, really, know, make"
pc39a9r,1,"hal, john, ring, lantern, green, sinestro, jordan, episode"
pc3979q,3,"batman, superman, dcu, reeves, want, universe, gunn, dc"
pc3921p,0,"like, just, don, people, think, really, know, make"
pc3916u,3,"batman, superman, dcu, reeves, want, universe, gunn, dc"
pc38nkj,2,"movie, bad, superman, supergirl, best, great, wonder, gunn"
pc38mt4,0,"like, just, don, people, think, really, know, make"
pc38lk8,0,"like, just, don, people, think, really, know, make"
pc38kgu,0,"like, just, don, people, think, really, know, make"
pc38j4t,1,"hal, john, ring, lantern, green, sinestro, jordan, episode"
pc38gqp,1,"hal, john, ring, lantern, green, sinestro, jordan, episode"
pc38dez,1,"hal, john, ring, lantern, green, sinestro, jordan, episode"
pc385uu,1,"hal, john, ring, lantern, green, sinestro, jordan, episode"
pc38089,3,"batman, superman, dcu, reeves, want, universe, gunn, dc"
pc37vkt,0,"like, just, don, people, think, really, know, make"
pc37pry,0,"like, just, don, people, think, really, know, make"
pc37ew2,2,"movie, bad, superman, supergirl, best, great, wonder, gunn"
pc37al3,1,"hal, john, ring, lantern, green, sinestro, jordan, episode"
pc378a9,1,"hal, john, ring, lantern, green, sinestro, jordan, episode"
pc36zry,0,"like, just, don, people, think, really, know, make"
pc36ndq,0,"like, just, don, people, think, really, know, make"
pc36n6k,4,"good, movies, wonder, woman, wasn, looks, pretty, gal"
pc36g0r,2,"movie, bad, superman, supergirl, best, great, wonder, gunn"
pc36ewe,2,"movie, bad, superman, supergirl, best, great, wonder, gunn"
pc35uk6,0,"like, just, don, people, think, really, know, make"
pc35t37,3,"batman, superman, dcu, reeves, want, universe, gunn, dc"
pc35gri,1,"hal, john, ring, lantern, green, sinestro, jordan, episode"
pc35g5t,0,"like, just, don, people, think, really, know, make"
pc35ek3,0,"like, just, don, people, think, really, know, make"
pc358pi,1,"hal, john, ring, lantern, green, sinestro, jordan, episode"
pc3551t,1,"hal, john, ring, lantern, green, sinestro, jordan, episode"
pc34vn9,0,"like, just, don, people, think, really, know, make"
pc34pb3,0,"like, just, don, people, think, really, know, make"
pc347g0,2,"movie, bad, superman, supergirl, best, great, wonder, gunn"
pc346x3,3,"batman, superman, dcu, reeves, want, universe, gunn, dc"
pc3468n,4,"good, movies, wonder, woman, wasn, looks, pretty, gal"
pc33vx0,1,"hal, john, ring, lantern, green, sinestro, jordan, episode"
pc33vne,1,"hal, john, ring, lantern, green, sinestro, jordan, episode"
pc33qxk,1,"hal, john, ring, lantern, green, sinestro, jordan, episode"
pc33l3q,2,"movie, bad, superman, supergirl, best, great, wonder, gunn"
pc33agb,4,"good, movies, wonder, woman, wasn, looks, pretty, gal"
pc337x4,1,"hal, john, ring, lantern, green, sinestro, jordan, episode"
pc334le,4,"good, movies, wonder, woman, wasn, looks, pretty, gal"
pc331as,3,"batman, superman, dcu, reeves, want, universe, gunn, dc"
pc32xd2,0,"like, just, don, people, think, really, know, make"
pc32pbz,3,"batman, superman, dcu, reeves, want, universe, gunn, dc"
pc32lzp,3,"batman, superman, dcu, reeves, want, universe, gunn, dc"
pc32i1f,3,"batman, superman, dcu, reeves, want, universe, gunn, dc"
pc32dzs,0,"like, just, don, people, think, really, know, make"
pc32czv,3,"batman, superman, dcu, reeves, want, universe, gunn, dc"
pc32bxo,3,"batman, superman, dcu, reeves, want, universe, gunn, dc"
pc32avv,0,"like, just, don, people, think, really, know, make"
pc324di,0,"like, just, don, people, think, really, know, make"
pc31zoq,0,"like, just, don, people, think, really, know, make"
pc31ym4,3,"batman, superman, dcu, reeves, want, universe, gunn, dc"
pc31qpi,0,"like, just, don, people, think, really, know, make"
pc31bi6,0,"like, just, don, people, think, really, know, make"
pc31afy,0,"like, just, don, people, think, really, know, make"
pc314ly,0,"like, just, don, people, think, really, know, make"
pc31255,1,"hal, john, ring, lantern, green, sinestro, jordan, episode"
pc30zqt,0,"like, just, don, people, think, really, know, make"
pc30z1p,1,"hal, john, ring, lantern, green, sinestro, jordan, episode"
pc30ui1,1,"hal, john, ring, lantern, green, sinestro, jordan, episode"
pc30ovr,1,"hal, john, ring, lantern, green, sinestro, jordan, episode"
pc30dpo,0,"like, just, don, people, think, really, know, make"
pc307fo,1,"hal, john, ring, lantern, green, sinestro, jordan, episode"
pc30615,1,"hal, john, ring, lantern, green, sinestro, jordan, episode"
pc2zx8z,0,"like, just, don, people, think, really, know, make"
pc2zsf9,3,"batman, superman, dcu, reeves, want, universe, gunn, dc"
pc2znk3,0,"like, just, don, people, think, really, know, make"
pc2zg3b,0,"like, just, don, people, think, really, know, make"
pc2zell,0,"like, just, don, people, think, really, know, make"
pc2z4li,0,"like, just, don, people, think, really, know, make"
pc2ytv2,0,"like, just, don, people, think, really, know, make"
pc2yoxs,1,"hal, john, ring, lantern, green, sinestro, jordan, episode"
pc2ymds,4,"good, movies, wonder, woman, wasn, looks, pretty, gal"
pc2ya8y,3,"batman, superman, dcu, reeves, want, universe, gunn, dc"
pc2y8mo,1,"hal, john, ring, lantern, green, sinestro, jordan, episode"
pc2y8fp,1,"hal, john, ring, lantern, green, sinestro, jordan, episode"
pc2y3h3,1,"hal, john, ring, lantern, green, sinestro, jordan, episode"
pc2xytp,3,"batman, superman, dcu, reeves, want, universe, gunn, dc"
pc2xsr3,1,"hal, john, ring, lantern, green, sinestro, jordan, episode"
pc2xq6v,0,"like, just, don, people, think, really, know, make"
pc2xkcv,0,"like, just, don, people, think, really, know, make"
pc2xgpw,1,"hal, john, ring, lantern, green, sinestro, jordan, episode"
pc2xcun,0,"like, just, don, people, think, really, know, make"
pc2x6vn,1,"hal, john, ring, lantern, green, sinestro, jordan, episode"
pc2wxfc,3,"batman, superman, dcu, reeves, want, universe, gunn, dc"
pc2wqlx,4,"good, movies, wonder, woman, wasn, looks, pretty, gal"
pc2wq83,1,"hal, john, ring, lantern, green, sinestro, jordan, episode"
pc2wpwb,0,"like, just, don, people, think, really, know, make"
pc2wjw1,0,"like, just, don, people, think, really, know, make"
pc2wgjx,2,"movie, bad, superman, supergirl, best, great, wonder, gunn"
pc2vtmw,2,"movie, bad, superman, supergirl, best, great, wonder, gunn"
pc2ve1w,0,"like, just, don, people, think, really, know, make"
pc2vdrg,1,"hal, john, ring, lantern, green, sinestro, jordan, episode"
pc2v586,0,"like, just, don, people, think, really, know, make"
pc2v3ui,0,"like, just, don, people, think, really, know, make"
pc2v0d6,1,"hal, john, ring, lantern, green, sinestro, jordan, episode"
pc2ux9e,3,"batman, superman, dcu, reeves, want, universe, gunn, dc"
pc2uqsu,0,"like, just, don, people, think, really, know, make"
pc2uqkp,2,"movie, bad, superman, supergirl, best, great, wonder, gunn"
pc2upvc,0,"like, just, don, people, think, really, know, make"
pc2u0bq,1,"hal, john, ring, lantern, green, sinestro, jordan, episode"
pc2tz0v,3,"batman, superman, dcu, reeves, want, universe, gunn, dc"
pc2txw3,0,"like, just, don, people, think, really, know, make"
pc2ttl8,0,"like, just, don, people, think, really, know, make"
pc2tsm2,0,"like, just, don, people, think, really, know, make"
pc2tp6r,1,"hal, john, ring, lantern, green, sinestro, jordan, episode"
pc2tod8,0,"like, just, don, people, think, really, know, make"
pc2sugf,1,"hal, john, ring, lantern, green, sinestro, jordan, episode"
pc2snht,3,"batman, superman, dcu, reeves, want, universe, gunn, dc"
pc2sn6y,3,"batman, superman, dcu, reeves, want, universe, gunn, dc"
pc2sema,1,"hal, john, ring, lantern, green, sinestro, jordan, episode"
pc2sbhw,0,"like, just, don, people, think, really, know, make"
pc2s7og,0,"like, just, don, people, think, really, know, make"
pc2s5cf,0,"like, just, don, people, think, really, know, make"
pc2rwyn,1,"hal, john, ring, lantern, green, sinestro, jordan, episode"
pc2rv89,3,"batman, superman, dcu, reeves, want, universe, gunn, dc"
pc2rcqn,2,"movie, bad, superman, supergirl, best, great, wonder, gunn"
pc2r27v,2,"movie, bad, superman, supergirl, best, great, wonder, gunn"
pc2qp9c,0,"like, just, don, people, think, really, know, make"
pc2qakr,0,"like, just, don, people, think, really, know, make"
pc2pwiu,4,"good, movies, wonder, woman, wasn, looks, pretty, gal"
pc2pwb3,0,"like, just, don, people, think, really, know, make"
pc2pqxs,0,"like, just, don, people, think, really, know, make"
pc2pgrh,1,"hal, john, ring, lantern, green, sinestro, jordan, episode"
pc2p28r,4,"good, movies, wonder, woman, wasn, looks, pretty, gal"
pc2oxgs,2,"movie, bad, superman, supergirl, best, great, wonder, gunn"
pc2otof,3,"batman, superman, dcu, reeves, want, universe, gunn, dc"
pc2op1d,3,"batman, superman, dcu, reeves, want, universe, gunn, dc"
pc2ompe,3,"batman, superman, dcu, reeves, want, universe, gunn, dc"
pc2ofkx,0,"like, just, don, people, think, really, know, make"
pc2od7k,1,"hal, john, ring, lantern, green, sinestro, jordan, episode"
pc2o8os,0,"like, just, don, people, think, really, know, make"
pc2nsw9,3,"batman, superman, dcu, reeves, want, universe, gunn, dc"
pc2nsko,1,"hal, john, ring, lantern, green, sinestro, jordan, episode"
pc2nl8r,0,"like, just, don, people, think, really, know, make"
pc2ngbi,2,"movie, bad, superman, supergirl, best, great, wonder, gunn"
pc2nezx,3,"batman, superman, dcu, reeves, want, universe, gunn, dc"
pc2ncjv,2,"movie, bad, superman, supergirl, best, great, wonder, gunn"
pc2n97e,0,"like, just, don, people, think, really, know, make"
pc2n5ya,0,"like, just, don, people, think, really, know, make"
pc2mx2c,1,"hal, john, ring, lantern, green, sinestro, jordan, episode"
pc2mx3j,1,"hal, john, ring, lantern, green, sinestro, jordan, episode"
pc2ms3v,3,"batman, superman, dcu, reeves, want, universe, gunn, dc"
pc2mpby,3,"batman, superman, dcu, reeves, want, universe, gunn, dc"
pc2mkym,1,"hal, john, ring, lantern, green, sinestro, jordan, episode"
pc2mdus,0,"like, just, don, people, think, really, know, make"
pc2m8yc,0,"like, just, don, people, think, really, know, make"
pc2m5ts,1,"hal, john, ring, lantern, green, sinestro, jordan, episode"
pc2m5k9,0,"like, just, don, people, think, really, know, make"
pc2m490,0,"like, just, don, people, think, really, know, make"
pc2m01v,0,"like, just, don, people, think, really, know, make"
pc2lxtx,0,"like, just, don, people, think, really, know, make"
pc2lxaa,3,"batman, superman, dcu, reeves, want, universe, gunn, dc"
pc2ls42,0,"like, just, don, people, think, really, know, make"
pc2lozz,0,"like, just, don, people, think, really, know, make"
pc2lo08,3,"batman, superman, dcu, reeves, want, universe, gunn, dc"
pc2ljez,0,"like, just, don, people, think, really, know, make"
pc2ler7,0,"like, just, don, people, think, really, know, make"
pc2l3fs,4,"good, movies, wonder, woman, wasn, looks, pretty, gal"
pc2l2ww,0,"like, just, don, people, think, really, know, make"
pc2l0v6,2,"movie, bad, superman, supergirl, best, great, wonder, gunn"
pc2l09c,3,"batman, superman, dcu, reeves, want, universe, gunn, dc"
pc2kysk,0,"like, just, don, people, think, really, know, make"
pc2kxdq,0,"like, just, don, people, think, really, know, make"
pc2ks6z,0,"like, just, don, people, think, really, know, make"
pc2ks4x,3,"batman, superman, dcu, reeves, want, universe, gunn, dc"
pc2kqwg,0,"like, just, don, people, think, really, know, make"
pc2kooj,1,"hal, john, ring, lantern, green, sinestro, jordan, episode"
pc2kn37,1,"hal, john, ring, lantern, green, sinestro, jordan, episode"
pc2kihw,1,"hal, john, ring, lantern, green, sinestro, jordan, episode"
pc2k65i,2,"movie, bad, superman, supergirl, best, great, wonder, gunn"
pc2k48v,3,"batman, superman, dcu, reeves, want, universe, gunn, dc"
pc2k2pr,3,"batman, superman, dcu, reeves, want, universe, gunn, dc"
pc2k1j2,4,"good, movies, wonder, woman, wasn, looks, pretty, gal"
pc2ju82,1,"hal, john, ring, lantern, green, sinestro, jordan, episode"
pc2jmio,0,"like, just, don, people, think, really, know, make"
pc2jf0x,3,"batman, superman, dcu, reeves, want, universe, gunn, dc"
pc2jegd,1,"hal, john, ring, lantern, green, sinestro, jordan, episode"
pc2jb5f,2,"movie, bad, superman, supergirl, best, great, wonder, gunn"
pc2jabk,2,"movie, bad, superman, supergirl, best, great, wonder, gunn"
pc2j742,1,"hal, john, ring, lantern, green, sinestro, jordan, episode"
pc2j6sn,0,"like, just, don, people, think, really, know, make"
pc2j6s7,1,"hal, john, ring, lantern, green, sinestro, jordan, episode"
pc2ity7,1,"hal, john, ring, lantern, green, sinestro, jordan, episode"
pc2iscs,0,"like, just, don, people, think, really, know, make"
pc2im6c,0,"like, just, don, people, think, really, know, make"
pc2iixf,0,"like, just, don, people, think, really, know, make"
pc2ifhu,0,"like, just, don, people, think, really, know, make"
pc2iffg,0,"like, just, don, people, think, really, know, make"
pc2icth,3,"batman, superman, dcu, reeves, want, universe, gunn, dc"
pc2i29t,1,"hal, john, ring, lantern, green, sinestro, jordan, episode"
pc2hwuw,0,"like, just, don, people, think, really, know, make"
pc2hky6,1,"hal, john, ring, lantern, green, sinestro, jordan, episode"
pc2hfrm,0,"like, just, don, people, think, really, know, make"
pc2h6zz,1,"hal, john, ring, lantern, green, sinestro, jordan, episode"
pc2h5kd,2,"movie, bad, superman, supergirl, best, great, wonder, gunn"
pc2gs4a,0,"like, just, don, people, think, really, know, make"
pc2goq8,3,"batman, superman, dcu, reeves, want, universe, gunn, dc"
pc2gkhm,0,"like, just, don, people, think, really, know, make"
pc2gim1,3,"batman, superman, dcu, reeves, want, universe, gunn, dc"
pc2gh1m,0,"like, just, don, people, think, really, know, make"
pc2gesp,0,"like, just, don, people, think, really, know, make"
pc2gdvn,0,"like, just, don, people, think, really, know, make"
pc2g9p9,1,"hal, john, ring, lantern, green, sinestro, jordan, episode"
pc2fymx,4,"good, movies, wonder, woman, wasn, looks, pretty, gal"
pc2fuc3,0,"like, just, don, people, think, really, know, make"
pc2fl2d,1,"hal, john, ring, lantern, green, sinestro, jordan, episode"
pc2fhpz,1,"hal, john, ring, lantern, green, sinestro, jordan, episode"
pc2fccr,4,"good, movies, wonder, woman, wasn, looks, pretty, gal"
pc2fc1z,0,"like, just, don, people, think, really, know, make"
pc2f81i,1,"hal, john, ring, lantern, green, sinestro, jordan, episode"
pc2f2ei,0,"like, just, don, people, think, really, know, make"
pc2ewbg,0,"like, just, don, people, think, really, know, make"
pc2eq4p,3,"batman, superman, dcu, reeves, want, universe, gunn, dc"
pc2ejv1,0,"like, just, don, people, think, really, know, make"
pc2eequ,0,"like, just, don, people, think, really, know, make"
pc2ec7q,0,"like, just, don, people, think, really, know, make"
pc2e5ks,1,"hal, john, ring, lantern, green, sinestro, jordan, episode"
pc2dkkv,1,"hal, john, ring, lantern, green, sinestro, jordan, episode"
pc2dfow,4,"good, movies, wonder, woman, wasn, looks, pretty, gal"
pc2dc4g,2,"movie, bad, superman, supergirl, best, great, wonder, gunn"
pc2dbpm,1,"hal, john, ring, lantern, green, sinestro, jordan, episode"
pc2d0f2,1,"hal, john, ring, lantern, green, sinestro, jordan, episode"
pc2cz3s,3,"batman, superman, dcu, reeves, want, universe, gunn, dc"
pc2cyvh,3,"batman, superman, dcu, reeves, want, universe, gunn, dc"
pc2cskw,0,"like, just, don, people, think, really, know, make"
pc2co9u,2,"movie, bad, superman, supergirl, best, great, wonder, gunn"
pc2cjpo,0,"like, just, don, people, think, really, know, make"
pc2ch6u,0,"like, just, don, people, think, really, know, make"
pc2cep0,0,"like, just, don, people, think, really, know, make"
pc2cbhi,0,"like, just, don, people, think, really, know, make"
pc2c9xl,0,"like, just, don, people, think, really, know, make"
pc2c3z8,0,"like, just, don, people, think, really, know, make"
pc2c1bv,2,"movie, bad, superman, supergirl, best, great, wonder, gunn"
pc2bz4f,0,"like, just, don, people, think, really, know, make"
pc2bxfc,0,"like, just, don, people, think, really, know, make"
pc2bvdv,2,"movie, bad, superman, supergirl, best, great, wonder, gunn"
pc2bu17,0,"like, just, don, people, think, really, know, make"
pc2bq4w,1,"hal, john, ring, lantern, green, sinestro, jordan, episode"
pc2bict,0,"like, just, don, people, think, really, know, make"
pc2bfdh,1,"hal, john, ring, lantern, green, sinestro, jordan, episode"
pc2bbz1,0,"like, just, don, people, think, really, know, make"
pc2bbpd,0,"like, just, don, people, think, really, know, make"
pc2b4ug,4,"good, movies, wonder, woman, wasn, looks, pretty, gal"
pc2b2l4,3,"batman, superman, dcu, reeves, want, universe, gunn, dc"
pc2az13,0,"like, just, don, people, think, really, know, make"
pc2ao7v,0,"like, just, don, people, think, really, know, make"
pc2ao5f,3,"batman, superman, dcu, reeves, want, universe, gunn, dc"
pc2a78u,0,"like, just, don, people, think, really, know, make"
pc29zy7,0,"like, just, don, people, think, really, know, make"
pc29k1d,1,"hal, john, ring, lantern, green, sinestro, jordan, episode"
pc29by9,0,"like, just, don, people, think, really, know, make"
pc28t1i,0,"like, just, don, people, think, really, know, make"
pc28hh5,0,"like, just, don, people, think, really, know, make"
pc28gwu,0,"like, just, don, people, think, really, know, make"
pc28f2n,0,"like, just, don, people, think, really, know, make"
pc28cod,0,"like, just, don, people, think, really, know, make"
pc280mj,4,"good, movies, wonder, woman, wasn, looks, pretty, gal"
pc27uqo,3,"batman, superman, dcu, reeves, want, universe, gunn, dc"
pc27l9b,3,"batman, superman, dcu, reeves, want, universe, gunn, dc"
pc27khh,2,"movie, bad, superman, supergirl, best, great, wonder, gunn"
pc27h7i,0,"like, just, don, people, think, really, know, make"
pc27byf,1,"hal, john, ring, lantern, green, sinestro, jordan, episode"
pc27b13,0,"like, just, don, people, think, really, know, make"
pc277c6,3,"batman, superman, dcu, reeves, want, universe, gunn, dc"
pc275ko,3,"batman, superman, dcu, reeves, want, universe, gunn, dc"
pc26zkr,1,"hal, john, ring, lantern, green, sinestro, jordan, episode"
pc26uc3,0,"like, just, don, people, think, really, know, make"
pc26t6x,0,"like, just, don, people, think, really, know, make"
pc26rn5,2,"movie, bad, superman, supergirl, best, great, wonder, gunn"
pc26ln6,1,"hal, john, ring, lantern, green, sinestro, jordan, episode"
pc26l97,1,"hal, john, ring, lantern, green, sinestro, jordan, episode"
pc26kss,1,"hal, john, ring, lantern, green, sinestro, jordan, episode"
pc26iug,0,"like, just, don, people, think, really, know, make"
pc26h67,0,"like, just, don, people, think, really, know, make"
pc269ye,1,"hal, john, ring, lantern, green, sinestro, jordan, episode"
pc269a0,3,"batman, superman, dcu, reeves, want, universe, gunn, dc"
pc266ml,1,"hal, john, ring, lantern, green, sinestro, jordan, episode"
pc265tq,0,"like, just, don, people, think, really, know, make"
pc2624x,1,"hal, john, ring, lantern, green, sinestro, jordan, episode"
pc2613r,3,"batman, superman, dcu, reeves, want, universe, gunn, dc"
pc25yvn,1,"hal, john, ring, lantern, green, sinestro, jordan, episode"
pc25woy,3,"batman, superman, dcu, reeves, want, universe, gunn, dc"
pc25vlj,1,"hal, john, ring, lantern, green, sinestro, jordan, episode"
pc25u5l,1,"hal, john, ring, lantern, green, sinestro, jordan, episode"
pc25tay,1,"hal, john, ring, lantern, green, sinestro, jordan, episode"
pc25p4w,0,"like, just, don, people, think, really, know, make"
pc25iiq,0,"like, just, don, people, think, really, know, make"
pc25ibn,3,"batman, superman, dcu, reeves, want, universe, gunn, dc"
pc25bhs,0,"like, just, don, people, think, really, know, make"
pc257sv,0,"like, just, don, people, think, really, know, make"
pc2547b,1,"hal, john, ring, lantern, green, sinestro, jordan, episode"
pc24wus,3,"batman, superman, dcu, reeves, want, universe, gunn, dc"
pc24ril,0,"like, just, don, people, think, really, know, make"
pc24nrx,2,"movie, bad, superman, supergirl, best, great, wonder, gunn"
pc24fwm,3,"batman, superman, dcu, reeves, want, universe, gunn, dc"
pc24ft2,3,"batman, superman, dcu, reeves, want, universe, gunn, dc"
pc24fhk,4,"good, movies, wonder, woman, wasn, looks, pretty, gal"
pc24d4n,0,"like, just, don, people, think, really, know, make"
pc24d2p,4,"good, movies, wonder, woman, wasn, looks, pretty, gal"
pc24aoj,3,"batman, superman, dcu, reeves, want, universe, gunn, dc"
pc2473j,0,"like, just, don, people, think, really, know, make"
pc245kz,0,"like, just, don, people, think, really, know, make"
pc244hk,0,"like, just, don, people, think, really, know, make"
pc24217,0,"like, just, don, people, think, really, know, make"
pc23zdg,0,"like, just, don, people, think, really, know, make"
pc23xes,1,"hal, john, ring, lantern, green, sinestro, jordan, episode"
pc23rdo,3,"batman, superman, dcu, reeves, want, universe, gunn, dc"
pc23nef,0,"like, just, don, people, think, really, know, make"
pc23mt4,1,"hal, john, ring, lantern, green, sinestro, jordan, episode"
pc23jdl,0,"like, just, don, people, think, really, know, make"
pc23h8r,0,"like, just, don, people, think, really, know, make"
pc23h3q,0,"like, just, don, people, think, really, know, make"
pc23eob,0,"like, just, don, people, think, really, know, make"
pc23dm9,0,"like, just, don, people, think, really, know, make"
pc23dls,2,"movie, bad, superman, supergirl, best, great, wonder, gunn"
pc237gb,0,"like, just, don, people, think, really, know, make"
pc22z3m,4,"good, movies, wonder, woman, wasn, looks, pretty, gal"
pc22y6o,0,"like, just, don, people, think, really, know, make"
pc22w7a,0,"like, just, don, people, think, really, know, make"
pc22l4q,1,"hal, john, ring, lantern, green, sinestro, jordan, episode"
pc22gtf,0,"like, just, don, people, think, really, know, make"
pc22a2n,0,"like, just, don, people, think, really, know, make"
pc224p3,0,"like, just, don, people, think, really, know, make"
pc21l4m,2,"movie, bad, superman, supergirl, best, great, wonder, gunn"
pc21ixg,3,"batman, superman, dcu, reeves, want, universe, gunn, dc"
pc21gd8,3,"batman, superman, dcu, reeves, want, universe, gunn, dc"
pc21ftu,0,"like, just, don, people, think, really, know, make"
pc21fqu,0,"like, just, don, people, think, really, know, make"
pc21c7i,0,"like, just, don, people, think, really, know, make"
pc21aju,3,"batman, superman, dcu, reeves, want, universe, gunn, dc"
pc21a2f,0,"like, just, don, people, think, really, know, make"
pc217jk,2,"movie, bad, superman, supergirl, best, great, wonder, gunn"
pc217b7,0,"like, just, don, people, think, really, know, make"
pc214hq,2,"movie, bad, superman, supergirl, best, great, wonder, gunn"
pc20zst,0,"like, just, don, people, think, really, know, make"
pc20pmu,0,"like, just, don, people, think, really, know, make"
pc20m2q,0,"like, just, don, people, think, really, know, make"
pc208v0,1,"hal, john, ring, lantern, green, sinestro, jordan, episode"
pc2082y,1,"hal, john, ring, lantern, green, sinestro, jordan, episode"
pc207db,3,"batman, superman, dcu, reeves, want, universe, gunn, dc"
pc206o4,0,"like, just, don, people, think, really, know, make"
pc205gz,0,"like, just, don, people, think, really, know, make"
pc200at,1,"hal, john, ring, lantern, green, sinestro, jordan, episode"
pc1zzet,0,"like, just, don, people, think, really, know, make"
pc1zz6y,0,"like, just, don, people, think, really, know, make"
pc1zwtl,0,"like, just, don, people, think, really, know, make"
pc1zumk,0,"like, just, don, people, think, really, know, make"
pc1zue2,0,"like, just, don, people, think, really, know, make"
pc1zt4t,1,"hal, john, ring, lantern, green, sinestro, jordan, episode"
pc1zopk,0,"like, just, don, people, think, really, know, make"
pc1zm2l,1,"hal, john, ring, lantern, green, sinestro, jordan, episode"
pc1zgoj,3,"batman, superman, dcu, reeves, want, universe, gunn, dc"
pc1z2u4,4,"good, movies, wonder, woman, wasn, looks, pretty, gal"
pc1yr3r,1,"hal, john, ring, lantern, green, sinestro, jordan, episode"
pc1yiob,0,"like, just, don, people, think, really, know, make"
pc1ydv9,0,"like, just, don, people, think, really, know, make"
pc1y2b5,0,"like, just, don, people, think, really, know, make"
pc1y1fi,2,"movie, bad, superman, supergirl, best, great, wonder, gunn"
pc1xp9o,0,"like, just, don, people, think, really, know, make"
pc1xlib,0,"like, just, don, people, think, really, know, make"
pc1xh1c,0,"like, just, don, people, think, really, know, make"
pc1xevq,0,"like, just, don, people, think, really, know, make"
pc1xa8d,3,"batman, superman, dcu, reeves, want, universe, gunn, dc"
pc1wspz,3,"batman, superman, dcu, reeves, want, universe, gunn, dc"
pc1wkqi,1,"hal, john, ring, lantern, green, sinestro, jordan, episode"
pc1wgt2,0,"like, just, don, people, think, really, know, make"
pc1wbkg,0,"like, just, don, people, think, really, know, make"
pc1wabo,3,"batman, superman, dcu, reeves, want, universe, gunn, dc"
pc1w6v2,0,"like, just, don, people, think, really, know, make"
pc1w0zi,0,"like, just, don, people, think, really, know, make"
pc1vtln,2,"movie, bad, superman, supergirl, best, great, wonder, gunn"
pc1vm6d,0,"like, just, don, people, think, really, know, make"
pc1vllb,0,"like, just, don, people, think, really, know, make"
pc1v9rv,2,"movie, bad, superman, supergirl, best, great, wonder, gunn"
pc1v2dt,0,"like, just, don, people, think, really, know, make"
pc1us9c,2,"movie, bad, superman, supergirl, best, great, wonder, gunn"
pc1uk5w,0,"like, just, don, people, think, really, know, make"
pc1u4e1,0,"like, just, don, people, think, really, know, make"
pc1u33h,0,"like, just, don, people, think, really, know, make"
pc1u2rj,3,"batman, superman, dcu, reeves, want, universe, gunn, dc"
pc1u1bu,0,"like, just, don, people, think, really, know, make"
pc1tzma,4,"good, movies, wonder, woman, wasn, looks, pretty, gal"
pc1tzi2,0,"like, just, don, people, think, really, know, make"
pc1tr9h,1,"hal, john, ring, lantern, green, sinestro, jordan, episode"
pc1tobe,0,"like, just, don, people, think, really, know, make"
pc1tkj7,1,"hal, john, ring, lantern, green, sinestro, jordan, episode"
pc1tio0,0,"like, just, don, people, think, really, know, make"
pc1t8h2,0,"like, just, don, people, think, really, know, make"
pc1t70c,0,"like, just, don, people, think, really, know, make"
pc1t2tg,0,"like, just, don, people, think, really, know, make"
pc1t1zw,0,"like, just, don, people, think, really, know, make"
pc1sw0h,0,"like, just, don, people, think, really, know, make"
pc1sowu,0,"like, just, don, people, think, really, know, make"
pc1so14,0,"like, just, don, people, think, really, know, make"
pc1snji,0,"like, just, don, people, think, really, know, make"
pc1sk3s,0,"like, just, don, people, think, really, know, make"
pc1sit6,3,"batman, superman, dcu, reeves, want, universe, gunn, dc"
pc1sdcv,0,"like, just, don, people, think, really, know, make"
pc1sbsk,3,"batman, superman, dcu, reeves, want, universe, gunn, dc"
pc1s50x,3,"batman, superman, dcu, reeves, want, universe, gunn, dc"
pc1rzc9,0,"like, just, don, people, think, really, know, make"
pc1rsl9,0,"like, just, don, people, think, really, know, make"
pc1rkog,1,"hal, john, ring, lantern, green, sinestro, jordan, episode"
pc1rhsx,0,"like, just, don, people, think, really, know, make"
pc1rade,0,"like, just, don, people, think, really, know, make"
pc1r6vo,0,"like, just, don, people, think, really, know, make"
pc1r3ez,4,"good, movies, wonder, woman, wasn, looks, pretty, gal"
pc1r20l,2,"movie, bad, superman, supergirl, best, great, wonder, gunn"
pc1qyh7,0,"like, just, don, people, think, really, know, make"
pc1q2rb,1,"hal, john, ring, lantern, green, sinestro, jordan, episode"
pc1q2iu,2,"movie, bad, superman, supergirl, best, great, wonder, gunn"
pc1pxdt,0,"like, just, don, people, think, really, know, make"
pc1puc6,0,"like, just, don, people, think, really, know, make"
pc1psyd,1,"hal, john, ring, lantern, green, sinestro, jordan, episode"
pc1ppu9,1,"hal, john, ring, lantern, green, sinestro, jordan, episode"
pc1pn8p,0,"like, just, don, people, think, really, know, make"
pc1p8xx,2,"movie, bad, superman, supergirl, best, great, wonder, gunn"
pc1p32e,1,"hal, john, ring, lantern, green, sinestro, jordan, episode"
pc1p20u,4,"good, movies, wonder, woman, wasn, looks, pretty, gal"
pc1ovtf,2,"movie, bad, superman, supergirl, best, great, wonder, gunn"
pc1ot4a,2,"movie, bad, superman, supergirl, best, great, wonder, gunn"
pc1oqe1,2,"movie, bad, superman, supergirl, best, great, wonder, gunn"
pc1oq99,3,"batman, superman, dcu, reeves, want, universe, gunn, dc"
pc1oiq1,0,"like, just, don, people, think, really, know, make"
pc1ofjw,3,"batman, superman, dcu, reeves, want, universe, gunn, dc"
pc1oen9,1,"hal, john, ring, lantern, green, sinestro, jordan, episode"
pc1oduk,0,"like, just, don, people, think, really, know, make"
pc1ob8e,2,"movie, bad, superman, supergirl, best, great, wonder, gunn"
pc1nxym,0,"like, just, don, people, think, really, know, make"
pc1nroq,2,"movie, bad, superman, supergirl, best, great, wonder, gunn"
pc1nqzt,3,"batman, superman, dcu, reeves, want, universe, gunn, dc"
pc1nntg,1,"hal, john, ring, lantern, green, sinestro, jordan, episode"
pc1nmdl,1,"hal, john, ring, lantern, green, sinestro, jordan, episode"
pc1njnz,0,"like, just, don, people, think, really, know, make"
pc1neta,3,"batman, superman, dcu, reeves, want, universe, gunn, dc"
pc1n4oh,3,"batman, superman, dcu, reeves, want, universe, gunn, dc"
pc1mwl4,0,"like, just, don, people, think, really, know, make"
pc1md44,0,"like, just, don, people, think, really, know, make"
pc1m93j,3,"batman, superman, dcu, reeves, want, universe, gunn, dc"
pc1m1bj,1,"hal, john, ring, lantern, green, sinestro, jordan, episode"
pc1luke,1,"hal, john, ring, lantern, green, sinestro, jordan, episode"
pc1lm6n,1,"hal, john, ring, lantern, green, sinestro, jordan, episode"
pc1lhw9,0,"like, just, don, people, think, really, know, make"
pc1l7gh,2,"movie, bad, superman, supergirl, best, great, wonder, gunn"
pc1l7cq,1,"hal, john, ring, lantern, green, sinestro, jordan, episode"
pc1l465,0,"like, just, don, people, think, really, know, make"
pc1l3ax,3,"batman, superman, dcu, reeves, want, universe, gunn, dc"
pc1l2h1,0,"like, just, don, people, think, really, know, make"
pc1l1wm,3,"batman, superman, dcu, reeves, want, universe, gunn, dc"
pc1l09v,1,"hal, john, ring, lantern, green, sinestro, jordan, episode"
pc1kyh3,2,"movie, bad, superman, supergirl, best, great, wonder, gunn"
pc1kvxp,2,"movie, bad, superman, supergirl, best, great, wonder, gunn"
pc1kkbr,2,"movie, bad, superman, supergirl, best, great, wonder, gunn"
pc1k9zw,1,"hal, john, ring, lantern, green, sinestro, jordan, episode"
pc1k9ru,2,"movie, bad, superman, supergirl, best, great, wonder, gunn"
pc1k6ed,1,"hal, john, ring, lantern, green, sinestro, jordan, episode"
pc1k67n,1,"hal, john, ring, lantern, green, sinestro, jordan, episode"
pc1k2dg,0,"like, just, don, people, think, really, know, make"
pc1jzc3,1,"hal, john, ring, lantern, green, sinestro, jordan, episode"
pc1jtk5,0,"like, just, don, people, think, really, know, make"
pc1jqmx,3,"batman, superman, dcu, reeves, want, universe, gunn, dc"
pc1jn29,1,"hal, john, ring, lantern, green, sinestro, jordan, episode"
pc1jghb,0,"like, just, don, people, think, really, know, make"
pc1jfga,3,"batman, superman, dcu, reeves, want, universe, gunn, dc"
pc1jen9,0,"like, just, don, people, think, really, know, make"
pc1jbkm,0,"like, just, don, people, think, really, know, make"
pc1j9bg,2,"movie, bad, superman, supergirl, best, great, wonder, gunn"
pc1j8st,1,"hal, john, ring, lantern, green, sinestro, jordan, episode"
pc1izjq,3,"batman, superman, dcu, reeves, want, universe, gunn, dc"
pc1iy46,4,"good, movies, wonder, woman, wasn, looks, pretty, gal"
pc1itp1,3,"batman, superman, dcu, reeves, want, universe, gunn, dc"
pc1itc0,0,"like, just, don, people, think, really, know, make"
pc1irjj,3,"batman, superman, dcu, reeves, want, universe, gunn, dc"
pc1ip5h,3,"batman, superman, dcu, reeves, want, universe, gunn, dc"
pc1ij3j,1,"hal, john, ring, lantern, green, sinestro, jordan, episode"
pc1i9po,0,"like, just, don, people, think, really, know, make"
pc1hvz6,0,"like, just, don, people, think, really, know, make"
pc1hv9q,2,"movie, bad, superman, supergirl, best, great, wonder, gunn"
pc1hv70,2,"movie, bad, superman, supergirl, best, great, wonder, gunn"
pc1huc7,0,"like, just, don, people, think, really, know, make"
pc1hkr3,0,"like, just, don, people, think, really, know, make"
pc1hith,1,"hal, john, ring, lantern, green, sinestro, jordan, episode"
pc1hey1,1,"hal, john, ring, lantern, green, sinestro, jordan, episode"
pc1heh9,2,"movie, bad, superman, supergirl, best, great, wonder, gunn"
pc1hdhn,3,"batman, superman, dcu, reeves, want, universe, gunn, dc"
pc1h7e2,0,"like, just, don, people, think, really, know, make"
pc1h618,3,"batman, superman, dcu, reeves, want, universe, gunn, dc"
pc1h1lg,3,"batman, superman, dcu, reeves, want, universe, gunn, dc"
pc1gukb,0,"like, just, don, people, think, really, know, make"
pc1gucq,3,"batman, superman, dcu, reeves, want, universe, gunn, dc"
pc1gs02,3,"batman, superman, dcu, reeves, want, universe, gunn, dc"
pc1gobq,0,"like, just, don, people, think, really, know, make"
pc1g804,2,"movie, bad, superman, supergirl, best, great, wonder, gunn"
pc1g4x8,3,"batman, superman, dcu, reeves, want, universe, gunn, dc"
pc1g2og,2,"movie, bad, superman, supergirl, best, great, wonder, gunn"
pc1fzcy,3,"batman, superman, dcu, reeves, want, universe, gunn, dc"
pc1fpa4,3,"batman, superman, dcu, reeves, want, universe, gunn, dc"
pc1fo4w,3,"batman, superman, dcu, reeves, want, universe, gunn, dc"
pc1fkzc,0,"like, just, don, people, think, really, know, make"
pc1fknu,3,"batman, superman, dcu, reeves, want, universe, gunn, dc"
pc1ffjv,2,"movie, bad, superman, supergirl, best, great, wonder, gunn"
pc1fddv,0,"like, just, don, people, think, really, know, make"
pc1ess3,3,"batman, superman, dcu, reeves, want, universe, gunn, dc"
pc1es74,0,"like, just, don, people, think, really, know, make"
pc1e9km,0,"like, just, don, people, think, really, know, make"
pc1e54i,3,"batman, superman, dcu, reeves, want, universe, gunn, dc"
pc1e4z1,0,"like, just, don, people, think, really, know, make"
pc1do2s,3,"batman, superman, dcu, reeves, want, universe, gunn, dc"
pc1dn2u,0,"like, just, don, people, think, really, know, make"
pc1di5o,4,"good, movies, wonder, woman, wasn, looks, pretty, gal"
pc1di3e,1,"hal, john, ring, lantern, green, sinestro, jordan, episode"
pc1dfp2,0,"like, just, don, people, think, really, know, make"
pc1dfgi,0,"like, just, don, people, think, really, know, make"
pc1d9vt,3,"batman, superman, dcu, reeves, want, universe, gunn, dc"
pc1d5up,1,"hal, john, ring, lantern, green, sinestro, jordan, episode"
pc1cz79,0,"like, just, don, people, think, really, know, make"
pc1cos8,0,"like, just, don, people, think, really, know, make"
pc1cmsj,2,"movie, bad, superman, supergirl, best, great, wonder, gunn"
pc1cdux,0,"like, just, don, people, think, really, know, make"
pc1bp5o,0,"like, just, don, people, think, really, know, make"
pc1bmqh,0,"like, just, don, people, think, really, know, make"
pc1bh2z,0,"like, just, don, people, think, really, know, make"
pc1bdfu,1,"hal, john, ring, lantern, green, sinestro, jordan, episode"
pc1ba5d,0,"like, just, don, people, think, really, know, make"
pc1b793,4,"good, movies, wonder, woman, wasn, looks, pretty, gal"
pc1ax11,1,"hal, john, ring, lantern, green, sinestro, jordan, episode"
pc1atic,0,"like, just, don, people, think, really, know, make"
pc1aqon,3,"batman, superman, dcu, reeves, want, universe, gunn, dc"
pc1ajmm,2,"movie, bad, superman, supergirl, best, great, wonder, gunn"
pc1aggw,1,"hal, john, ring, lantern, green, sinestro, jordan, episode"
pc1afq4,1,"hal, john, ring, lantern, green, sinestro, jordan, episode"
pc1adty,1,"hal, john, ring, lantern, green, sinestro, jordan, episode"
pc1a5qv,2,"movie, bad, superman, supergirl, best, great, wonder, gunn"
pc1a22g,1,"hal, john, ring, lantern, green, sinestro, jordan, episode"
pc19zfr,1,"hal, john, ring, lantern, green, sinestro, jordan, episode"
pc19fiu,1,"hal, john, ring, lantern, green, sinestro, jordan, episode"
pc195rg,0,"like, just, don, people, think, really, know, make"
pc18v2i,2,"movie, bad, superman, supergirl, best, great, wonder, gunn"
pc18h86,3,"batman, superman, dcu, reeves, want, universe, gunn, dc"
pc18ehx,2,"movie, bad, superman, supergirl, best, great, wonder, gunn"
pc189c9,0,"like, just, don, people, think, really, know, make"
pc17w4m,0,"like, just, don, people, think, really, know, make"
pc17pom,1,"hal, john, ring, lantern, green, sinestro, jordan, episode"
pc17nht,1,"hal, john, ring, lantern, green, sinestro, jordan, episode"
pc175rl,0,"like, just, don, people, think, really, know, make"
pc16x0l,3,"batman, superman, dcu, reeves, want, universe, gunn, dc"
pc16upr,0,"like, just, don, people, think, really, know, make"
pc16su2,3,"batman, superman, dcu, reeves, want, universe, gunn, dc"
pc16h83,1,"hal, john, ring, lantern, green, sinestro, jordan, episode"
pc168fw,0,"like, just, don, people, think, really, know, make"
pc162ag,3,"batman, superman, dcu, reeves, want, universe, gunn, dc"
pc15ynp,4,"good, movies, wonder, woman, wasn, looks, pretty, gal"
pc15xym,0,"like, just, don, people, think, really, know, make"
pc15vud,0,"like, just, don, people, think, really, know, make"
pc15qck,2,"movie, bad, superman, supergirl, best, great, wonder, gunn"
pc15pj9,3,"batman, superman, dcu, reeves, want, universe, gunn, dc"
pc15mnz,2,"movie, bad, superman, supergirl, best, great, wonder, gunn"
pc15hfq,0,"like, just, don, people, think, really, know, make"
pc15d17,3,"batman, superman, dcu, reeves, want, universe, gunn, dc"
pc15cnu,0,"like, just, don, people, think, really, know, make"
pc15351,3,"batman, superman, dcu, reeves, want, universe, gunn, dc"
pc14oby,1,"hal, john, ring, lantern, green, sinestro, jordan, episode"
pc14in8,0,"like, just, don, people, think, really, know, make"
pc14hpe,0,"like, just, don, people, think, really, know, make"
pc14cq8,3,"batman, superman, dcu, reeves, want, universe, gunn, dc"
pc146vq,3,"batman, superman, dcu, reeves, want, universe, gunn, dc"
pc1464s,3,"batman, superman, dcu, reeves, want, universe, gunn, dc"
pc144lv,4,"good, movies, wonder, woman, wasn, looks, pretty, gal"
pc1409m,3,"batman, superman, dcu, reeves, want, universe, gunn, dc"
pc13zsd,3,"batman, superman, dcu, reeves, want, universe, gunn, dc"
pc13yxe,1,"hal, john, ring, lantern, green, sinestro, jordan, episode"
pc13rou,3,"batman, superman, dcu, reeves, want, universe, gunn, dc"
pc13qzc,0,"like, just, don, people, think, really, know, make"
pc13g62,0,"like, just, don, people, think, really, know, make"
pc13e7q,0,"like, just, don, people, think, really, know, make"
pc1330z,1,"hal, john, ring, lantern, green, sinestro, jordan, episode"
pc131mx,0,"like, just, don, people, think, really, know, make"
pc12z4o,3,"batman, superman, dcu, reeves, want, universe, gunn, dc"
pc12xmk,0,"like, just, don, people, think, really, know, make"
pc12w0k,2,"movie, bad, superman, supergirl, best, great, wonder, gunn"
pc12qhn,0,"like, just, don, people, think, really, know, make"
pc12p6o,2,"movie, bad, superman, supergirl, best, great, wonder, gunn"
pc12o86,3,"batman, superman, dcu, reeves, want, universe, gunn, dc"
pc12gpg,0,"like, just, don, people, think, really, know, make"
pc12czo,3,"batman, superman, dcu, reeves, want, universe, gunn, dc"
pc128m7,1,"hal, john, ring, lantern, green, sinestro, jordan, episode"
pc1275c,1,"hal, john, ring, lantern, green, sinestro, jordan, episode"
pc126sn,3,"batman, superman, dcu, reeves, want, universe, gunn, dc"
pc125kw,0,"like, just, don, people, think, really, know, make"
pc1205b,0,"like, just, don, people, think, really, know, make"
pc11zki,0,"like, just, don, people, think, really, know, make"
pc11z9q,1,"hal, john, ring, lantern, green, sinestro, jordan, episode"
pc11z5w,0,"like, just, don, people, think, really, know, make"
pc11tb2,4,"good, movies, wonder, woman, wasn, looks, pretty, gal"
pc11sbd,0,"like, just, don, people, think, really, know, make"
pc11qlw,2,"movie, bad, superman, supergirl, best, great, wonder, gunn"
pc11q3o,3,"batman, superman, dcu, reeves, want, universe, gunn, dc"
pc11q3f,0,"like, just, don, people, think, really, know, make"
pc11pvl,0,"like, just, don, people, think, really, know, make"
pc11n8c,3,"batman, superman, dcu, reeves, want, universe, gunn, dc"
pc115ij,3,"batman, superman, dcu, reeves, want, universe, gunn, dc"
pc113da,3,"batman, superman, dcu, reeves, want, universe, gunn, dc"
pc10yx5,1,"hal, john, ring, lantern, green, sinestro, jordan, episode"
pc10hx6,3,"batman, superman, dcu, reeves, want, universe, gunn, dc"
pc10f8h,3,"batman, superman, dcu, reeves, want, universe, gunn, dc"
pc10e0q,0,"like, just, don, people, think, really, know, make"
pc10c2z,2,"movie, bad, superman, supergirl, best, great, wonder, gunn"
pc106as,0,"like, just, don, people, think, really, know, make"
pc104u2,0,"like, just, don, people, think, really, know, make"
pc102sz,3,"batman, superman, dcu, reeves, want, universe, gunn, dc"
pc102g4,3,"batman, superman, dcu, reeves, want, universe, gunn, dc"
pc0zzat,3,"batman, superman, dcu, reeves, want, universe, gunn, dc"
pc0zz15,1,"hal, john, ring, lantern, green, sinestro, jordan, episode"
pc0zvjv,3,"batman, superman, dcu, reeves, want, universe, gunn, dc"
pc0zv4c,0,"like, just, don, people, think, really, know, make"
pc0zsg6,0,"like, just, don, people, think, really, know, make"
pc0zomw,3,"batman, superman, dcu, reeves, want, universe, gunn, dc"
pc0zmlr,1,"hal, john, ring, lantern, green, sinestro, jordan, episode"
pc0zhlo,0,"like, just, don, people, think, really, know, make"
pc0zfv3,3,"batman, superman, dcu, reeves, want, universe, gunn, dc"
pc0ze7o,0,"like, just, don, people, think, really, know, make"
pc0z71r,1,"hal, john, ring, lantern, green, sinestro, jordan, episode"
pc0z5kw,0,"like, just, don, people, think, really, know, make"
pc0z0nx,0,"like, just, don, people, think, really, know, make"
pc0yz09,2,"movie, bad, superman, supergirl, best, great, wonder, gunn"
pc0yu2i,0,"like, just, don, people, think, really, know, make"
pc0ys3v,2,"movie, bad, superman, supergirl, best, great, wonder, gunn"
pc0yr2z,1,"hal, john, ring, lantern, green, sinestro, jordan, episode"
pc0yg3u,0,"like, just, don, people, think, really, know, make"
pc0yfsa,3,"batman, superman, dcu, reeves, want, universe, gunn, dc"
pc0y13g,0,"like, just, don, people, think, really, know, make"
pc0xwpq,0,"like, just, don, people, think, really, know, make"
pc0xw92,0,"like, just, don, people, think, really, know, make"
pc0xsy0,3,"batman, superman, dcu, reeves, want, universe, gunn, dc"
pc0xryc,0,"like, just, don, people, think, really, know, make"
pc0xrjl,0,"like, just, don, people, think, really, know, make"
pc0xr5h,0,"like, just, don, people, think, really, know, make"
pc0xr1o,1,"hal, john, ring, lantern, green, sinestro, jordan, episode"
pc0xnqq,1,"hal, john, ring, lantern, green, sinestro, jordan, episode"
pc0xmo1,0,"like, just, don, people, think, really, know, make"
pc0xlrd,3,"batman, superman, dcu, reeves, want, universe, gunn, dc"
pc0xhta,0,"like, just, don, people, think, really, know, make"
pc0xgyo,0,"like, just, don, people, think, really, know, make"
pc0x668,3,"batman, superman, dcu, reeves, want, universe, gunn, dc"
pc0wvl1,3,"batman, superman, dcu, reeves, want, universe, gunn, dc"
pc0wtrs,0,"like, just, don, people, think, really, know, make"
pc0wllt,2,"movie, bad, superman, supergirl, best, great, wonder, gunn"
pc0wjod,0,"like, just, don, people, think, really, know, make"
pc0wdss,3,"batman, superman, dcu, reeves, want, universe, gunn, dc"
pc0wdjl,1,"hal, john, ring, lantern, green, sinestro, jordan, episode"
pc0wbeh,3,"batman, superman, dcu, reeves, want, universe, gunn, dc"
pc0w7qb,3,"batman, superman, dcu, reeves, want, universe, gunn, dc"
pc0w6t7,0,"like, just, don, people, think, really, know, make"
pc0w00h,3,"batman, superman, dcu, reeves, want, universe, gunn, dc"
pc0vya7,2,"movie, bad, superman, supergirl, best, great, wonder, gunn"
pc0vqac,0,"like, just, don, people, think, really, know, make"
pc0vn22,1,"hal, john, ring, lantern, green, sinestro, jordan, episode"
pc0vm9k,0,"like, just, don, people, think, really, know, make"
pc0vif0,0,"like, just, don, people, think, really, know, make"
pc0vhfv,0,"like, just, don, people, think, really, know, make"
pc0vfzv,0,"like, just, don, people, think, really, know, make"
pc0vdyl,4,"good, movies, wonder, woman, wasn, looks, pretty, gal"
pc0vcku,1,"hal, john, ring, lantern, green, sinestro, jordan, episode"
pc0v9in,1,"hal, john, ring, lantern, green, sinestro, jordan, episode"
pc0v4v9,2,"movie, bad, superman, supergirl, best, great, wonder, gunn"
pc0v3wc,0,"like, just, don, people, think, really, know, make"
pc0v17c,3,"batman, superman, dcu, reeves, want, universe, gunn, dc"
pc0uyip,0,"like, just, don, people, think, really, know, make"
pc0uyjo,0,"like, just, don, people, think, really, know, make"
pc0uyhi,2,"movie, bad, superman, supergirl, best, great, wonder, gunn"
pc0ux2v,2,"movie, bad, superman, supergirl, best, great, wonder, gunn"
pc0uvct,3,"batman, superman, dcu, reeves, want, universe, gunn, dc"
pc0ut7z,3,"batman, superman, dcu, reeves, want, universe, gunn, dc"
pc0usoj,3,"batman, superman, dcu, reeves, want, universe, gunn, dc"
pc0uqz4,0,"like, just, don, people, think, really, know, make"
pc0up36,4,"good, movies, wonder, woman, wasn, looks, pretty, gal"
pc0uor2,0,"like, just, don, people, think, really, know, make"
pc0unk5,0,"like, just, don, people, think, really, know, make"
pc0umyq,0,"like, just, don, people, think, really, know, make"
pc0ulsf,3,"batman, superman, dcu, reeves, want, universe, gunn, dc"
pc0uhn6,0,"like, just, don, people, think, really, know, make"
pc0ug23,2,"movie, bad, superman, supergirl, best, great, wonder, gunn"
pc0uasp,0,"like, just, don, people, think, really, know, make"
pc0u5pr,3,"batman, superman, dcu, reeves, want, universe, gunn, dc"
pc0u21p,0,"like, just, don, people, think, really, know, make"
pc0tzv2,1,"hal, john, ring, lantern, green, sinestro, jordan, episode"
pc0tuv1,0,"like, just, don, people, think, really, know, make"
pc0tuaf,0,"like, just, don, people, think, really, know, make"
pc0tra8,3,"batman, superman, dcu, reeves, want, universe, gunn, dc"
pc0tpgh,0,"like, just, don, people, think, really, know, make"
pc0tmza,0,"like, just, don, people, think, really, know, make"
pc0thdj,1,"hal, john, ring, lantern, green, sinestro, jordan, episode"
pc0t8b2,3,"batman, superman, dcu, reeves, want, universe, gunn, dc"
pc0t6zs,1,"hal, john, ring, lantern, green, sinestro, jordan, episode"
pc0sjtw,0,"like, just, don, people, think, really, know, make"
pc0sd6w,0,"like, just, don, people, think, really, know, make"
pc0sa5m,0,"like, just, don, people, think, really, know, make"
pc0s987,0,"like, just, don, people, think, really, know, make"
pc0s893,0,"like, just, don, people, think, really, know, make"
pc0s6qy,0,"like, just, don, people, think, really, know, make"
pc0rp67,0,"like, just, don, people, think, really, know, make"
pc0rosg,0,"like, just, don, people, think, really, know, make"
pc0rkx4,0,"like, just, don, people, think, really, know, make"
pc0rihn,0,"like, just, don, people, think, really, know, make"
pc0rc0j,0,"like, just, don, people, think, really, know, make"
pc0qzv5,0,"like, just, don, people, think, really, know, make"
pc0qwb1,1,"hal, john, ring, lantern, green, sinestro, jordan, episode"
pc0qv49,2,"movie, bad, superman, supergirl, best, great, wonder, gunn"
pc0qu20,2,"movie, bad, superman, supergirl, best, great, wonder, gunn"
pc0qphr,4,"good, movies, wonder, woman, wasn, looks, pretty, gal"
pc0qo4p,0,"like, just, don, people, think, really, know, make"
pc0qkaj,3,"batman, superman, dcu, reeves, want, universe, gunn, dc"
pc0qfi1,0,"like, just, don, people, think, really, know, make"
pc0qbn4,0,"like, just, don, people, think, really, know, make"
pc0qapi,4,"good, movies, wonder, woman, wasn, looks, pretty, gal"
pc0qa16,2,"movie, bad, superman, supergirl, best, great, wonder, gunn"
pc0q4uq,0,"like, just, don, people, think, really, know, make"
pc0q2fu,4,"good, movies, wonder, woman, wasn, looks, pretty, gal"
pc0ppgq,2,"movie, bad, superman, supergirl, best, great, wonder, gunn"
pc0pouj,1,"hal, john, ring, lantern, green, sinestro, jordan, episode"
pc0plsb,3,"batman, superman, dcu, reeves, want, universe, gunn, dc"
pc0p63j,2,"movie, bad, superman, supergirl, best, great, wonder, gunn"
pc0oxev,3,"batman, superman, dcu, reeves, want, universe, gunn, dc"
pc0ovfn,3,"batman, superman, dcu, reeves, want, universe, gunn, dc"
pc0orpy,1,"hal, john, ring, lantern, green, sinestro, jordan, episode"
pc0oqy8,1,"hal, john, ring, lantern, green, sinestro, jordan, episode"
pc0om0g,2,"movie, bad, superman, supergirl, best, great, wonder, gunn"
pc0oetf,0,"like, just, don, people, think, really, know, make"
pc0occ4,0,"like, just, don, people, think, really, know, make"
pc0o7is,0,"like, just, don, people, think, really, know, make"
pc0o5ib,1,"hal, john, ring, lantern, green, sinestro, jordan, episode"
pc0nnck,3,"batman, superman, dcu, reeves, want, universe, gunn, dc"
pc0nlj0,1,"hal, john, ring, lantern, green, sinestro, jordan, episode"
pc0nj56,0,"like, just, don, people, think, really, know, make"
pc0nexl,0,"like, just, don, people, think, really, know, make"
pc0ndog,1,"hal, john, ring, lantern, green, sinestro, jordan, episode"
pc0n9ir,0,"like, just, don, people, think, really, know, make"
pc0n3y4,3,"batman, superman, dcu, reeves, want, universe, gunn, dc"
pc0n0wc,0,"like, just, don, people, think, really, know, make"
pc0mudy,0,"like, just, don, people, think, really, know, make"
pc0mtb2,1,"hal, john, ring, lantern, green, sinestro, jordan, episode"
pc0mpuv,3,"batman, superman, dcu, reeves, want, universe, gunn, dc"
pc0mplu,2,"movie, bad, superman, supergirl, best, great, wonder, gunn"
pc0mnin,2,"movie, bad, superman, supergirl, best, great, wonder, gunn"
pc0mmoe,3,"batman, superman, dcu, reeves, want, universe, gunn, dc"
pc0mjsh,0,"like, just, don, people, think, really, know, make"
pc0m98u,0,"like, just, don, people, think, really, know, make"
pc0m7ol,3,"batman, superman, dcu, reeves, want, universe, gunn, dc"
pc0m5wr,4,"good, movies, wonder, woman, wasn, looks, pretty, gal"
pc0m5pc,1,"hal, john, ring, lantern, green, sinestro, jordan, episode"
pc0m32o,0,"like, just, don, people, think, really, know, make"
pc0lzu4,1,"hal, john, ring, lantern, green, sinestro, jordan, episode"
pc0lvz3,0,"like, just, don, people, think, really, know, make"
pc0lokp,0,"like, just, don, people, think, really, know, make"
pc0ll0i,3,"batman, superman, dcu, reeves, want, universe, gunn, dc"
pc0lkx6,2,"movie, bad, superman, supergirl, best, great, wonder, gunn"
pc0ljme,1,"hal, john, ring, lantern, green, sinestro, jordan, episode"
pc0lizp,0,"like, just, don, people, think, really, know, make"
pc0lecl,3,"batman, superman, dcu, reeves, want, universe, gunn, dc"
pc0leeq,0,"like, just, don, people, think, really, know, make"
pc0ld20,4,"good, movies, wonder, woman, wasn, looks, pretty, gal"
pc0lbuz,0,"like, just, don, people, think, really, know, make"
pc0l8yy,2,"movie, bad, superman, supergirl, best, great, wonder, gunn"
pc0l4mb,0,"like, just, don, people, think, really, know, make"
pc0l2cn,0,"like, just, don, people, think, really, know, make"
pc0kyv3,0,"like, just, don, people, think, really, know, make"
pc0kvu2,3,"batman, superman, dcu, reeves, want, universe, gunn, dc"
pc0kvbz,3,"batman, superman, dcu, reeves, want, universe, gunn, dc"
pc0ku9y,2,"movie, bad, superman, supergirl, best, great, wonder, gunn"
pc0krqu,2,"movie, bad, superman, supergirl, best, great, wonder, gunn"
pc0kq7d,0,"like, just, don, people, think, really, know, make"
pc0knk1,0,"like, just, don, people, think, really, know, make"
pc0kn8z,3,"batman, superman, dcu, reeves, want, universe, gunn, dc"
pc0km5o,0,"like, just, don, people, think, really, know, make"
pc0kkl6,0,"like, just, don, people, think, really, know, make"
pc0kk5o,2,"movie, bad, superman, supergirl, best, great, wonder, gunn"
pc0khfu,0,"like, just, don, people, think, really, know, make"
pc0k1zr,0,"like, just, don, people, think, really, know, make"
pc0k1a7,1,"hal, john, ring, lantern, green, sinestro, jordan, episode"
pc0jzdi,0,"like, just, don, people, think, really, know, make"
pc0jwag,1,"hal, john, ring, lantern, green, sinestro, jordan, episode"
pc0jvcp,0,"like, just, don, people, think, really, know, make"
pc0jug4,3,"batman, superman, dcu, reeves, want, universe, gunn, dc"
pc0jsqk,1,"hal, john, ring, lantern, green, sinestro, jordan, episode"
pc0jpnf,1,"hal, john, ring, lantern, green, sinestro, jordan, episode"
pc0joxk,0,"like, just, don, people, think, really, know, make"
pc0jjh9,0,"like, just, don, people, think, really, know, make"
pc0jh5v,0,"like, just, don, people, think, really, know, make"
pc0jfa5,0,"like, just, don, people, think, really, know, make"
pc0jb01,2,"movie, bad, superman, supergirl, best, great, wonder, gunn"
pc0j99t,3,"batman, superman, dcu, reeves, want, universe, gunn, dc"
pc0j8r9,2,"movie, bad, superman, supergirl, best, great, wonder, gunn"
pc0j3en,0,"like, just, don, people, think, really, know, make"
pc0j11w,3,"batman, superman, dcu, reeves, want, universe, gunn, dc"
pc0j12e,0,"like, just, don, people, think, really, know, make"
pc0iwpc,1,"hal, john, ring, lantern, green, sinestro, jordan, episode"
pc0iq7t,0,"like, just, don, people, think, really, know, make"
pc0iq3v,0,"like, just, don, people, think, really, know, make"
pc0im2g,0,"like, just, don, people, think, really, know, make"
pc0ilv2,0,"like, just, don, people, think, really, know, make"
pc0ikko,0,"like, just, don, people, think, really, know, make"
pc0ijfa,0,"like, just, don, people, think, really, know, make"
pc0igqo,3,"batman, superman, dcu, reeves, want, universe, gunn, dc"
pc0ig7f,1,"hal, john, ring, lantern, green, sinestro, jordan, episode"
pc0iddc,0,"like, just, don, people, think, really, know, make"
pc0i9at,3,"batman, superman, dcu, reeves, want, universe, gunn, dc"
pc0i5n6,0,"like, just, don, people, think, really, know, make"
pc0i51e,2,"movie, bad, superman, supergirl, best, great, wonder, gunn"
pc0i3qm,0,"like, just, don, people, think, really, know, make"
pc0i3gj,2,"movie, bad, superman, supergirl, best, great, wonder, gunn"
pc0i3av,0,"like, just, don, people, think, really, know, make"
pc0i2kd,0,"like, just, don, people, think, really, know, make"
pc0i2e5,3,"batman, superman, dcu, reeves, want, universe, gunn, dc"
pc0i28h,3,"batman, superman, dcu, reeves, want, universe, gunn, dc"
pc0hze3,0,"like, just, don, people, think, really, know, make"
pc0hsnn,0,"like, just, don, people, think, really, know, make"
pc0hrdn,3,"batman, superman, dcu, reeves, want, universe, gunn, dc"
pc0hqmw,3,"batman, superman, dcu, reeves, want, universe, gunn, dc"
pc0hp22,3,"batman, superman, dcu, reeves, want, universe, gunn, dc"
pc0hmhb,0,"like, just, don, people, think, really, know, make"
pc0hkhp,0,"like, just, don, people, think, really, know, make"
pc0hk85,3,"batman, superman, dcu, reeves, want, universe, gunn, dc"
pc0hi92,3,"batman, superman, dcu, reeves, want, universe, gunn, dc"
pc0hdck,0,"like, just, don, people, think, really, know, make"
pc0h9na,1,"hal, john, ring, lantern, green, sinestro, jordan, episode"
pc0gqz3,4,"good, movies, wonder, woman, wasn, looks, pretty, gal"
pc0gpfc,2,"movie, bad, superman, supergirl, best, great, wonder, gunn"
pc0gna7,0,"like, just, don, people, think, really, know, make"
pc0ghv0,3,"batman, superman, dcu, reeves, want, universe, gunn, dc"
pc0gcov,1,"hal, john, ring, lantern, green, sinestro, jordan, episode"
pc0gclq,2,"movie, bad, superman, supergirl, best, great, wonder, gunn"
pc0gaxf,0,"like, just, don, people, think, really, know, make"
pc0g42p,0,"like, just, don, people, think, really, know, make"
pc0g2ue,2,"movie, bad, superman, supergirl, best, great, wonder, gunn"
pc0g0n6,0,"like, just, don, people, think, really, know, make"
pc0fwdc,3,"batman, superman, dcu, reeves, want, universe, gunn, dc"
pc0fpfg,0,"like, just, don, people, think, really, know, make"
pc0fhli,3,"batman, superman, dcu, reeves, want, universe, gunn, dc"
pc0fh06,0,"like, just, don, people, think, really, know, make"
pc0fgtk,1,"hal, john, ring, lantern, green, sinestro, jordan, episode"
pc0fctd,3,"batman, superman, dcu, reeves, want, universe, gunn, dc"
pc0fbkm,0,"like, just, don, people, think, really, know, make"
pc0f9ke,0,"like, just, don, people, think, really, know, make"
pc0ezhe,0,"like, just, don, people, think, really, know, make"
pc0et4l,3,"batman, superman, dcu, reeves, want, universe, gunn, dc"
pc0erdy,2,"movie, bad, superman, supergirl, best, great, wonder, gunn"
pc0ejbu,0,"like, just, don, people, think, really, know, make"
pc0ei0h,3,"batman, superman, dcu, reeves, want, universe, gunn, dc"
pc0egia,0,"like, just, don, people, think, really, know, make"
pc0efgd,2,"movie, bad, superman, supergirl, best, great, wonder, gunn"
pc0eek7,0,"like, just, don, people, think, really, know, make"
pc0e3jt,3,"batman, superman, dcu, reeves, want, universe, gunn, dc"
pc0e3co,0,"like, just, don, people, think, really, know, make"
pc0e2yv,0,"like, just, don, people, think, really, know, make"
pc0dzhb,0,"like, just, don, people, think, really, know, make"
pc0djlf,0,"like, just, don, people, think, really, know, make"
pc0dji1,3,"batman, superman, dcu, reeves, want, universe, gunn, dc"
pc0de0x,2,"movie, bad, superman, supergirl, best, great, wonder, gunn"
pc0dbmw,3,"batman, superman, dcu, reeves, want, universe, gunn, dc"
pc0d46r,4,"good, movies, wonder, woman, wasn, looks, pretty, gal"
pc0d40e,4,"good, movies, wonder, woman, wasn, looks, pretty, gal"
pc0d1w8,0,"like, just, don, people, think, really, know, make"
pc0d049,1,"hal, john, ring, lantern, green, sinestro, jordan, episode"
pc0cwve,0,"like, just, don, people, think, really, know, make"
pc0cv8u,0,"like, just, don, people, think, really, know, make"
pc0cqvp,0,"like, just, don, people, think, really, know, make"
pc0colh,2,"movie, bad, superman, supergirl, best, great, wonder, gunn"
pc0cg9t,4,"good, movies, wonder, woman, wasn, looks, pretty, gal"
pc0c5zd,0,"like, just, don, people, think, really, know, make"
pc0c2nk,4,"good, movies, wonder, woman, wasn, looks, pretty, gal"
pc0c0t1,3,"batman, superman, dcu, reeves, want, universe, gunn, dc"
pc0bvvz,2,"movie, bad, superman, supergirl, best, great, wonder, gunn"
pc0brzq,0,"like, just, don, people, think, really, know, make"
pc0bp9g,0,"like, just, don, people, think, really, know, make"
pc0bo86,2,"movie, bad, superman, supergirl, best, great, wonder, gunn"
pc0bj34,0,"like, just, don, people, think, really, know, make"
pc0bhgo,0,"like, just, don, people, think, really, know, make"
pc0bfb0,0,"like, just, don, people, think, really, know, make"
pc0ber3,0,"like, just, don, people, think, really, know, make"
pc0bay5,1,"hal, john, ring, lantern, green, sinestro, jordan, episode"
pc0b770,1,"hal, john, ring, lantern, green, sinestro, jordan, episode"
pc0asbv,0,"like, just, don, people, think, really, know, make"
pc0ariu,0,"like, just, don, people, think, really, know, make"
pc0aof5,0,"like, just, don, people, think, really, know, make"
pc0ae2a,0,"like, just, don, people, think, really, know, make"
pc0acfx,4,"good, movies, wonder, woman, wasn, looks, pretty, gal"
pc0a8aw,0,"like, just, don, people, think, really, know, make"
pc0a7wa,1,"hal, john, ring, lantern, green, sinestro, jordan, episode"
pc0a2t2,1,"hal, john, ring, lantern, green, sinestro, jordan, episode"
pc0a1cl,1,"hal, john, ring, lantern, green, sinestro, jordan, episode"
pc09zjt,0,"like, just, don, people, think, really, know, make"
pc09ub1,3,"batman, superman, dcu, reeves, want, universe, gunn, dc"
pc09smc,3,"batman, superman, dcu, reeves, want, universe, gunn, dc"
pc09qc9,0,"like, just, don, people, think, really, know, make"
pc09pb7,0,"like, just, don, people, think, really, know, make"
pc09n9x,0,"like, just, don, people, think, really, know, make"
pc09mpp,1,"hal, john, ring, lantern, green, sinestro, jordan, episode"
pc09iv2,3,"batman, superman, dcu, reeves, want, universe, gunn, dc"
pc09gvl,0,"like, just, don, people, think, really, know, make"
pc09dij,0,"like, just, don, people, think, really, know, make"
pc09czm,0,"like, just, don, people, think, really, know, make"
pc09996,4,"good, movies, wonder, woman, wasn, looks, pretty, gal"
pc09850,2,"movie, bad, superman, supergirl, best, great, wonder, gunn"
pc094x5,0,"like, just, don, people, think, really, know, make"
pc093tq,0,"like, just, don, people, think, really, know, make"
pc08tok,0,"like, just, don, people, think, really, know, make"
pc08sk0,0,"like, just, don, people, think, really, know, make"
pc08rdv,0,"like, just, don, people, think, really, know, make"
pc08lsd,4,"good, movies, wonder, woman, wasn, looks, pretty, gal"
pc08kul,0,"like, just, don, people, think, really, know, make"
pc08kju,4,"good, movies, wonder, woman, wasn, looks, pretty, gal"
pc08eiv,4,"good, movies, wonder, woman, wasn, looks, pretty, gal"
pc08dd5,0,"like, just, don, people, think, really, know, make"
pc08cia,0,"like, just, don, people, think, really, know, make"
pc08bxv,0,"like, just, don, people, think, really, know, make"
pc08bhv,1,"hal, john, ring, lantern, green, sinestro, jordan, episode"
pc08bh4,2,"movie, bad, superman, supergirl, best, great, wonder, gunn"
pc088k5,4,"good, movies, wonder, woman, wasn, looks, pretty, gal"
pc0872r,1,"hal, john, ring, lantern, green, sinestro, jordan, episode"
pc08545,1,"hal, john, ring, lantern, green, sinestro, jordan, episode"
pc083c6,1,"hal, john, ring, lantern, green, sinestro, jordan, episode"
pc082kn,4,"good, movies, wonder, woman, wasn, looks, pretty, gal"
pc081ql,0,"like, just, don, people, think, really, know, make"
pc080su,0,"like, just, don, people, think, really, know, make"
pc08020,0,"like, just, don, people, think, really, know, make"
pc07zvf,3,"batman, superman, dcu, reeves, want, universe, gunn, dc"
pc07xvm,2,"movie, bad, superman, supergirl, best, great, wonder, gunn"
pc07xph,1,"hal, john, ring, lantern, green, sinestro, jordan, episode"
pc07x24,0,"like, just, don, people, think, really, know, make"
pc07tzb,0,"like, just, don, people, think, really, know, make"
pc07rro,1,"hal, john, ring, lantern, green, sinestro, jordan, episode"
pc07r4v,2,"movie, bad, superman, supergirl, best, great, wonder, gunn"
pc07qvz,2,"movie, bad, superman, supergirl, best, great, wonder, gunn"
pc07ox3,0,"like, just, don, people, think, really, know, make"
pc07ok9,3,"batman, superman, dcu, reeves, want, universe, gunn, dc"
pc07naw,1,"hal, john, ring, lantern, green, sinestro, jordan, episode"
pc07l1v,2,"movie, bad, superman, supergirl, best, great, wonder, gunn"
pc07l2f,4,"good, movies, wonder, woman, wasn, looks, pretty, gal"
pc07itb,4,"good, movies, wonder, woman, wasn, looks, pretty, gal"
pc07h0m,1,"hal, john, ring, lantern, green, sinestro, jordan, episode"
pc07ggk,2,"movie, bad, superman, supergirl, best, great, wonder, gunn"
pc07el2,1,"hal, john, ring, lantern, green, sinestro, jordan, episode"
pc07dre,0,"like, just, don, people, think, really, know, make"
pc07cxi,1,"hal, john, ring, lantern, green, sinestro, jordan, episode"
pc07bgh,1,"hal, john, ring, lantern, green, sinestro, jordan, episode"
pc079ve,0,"like, just, don, people, think, really, know, make"
pc075ci,1,"hal, john, ring, lantern, green, sinestro, jordan, episode"
pc073g5,1,"hal, john, ring, lantern, green, sinestro, jordan, episode"
pc07255,1,"hal, john, ring, lantern, green, sinestro, jordan, episode"
pc071j0,0,"like, just, don, people, think, really, know, make"
pc070ga,1,"hal, john, ring, lantern, green, sinestro, jordan, episode"
pc06zkf,0,"like, just, don, people, think, really, know, make"
pc06wsw,0,"like, just, don, people, think, really, know, make"
pc06s9q,4,"good, movies, wonder, woman, wasn, looks, pretty, gal"
pc06p2l,2,"movie, bad, superman, supergirl, best, great, wonder, gunn"
pc06nta,0,"like, just, don, people, think, really, know, make"
pc06niw,0,"like, just, don, people, think, really, know, make"
pc06mzm,1,"hal, john, ring, lantern, green, sinestro, jordan, episode"
pc06kpk,1,"hal, john, ring, lantern, green, sinestro, jordan, episode"
pc06jqa,1,"hal, john, ring, lantern, green, sinestro, jordan, episode"
pc06jf0,0,"like, just, don, people, think, really, know, make"
pc06iio,2,"movie, bad, superman, supergirl, best, great, wonder, gunn"
pc06gpu,0,"like, just, don, people, think, really, know, make"
pc06ggy,1,"hal, john, ring, lantern, green, sinestro, jordan, episode"
pc06ezw,0,"like, just, don, people, think, really, know, make"
pc06e9b,1,"hal, john, ring, lantern, green, sinestro, jordan, episode"
pc06dc6,3,"batman, superman, dcu, reeves, want, universe, gunn, dc"
pc06ack,1,"hal, john, ring, lantern, green, sinestro, jordan, episode"
pc069s5,2,"movie, bad, superman, supergirl, best, great, wonder, gunn"
pc067ex,0,"like, just, don, people, think, really, know, make"
pc067av,0,"like, just, don, people, think, really, know, make"
pc066wt,4,"good, movies, wonder, woman, wasn, looks, pretty, gal"
pc064jj,0,"like, just, don, people, think, really, know, make"
pc0645d,1,"hal, john, ring, lantern, green, sinestro, jordan, episode"
pc063ss,1,"hal, john, ring, lantern, green, sinestro, jordan, episode"
pc063eb,1,"hal, john, ring, lantern, green, sinestro, jordan, episode"
pc062gt,2,"movie, bad, superman, supergirl, best, great, wonder, gunn"
pc05ys6,0,"like, just, don, people, think, really, know, make"
pc05y8r,1,"hal, john, ring, lantern, green, sinestro, jordan, episode"
pc05y0x,0,"like, just, don, people, think, really, know, make"
pc05xzj,3,"batman, superman, dcu, reeves, want, universe, gunn, dc"
pc05xwd,1,"hal, john, ring, lantern, green, sinestro, jordan, episode"
pc05uvl,1,"hal, john, ring, lantern, green, sinestro, jordan, episode"
pc05ryf,1,"hal, john, ring, lantern, green, sinestro, jordan, episode"
pc05rdj,1,"hal, john, ring, lantern, green, sinestro, jordan, episode"
pc05oiw,1,"hal, john, ring, lantern, green, sinestro, jordan, episode"
pc05o6h,0,"like, just, don, people, think, really, know, make"
pc05nz1,1,"hal, john, ring, lantern, green, sinestro, jordan, episode"
pc05mhh,0,"like, just, don, people, think, really, know, make"
pc05i0y,0,"like, just, don, people, think, really, know, make"
pc05eqd,4,"good, movies, wonder, woman, wasn, looks, pretty, gal"
pc05cfo,0,"like, just, don, people, think, really, know, make"
pc05a5h,1,"hal, john, ring, lantern, green, sinestro, jordan, episode"
pc05953,0,"like, just, don, people, think, really, know, make"
pc055wh,0,"like, just, don, people, think, really, know, make"
pc0555m,1,"hal, john, ring, lantern, green, sinestro, jordan, episode"
pc0517h,1,"hal, john, ring, lantern, green, sinestro, jordan, episode"
pc04u11,0,"like, just, don, people, think, really, know, make"
pc04mxu,0,"like, just, don, people, think, really, know, make"
pc04b8o,4,"good, movies, wonder, woman, wasn, looks, pretty, gal"
pc046rz,0,"like, just, don, people, think, really, know, make"
pc045ur,0,"like, just, don, people, think, really, know, make"
pc03xde,2,"movie, bad, superman, supergirl, best, great, wonder, gunn"
pc02tcp,0,"like, just, don, people, think, really, know, make"
pc02niv,0,"like, just, don, people, think, really, know, make"
pc02ljn,3,"batman, superman, dcu, reeves, want, universe, gunn, dc"
pc02lcx,0,"like, just, don, people, think, really, know, make"
pc02it5,3,"batman, superman, dcu, reeves, want, universe, gunn, dc"
pc02dej,0,"like, just, don, people, think, really, know, make"
pc029sc,1,"hal, john, ring, lantern, green, sinestro, jordan, episode"
pc01tn4,4,"good, movies, wonder, woman, wasn, looks, pretty, gal"
pc01rso,2,"movie, bad, superman, supergirl, best, great, wonder, gunn"
pc01q6x,3,"batman, superman, dcu, reeves, want, universe, gunn, dc"
pc01mth,0,"like, just, don, people, think, really, know, make"
pc00s12,1,"hal, john, ring, lantern, green, sinestro, jordan, episode"
pc00n69,1,"hal, john, ring, lantern, green, sinestro, jordan, episode"
pc00fag,2,"movie, bad, superman, supergirl, best, great, wonder, gunn"
pc0045x,1,"hal, john, ring, lantern, green, sinestro, jordan, episode"
pc001z6,0,"like, just, don, people, think, really, know, make"
pbzzrte,0,"like, just, don, people, think, really, know, make"
pbzzogh,0,"like, just, don, people, think, really, know, make"
pbzziff,1,"hal, john, ring, lantern, green, sinestro, jordan, episode"
pbzz50f,3,"batman, superman, dcu, reeves, want, universe, gunn, dc"
pbzz3tf,0,"like, just, don, people, think, really, know, make"
pbzyzx5,3,"batman, superman, dcu, reeves, want, universe, gunn, dc"
pbzyxmm,2,"movie, bad, superman, supergirl, best, great, wonder, gunn"
pbzywlm,3,"batman, superman, dcu, reeves, want, universe, gunn, dc"
pbzytr1,0,"like, just, don, people, think, really, know, make"
pbzyqg1,3,"batman, superman, dcu, reeves, want, universe, gunn, dc"
pbzyp2v,0,"like, just, don, people, think, really, know, make"
pbzyjz6,3,"batman, superman, dcu, reeves, want, universe, gunn, dc"
pbzy3vv,0,"like, just, don, people, think, really, know, make"
pbzy2yb,0,"like, just, don, people, think, really, know, make"
pbzy2sq,0,"like, just, don, people, think, really, know, make"
pbzxouh,4,"good, movies, wonder, woman, wasn, looks, pretty, gal"
pbzxok2,0,"like, just, don, people, think, really, know, make"
pbzxmsb,0,"like, just, don, people, think, really, know, make"
pbzxdck,2,"movie, bad, superman, supergirl, best, great, wonder, gunn"
pbzxcxt,0,"like, just, don, people, think, really, know, make"
pbzxcxm,2,"movie, bad, superman, supergirl, best, great, wonder, gunn"
pbzx2np,1,"hal, john, ring, lantern, green, sinestro, jordan, episode"
pbzwyhm,0,"like, just, don, people, think, really, know, make"
pbzwqmf,3,"batman, superman, dcu, reeves, want, universe, gunn, dc"
pbzwonf,1,"hal, john, ring, lantern, green, sinestro, jordan, episode"
pbzvyht,0,"like, just, don, people, think, really, know, make"
pbzvxtu,1,"hal, john, ring, lantern, green, sinestro, jordan, episode"
pbzvw8l,0,"like, just, don, people, think, really, know, make"
pbzvrt6,0,"like, just, don, people, think, really, know, make"
pbzvm8y,0,"like, just, don, people, think, really, know, make"
pbzvi16,4,"good, movies, wonder, woman, wasn, looks, pretty, gal"
pbzvg4n,4,"good, movies, wonder, woman, wasn, looks, pretty, gal"
pbzv95k,0,"like, just, don, people, think, really, know, make"
pbzv7go,1,"hal, john, ring, lantern, green, sinestro, jordan, episode"
pbzv01l,0,"like, just, don, people, think, really, know, make"
pbzuuma,1,"hal, john, ring, lantern, green, sinestro, jordan, episode"
pbzurbo,3,"batman, superman, dcu, reeves, want, universe, gunn, dc"
pbzuqn1,3,"batman, superman, dcu, reeves, want, universe, gunn, dc"
pbzumxe,1,"hal, john, ring, lantern, green, sinestro, jordan, episode"
pbzug3z,0,"like, just, don, people, think, really, know, make"
pbzuasw,3,"batman, superman, dcu, reeves, want, universe, gunn, dc"
pbzu9et,3,"batman, superman, dcu, reeves, want, universe, gunn, dc"
pbztoog,1,"hal, john, ring, lantern, green, sinestro, jordan, episode"
pbztj8q,0,"like, just, don, people, think, really, know, make"
pbztivv,0,"like, just, don, people, think, really, know, make"
pbztgds,0,"like, just, don, people, think, really, know, make"
pbzt4ls,3,"batman, superman, dcu, reeves, want, universe, gunn, dc"
pbzt00d,1,"hal, john, ring, lantern, green, sinestro, jordan, episode"
pbzsm8o,0,"like, just, don, people, think, really, know, make"
pbzshad,0,"like, just, don, people, think, really, know, make"
pbzsbv2,1,"hal, john, ring, lantern, green, sinestro, jordan, episode"
pbzs5hw,0,"like, just, don, people, think, really, know, make"
pbzs4kn,0,"like, just, don, people, think, really, know, make"
pbzrnkm,1,"hal, john, ring, lantern, green, sinestro, jordan, episode"
pbzrnfo,3,"batman, superman, dcu, reeves, want, universe, gunn, dc"
pbzrhzm,2,"movie, bad, superman, supergirl, best, great, wonder, gunn"
pbzr5i7,0,"like, just, don, people, think, really, know, make"
pbzr1tb,0,"like, just, don, people, think, really, know, make"
pbzqwk3,3,"batman, superman, dcu, reeves, want, universe, gunn, dc"
pbzqw9q,1,"hal, john, ring, lantern, green, sinestro, jordan, episode"
pbzqoi1,1,"hal, john, ring, lantern, green, sinestro, jordan, episode"
pbzqo1k,1,"hal, john, ring, lantern, green, sinestro, jordan, episode"
pbzqk5d,0,"like, just, don, people, think, really, know, make"
pbzq501,0,"like, just, don, people, think, really, know, make"
pbzq3wv,0,"like, just, don, people, think, really, know, make"
pbzq03v,0,"like, just, don, people, think, really, know, make"
pbzps6j,3,"batman, superman, dcu, reeves, want, universe, gunn, dc"
pbzpij7,0,"like, just, don, people, think, really, know, make"
pbzpehr,2,"movie, bad, superman, supergirl, best, great, wonder, gunn"
pbzp1sy,2,"movie, bad, superman, supergirl, best, great, wonder, gunn"
pbzov5t,2,"movie, bad, superman, supergirl, best, great, wonder, gunn"
pbzon5y,3,"batman, superman, dcu, reeves, want, universe, gunn, dc"
pbzolaa,1,"hal, john, ring, lantern, green, sinestro, jordan, episode"
pbzo9sr,1,"hal, john, ring, lantern, green, sinestro, jordan, episode"
pbznlip,1,"hal, john, ring, lantern, green, sinestro, jordan, episode"
pbznb94,1,"hal, john, ring, lantern, green, sinestro, jordan, episode"
pbzmzo3,2,"movie, bad, superman, supergirl, best, great, wonder, gunn"
pbzms14,0,"like, just, don, people, think, really, know, make"
pbzmnd2,0,"like, just, don, people, think, really, know, make"
pbzmjo9,1,"hal, john, ring, lantern, green, sinestro, jordan, episode"
pbzmh9o,0,"like, just, don, people, think, really, know, make"
pbzmbdi,3,"batman, superman, dcu, reeves, want, universe, gunn, dc"
pbzlycr,1,"hal, john, ring, lantern, green, sinestro, jordan, episode"
pbzlxpu,1,"hal, john, ring, lantern, green, sinestro, jordan, episode"
pbzltbf,1,"hal, john, ring, lantern, green, sinestro, jordan, episode"
pbzlml9,0,"like, just, don, people, think, really, know, make"
pbzl5bh,0,"like, just, don, people, think, really, know, make"
pbzl2br,3,"batman, superman, dcu, reeves, want, universe, gunn, dc"
pbzkm3m,0,"like, just, don, people, think, really, know, make"
pbzkhts,1,"hal, john, ring, lantern, green, sinestro, jordan, episode"
pbzk66n,3,"batman, superman, dcu, reeves, want, universe, gunn, dc"
pbzk4vq,2,"movie, bad, superman, supergirl, best, great, wonder, gunn"
pbzjwb5,3,"batman, superman, dcu, reeves, want, universe, gunn, dc"
pbzjsjc,0,"like, just, don, people, think, really, know, make"
pbzjfei,0,"like, just, don, people, think, really, know, make"
pbzj9tx,4,"good, movies, wonder, woman, wasn, looks, pretty, gal"
pbzj7mv,3,"batman, superman, dcu, reeves, want, universe, gunn, dc"
pbzj71p,2,"movie, bad, superman, supergirl, best, great, wonder, gunn"
pbzj6j6,0,"like, just, don, people, think, really, know, make"
pbzj35v,0,"like, just, don, people, think, really, know, make"
pbzistb,1,"hal, john, ring, lantern, green, sinestro, jordan, episode"
pbzir8f,0,"like, just, don, people, think, really, know, make"
pbzii99,3,"batman, superman, dcu, reeves, want, universe, gunn, dc"
pbziao9,0,"like, just, don, people, think, really, know, make"
pbziah2,0,"like, just, don, people, think, really, know, make"
pbzi5cs,3,"batman, superman, dcu, reeves, want, universe, gunn, dc"
pbzhtb1,0,"like, just, don, people, think, really, know, make"
pbzhr27,1,"hal, john, ring, lantern, green, sinestro, jordan, episode"
pbzhj2t,1,"hal, john, ring, lantern, green, sinestro, jordan, episode"
pbzhh1x,0,"like, just, don, people, think, really, know, make"
pbzhbvr,0,"like, just, don, people, think, really, know, make"
pbzhair,0,"like, just, don, people, think, really, know, make"
pbzh79i,1,"hal, john, ring, lantern, green, sinestro, jordan, episode"
pbzh4cd,0,"like, just, don, people, think, really, know, make"
pbzh1hu,1,"hal, john, ring, lantern, green, sinestro, jordan, episode"
pbzh1bv,0,"like, just, don, people, think, really, know, make"
pbzgxhz,0,"like, just, don, people, think, really, know, make"
pbzgjok,1,"hal, john, ring, lantern, green, sinestro, jordan, episode"
pbzgcyc,3,"batman, superman, dcu, reeves, want, universe, gunn, dc"
pbzg71p,1,"hal, john, ring, lantern, green, sinestro, jordan, episode"
pbzg6dq,0,"like, just, don, people, think, really, know, make"
pbzfyor,3,"batman, superman, dcu, reeves, want, universe, gunn, dc"
pbzfase,4,"good, movies, wonder, woman, wasn, looks, pretty, gal"
pbzf9zy,3,"batman, superman, dcu, reeves, want, universe, gunn, dc"
pbzf88l,1,"hal, john, ring, lantern, green, sinestro, jordan, episode"
pbzf5nq,4,"good, movies, wonder, woman, wasn, looks, pretty, gal"
pbzf4rv,3,"batman, superman, dcu, reeves, want, universe, gunn, dc"
pbzf4lt,3,"batman, superman, dcu, reeves, want, universe, gunn, dc"
pbzesk6,3,"batman, superman, dcu, reeves, want, universe, gunn, dc"
pbzenmm,0,"like, just, don, people, think, really, know, make"
pbzeeib,0,"like, just, don, people, think, really, know, make"
pbzedx7,3,"batman, superman, dcu, reeves, want, universe, gunn, dc"
pbzdysk,0,"like, just, don, people, think, really, know, make"
pbzdxk8,1,"hal, john, ring, lantern, green, sinestro, jordan, episode"
pbzdrks,0,"like, just, don, people, think, really, know, make"
pbzdirx,0,"like, just, don, people, think, really, know, make"
pbzdhus,1,"hal, john, ring, lantern, green, sinestro, jordan, episode"
pbzdaow,1,"hal, john, ring, lantern, green, sinestro, jordan, episode"
pbzd6m6,4,"good, movies, wonder, woman, wasn, looks, pretty, gal"
pbzd5g4,2,"movie, bad, superman, supergirl, best, great, wonder, gunn"
pbzd40i,1,"hal, john, ring, lantern, green, sinestro, jordan, episode"
pbzd2pp,1,"hal, john, ring, lantern, green, sinestro, jordan, episode"
pbzcmwr,2,"movie, bad, superman, supergirl, best, great, wonder, gunn"
pbzckd2,2,"movie, bad, superman, supergirl, best, great, wonder, gunn"
pbzcghc,3,"batman, superman, dcu, reeves, want, universe, gunn, dc"
pbzc3oa,1,"hal, john, ring, lantern, green, sinestro, jordan, episode"
pbzbznn,1,"hal, john, ring, lantern, green, sinestro, jordan, episode"
pbzby4i,1,"hal, john, ring, lantern, green, sinestro, jordan, episode"
pbzbu2k,2,"movie, bad, superman, supergirl, best, great, wonder, gunn"
pbzbitn,0,"like, just, don, people, think, really, know, make"
pbzbb54,3,"batman, superman, dcu, reeves, want, universe, gunn, dc"
pbzb8cm,1,"hal, john, ring, lantern, green, sinestro, jordan, episode"
pbzb1mo,4,"good, movies, wonder, woman, wasn, looks, pretty, gal"
pbzay5e,3,"batman, superman, dcu, reeves, want, universe, gunn, dc"
pbzavig,0,"like, just, don, people, think, really, know, make"
pbzasy6,3,"batman, superman, dcu, reeves, want, universe, gunn, dc"
pbzaolg,3,"batman, superman, dcu, reeves, want, universe, gunn, dc"
pbza3h3,0,"like, just, don, people, think, really, know, make"
pbza1so,0,"like, just, don, people, think, really, know, make"
pbz9qs3,4,"good, movies, wonder, woman, wasn, looks, pretty, gal"
pbz9p41,2,"movie, bad, superman, supergirl, best, great, wonder, gunn"
pbz9ntd,1,"hal, john, ring, lantern, green, sinestro, jordan, episode"
pbz9lpz,3,"batman, superman, dcu, reeves, want, universe, gunn, dc"
pbz9l0x,2,"movie, bad, superman, supergirl, best, great, wonder, gunn"
pbz9h4w,0,"like, just, don, people, think, really, know, make"
pbz9bjc,3,"batman, superman, dcu, reeves, want, universe, gunn, dc"
pbz955p,2,"movie, bad, superman, supergirl, best, great, wonder, gunn"
pbz91mu,2,"movie, bad, superman, supergirl, best, great, wonder, gunn"
pbz903b,2,"movie, bad, superman, supergirl, best, great, wonder, gunn"
pbz8z6t,3,"batman, superman, dcu, reeves, want, universe, gunn, dc"
pbz8wsz,2,"movie, bad, superman, supergirl, best, great, wonder, gunn"
pbz8paq,0,"like, just, don, people, think, really, know, make"
pbz8m9h,3,"batman, superman, dcu, reeves, want, universe, gunn, dc"
pbz8b3t,0,"like, just, don, people, think, really, know, make"
pbz7wyv,0,"like, just, don, people, think, really, know, make"
pbz7v92,2,"movie, bad, superman, supergirl, best, great, wonder, gunn"
pbz7esa,0,"like, just, don, people, think, really, know, make"
pbz7cxw,2,"movie, bad, superman, supergirl, best, great, wonder, gunn"
pbz7870,2,"movie, bad, superman, supergirl, best, great, wonder, gunn"
pbz76r7,0,"like, just, don, people, think, really, know, make"
pbz74eb,4,"good, movies, wonder, woman, wasn, looks, pretty, gal"
pbz74b1,1,"hal, john, ring, lantern, green, sinestro, jordan, episode"
pbz745z,3,"batman, superman, dcu, reeves, want, universe, gunn, dc"
pbz6yta,2,"movie, bad, superman, supergirl, best, great, wonder, gunn"
pbz6xpz,0,"like, just, don, people, think, really, know, make"
pbz6w7j,0,"like, just, don, people, think, really, know, make"
pbz6oac,0,"like, just, don, people, think, really, know, make"
pbz6j2s,0,"like, just, don, people, think, really, know, make"
pbz6ivq,2,"movie, bad, superman, supergirl, best, great, wonder, gunn"
pbz6hjh,0,"like, just, don, people, think, really, know, make"
pbz6gc2,2,"movie, bad, superman, supergirl, best, great, wonder, gunn"
pbz6fsb,4,"good, movies, wonder, woman, wasn, looks, pretty, gal"
pbz6ava,1,"hal, john, ring, lantern, green, sinestro, jordan, episode"
pbz6ajm,3,"batman, superman, dcu, reeves, want, universe, gunn, dc"
pbz68ps,0,"like, just, don, people, think, really, know, make"
pbz68pp,4,"good, movies, wonder, woman, wasn, looks, pretty, gal"
pbz65rb,2,"movie, bad, superman, supergirl, best, great, wonder, gunn"
pbz62av,2,"movie, bad, superman, supergirl, best, great, wonder, gunn"
pbz5ypn,1,"hal, john, ring, lantern, green, sinestro, jordan, episode"
pbz5ozc,0,"like, just, don, people, think, really, know, make"
pbz55rh,0,"like, just, don, people, think, really, know, make"
pbz4u8a,0,"like, just, don, people, think, really, know, make"
pbz4sz4,3,"batman, superman, dcu, reeves, want, universe, gunn, dc"
pbz4sd6,2,"movie, bad, superman, supergirl, best, great, wonder, gunn"
pbz4q10,1,"hal, john, ring, lantern, green, sinestro, jordan, episode"
pbz4fxi,1,"hal, john, ring, lantern, green, sinestro, jordan, episode"
pbz414u,0,"like, just, don, people, think, really, know, make"
pbz3x1g,2,"movie, bad, superman, supergirl, best, great, wonder, gunn"
pbz3v27,1,"hal, john, ring, lantern, green, sinestro, jordan, episode"
pbz3uew,4,"good, movies, wonder, woman, wasn, looks, pretty, gal"
pbz300y,2,"movie, bad, superman, supergirl, best, great, wonder, gunn"
pbz2soj,0,"like, just, don, people, think, really, know, make"
pbz26np,1,"hal, john, ring, lantern, green, sinestro, jordan, episode"
pbz19zk,1,"hal, john, ring, lantern, green, sinestro, jordan, episode"
pbz19h9,0,"like, just, don, people, think, really, know, make"
pbz18dl,1,"hal, john, ring, lantern, green, sinestro, jordan, episode"
pbz0uic,0,"like, just, don, people, think, really, know, make"
pbz0rrr,0,"like, just, don, people, think, really, know, make"
pbz0qpt,0,"like, just, don, people, think, really, know, make"
pbz0o44,0,"like, just, don, people, think, really, know, make"
pbz0784,3,"batman, superman, dcu, reeves, want, universe, gunn, dc"
pbyzsc4,1,"hal, john, ring, lantern, green, sinestro, jordan, episode"
pbyznjm,3,"batman, superman, dcu, reeves, want, universe, gunn, dc"
pbyzmhi,1,"hal, john, ring, lantern, green, sinestro, jordan, episode"
pbyzfe4,4,"good, movies, wonder, woman, wasn, looks, pretty, gal"
pbyzb19,0,"like, just, don, people, think, really, know, make"
pbyykpq,0,"like, just, don, people, think, really, know, make"
pbyyfye,4,"good, movies, wonder, woman, wasn, looks, pretty, gal"
pbyyc21,3,"batman, superman, dcu, reeves, want, universe, gunn, dc"
pbyy95s,3,"batman, superman, dcu, reeves, want, universe, gunn, dc"
pbyy432,0,"like, just, don, people, think, really, know, make"
pbyxpun,0,"like, just, don, people, think, really, know, make"
pbyxmhm,0,"like, just, don, people, think, really, know, make"
pbyxe7o,0,"like, just, don, people, think, really, know, make"
pbyxacr,2,"movie, bad, superman, supergirl, best, great, wonder, gunn"
pbyx4em,3,"batman, superman, dcu, reeves, want, universe, gunn, dc"
pbywvcs,3,"batman, superman, dcu, reeves, want, universe, gunn, dc"
pbywq6w,0,"like, just, don, people, think, really, know, make"
pbyweg4,0,"like, just, don, people, think, really, know, make"
pbywa6r,4,"good, movies, wonder, woman, wasn, looks, pretty, gal"
pbyw9cn,2,"movie, bad, superman, supergirl, best, great, wonder, gunn"
pbyvx85,0,"like, just, don, people, think, really, know, make"
pbyvx0t,4,"good, movies, wonder, woman, wasn, looks, pretty, gal"
pbyvta0,0,"like, just, don, people, think, really, know, make"
pbyvn6p,0,"like, just, don, people, think, really, know, make"
pbyvhxe,2,"movie, bad, superman, supergirl, best, great, wonder, gunn"
pbyvel9,0,"like, just, don, people, think, really, know, make"
pbyveoj,0,"like, just, don, people, think, really, know, make"
pbyvdyy,3,"batman, superman, dcu, reeves, want, universe, gunn, dc"
pbyv9kw,0,"like, just, don, people, think, really, know, make"
pbyuuup,3,"batman, superman, dcu, reeves, want, universe, gunn, dc"
pbyus64,1,"hal, john, ring, lantern, green, sinestro, jordan, episode"
pbyur2d,1,"hal, john, ring, lantern, green, sinestro, jordan, episode"
pbyumqx,0,"like, just, don, people, think, really, know, make"
pbyukl8,3,"batman, superman, dcu, reeves, want, universe, gunn, dc"
pbyues5,0,"like, just, don, people, think, really, know, make"
pbyuauk,2,"movie, bad, superman, supergirl, best, great, wonder, gunn"
pbyu6zc,0,"like, just, don, people, think, really, know, make"
pbyu364,1,"hal, john, ring, lantern, green, sinestro, jordan, episode"
pbytzbr,3,"batman, superman, dcu, reeves, want, universe, gunn, dc"
pbytxxo,2,"movie, bad, superman, supergirl, best, great, wonder, gunn"
pbytty6,1,"hal, john, ring, lantern, green, sinestro, jordan, episode"
pbyts4o,0,"like, just, don, people, think, really, know, make"
pbytmy8,3,"batman, superman, dcu, reeves, want, universe, gunn, dc"
pbythw9,0,"like, just, don, people, think, really, know, make"
pbythrb,1,"hal, john, ring, lantern, green, sinestro, jordan, episode"
pbyt8kv,0,"like, just, don, people, think, really, know, make"
pbyt2hl,0,"like, just, don, people, think, really, know, make"
pbysyl1,0,"like, just, don, people, think, really, know, make"
pbystbf,0,"like, just, don, people, think, really, know, make"
pbysryy,4,"good, movies, wonder, woman, wasn, looks, pretty, gal"
pbysp7o,0,"like, just, don, people, think, really, know, make"
pbysozt,0,"like, just, don, people, think, really, know, make"
pbysj80,0,"like, just, don, people, think, really, know, make"
pbysgln,0,"like, just, don, people, think, really, know, make"
pbys9xq,0,"like, just, don, people, think, really, know, make"
pbys7jp,0,"like, just, don, people, think, really, know, make"
pbyrgfu,3,"batman, superman, dcu, reeves, want, universe, gunn, dc"
pbyrds8,0,"like, just, don, people, think, really, know, make"
pbyrcmt,0,"like, just, don, people, think, really, know, make"
pbyr47x,2,"movie, bad, superman, supergirl, best, great, wonder, gunn"
pbyr2mb,0,"like, just, don, people, think, really, know, make"
pbyqrwi,0,"like, just, don, people, think, really, know, make"
pbyqm2u,1,"hal, john, ring, lantern, green, sinestro, jordan, episode"
pbyqj7d,1,"hal, john, ring, lantern, green, sinestro, jordan, episode"
pbyq4h3,0,"like, just, don, people, think, really, know, make"
pbypxla,3,"batman, superman, dcu, reeves, want, universe, gunn, dc"
pbypp5m,0,"like, just, don, people, think, really, know, make"
pbypj2b,0,"like, just, don, people, think, really, know, make"
pbypf9d,0,"like, just, don, people, think, really, know, make"
pbyp7hx,0,"like, just, don, people, think, really, know, make"
pbyp415,2,"movie, bad, superman, supergirl, best, great, wonder, gunn"
pbyp0vk,0,"like, just, don, people, think, really, know, make"
pbyorgs,3,"batman, superman, dcu, reeves, want, universe, gunn, dc"
pbyor9h,0,"like, just, don, people, think, really, know, make"
pbyor53,0,"like, just, don, people, think, really, know, make"
pbyolb1,0,"like, just, don, people, think, really, know, make"
pbyojxl,3,"batman, superman, dcu, reeves, want, universe, gunn, dc"
pbyo55m,1,"hal, john, ring, lantern, green, sinestro, jordan, episode"
pbynzmi,0,"like, just, don, people, think, really, know, make"
pbynw0c,2,"movie, bad, superman, supergirl, best, great, wonder, gunn"
pbynrdk,2,"movie, bad, superman, supergirl, best, great, wonder, gunn"
pbyn9yg,3,"batman, superman, dcu, reeves, want, universe, gunn, dc"
pbyn04w,0,"like, just, don, people, think, really, know, make"
pbymwyr,2,"movie, bad, superman, supergirl, best, great, wonder, gunn"
pbymwct,1,"hal, john, ring, lantern, green, sinestro, jordan, episode"
pbymubg,3,"batman, superman, dcu, reeves, want, universe, gunn, dc"
pbyms7g,3,"batman, superman, dcu, reeves, want, universe, gunn, dc"
pbym0jp,0,"like, just, don, people, think, really, know, make"
pbyllgy,2,"movie, bad, superman, supergirl, best, great, wonder, gunn"
pbylhsr,1,"hal, john, ring, lantern, green, sinestro, jordan, episode"
pbylgr6,2,"movie, bad, superman, supergirl, best, great, wonder, gunn"
pbylcb3,0,"like, just, don, people, think, really, know, make"
pbyl64i,3,"batman, superman, dcu, reeves, want, universe, gunn, dc"
pbyl1rm,0,"like, just, don, people, think, really, know, make"
pbykyez,1,"hal, john, ring, lantern, green, sinestro, jordan, episode"
pbykwdb,2,"movie, bad, superman, supergirl, best, great, wonder, gunn"
pbykqx6,3,"batman, superman, dcu, reeves, want, universe, gunn, dc"
pbykimc,0,"like, just, don, people, think, really, know, make"
pbyki4q,1,"hal, john, ring, lantern, green, sinestro, jordan, episode"
pbykeg5,4,"good, movies, wonder, woman, wasn, looks, pretty, gal"
pbyk7bz,0,"like, just, don, people, think, really, know, make"
pbyk5gg,2,"movie, bad, superman, supergirl, best, great, wonder, gunn"
pbyjqx6,0,"like, just, don, people, think, really, know, make"
pbyjkwh,2,"movie, bad, superman, supergirl, best, great, wonder, gunn"
pbyjdyp,0,"like, just, don, people, think, really, know, make"
pbyjcbq,1,"hal, john, ring, lantern, green, sinestro, jordan, episode"
pbyj3w6,4,"good, movies, wonder, woman, wasn, looks, pretty, gal"
pbyj2tx,1,"hal, john, ring, lantern, green, sinestro, jordan, episode"
pbyj28z,3,"batman, superman, dcu, reeves, want, universe, gunn, dc"
pbyj0fa,3,"batman, superman, dcu, reeves, want, universe, gunn, dc"
pbyiewl,1,"hal, john, ring, lantern, green, sinestro, jordan, episode"
pbyi93p,1,"hal, john, ring, lantern, green, sinestro, jordan, episode"
pbyi711,2,"movie, bad, superman, supergirl, best, great, wonder, gunn"
pbyhwt3,3,"batman, superman, dcu, reeves, want, universe, gunn, dc"
pbyhmev,0,"like, just, don, people, think, really, know, make"
pbyh8h0,0,"like, just, don, people, think, really, know, make"
pbyh5x1,0,"like, just, don, people, think, really, know, make"
pbyh3hj,0,"like, just, don, people, think, really, know, make"
pbyh2ij,2,"movie, bad, superman, supergirl, best, great, wonder, gunn"
pbyh204,2,"movie, bad, superman, supergirl, best, great, wonder, gunn"
pbygy0x,0,"like, just, don, people, think, really, know, make"
pbygxex,4,"good, movies, wonder, woman, wasn, looks, pretty, gal"
pbygu65,1,"hal, john, ring, lantern, green, sinestro, jordan, episode"
pbygtpm,0,"like, just, don, people, think, really, know, make"
pbygq9i,0,"like, just, don, people, think, really, know, make"
pbygoic,3,"batman, superman, dcu, reeves, want, universe, gunn, dc"
pbygncd,0,"like, just, don, people, think, really, know, make"
pbygftq,0,"like, just, don, people, think, really, know, make"
pbygfle,2,"movie, bad, superman, supergirl, best, great, wonder, gunn"
pbyg11r,0,"like, just, don, people, think, really, know, make"
pbyfvu0,1,"hal, john, ring, lantern, green, sinestro, jordan, episode"
pbyfrgy,3,"batman, superman, dcu, reeves, want, universe, gunn, dc"
pbyfqy0,1,"hal, john, ring, lantern, green, sinestro, jordan, episode"
pbyfqou,2,"movie, bad, superman, supergirl, best, great, wonder, gunn"
pbyfn54,0,"like, just, don, people, think, really, know, make"
pbyfjh3,0,"like, just, don, people, think, really, know, make"
pbyfhhn,1,"hal, john, ring, lantern, green, sinestro, jordan, episode"
pbyfajs,0,"like, just, don, people, think, really, know, make"
pbyfabq,1,"hal, john, ring, lantern, green, sinestro, jordan, episode"
pbyf6jl,0,"like, just, don, people, think, really, know, make"
pbyexb1,1,"hal, john, ring, lantern, green, sinestro, jordan, episode"
pbyex01,1,"hal, john, ring, lantern, green, sinestro, jordan, episode"
pbyewc2,0,"like, just, don, people, think, really, know, make"
pbyepts,2,"movie, bad, superman, supergirl, best, great, wonder, gunn"
pbyepku,0,"like, just, don, people, think, really, know, make"
pbyenel,0,"like, just, don, people, think, really, know, make"
pbyebh2,0,"like, just, don, people, think, really, know, make"
pbye884,1,"hal, john, ring, lantern, green, sinestro, jordan, episode"
pbye4aq,0,"like, just, don, people, think, really, know, make"
pbye3zw,0,"like, just, don, people, think, really, know, make"
pbydxim,1,"hal, john, ring, lantern, green, sinestro, jordan, episode"
pbydw7k,4,"good, movies, wonder, woman, wasn, looks, pretty, gal"
pbydq62,0,"like, just, don, people, think, really, know, make"
pbydpz7,4,"good, movies, wonder, woman, wasn, looks, pretty, gal"
pbydhj2,0,"like, just, don, people, think, really, know, make"
pbydh5z,0,"like, just, don, people, think, really, know, make"
pbyde2i,1,"hal, john, ring, lantern, green, sinestro, jordan, episode"
pbydc8h,1,"hal, john, ring, lantern, green, sinestro, jordan, episode"
pbydaqs,0,"like, just, don, people, think, really, know, make"
pbyda5v,0,"like, just, don, people, think, really, know, make"
pbyd9uf,1,"hal, john, ring, lantern, green, sinestro, jordan, episode"
pbyd8nf,0,"like, just, don, people, think, really, know, make"
pbyd84c,2,"movie, bad, superman, supergirl, best, great, wonder, gunn"
pbyd27y,0,"like, just, don, people, think, really, know, make"
pbyd161,1,"hal, john, ring, lantern, green, sinestro, jordan, episode"
pbycxta,1,"hal, john, ring, lantern, green, sinestro, jordan, episode"
pbycwu8,3,"batman, superman, dcu, reeves, want, universe, gunn, dc"
pbyctzl,1,"hal, john, ring, lantern, green, sinestro, jordan, episode"
pbycrq1,1,"hal, john, ring, lantern, green, sinestro, jordan, episode"
pbycpxc,0,"like, just, don, people, think, really, know, make"
pbyckdx,1,"hal, john, ring, lantern, green, sinestro, jordan, episode"
pbyck8w,0,"like, just, don, people, think, really, know, make"
pbycgyf,0,"like, just, don, people, think, really, know, make"
pbycejf,1,"hal, john, ring, lantern, green, sinestro, jordan, episode"
pbycdqw,0,"like, just, don, people, think, really, know, make"
pbycdbf,0,"like, just, don, people, think, really, know, make"
pbyc6qo,2,"movie, bad, superman, supergirl, best, great, wonder, gunn"
pbyc2w5,1,"hal, john, ring, lantern, green, sinestro, jordan, episode"
pbybrza,1,"hal, john, ring, lantern, green, sinestro, jordan, episode"
pbybm9l,1,"hal, john, ring, lantern, green, sinestro, jordan, episode"
pbybapl,3,"batman, superman, dcu, reeves, want, universe, gunn, dc"
pbyb7tj,0,"like, just, don, people, think, really, know, make"
pbyb6nb,1,"hal, john, ring, lantern, green, sinestro, jordan, episode"
pbyaw9o,2,"movie, bad, superman, supergirl, best, great, wonder, gunn"
pbyarg3,1,"hal, john, ring, lantern, green, sinestro, jordan, episode"
pbyacf3,1,"hal, john, ring, lantern, green, sinestro, jordan, episode"
pbyac4m,0,"like, just, don, people, think, really, know, make"
pby9yqv,4,"good, movies, wonder, woman, wasn, looks, pretty, gal"
pby9vax,3,"batman, superman, dcu, reeves, want, universe, gunn, dc"
pby9tq4,3,"batman, superman, dcu, reeves, want, universe, gunn, dc"
pby9n3q,1,"hal, john, ring, lantern, green, sinestro, jordan, episode"
pby9liq,0,"like, just, don, people, think, really, know, make"
pby9l8q,0,"like, just, don, people, think, really, know, make"
pby9g4o,0,"like, just, don, people, think, really, know, make"
pby9dp7,2,"movie, bad, superman, supergirl, best, great, wonder, gunn"
pby9chi,4,"good, movies, wonder, woman, wasn, looks, pretty, gal"
pby8g5k,0,"like, just, don, people, think, really, know, make"
pby8c6e,4,"good, movies, wonder, woman, wasn, looks, pretty, gal"
pby88h6,0,"like, just, don, people, think, really, know, make"
pby85nb,0,"like, just, don, people, think, really, know, make"
pby7zw7,0,"like, just, don, people, think, really, know, make"
pby7oaw,1,"hal, john, ring, lantern, green, sinestro, jordan, episode"
pby6yyv,0,"like, just, don, people, think, really, know, make"
pby6yjp,1,"hal, john, ring, lantern, green, sinestro, jordan, episode"
pby6udt,0,"like, just, don, people, think, really, know, make"
pby6tsp,3,"batman, superman, dcu, reeves, want, universe, gunn, dc"
pby6oom,0,"like, just, don, people, think, really, know, make"
pby6mio,2,"movie, bad, superman, supergirl, best, great, wonder, gunn"
pby6jwf,1,"hal, john, ring, lantern, green, sinestro, jordan, episode"
pby6iee,1,"hal, john, ring, lantern, green, sinestro, jordan, episode"
pby6gs7,3,"batman, superman, dcu, reeves, want, universe, gunn, dc"
pby66fq,3,"batman, superman, dcu, reeves, want, universe, gunn, dc"
pby6282,1,"hal, john, ring, lantern, green, sinestro, jordan, episode"
pby5u6y,1,"hal, john, ring, lantern, green, sinestro, jordan, episode"
pby5bzn,0,"like, just, don, people, think, really, know, make"
pby55xq,1,"hal, john, ring, lantern, green, sinestro, jordan, episode"
pby53wr,1,"hal, john, ring, lantern, green, sinestro, jordan, episode"
pby53se,1,"hal, john, ring, lantern, green, sinestro, jordan, episode"
pby51nb,1,"hal, john, ring, lantern, green, sinestro, jordan, episode"
pby4utv,1,"hal, john, ring, lantern, green, sinestro, jordan, episode"
pby4h56,1,"hal, john, ring, lantern, green, sinestro, jordan, episode"
pby4g1f,3,"batman, superman, dcu, reeves, want, universe, gunn, dc"
pby4coh,1,"hal, john, ring, lantern, green, sinestro, jordan, episode"
pby4c1f,0,"like, just, don, people, think, really, know, make"
pby4a23,2,"movie, bad, superman, supergirl, best, great, wonder, gunn"
pby442h,2,"movie, bad, superman, supergirl, best, great, wonder, gunn"
pby3ej3,1,"hal, john, ring, lantern, green, sinestro, jordan, episode"
pby3c18,1,"hal, john, ring, lantern, green, sinestro, jordan, episode"
pby2tye,1,"hal, john, ring, lantern, green, sinestro, jordan, episode"
pby2lv9,0,"like, just, don, people, think, really, know, make"
pby2lqp,0,"like, just, don, people, think, really, know, make"
pby2ii5,0,"like, just, don, people, think, really, know, make"
pby2i2p,0,"like, just, don, people, think, really, know, make"
pby2g78,0,"like, just, don, people, think, really, know, make"
pby29y3,1,"hal, john, ring, lantern, green, sinestro, jordan, episode"
pby1ta1,4,"good, movies, wonder, woman, wasn, looks, pretty, gal"
pby1su6,1,"hal, john, ring, lantern, green, sinestro, jordan, episode"
pby1izq,0,"like, just, don, people, think, really, know, make"
pby1hsk,0,"like, just, don, people, think, really, know, make"
pby1gub,0,"like, just, don, people, think, really, know, make"
pby1fui,3,"batman, superman, dcu, reeves, want, universe, gunn, dc"
pby1eiu,0,"like, just, don, people, think, really, know, make"
pby1alh,1,"hal, john, ring, lantern, green, sinestro, jordan, episode"
pby1aik,0,"like, just, don, people, think, really, know, make"
pby184z,0,"like, just, don, people, think, really, know, make"
pby11d7,1,"hal, john, ring, lantern, green, sinestro, jordan, episode"
pby0t9k,1,"hal, john, ring, lantern, green, sinestro, jordan, episode"
pby0r4w,0,"like, just, don, people, think, really, know, make"
pby0a0h,0,"like, just, don, people, think, really, know, make"
pby07ku,2,"movie, bad, superman, supergirl, best, great, wonder, gunn"
pby011b,1,"hal, john, ring, lantern, green, sinestro, jordan, episode"
pbxzqz4,1,"hal, john, ring, lantern, green, sinestro, jordan, episode"
pbxz5hx,0,"like, just, don, people, think, really, know, make"
pbxz480,0,"like, just, don, people, think, really, know, make"
pbxz3f4,4,"good, movies, wonder, woman, wasn, looks, pretty, gal"
pbxz0ls,0,"like, just, don, people, think, really, know, make"
pbxyyts,0,"like, just, don, people, think, really, know, make"
pbxyx9o,3,"batman, superman, dcu, reeves, want, universe, gunn, dc"
pbxytek,0,"like, just, don, people, think, really, know, make"
pbxyols,3,"batman, superman, dcu, reeves, want, universe, gunn, dc"
pbxyecd,0,"like, just, don, people, think, really, know, make"
pbxy026,2,"movie, bad, superman, supergirl, best, great, wonder, gunn"
pbxxcsf,3,"batman, superman, dcu, reeves, want, universe, gunn, dc"
pbxx5sx,1,"hal, john, ring, lantern, green, sinestro, jordan, episode"
pbxx385,1,"hal, john, ring, lantern, green, sinestro, jordan, episode"
pbxwzp9,0,"like, just, don, people, think, really, know, make"
pbxwxkt,2,"movie, bad, superman, supergirl, best, great, wonder, gunn"
pbxwsde,0,"like, just, don, people, think, really, know, make"
pbxwprl,1,"hal, john, ring, lantern, green, sinestro, jordan, episode"
pbxwpa0,0,"like, just, don, people, think, really, know, make"
pbxwn95,1,"hal, john, ring, lantern, green, sinestro, jordan, episode"
pbxwbej,2,"movie, bad, superman, supergirl, best, great, wonder, gunn"
pbxvzro,0,"like, just, don, people, think, really, know, make"
pbxvw11,1,"hal, john, ring, lantern, green, sinestro, jordan, episode"
pbxvvmc,0,"like, just, don, people, think, really, know, make"
pbxvtci,2,"movie, bad, superman, supergirl, best, great, wonder, gunn"
pbxv9ty,1,"hal, john, ring, lantern, green, sinestro, jordan, episode"
pbxv7vq,3,"batman, superman, dcu, reeves, want, universe, gunn, dc"
pbxuuwz,1,"hal, john, ring, lantern, green, sinestro, jordan, episode"
pbxusih,0,"like, just, don, people, think, really, know, make"
pbxunu0,0,"like, just, don, people, think, really, know, make"
pbxukp9,0,"like, just, don, people, think, really, know, make"
pbxuiiz,1,"hal, john, ring, lantern, green, sinestro, jordan, episode"
pbxua16,2,"movie, bad, superman, supergirl, best, great, wonder, gunn"
pbxu8h8,0,"like, just, don, people, think, really, know, make"
pbxtz1q,0,"like, just, don, people, think, really, know, make"
pbxtjor,3,"batman, superman, dcu, reeves, want, universe, gunn, dc"
pbxti15,0,"like, just, don, people, think, really, know, make"
pbxthpm,0,"like, just, don, people, think, really, know, make"
pbxteeg,0,"like, just, don, people, think, really, know, make"
pbxtch8,0,"like, just, don, people, think, really, know, make"
pbxt7t0,1,"hal, john, ring, lantern, green, sinestro, jordan, episode"
pbxt5ac,0,"like, just, don, people, think, really, know, make"
pbxt304,2,"movie, bad, superman, supergirl, best, great, wonder, gunn"
pbxsiu3,1,"hal, john, ring, lantern, green, sinestro, jordan, episode"
pbxse99,0,"like, just, don, people, think, really, know, make"
pbxs0lt,0,"like, just, don, people, think, really, know, make"
pbxry85,0,"like, just, don, people, think, really, know, make"
pbxrw9t,1,"hal, john, ring, lantern, green, sinestro, jordan, episode"
pbxrdp7,3,"batman, superman, dcu, reeves, want, universe, gunn, dc"
pbxraa8,3,"batman, superman, dcu, reeves, want, universe, gunn, dc"
pbxr89c,0,"like, just, don, people, think, really, know, make"
pbxr4oj,2,"movie, bad, superman, supergirl, best, great, wonder, gunn"
pbxqldm,1,"hal, john, ring, lantern, green, sinestro, jordan, episode"
pbxqito,0,"like, just, don, people, think, really, know, make"
pbxqgaf,0,"like, just, don, people, think, really, know, make"
pbxqfzl,0,"like, just, don, people, think, really, know, make"
pbxqarf,2,"movie, bad, superman, supergirl, best, great, wonder, gunn"
pbxpc8v,0,"like, just, don, people, think, really, know, make"
pbxpbsu,1,"hal, john, ring, lantern, green, sinestro, jordan, episode"
pbxpajc,1,"hal, john, ring, lantern, green, sinestro, jordan, episode"
pbxp95u,4,"good, movies, wonder, woman, wasn, looks, pretty, gal"
pbxp8na,0,"like, just, don, people, think, really, know, make"
pbxoxk6,0,"like, just, don, people, think, really, know, make"
pbxoo0n,0,"like, just, don, people, think, really, know, make"
pbxoaq6,3,"batman, superman, dcu, reeves, want, universe, gunn, dc"
pbxo08t,0,"like, just, don, people, think, really, know, make"
pbxnve6,0,"like, just, don, people, think, really, know, make"
pbxnq3c,4,"good, movies, wonder, woman, wasn, looks, pretty, gal"
pbxnjuj,0,"like, just, don, people, think, really, know, make"
pbxnj7y,0,"like, just, don, people, think, really, know, make"
pbxn9l4,0,"like, just, don, people, think, really, know, make"
pbxn73n,3,"batman, superman, dcu, reeves, want, universe, gunn, dc"
pbxn6w8,3,"batman, superman, dcu, reeves, want, universe, gunn, dc"
pbxn08m,1,"hal, john, ring, lantern, green, sinestro, jordan, episode"
pbxmqg0,0,"like, just, don, people, think, really, know, make"
pbxmmq0,1,"hal, john, ring, lantern, green, sinestro, jordan, episode"
pbxmm85,0,"like, just, don, people, think, really, know, make"
pbxmkk5,1,"hal, john, ring, lantern, green, sinestro, jordan, episode"
pbxmh7i,0,"like, just, don, people, think, really, know, make"
pbxlun0,1,"hal, john, ring, lantern, green, sinestro, jordan, episode"
pbxltl8,4,"good, movies, wonder, woman, wasn, looks, pretty, gal"
pbxlpd8,0,"like, just, don, people, think, really, know, make"
pbxl7ja,0,"like, just, don, people, think, really, know, make"
pbxl4l2,0,"like, just, don, people, think, really, know, make"
pbxkxkr,3,"batman, superman, dcu, reeves, want, universe, gunn, dc"
pbxkn4p,3,"batman, superman, dcu, reeves, want, universe, gunn, dc"
pbxkmmr,0,"like, just, don, people, think, really, know, make"
pbxkhuy,1,"hal, john, ring, lantern, green, sinestro, jordan, episode"
pbxkflq,1,"hal, john, ring, lantern, green, sinestro, jordan, episode"
pbxkb60,4,"good, movies, wonder, woman, wasn, looks, pretty, gal"
pbxk0pt,0,"like, just, don, people, think, really, know, make"
pbxjhrq,0,"like, just, don, people, think, really, know, make"
pbxjal1,0,"like, just, don, people, think, really, know, make"
pbxj8ds,0,"like, just, don, people, think, really, know, make"
pbxj49m,0,"like, just, don, people, think, really, know, make"
pbxiy9p,4,"good, movies, wonder, woman, wasn, looks, pretty, gal"
pbxij4g,4,"good, movies, wonder, woman, wasn, looks, pretty, gal"
pbxi7ko,3,"batman, superman, dcu, reeves, want, universe, gunn, dc"
pbxhz9c,1,"hal, john, ring, lantern, green, sinestro, jordan, episode"
pbxhv07,0,"like, just, don, people, think, really, know, make"
pbxhlfl,2,"movie, bad, superman, supergirl, best, great, wonder, gunn"
pbxhio6,0,"like, just, don, people, think, really, know, make"
pbxhgjd,0,"like, just, don, people, think, really, know, make"
pbxh5zi,1,"hal, john, ring, lantern, green, sinestro, jordan, episode"
pbxh46w,1,"hal, john, ring, lantern, green, sinestro, jordan, episode"
pbxgz3b,1,"hal, john, ring, lantern, green, sinestro, jordan, episode"
pbxgnru,0,"like, just, don, people, think, really, know, make"
pbxgn30,0,"like, just, don, people, think, really, know, make"
pbxgcoy,2,"movie, bad, superman, supergirl, best, great, wonder, gunn"
pbxg9sn,0,"like, just, don, people, think, really, know, make"
pbxg9qg,1,"hal, john, ring, lantern, green, sinestro, jordan, episode"
pbxfsz3,1,"hal, john, ring, lantern, green, sinestro, jordan, episode"
pbxft0m,3,"batman, superman, dcu, reeves, want, universe, gunn, dc"
pbxfput,4,"good, movies, wonder, woman, wasn, looks, pretty, gal"
pbxfnx3,0,"like, just, don, people, think, really, know, make"
pbxfaxh,0,"like, just, don, people, think, really, know, make"
pbxfatk,1,"hal, john, ring, lantern, green, sinestro, jordan, episode"
pbxf5cx,0,"like, just, don, people, think, really, know, make"
pbxf4nz,0,"like, just, don, people, think, really, know, make"
pbxewbz,0,"like, just, don, people, think, really, know, make"
pbxer4g,0,"like, just, don, people, think, really, know, make"
pbxepdd,0,"like, just, don, people, think, really, know, make"
pbxeoov,0,"like, just, don, people, think, really, know, make"
pbxem7r,4,"good, movies, wonder, woman, wasn, looks, pretty, gal"
pbxekmg,1,"hal, john, ring, lantern, green, sinestro, jordan, episode"
pbxegs6,1,"hal, john, ring, lantern, green, sinestro, jordan, episode"
pbxeahi,0,"like, just, don, people, think, really, know, make"
pbxe9u4,0,"like, just, don, people, think, really, know, make"
pbxdzx5,1,"hal, john, ring, lantern, green, sinestro, jordan, episode"
pbxdvrx,1,"hal, john, ring, lantern, green, sinestro, jordan, episode"
pbxdtdi,4,"good, movies, wonder, woman, wasn, looks, pretty, gal"
pbxdpey,3,"batman, superman, dcu, reeves, want, universe, gunn, dc"
pbxdgf5,1,"hal, john, ring, lantern, green, sinestro, jordan, episode"
pbxdcgh,0,"like, just, don, people, think, really, know, make"
pbxdc4w,2,"movie, bad, superman, supergirl, best, great, wonder, gunn"
pbxdbq6,1,"hal, john, ring, lantern, green, sinestro, jordan, episode"
pbxd7fv,0,"like, just, don, people, think, really, know, make"
pbxd4mc,3,"batman, superman, dcu, reeves, want, universe, gunn, dc"
pbxcz91,0,"like, just, don, people, think, really, know, make"
pbxcyo1,2,"movie, bad, superman, supergirl, best, great, wonder, gunn"
pbxcusd,0,"like, just, don, people, think, really, know, make"
pbxcqiq,1,"hal, john, ring, lantern, green, sinestro, jordan, episode"
pbxcjkr,0,"like, just, don, people, think, really, know, make"
pbxcito,3,"batman, superman, dcu, reeves, want, universe, gunn, dc"
pbxc8xl,0,"like, just, don, people, think, really, know, make"
pbxc5hq,0,"like, just, don, people, think, really, know, make"
pbxc5bz,0,"like, just, don, people, think, really, know, make"
pbxbnuf,2,"movie, bad, superman, supergirl, best, great, wonder, gunn"
pbxbld5,3,"batman, superman, dcu, reeves, want, universe, gunn, dc"
pbxbiuy,3,"batman, superman, dcu, reeves, want, universe, gunn, dc"
pbxawpr,1,"hal, john, ring, lantern, green, sinestro, jordan, episode"
pbxakma,3,"batman, superman, dcu, reeves, want, universe, gunn, dc"
pbxaepq,2,"movie, bad, superman, supergirl, best, great, wonder, gunn"
pbx9swx,0,"like, just, don, people, think, really, know, make"
pbx9h08,2,"movie, bad, superman, supergirl, best, great, wonder, gunn"
pbx994m,2,"movie, bad, superman, supergirl, best, great, wonder, gunn"
pbx8vye,0,"like, just, don, people, think, really, know, make"
pbx8q84,1,"hal, john, ring, lantern, green, sinestro, jordan, episode"
pbx8lk0,0,"like, just, don, people, think, really, know, make"
pbx8bv6,1,"hal, john, ring, lantern, green, sinestro, jordan, episode"
pbx8av9,0,"like, just, don, people, think, really, know, make"
pbx7mlh,2,"movie, bad, superman, supergirl, best, great, wonder, gunn"
pbx7if1,2,"movie, bad, superman, supergirl, best, great, wonder, gunn"
pbx7crp,4,"good, movies, wonder, woman, wasn, looks, pretty, gal"
pbx6wht,4,"good, movies, wonder, woman, wasn, looks, pretty, gal"
pbx6hti,0,"like, just, don, people, think, really, know, make"
pbx6ghk,0,"like, just, don, people, think, really, know, make"
pbx69ar,1,"hal, john, ring, lantern, green, sinestro, jordan, episode"
pbx655a,0,"like, just, don, people, think, really, know, make"
pbx51es,1,"hal, john, ring, lantern, green, sinestro, jordan, episode"
pbx4lml,1,"hal, john, ring, lantern, green, sinestro, jordan, episode"
pbx4l5v,1,"hal, john, ring, lantern, green, sinestro, jordan, episode"
pbx4j27,1,"hal, john, ring, lantern, green, sinestro, jordan, episode"
pbx48lt,1,"hal, john, ring, lantern, green, sinestro, jordan, episode"
pbx4087,1,"hal, john, ring, lantern, green, sinestro, jordan, episode"
pbx3en9,0,"like, just, don, people, think, really, know, make"
pbx3d6u,4,"good, movies, wonder, woman, wasn, looks, pretty, gal"
pbx39rr,1,"hal, john, ring, lantern, green, sinestro, jordan, episode"
pbx36oe,1,"hal, john, ring, lantern, green, sinestro, jordan, episode"
pbx2qvq,0,"like, just, don, people, think, really, know, make"
pbx2i5n,2,"movie, bad, superman, supergirl, best, great, wonder, gunn"
pbx26p7,1,"hal, john, ring, lantern, green, sinestro, jordan, episode"
pbx263x,2,"movie, bad, superman, supergirl, best, great, wonder, gunn"
pbx1y83,0,"like, just, don, people, think, really, know, make"
pbx1q4f,0,"like, just, don, people, think, really, know, make"
pbx15xg,0,"like, just, don, people, think, really, know, make"
pbx0z6y,1,"hal, john, ring, lantern, green, sinestro, jordan, episode"
pbx0qhy,0,"like, just, don, people, think, really, know, make"
pbx0jpj,4,"good, movies, wonder, woman, wasn, looks, pretty, gal"
pbx0hnm,4,"good, movies, wonder, woman, wasn, looks, pretty, gal"
pbwztus,3,"batman, superman, dcu, reeves, want, universe, gunn, dc"
pbwzsrl,2,"movie, bad, superman, supergirl, best, great, wonder, gunn"
pbwzf2p,2,"movie, bad, superman, supergirl, best, great, wonder, gunn"
pbwzcns,3,"batman, superman, dcu, reeves, want, universe, gunn, dc"
pbwz5pp,0,"like, just, don, people, think, really, know, make"
pbwz4iu,3,"batman, superman, dcu, reeves, want, universe, gunn, dc"
pbwz1qf,0,"like, just, don, people, think, really, know, make"
pbwyvi5,0,"like, just, don, people, think, really, know, make"
pbwyemu,0,"like, just, don, people, think, really, know, make"
pbwy05c,1,"hal, john, ring, lantern, green, sinestro, jordan, episode"
pbwxr8g,4,"good, movies, wonder, woman, wasn, looks, pretty, gal"
pbwxjaf,0,"like, just, don, people, think, really, know, make"
pbwxe2l,1,"hal, john, ring, lantern, green, sinestro, jordan, episode"
pbwxcd0,1,"hal, john, ring, lantern, green, sinestro, jordan, episode"
pbwxc83,4,"good, movies, wonder, woman, wasn, looks, pretty, gal"
pbwxbxg,0,"like, just, don, people, think, really, know, make"
pbwx9xv,0,"like, just, don, people, think, really, know, make"
pbwx8i8,3,"batman, superman, dcu, reeves, want, universe, gunn, dc"
pbwx3qr,1,"hal, john, ring, lantern, green, sinestro, jordan, episode"
pbwx0ne,0,"like, just, don, people, think, really, know, make"
pbwwrk8,3,"batman, superman, dcu, reeves, want, universe, gunn, dc"
pbwwih7,1,"hal, john, ring, lantern, green, sinestro, jordan, episode"
pbww3rn,0,"like, just, don, people, think, really, know, make"
pbwvy8i,3,"batman, superman, dcu, reeves, want, universe, gunn, dc"
pbwvwti,3,"batman, superman, dcu, reeves, want, universe, gunn, dc"
pbwvunb,3,"batman, superman, dcu, reeves, want, universe, gunn, dc"
pbwvsd0,3,"batman, superman, dcu, reeves, want, universe, gunn, dc"
pbwvpkd,0,"like, just, don, people, think, really, know, make"
pbwvmf2,0,"like, just, don, people, think, really, know, make"
pbwve1t,0,"like, just, don, people, think, really, know, make"
pbwv7k6,3,"batman, superman, dcu, reeves, want, universe, gunn, dc"
pbwv0pn,1,"hal, john, ring, lantern, green, sinestro, jordan, episode"
pbwuxbc,0,"like, just, don, people, think, really, know, make"
pbwuqeq,0,"like, just, don, people, think, really, know, make"
pbwuoci,0,"like, just, don, people, think, really, know, make"
pbwukyh,0,"like, just, don, people, think, really, know, make"
pbwuhvo,0,"like, just, don, people, think, really, know, make"
pbwubit,0,"like, just, don, people, think, really, know, make"
pbwu1sx,0,"like, just, don, people, think, really, know, make"
pbwtz4b,3,"batman, superman, dcu, reeves, want, universe, gunn, dc"
pbwtycs,3,"batman, superman, dcu, reeves, want, universe, gunn, dc"
pbwtrn8,0,"like, just, don, people, think, really, know, make"
pbwtnon,0,"like, just, don, people, think, really, know, make"
pbwtio9,2,"movie, bad, superman, supergirl, best, great, wonder, gunn"
pbwtgnm,0,"like, just, don, people, think, really, know, make"
pbwt90s,1,"hal, john, ring, lantern, green, sinestro, jordan, episode"
pbwt8xe,4,"good, movies, wonder, woman, wasn, looks, pretty, gal"
pbwt8jy,0,"like, just, don, people, think, really, know, make"
pbwt618,2,"movie, bad, superman, supergirl, best, great, wonder, gunn"
pbwt3vo,1,"hal, john, ring, lantern, green, sinestro, jordan, episode"
pbwt0h7,0,"like, just, don, people, think, really, know, make"
pbwsrl2,0,"like, just, don, people, think, really, know, make"
pbwsrcs,1,"hal, john, ring, lantern, green, sinestro, jordan, episode"
pbwsmdi,0,"like, just, don, people, think, really, know, make"
pbwsezf,3,"batman, superman, dcu, reeves, want, universe, gunn, dc"
pbwsbca,2,"movie, bad, superman, supergirl, best, great, wonder, gunn"
pbwsav9,3,"batman, superman, dcu, reeves, want, universe, gunn, dc"
pbws76v,0,"like, just, don, people, think, really, know, make"
pbws5v8,1,"hal, john, ring, lantern, green, sinestro, jordan, episode"
pbws1gp,0,"like, just, don, people, think, really, know, make"
pbwrx1i,0,"like, just, don, people, think, really, know, make"
pbwrskx,0,"like, just, don, people, think, really, know, make"
pbwro78,0,"like, just, don, people, think, really, know, make"
pbwrie2,0,"like, just, don, people, think, really, know, make"
pbwrglr,0,"like, just, don, people, think, really, know, make"
pbwrdhy,0,"like, just, don, people, think, really, know, make"
pbwrb9s,0,"like, just, don, people, think, really, know, make"
pbwr54n,0,"like, just, don, people, think, really, know, make"
pbwr2h1,0,"like, just, don, people, think, really, know, make"
pbwqzfw,1,"hal, john, ring, lantern, green, sinestro, jordan, episode"
pbwqyoa,0,"like, just, don, people, think, really, know, make"
pbwqvav,0,"like, just, don, people, think, really, know, make"
pbwqrgg,0,"like, just, don, people, think, really, know, make"
pbwqq8g,0,"like, just, don, people, think, really, know, make"
pbwqnik,0,"like, just, don, people, think, really, know, make"
pbwqbes,1,"hal, john, ring, lantern, green, sinestro, jordan, episode"
pbwq3ar,2,"movie, bad, superman, supergirl, best, great, wonder, gunn"
pbwpxd3,0,"like, just, don, people, think, really, know, make"
pbwprs2,0,"like, just, don, people, think, really, know, make"
pbwpnc9,3,"batman, superman, dcu, reeves, want, universe, gunn, dc"
pbwpmxu,1,"hal, john, ring, lantern, green, sinestro, jordan, episode"
pbwplwa,0,"like, just, don, people, think, really, know, make"
pbwphfl,0,"like, just, don, people, think, really, know, make"
pbwpfj7,0,"like, just, don, people, think, really, know, make"
pbwpey6,4,"good, movies, wonder, woman, wasn, looks, pretty, gal"
pbwp7sp,4,"good, movies, wonder, woman, wasn, looks, pretty, gal"
pbwozm5,0,"like, just, don, people, think, really, know, make"
pbwovdh,0,"like, just, don, people, think, really, know, make"
pbworda,2,"movie, bad, superman, supergirl, best, great, wonder, gunn"
pbwokqo,0,"like, just, don, people, think, really, know, make"
pbwoi7u,0,"like, just, don, people, think, really, know, make"
pbwofsx,0,"like, just, don, people, think, really, know, make"
pbwobr5,0,"like, just, don, people, think, really, know, make"
pbwoafp,4,"good, movies, wonder, woman, wasn, looks, pretty, gal"
pbwnvbi,0,"like, just, don, people, think, really, know, make"
pbwns16,1,"hal, john, ring, lantern, green, sinestro, jordan, episode"
pbwnq3q,4,"good, movies, wonder, woman, wasn, looks, pretty, gal"
pbwnps8,4,"good, movies, wonder, woman, wasn, looks, pretty, gal"
pbwnlh5,0,"like, just, don, people, think, really, know, make"
pbwnju2,3,"batman, superman, dcu, reeves, want, universe, gunn, dc"
pbwnfz6,0,"like, just, don, people, think, really, know, make"
pbwn5sc,0,"like, just, don, people, think, really, know, make"
pbwn261,0,"like, just, don, people, think, really, know, make"
pbwmzw2,0,"like, just, don, people, think, really, know, make"
pbwmz7e,0,"like, just, don, people, think, really, know, make"
pbwmlrd,4,"good, movies, wonder, woman, wasn, looks, pretty, gal"
pbwmjwi,0,"like, just, don, people, think, really, know, make"
pbwmev7,0,"like, just, don, people, think, really, know, make"
pbwm0i6,4,"good, movies, wonder, woman, wasn, looks, pretty, gal"
pbwlz04,4,"good, movies, wonder, woman, wasn, looks, pretty, gal"
pbwls8i,4,"good, movies, wonder, woman, wasn, looks, pretty, gal"
pbwlnqj,0,"like, just, don, people, think, really, know, make"
pbwllyi,0,"like, just, don, people, think, really, know, make"
pbwlgcm,1,"hal, john, ring, lantern, green, sinestro, jordan, episode"
pbwl66a,0,"like, just, don, people, think, really, know, make"
pbwl43w,0,"like, just, don, people, think, really, know, make"
pbwl2o1,1,"hal, john, ring, lantern, green, sinestro, jordan, episode"
pbwksh6,4,"good, movies, wonder, woman, wasn, looks, pretty, gal"
pbwknnp,0,"like, just, don, people, think, really, know, make"
pbwkmge,3,"batman, superman, dcu, reeves, want, universe, gunn, dc"
pbwklmo,2,"movie, bad, superman, supergirl, best, great, wonder, gunn"
pbwjrl5,0,"like, just, don, people, think, really, know, make"
pbwjotm,1,"hal, john, ring, lantern, green, sinestro, jordan, episode"
pbwj9zx,3,"batman, superman, dcu, reeves, want, universe, gunn, dc"
pbwj95s,0,"like, just, don, people, think, really, know, make"
pbwj8mh,0,"like, just, don, people, think, really, know, make"
pbwj2ua,0,"like, just, don, people, think, really, know, make"
pbwj2en,0,"like, just, don, people, think, really, know, make"
pbwiue9,1,"hal, john, ring, lantern, green, sinestro, jordan, episode"
pbwisg2,3,"batman, superman, dcu, reeves, want, universe, gunn, dc"
pbwipmb,0,"like, just, don, people, think, really, know, make"
pbwidru,0,"like, just, don, people, think, really, know, make"
pbwicqz,1,"hal, john, ring, lantern, green, sinestro, jordan, episode"
pbwiat0,0,"like, just, don, people, think, really, know, make"
pbwhx1a,0,"like, just, don, people, think, really, know, make"
pbwhp97,0,"like, just, don, people, think, really, know, make"
pbwhd6j,0,"like, just, don, people, think, really, know, make"
pbwh7lb,0,"like, just, don, people, think, really, know, make"
pbwgq61,0,"like, just, don, people, think, really, know, make"
pbwgmkg,3,"batman, superman, dcu, reeves, want, universe, gunn, dc"
pbwgfyn,3,"batman, superman, dcu, reeves, want, universe, gunn, dc"
pbwge8m,0,"like, just, don, people, think, really, know, make"
pbwft3q,3,"batman, superman, dcu, reeves, want, universe, gunn, dc"
pbwfi4l,0,"like, just, don, people, think, really, know, make"
pbwf4z4,3,"batman, superman, dcu, reeves, want, universe, gunn, dc"
pbwf0x1,0,"like, just, don, people, think, really, know, make"
pbweltu,1,"hal, john, ring, lantern, green, sinestro, jordan, episode"
pbwelgb,1,"hal, john, ring, lantern, green, sinestro, jordan, episode"
pbwej2y,0,"like, just, don, people, think, really, know, make"
pbweira,2,"movie, bad, superman, supergirl, best, great, wonder, gunn"
pbwecny,2,"movie, bad, superman, supergirl, best, great, wonder, gunn"
pbwead4,1,"hal, john, ring, lantern, green, sinestro, jordan, episode"
pbwe685,1,"hal, john, ring, lantern, green, sinestro, jordan, episode"
pbwe3k4,2,"movie, bad, superman, supergirl, best, great, wonder, gunn"
pbwdx8r,4,"good, movies, wonder, woman, wasn, looks, pretty, gal"
pbwdrj9,0,"like, just, don, people, think, really, know, make"
pbwdpae,1,"hal, john, ring, lantern, green, sinestro, jordan, episode"
pbwdi7q,1,"hal, john, ring, lantern, green, sinestro, jordan, episode"
pbwdfm3,2,"movie, bad, superman, supergirl, best, great, wonder, gunn"
pbwdc8k,0,"like, just, don, people, think, really, know, make"
pbwd360,0,"like, just, don, people, think, really, know, make"
pbwd1hj,3,"batman, superman, dcu, reeves, want, universe, gunn, dc"
pbwcpya,0,"like, just, don, people, think, really, know, make"
pbwcjvm,1,"hal, john, ring, lantern, green, sinestro, jordan, episode"
pbwcjrv,0,"like, just, don, people, think, really, know, make"
pbwcbz9,2,"movie, bad, superman, supergirl, best, great, wonder, gunn"
pbwcbth,3,"batman, superman, dcu, reeves, want, universe, gunn, dc"
pbwca3m,1,"hal, john, ring, lantern, green, sinestro, jordan, episode"
pbwc4jo,0,"like, just, don, people, think, really, know, make"
pbwc479,3,"batman, superman, dcu, reeves, want, universe, gunn, dc"
pbwbuqh,0,"like, just, don, people, think, really, know, make"
pbwbnco,3,"batman, superman, dcu, reeves, want, universe, gunn, dc"
pbwbjjq,0,"like, just, don, people, think, really, know, make"
pbwbil0,2,"movie, bad, superman, supergirl, best, great, wonder, gunn"
pbwbac5,1,"hal, john, ring, lantern, green, sinestro, jordan, episode"
pbwb3n2,1,"hal, john, ring, lantern, green, sinestro, jordan, episode"
pbwaq02,1,"hal, john, ring, lantern, green, sinestro, jordan, episode"
pbwa8y1,2,"movie, bad, superman, supergirl, best, great, wonder, gunn"
pbwa7tb,1,"hal, john, ring, lantern, green, sinestro, jordan, episode"
pbwa5o9,1,"hal, john, ring, lantern, green, sinestro, jordan, episode"
pbw9x9e,1,"hal, john, ring, lantern, green, sinestro, jordan, episode"
pbw9ty2,0,"like, just, don, people, think, really, know, make"
pbw9t51,0,"like, just, don, people, think, really, know, make"
pbw9gik,0,"like, just, don, people, think, really, know, make"
pbw9cca,3,"batman, superman, dcu, reeves, want, universe, gunn, dc"
pbw99xa,0,"like, just, don, people, think, really, know, make"
pbw9875,1,"hal, john, ring, lantern, green, sinestro, jordan, episode"
pbw94aw,0,"like, just, don, people, think, really, know, make"
pbw8u9d,0,"like, just, don, people, think, really, know, make"
pbw8ibp,0,"like, just, don, people, think, really, know, make"
pbw8fed,0,"like, just, don, people, think, really, know, make"
pbw8f8i,0,"like, just, don, people, think, really, know, make"
pbw8d5d,0,"like, just, don, people, think, really, know, make"
pbw88q0,0,"like, just, don, people, think, really, know, make"
pbw83dv,0,"like, just, don, people, think, really, know, make"
pbw7y6a,1,"hal, john, ring, lantern, green, sinestro, jordan, episode"
pbw7x4g,3,"batman, superman, dcu, reeves, want, universe, gunn, dc"
pbw7ujo,0,"like, just, don, people, think, really, know, make"
pbw7qya,1,"hal, john, ring, lantern, green, sinestro, jordan, episode"
pbw7jwv,1,"hal, john, ring, lantern, green, sinestro, jordan, episode"
pbw7gy0,0,"like, just, don, people, think, really, know, make"
pbw7cqf,0,"like, just, don, people, think, really, know, make"
pbw7bwu,0,"like, just, don, people, think, really, know, make"
pbw7bdr,1,"hal, john, ring, lantern, green, sinestro, jordan, episode"
pbw7259,2,"movie, bad, superman, supergirl, best, great, wonder, gunn"
pbw6vct,1,"hal, john, ring, lantern, green, sinestro, jordan, episode"
pbw6v2k,0,"like, just, don, people, think, really, know, make"
pbw6s0y,0,"like, just, don, people, think, really, know, make"
pbw6gi5,0,"like, just, don, people, think, really, know, make"
pbw6cvc,1,"hal, john, ring, lantern, green, sinestro, jordan, episode"
pbw6c4k,3,"batman, superman, dcu, reeves, want, universe, gunn, dc"
pbw68c7,0,"like, just, don, people, think, really, know, make"
pbw67x2,0,"like, just, don, people, think, really, know, make"
pbw67hz,2,"movie, bad, superman, supergirl, best, great, wonder, gunn"
pbw5zaf,1,"hal, john, ring, lantern, green, sinestro, jordan, episode"
pbw5sa7,2,"movie, bad, superman, supergirl, best, great, wonder, gunn"
pbw5i0q,0,"like, just, don, people, think, really, know, make"
pbw5e72,1,"hal, john, ring, lantern, green, sinestro, jordan, episode"
pbw57wz,1,"hal, john, ring, lantern, green, sinestro, jordan, episode"
pbw5787,1,"hal, john, ring, lantern, green, sinestro, jordan, episode"
pbw56yt,0,"like, just, don, people, think, really, know, make"
pbw53pw,3,"batman, superman, dcu, reeves, want, universe, gunn, dc"
pbw52xx,0,"like, just, don, people, think, really, know, make"
pbw4y3c,1,"hal, john, ring, lantern, green, sinestro, jordan, episode"
pbw4ty5,1,"hal, john, ring, lantern, green, sinestro, jordan, episode"
pbw4so9,1,"hal, john, ring, lantern, green, sinestro, jordan, episode"
pbw4fal,1,"hal, john, ring, lantern, green, sinestro, jordan, episode"
pbw4evk,3,"batman, superman, dcu, reeves, want, universe, gunn, dc"
pbw4emo,0,"like, just, don, people, think, really, know, make"
pbw450r,2,"movie, bad, superman, supergirl, best, great, wonder, gunn"
pbw3vwm,0,"like, just, don, people, think, really, know, make"
pbw3p5r,3,"batman, superman, dcu, reeves, want, universe, gunn, dc"
pbw3nd9,3,"batman, superman, dcu, reeves, want, universe, gunn, dc"
pbw3bkl,3,"batman, superman, dcu, reeves, want, universe, gunn, dc"
pbw37rs,1,"hal, john, ring, lantern, green, sinestro, jordan, episode"
pbw37f0,1,"hal, john, ring, lantern, green, sinestro, jordan, episode"
pbw2zls,1,"hal, john, ring, lantern, green, sinestro, jordan, episode"
pbw2xhe,4,"good, movies, wonder, woman, wasn, looks, pretty, gal"
pbw2wbg,3,"batman, superman, dcu, reeves, want, universe, gunn, dc"
pbw2s4c,0,"like, just, don, people, think, really, know, make"
pbw2rhu,2,"movie, bad, superman, supergirl, best, great, wonder, gunn"
pbw2qfm,1,"hal, john, ring, lantern, green, sinestro, jordan, episode"
pbw2hnt,0,"like, just, don, people, think, really, know, make"
pbw28y6,4,"good, movies, wonder, woman, wasn, looks, pretty, gal"
pbw24ow,3,"batman, superman, dcu, reeves, want, universe, gunn, dc"
pbw21ho,0,"like, just, don, people, think, really, know, make"
pbw1qpu,0,"like, just, don, people, think, really, know, make"
pbw1q98,1,"hal, john, ring, lantern, green, sinestro, jordan, episode"
pbw1oc9,2,"movie, bad, superman, supergirl, best, great, wonder, gunn"
pbw1l4j,0,"like, just, don, people, think, really, know, make"
pbw1k66,0,"like, just, don, people, think, really, know, make"
pbw1a7w,0,"like, just, don, people, think, really, know, make"
pbw19ui,1,"hal, john, ring, lantern, green, sinestro, jordan, episode"
pbw18rp,2,"movie, bad, superman, supergirl, best, great, wonder, gunn"
pbw14u9,1,"hal, john, ring, lantern, green, sinestro, jordan, episode"
pbw0rx9,1,"hal, john, ring, lantern, green, sinestro, jordan, episode"
pbw0lqh,4,"good, movies, wonder, woman, wasn, looks, pretty, gal"
pbw0kpt,0,"like, just, don, people, think, really, know, make"
pbw0fck,3,"batman, superman, dcu, reeves, want, universe, gunn, dc"
pbw00fq,3,"batman, superman, dcu, reeves, want, universe, gunn, dc"
pbvzyjk,0,"like, just, don, people, think, really, know, make"
pbvzua0,3,"batman, superman, dcu, reeves, want, universe, gunn, dc"
pbvztid,0,"like, just, don, people, think, really, know, make"
pbvzm7n,1,"hal, john, ring, lantern, green, sinestro, jordan, episode"
pbvzgzb,1,"hal, john, ring, lantern, green, sinestro, jordan, episode"
pbvzg7v,1,"hal, john, ring, lantern, green, sinestro, jordan, episode"
pbvzdjq,0,"like, just, don, people, think, really, know, make"
pbvyz9j,3,"batman, superman, dcu, reeves, want, universe, gunn, dc"
pbvywvu,0,"like, just, don, people, think, really, know, make"
pbvytda,2,"movie, bad, superman, supergirl, best, great, wonder, gunn"
pbvysh2,0,"like, just, don, people, think, really, know, make"
pbvyd3e,1,"hal, john, ring, lantern, green, sinestro, jordan, episode"
pbvy9rx,3,"batman, superman, dcu, reeves, want, universe, gunn, dc"
pbvxhkk,1,"hal, john, ring, lantern, green, sinestro, jordan, episode"
pbvxhi8,3,"batman, superman, dcu, reeves, want, universe, gunn, dc"
pbvxgj8,0,"like, just, don, people, think, really, know, make"
pbvxgjz,1,"hal, john, ring, lantern, green, sinestro, jordan, episode"
pbvxe3o,3,"batman, superman, dcu, reeves, want, universe, gunn, dc"
pbvxcmd,0,"like, just, don, people, think, really, know, make"
pbvwzt9,1,"hal, john, ring, lantern, green, sinestro, jordan, episode"
pbvwwyx,2,"movie, bad, superman, supergirl, best, great, wonder, gunn"
pbvwm0r,0,"like, just, don, people, think, really, know, make"
pbvw56q,3,"batman, superman, dcu, reeves, want, universe, gunn, dc"
pbvw14h,2,"movie, bad, superman, supergirl, best, great, wonder, gunn"
pbvvw0f,0,"like, just, don, people, think, really, know, make"
pbvvsp4,0,"like, just, don, people, think, really, know, make"
pbvvr0z,0,"like, just, don, people, think, really, know, make"
pbvvq76,0,"like, just, don, people, think, really, know, make"
pbvv22a,2,"movie, bad, superman, supergirl, best, great, wonder, gunn"
pbvv0ao,1,"hal, john, ring, lantern, green, sinestro, jordan, episode"
pbvut43,0,"like, just, don, people, think, really, know, make"
pbvuodt,0,"like, just, don, people, think, really, know, make"
pbvukmq,4,"good, movies, wonder, woman, wasn, looks, pretty, gal"
pbvuddo,0,"like, just, don, people, think, really, know, make"
pbvuc8r,0,"like, just, don, people, think, really, know, make"
pbvu9w8,3,"batman, superman, dcu, reeves, want, universe, gunn, dc"
pbvu8p6,0,"like, just, don, people, think, really, know, make"
pbvu8c7,4,"good, movies, wonder, woman, wasn, looks, pretty, gal"
pbvu63v,0,"like, just, don, people, think, really, know, make"
pbvu3q7,0,"like, just, don, people, think, really, know, make"
pbvu1zo,3,"batman, superman, dcu, reeves, want, universe, gunn, dc"
pbvtts3,0,"like, just, don, people, think, really, know, make"
pbvtjcu,0,"like, just, don, people, think, really, know, make"
pbvtixu,0,"like, just, don, people, think, really, know, make"
pbvtiga,0,"like, just, don, people, think, really, know, make"
pbvthf8,3,"batman, superman, dcu, reeves, want, universe, gunn, dc"
pbvtcm4,3,"batman, superman, dcu, reeves, want, universe, gunn, dc"
pbvtc2b,3,"batman, superman, dcu, reeves, want, universe, gunn, dc"
pbvtb7o,3,"batman, superman, dcu, reeves, want, universe, gunn, dc"
pbvtaxf,0,"like, just, don, people, think, really, know, make"
pbvt92m,0,"like, just, don, people, think, really, know, make"
pbvt0nd,3,"batman, superman, dcu, reeves, want, universe, gunn, dc"
pbvt0ge,3,"batman, superman, dcu, reeves, want, universe, gunn, dc"
pbvsy46,0,"like, just, don, people, think, really, know, make"
pbvswym,0,"like, just, don, people, think, really, know, make"
pbvsv00,0,"like, just, don, people, think, really, know, make"
pbvsdon,0,"like, just, don, people, think, really, know, make"
pbvsdol,1,"hal, john, ring, lantern, green, sinestro, jordan, episode"
pbvscx4,0,"like, just, don, people, think, really, know, make"
pbvsbzi,4,"good, movies, wonder, woman, wasn, looks, pretty, gal"
pbvsau5,0,"like, just, don, people, think, really, know, make"
pbvs3ql,1,"hal, john, ring, lantern, green, sinestro, jordan, episode"
pbvrzsj,3,"batman, superman, dcu, reeves, want, universe, gunn, dc"
pbvrpv0,3,"batman, superman, dcu, reeves, want, universe, gunn, dc"
pbvrpqh,1,"hal, john, ring, lantern, green, sinestro, jordan, episode"
pbvrode,0,"like, just, don, people, think, really, know, make"
pbvrj4o,0,"like, just, don, people, think, really, know, make"
pbvrezr,1,"hal, john, ring, lantern, green, sinestro, jordan, episode"
pbvqvpv,4,"good, movies, wonder, woman, wasn, looks, pretty, gal"
pbvqvhz,3,"batman, superman, dcu, reeves, want, universe, gunn, dc"
pbvqtjo,1,"hal, john, ring, lantern, green, sinestro, jordan, episode"
pbvqlph,1,"hal, john, ring, lantern, green, sinestro, jordan, episode"
pbvqcym,0,"like, just, don, people, think, really, know, make"
pbvq2vr,0,"like, just, don, people, think, really, know, make"
pbvpyaa,3,"batman, superman, dcu, reeves, want, universe, gunn, dc"
pbvpt55,0,"like, just, don, people, think, really, know, make"
pbvppj8,3,"batman, superman, dcu, reeves, want, universe, gunn, dc"
pbvpml2,0,"like, just, don, people, think, really, know, make"
pbvpk4y,1,"hal, john, ring, lantern, green, sinestro, jordan, episode"
pbvpgd7,1,"hal, john, ring, lantern, green, sinestro, jordan, episode"
pbvp541,4,"good, movies, wonder, woman, wasn, looks, pretty, gal"
pbvow1f,4,"good, movies, wonder, woman, wasn, looks, pretty, gal"
pbvosru,1,"hal, john, ring, lantern, green, sinestro, jordan, episode"
pbvoksq,0,"like, just, don, people, think, really, know, make"
pbvoi9f,0,"like, just, don, people, think, really, know, make"
pbvocwe,1,"hal, john, ring, lantern, green, sinestro, jordan, episode"
pbvochx,0,"like, just, don, people, think, really, know, make"
pbvo31w,1,"hal, john, ring, lantern, green, sinestro, jordan, episode"
pbvo1n9,2,"movie, bad, superman, supergirl, best, great, wonder, gunn"
pbvo1ii,0,"like, just, don, people, think, really, know, make"
pbvnxqn,0,"like, just, don, people, think, really, know, make"
pbvnxmy,3,"batman, superman, dcu, reeves, want, universe, gunn, dc"
pbvnta2,4,"good, movies, wonder, woman, wasn, looks, pretty, gal"
pbvnaab,0,"like, just, don, people, think, really, know, make"
pbvn9sh,3,"batman, superman, dcu, reeves, want, universe, gunn, dc"
pbvn8ap,1,"hal, john, ring, lantern, green, sinestro, jordan, episode"
pbvn7zy,0,"like, just, don, people, think, really, know, make"
pbvn5of,1,"hal, john, ring, lantern, green, sinestro, jordan, episode"
pbvn4l3,1,"hal, john, ring, lantern, green, sinestro, jordan, episode"
pbvn4lg,2,"movie, bad, superman, supergirl, best, great, wonder, gunn"
pbvn3oc,1,"hal, john, ring, lantern, green, sinestro, jordan, episode"
pbvmyf7,0,"like, just, don, people, think, really, know, make"
pbvmoyo,0,"like, just, don, people, think, really, know, make"
pbvmfoh,1,"hal, john, ring, lantern, green, sinestro, jordan, episode"
pbvme09,3,"batman, superman, dcu, reeves, want, universe, gunn, dc"
pbvmct3,0,"like, just, don, people, think, really, know, make"
pbvm8xn,0,"like, just, don, people, think, really, know, make"
pbvm84w,0,"like, just, don, people, think, really, know, make"
pbvm70s,0,"like, just, don, people, think, really, know, make"
pbvm4be,0,"like, just, don, people, think, really, know, make"
pbvm305,2,"movie, bad, superman, supergirl, best, great, wonder, gunn"
pbvm2os,0,"like, just, don, people, think, really, know, make"
pbvm0k9,1,"hal, john, ring, lantern, green, sinestro, jordan, episode"
pbvly6u,0,"like, just, don, people, think, really, know, make"
pbvltqf,1,"hal, john, ring, lantern, green, sinestro, jordan, episode"
pbvlpx4,0,"like, just, don, people, think, really, know, make"
pbvlksk,2,"movie, bad, superman, supergirl, best, great, wonder, gunn"
pbvl8tl,4,"good, movies, wonder, woman, wasn, looks, pretty, gal"
pbvkzll,3,"batman, superman, dcu, reeves, want, universe, gunn, dc"
pbvkxvm,2,"movie, bad, superman, supergirl, best, great, wonder, gunn"
pbvkx74,3,"batman, superman, dcu, reeves, want, universe, gunn, dc"
pbvkrpn,0,"like, just, don, people, think, really, know, make"
pbvkrfw,2,"movie, bad, superman, supergirl, best, great, wonder, gunn"
pbvkplf,2,"movie, bad, superman, supergirl, best, great, wonder, gunn"
pbvkm3e,2,"movie, bad, superman, supergirl, best, great, wonder, gunn"
pbvkhzw,1,"hal, john, ring, lantern, green, sinestro, jordan, episode"
pbvkgyt,0,"like, just, don, people, think, really, know, make"
pbvkc72,3,"batman, superman, dcu, reeves, want, universe, gunn, dc"
pbvkc54,1,"hal, john, ring, lantern, green, sinestro, jordan, episode"
pbvjyeh,1,"hal, john, ring, lantern, green, sinestro, jordan, episode"
pbvjx8m,0,"like, just, don, people, think, really, know, make"
pbvjvkx,0,"like, just, don, people, think, really, know, make"
pbvjrqa,1,"hal, john, ring, lantern, green, sinestro, jordan, episode"
pbvjnqi,3,"batman, superman, dcu, reeves, want, universe, gunn, dc"
pbvjk2t,4,"good, movies, wonder, woman, wasn, looks, pretty, gal"
pbvjj09,1,"hal, john, ring, lantern, green, sinestro, jordan, episode"
pbvj6qk,2,"movie, bad, superman, supergirl, best, great, wonder, gunn"
pbvixq8,1,"hal, john, ring, lantern, green, sinestro, jordan, episode"
pbviu2r,0,"like, just, don, people, think, really, know, make"
pbvit9u,0,"like, just, don, people, think, really, know, make"
pbvinhs,1,"hal, john, ring, lantern, green, sinestro, jordan, episode"
pbvibgh,3,"batman, superman, dcu, reeves, want, universe, gunn, dc"
pbvi9r0,0,"like, just, don, people, think, really, know, make"
pbvi6eb,1,"hal, john, ring, lantern, green, sinestro, jordan, episode"
pbvi23n,1,"hal, john, ring, lantern, green, sinestro, jordan, episode"
pbvhz5r,1,"hal, john, ring, lantern, green, sinestro, jordan, episode"
pbvhys7,0,"like, just, don, people, think, really, know, make"
pbvhxnz,0,"like, just, don, people, think, really, know, make"
pbvhvh6,0,"like, just, don, people, think, really, know, make"
pbvhulo,1,"hal, john, ring, lantern, green, sinestro, jordan, episode"
pbvhoqs,1,"hal, john, ring, lantern, green, sinestro, jordan, episode"
pbvhmtn,3,"batman, superman, dcu, reeves, want, universe, gunn, dc"
pbvhgoy,1,"hal, john, ring, lantern, green, sinestro, jordan, episode"
pbvh9kl,2,"movie, bad, superman, supergirl, best, great, wonder, gunn"
pbvh40m,1,"hal, john, ring, lantern, green, sinestro, jordan, episode"
pbvh1ij,3,"batman, superman, dcu, reeves, want, universe, gunn, dc"
pbvh1cm,2,"movie, bad, superman, supergirl, best, great, wonder, gunn"
pbvgqyh,1,"hal, john, ring, lantern, green, sinestro, jordan, episode"
pbvgpi1,1,"hal, john, ring, lantern, green, sinestro, jordan, episode"
pbvgg4s,3,"batman, superman, dcu, reeves, want, universe, gunn, dc"
pbvg98y,1,"hal, john, ring, lantern, green, sinestro, jordan, episode"
pbvg2s4,1,"hal, john, ring, lantern, green, sinestro, jordan, episode"
pbvfy05,1,"hal, john, ring, lantern, green, sinestro, jordan, episode"
pbvfv73,4,"good, movies, wonder, woman, wasn, looks, pretty, gal"
pbvfch0,1,"hal, john, ring, lantern, green, sinestro, jordan, episode"
pbvfbb9,1,"hal, john, ring, lantern, green, sinestro, jordan, episode"
pbvfayh,1,"hal, john, ring, lantern, green, sinestro, jordan, episode"
pbvf8d7,0,"like, just, don, people, think, really, know, make"
pbvf4gt,0,"like, just, don, people, think, really, know, make"
pbvf11i,0,"like, just, don, people, think, really, know, make"
pbvf0n5,0,"like, just, don, people, think, really, know, make"
pbvevt0,1,"hal, john, ring, lantern, green, sinestro, jordan, episode"
pbvev4k,3,"batman, superman, dcu, reeves, want, universe, gunn, dc"
pbveim3,0,"like, just, don, people, think, really, know, make"
pbve56m,0,"like, just, don, people, think, really, know, make"
pbve2ed,0,"like, just, don, people, think, really, know, make"
pbvdxmr,4,"good, movies, wonder, woman, wasn, looks, pretty, gal"
pbvdulj,0,"like, just, don, people, think, really, know, make"
pbvdkzn,0,"like, just, don, people, think, really, know, make"
pbvdewv,2,"movie, bad, superman, supergirl, best, great, wonder, gunn"
pbvddlt,1,"hal, john, ring, lantern, green, sinestro, jordan, episode"
pbvdczs,0,"like, just, don, people, think, really, know, make"
pbvd4vl,0,"like, just, don, people, think, really, know, make"
pbvczmt,0,"like, just, don, people, think, really, know, make"
pbvcltf,0,"like, just, don, people, think, really, know, make"
pbvcl0z,0,"like, just, don, people, think, really, know, make"
pbvcjuf,0,"like, just, don, people, think, really, know, make"
pbvcglx,1,"hal, john, ring, lantern, green, sinestro, jordan, episode"
pbvcf5y,0,"like, just, don, people, think, really, know, make"
pbvcd48,3,"batman, superman, dcu, reeves, want, universe, gunn, dc"
pbvc4pb,0,"like, just, don, people, think, really, know, make"
pbvc4cb,1,"hal, john, ring, lantern, green, sinestro, jordan, episode"
pbvc2fr,0,"like, just, don, people, think, really, know, make"
pbvc095,1,"hal, john, ring, lantern, green, sinestro, jordan, episode"
pbvbx05,0,"like, just, don, people, think, really, know, make"
pbvbppv,0,"like, just, don, people, think, really, know, make"
pbvbg42,0,"like, just, don, people, think, really, know, make"
pbvbflh,1,"hal, john, ring, lantern, green, sinestro, jordan, episode"
pbvbeqj,3,"batman, superman, dcu, reeves, want, universe, gunn, dc"
pbvbcfy,1,"hal, john, ring, lantern, green, sinestro, jordan, episode"
pbvbaov,1,"hal, john, ring, lantern, green, sinestro, jordan, episode"
pbvb8kr,0,"like, just, don, people, think, really, know, make"
pbvb5aj,1,"hal, john, ring, lantern, green, sinestro, jordan, episode"
pbvb4ze,0,"like, just, don, people, think, really, know, make"
pbvb38c,4,"good, movies, wonder, woman, wasn, looks, pretty, gal"
pbvaz0n,0,"like, just, don, people, think, really, know, make"
pbvava2,1,"hal, john, ring, lantern, green, sinestro, jordan, episode"
pbvautl,0,"like, just, don, people, think, really, know, make"
pbvauq8,1,"hal, john, ring, lantern, green, sinestro, jordan, episode"
pbvatol,1,"hal, john, ring, lantern, green, sinestro, jordan, episode"
pbvarzp,1,"hal, john, ring, lantern, green, sinestro, jordan, episode"
pbvanao,1,"hal, john, ring, lantern, green, sinestro, jordan, episode"
pbvalca,3,"batman, superman, dcu, reeves, want, universe, gunn, dc"
pbvahts,3,"batman, superman, dcu, reeves, want, universe, gunn, dc"
pbvah3s,0,"like, just, don, people, think, really, know, make"
pbva8ej,0,"like, just, don, people, think, really, know, make"
pbv9zkh,3,"batman, superman, dcu, reeves, want, universe, gunn, dc"
pbv9x47,0,"like, just, don, people, think, really, know, make"
pbv9vln,1,"hal, john, ring, lantern, green, sinestro, jordan, episode"
pbv9syk,0,"like, just, don, people, think, really, know, make"
pbv9mri,3,"batman, superman, dcu, reeves, want, universe, gunn, dc"
pbv9dhm,3,"batman, superman, dcu, reeves, want, universe, gunn, dc"
pbv96ut,0,"like, just, don, people, think, really, know, make"
pbv8lx2,0,"like, just, don, people, think, really, know, make"
pbv802d,0,"like, just, don, people, think, really, know, make"
pbv7vu9,2,"movie, bad, superman, supergirl, best, great, wonder, gunn"
pbv7r4e,0,"like, just, don, people, think, really, know, make"
pbv7adl,1,"hal, john, ring, lantern, green, sinestro, jordan, episode"
pbv6w6c,1,"hal, john, ring, lantern, green, sinestro, jordan, episode"
pbv6q6r,1,"hal, john, ring, lantern, green, sinestro, jordan, episode"
pbv6o9n,0,"like, just, don, people, think, really, know, make"
pbv64i6,1,"hal, john, ring, lantern, green, sinestro, jordan, episode"
pbv647c,1,"hal, john, ring, lantern, green, sinestro, jordan, episode"
pbv6221,0,"like, just, don, people, think, really, know, make"
pbv5u9e,3,"batman, superman, dcu, reeves, want, universe, gunn, dc"
pbv5o45,0,"like, just, don, people, think, really, know, make"
pbv5mv8,0,"like, just, don, people, think, really, know, make"
pbv5k7u,1,"hal, john, ring, lantern, green, sinestro, jordan, episode"
pbv5b6r,2,"movie, bad, superman, supergirl, best, great, wonder, gunn"
pbv592o,3,"batman, superman, dcu, reeves, want, universe, gunn, dc"
pbv58tx,1,"hal, john, ring, lantern, green, sinestro, jordan, episode"
pbv5691,0,"like, just, don, people, think, really, know, make"
pbv54u3,2,"movie, bad, superman, supergirl, best, great, wonder, gunn"
pbv4xso,2,"movie, bad, superman, supergirl, best, great, wonder, gunn"
pbv4wmv,4,"good, movies, wonder, woman, wasn, looks, pretty, gal"
pbv4n1z,0,"like, just, don, people, think, really, know, make"
pbv4n2p,1,"hal, john, ring, lantern, green, sinestro, jordan, episode"
pbv4lf9,1,"hal, john, ring, lantern, green, sinestro, jordan, episode"
pbv4fcg,1,"hal, john, ring, lantern, green, sinestro, jordan, episode"
pbv4ewd,0,"like, just, don, people, think, really, know, make"
pbv48zy,3,"batman, superman, dcu, reeves, want, universe, gunn, dc"
pbv4933,1,"hal, john, ring, lantern, green, sinestro, jordan, episode"
pbv3zy4,3,"batman, superman, dcu, reeves, want, universe, gunn, dc"
pbv3v4c,0,"like, just, don, people, think, really, know, make"
pbv3m1w,3,"batman, superman, dcu, reeves, want, universe, gunn, dc"
pbv3ip4,0,"like, just, don, people, think, really, know, make"
pbv3f9m,0,"like, just, don, people, think, really, know, make"
pbv3e35,4,"good, movies, wonder, woman, wasn, looks, pretty, gal"
pbv374w,0,"like, just, don, people, think, really, know, make"
pbv33f8,1,"hal, john, ring, lantern, green, sinestro, jordan, episode"
pbv2tw5,1,"hal, john, ring, lantern, green, sinestro, jordan, episode"
pbv2qk3,4,"good, movies, wonder, woman, wasn, looks, pretty, gal"
pbv2fxb,0,"like, just, don, people, think, really, know, make"
pbv2fgq,1,"hal, john, ring, lantern, green, sinestro, jordan, episode"
pbv299q,0,"like, just, don, people, think, really, know, make"
pbv25nf,0,"like, just, don, people, think, really, know, make"
pbv259s,0,"like, just, don, people, think, really, know, make"
pbv2359,0,"like, just, don, people, think, really, know, make"
pbv225e,1,"hal, john, ring, lantern, green, sinestro, jordan, episode"
pbv15z6,3,"batman, superman, dcu, reeves, want, universe, gunn, dc"
pbv152w,4,"good, movies, wonder, woman, wasn, looks, pretty, gal"
pbv13n2,0,"like, just, don, people, think, really, know, make"
pbv10ti,0,"like, just, don, people, think, really, know, make"
pbv0trw,2,"movie, bad, superman, supergirl, best, great, wonder, gunn"
pbv0ppt,0,"like, just, don, people, think, really, know, make"
pbv0pkz,2,"movie, bad, superman, supergirl, best, great, wonder, gunn"
pbv0egx,0,"like, just, don, people, think, really, know, make"
pbv090m,0,"like, just, don, people, think, really, know, make"
pbv01ij,3,"batman, superman, dcu, reeves, want, universe, gunn, dc"
pbuzy1h,3,"batman, superman, dcu, reeves, want, universe, gunn, dc"
pbuzto3,0,"like, just, don, people, think, really, know, make"
pbuztfx,0,"like, just, don, people, think, really, know, make"
pbuzp5z,1,"hal, john, ring, lantern, green, sinestro, jordan, episode"
pbuzof1,4,"good, movies, wonder, woman, wasn, looks, pretty, gal"
pbuznkl,2,"movie, bad, superman, supergirl, best, great, wonder, gunn"
pbuzkqz,0,"like, just, don, people, think, really, know, make"
pbuza7j,0,"like, just, don, people, think, really, know, make"
pbuz9c6,0,"like, just, don, people, think, really, know, make"
pbuz8ep,3,"batman, superman, dcu, reeves, want, universe, gunn, dc"
pbuz4p4,1,"hal, john, ring, lantern, green, sinestro, jordan, episode"
pbuyxb4,1,"hal, john, ring, lantern, green, sinestro, jordan, episode"
pbuyvbd,0,"like, just, don, people, think, really, know, make"
pbuytsy,0,"like, just, don, people, think, really, know, make"
pbuyr73,1,"hal, john, ring, lantern, green, sinestro, jordan, episode"
pbuy35r,0,"like, just, don, people, think, really, know, make"
pbuxzmd,0,"like, just, don, people, think, really, know, make"
pbuxhrf,0,"like, just, don, people, think, really, know, make"
pbuxgsp,0,"like, just, don, people, think, really, know, make"
pbuxg8s,0,"like, just, don, people, think, really, know, make"
pbuxej7,0,"like, just, don, people, think, really, know, make"
pbuxb7p,0,"like, just, don, people, think, really, know, make"
pbuxawv,3,"batman, superman, dcu, reeves, want, universe, gunn, dc"
pbux0mz,3,"batman, superman, dcu, reeves, want, universe, gunn, dc"
pbuwrlm,1,"hal, john, ring, lantern, green, sinestro, jordan, episode"
pbuwoqc,2,"movie, bad, superman, supergirl, best, great, wonder, gunn"
pbuw6nu,0,"like, just, don, people, think, really, know, make"
pbuw5vk,0,"like, just, don, people, think, really, know, make"
pbuw5rc,0,"like, just, don, people, think, really, know, make"
pbuw1yx,1,"hal, john, ring, lantern, green, sinestro, jordan, episode"
pbuvr6j,0,"like, just, don, people, think, really, know, make"
pbuvqux,1,"hal, john, ring, lantern, green, sinestro, jordan, episode"
pbuvhfc,1,"hal, john, ring, lantern, green, sinestro, jordan, episode"
pbuv47f,3,"batman, superman, dcu, reeves, want, universe, gunn, dc"
pbuv08t,0,"like, just, don, people, think, really, know, make"
pbuuzx0,0,"like, just, don, people, think, really, know, make"
pbuuxue,0,"like, just, don, people, think, really, know, make"
pbuusf9,1,"hal, john, ring, lantern, green, sinestro, jordan, episode"
pbuujg8,2,"movie, bad, superman, supergirl, best, great, wonder, gunn"
pbuuj1u,0,"like, just, don, people, think, really, know, make"
pbuu5qy,0,"like, just, don, people, think, really, know, make"
pbuu0rz,1,"hal, john, ring, lantern, green, sinestro, jordan, episode"
pbutw7s,1,"hal, john, ring, lantern, green, sinestro, jordan, episode"
pbutqbw,0,"like, just, don, people, think, really, know, make"
pbutprf,0,"like, just, don, people, think, really, know, make"
pbutdjg,1,"hal, john, ring, lantern, green, sinestro, jordan, episode"
pbut90l,0,"like, just, don, people, think, really, know, make"
pbut8nk,0,"like, just, don, people, think, really, know, make"
pbut7s5,0,"like, just, don, people, think, really, know, make"
pbut77v,3,"batman, superman, dcu, reeves, want, universe, gunn, dc"
pbut62y,1,"hal, john, ring, lantern, green, sinestro, jordan, episode"
pbusweu,3,"batman, superman, dcu, reeves, want, universe, gunn, dc"
pbusl4d,0,"like, just, don, people, think, really, know, make"
pbuscyw,1,"hal, john, ring, lantern, green, sinestro, jordan, episode"
pbusaor,1,"hal, john, ring, lantern, green, sinestro, jordan, episode"
pbus9zc,2,"movie, bad, superman, supergirl, best, great, wonder, gunn"
pbus9kt,0,"like, just, don, people, think, really, know, make"
pbus5zu,3,"batman, superman, dcu, reeves, want, universe, gunn, dc"
pbus21d,0,"like, just, don, people, think, really, know, make"
pburwax,1,"hal, john, ring, lantern, green, sinestro, jordan, episode"
pburs1v,3,"batman, superman, dcu, reeves, want, universe, gunn, dc"
pburpsi,0,"like, just, don, people, think, really, know, make"
pburocf,0,"like, just, don, people, think, really, know, make"
pburkjp,0,"like, just, don, people, think, really, know, make"
pburkmj,1,"hal, john, ring, lantern, green, sinestro, jordan, episode"
pbura0i,0,"like, just, don, people, think, really, know, make"
pbuqtxs,3,"batman, superman, dcu, reeves, want, universe, gunn, dc"
pbuqqvy,2,"movie, bad, superman, supergirl, best, great, wonder, gunn"
pbuqq6n,0,"like, just, don, people, think, really, know, make"
pbuqlwr,1,"hal, john, ring, lantern, green, sinestro, jordan, episode"
pbuqj7f,1,"hal, john, ring, lantern, green, sinestro, jordan, episode"
pbuqia0,1,"hal, john, ring, lantern, green, sinestro, jordan, episode"
pbuqh90,3,"batman, superman, dcu, reeves, want, universe, gunn, dc"
pbuqgw3,3,"batman, superman, dcu, reeves, want, universe, gunn, dc"
pbuqeyy,0,"like, just, don, people, think, really, know, make"
pbuq93g,0,"like, just, don, people, think, really, know, make"
pbuq7l0,3,"batman, superman, dcu, reeves, want, universe, gunn, dc"
pbuq3v1,0,"like, just, don, people, think, really, know, make"
pbuq0ne,0,"like, just, don, people, think, really, know, make"
pbuq0ao,0,"like, just, don, people, think, really, know, make"
pbupz6t,1,"hal, john, ring, lantern, green, sinestro, jordan, episode"
pbupw8k,0,"like, just, don, people, think, really, know, make"
pbupw0w,0,"like, just, don, people, think, really, know, make"
pbuptlm,3,"batman, superman, dcu, reeves, want, universe, gunn, dc"
pbuppe7,0,"like, just, don, people, think, really, know, make"
pbupmj2,0,"like, just, don, people, think, really, know, make"
pbupm76,0,"like, just, don, people, think, really, know, make"
pbuplo0,1,"hal, john, ring, lantern, green, sinestro, jordan, episode"
pbupk8b,1,"hal, john, ring, lantern, green, sinestro, jordan, episode"
pbupgnr,1,"hal, john, ring, lantern, green, sinestro, jordan, episode"
pbupfmq,3,"batman, superman, dcu, reeves, want, universe, gunn, dc"
pbupc4f,0,"like, just, don, people, think, really, know, make"
pbup8gg,3,"batman, superman, dcu, reeves, want, universe, gunn, dc"
pbup7z4,0,"like, just, don, people, think, really, know, make"
pbup4pd,0,"like, just, don, people, think, really, know, make"
pbup1wy,3,"batman, superman, dcu, reeves, want, universe, gunn, dc"
pbup0fa,3,"batman, superman, dcu, reeves, want, universe, gunn, dc"
pbuowqe,3,"batman, superman, dcu, reeves, want, universe, gunn, dc"
pbuou5b,0,"like, just, don, people, think, really, know, make"
pbuotdx,0,"like, just, don, people, think, really, know, make"
pbuooyd,0,"like, just, don, people, think, really, know, make"
pbuoouu,0,"like, just, don, people, think, really, know, make"
pbuoo7a,3,"batman, superman, dcu, reeves, want, universe, gunn, dc"
pbuok8y,3,"batman, superman, dcu, reeves, want, universe, gunn, dc"
pbuoh3h,0,"like, just, don, people, think, really, know, make"
pbuoau8,1,"hal, john, ring, lantern, green, sinestro, jordan, episode"
pbuo7rh,0,"like, just, don, people, think, really, know, make"
pbuo5w7,3,"batman, superman, dcu, reeves, want, universe, gunn, dc"
pbunysu,3,"batman, superman, dcu, reeves, want, universe, gunn, dc"
pbunp4b,1,"hal, john, ring, lantern, green, sinestro, jordan, episode"
pbunosx,2,"movie, bad, superman, supergirl, best, great, wonder, gunn"
pbunnl1,1,"hal, john, ring, lantern, green, sinestro, jordan, episode"
pbunkvc,1,"hal, john, ring, lantern, green, sinestro, jordan, episode"
pbungoi,0,"like, just, don, people, think, really, know, make"
pbunez9,3,"batman, superman, dcu, reeves, want, universe, gunn, dc"
pbunbyd,0,"like, just, don, people, think, really, know, make"
pbun9f0,1,"hal, john, ring, lantern, green, sinestro, jordan, episode"
pbun2c4,3,"batman, superman, dcu, reeves, want, universe, gunn, dc"
pbun25l,1,"hal, john, ring, lantern, green, sinestro, jordan, episode"
pbun20v,1,"hal, john, ring, lantern, green, sinestro, jordan, episode"
pbun1g6,1,"hal, john, ring, lantern, green, sinestro, jordan, episode"
pbumzfb,4,"good, movies, wonder, woman, wasn, looks, pretty, gal"
pbumwp3,1,"hal, john, ring, lantern, green, sinestro, jordan, episode"
pbumt14,0,"like, just, don, people, think, really, know, make"
pbumpmd,2,"movie, bad, superman, supergirl, best, great, wonder, gunn"
pbump59,0,"like, just, don, people, think, really, know, make"
pbumlb7,0,"like, just, don, people, think, really, know, make"
pbumgvk,0,"like, just, don, people, think, really, know, make"
pbumapv,2,"movie, bad, superman, supergirl, best, great, wonder, gunn"
pbum9c2,0,"like, just, don, people, think, really, know, make"
pbum8vr,0,"like, just, don, people, think, really, know, make"
pbum6sl,0,"like, just, don, people, think, really, know, make"
pbum6g8,1,"hal, john, ring, lantern, green, sinestro, jordan, episode"
pbum5s2,3,"batman, superman, dcu, reeves, want, universe, gunn, dc"
pbum44i,3,"batman, superman, dcu, reeves, want, universe, gunn, dc"
pbum37x,1,"hal, john, ring, lantern, green, sinestro, jordan, episode"
pbum1qo,3,"batman, superman, dcu, reeves, want, universe, gunn, dc"
pbum15g,2,"movie, bad, superman, supergirl, best, great, wonder, gunn"
pbultbx,2,"movie, bad, superman, supergirl, best, great, wonder, gunn"
pbulql2,1,"hal, john, ring, lantern, green, sinestro, jordan, episode"
pbulqgd,0,"like, just, don, people, think, really, know, make"
pbulq4w,1,"hal, john, ring, lantern, green, sinestro, jordan, episode"
pbulny8,3,"batman, superman, dcu, reeves, want, universe, gunn, dc"
pbulnj4,3,"batman, superman, dcu, reeves, want, universe, gunn, dc"
pbullig,3,"batman, superman, dcu, reeves, want, universe, gunn, dc"
pbullgh,3,"batman, superman, dcu, reeves, want, universe, gunn, dc"
pbulkhr,3,"batman, superman, dcu, reeves, want, universe, gunn, dc"
pbulj9q,2,"movie, bad, superman, supergirl, best, great, wonder, gunn"
pbulik6,0,"like, just, don, people, think, really, know, make"
pbulh8u,4,"good, movies, wonder, woman, wasn, looks, pretty, gal"
pbulc87,1,"hal, john, ring, lantern, green, sinestro, jordan, episode"
pbul93f,1,"hal, john, ring, lantern, green, sinestro, jordan, episode"
pbul6ae,3,"batman, superman, dcu, reeves, want, universe, gunn, dc"
pbul55e,3,"batman, superman, dcu, reeves, want, universe, gunn, dc"
pbukqim,1,"hal, john, ring, lantern, green, sinestro, jordan, episode"
pbukd59,1,"hal, john, ring, lantern, green, sinestro, jordan, episode"
pbukcpo,2,"movie, bad, superman, supergirl, best, great, wonder, gunn"
pbukcbh,0,"like, just, don, people, think, really, know, make"
pbukaa9,0,"like, just, don, people, think, really, know, make"
pbuk4pq,0,"like, just, don, people, think, really, know, make"
pbujt0z,2,"movie, bad, superman, supergirl, best, great, wonder, gunn"
pbujj49,0,"like, just, don, people, think, really, know, make"
pbuj4oo,2,"movie, bad, superman, supergirl, best, great, wonder, gunn"
pbuj3ie,3,"batman, superman, dcu, reeves, want, universe, gunn, dc"
pbuixaz,1,"hal, john, ring, lantern, green, sinestro, jordan, episode"
pbuivoz,2,"movie, bad, superman, supergirl, best, great, wonder, gunn"
pbuimi1,0,"like, just, don, people, think, really, know, make"
pbuik4v,3,"batman, superman, dcu, reeves, want, universe, gunn, dc"
pbuifmx,1,"hal, john, ring, lantern, green, sinestro, jordan, episode"
pbuib8a,4,"good, movies, wonder, woman, wasn, looks, pretty, gal"
pbui9rk,3,"batman, superman, dcu, reeves, want, universe, gunn, dc"
pbui8dl,3,"batman, superman, dcu, reeves, want, universe, gunn, dc"
pbui7x8,0,"like, just, don, people, think, really, know, make"
pbui6de,0,"like, just, don, people, think, really, know, make"
pbui4we,3,"batman, superman, dcu, reeves, want, universe, gunn, dc"
pbui4gg,3,"batman, superman, dcu, reeves, want, universe, gunn, dc"
pbui1rs,0,"like, just, don, people, think, really, know, make"
pbui06l,0,"like, just, don, people, think, really, know, make"
pbuhxj5,0,"like, just, don, people, think, really, know, make"
pbuhx1y,2,"movie, bad, superman, supergirl, best, great, wonder, gunn"
pbuhw4x,0,"like, just, don, people, think, really, know, make"
pbuhsv4,1,"hal, john, ring, lantern, green, sinestro, jordan, episode"
pbuhprr,0,"like, just, don, people, think, really, know, make"
pbuhkjk,3,"batman, superman, dcu, reeves, want, universe, gunn, dc"
pbuhk51,3,"batman, superman, dcu, reeves, want, universe, gunn, dc"
pbuhjts,4,"good, movies, wonder, woman, wasn, looks, pretty, gal"
pbuhivz,0,"like, just, don, people, think, really, know, make"
pbuheox,0,"like, just, don, people, think, really, know, make"
pbuh90b,1,"hal, john, ring, lantern, green, sinestro, jordan, episode"
pbugw99,0,"like, just, don, people, think, really, know, make"
pbugux6,3,"batman, superman, dcu, reeves, want, universe, gunn, dc"
pbugtc5,0,"like, just, don, people, think, really, know, make"
pbugrtl,0,"like, just, don, people, think, really, know, make"
pbuglic,1,"hal, john, ring, lantern, green, sinestro, jordan, episode"
pbugeca,0,"like, just, don, people, think, really, know, make"
pbug97y,2,"movie, bad, superman, supergirl, best, great, wonder, gunn"
pbufx00,0,"like, just, don, people, think, really, know, make"
pbufqdu,0,"like, just, don, people, think, really, know, make"
pbufp6r,0,"like, just, don, people, think, really, know, make"
pbufob0,2,"movie, bad, superman, supergirl, best, great, wonder, gunn"
pbufnpl,0,"like, just, don, people, think, really, know, make"
pbufjdw,0,"like, just, don, people, think, really, know, make"
pbufdyu,0,"like, just, don, people, think, really, know, make"
pbufbii,0,"like, just, don, people, think, really, know, make"
pbufak6,1,"hal, john, ring, lantern, green, sinestro, jordan, episode"
pbuf43y,2,"movie, bad, superman, supergirl, best, great, wonder, gunn"
pbueuv9,1,"hal, john, ring, lantern, green, sinestro, jordan, episode"
pbuetqe,0,"like, just, don, people, think, really, know, make"
pbuerbw,1,"hal, john, ring, lantern, green, sinestro, jordan, episode"
pbuepju,1,"hal, john, ring, lantern, green, sinestro, jordan, episode"
pbueoac,0,"like, just, don, people, think, really, know, make"
pbuendu,0,"like, just, don, people, think, really, know, make"
pbueks5,4,"good, movies, wonder, woman, wasn, looks, pretty, gal"
pbuefbw,1,"hal, john, ring, lantern, green, sinestro, jordan, episode"
pbuecpz,3,"batman, superman, dcu, reeves, want, universe, gunn, dc"
pbue1ig,0,"like, just, don, people, think, really, know, make"
pbue1cx,0,"like, just, don, people, think, really, know, make"
pbudt1h,3,"batman, superman, dcu, reeves, want, universe, gunn, dc"
pbuds40,1,"hal, john, ring, lantern, green, sinestro, jordan, episode"
pbudquo,0,"like, just, don, people, think, really, know, make"
pbudoko,1,"hal, john, ring, lantern, green, sinestro, jordan, episode"
pbudec4,3,"batman, superman, dcu, reeves, want, universe, gunn, dc"
pbudal3,0,"like, just, don, people, think, really, know, make"
pbud3v5,1,"hal, john, ring, lantern, green, sinestro, jordan, episode"
pbucxio,0,"like, just, don, people, think, really, know, make"
pbucq7h,1,"hal, john, ring, lantern, green, sinestro, jordan, episode"
pbucphu,0,"like, just, don, people, think, really, know, make"
pbuc8mv,2,"movie, bad, superman, supergirl, best, great, wonder, gunn"
pbuc65k,3,"batman, superman, dcu, reeves, want, universe, gunn, dc"
pbuc4gn,0,"like, just, don, people, think, really, know, make"
pbuc161,1,"hal, john, ring, lantern, green, sinestro, jordan, episode"
pbubw82,1,"hal, john, ring, lantern, green, sinestro, jordan, episode"
pbubv6z,2,"movie, bad, superman, supergirl, best, great, wonder, gunn"
pbubuec,3,"batman, superman, dcu, reeves, want, universe, gunn, dc"
pbubs1g,3,"batman, superman, dcu, reeves, want, universe, gunn, dc"
pbubq33,0,"like, just, don, people, think, really, know, make"
pbubhz6,0,"like, just, don, people, think, really, know, make"
pbub9rb,3,"batman, superman, dcu, reeves, want, universe, gunn, dc"
pbub5pu,1,"hal, john, ring, lantern, green, sinestro, jordan, episode"
pbub1hd,1,"hal, john, ring, lantern, green, sinestro, jordan, episode"
pbuaxo3,0,"like, just, don, people, think, really, know, make"
pbuat4h,1,"hal, john, ring, lantern, green, sinestro, jordan, episode"
pbuasfi,1,"hal, john, ring, lantern, green, sinestro, jordan, episode"
pbuarbs,3,"batman, superman, dcu, reeves, want, universe, gunn, dc"
pbuaiki,1,"hal, john, ring, lantern, green, sinestro, jordan, episode"
pbuahch,3,"batman, superman, dcu, reeves, want, universe, gunn, dc"
pbuafxo,1,"hal, john, ring, lantern, green, sinestro, jordan, episode"
pbuafyw,1,"hal, john, ring, lantern, green, sinestro, jordan, episode"
pbua8yx,0,"like, just, don, people, think, really, know, make"
pbua8md,2,"movie, bad, superman, supergirl, best, great, wonder, gunn"
pbua81u,0,"like, just, don, people, think, really, know, make"
pbua3xs,3,"batman, superman, dcu, reeves, want, universe, gunn, dc"
pbua01i,0,"like, just, don, people, think, really, know, make"
pbu9xn8,2,"movie, bad, superman, supergirl, best, great, wonder, gunn"
pbu9ulh,0,"like, just, don, people, think, really, know, make"
pbu9sl7,3,"batman, superman, dcu, reeves, want, universe, gunn, dc"
pbu9skd,0,"like, just, don, people, think, really, know, make"
pbu9orr,1,"hal, john, ring, lantern, green, sinestro, jordan, episode"
pbu9n5a,1,"hal, john, ring, lantern, green, sinestro, jordan, episode"
pbu9m1n,2,"movie, bad, superman, supergirl, best, great, wonder, gunn"
pbu9lpi,2,"movie, bad, superman, supergirl, best, great, wonder, gunn"
pbu9krb,3,"batman, superman, dcu, reeves, want, universe, gunn, dc"
pbu9h5l,2,"movie, bad, superman, supergirl, best, great, wonder, gunn"
pbu9gxy,1,"hal, john, ring, lantern, green, sinestro, jordan, episode"
pbu9dqh,0,"like, just, don, people, think, really, know, make"
pbu9c5k,3,"batman, superman, dcu, reeves, want, universe, gunn, dc"
pbu9bwl,0,"like, just, don, people, think, really, know, make"
pbu9bab,4,"good, movies, wonder, woman, wasn, looks, pretty, gal"
pbu9949,1,"hal, john, ring, lantern, green, sinestro, jordan, episode"
pbu95wk,2,"movie, bad, superman, supergirl, best, great, wonder, gunn"
pbu937x,3,"batman, superman, dcu, reeves, want, universe, gunn, dc"
pbu91nn,2,"movie, bad, superman, supergirl, best, great, wonder, gunn"
pbu8ywc,3,"batman, superman, dcu, reeves, want, universe, gunn, dc"
pbu8xw7,0,"like, just, don, people, think, really, know, make"
pbu8x8x,0,"like, just, don, people, think, really, know, make"
pbu8tmj,3,"batman, superman, dcu, reeves, want, universe, gunn, dc"
pbu8ssg,3,"batman, superman, dcu, reeves, want, universe, gunn, dc"
pbu8slz,0,"like, just, don, people, think, really, know, make"
pbu8o5e,0,"like, just, don, people, think, really, know, make"
pbu8ngb,2,"movie, bad, superman, supergirl, best, great, wonder, gunn"
pbu8ncq,0,"like, just, don, people, think, really, know, make"
pbu8l6v,0,"like, just, don, people, think, really, know, make"
pbu8kx0,2,"movie, bad, superman, supergirl, best, great, wonder, gunn"
pbu8jww,4,"good, movies, wonder, woman, wasn, looks, pretty, gal"
pbu8ixy,0,"like, just, don, people, think, really, know, make"
pbu8ix6,0,"like, just, don, people, think, really, know, make"
pbu8id8,0,"like, just, don, people, think, really, know, make"
pbu8f1s,3,"batman, superman, dcu, reeves, want, universe, gunn, dc"
pbu8cnd,2,"movie, bad, superman, supergirl, best, great, wonder, gunn"
pbu88t1,2,"movie, bad, superman, supergirl, best, great, wonder, gunn"
pbu85a3,3,"batman, superman, dcu, reeves, want, universe, gunn, dc"
pbu842s,1,"hal, john, ring, lantern, green, sinestro, jordan, episode"
pbu824n,0,"like, just, don, people, think, really, know, make"
pbu81wo,0,"like, just, don, people, think, really, know, make"
pbu7y5d,2,"movie, bad, superman, supergirl, best, great, wonder, gunn"
pbu7xic,2,"movie, bad, superman, supergirl, best, great, wonder, gunn"
pbu7twk,2,"movie, bad, superman, supergirl, best, great, wonder, gunn"
pbu7tlk,0,"like, just, don, people, think, really, know, make"
pbu7t8k,2,"movie, bad, superman, supergirl, best, great, wonder, gunn"
pbu7sny,0,"like, just, don, people, think, really, know, make"
pbu7lok,2,"movie, bad, superman, supergirl, best, great, wonder, gunn"
pbu7lgq,0,"like, just, don, people, think, really, know, make"
pbu7j2i,0,"like, just, don, people, think, really, know, make"
pbu7gte,3,"batman, superman, dcu, reeves, want, universe, gunn, dc"
pbu7fxj,0,"like, just, don, people, think, really, know, make"
pbu7b52,0,"like, just, don, people, think, really, know, make"
pbu7b0k,3,"batman, superman, dcu, reeves, want, universe, gunn, dc"
pbu7a1k,0,"like, just, don, people, think, really, know, make"
pbu79hj,2,"movie, bad, superman, supergirl, best, great, wonder, gunn"
pbu78se,0,"like, just, don, people, think, really, know, make"
pbu78i8,0,"like, just, don, people, think, really, know, make"
pbu7800,1,"hal, john, ring, lantern, green, sinestro, jordan, episode"
pbu774t,0,"like, just, don, people, think, really, know, make"
pbu723g,3,"batman, superman, dcu, reeves, want, universe, gunn, dc"
pbu71p9,0,"like, just, don, people, think, really, know, make"
pbu70wh,1,"hal, john, ring, lantern, green, sinestro, jordan, episode"
pbu70ij,4,"good, movies, wonder, woman, wasn, looks, pretty, gal"
pbu6yfw,3,"batman, superman, dcu, reeves, want, universe, gunn, dc"
pbu6v6i,3,"batman, superman, dcu, reeves, want, universe, gunn, dc"
pbu6v3w,1,"hal, john, ring, lantern, green, sinestro, jordan, episode"
pbu6qje,3,"batman, superman, dcu, reeves, want, universe, gunn, dc"
pbu6nj5,0,"like, just, don, people, think, really, know, make"
pbu6lu9,3,"batman, superman, dcu, reeves, want, universe, gunn, dc"
pbu6lkg,2,"movie, bad, superman, supergirl, best, great, wonder, gunn"
pbu6jsk,1,"hal, john, ring, lantern, green, sinestro, jordan, episode"
pbu6if1,0,"like, just, don, people, think, really, know, make"
pbu6fg2,0,"like, just, don, people, think, really, know, make"
pbu6bgv,2,"movie, bad, superman, supergirl, best, great, wonder, gunn"
pbu6a0k,0,"like, just, don, people, think, really, know, make"
pbu66s8,1,"hal, john, ring, lantern, green, sinestro, jordan, episode"
pbu62xh,1,"hal, john, ring, lantern, green, sinestro, jordan, episode"
pbu62sx,0,"like, just, don, people, think, really, know, make"
pbu62dj,0,"like, just, don, people, think, really, know, make"
pbu60h1,0,"like, just, don, people, think, really, know, make"
pbu5zvu,0,"like, just, don, people, think, really, know, make"
pbu5z4j,0,"like, just, don, people, think, really, know, make"
pbu5w33,0,"like, just, don, people, think, really, know, make"
pbu5veq,0,"like, just, don, people, think, really, know, make"
pbu5ulq,0,"like, just, don, people, think, really, know, make"
pbu5ssp,0,"like, just, don, people, think, really, know, make"
pbu5ryn,0,"like, just, don, people, think, really, know, make"
pbu5kk9,1,"hal, john, ring, lantern, green, sinestro, jordan, episode"
pbu5ce0,1,"hal, john, ring, lantern, green, sinestro, jordan, episode"
pbu5bub,3,"batman, superman, dcu, reeves, want, universe, gunn, dc"
pbu5a8i,2,"movie, bad, superman, supergirl, best, great, wonder, gunn"
pbu58ym,1,"hal, john, ring, lantern, green, sinestro, jordan, episode"
pbu56mc,1,"hal, john, ring, lantern, green, sinestro, jordan, episode"
pbu5465,1,"hal, john, ring, lantern, green, sinestro, jordan, episode"
pbu533d,0,"like, just, don, people, think, really, know, make"
pbu50d7,3,"batman, superman, dcu, reeves, want, universe, gunn, dc"
pbu4yl4,1,"hal, john, ring, lantern, green, sinestro, jordan, episode"
pbu4y5f,1,"hal, john, ring, lantern, green, sinestro, jordan, episode"
pbu4xnc,0,"like, just, don, people, think, really, know, make"
pbu4vm6,0,"like, just, don, people, think, really, know, make"
pbu4t21,1,"hal, john, ring, lantern, green, sinestro, jordan, episode"
pbu4pxz,3,"batman, superman, dcu, reeves, want, universe, gunn, dc"
pbu4m5i,0,"like, just, don, people, think, really, know, make"
pbu4l6a,0,"like, just, don, people, think, really, know, make"
pbu4fdz,0,"like, just, don, people, think, really, know, make"
pbu4fal,1,"hal, john, ring, lantern, green, sinestro, jordan, episode"
pbu4epr,2,"movie, bad, superman, supergirl, best, great, wonder, gunn"
pbu4du9,2,"movie, bad, superman, supergirl, best, great, wonder, gunn"
pbu4bn8,1,"hal, john, ring, lantern, green, sinestro, jordan, episode"
pbu4a8x,1,"hal, john, ring, lantern, green, sinestro, jordan, episode"
pbu48gd,1,"hal, john, ring, lantern, green, sinestro, jordan, episode"
pbu47u1,0,"like, just, don, people, think, really, know, make"
pbu409f,3,"batman, superman, dcu, reeves, want, universe, gunn, dc"
pbu3zw0,1,"hal, john, ring, lantern, green, sinestro, jordan, episode"
pbu3z1o,0,"like, just, don, people, think, really, know, make"
pbu3z2b,1,"hal, john, ring, lantern, green, sinestro, jordan, episode"
pbu3wxz,3,"batman, superman, dcu, reeves, want, universe, gunn, dc"
pbu3wcr,0,"like, just, don, people, think, really, know, make"
pbu3qqe,1,"hal, john, ring, lantern, green, sinestro, jordan, episode"
pbu3q8b,0,"like, just, don, people, think, really, know, make"
pbu3p3f,0,"like, just, don, people, think, really, know, make"
pbu3nzp,0,"like, just, don, people, think, really, know, make"
pbu3hzc,3,"batman, superman, dcu, reeves, want, universe, gunn, dc"
pbu3hc6,0,"like, just, don, people, think, really, know, make"
pbu3gv2,3,"batman, superman, dcu, reeves, want, universe, gunn, dc"
pbu3fb2,1,"hal, john, ring, lantern, green, sinestro, jordan, episode"
pbu3evm,1,"hal, john, ring, lantern, green, sinestro, jordan, episode"
pbu3dag,1,"hal, john, ring, lantern, green, sinestro, jordan, episode"
pbu3d9u,1,"hal, john, ring, lantern, green, sinestro, jordan, episode"
pbu397r,3,"batman, superman, dcu, reeves, want, universe, gunn, dc"
pbu38cu,0,"like, just, don, people, think, really, know, make"
pbu33ge,3,"batman, superman, dcu, reeves, want, universe, gunn, dc"
pbu32cu,1,"hal, john, ring, lantern, green, sinestro, jordan, episode"
pbu2xak,1,"hal, john, ring, lantern, green, sinestro, jordan, episode"
pbu2ufr,1,"hal, john, ring, lantern, green, sinestro, jordan, episode"
pbu2s34,2,"movie, bad, superman, supergirl, best, great, wonder, gunn"
pbu2p0f,3,"batman, superman, dcu, reeves, want, universe, gunn, dc"
pbu2p3f,1,"hal, john, ring, lantern, green, sinestro, jordan, episode"
pbu2na0,0,"like, just, don, people, think, really, know, make"
pbu2jd8,3,"batman, superman, dcu, reeves, want, universe, gunn, dc"
pbu2ixo,0,"like, just, don, people, think, really, know, make"
pbu2g9a,0,"like, just, don, people, think, really, know, make"
pbu2dp3,1,"hal, john, ring, lantern, green, sinestro, jordan, episode"
pbu2amo,1,"hal, john, ring, lantern, green, sinestro, jordan, episode"
pbu2a2c,0,"like, just, don, people, think, really, know, make"
pbu232b,1,"hal, john, ring, lantern, green, sinestro, jordan, episode"
pbu22z3,1,"hal, john, ring, lantern, green, sinestro, jordan, episode"
pbu21z1,4,"good, movies, wonder, woman, wasn, looks, pretty, gal"
pbu21d0,0,"like, just, don, people, think, really, know, make"
pbu1wp7,1,"hal, john, ring, lantern, green, sinestro, jordan, episode"
pbu1ucg,1,"hal, john, ring, lantern, green, sinestro, jordan, episode"
pbu1u0r,0,"like, just, don, people, think, really, know, make"
pbu1s4k,1,"hal, john, ring, lantern, green, sinestro, jordan, episode"
pbu1n0u,1,"hal, john, ring, lantern, green, sinestro, jordan, episode"
pbu1k52,1,"hal, john, ring, lantern, green, sinestro, jordan, episode"
pbu1k6c,0,"like, just, don, people, think, really, know, make"
pbu1k4b,0,"like, just, don, people, think, really, know, make"
pbu1jw0,1,"hal, john, ring, lantern, green, sinestro, jordan, episode"
pbu1fsh,3,"batman, superman, dcu, reeves, want, universe, gunn, dc"
pbu1ej8,1,"hal, john, ring, lantern, green, sinestro, jordan, episode"
pbu1ej7,0,"like, just, don, people, think, really, know, make"
pbu1bpl,0,"like, just, don, people, think, really, know, make"
pbu1api,1,"hal, john, ring, lantern, green, sinestro, jordan, episode"
pbu173m,0,"like, just, don, people, think, really, know, make"
pbu11du,0,"like, just, don, people, think, really, know, make"
pbu0w7d,3,"batman, superman, dcu, reeves, want, universe, gunn, dc"
pbu0vik,4,"good, movies, wonder, woman, wasn, looks, pretty, gal"
pbu0so3,0,"like, just, don, people, think, really, know, make"
pbu0s3k,1,"hal, john, ring, lantern, green, sinestro, jordan, episode"
pbu0pt4,1,"hal, john, ring, lantern, green, sinestro, jordan, episode"
pbu0po4,1,"hal, john, ring, lantern, green, sinestro, jordan, episode"
pbu0kfo,0,"like, just, don, people, think, really, know, make"
pbu0ix8,0,"like, just, don, people, think, really, know, make"
pbu0ee8,0,"like, just, don, people, think, really, know, make"
pbu0e53,0,"like, just, don, people, think, really, know, make"
pbu0di5,1,"hal, john, ring, lantern, green, sinestro, jordan, episode"
pbu0b3k,0,"like, just, don, people, think, really, know, make"
pbu08vu,1,"hal, john, ring, lantern, green, sinestro, jordan, episode"
pbu06rg,1,"hal, john, ring, lantern, green, sinestro, jordan, episode"
pbu059k,1,"hal, john, ring, lantern, green, sinestro, jordan, episode"
pbu014f,2,"movie, bad, superman, supergirl, best, great, wonder, gunn"
pbu00vj,1,"hal, john, ring, lantern, green, sinestro, jordan, episode"
pbtzzem,1,"hal, john, ring, lantern, green, sinestro, jordan, episode"
pbtzsa9,0,"like, just, don, people, think, really, know, make"
pbtzs53,1,"hal, john, ring, lantern, green, sinestro, jordan, episode"
pbtzrek,1,"hal, john, ring, lantern, green, sinestro, jordan, episode"
pbtzos6,3,"batman, superman, dcu, reeves, want, universe, gunn, dc"
pbtzolk,1,"hal, john, ring, lantern, green, sinestro, jordan, episode"
pbtzgmr,0,"like, just, don, people, think, really, know, make"
pbtzdvz,2,"movie, bad, superman, supergirl, best, great, wonder, gunn"
pbtzdls,2,"movie, bad, superman, supergirl, best, great, wonder, gunn"
pbtzcg8,3,"batman, superman, dcu, reeves, want, universe, gunn, dc"
pbtz5xs,0,"like, just, don, people, think, really, know, make"
pbtz56u,0,"like, just, don, people, think, really, know, make"
pbtz4tl,0,"like, just, don, people, think, really, know, make"
pbtz1ok,4,"good, movies, wonder, woman, wasn, looks, pretty, gal"
pbtz1ib,0,"like, just, don, people, think, really, know, make"
pbtz0dy,0,"like, just, don, people, think, really, know, make"
pbtyxvr,0,"like, just, don, people, think, really, know, make"
pbtyqex,0,"like, just, don, people, think, really, know, make"
pbtyn65,1,"hal, john, ring, lantern, green, sinestro, jordan, episode"
pbtymmt,4,"good, movies, wonder, woman, wasn, looks, pretty, gal"
pbtykpw,0,"like, just, don, people, think, really, know, make"
pbtygsp,3,"batman, superman, dcu, reeves, want, universe, gunn, dc"
pbtye07,2,"movie, bad, superman, supergirl, best, great, wonder, gunn"
pbtybyn,1,"hal, john, ring, lantern, green, sinestro, jordan, episode"
pbty8q1,0,"like, just, don, people, think, really, know, make"
pbty31t,0,"like, just, don, people, think, really, know, make"
pbtxxy3,3,"batman, superman, dcu, reeves, want, universe, gunn, dc"
pbtxuzn,0,"like, just, don, people, think, really, know, make"
pbtxt67,0,"like, just, don, people, think, really, know, make"
pbtxneq,2,"movie, bad, superman, supergirl, best, great, wonder, gunn"
pbtxkeh,2,"movie, bad, superman, supergirl, best, great, wonder, gunn"
pbtxj7w,3,"batman, superman, dcu, reeves, want, universe, gunn, dc"
pbtxgjk,4,"good, movies, wonder, woman, wasn, looks, pretty, gal"
pbtxdq1,4,"good, movies, wonder, woman, wasn, looks, pretty, gal"
pbtxdoa,1,"hal, john, ring, lantern, green, sinestro, jordan, episode"
pbtxafa,2,"movie, bad, superman, supergirl, best, great, wonder, gunn"
pbtx8mw,3,"batman, superman, dcu, reeves, want, universe, gunn, dc"
pbtwt1f,0,"like, just, don, people, think, really, know, make"
pbtwsms,3,"batman, superman, dcu, reeves, want, universe, gunn, dc"
pbtws9e,2,"movie, bad, superman, supergirl, best, great, wonder, gunn"
pbtwnii,3,"batman, superman, dcu, reeves, want, universe, gunn, dc"
pbtwlzn,4,"good, movies, wonder, woman, wasn, looks, pretty, gal"
pbtwjzx,1,"hal, john, ring, lantern, green, sinestro, jordan, episode"
pbtwfe3,3,"batman, superman, dcu, reeves, want, universe, gunn, dc"
pbtw9v7,0,"like, just, don, people, think, really, know, make"
pbtw96v,2,"movie, bad, superman, supergirl, best, great, wonder, gunn"
pbtw8t0,4,"good, movies, wonder, woman, wasn, looks, pretty, gal"
pbtw8lw,3,"batman, superman, dcu, reeves, want, universe, gunn, dc"
pbtvx9k,1,"hal, john, ring, lantern, green, sinestro, jordan, episode"
pbtvt2a,1,"hal, john, ring, lantern, green, sinestro, jordan, episode"
pbtvo6s,1,"hal, john, ring, lantern, green, sinestro, jordan, episode"
pbtvnc8,2,"movie, bad, superman, supergirl, best, great, wonder, gunn"
pbtvfid,3,"batman, superman, dcu, reeves, want, universe, gunn, dc"
pbtvenj,0,"like, just, don, people, think, really, know, make"
pbtv9n9,0,"like, just, don, people, think, really, know, make"
pbtv8j7,0,"like, just, don, people, think, really, know, make"
pbtv775,0,"like, just, don, people, think, really, know, make"
pbtv1zs,3,"batman, superman, dcu, reeves, want, universe, gunn, dc"
pbtv003,2,"movie, bad, superman, supergirl, best, great, wonder, gunn"
pbtuyyl,0,"like, just, don, people, think, really, know, make"
pbtupa0,0,"like, just, don, people, think, really, know, make"
pbtunwl,4,"good, movies, wonder, woman, wasn, looks, pretty, gal"
pbtumao,3,"batman, superman, dcu, reeves, want, universe, gunn, dc"
pbtukv5,3,"batman, superman, dcu, reeves, want, universe, gunn, dc"
pbtuji3,0,"like, just, don, people, think, really, know, make"
pbtuj3c,2,"movie, bad, superman, supergirl, best, great, wonder, gunn"
pbtuiag,0,"like, just, don, people, think, really, know, make"
pbtuhsc,3,"batman, superman, dcu, reeves, want, universe, gunn, dc"
pbtuhfk,4,"good, movies, wonder, woman, wasn, looks, pretty, gal"
pbtug7z,0,"like, just, don, people, think, really, know, make"
pbtuemj,2,"movie, bad, superman, supergirl, best, great, wonder, gunn"
pbtudnu,2,"movie, bad, superman, supergirl, best, great, wonder, gunn"
pbtu8la,3,"batman, superman, dcu, reeves, want, universe, gunn, dc"
pbtu7zb,4,"good, movies, wonder, woman, wasn, looks, pretty, gal"
pbtu743,3,"batman, superman, dcu, reeves, want, universe, gunn, dc"
pbtu42a,4,"good, movies, wonder, woman, wasn, looks, pretty, gal"
pbtu3k6,3,"batman, superman, dcu, reeves, want, universe, gunn, dc"
pbtu24l,0,"like, just, don, people, think, really, know, make"
pbtu21o,2,"movie, bad, superman, supergirl, best, great, wonder, gunn"
pbtu15c,2,"movie, bad, superman, supergirl, best, great, wonder, gunn"
pbttxn2,0,"like, just, don, people, think, really, know, make"
pbttt1h,0,"like, just, don, people, think, really, know, make"
pbttq4r,1,"hal, john, ring, lantern, green, sinestro, jordan, episode"
pbttlsr,0,"like, just, don, people, think, really, know, make"
pbttk5n,2,"movie, bad, superman, supergirl, best, great, wonder, gunn"
pbttisk,0,"like, just, don, people, think, really, know, make"
pbttaw0,0,"like, just, don, people, think, really, know, make"
pbtt8ai,0,"like, just, don, people, think, really, know, make"
pbtt5lj,3,"batman, superman, dcu, reeves, want, universe, gunn, dc"
pbtt5cs,3,"batman, superman, dcu, reeves, want, universe, gunn, dc"
pbtt2t4,1,"hal, john, ring, lantern, green, sinestro, jordan, episode"
pbtsxxl,3,"batman, superman, dcu, reeves, want, universe, gunn, dc"
pbtsxb2,3,"batman, superman, dcu, reeves, want, universe, gunn, dc"
pbtst1v,2,"movie, bad, superman, supergirl, best, great, wonder, gunn"
pbtsn3d,0,"like, just, don, people, think, really, know, make"
pbtslfx,0,"like, just, don, people, think, really, know, make"
pbtsidy,0,"like, just, don, people, think, really, know, make"
pbtsgxz,0,"like, just, don, people, think, really, know, make"
pbtsdzb,1,"hal, john, ring, lantern, green, sinestro, jordan, episode"
pbtsc96,0,"like, just, don, people, think, really, know, make"
pbts70i,3,"batman, superman, dcu, reeves, want, universe, gunn, dc"
pbts5tl,1,"hal, john, ring, lantern, green, sinestro, jordan, episode"
pbts56w,0,"like, just, don, people, think, really, know, make"
pbtrxh5,2,"movie, bad, superman, supergirl, best, great, wonder, gunn"
pbtrsup,3,"batman, superman, dcu, reeves, want, universe, gunn, dc"
pbtrrde,0,"like, just, don, people, think, really, know, make"
pbtrpjz,0,"like, just, don, people, think, really, know, make"
pbtrlw0,4,"good, movies, wonder, woman, wasn, looks, pretty, gal"
pbtrlj9,3,"batman, superman, dcu, reeves, want, universe, gunn, dc"
pbtrhn7,0,"like, just, don, people, think, really, know, make"
pbtrdj5,0,"like, just, don, people, think, really, know, make"
pbtrdi9,1,"hal, john, ring, lantern, green, sinestro, jordan, episode"
pbtr8kx,1,"hal, john, ring, lantern, green, sinestro, jordan, episode"
pbtr8ct,0,"like, just, don, people, think, really, know, make"
pbtr4lo,0,"like, just, don, people, think, really, know, make"
pbtr0e3,3,"batman, superman, dcu, reeves, want, universe, gunn, dc"
pbtr0cv,4,"good, movies, wonder, woman, wasn, looks, pretty, gal"
pbtqzqk,3,"batman, superman, dcu, reeves, want, universe, gunn, dc"
pbtqwx7,4,"good, movies, wonder, woman, wasn, looks, pretty, gal"
pbtqrde,3,"batman, superman, dcu, reeves, want, universe, gunn, dc"
pbtqkww,2,"movie, bad, superman, supergirl, best, great, wonder, gunn"
pbtqcur,3,"batman, superman, dcu, reeves, want, universe, gunn, dc"
pbtq8ct,2,"movie, bad, superman, supergirl, best, great, wonder, gunn"
pbtq4u9,2,"movie, bad, superman, supergirl, best, great, wonder, gunn"
pbtq24z,0,"like, just, don, people, think, really, know, make"
pbtq0at,3,"batman, superman, dcu, reeves, want, universe, gunn, dc"
pbtpxnd,2,"movie, bad, superman, supergirl, best, great, wonder, gunn"
pbtppfh,1,"hal, john, ring, lantern, green, sinestro, jordan, episode"
pbtpga8,2,"movie, bad, superman, supergirl, best, great, wonder, gunn"
pbtpbmt,1,"hal, john, ring, lantern, green, sinestro, jordan, episode"
pbtp6li,3,"batman, superman, dcu, reeves, want, universe, gunn, dc"
pbtp1or,2,"movie, bad, superman, supergirl, best, great, wonder, gunn"
pbtool7,3,"batman, superman, dcu, reeves, want, universe, gunn, dc"
pbtolid,1,"hal, john, ring, lantern, green, sinestro, jordan, episode"
pbtol4d,3,"batman, superman, dcu, reeves, want, universe, gunn, dc"
pbtoj4g,3,"batman, superman, dcu, reeves, want, universe, gunn, dc"
pbtoj0o,1,"hal, john, ring, lantern, green, sinestro, jordan, episode"
pbtoe9d,1,"hal, john, ring, lantern, green, sinestro, jordan, episode"
pbtocrn,1,"hal, john, ring, lantern, green, sinestro, jordan, episode"
pbto5e7,1,"hal, john, ring, lantern, green, sinestro, jordan, episode"
pbto53r,0,"like, just, don, people, think, really, know, make"
pbtnwqa,0,"like, just, don, people, think, really, know, make"
pbtnwm1,3,"batman, superman, dcu, reeves, want, universe, gunn, dc"
pbtnvqh,0,"like, just, don, people, think, really, know, make"
pbtnljr,1,"hal, john, ring, lantern, green, sinestro, jordan, episode"
pbtne40,1,"hal, john, ring, lantern, green, sinestro, jordan, episode"
pbtn8kk,3,"batman, superman, dcu, reeves, want, universe, gunn, dc"
pbtn6yq,3,"batman, superman, dcu, reeves, want, universe, gunn, dc"
pbtn589,0,"like, just, don, people, think, really, know, make"
pbtn4zg,0,"like, just, don, people, think, really, know, make"
pbtmubp,1,"hal, john, ring, lantern, green, sinestro, jordan, episode"
pbtmle0,0,"like, just, don, people, think, really, know, make"
pbtmklm,0,"like, just, don, people, think, really, know, make"
pbtmin9,3,"batman, superman, dcu, reeves, want, universe, gunn, dc"
pbtmi76,0,"like, just, don, people, think, really, know, make"
pbtmhvb,0,"like, just, don, people, think, really, know, make"
pbtm7hm,4,"good, movies, wonder, woman, wasn, looks, pretty, gal"
pbtm49h,0,"like, just, don, people, think, really, know, make"
pbtm13f,2,"movie, bad, superman, supergirl, best, great, wonder, gunn"
pbtly8l,2,"movie, bad, superman, supergirl, best, great, wonder, gunn"
pbtlx7z,0,"like, just, don, people, think, really, know, make"
pbtltdk,3,"batman, superman, dcu, reeves, want, universe, gunn, dc"
pbtlpam,3,"batman, superman, dcu, reeves, want, universe, gunn, dc"
pbtlmac,0,"like, just, don, people, think, really, know, make"
pbtllf4,0,"like, just, don, people, think, really, know, make"
pbtlcrw,1,"hal, john, ring, lantern, green, sinestro, jordan, episode"
pbtlbhw,1,"hal, john, ring, lantern, green, sinestro, jordan, episode"
pbtlap5,1,"hal, john, ring, lantern, green, sinestro, jordan, episode"
pbtl3vv,1,"hal, john, ring, lantern, green, sinestro, jordan, episode"
pbtl3ny,1,"hal, john, ring, lantern, green, sinestro, jordan, episode"
pbtl24v,1,"hal, john, ring, lantern, green, sinestro, jordan, episode"
pbtkxpu,0,"like, just, don, people, think, really, know, make"
pbtkvkc,1,"hal, john, ring, lantern, green, sinestro, jordan, episode"
pbtksyn,2,"movie, bad, superman, supergirl, best, great, wonder, gunn"
pbtkqvc,1,"hal, john, ring, lantern, green, sinestro, jordan, episode"
pbtkn8r,3,"batman, superman, dcu, reeves, want, universe, gunn, dc"
pbtkkha,1,"hal, john, ring, lantern, green, sinestro, jordan, episode"
pbtkjom,0,"like, just, don, people, think, really, know, make"
pbtkah7,1,"hal, john, ring, lantern, green, sinestro, jordan, episode"
pbtjxr4,3,"batman, superman, dcu, reeves, want, universe, gunn, dc"
pbtjxg1,0,"like, just, don, people, think, really, know, make"
pbtjw5s,2,"movie, bad, superman, supergirl, best, great, wonder, gunn"
pbtjvzb,0,"like, just, don, people, think, really, know, make"
pbtjsho,1,"hal, john, ring, lantern, green, sinestro, jordan, episode"
pbtjrsp,0,"like, just, don, people, think, really, know, make"
pbtjrlf,0,"like, just, don, people, think, really, know, make"
pbtjl89,3,"batman, superman, dcu, reeves, want, universe, gunn, dc"
pbtjiiq,4,"good, movies, wonder, woman, wasn, looks, pretty, gal"
pbtjgji,1,"hal, john, ring, lantern, green, sinestro, jordan, episode"
pbtjflr,4,"good, movies, wonder, woman, wasn, looks, pretty, gal"
pbtj3ur,0,"like, just, don, people, think, really, know, make"
pbtj32h,1,"hal, john, ring, lantern, green, sinestro, jordan, episode"
pbtitye,4,"good, movies, wonder, woman, wasn, looks, pretty, gal"
pbtit7t,0,"like, just, don, people, think, really, know, make"
pbtirzr,1,"hal, john, ring, lantern, green, sinestro, jordan, episode"
pbtiowz,0,"like, just, don, people, think, really, know, make"
pbtilcg,0,"like, just, don, people, think, really, know, make"
pbtik54,0,"like, just, don, people, think, really, know, make"
pbtig2u,0,"like, just, don, people, think, really, know, make"
pbti6hn,1,"hal, john, ring, lantern, green, sinestro, jordan, episode"
pbti64e,3,"batman, superman, dcu, reeves, want, universe, gunn, dc"
pbti3ve,0,"like, just, don, people, think, really, know, make"
pbti19y,3,"batman, superman, dcu, reeves, want, universe, gunn, dc"
pbti0n6,0,"like, just, don, people, think, really, know, make"
pbthzxo,0,"like, just, don, people, think, really, know, make"
pbthyjs,0,"like, just, don, people, think, really, know, make"
pbthuza,3,"batman, superman, dcu, reeves, want, universe, gunn, dc"
pbthtug,0,"like, just, don, people, think, really, know, make"
pbthosf,0,"like, just, don, people, think, really, know, make"
pbthnw0,3,"batman, superman, dcu, reeves, want, universe, gunn, dc"
pbthjka,0,"like, just, don, people, think, really, know, make"
pbthj4f,1,"hal, john, ring, lantern, green, sinestro, jordan, episode"
pbthgh9,0,"like, just, don, people, think, really, know, make"
pbthcig,2,"movie, bad, superman, supergirl, best, great, wonder, gunn"
pbthb36,0,"like, just, don, people, think, really, know, make"
pbthaj0,0,"like, just, don, people, think, really, know, make"
pbth9ry,3,"batman, superman, dcu, reeves, want, universe, gunn, dc"
pbth8ps,0,"like, just, don, people, think, really, know, make"
pbth653,1,"hal, john, ring, lantern, green, sinestro, jordan, episode"
pbth2by,0,"like, just, don, people, think, really, know, make"
pbth12x,1,"hal, john, ring, lantern, green, sinestro, jordan, episode"
pbtgz1v,2,"movie, bad, superman, supergirl, best, great, wonder, gunn"
pbtgwex,2,"movie, bad, superman, supergirl, best, great, wonder, gunn"
pbtgv7a,0,"like, just, don, people, think, really, know, make"
pbtgs0a,0,"like, just, don, people, think, really, know, make"
pbtgo33,0,"like, just, don, people, think, really, know, make"
pbtgma4,3,"batman, superman, dcu, reeves, want, universe, gunn, dc"
pbtggfr,0,"like, just, don, people, think, really, know, make"
pbtgfjg,2,"movie, bad, superman, supergirl, best, great, wonder, gunn"
pbtgf2j,2,"movie, bad, superman, supergirl, best, great, wonder, gunn"
pbtgd9q,0,"like, just, don, people, think, really, know, make"
pbtg5vc,2,"movie, bad, superman, supergirl, best, great, wonder, gunn"
pbtg5oa,3,"batman, superman, dcu, reeves, want, universe, gunn, dc"
pbtg3x5,0,"like, just, don, people, think, really, know, make"
pbtg3v6,0,"like, just, don, people, think, really, know, make"
pbtg1nn,1,"hal, john, ring, lantern, green, sinestro, jordan, episode"
pbtg16l,0,"like, just, don, people, think, really, know, make"
pbtfzyf,0,"like, just, don, people, think, really, know, make"
pbtfy83,2,"movie, bad, superman, supergirl, best, great, wonder, gunn"
pbtfwnh,0,"like, just, don, people, think, really, know, make"
pbtfsyq,3,"batman, superman, dcu, reeves, want, universe, gunn, dc"
pbtfo65,0,"like, just, don, people, think, really, know, make"
pbtfnvr,4,"good, movies, wonder, woman, wasn, looks, pretty, gal"
pbtfnmy,1,"hal, john, ring, lantern, green, sinestro, jordan, episode"
pbtfn6d,0,"like, just, don, people, think, really, know, make"
pbtffjx,0,"like, just, don, people, think, really, know, make"
pbtf62j,3,"batman, superman, dcu, reeves, want, universe, gunn, dc"
pbtf5me,0,"like, just, don, people, think, really, know, make"
pbtf2tu,1,"hal, john, ring, lantern, green, sinestro, jordan, episode"
pbtexb3,2,"movie, bad, superman, supergirl, best, great, wonder, gunn"
pbtepnv,1,"hal, john, ring, lantern, green, sinestro, jordan, episode"
pbtepch,0,"like, just, don, people, think, really, know, make"
pbtepc7,4,"good, movies, wonder, woman, wasn, looks, pretty, gal"
pbteo58,1,"hal, john, ring, lantern, green, sinestro, jordan, episode"
pbtelzl,0,"like, just, don, people, think, really, know, make"
pbtelsm,3,"batman, superman, dcu, reeves, want, universe, gunn, dc"
pbtejaq,0,"like, just, don, people, think, really, know, make"
pbtei5q,1,"hal, john, ring, lantern, green, sinestro, jordan, episode"
pbtefye,3,"batman, superman, dcu, reeves, want, universe, gunn, dc"
pbtee49,2,"movie, bad, superman, supergirl, best, great, wonder, gunn"
pbteczt,4,"good, movies, wonder, woman, wasn, looks, pretty, gal"
pbte8th,0,"like, just, don, people, think, really, know, make"
pbte5dv,3,"batman, superman, dcu, reeves, want, universe, gunn, dc"
pbte3wi,3,"batman, superman, dcu, reeves, want, universe, gunn, dc"
pbte2se,3,"batman, superman, dcu, reeves, want, universe, gunn, dc"
pbte1tj,0,"like, just, don, people, think, really, know, make"
pbtdx8j,0,"like, just, don, people, think, really, know, make"
pbtduy3,1,"hal, john, ring, lantern, green, sinestro, jordan, episode"
pbtdtax,2,"movie, bad, superman, supergirl, best, great, wonder, gunn"
pbtdlhy,0,"like, just, don, people, think, really, know, make"
pbtdgsf,1,"hal, john, ring, lantern, green, sinestro, jordan, episode"
pbtdgol,0,"like, just, don, people, think, really, know, make"
pbtdg2c,2,"movie, bad, superman, supergirl, best, great, wonder, gunn"
pbtddcy,3,"batman, superman, dcu, reeves, want, universe, gunn, dc"
pbtdbii,0,"like, just, don, people, think, really, know, make"
pbtdaw0,3,"batman, superman, dcu, reeves, want, universe, gunn, dc"
pbtd96o,2,"movie, bad, superman, supergirl, best, great, wonder, gunn"
pbtd71g,0,"like, just, don, people, think, really, know, make"
pbtd4t1,0,"like, just, don, people, think, really, know, make"
pbtczvi,0,"like, just, don, people, think, really, know, make"
pbtczqf,0,"like, just, don, people, think, really, know, make"
pbtcyq8,2,"movie, bad, superman, supergirl, best, great, wonder, gunn"
pbtcxu8,1,"hal, john, ring, lantern, green, sinestro, jordan, episode"
pbtcwy5,0,"like, just, don, people, think, really, know, make"
pbtcvkh,0,"like, just, don, people, think, really, know, make"
pbtcuyo,0,"like, just, don, people, think, really, know, make"
pbtcohv,2,"movie, bad, superman, supergirl, best, great, wonder, gunn"
pbtco0d,0,"like, just, don, people, think, really, know, make"
pbtcnpu,3,"batman, superman, dcu, reeves, want, universe, gunn, dc"
pbtcnej,0,"like, just, don, people, think, really, know, make"
pbtcnda,0,"like, just, don, people, think, really, know, make"
pbtcltm,0,"like, just, don, people, think, really, know, make"
pbtckey,4,"good, movies, wonder, woman, wasn, looks, pretty, gal"
pbtchvh,4,"good, movies, wonder, woman, wasn, looks, pretty, gal"
pbtcee8,4,"good, movies, wonder, woman, wasn, looks, pretty, gal"
pbtccla,0,"like, just, don, people, think, really, know, make"
pbtcbzi,1,"hal, john, ring, lantern, green, sinestro, jordan, episode"
pbtcbla,3,"batman, superman, dcu, reeves, want, universe, gunn, dc"
pbtcapy,0,"like, just, don, people, think, really, know, make"
pbtcadb,0,"like, just, don, people, think, really, know, make"
pbtc9ac,0,"like, just, don, people, think, really, know, make"
pbtc99g,4,"good, movies, wonder, woman, wasn, looks, pretty, gal"
pbtc7m5,1,"hal, john, ring, lantern, green, sinestro, jordan, episode"
pbtc73h,1,"hal, john, ring, lantern, green, sinestro, jordan, episode"
pbtc6r9,2,"movie, bad, superman, supergirl, best, great, wonder, gunn"
pbtc540,0,"like, just, don, people, think, really, know, make"
pbtc1on,2,"movie, bad, superman, supergirl, best, great, wonder, gunn"
pbtc0xz,1,"hal, john, ring, lantern, green, sinestro, jordan, episode"
pbtc036,0,"like, just, don, people, think, really, know, make"
pbtbzfd,0,"like, just, don, people, think, really, know, make"
pbtbxbx,0,"like, just, don, people, think, really, know, make"
pbtbvml,0,"like, just, don, people, think, really, know, make"
pbtbppq,0,"like, just, don, people, think, really, know, make"
pbtbopu,1,"hal, john, ring, lantern, green, sinestro, jordan, episode"
pbtboi1,0,"like, just, don, people, think, really, know, make"
pbtboad,0,"like, just, don, people, think, really, know, make"
pbtbmeg,0,"like, just, don, people, think, really, know, make"
pbtbkcn,0,"like, just, don, people, think, really, know, make"
pbtbjwg,4,"good, movies, wonder, woman, wasn, looks, pretty, gal"
pbtbjb5,4,"good, movies, wonder, woman, wasn, looks, pretty, gal"
pbtbhid,3,"batman, superman, dcu, reeves, want, universe, gunn, dc"
pbtbfyt,1,"hal, john, ring, lantern, green, sinestro, jordan, episode"
pbtbbft,2,"movie, bad, superman, supergirl, best, great, wonder, gunn"
pbtb5pk,0,"like, just, don, people, think, really, know, make"
pbtb58h,0,"like, just, don, people, think, really, know, make"
pbtaxzr,0,"like, just, don, people, think, really, know, make"
pbtavou,0,"like, just, don, people, think, really, know, make"
pbtar5k,1,"hal, john, ring, lantern, green, sinestro, jordan, episode"
pbtapnk,3,"batman, superman, dcu, reeves, want, universe, gunn, dc"
pbtao4t,0,"like, just, don, people, think, really, know, make"
pbtanuj,0,"like, just, don, people, think, really, know, make"
pbtalt9,1,"hal, john, ring, lantern, green, sinestro, jordan, episode"
pbtagw2,0,"like, just, don, people, think, really, know, make"
pbtaggg,0,"like, just, don, people, think, really, know, make"
pbtacqc,0,"like, just, don, people, think, really, know, make"
pbta94x,4,"good, movies, wonder, woman, wasn, looks, pretty, gal"
pbta589,2,"movie, bad, superman, supergirl, best, great, wonder, gunn"
pbta0kg,0,"like, just, don, people, think, really, know, make"
pbta09k,2,"movie, bad, superman, supergirl, best, great, wonder, gunn"
pbt9zwr,0,"like, just, don, people, think, really, know, make"
pbt9uyu,3,"batman, superman, dcu, reeves, want, universe, gunn, dc"
pbt9sfq,1,"hal, john, ring, lantern, green, sinestro, jordan, episode"
pbt9oyx,2,"movie, bad, superman, supergirl, best, great, wonder, gunn"
pbt9ja7,2,"movie, bad, superman, supergirl, best, great, wonder, gunn"
pbt9efn,0,"like, just, don, people, think, really, know, make"
pbt9adl,1,"hal, john, ring, lantern, green, sinestro, jordan, episode"
pbt98tj,2,"movie, bad, superman, supergirl, best, great, wonder, gunn"
pbt953r,2,"movie, bad, superman, supergirl, best, great, wonder, gunn"
pbt91w0,3,"batman, superman, dcu, reeves, want, universe, gunn, dc"
pbt91bk,4,"good, movies, wonder, woman, wasn, looks, pretty, gal"
pbt8yyw,0,"like, just, don, people, think, really, know, make"
pbt8tqq,0,"like, just, don, people, think, really, know, make"
pbt8t1u,3,"batman, superman, dcu, reeves, want, universe, gunn, dc"
pbt8rwf,0,"like, just, don, people, think, really, know, make"
pbt8rub,1,"hal, john, ring, lantern, green, sinestro, jordan, episode"
pbt8qgc,3,"batman, superman, dcu, reeves, want, universe, gunn, dc"
pbt8o0b,2,"movie, bad, superman, supergirl, best, great, wonder, gunn"
pbt8m33,4,"good, movies, wonder, woman, wasn, looks, pretty, gal"
pbt8jrj,0,"like, just, don, people, think, really, know, make"
pbt8hrn,2,"movie, bad, superman, supergirl, best, great, wonder, gunn"
pbt8ewx,0,"like, just, don, people, think, really, know, make"
pbt8bva,3,"batman, superman, dcu, reeves, want, universe, gunn, dc"
pbt8ab6,0,"like, just, don, people, think, really, know, make"
pbt85ec,3,"batman, superman, dcu, reeves, want, universe, gunn, dc"
pbt80dj,2,"movie, bad, superman, supergirl, best, great, wonder, gunn"
pbt7wbf,2,"movie, bad, superman, supergirl, best, great, wonder, gunn"
pbt7rk0,0,"like, just, don, people, think, really, know, make"
pbt7k55,0,"like, just, don, people, think, really, know, make"
pbt7j6n,4,"good, movies, wonder, woman, wasn, looks, pretty, gal"
pbt7da8,3,"batman, superman, dcu, reeves, want, universe, gunn, dc"
pbt75m7,4,"good, movies, wonder, woman, wasn, looks, pretty, gal"
pbt75bd,0,"like, just, don, people, think, really, know, make"
pbt71qs,1,"hal, john, ring, lantern, green, sinestro, jordan, episode"
pbt6z81,0,"like, just, don, people, think, really, know, make"
pbt6y9t,2,"movie, bad, superman, supergirl, best, great, wonder, gunn"
pbt6w3b,0,"like, just, don, people, think, really, know, make"
pbt6p58,4,"good, movies, wonder, woman, wasn, looks, pretty, gal"
pbt6lmm,1,"hal, john, ring, lantern, green, sinestro, jordan, episode"
pbt6lhe,1,"hal, john, ring, lantern, green, sinestro, jordan, episode"
pbt6kbf,4,"good, movies, wonder, woman, wasn, looks, pretty, gal"
pbt65og,0,"like, just, don, people, think, really, know, make"
pbt62wl,2,"movie, bad, superman, supergirl, best, great, wonder, gunn"
pbt5uzd,0,"like, just, don, people, think, really, know, make"
pbt5q15,4,"good, movies, wonder, woman, wasn, looks, pretty, gal"
pbt5odp,0,"like, just, don, people, think, really, know, make"
pbt5n0z,2,"movie, bad, superman, supergirl, best, great, wonder, gunn"
pbt5m7z,2,"movie, bad, superman, supergirl, best, great, wonder, gunn"
pbt5ldw,1,"hal, john, ring, lantern, green, sinestro, jordan, episode"
pbt5laf,0,"like, just, don, people, think, really, know, make"
pbt5fi5,0,"like, just, don, people, think, really, know, make"
pbt5b46,0,"like, just, don, people, think, really, know, make"
pbt57e3,4,"good, movies, wonder, woman, wasn, looks, pretty, gal"
pbt53mn,0,"like, just, don, people, think, really, know, make"
pbt53cg,2,"movie, bad, superman, supergirl, best, great, wonder, gunn"
pbt513p,1,"hal, john, ring, lantern, green, sinestro, jordan, episode"
pbt4yqf,4,"good, movies, wonder, woman, wasn, looks, pretty, gal"
pbt4x0z,2,"movie, bad, superman, supergirl, best, great, wonder, gunn"
pbt4upd,3,"batman, superman, dcu, reeves, want, universe, gunn, dc"
pbt4qxu,0,"like, just, don, people, think, really, know, make"
pbt4nr9,0,"like, just, don, people, think, really, know, make"
pbt4ei7,2,"movie, bad, superman, supergirl, best, great, wonder, gunn"
pbt465d,3,"batman, superman, dcu, reeves, want, universe, gunn, dc"
pbt452z,3,"batman, superman, dcu, reeves, want, universe, gunn, dc"
pbt44h6,2,"movie, bad, superman, supergirl, best, great, wonder, gunn"
pbt44k7,1,"hal, john, ring, lantern, green, sinestro, jordan, episode"
pbt3xsk,2,"movie, bad, superman, supergirl, best, great, wonder, gunn"
pbt3ux0,0,"like, just, don, people, think, really, know, make"
pbt3rds,0,"like, just, don, people, think, really, know, make"
pbt3o68,3,"batman, superman, dcu, reeves, want, universe, gunn, dc"
pbt3njv,1,"hal, john, ring, lantern, green, sinestro, jordan, episode"
pbt3mvk,1,"hal, john, ring, lantern, green, sinestro, jordan, episode"
pbt3jp8,0,"like, just, don, people, think, really, know, make"
pbt3ihr,2,"movie, bad, superman, supergirl, best, great, wonder, gunn"
pbt3f3b,3,"batman, superman, dcu, reeves, want, universe, gunn, dc"
pbt303x,0,"like, just, don, people, think, really, know, make"
pbt2syz,3,"batman, superman, dcu, reeves, want, universe, gunn, dc"
pbt2h0a,0,"like, just, don, people, think, really, know, make"
pbt2etm,1,"hal, john, ring, lantern, green, sinestro, jordan, episode"
pbt2ayu,0,"like, just, don, people, think, really, know, make"
pbt2818,1,"hal, john, ring, lantern, green, sinestro, jordan, episode"
pbt26qc,1,"hal, john, ring, lantern, green, sinestro, jordan, episode"
pbt23lt,0,"like, just, don, people, think, really, know, make"
pbt1t31,0,"like, just, don, people, think, really, know, make"
pbt1oyx,0,"like, just, don, people, think, really, know, make"
pbt1m7v,3,"batman, superman, dcu, reeves, want, universe, gunn, dc"
pbt1l6o,0,"like, just, don, people, think, really, know, make"
pbt1jpn,2,"movie, bad, superman, supergirl, best, great, wonder, gunn"
pbt1gdf,1,"hal, john, ring, lantern, green, sinestro, jordan, episode"
pbt1fyu,0,"like, just, don, people, think, really, know, make"
pbt19e2,1,"hal, john, ring, lantern, green, sinestro, jordan, episode"
pbt18sy,0,"like, just, don, people, think, really, know, make"
pbt14z7,3,"batman, superman, dcu, reeves, want, universe, gunn, dc"
pbt14io,1,"hal, john, ring, lantern, green, sinestro, jordan, episode"
pbt10d6,3,"batman, superman, dcu, reeves, want, universe, gunn, dc"
pbt0rx3,2,"movie, bad, superman, supergirl, best, great, wonder, gunn"
pbt0pgb,3,"batman, superman, dcu, reeves, want, universe, gunn, dc"
pbt0otg,2,"movie, bad, superman, supergirl, best, great, wonder, gunn"
pbt0ooy,4,"good, movies, wonder, woman, wasn, looks, pretty, gal"
pbt0oky,0,"like, just, don, people, think, really, know, make"
pbt0lh7,3,"batman, superman, dcu, reeves, want, universe, gunn, dc"
pbt0kym,3,"batman, superman, dcu, reeves, want, universe, gunn, dc"
pbt0klr,3,"batman, superman, dcu, reeves, want, universe, gunn, dc"
pbt0jy2,2,"movie, bad, superman, supergirl, best, great, wonder, gunn"
pbt0igs,0,"like, just, don, people, think, really, know, make"
pbt0fz5,1,"hal, john, ring, lantern, green, sinestro, jordan, episode"
pbt02wj,4,"good, movies, wonder, woman, wasn, looks, pretty, gal"
pbszytj,0,"like, just, don, people, think, really, know, make"
pbszxsa,0,"like, just, don, people, think, really, know, make"
pbszv46,1,"hal, john, ring, lantern, green, sinestro, jordan, episode"
pbszugs,2,"movie, bad, superman, supergirl, best, great, wonder, gunn"
pbszhby,2,"movie, bad, superman, supergirl, best, great, wonder, gunn"
pbsza7e,2,"movie, bad, superman, supergirl, best, great, wonder, gunn"
pbsz0so,1,"hal, john, ring, lantern, green, sinestro, jordan, episode"
pbsz0no,2,"movie, bad, superman, supergirl, best, great, wonder, gunn"
pbsyyfa,1,"hal, john, ring, lantern, green, sinestro, jordan, episode"
pbsyo8o,0,"like, just, don, people, think, really, know, make"
pbsynym,3,"batman, superman, dcu, reeves, want, universe, gunn, dc"
pbsyk12,2,"movie, bad, superman, supergirl, best, great, wonder, gunn"
pbsyhyk,3,"batman, superman, dcu, reeves, want, universe, gunn, dc"
pbsyh7k,0,"like, just, don, people, think, really, know, make"
pbsy86d,1,"hal, john, ring, lantern, green, sinestro, jordan, episode"
pbsy12r,3,"batman, superman, dcu, reeves, want, universe, gunn, dc"
pbsxwmv,0,"like, just, don, people, think, really, know, make"
pbsxso8,1,"hal, john, ring, lantern, green, sinestro, jordan, episode"
pbsxrrt,0,"like, just, don, people, think, really, know, make"
pbsxpkw,0,"like, just, don, people, think, really, know, make"
pbsxmr1,0,"like, just, don, people, think, really, know, make"
pbsxeh8,2,"movie, bad, superman, supergirl, best, great, wonder, gunn"
pbsxany,1,"hal, john, ring, lantern, green, sinestro, jordan, episode"
pbsx72j,3,"batman, superman, dcu, reeves, want, universe, gunn, dc"
pbswtnn,2,"movie, bad, superman, supergirl, best, great, wonder, gunn"
pbswri1,3,"batman, superman, dcu, reeves, want, universe, gunn, dc"
pbswr52,1,"hal, john, ring, lantern, green, sinestro, jordan, episode"
pbswq6o,3,"batman, superman, dcu, reeves, want, universe, gunn, dc"
pbswe8s,0,"like, just, don, people, think, really, know, make"
pbswdnh,3,"batman, superman, dcu, reeves, want, universe, gunn, dc"
pbsw8jh,0,"like, just, don, people, think, really, know, make"
pbsw27p,2,"movie, bad, superman, supergirl, best, great, wonder, gunn"
pbsw24h,3,"batman, superman, dcu, reeves, want, universe, gunn, dc"
pbsw1lg,0,"like, just, don, people, think, really, know, make"
pbsvygs,3,"batman, superman, dcu, reeves, want, universe, gunn, dc"
pbsvtfe,0,"like, just, don, people, think, really, know, make"
pbsvrdm,1,"hal, john, ring, lantern, green, sinestro, jordan, episode"
pbsvj44,0,"like, just, don, people, think, really, know, make"
pbsvgv0,0,"like, just, don, people, think, really, know, make"
pbsvgrf,0,"like, just, don, people, think, really, know, make"
pbsvg52,0,"like, just, don, people, think, really, know, make"
pbsvf8g,3,"batman, superman, dcu, reeves, want, universe, gunn, dc"
pbsv9ia,1,"hal, john, ring, lantern, green, sinestro, jordan, episode"
pbsv4tu,3,"batman, superman, dcu, reeves, want, universe, gunn, dc"
pbsv4kn,2,"movie, bad, superman, supergirl, best, great, wonder, gunn"
pbsv4fu,1,"hal, john, ring, lantern, green, sinestro, jordan, episode"
pbsuz2i,0,"like, just, don, people, think, really, know, make"
pbsul26,0,"like, just, don, people, think, really, know, make"
pbsudgl,2,"movie, bad, superman, supergirl, best, great, wonder, gunn"
pbsu9yd,0,"like, just, don, people, think, really, know, make"
pbsu91r,1,"hal, john, ring, lantern, green, sinestro, jordan, episode"
pbsu81u,0,"like, just, don, people, think, really, know, make"
pbsu48p,1,"hal, john, ring, lantern, green, sinestro, jordan, episode"
pbsu0qd,2,"movie, bad, superman, supergirl, best, great, wonder, gunn"
pbstzoe,0,"like, just, don, people, think, really, know, make"
pbstzma,0,"like, just, don, people, think, really, know, make"
pbstu1b,2,"movie, bad, superman, supergirl, best, great, wonder, gunn"
pbstt0k,3,"batman, superman, dcu, reeves, want, universe, gunn, dc"
pbsto65,1,"hal, john, ring, lantern, green, sinestro, jordan, episode"
pbstf90,3,"batman, superman, dcu, reeves, want, universe, gunn, dc"
pbstc7m,0,"like, just, don, people, think, really, know, make"
pbsta2w,3,"batman, superman, dcu, reeves, want, universe, gunn, dc"
pbst5hn,1,"hal, john, ring, lantern, green, sinestro, jordan, episode"
pbst4zd,3,"batman, superman, dcu, reeves, want, universe, gunn, dc"
pbst175,1,"hal, john, ring, lantern, green, sinestro, jordan, episode"
pbssz8e,0,"like, just, don, people, think, really, know, make"
pbssyl4,0,"like, just, don, people, think, really, know, make"
pbsssrd,3,"batman, superman, dcu, reeves, want, universe, gunn, dc"
pbssrxi,2,"movie, bad, superman, supergirl, best, great, wonder, gunn"
pbssnf4,0,"like, just, don, people, think, really, know, make"
pbssh8b,0,"like, just, don, people, think, really, know, make"
pbssahj,2,"movie, bad, superman, supergirl, best, great, wonder, gunn"
pbss4r3,0,"like, just, don, people, think, really, know, make"
pbss3mk,4,"good, movies, wonder, woman, wasn, looks, pretty, gal"
pbss39e,3,"batman, superman, dcu, reeves, want, universe, gunn, dc"
pbss23m,1,"hal, john, ring, lantern, green, sinestro, jordan, episode"
pbsry1f,0,"like, just, don, people, think, really, know, make"
pbsrv4m,2,"movie, bad, superman, supergirl, best, great, wonder, gunn"
pbsruf0,1,"hal, john, ring, lantern, green, sinestro, jordan, episode"
pbsrs39,0,"like, just, don, people, think, really, know, make"
pbsrprr,0,"like, just, don, people, think, really, know, make"
pbsrpii,3,"batman, superman, dcu, reeves, want, universe, gunn, dc"
pbsrkun,3,"batman, superman, dcu, reeves, want, universe, gunn, dc"
pbsrjwo,3,"batman, superman, dcu, reeves, want, universe, gunn, dc"
pbsri4q,0,"like, just, don, people, think, really, know, make"
pbsrgif,3,"batman, superman, dcu, reeves, want, universe, gunn, dc"
pbsrel7,3,"batman, superman, dcu, reeves, want, universe, gunn, dc"
pbsrd8m,0,"like, just, don, people, think, really, know, make"
pbsr9zu,2,"movie, bad, superman, supergirl, best, great, wonder, gunn"
pbsr8qo,0,"like, just, don, people, think, really, know, make"
pbsr79c,3,"batman, superman, dcu, reeves, want, universe, gunn, dc"
pbsr6xa,2,"movie, bad, superman, supergirl, best, great, wonder, gunn"
pbsr4nf,1,"hal, john, ring, lantern, green, sinestro, jordan, episode"
pbsr31j,0,"like, just, don, people, think, really, know, make"
pbsr1t7,3,"batman, superman, dcu, reeves, want, universe, gunn, dc"
pbsr1g3,4,"good, movies, wonder, woman, wasn, looks, pretty, gal"
pbsqvis,4,"good, movies, wonder, woman, wasn, looks, pretty, gal"
pbsqvh8,3,"batman, superman, dcu, reeves, want, universe, gunn, dc"
pbsqv25,1,"hal, john, ring, lantern, green, sinestro, jordan, episode"
pbsqr7t,3,"batman, superman, dcu, reeves, want, universe, gunn, dc"
pbsqqdy,2,"movie, bad, superman, supergirl, best, great, wonder, gunn"
pbsqoj9,1,"hal, john, ring, lantern, green, sinestro, jordan, episode"
pbsqmua,0,"like, just, don, people, think, really, know, make"
pbsqmj8,2,"movie, bad, superman, supergirl, best, great, wonder, gunn"
pbsqlwu,0,"like, just, don, people, think, really, know, make"
pbsqgex,3,"batman, superman, dcu, reeves, want, universe, gunn, dc"
pbsqg1j,4,"good, movies, wonder, woman, wasn, looks, pretty, gal"
pbsqbyl,1,"hal, john, ring, lantern, green, sinestro, jordan, episode"
pbsqbgd,3,"batman, superman, dcu, reeves, want, universe, gunn, dc"
pbsqacj,0,"like, just, don, people, think, really, know, make"
pbsq51g,3,"batman, superman, dcu, reeves, want, universe, gunn, dc"
pbsq0tn,0,"like, just, don, people, think, really, know, make"
pbspxxc,3,"batman, superman, dcu, reeves, want, universe, gunn, dc"
pbspwym,0,"like, just, don, people, think, really, know, make"
pbspvik,0,"like, just, don, people, think, really, know, make"
pbspu1e,0,"like, just, don, people, think, really, know, make"
pbsptnw,3,"batman, superman, dcu, reeves, want, universe, gunn, dc"
pbspsj8,3,"batman, superman, dcu, reeves, want, universe, gunn, dc"
pbsprmo,0,"like, just, don, people, think, really, know, make"
pbsprfk,2,"movie, bad, superman, supergirl, best, great, wonder, gunn"
pbsprev,1,"hal, john, ring, lantern, green, sinestro, jordan, episode"
pbspp3l,0,"like, just, don, people, think, really, know, make"
pbspn9s,2,"movie, bad, superman, supergirl, best, great, wonder, gunn"
pbspmdb,1,"hal, john, ring, lantern, green, sinestro, jordan, episode"
pbspmbj,0,"like, just, don, people, think, really, know, make"
pbspm7f,0,"like, just, don, people, think, really, know, make"
pbspi9o,0,"like, just, don, people, think, really, know, make"
pbspfng,0,"like, just, don, people, think, really, know, make"
pbspfb5,0,"like, just, don, people, think, really, know, make"
pbspehi,0,"like, just, don, people, think, really, know, make"
pbspcta,0,"like, just, don, people, think, really, know, make"
pbspb7d,2,"movie, bad, superman, supergirl, best, great, wonder, gunn"
pbspaon,2,"movie, bad, superman, supergirl, best, great, wonder, gunn"
pbsp95z,4,"good, movies, wonder, woman, wasn, looks, pretty, gal"
pbsp7jp,0,"like, just, don, people, think, really, know, make"
pbsp4ak,0,"like, just, don, people, think, really, know, make"
pbsp2i0,1,"hal, john, ring, lantern, green, sinestro, jordan, episode"
pbsp1bg,2,"movie, bad, superman, supergirl, best, great, wonder, gunn"
pbsp08k,4,"good, movies, wonder, woman, wasn, looks, pretty, gal"
pbsoymj,3,"batman, superman, dcu, reeves, want, universe, gunn, dc"
pbsow1o,1,"hal, john, ring, lantern, green, sinestro, jordan, episode"
pbsou8y,3,"batman, superman, dcu, reeves, want, universe, gunn, dc"
pbsos8w,3,"batman, superman, dcu, reeves, want, universe, gunn, dc"
pbsormg,3,"batman, superman, dcu, reeves, want, universe, gunn, dc"
pbsoo8t,0,"like, just, don, people, think, really, know, make"
pbsoncv,2,"movie, bad, superman, supergirl, best, great, wonder, gunn"
pbsomrn,3,"batman, superman, dcu, reeves, want, universe, gunn, dc"
pbsokjg,4,"good, movies, wonder, woman, wasn, looks, pretty, gal"
pbsoig9,3,"batman, superman, dcu, reeves, want, universe, gunn, dc"
pbsoi8f,0,"like, just, don, people, think, really, know, make"
pbsoi12,1,"hal, john, ring, lantern, green, sinestro, jordan, episode"
pbsogpb,3,"batman, superman, dcu, reeves, want, universe, gunn, dc"
pbsog94,1,"hal, john, ring, lantern, green, sinestro, jordan, episode"
pbsoevc,0,"like, just, don, people, think, really, know, make"
pbsocxz,3,"batman, superman, dcu, reeves, want, universe, gunn, dc"
pbsocq9,0,"like, just, don, people, think, really, know, make"
pbsobya,0,"like, just, don, people, think, really, know, make"
pbsoaff,0,"like, just, don, people, think, really, know, make"
pbso7cs,0,"like, just, don, people, think, really, know, make"
pbso60e,3,"batman, superman, dcu, reeves, want, universe, gunn, dc"
pbsnxob,4,"good, movies, wonder, woman, wasn, looks, pretty, gal"
pbsnxgm,0,"like, just, don, people, think, really, know, make"
pbsnwlz,3,"batman, superman, dcu, reeves, want, universe, gunn, dc"
pbsnukd,3,"batman, superman, dcu, reeves, want, universe, gunn, dc"
pbsnuit,3,"batman, superman, dcu, reeves, want, universe, gunn, dc"
pbsnug6,0,"like, just, don, people, think, really, know, make"
pbsnui0,1,"hal, john, ring, lantern, green, sinestro, jordan, episode"
pbsnt2b,3,"batman, superman, dcu, reeves, want, universe, gunn, dc"
pbsnipr,1,"hal, john, ring, lantern, green, sinestro, jordan, episode"
pbsnen6,3,"batman, superman, dcu, reeves, want, universe, gunn, dc"
pbsnb2e,0,"like, just, don, people, think, really, know, make"
pbsn1qz,0,"like, just, don, people, think, really, know, make"
pbsmvnf,1,"hal, john, ring, lantern, green, sinestro, jordan, episode"
pbsmv38,0,"like, just, don, people, think, really, know, make"
pbsmsq5,2,"movie, bad, superman, supergirl, best, great, wonder, gunn"
pbsmre2,1,"hal, john, ring, lantern, green, sinestro, jordan, episode"
pbsmpxz,3,"batman, superman, dcu, reeves, want, universe, gunn, dc"
pbsmp9m,4,"good, movies, wonder, woman, wasn, looks, pretty, gal"
pbsmlzm,0,"like, just, don, people, think, really, know, make"
pbsmkef,1,"hal, john, ring, lantern, green, sinestro, jordan, episode"
pbsmk4r,3,"batman, superman, dcu, reeves, want, universe, gunn, dc"
pbsmiyn,4,"good, movies, wonder, woman, wasn, looks, pretty, gal"
pbsmijo,0,"like, just, don, people, think, really, know, make"
pbsm8m3,0,"like, just, don, people, think, really, know, make"
pbsm7mu,2,"movie, bad, superman, supergirl, best, great, wonder, gunn"
pbsm4km,0,"like, just, don, people, think, really, know, make"
pbsm1q7,0,"like, just, don, people, think, really, know, make"
pbsm0tq,0,"like, just, don, people, think, really, know, make"
pbslzhc,0,"like, just, don, people, think, really, know, make"
pbslyqc,3,"batman, superman, dcu, reeves, want, universe, gunn, dc"
pbslykb,1,"hal, john, ring, lantern, green, sinestro, jordan, episode"
pbslygi,0,"like, just, don, people, think, really, know, make"
pbslx3m,3,"batman, superman, dcu, reeves, want, universe, gunn, dc"
pbslv6l,3,"batman, superman, dcu, reeves, want, universe, gunn, dc"
pbslu7g,2,"movie, bad, superman, supergirl, best, great, wonder, gunn"
pbslts7,3,"batman, superman, dcu, reeves, want, universe, gunn, dc"
pbslnvt,0,"like, just, don, people, think, really, know, make"
pbslm1p,0,"like, just, don, people, think, really, know, make"
pbsll76,0,"like, just, don, people, think, really, know, make"
pbsll58,1,"hal, john, ring, lantern, green, sinestro, jordan, episode"
pbslkox,0,"like, just, don, people, think, really, know, make"
pbslj20,1,"hal, john, ring, lantern, green, sinestro, jordan, episode"
pbsligr,1,"hal, john, ring, lantern, green, sinestro, jordan, episode"
pbslgkq,0,"like, just, don, people, think, really, know, make"
pbslf05,0,"like, just, don, people, think, really, know, make"
pbsl80x,2,"movie, bad, superman, supergirl, best, great, wonder, gunn"
pbsl6ht,3,"batman, superman, dcu, reeves, want, universe, gunn, dc"
pbskywi,3,"batman, superman, dcu, reeves, want, universe, gunn, dc"
pbskx68,2,"movie, bad, superman, supergirl, best, great, wonder, gunn"
pbskt3z,1,"hal, john, ring, lantern, green, sinestro, jordan, episode"
pbskq2n,2,"movie, bad, superman, supergirl, best, great, wonder, gunn"
pbskbnr,4,"good, movies, wonder, woman, wasn, looks, pretty, gal"
pbskaku,3,"batman, superman, dcu, reeves, want, universe, gunn, dc"
pbsk4gl,1,"hal, john, ring, lantern, green, sinestro, jordan, episode"
pbsk1w3,0,"like, just, don, people, think, really, know, make"
pbsjzma,3,"batman, superman, dcu, reeves, want, universe, gunn, dc"
pbsjyy9,2,"movie, bad, superman, supergirl, best, great, wonder, gunn"
pbsjyq2,1,"hal, john, ring, lantern, green, sinestro, jordan, episode"
pbsjwrd,0,"like, just, don, people, think, really, know, make"
pbsjsq4,3,"batman, superman, dcu, reeves, want, universe, gunn, dc"
pbsjr2b,0,"like, just, don, people, think, really, know, make"
pbsjozt,4,"good, movies, wonder, woman, wasn, looks, pretty, gal"
pbsjnqk,1,"hal, john, ring, lantern, green, sinestro, jordan, episode"
pbsjhpn,1,"hal, john, ring, lantern, green, sinestro, jordan, episode"
pbsjg78,0,"like, just, don, people, think, really, know, make"
pbsj9ga,0,"like, just, don, people, think, really, know, make"
pbsj578,3,"batman, superman, dcu, reeves, want, universe, gunn, dc"
pbsj16t,0,"like, just, don, people, think, really, know, make"
pbsixfl,0,"like, just, don, people, think, really, know, make"
pbsir1n,3,"batman, superman, dcu, reeves, want, universe, gunn, dc"
pbsipma,3,"batman, superman, dcu, reeves, want, universe, gunn, dc"
pbsip9i,0,"like, just, don, people, think, really, know, make"
pbsiohv,0,"like, just, don, people, think, really, know, make"
pbsiobk,3,"batman, superman, dcu, reeves, want, universe, gunn, dc"
pbsimzv,0,"like, just, don, people, think, really, know, make"
pbsijx0,3,"batman, superman, dcu, reeves, want, universe, gunn, dc"
pbsihms,1,"hal, john, ring, lantern, green, sinestro, jordan, episode"
pbsifvt,0,"like, just, don, people, think, really, know, make"
pbsiewi,4,"good, movies, wonder, woman, wasn, looks, pretty, gal"
pbsidbl,1,"hal, john, ring, lantern, green, sinestro, jordan, episode"
pbsibzi,0,"like, just, don, people, think, really, know, make"
pbsi8mm,0,"like, just, don, people, think, really, know, make"
pbsi6vq,2,"movie, bad, superman, supergirl, best, great, wonder, gunn"
pbsi07p,4,"good, movies, wonder, woman, wasn, looks, pretty, gal"
pbshr3f,3,"batman, superman, dcu, reeves, want, universe, gunn, dc"
pbshqks,1,"hal, john, ring, lantern, green, sinestro, jordan, episode"
pbshl3o,3,"batman, superman, dcu, reeves, want, universe, gunn, dc"
pbshexb,1,"hal, john, ring, lantern, green, sinestro, jordan, episode"
pbshbjz,1,"hal, john, ring, lantern, green, sinestro, jordan, episode"
pbsh9kb,3,"batman, superman, dcu, reeves, want, universe, gunn, dc"
pbsh8pa,0,"like, just, don, people, think, really, know, make"
pbsh5ui,4,"good, movies, wonder, woman, wasn, looks, pretty, gal"
pbsh2fv,3,"batman, superman, dcu, reeves, want, universe, gunn, dc"
pbsh1oc,0,"like, just, don, people, think, really, know, make"
pbsh035,0,"like, just, don, people, think, really, know, make"
pbsgxgt,1,"hal, john, ring, lantern, green, sinestro, jordan, episode"
pbsguhq,3,"batman, superman, dcu, reeves, want, universe, gunn, dc"
pbsgulm,0,"like, just, don, people, think, really, know, make"
pbsgrm4,0,"like, just, don, people, think, really, know, make"
pbsgppn,3,"batman, superman, dcu, reeves, want, universe, gunn, dc"
pbsgj9u,3,"batman, superman, dcu, reeves, want, universe, gunn, dc"
pbsggck,1,"hal, john, ring, lantern, green, sinestro, jordan, episode"
pbsgegt,0,"like, just, don, people, think, really, know, make"
pbsgag5,0,"like, just, don, people, think, really, know, make"
pbsgad7,1,"hal, john, ring, lantern, green, sinestro, jordan, episode"
pbsg9ub,2,"movie, bad, superman, supergirl, best, great, wonder, gunn"
pbsg9s5,3,"batman, superman, dcu, reeves, want, universe, gunn, dc"
pbsg8im,3,"batman, superman, dcu, reeves, want, universe, gunn, dc"
pbsg88o,4,"good, movies, wonder, woman, wasn, looks, pretty, gal"
pbsg7lv,3,"batman, superman, dcu, reeves, want, universe, gunn, dc"
pbsg1ha,4,"good, movies, wonder, woman, wasn, looks, pretty, gal"
pbsfxh0,3,"batman, superman, dcu, reeves, want, universe, gunn, dc"
pbsfvwm,0,"like, just, don, people, think, really, know, make"
pbsfvrw,0,"like, just, don, people, think, really, know, make"
pbsfu79,1,"hal, john, ring, lantern, green, sinestro, jordan, episode"
pbsfte9,0,"like, just, don, people, think, really, know, make"
pbsfou9,0,"like, just, don, people, think, really, know, make"
pbsfnkp,2,"movie, bad, superman, supergirl, best, great, wonder, gunn"
pbsfnaf,4,"good, movies, wonder, woman, wasn, looks, pretty, gal"
pbsfmlw,1,"hal, john, ring, lantern, green, sinestro, jordan, episode"
pbsfho4,4,"good, movies, wonder, woman, wasn, looks, pretty, gal"
pbsfhea,3,"batman, superman, dcu, reeves, want, universe, gunn, dc"
pbsfghz,0,"like, just, don, people, think, really, know, make"
pbsff2w,2,"movie, bad, superman, supergirl, best, great, wonder, gunn"
pbsfcaz,2,"movie, bad, superman, supergirl, best, great, wonder, gunn"
pbsfbqs,3,"batman, superman, dcu, reeves, want, universe, gunn, dc"
pbsfa6t,0,"like, just, don, people, think, really, know, make"
pbsf4qw,3,"batman, superman, dcu, reeves, want, universe, gunn, dc"
pbsf49y,1,"hal, john, ring, lantern, green, sinestro, jordan, episode"
pbsf0uu,1,"hal, john, ring, lantern, green, sinestro, jordan, episode"
pbsf0tp,1,"hal, john, ring, lantern, green, sinestro, jordan, episode"
pbsew33,4,"good, movies, wonder, woman, wasn, looks, pretty, gal"
pbsepsr,1,"hal, john, ring, lantern, green, sinestro, jordan, episode"
pbseped,0,"like, just, don, people, think, really, know, make"
pbseopa,2,"movie, bad, superman, supergirl, best, great, wonder, gunn"
pbseoec,0,"like, just, don, people, think, really, know, make"
pbsenu7,0,"like, just, don, people, think, really, know, make"
pbsemd2,0,"like, just, don, people, think, really, know, make"
pbsehel,2,"movie, bad, superman, supergirl, best, great, wonder, gunn"
pbseh9k,3,"batman, superman, dcu, reeves, want, universe, gunn, dc"
pbse9dy,1,"hal, john, ring, lantern, green, sinestro, jordan, episode"
pbse5xq,0,"like, just, don, people, think, really, know, make"
pbse0v6,0,"like, just, don, people, think, really, know, make"
pbsdy2o,0,"like, just, don, people, think, really, know, make"
pbsdr57,1,"hal, john, ring, lantern, green, sinestro, jordan, episode"
pbsdpu7,1,"hal, john, ring, lantern, green, sinestro, jordan, episode"
pbsdorz,3,"batman, superman, dcu, reeves, want, universe, gunn, dc"
pbsdn2m,0,"like, just, don, people, think, really, know, make"
pbsdl7g,2,"movie, bad, superman, supergirl, best, great, wonder, gunn"
pbsdhfx,3,"batman, superman, dcu, reeves, want, universe, gunn, dc"
pbsdbrm,3,"batman, superman, dcu, reeves, want, universe, gunn, dc"
pbsd9qn,0,"like, just, don, people, think, really, know, make"
pbsd9fj,2,"movie, bad, superman, supergirl, best, great, wonder, gunn"
pbsd8iy,0,"like, just, don, people, think, really, know, make"
pbsd7xs,3,"batman, superman, dcu, reeves, want, universe, gunn, dc"
pbsd6bu,0,"like, just, don, people, think, really, know, make"
pbsd37z,3,"batman, superman, dcu, reeves, want, universe, gunn, dc"
pbscym1,3,"batman, superman, dcu, reeves, want, universe, gunn, dc"
pbscyjk,1,"hal, john, ring, lantern, green, sinestro, jordan, episode"
pbscx95,0,"like, just, don, people, think, really, know, make"
pbscsdg,0,"like, just, don, people, think, really, know, make"
pbscs3y,0,"like, just, don, people, think, really, know, make"
pbscksp,4,"good, movies, wonder, woman, wasn, looks, pretty, gal"
pbscgxl,0,"like, just, don, people, think, really, know, make"
pbsceh5,0,"like, just, don, people, think, really, know, make"
pbscanb,0,"like, just, don, people, think, really, know, make"
pbsc6xy,0,"like, just, don, people, think, really, know, make"
pbsc2jd,0,"like, just, don, people, think, really, know, make"
pbsc1q1,0,"like, just, don, people, think, really, know, make"
pbsbznq,1,"hal, john, ring, lantern, green, sinestro, jordan, episode"
pbsbyvw,1,"hal, john, ring, lantern, green, sinestro, jordan, episode"
pbsbppm,0,"like, just, don, people, think, really, know, make"
pbsbpos,0,"like, just, don, people, think, really, know, make"
pbsbnm4,0,"like, just, don, people, think, really, know, make"
pbsblbk,1,"hal, john, ring, lantern, green, sinestro, jordan, episode"
pbsbgx2,0,"like, just, don, people, think, really, know, make"
pbsbcu6,3,"batman, superman, dcu, reeves, want, universe, gunn, dc"
pbsba8k,3,"batman, superman, dcu, reeves, want, universe, gunn, dc"
pbsb5jf,0,"like, just, don, people, think, really, know, make"
pbsb2rq,0,"like, just, don, people, think, really, know, make"
pbsaxc4,4,"good, movies, wonder, woman, wasn, looks, pretty, gal"
pbsar9i,3,"batman, superman, dcu, reeves, want, universe, gunn, dc"
pbsapoo,0,"like, just, don, people, think, really, know, make"
pbsak0c,0,"like, just, don, people, think, really, know, make"
pbsaj2m,4,"good, movies, wonder, woman, wasn, looks, pretty, gal"
pbsahyn,0,"like, just, don, people, think, really, know, make"
pbsagol,0,"like, just, don, people, think, really, know, make"
pbsaezf,4,"good, movies, wonder, woman, wasn, looks, pretty, gal"
pbsa9yf,0,"like, just, don, people, think, really, know, make"
pbsa4mc,0,"like, just, don, people, think, really, know, make"
pbsa02f,1,"hal, john, ring, lantern, green, sinestro, jordan, episode"
pbs9x1p,3,"batman, superman, dcu, reeves, want, universe, gunn, dc"
pbs9ty1,1,"hal, john, ring, lantern, green, sinestro, jordan, episode"
pbs9suz,0,"like, just, don, people, think, really, know, make"
pbs9q5e,0,"like, just, don, people, think, really, know, make"
pbs9onk,0,"like, just, don, people, think, really, know, make"
pbs9o84,3,"batman, superman, dcu, reeves, want, universe, gunn, dc"
pbs9nem,2,"movie, bad, superman, supergirl, best, great, wonder, gunn"
pbs9fwh,3,"batman, superman, dcu, reeves, want, universe, gunn, dc"
pbs9eg6,0,"like, just, don, people, think, really, know, make"
pbs9byz,1,"hal, john, ring, lantern, green, sinestro, jordan, episode"
pbs9b3c,0,"like, just, don, people, think, really, know, make"
pbs96tc,2,"movie, bad, superman, supergirl, best, great, wonder, gunn"
pbs94cy,0,"like, just, don, people, think, really, know, make"
pbs9330,3,"batman, superman, dcu, reeves, want, universe, gunn, dc"
pbs92tg,0,"like, just, don, people, think, really, know, make"
pbs91xk,0,"like, just, don, people, think, really, know, make"
pbs9176,0,"like, just, don, people, think, really, know, make"
pbs8wqc,2,"movie, bad, superman, supergirl, best, great, wonder, gunn"
pbs8qih,0,"like, just, don, people, think, really, know, make"
pbs8pps,1,"hal, john, ring, lantern, green, sinestro, jordan, episode"
pbs8lvo,4,"good, movies, wonder, woman, wasn, looks, pretty, gal"
pbs8ivb,0,"like, just, don, people, think, really, know, make"
pbs8i8g,0,"like, just, don, people, think, really, know, make"
pbs8gxb,4,"good, movies, wonder, woman, wasn, looks, pretty, gal"
pbs84u6,0,"like, just, don, people, think, really, know, make"
pbs7wji,2,"movie, bad, superman, supergirl, best, great, wonder, gunn"
pbs7qb7,3,"batman, superman, dcu, reeves, want, universe, gunn, dc"
pbs7q7k,2,"movie, bad, superman, supergirl, best, great, wonder, gunn"
pbs7phn,0,"like, just, don, people, think, really, know, make"
pbs7k5e,3,"batman, superman, dcu, reeves, want, universe, gunn, dc"
pbs7k1p,2,"movie, bad, superman, supergirl, best, great, wonder, gunn"
pbs7jh0,4,"good, movies, wonder, woman, wasn, looks, pretty, gal"
pbs7gaq,1,"hal, john, ring, lantern, green, sinestro, jordan, episode"
pbs7f0z,0,"like, just, don, people, think, really, know, make"
pbs78y6,0,"like, just, don, people, think, really, know, make"
pbs76ou,0,"like, just, don, people, think, really, know, make"
pbs6zo0,2,"movie, bad, superman, supergirl, best, great, wonder, gunn"
pbs6x6e,3,"batman, superman, dcu, reeves, want, universe, gunn, dc"
pbs6vog,0,"like, just, don, people, think, really, know, make"
pbs6r1w,3,"batman, superman, dcu, reeves, want, universe, gunn, dc"
pbs6fzg,2,"movie, bad, superman, supergirl, best, great, wonder, gunn"
pbs6fdw,1,"hal, john, ring, lantern, green, sinestro, jordan, episode"
pbs6c09,3,"batman, superman, dcu, reeves, want, universe, gunn, dc"
pbs63m5,0,"like, just, don, people, think, really, know, make"
pbs62xv,0,"like, just, don, people, think, really, know, make"
pbs5vq1,0,"like, just, don, people, think, really, know, make"
pbs5unh,3,"batman, superman, dcu, reeves, want, universe, gunn, dc"
pbs5tvr,2,"movie, bad, superman, supergirl, best, great, wonder, gunn"
pbs5st6,1,"hal, john, ring, lantern, green, sinestro, jordan, episode"
pbs5rrl,0,"like, just, don, people, think, really, know, make"
pbs5pwk,3,"batman, superman, dcu, reeves, want, universe, gunn, dc"
pbs5oyx,0,"like, just, don, people, think, really, know, make"
pbs5kb1,4,"good, movies, wonder, woman, wasn, looks, pretty, gal"
pbs5jn0,0,"like, just, don, people, think, really, know, make"
pbs5jlb,3,"batman, superman, dcu, reeves, want, universe, gunn, dc"
pbs5j8d,1,"hal, john, ring, lantern, green, sinestro, jordan, episode"
pbs5bdq,3,"batman, superman, dcu, reeves, want, universe, gunn, dc"
pbs59ep,4,"good, movies, wonder, woman, wasn, looks, pretty, gal"
pbs58jo,3,"batman, superman, dcu, reeves, want, universe, gunn, dc"
pbs571g,0,"like, just, don, people, think, really, know, make"
pbs562h,0,"like, just, don, people, think, really, know, make"
pbs55kw,2,"movie, bad, superman, supergirl, best, great, wonder, gunn"
pbs52f2,0,"like, just, don, people, think, really, know, make"
pbs4zy2,0,"like, just, don, people, think, really, know, make"
pbs4u38,3,"batman, superman, dcu, reeves, want, universe, gunn, dc"
pbs4t0y,0,"like, just, don, people, think, really, know, make"
pbs4sk5,3,"batman, superman, dcu, reeves, want, universe, gunn, dc"
pbs4rp6,0,"like, just, don, people, think, really, know, make"
pbs4nyi,2,"movie, bad, superman, supergirl, best, great, wonder, gunn"
pbs4mro,3,"batman, superman, dcu, reeves, want, universe, gunn, dc"
pbs4lyt,0,"like, just, don, people, think, really, know, make"
pbs4i80,1,"hal, john, ring, lantern, green, sinestro, jordan, episode"
pbs4ghe,4,"good, movies, wonder, woman, wasn, looks, pretty, gal"
pbs49to,4,"good, movies, wonder, woman, wasn, looks, pretty, gal"
pbs48v3,0,"like, just, don, people, think, really, know, make"
pbs48mz,0,"like, just, don, people, think, really, know, make"
pbs45mf,0,"like, just, don, people, think, really, know, make"
pbs44bz,3,"batman, superman, dcu, reeves, want, universe, gunn, dc"
pbs3ypm,1,"hal, john, ring, lantern, green, sinestro, jordan, episode"
pbs3xsu,1,"hal, john, ring, lantern, green, sinestro, jordan, episode"
pbs3xpd,0,"like, just, don, people, think, really, know, make"
pbs3vzq,2,"movie, bad, superman, supergirl, best, great, wonder, gunn"
pbs3vor,4,"good, movies, wonder, woman, wasn, looks, pretty, gal"
pbs3udk,2,"movie, bad, superman, supergirl, best, great, wonder, gunn"
pbs3tql,1,"hal, john, ring, lantern, green, sinestro, jordan, episode"
pbs3q6n,3,"batman, superman, dcu, reeves, want, universe, gunn, dc"
pbs3ovm,1,"hal, john, ring, lantern, green, sinestro, jordan, episode"
pbs3nn1,3,"batman, superman, dcu, reeves, want, universe, gunn, dc"
pbs3j1v,0,"like, just, don, people, think, really, know, make"
pbs3gkc,2,"movie, bad, superman, supergirl, best, great, wonder, gunn"
pbs3d5j,4,"good, movies, wonder, woman, wasn, looks, pretty, gal"
pbs35p2,0,"like, just, don, people, think, really, know, make"
pbs33t6,1,"hal, john, ring, lantern, green, sinestro, jordan, episode"
pbs333o,3,"batman, superman, dcu, reeves, want, universe, gunn, dc"
pbs3263,0,"like, just, don, people, think, really, know, make"
pbs312d,4,"good, movies, wonder, woman, wasn, looks, pretty, gal"
pbs2usx,0,"like, just, don, people, think, really, know, make"
pbs2sq7,0,"like, just, don, people, think, really, know, make"
pbs2m26,2,"movie, bad, superman, supergirl, best, great, wonder, gunn"
pbs2h2w,1,"hal, john, ring, lantern, green, sinestro, jordan, episode"
pbs2ebs,3,"batman, superman, dcu, reeves, want, universe, gunn, dc"
pbs2d13,3,"batman, superman, dcu, reeves, want, universe, gunn, dc"
pbs2cf0,4,"good, movies, wonder, woman, wasn, looks, pretty, gal"
pbs2bnd,0,"like, just, don, people, think, really, know, make"
pbs2b30,3,"batman, superman, dcu, reeves, want, universe, gunn, dc"
pbs27ct,0,"like, just, don, people, think, really, know, make"
pbs2489,0,"like, just, don, people, think, really, know, make"
pbs23b7,2,"movie, bad, superman, supergirl, best, great, wonder, gunn"
pbs238n,0,"like, just, don, people, think, really, know, make"
pbs1v45,0,"like, just, don, people, think, really, know, make"
pbs1u5g,3,"batman, superman, dcu, reeves, want, universe, gunn, dc"
pbs1tc6,1,"hal, john, ring, lantern, green, sinestro, jordan, episode"
pbs1rxi,3,"batman, superman, dcu, reeves, want, universe, gunn, dc"
pbs1p0k,0,"like, just, don, people, think, really, know, make"
pbs1o4g,0,"like, just, don, people, think, really, know, make"
pbs1k9z,0,"like, just, don, people, think, really, know, make"
pbs1j40,3,"batman, superman, dcu, reeves, want, universe, gunn, dc"
pbs1dnx,3,"batman, superman, dcu, reeves, want, universe, gunn, dc"
pbs1cml,3,"batman, superman, dcu, reeves, want, universe, gunn, dc"
pbs19nz,0,"like, just, don, people, think, really, know, make"
pbs17o8,0,"like, just, don, people, think, really, know, make"
pbs17hy,2,"movie, bad, superman, supergirl, best, great, wonder, gunn"
pbs15pb,1,"hal, john, ring, lantern, green, sinestro, jordan, episode"
pbs14v2,0,"like, just, don, people, think, really, know, make"
pbs0yti,0,"like, just, don, people, think, really, know, make"
pbs0xwb,0,"like, just, don, people, think, really, know, make"
pbs0ue3,3,"batman, superman, dcu, reeves, want, universe, gunn, dc"
pbs0s38,1,"hal, john, ring, lantern, green, sinestro, jordan, episode"
pbs0qd6,0,"like, just, don, people, think, really, know, make"
pbs0q08,0,"like, just, don, people, think, really, know, make"
pbs0mqn,3,"batman, superman, dcu, reeves, want, universe, gunn, dc"
pbs0l9w,0,"like, just, don, people, think, really, know, make"
pbs0kbh,0,"like, just, don, people, think, really, know, make"
pbs0ie1,1,"hal, john, ring, lantern, green, sinestro, jordan, episode"
pbs0h0n,0,"like, just, don, people, think, really, know, make"
pbs0gwt,3,"batman, superman, dcu, reeves, want, universe, gunn, dc"
pbs0g18,3,"batman, superman, dcu, reeves, want, universe, gunn, dc"
pbs0fos,0,"like, just, don, people, think, really, know, make"
pbs0fih,3,"batman, superman, dcu, reeves, want, universe, gunn, dc"
pbs0by3,0,"like, just, don, people, think, really, know, make"
pbs0bdp,1,"hal, john, ring, lantern, green, sinestro, jordan, episode"
pbs0alm,3,"batman, superman, dcu, reeves, want, universe, gunn, dc"
pbs0a6h,4,"good, movies, wonder, woman, wasn, looks, pretty, gal"
pbs09wd,3,"batman, superman, dcu, reeves, want, universe, gunn, dc"
pbs07jm,3,"batman, superman, dcu, reeves, want, universe, gunn, dc"
pbs04i6,3,"batman, superman, dcu, reeves, want, universe, gunn, dc"
pbs03jj,3,"batman, superman, dcu, reeves, want, universe, gunn, dc"
pbs02th,3,"batman, superman, dcu, reeves, want, universe, gunn, dc"
pbrzxtk,0,"like, just, don, people, think, really, know, make"
pbrzwwb,0,"like, just, don, people, think, really, know, make"
pbrzuxr,3,"batman, superman, dcu, reeves, want, universe, gunn, dc"
pbrzuj0,3,"batman, superman, dcu, reeves, want, universe, gunn, dc"
pbrztqq,1,"hal, john, ring, lantern, green, sinestro, jordan, episode"
pbrzqrn,1,"hal, john, ring, lantern, green, sinestro, jordan, episode"
pbrzqp0,3,"batman, superman, dcu, reeves, want, universe, gunn, dc"
pbrzo7s,3,"batman, superman, dcu, reeves, want, universe, gunn, dc"
pbrznug,1,"hal, john, ring, lantern, green, sinestro, jordan, episode"
pbrzmig,3,"batman, superman, dcu, reeves, want, universe, gunn, dc"
pbrzjnk,0,"like, just, don, people, think, really, know, make"
pbrzjel,0,"like, just, don, people, think, really, know, make"
pbrzh1z,1,"hal, john, ring, lantern, green, sinestro, jordan, episode"
pbrzdzl,3,"batman, superman, dcu, reeves, want, universe, gunn, dc"
pbrzaoa,0,"like, just, don, people, think, really, know, make"
pbrz9cb,0,"like, just, don, people, think, really, know, make"
pbrz8pr,0,"like, just, don, people, think, really, know, make"
pbrz4qe,1,"hal, john, ring, lantern, green, sinestro, jordan, episode"
pbrz321,0,"like, just, don, people, think, really, know, make"
pbrz2dq,0,"like, just, don, people, think, really, know, make"
pbryts2,3,"batman, superman, dcu, reeves, want, universe, gunn, dc"
pbrysq4,0,"like, just, don, people, think, really, know, make"
pbrys4p,0,"like, just, don, people, think, really, know, make"
pbryrqm,3,"batman, superman, dcu, reeves, want, universe, gunn, dc"
pbryqdc,0,"like, just, don, people, think, really, know, make"
pbrynyt,3,"batman, superman, dcu, reeves, want, universe, gunn, dc"
pbryn7e,0,"like, just, don, people, think, really, know, make"
pbryl23,0,"like, just, don, people, think, really, know, make"
pbryk7k,0,"like, just, don, people, think, really, know, make"
pbryipj,3,"batman, superman, dcu, reeves, want, universe, gunn, dc"
pbryi48,3,"batman, superman, dcu, reeves, want, universe, gunn, dc"
pbryfvw,1,"hal, john, ring, lantern, green, sinestro, jordan, episode"
pbryfsa,0,"like, just, don, people, think, really, know, make"
pbryd4y,3,"batman, superman, dcu, reeves, want, universe, gunn, dc"
pbry8xh,0,"like, just, don, people, think, really, know, make"
pbry7lk,3,"batman, superman, dcu, reeves, want, universe, gunn, dc"
pbry6zu,0,"like, just, don, people, think, really, know, make"
pbry2yz,3,"batman, superman, dcu, reeves, want, universe, gunn, dc"
pbry1n9,3,"batman, superman, dcu, reeves, want, universe, gunn, dc"
pbry1dt,4,"good, movies, wonder, woman, wasn, looks, pretty, gal"
pbrxvzq,2,"movie, bad, superman, supergirl, best, great, wonder, gunn"
pbrxux3,0,"like, just, don, people, think, really, know, make"
pbrxt8f,0,"like, just, don, people, think, really, know, make"
pbrxt30,3,"batman, superman, dcu, reeves, want, universe, gunn, dc"
pbrxrwf,0,"like, just, don, people, think, really, know, make"
pbrxrjp,0,"like, just, don, people, think, really, know, make"
pbrxmzs,3,"batman, superman, dcu, reeves, want, universe, gunn, dc"
pbrxm8l,0,"like, just, don, people, think, really, know, make"
pbrxlbo,0,"like, just, don, people, think, really, know, make"
pbrxjzw,3,"batman, superman, dcu, reeves, want, universe, gunn, dc"
pbrxi2t,0,"like, just, don, people, think, really, know, make"
pbrxhgt,2,"movie, bad, superman, supergirl, best, great, wonder, gunn"
pbrxh5u,3,"batman, superman, dcu, reeves, want, universe, gunn, dc"
pbrxgsl,3,"batman, superman, dcu, reeves, want, universe, gunn, dc"
pbrxg7a,1,"hal, john, ring, lantern, green, sinestro, jordan, episode"
pbrxe4a,2,"movie, bad, superman, supergirl, best, great, wonder, gunn"
pbrxdpy,3,"batman, superman, dcu, reeves, want, universe, gunn, dc"
pbrxcum,2,"movie, bad, superman, supergirl, best, great, wonder, gunn"
pbrxbi2,3,"batman, superman, dcu, reeves, want, universe, gunn, dc"
pbrxasv,4,"good, movies, wonder, woman, wasn, looks, pretty, gal"
pbrx8ne,3,"batman, superman, dcu, reeves, want, universe, gunn, dc"
pbrx8kp,0,"like, just, don, people, think, really, know, make"
pbrx8ii,0,"like, just, don, people, think, really, know, make"
pbrx6d1,1,"hal, john, ring, lantern, green, sinestro, jordan, episode"
pbrx4py,3,"batman, superman, dcu, reeves, want, universe, gunn, dc"
pbrwy80,1,"hal, john, ring, lantern, green, sinestro, jordan, episode"
pbrwvqu,0,"like, just, don, people, think, really, know, make"
pbrwsec,1,"hal, john, ring, lantern, green, sinestro, jordan, episode"
pbrwo7t,3,"batman, superman, dcu, reeves, want, universe, gunn, dc"
pbrwn4e,4,"good, movies, wonder, woman, wasn, looks, pretty, gal"
pbrwlv9,0,"like, just, don, people, think, really, know, make"
pbrwdwy,0,"like, just, don, people, think, really, know, make"
pbrwcgd,1,"hal, john, ring, lantern, green, sinestro, jordan, episode"
pbrw8zb,4,"good, movies, wonder, woman, wasn, looks, pretty, gal"
pbrw77u,0,"like, just, don, people, think, really, know, make"
pbrw766,0,"like, just, don, people, think, really, know, make"
pbrw61w,0,"like, just, don, people, think, really, know, make"
pbrw605,0,"like, just, don, people, think, really, know, make"
pbrw4aa,0,"like, just, don, people, think, really, know, make"
pbrw2go,1,"hal, john, ring, lantern, green, sinestro, jordan, episode"
pbrw168,0,"like, just, don, people, think, really, know, make"
pbrvys0,1,"hal, john, ring, lantern, green, sinestro, jordan, episode"
pbrvy38,2,"movie, bad, superman, supergirl, best, great, wonder, gunn"
pbrvxh3,0,"like, just, don, people, think, really, know, make"
pbrvuwe,3,"batman, superman, dcu, reeves, want, universe, gunn, dc"
pbrvujl,0,"like, just, don, people, think, really, know, make"
pbrvr7c,0,"like, just, don, people, think, really, know, make"
pbrvfha,1,"hal, john, ring, lantern, green, sinestro, jordan, episode"
pbrvb9i,0,"like, just, don, people, think, really, know, make"
pbrvapr,0,"like, just, don, people, think, really, know, make"
pbrvaef,0,"like, just, don, people, think, really, know, make"
pbrv9f5,3,"batman, superman, dcu, reeves, want, universe, gunn, dc"
pbrv63x,1,"hal, john, ring, lantern, green, sinestro, jordan, episode"
pbrv5lo,0,"like, just, don, people, think, really, know, make"
pbrv3ak,0,"like, just, don, people, think, really, know, make"
pbruvwy,1,"hal, john, ring, lantern, green, sinestro, jordan, episode"
pbruu6e,2,"movie, bad, superman, supergirl, best, great, wonder, gunn"
pbrurkg,2,"movie, bad, superman, supergirl, best, great, wonder, gunn"
pbruom0,3,"batman, superman, dcu, reeves, want, universe, gunn, dc"
pbrumyg,4,"good, movies, wonder, woman, wasn, looks, pretty, gal"
pbrulg9,2,"movie, bad, superman, supergirl, best, great, wonder, gunn"
pbrui4i,2,"movie, bad, superman, supergirl, best, great, wonder, gunn"
pbrudx9,0,"like, just, don, people, think, really, know, make"
pbru6yf,0,"like, just, don, people, think, really, know, make"
pbru214,4,"good, movies, wonder, woman, wasn, looks, pretty, gal"
pbrtnw8,2,"movie, bad, superman, supergirl, best, great, wonder, gunn"
pbrtkha,0,"like, just, don, people, think, really, know, make"
pbrthm5,0,"like, just, don, people, think, really, know, make"
pbrtdpj,0,"like, just, don, people, think, really, know, make"
pbrt84j,3,"batman, superman, dcu, reeves, want, universe, gunn, dc"
pbrt6ue,0,"like, just, don, people, think, really, know, make"
pbrt0bp,0,"like, just, don, people, think, really, know, make"
pbrszbe,0,"like, just, don, people, think, really, know, make"
pbrsrus,2,"movie, bad, superman, supergirl, best, great, wonder, gunn"
pbrsrgg,0,"like, just, don, people, think, really, know, make"
pbrspk6,2,"movie, bad, superman, supergirl, best, great, wonder, gunn"
pbrspl9,0,"like, just, don, people, think, really, know, make"
pbrsoep,1,"hal, john, ring, lantern, green, sinestro, jordan, episode"
pbrsmv0,0,"like, just, don, people, think, really, know, make"
pbrsj7q,0,"like, just, don, people, think, really, know, make"
pbrs8ad,2,"movie, bad, superman, supergirl, best, great, wonder, gunn"
pbrs2uo,1,"hal, john, ring, lantern, green, sinestro, jordan, episode"
pbrrz79,0,"like, just, don, people, think, really, know, make"
pbrryzc,1,"hal, john, ring, lantern, green, sinestro, jordan, episode"
pbrrwqt,0,"like, just, don, people, think, really, know, make"
pbrrvlt,0,"like, just, don, people, think, really, know, make"
pbrrtvl,0,"like, just, don, people, think, really, know, make"
pbrrr26,0,"like, just, don, people, think, really, know, make"
pbrrmo4,2,"movie, bad, superman, supergirl, best, great, wonder, gunn"
pbrrhxa,0,"like, just, don, people, think, really, know, make"
pbrrh48,0,"like, just, don, people, think, really, know, make"
pbrremc,3,"batman, superman, dcu, reeves, want, universe, gunn, dc"
pbrr3pm,0,"like, just, don, people, think, really, know, make"
pbrr2nt,2,"movie, bad, superman, supergirl, best, great, wonder, gunn"
pbrqyzj,0,"like, just, don, people, think, really, know, make"
pbrqxp4,1,"hal, john, ring, lantern, green, sinestro, jordan, episode"
pbrqvo9,0,"like, just, don, people, think, really, know, make"
pbrqm6o,3,"batman, superman, dcu, reeves, want, universe, gunn, dc"
pbrqk91,1,"hal, john, ring, lantern, green, sinestro, jordan, episode"
pbrqh9j,0,"like, just, don, people, think, really, know, make"
pbrqf6r,2,"movie, bad, superman, supergirl, best, great, wonder, gunn"
pbrqa8y,0,"like, just, don, people, think, really, know, make"
pbrq92k,3,"batman, superman, dcu, reeves, want, universe, gunn, dc"
pbrq7ru,3,"batman, superman, dcu, reeves, want, universe, gunn, dc"
pbrq67v,0,"like, just, don, people, think, really, know, make"
pbrq1s2,0,"like, just, don, people, think, really, know, make"
pbrq0xu,1,"hal, john, ring, lantern, green, sinestro, jordan, episode"
pbrq0eo,1,"hal, john, ring, lantern, green, sinestro, jordan, episode"
pbrpwjq,1,"hal, john, ring, lantern, green, sinestro, jordan, episode"
pbrpukm,3,"batman, superman, dcu, reeves, want, universe, gunn, dc"
pbrptqr,1,"hal, john, ring, lantern, green, sinestro, jordan, episode"
pbrptlb,0,"like, just, don, people, think, really, know, make"
pbrpqih,0,"like, just, don, people, think, really, know, make"
pbrppyn,2,"movie, bad, superman, supergirl, best, great, wonder, gunn"
pbrpoae,0,"like, just, don, people, think, really, know, make"
pbrpnqp,1,"hal, john, ring, lantern, green, sinestro, jordan, episode"
pbrpmxy,0,"like, just, don, people, think, really, know, make"
pbrplt3,2,"movie, bad, superman, supergirl, best, great, wonder, gunn"
pbrpl7t,3,"batman, superman, dcu, reeves, want, universe, gunn, dc"
pbrpkwt,4,"good, movies, wonder, woman, wasn, looks, pretty, gal"
pbrpklq,0,"like, just, don, people, think, really, know, make"
pbrpixk,0,"like, just, don, people, think, really, know, make"
pbrpigj,0,"like, just, don, people, think, really, know, make"
pbrpi58,0,"like, just, don, people, think, really, know, make"
pbrphzs,0,"like, just, don, people, think, really, know, make"
pbrphif,0,"like, just, don, people, think, really, know, make"
pbrpf59,3,"batman, superman, dcu, reeves, want, universe, gunn, dc"
pbrpf1b,0,"like, just, don, people, think, really, know, make"
pbrpdgb,2,"movie, bad, superman, supergirl, best, great, wonder, gunn"
pbrpclc,3,"batman, superman, dcu, reeves, want, universe, gunn, dc"
pbrpc92,0,"like, just, don, people, think, really, know, make"
pbrpbkd,0,"like, just, don, people, think, really, know, make"
pbrpai7,0,"like, just, don, people, think, really, know, make"
pbrp8n9,0,"like, just, don, people, think, really, know, make"
pbrp81m,0,"like, just, don, people, think, really, know, make"
pbrp5vy,3,"batman, superman, dcu, reeves, want, universe, gunn, dc"
pbrp50o,0,"like, just, don, people, think, really, know, make"
pbrp3kv,0,"like, just, don, people, think, really, know, make"
pbrp2fg,0,"like, just, don, people, think, really, know, make"
pbrowvv,0,"like, just, don, people, think, really, know, make"
pbrov19,0,"like, just, don, people, think, really, know, make"
pbrouxa,2,"movie, bad, superman, supergirl, best, great, wonder, gunn"
pbrotqv,3,"batman, superman, dcu, reeves, want, universe, gunn, dc"
pbrooq4,0,"like, just, don, people, think, really, know, make"
pbrooge,0,"like, just, don, people, think, really, know, make"
pbrongc,0,"like, just, don, people, think, really, know, make"
pbrokc2,0,"like, just, don, people, think, really, know, make"
pbroj12,0,"like, just, don, people, think, really, know, make"
pbroi6g,3,"batman, superman, dcu, reeves, want, universe, gunn, dc"
pbrocl4,0,"like, just, don, people, think, really, know, make"
pbrocjo,3,"batman, superman, dcu, reeves, want, universe, gunn, dc"
pbroara,0,"like, just, don, people, think, really, know, make"
pbro9ut,3,"batman, superman, dcu, reeves, want, universe, gunn, dc"
pbro8ax,0,"like, just, don, people, think, really, know, make"
pbro823,4,"good, movies, wonder, woman, wasn, looks, pretty, gal"
pbro7i1,0,"like, just, don, people, think, really, know, make"
pbro6h5,0,"like, just, don, people, think, really, know, make"
pbro35h,0,"like, just, don, people, think, really, know, make"
pbro1ng,2,"movie, bad, superman, supergirl, best, great, wonder, gunn"
pbro0fc,0,"like, just, don, people, think, really, know, make"
pbrnzjt,3,"batman, superman, dcu, reeves, want, universe, gunn, dc"
pbrny9e,1,"hal, john, ring, lantern, green, sinestro, jordan, episode"
pbrny6a,3,"batman, superman, dcu, reeves, want, universe, gunn, dc"
pbrnxy8,3,"batman, superman, dcu, reeves, want, universe, gunn, dc"
pbrnwrt,0,"like, just, don, people, think, really, know, make"
pbrnv0n,4,"good, movies, wonder, woman, wasn, looks, pretty, gal"
pbrnrtr,4,"good, movies, wonder, woman, wasn, looks, pretty, gal"
pbrnqsn,0,"like, just, don, people, think, really, know, make"
pbrnqmm,0,"like, just, don, people, think, really, know, make"
pbrnq2x,1,"hal, john, ring, lantern, green, sinestro, jordan, episode"
pbrnlqx,0,"like, just, don, people, think, really, know, make"
pbrnl06,0,"like, just, don, people, think, really, know, make"
pbrnj86,0,"like, just, don, people, think, really, know, make"
pbrnied,0,"like, just, don, people, think, really, know, make"
pbrnicc,0,"like, just, don, people, think, really, know, make"
pbrnibh,3,"batman, superman, dcu, reeves, want, universe, gunn, dc"
pbrni8w,0,"like, just, don, people, think, really, know, make"
pbrng6n,0,"like, just, don, people, think, really, know, make"
pbrnfo1,3,"batman, superman, dcu, reeves, want, universe, gunn, dc"
pbrnaqs,0,"like, just, don, people, think, really, know, make"
pbrn43d,2,"movie, bad, superman, supergirl, best, great, wonder, gunn"
pbrn3d9,1,"hal, john, ring, lantern, green, sinestro, jordan, episode"
pbrmwk9,0,"like, just, don, people, think, really, know, make"
pbrmv7i,3,"batman, superman, dcu, reeves, want, universe, gunn, dc"
pbrmv85,2,"movie, bad, superman, supergirl, best, great, wonder, gunn"
pbrmu0r,0,"like, just, don, people, think, really, know, make"
pbrmtz7,4,"good, movies, wonder, woman, wasn, looks, pretty, gal"
pbrmt2v,4,"good, movies, wonder, woman, wasn, looks, pretty, gal"
pbrmraf,2,"movie, bad, superman, supergirl, best, great, wonder, gunn"
pbrmpw1,0,"like, just, don, people, think, really, know, make"
pbrmmqn,0,"like, just, don, people, think, really, know, make"
pbrmmjh,0,"like, just, don, people, think, really, know, make"
pbrmkmq,0,"like, just, don, people, think, really, know, make"
pbrmkf4,0,"like, just, don, people, think, really, know, make"
pbrmfw2,0,"like, just, don, people, think, really, know, make"
pbrm95m,0,"like, just, don, people, think, really, know, make"
pbrm856,0,"like, just, don, people, think, really, know, make"
pbrm655,2,"movie, bad, superman, supergirl, best, great, wonder, gunn"
pbrm3hh,3,"batman, superman, dcu, reeves, want, universe, gunn, dc"
pbrm37n,3,"batman, superman, dcu, reeves, want, universe, gunn, dc"
pbrm371,3,"batman, superman, dcu, reeves, want, universe, gunn, dc"
pbrm25c,4,"good, movies, wonder, woman, wasn, looks, pretty, gal"
pbrm0lv,3,"batman, superman, dcu, reeves, want, universe, gunn, dc"
pbrm07x,0,"like, just, don, people, think, really, know, make"
pbrlzlg,1,"hal, john, ring, lantern, green, sinestro, jordan, episode"
pbrlzkq,0,"like, just, don, people, think, really, know, make"
pbrlwqi,0,"like, just, don, people, think, really, know, make"
pbrlwi0,3,"batman, superman, dcu, reeves, want, universe, gunn, dc"
pbrlv4n,0,"like, just, don, people, think, really, know, make"
pbrlr5j,0,"like, just, don, people, think, really, know, make"
pbrlqz0,0,"like, just, don, people, think, really, know, make"
pbrlq37,0,"like, just, don, people, think, really, know, make"
pbrlq1l,0,"like, just, don, people, think, really, know, make"
pbrlodp,0,"like, just, don, people, think, really, know, make"
pbrln70,0,"like, just, don, people, think, really, know, make"
pbrlh63,4,"good, movies, wonder, woman, wasn, looks, pretty, gal"
pbrlewq,1,"hal, john, ring, lantern, green, sinestro, jordan, episode"
pbrldec,0,"like, just, don, people, think, really, know, make"
pbrldcy,2,"movie, bad, superman, supergirl, best, great, wonder, gunn"
pbrlccl,1,"hal, john, ring, lantern, green, sinestro, jordan, episode"
pbrlbg7,0,"like, just, don, people, think, really, know, make"
pbrl64i,1,"hal, john, ring, lantern, green, sinestro, jordan, episode"
pbrkzpx,0,"like, just, don, people, think, really, know, make"
pbrknqg,2,"movie, bad, superman, supergirl, best, great, wonder, gunn"
pbrkn18,0,"like, just, don, people, think, really, know, make"
pbrkmdn,0,"like, just, don, people, think, really, know, make"
pbrkg3j,0,"like, just, don, people, think, really, know, make"
pbrkfru,0,"like, just, don, people, think, really, know, make"
pbrkbcj,1,"hal, john, ring, lantern, green, sinestro, jordan, episode"
pbrk65o,3,"batman, superman, dcu, reeves, want, universe, gunn, dc"
pbrk5bv,0,"like, just, don, people, think, really, know, make"
pbrk1sr,0,"like, just, don, people, think, really, know, make"
pbrk1bb,3,"batman, superman, dcu, reeves, want, universe, gunn, dc"
pbrjwcz,0,"like, just, don, people, think, really, know, make"
pbrjuq2,0,"like, just, don, people, think, really, know, make"
pbrjsuq,0,"like, just, don, people, think, really, know, make"
pbrjqrs,0,"like, just, don, people, think, really, know, make"
pbrjpd3,0,"like, just, don, people, think, really, know, make"
pbrjm1a,2,"movie, bad, superman, supergirl, best, great, wonder, gunn"
pbrjhs0,0,"like, just, don, people, think, really, know, make"
pbrjgxz,2,"movie, bad, superman, supergirl, best, great, wonder, gunn"
pbrjgdo,2,"movie, bad, superman, supergirl, best, great, wonder, gunn"
pbrjg47,3,"batman, superman, dcu, reeves, want, universe, gunn, dc"
pbrjbus,4,"good, movies, wonder, woman, wasn, looks, pretty, gal"
pbrj7m4,1,"hal, john, ring, lantern, green, sinestro, jordan, episode"
pbrj3ff,0,"like, just, don, people, think, really, know, make"
pbrj2m5,3,"batman, superman, dcu, reeves, want, universe, gunn, dc"
pbriyh8,0,"like, just, don, people, think, really, know, make"
pbrim5b,2,"movie, bad, superman, supergirl, best, great, wonder, gunn"
pbriejd,0,"like, just, don, people, think, really, know, make"
pbric6u,3,"batman, superman, dcu, reeves, want, universe, gunn, dc"
pbri5mn,0,"like, just, don, people, think, really, know, make"
pbri4k6,1,"hal, john, ring, lantern, green, sinestro, jordan, episode"
pbri2x5,0,"like, just, don, people, think, really, know, make"
pbri01p,0,"like, just, don, people, think, really, know, make"
pbrhzne,0,"like, just, don, people, think, really, know, make"
pbrhu83,0,"like, just, don, people, think, really, know, make"
pbrhsy0,3,"batman, superman, dcu, reeves, want, universe, gunn, dc"
pbrhrfd,3,"batman, superman, dcu, reeves, want, universe, gunn, dc"
pbrhqgu,0,"like, just, don, people, think, really, know, make"
pbrhplb,2,"movie, bad, superman, supergirl, best, great, wonder, gunn"
pbrholh,0,"like, just, don, people, think, really, know, make"
pbrhnyq,0,"like, just, don, people, think, really, know, make"
pbrhjv8,0,"like, just, don, people, think, really, know, make"
pbrhipt,1,"hal, john, ring, lantern, green, sinestro, jordan, episode"
pbrhg5l,0,"like, just, don, people, think, really, know, make"
pbrhfrk,0,"like, just, don, people, think, really, know, make"
pbrh8r7,2,"movie, bad, superman, supergirl, best, great, wonder, gunn"
pbrh72a,3,"batman, superman, dcu, reeves, want, universe, gunn, dc"
pbrh0xy,0,"like, just, don, people, think, really, know, make"
pbrgx3z,1,"hal, john, ring, lantern, green, sinestro, jordan, episode"
pbrgws4,2,"movie, bad, superman, supergirl, best, great, wonder, gunn"
pbrgqia,3,"batman, superman, dcu, reeves, want, universe, gunn, dc"
pbrgpmn,3,"batman, superman, dcu, reeves, want, universe, gunn, dc"
pbrgmg3,1,"hal, john, ring, lantern, green, sinestro, jordan, episode"
pbrgjwu,3,"batman, superman, dcu, reeves, want, universe, gunn, dc"
pbrgjl3,0,"like, just, don, people, think, really, know, make"
pbrgf4j,0,"like, just, don, people, think, really, know, make"
pbrgeq9,2,"movie, bad, superman, supergirl, best, great, wonder, gunn"
pbrgccn,1,"hal, john, ring, lantern, green, sinestro, jordan, episode"
pbrgb2f,0,"like, just, don, people, think, really, know, make"
pbrga0d,3,"batman, superman, dcu, reeves, want, universe, gunn, dc"
pbrg8z4,4,"good, movies, wonder, woman, wasn, looks, pretty, gal"
pbrg4w6,2,"movie, bad, superman, supergirl, best, great, wonder, gunn"
pbrg44b,1,"hal, john, ring, lantern, green, sinestro, jordan, episode"
pbrg2rc,0,"like, just, don, people, think, really, know, make"
pbrg2j8,3,"batman, superman, dcu, reeves, want, universe, gunn, dc"
pbrfz4y,0,"like, just, don, people, think, really, know, make"
pbrfykt,4,"good, movies, wonder, woman, wasn, looks, pretty, gal"
pbrfxov,3,"batman, superman, dcu, reeves, want, universe, gunn, dc"
pbrfvvs,0,"like, just, don, people, think, really, know, make"
pbrftl9,1,"hal, john, ring, lantern, green, sinestro, jordan, episode"
pbrfs1b,3,"batman, superman, dcu, reeves, want, universe, gunn, dc"
pbrfrz7,0,"like, just, don, people, think, really, know, make"
pbrfqjy,0,"like, just, don, people, think, really, know, make"
pbrfoec,0,"like, just, don, people, think, really, know, make"
pbrfitf,1,"hal, john, ring, lantern, green, sinestro, jordan, episode"
pbrfh7d,1,"hal, john, ring, lantern, green, sinestro, jordan, episode"
pbrfezr,0,"like, just, don, people, think, really, know, make"
pbrferj,3,"batman, superman, dcu, reeves, want, universe, gunn, dc"
pbrfen1,0,"like, just, don, people, think, really, know, make"
pbrfein,3,"batman, superman, dcu, reeves, want, universe, gunn, dc"
pbrfcn5,2,"movie, bad, superman, supergirl, best, great, wonder, gunn"
pbrfa0c,0,"like, just, don, people, think, really, know, make"
pbrf8vz,0,"like, just, don, people, think, really, know, make"
pbrf7qr,0,"like, just, don, people, think, really, know, make"
pbrf44i,3,"batman, superman, dcu, reeves, want, universe, gunn, dc"
pbrf2dz,1,"hal, john, ring, lantern, green, sinestro, jordan, episode"
pbrez60,2,"movie, bad, superman, supergirl, best, great, wonder, gunn"
pbrey6v,3,"batman, superman, dcu, reeves, want, universe, gunn, dc"
pbreuvb,3,"batman, superman, dcu, reeves, want, universe, gunn, dc"
pbret88,0,"like, just, don, people, think, really, know, make"
pbreofr,0,"like, just, don, people, think, really, know, make"
pbreku9,1,"hal, john, ring, lantern, green, sinestro, jordan, episode"
pbreb8d,0,"like, just, don, people, think, really, know, make"
pbre9a2,2,"movie, bad, superman, supergirl, best, great, wonder, gunn"
pbre90d,0,"like, just, don, people, think, really, know, make"
pbre6lv,0,"like, just, don, people, think, really, know, make"
pbre679,3,"batman, superman, dcu, reeves, want, universe, gunn, dc"
pbre5ye,1,"hal, john, ring, lantern, green, sinestro, jordan, episode"
pbre4q8,4,"good, movies, wonder, woman, wasn, looks, pretty, gal"
pbre37v,0,"like, just, don, people, think, really, know, make"
pbrdzt2,4,"good, movies, wonder, woman, wasn, looks, pretty, gal"
pbrdwlo,1,"hal, john, ring, lantern, green, sinestro, jordan, episode"
pbrdt8d,0,"like, just, don, people, think, really, know, make"
pbrdstk,0,"like, just, don, people, think, really, know, make"
pbrdrps,0,"like, just, don, people, think, really, know, make"
pbrdknk,0,"like, just, don, people, think, really, know, make"
pbrdinl,1,"hal, john, ring, lantern, green, sinestro, jordan, episode"
pbrdii9,0,"like, just, don, people, think, really, know, make"
pbrdi3l,0,"like, just, don, people, think, really, know, make"
pbrdej8,2,"movie, bad, superman, supergirl, best, great, wonder, gunn"
pbrd9wd,2,"movie, bad, superman, supergirl, best, great, wonder, gunn"
pbrd907,1,"hal, john, ring, lantern, green, sinestro, jordan, episode"
pbrd8bj,1,"hal, john, ring, lantern, green, sinestro, jordan, episode"
pbrd4pl,0,"like, just, don, people, think, really, know, make"
pbrcyin,4,"good, movies, wonder, woman, wasn, looks, pretty, gal"
pbrcmoh,0,"like, just, don, people, think, really, know, make"
pbrck0z,1,"hal, john, ring, lantern, green, sinestro, jordan, episode"
pbrci81,0,"like, just, don, people, think, really, know, make"
pbrcc9g,0,"like, just, don, people, think, really, know, make"
pbrc9tb,1,"hal, john, ring, lantern, green, sinestro, jordan, episode"
pbrc6kd,3,"batman, superman, dcu, reeves, want, universe, gunn, dc"
pbrc432,0,"like, just, don, people, think, really, know, make"
pbrbvov,3,"batman, superman, dcu, reeves, want, universe, gunn, dc"
pbrb9vf,3,"batman, superman, dcu, reeves, want, universe, gunn, dc"
pbrb9kk,2,"movie, bad, superman, supergirl, best, great, wonder, gunn"
pbrb8kc,0,"like, just, don, people, think, really, know, make"
pbrb6kr,4,"good, movies, wonder, woman, wasn, looks, pretty, gal"
pbrav19,0,"like, just, don, people, think, really, know, make"
pbrat4k,0,"like, just, don, people, think, really, know, make"
pbras0e,1,"hal, john, ring, lantern, green, sinestro, jordan, episode"
pbraou8,3,"batman, superman, dcu, reeves, want, universe, gunn, dc"
pbra5no,4,"good, movies, wonder, woman, wasn, looks, pretty, gal"
pbra5br,1,"hal, john, ring, lantern, green, sinestro, jordan, episode"
pbra55p,0,"like, just, don, people, think, really, know, make"
pbra415,1,"hal, john, ring, lantern, green, sinestro, jordan, episode"
pbr9zq5,0,"like, just, don, people, think, really, know, make"
pbr9w6p,1,"hal, john, ring, lantern, green, sinestro, jordan, episode"
pbr9vq8,0,"like, just, don, people, think, really, know, make"
pbr9uc1,0,"like, just, don, people, think, really, know, make"
pbr9u9z,1,"hal, john, ring, lantern, green, sinestro, jordan, episode"
pbr9m06,0,"like, just, don, people, think, really, know, make"
pbr9kr6,1,"hal, john, ring, lantern, green, sinestro, jordan, episode"
pbr9kps,0,"like, just, don, people, think, really, know, make"
pbr9hea,1,"hal, john, ring, lantern, green, sinestro, jordan, episode"
pbr9g0k,0,"like, just, don, people, think, really, know, make"
pbr9cne,0,"like, just, don, people, think, really, know, make"
pbr99xf,1,"hal, john, ring, lantern, green, sinestro, jordan, episode"
pbr99i5,1,"hal, john, ring, lantern, green, sinestro, jordan, episode"
pbr98cv,1,"hal, john, ring, lantern, green, sinestro, jordan, episode"
pbr8xyr,1,"hal, john, ring, lantern, green, sinestro, jordan, episode"
pbr8vr1,3,"batman, superman, dcu, reeves, want, universe, gunn, dc"
pbr8mya,0,"like, just, don, people, think, really, know, make"
pbr8ly9,0,"like, just, don, people, think, really, know, make"
pbr8kl7,4,"good, movies, wonder, woman, wasn, looks, pretty, gal"
pbr8jom,0,"like, just, don, people, think, really, know, make"
pbr8igk,2,"movie, bad, superman, supergirl, best, great, wonder, gunn"
pbr8f44,1,"hal, john, ring, lantern, green, sinestro, jordan, episode"
pbr8ek8,1,"hal, john, ring, lantern, green, sinestro, jordan, episode"
pbr83wo,1,"hal, john, ring, lantern, green, sinestro, jordan, episode"
pbr7tz7,0,"like, just, don, people, think, really, know, make"
pbr7m05,0,"like, just, don, people, think, really, know, make"
pbr7h77,0,"like, just, don, people, think, really, know, make"
pbr6yn5,0,"like, just, don, people, think, really, know, make"
pbr6wpm,0,"like, just, don, people, think, really, know, make"
pbr6sbc,0,"like, just, don, people, think, really, know, make"
pbr66kr,2,"movie, bad, superman, supergirl, best, great, wonder, gunn"
pbr5yno,0,"like, just, don, people, think, really, know, make"
pbr5vd9,0,"like, just, don, people, think, really, know, make"
pbr5v0g,0,"like, just, don, people, think, really, know, make"
pbr5qrc,0,"like, just, don, people, think, really, know, make"
pbr5kb3,1,"hal, john, ring, lantern, green, sinestro, jordan, episode"
pbr5ipm,0,"like, just, don, people, think, really, know, make"
pbr5bdn,1,"hal, john, ring, lantern, green, sinestro, jordan, episode"
pbr58vk,4,"good, movies, wonder, woman, wasn, looks, pretty, gal"
pbr54zr,0,"like, just, don, people, think, really, know, make"
pbr52dk,1,"hal, john, ring, lantern, green, sinestro, jordan, episode"
pbr50qv,0,"like, just, don, people, think, really, know, make"
pbr4y5z,0,"like, just, don, people, think, really, know, make"
pbr4xjq,1,"hal, john, ring, lantern, green, sinestro, jordan, episode"
pbr4rs6,1,"hal, john, ring, lantern, green, sinestro, jordan, episode"
pbr4rfx,0,"like, just, don, people, think, really, know, make"
pbr4n4x,0,"like, just, don, people, think, really, know, make"
pbr4lbn,3,"batman, superman, dcu, reeves, want, universe, gunn, dc"
pbr4kyi,0,"like, just, don, people, think, really, know, make"
pbr4gfq,3,"batman, superman, dcu, reeves, want, universe, gunn, dc"
pbr4fn1,0,"like, just, don, people, think, really, know, make"
pbr4e54,0,"like, just, don, people, think, really, know, make"
pbr49r0,1,"hal, john, ring, lantern, green, sinestro, jordan, episode"
pbr48rd,0,"like, just, don, people, think, really, know, make"
pbr46b0,0,"like, just, don, people, think, really, know, make"
pbr42lx,1,"hal, john, ring, lantern, green, sinestro, jordan, episode"
pbr41ty,2,"movie, bad, superman, supergirl, best, great, wonder, gunn"
pbr3yey,1,"hal, john, ring, lantern, green, sinestro, jordan, episode"
pbr3u7d,0,"like, just, don, people, think, really, know, make"
pbr3u3l,0,"like, just, don, people, think, really, know, make"
pbr3sos,0,"like, just, don, people, think, really, know, make"
pbr3rre,0,"like, just, don, people, think, really, know, make"
pbr3qx4,0,"like, just, don, people, think, really, know, make"
pbr3ohn,0,"like, just, don, people, think, really, know, make"
pbr3olb,2,"movie, bad, superman, supergirl, best, great, wonder, gunn"
pbr3nt3,3,"batman, superman, dcu, reeves, want, universe, gunn, dc"
pbr3k13,0,"like, just, don, people, think, really, know, make"
pbr3iyd,2,"movie, bad, superman, supergirl, best, great, wonder, gunn"
pbr3hmo,0,"like, just, don, people, think, really, know, make"
pbr3gx2,2,"movie, bad, superman, supergirl, best, great, wonder, gunn"
pbr3dsn,4,"good, movies, wonder, woman, wasn, looks, pretty, gal"
pbr3bbb,0,"like, just, don, people, think, really, know, make"
pbr3aus,1,"hal, john, ring, lantern, green, sinestro, jordan, episode"
pbr37dw,0,"like, just, don, people, think, really, know, make"
pbr33er,0,"like, just, don, people, think, really, know, make"
pbr327m,4,"good, movies, wonder, woman, wasn, looks, pretty, gal"
pbr31aa,0,"like, just, don, people, think, really, know, make"
pbr315c,1,"hal, john, ring, lantern, green, sinestro, jordan, episode"
pbr307r,1,"hal, john, ring, lantern, green, sinestro, jordan, episode"
pbr2yw8,0,"like, just, don, people, think, really, know, make"
pbr2wpk,1,"hal, john, ring, lantern, green, sinestro, jordan, episode"
pbr2ri0,1,"hal, john, ring, lantern, green, sinestro, jordan, episode"
pbr2qvy,1,"hal, john, ring, lantern, green, sinestro, jordan, episode"
pbr2otx,0,"like, just, don, people, think, really, know, make"
pbr2nlg,2,"movie, bad, superman, supergirl, best, great, wonder, gunn"
pbr2mdh,0,"like, just, don, people, think, really, know, make"
pbr2ker,0,"like, just, don, people, think, really, know, make"
pbr2igf,0,"like, just, don, people, think, really, know, make"
pbr2h7m,0,"like, just, don, people, think, really, know, make"
pbr2e8c,2,"movie, bad, superman, supergirl, best, great, wonder, gunn"
pbr2ck5,0,"like, just, don, people, think, really, know, make"
pbr2bil,0,"like, just, don, people, think, really, know, make"
pbr256n,1,"hal, john, ring, lantern, green, sinestro, jordan, episode"
pbr1yyn,0,"like, just, don, people, think, really, know, make"
pbr1ym4,1,"hal, john, ring, lantern, green, sinestro, jordan, episode"
pbr1xih,0,"like, just, don, people, think, really, know, make"
pbr1xdi,0,"like, just, don, people, think, really, know, make"
pbr1vfh,4,"good, movies, wonder, woman, wasn, looks, pretty, gal"
pbr1u0q,1,"hal, john, ring, lantern, green, sinestro, jordan, episode"
pbr1s0j,1,"hal, john, ring, lantern, green, sinestro, jordan, episode"
pbr1puz,0,"like, just, don, people, think, really, know, make"
pbr1plg,0,"like, just, don, people, think, really, know, make"
pbr1jzd,0,"like, just, don, people, think, really, know, make"
pbr1hdi,1,"hal, john, ring, lantern, green, sinestro, jordan, episode"
pbr1dw1,0,"like, just, don, people, think, really, know, make"
pbr16kh,1,"hal, john, ring, lantern, green, sinestro, jordan, episode"
pbr14xd,1,"hal, john, ring, lantern, green, sinestro, jordan, episode"
pbr123j,0,"like, just, don, people, think, really, know, make"
pbr111x,4,"good, movies, wonder, woman, wasn, looks, pretty, gal"
pbr10ai,0,"like, just, don, people, think, really, know, make"
pbr0yaw,3,"batman, superman, dcu, reeves, want, universe, gunn, dc"
pbr0uih,1,"hal, john, ring, lantern, green, sinestro, jordan, episode"
pbr0qt5,2,"movie, bad, superman, supergirl, best, great, wonder, gunn"
pbr0os3,0,"like, just, don, people, think, really, know, make"
pbr0njc,0,"like, just, don, people, think, really, know, make"
pbr0n6b,0,"like, just, don, people, think, really, know, make"
pbr0kd2,2,"movie, bad, superman, supergirl, best, great, wonder, gunn"
pbr0gi7,0,"like, just, don, people, think, really, know, make"
pbr09yd,0,"like, just, don, people, think, really, know, make"
pbr09n6,0,"like, just, don, people, think, really, know, make"
pbr04ve,0,"like, just, don, people, think, really, know, make"
pbr01ra,0,"like, just, don, people, think, really, know, make"
pbr00md,0,"like, just, don, people, think, really, know, make"
pbr00f5,0,"like, just, don, people, think, really, know, make"
pbqzzwa,0,"like, just, don, people, think, really, know, make"
pbqzxkz,0,"like, just, don, people, think, really, know, make"
pbqztj8,1,"hal, john, ring, lantern, green, sinestro, jordan, episode"
pbqzsoy,2,"movie, bad, superman, supergirl, best, great, wonder, gunn"
pbqzq1w,0,"like, just, don, people, think, really, know, make"
pbqzpfc,1,"hal, john, ring, lantern, green, sinestro, jordan, episode"
pbqzof1,1,"hal, john, ring, lantern, green, sinestro, jordan, episode"
pbqzek2,0,"like, just, don, people, think, really, know, make"
pbqz9nk,2,"movie, bad, superman, supergirl, best, great, wonder, gunn"
pbqz72g,1,"hal, john, ring, lantern, green, sinestro, jordan, episode"
pbqz6yx,0,"like, just, don, people, think, really, know, make"
pbqz4w9,0,"like, just, don, people, think, really, know, make"
pbqz0rw,1,"hal, john, ring, lantern, green, sinestro, jordan, episode"
pbqyz19,0,"like, just, don, people, think, really, know, make"
pbqyx9m,3,"batman, superman, dcu, reeves, want, universe, gunn, dc"
pbqywh6,0,"like, just, don, people, think, really, know, make"
pbqyum8,0,"like, just, don, people, think, really, know, make"
pbqyud7,1,"hal, john, ring, lantern, green, sinestro, jordan, episode"
pbqyt5r,1,"hal, john, ring, lantern, green, sinestro, jordan, episode"
pbqyqvl,0,"like, just, don, people, think, really, know, make"
pbqypt7,1,"hal, john, ring, lantern, green, sinestro, jordan, episode"
pbqyh79,1,"hal, john, ring, lantern, green, sinestro, jordan, episode"
pbqyglc,0,"like, just, don, people, think, really, know, make"
pbqyaej,1,"hal, john, ring, lantern, green, sinestro, jordan, episode"
pbqya8s,0,"like, just, don, people, think, really, know, make"
pbqy5i8,1,"hal, john, ring, lantern, green, sinestro, jordan, episode"
pbqy1d5,0,"like, just, don, people, think, really, know, make"
pbqxtef,0,"like, just, don, people, think, really, know, make"
pbqxsft,1,"hal, john, ring, lantern, green, sinestro, jordan, episode"
pbqxpsc,0,"like, just, don, people, think, really, know, make"
pbqxosv,0,"like, just, don, people, think, really, know, make"
pbqxnbp,3,"batman, superman, dcu, reeves, want, universe, gunn, dc"
pbqxk8u,3,"batman, superman, dcu, reeves, want, universe, gunn, dc"
pbqxbu8,0,"like, just, don, people, think, really, know, make"
pbqx20y,1,"hal, john, ring, lantern, green, sinestro, jordan, episode"
pbqwz4l,3,"batman, superman, dcu, reeves, want, universe, gunn, dc"
pbqw0ve,0,"like, just, don, people, think, really, know, make"
pbqw0bp,2,"movie, bad, superman, supergirl, best, great, wonder, gunn"
pbqvp4i,3,"batman, superman, dcu, reeves, want, universe, gunn, dc"
pbqvhld,1,"hal, john, ring, lantern, green, sinestro, jordan, episode"
pbqva22,0,"like, just, don, people, think, really, know, make"
pbqv27i,3,"batman, superman, dcu, reeves, want, universe, gunn, dc"
pbquxej,4,"good, movies, wonder, woman, wasn, looks, pretty, gal"
pbquo4h,2,"movie, bad, superman, supergirl, best, great, wonder, gunn"
pbqu2dz,0,"like, just, don, people, think, really, know, make"
pbqtrk2,0,"like, just, don, people, think, really, know, make"
pbqtqa6,3,"batman, superman, dcu, reeves, want, universe, gunn, dc"
pbqtm1r,0,"like, just, don, people, think, really, know, make"
pbqtko5,1,"hal, john, ring, lantern, green, sinestro, jordan, episode"
pbqtjof,1,"hal, john, ring, lantern, green, sinestro, jordan, episode"
pbqt6t2,0,"like, just, don, people, think, really, know, make"
pbqt56j,0,"like, just, don, people, think, really, know, make"
pbqt43l,3,"batman, superman, dcu, reeves, want, universe, gunn, dc"
pbqt04v,0,"like, just, don, people, think, really, know, make"
pbqsyyh,3,"batman, superman, dcu, reeves, want, universe, gunn, dc"
pbqsxcn,3,"batman, superman, dcu, reeves, want, universe, gunn, dc"
pbqswr8,0,"like, just, don, people, think, really, know, make"
pbqssux,1,"hal, john, ring, lantern, green, sinestro, jordan, episode"
pbqsrd1,0,"like, just, don, people, think, really, know, make"
pbqsoya,0,"like, just, don, people, think, really, know, make"
pbqshyb,2,"movie, bad, superman, supergirl, best, great, wonder, gunn"
pbqs0yl,1,"hal, john, ring, lantern, green, sinestro, jordan, episode"
pbqrst8,2,"movie, bad, superman, supergirl, best, great, wonder, gunn"
pbqrmx7,0,"like, just, don, people, think, really, know, make"
pbqrln1,0,"like, just, don, people, think, really, know, make"
pbqreqs,0,"like, just, don, people, think, really, know, make"
pbqre67,3,"batman, superman, dcu, reeves, want, universe, gunn, dc"
pbqr93f,3,"batman, superman, dcu, reeves, want, universe, gunn, dc"
pbqr7s9,0,"like, just, don, people, think, really, know, make"
pbqr5w8,1,"hal, john, ring, lantern, green, sinestro, jordan, episode"
pbqr0gt,0,"like, just, don, people, think, really, know, make"
pbqqzi1,1,"hal, john, ring, lantern, green, sinestro, jordan, episode"
pbqqxrx,0,"like, just, don, people, think, really, know, make"
pbqqw0c,2,"movie, bad, superman, supergirl, best, great, wonder, gunn"
pbqqowf,0,"like, just, don, people, think, really, know, make"
pbqqcpq,0,"like, just, don, people, think, really, know, make"
pbqq82x,3,"batman, superman, dcu, reeves, want, universe, gunn, dc"
pbqq7g3,0,"like, just, don, people, think, really, know, make"
pbqq2yx,2,"movie, bad, superman, supergirl, best, great, wonder, gunn"
pbqpytr,4,"good, movies, wonder, woman, wasn, looks, pretty, gal"
pbqpqzz,3,"batman, superman, dcu, reeves, want, universe, gunn, dc"
pbqpfpk,0,"like, just, don, people, think, really, know, make"
pbqowp4,0,"like, just, don, people, think, really, know, make"
pbqolva,4,"good, movies, wonder, woman, wasn, looks, pretty, gal"
pbqo9ik,4,"good, movies, wonder, woman, wasn, looks, pretty, gal"
pbqo8zi,1,"hal, john, ring, lantern, green, sinestro, jordan, episode"
pbqo6gw,2,"movie, bad, superman, supergirl, best, great, wonder, gunn"
pbqo5tk,1,"hal, john, ring, lantern, green, sinestro, jordan, episode"
pbqo46o,2,"movie, bad, superman, supergirl, best, great, wonder, gunn"
pbqo1fk,0,"like, just, don, people, think, really, know, make"
pbqo0iz,0,"like, just, don, people, think, really, know, make"
pbqnq6o,4,"good, movies, wonder, woman, wasn, looks, pretty, gal"
pbqnmau,0,"like, just, don, people, think, really, know, make"
pbqnb4z,0,"like, just, don, people, think, really, know, make"
pbqnb35,0,"like, just, don, people, think, really, know, make"
pbqn7tm,3,"batman, superman, dcu, reeves, want, universe, gunn, dc"
pbqmyue,3,"batman, superman, dcu, reeves, want, universe, gunn, dc"
pbqmv2k,3,"batman, superman, dcu, reeves, want, universe, gunn, dc"
pbqmuo9,0,"like, just, don, people, think, really, know, make"
pbqm65f,3,"batman, superman, dcu, reeves, want, universe, gunn, dc"
pbqlzm0,1,"hal, john, ring, lantern, green, sinestro, jordan, episode"
pbqlw46,3,"batman, superman, dcu, reeves, want, universe, gunn, dc"
pbqlpom,0,"like, just, don, people, think, really, know, make"
pbqlj8s,4,"good, movies, wonder, woman, wasn, looks, pretty, gal"
pbqkrk2,0,"like, just, don, people, think, really, know, make"
pbqkfwo,0,"like, just, don, people, think, really, know, make"
pbqkec9,0,"like, just, don, people, think, really, know, make"
pbqjqwm,1,"hal, john, ring, lantern, green, sinestro, jordan, episode"
pbqjpfd,0,"like, just, don, people, think, really, know, make"
pbqjp2p,2,"movie, bad, superman, supergirl, best, great, wonder, gunn"
pbqjlop,3,"batman, superman, dcu, reeves, want, universe, gunn, dc"
pbqjcd5,0,"like, just, don, people, think, really, know, make"
pbqj9ua,0,"like, just, don, people, think, really, know, make"
pbqj7z7,2,"movie, bad, superman, supergirl, best, great, wonder, gunn"
pbqj4w8,0,"like, just, don, people, think, really, know, make"
pbqj21v,2,"movie, bad, superman, supergirl, best, great, wonder, gunn"
pbqj00e,0,"like, just, don, people, think, really, know, make"
pbqivcp,0,"like, just, don, people, think, really, know, make"
pbqiuzd,0,"like, just, don, people, think, really, know, make"
pbqioo5,0,"like, just, don, people, think, really, know, make"
pbqim4n,0,"like, just, don, people, think, really, know, make"
pbqilyz,3,"batman, superman, dcu, reeves, want, universe, gunn, dc"
pbqidom,3,"batman, superman, dcu, reeves, want, universe, gunn, dc"
pbqi6kv,0,"like, just, don, people, think, really, know, make"
pbqi5oc,0,"like, just, don, people, think, really, know, make"
pbqhwdk,0,"like, just, don, people, think, really, know, make"
pbqhu7n,0,"like, just, don, people, think, really, know, make"
pbqhm5h,1,"hal, john, ring, lantern, green, sinestro, jordan, episode"
pbqgyji,0,"like, just, don, people, think, really, know, make"
pbqgpvx,0,"like, just, don, people, think, really, know, make"
pbqgp7i,4,"good, movies, wonder, woman, wasn, looks, pretty, gal"
pbqgldu,1,"hal, john, ring, lantern, green, sinestro, jordan, episode"
pbqgjyq,3,"batman, superman, dcu, reeves, want, universe, gunn, dc"
pbqgcp8,0,"like, just, don, people, think, really, know, make"
pbqg7v8,0,"like, just, don, people, think, really, know, make"
pbqg5go,0,"like, just, don, people, think, really, know, make"
pbqg3vt,0,"like, just, don, people, think, really, know, make"
pbqfv3k,0,"like, just, don, people, think, really, know, make"
pbqful0,1,"hal, john, ring, lantern, green, sinestro, jordan, episode"
pbqfk9x,4,"good, movies, wonder, woman, wasn, looks, pretty, gal"
